{
    "exp_name": "novelty_scirm_ref_7b",
    "model_name": "/data01/public/yangxin/small-paper/model/SciRM-Ref-7B",
    "dataset_file": "/data01/public/yangxin/small-paper/eval_data/prompted_novelty_data.json",
    "max_model_len": 16384,
    "max_tokens": 2048,
    "temp": 0.0,
    "top_p": 1.0,
    "rollout": 3,
    "batch_size": 4,
    "seed": 42,
    "enable_thinking": false,
    "output_path": "/data01/public/yangxin/small-paper/eval_data/eval_outputs",
    "recompute_from": "",
    "task": "novelty_eval_updated",
    "results": {
        "coherence": {
            "rollout_reward_dist": [
                {
                    "-0.5": 0,
                    "0.0": 0,
                    "0.25": 0,
                    "0.5": 14,
                    "1.5": 62
                },
                {
                    "-0.5": 0,
                    "0.0": 0,
                    "0.25": 0,
                    "0.5": 14,
                    "1.5": 62
                },
                {
                    "-0.5": 0,
                    "0.0": 0,
                    "0.25": 0,
                    "0.5": 14,
                    "1.5": 62
                }
            ],
            "rollout_sums": [
                100.0,
                100.0,
                100.0
            ],
            "rollout_means": [
                1.3157894736842106,
                1.3157894736842106,
                1.3157894736842106
            ],
            "rollout_stds": [
                0.39023160014840663,
                0.39023160014840663,
                0.39023160014840663
            ],
            "rollout_accuracy": [
                0.8157894736842105,
                0.8157894736842105,
                0.8157894736842105
            ],
            "rollout_f1": [
                0.888888888888889,
                0.888888888888889,
                0.888888888888889
            ],
            "rollout_macro_f1": [
                0.6752136752136753,
                0.6752136752136753,
                0.6752136752136753
            ],
            "rollout_weighted_f1": [
                0.7764282501124606,
                0.7764282501124606,
                0.7764282501124606
            ],
            "rollout_micro_f1": [
                0.8157894736842105,
                0.8157894736842105,
                0.8157894736842105
            ],
            "rollout_ten_class_accuracy": [
                0.8157894736842105,
                0.8157894736842105,
                0.8157894736842105
            ],
            "rollout_mse": [
                0.18421052631578946,
                0.18421052631578946,
                0.18421052631578946
            ],
            "rollout_pearson": [
                0.489897948556636,
                0.489897948556636,
                0.489897948556636
            ],
            "rollout_valid_rate": [
                1.0,
                1.0,
                1.0
            ],
            "rollout_corr_acc": [],
            "rollout_sig_acc": [],
            "rollout_evi_acc": [],
            "rollout_corr_n": [],
            "rollout_sig_n": [],
            "rollout_evi_n": [],
            "rollout_derived_ten_class_accuracy": [],
            "rollout_derived_ten_class_f1": [],
            "rollout_derived_ten_class_macro_f1": [],
            "rollout_derived_ten_class_reachable_accuracy": [],
            "rollout_derived_ten_class_reachable_n": [],
            "overall_aspect_reward_dist": {
                "-0.5": 0,
                "0.0": 0,
                "0.25": 0,
                "0.5": 42,
                "1.5": 186
            },
            "overall_aspect_reward_mean": 1.3157894736842106,
            "aspect_reward_mean_stds": 0.3902316001484067,
            "paper_metrics": {
                "accuracy": "0.8158 \u00b1 0.0000",
                "f1": "0.8889 \u00b1 0.0000",
                "macro_f1": "0.6752 \u00b1 0.0000",
                "weighted_f1": "0.7764 \u00b1 0.0000",
                "micro_f1": "0.8158 \u00b1 0.0000",
                "ten_class_accuracy": "0.8158 \u00b1 0.0000",
                "mse": "0.1842 \u00b1 0.0000",
                "pearson": "0.4899 \u00b1 0.0000"
            },
            "accuracy_mean": 0.8157894736842105,
            "accuracy_std": 0.0,
            "f1_mean": 0.888888888888889,
            "f1_std": 0.0,
            "macro_f1_mean": 0.6752136752136751,
            "macro_f1_std": 1.3597399555105182e-16,
            "weighted_f1_mean": 0.7764282501124606,
            "weighted_f1_std": 0.0,
            "micro_f1_mean": 0.8157894736842105,
            "micro_f1_std": 0.0,
            "ten_class_accuracy_mean": 0.8157894736842105,
            "ten_class_accuracy_std": 0.0,
            "mse_mean": 0.18421052631578946,
            "mse_std": 0.0,
            "pearson_mean": 0.489897948556636,
            "pearson_std": 0.0,
            "valid_rate_mean": 1.0
        },
        "whole_task": {
            "rollout_reward_dist": [
                {
                    "-0.5": 0,
                    "0.0": 0,
                    "0.25": 0,
                    "0.5": 14,
                    "1.5": 62
                },
                {
                    "-0.5": 0,
                    "0.0": 0,
                    "0.25": 0,
                    "0.5": 14,
                    "1.5": 62
                },
                {
                    "-0.5": 0,
                    "0.0": 0,
                    "0.25": 0,
                    "0.5": 14,
                    "1.5": 62
                }
            ],
            "rollout_sums": [
                100.0,
                100.0,
                100.0
            ],
            "rollout_means": [
                1.3157894736842106,
                1.3157894736842106,
                1.3157894736842106
            ],
            "rollout_stds": [
                0.39023160014840663,
                0.39023160014840663,
                0.39023160014840663
            ],
            "rollout_accuracy": [
                0.8157894736842105,
                0.8157894736842105,
                0.8157894736842105
            ],
            "rollout_f1": [
                0.888888888888889,
                0.888888888888889,
                0.888888888888889
            ],
            "rollout_macro_f1": [
                0.6752136752136753,
                0.6752136752136753,
                0.6752136752136753
            ],
            "rollout_weighted_f1": [
                0.7764282501124606,
                0.7764282501124606,
                0.7764282501124606
            ],
            "rollout_micro_f1": [
                0.8157894736842105,
                0.8157894736842105,
                0.8157894736842105
            ],
            "rollout_ten_class_accuracy": [
                0.8157894736842105,
                0.8157894736842105,
                0.8157894736842105
            ],
            "rollout_mse": [
                0.18421052631578946,
                0.18421052631578946,
                0.18421052631578946
            ],
            "rollout_pearson": [
                0.489897948556636,
                0.489897948556636,
                0.489897948556636
            ],
            "rollout_valid_rate": [
                1.0,
                1.0,
                1.0
            ],
            "rollout_corr_acc": [],
            "rollout_sig_acc": [],
            "rollout_evi_acc": [],
            "rollout_corr_n": [],
            "rollout_sig_n": [],
            "rollout_evi_n": [],
            "rollout_derived_ten_class_accuracy": [],
            "rollout_derived_ten_class_f1": [],
            "rollout_derived_ten_class_macro_f1": [],
            "rollout_derived_ten_class_reachable_accuracy": [],
            "rollout_derived_ten_class_reachable_n": [],
            "overall_task_reward_dist": {
                "-0.5": 0,
                "0.0": 0,
                "0.25": 0,