{
  "exp_name": "rw_gen_positioning_type_lora_ckpt615",
  "backend": "vllm-merged",
  "model_name": "/data01/public/yangxin/small-paper/model/Qwen3-4B",
  "adapter": "/data01/public/yangxin/small-paper/train_outputs/lora/rw_gen_coherence/rw_gen_coherence#qwen3_4b#distill_deepseek-v4-pro__seed42__20260720T072305Z/checkpoints/checkpoint-615",
  "merged_model": "/data01/public/yangxin/small-paper/eval_data/.merged_models/a90207a0e8de2262",
  "dataset_file": "/data01/public/yangxin/small-paper/test_data/prompted_rw_gen_positioning_type_data.json",
  "seed": 42,
  "rollout": 1,
  "temp": 0.0,
  "top_p": 1.0,
  "max_model_len": 8192,
  "max_tokens": 512,
  "batch_size": 64,
  "gpu_memory_utilization": 0.9,
  "enable_thinking": false,
  "finished_at_utc": "2026-07-20T13:08:24.595839+00:00",
  "aggregate": {
    "samples": 204,
    "accuracy": 0.7745098039215687,
    "macro_f1": 0.770180250783699,
    "format_valid_rate": 1.0,
    "per_class": {
      "0": {
        "precision": 0.96875,
        "recall": 0.6838235294117647,
        "f1": 0.8017241379310345,
        "support": 136
      },
      "1": {
        "precision": 0.6018518518518519,
        "recall": 0.9558823529411765,
        "f1": 0.7386363636363636,
        "support": 68
      }
    }
  },
  "rollouts": [
    {
      "samples": 204,
      "accuracy": 0.7745098039215687,
      "macro_f1": 0.770180250783699,
      "format_valid_rate": 1.0,
      "per_class": {
        "0": {
          "precision": 0.96875,
          "recall": 0.6838235294117647,
          "f1": 0.8017241379310345,
          "support": 136
        },
        "1": {
          "precision": 0.6018518518518519,
          "recall": 0.9558823529411765,
          "f1": 0.7386363636363636,
          "support": 68
        }
      },
      "elapsed_sec": 25.416,
      "samples_per_sec": 8.026
    }
  ]
}
