{
    "exp_name": "peerreview_abs_only_qwen25_7b",
    "model_name": "/data01/public/yangxin/small-paper/model/Qwen2.5-7B-Instruct",
    "dataset_file": "/data01/public/yangxin/small-paper/data/peerreview-bench/peerreview-bench_abs_only/prompted_meta_reviewer_abs_only.json",
    "max_model_len": 16384,
    "max_tokens": 2048,
    "temp": 0.0,
    "top_p": 1.0,
    "rollout": 1,
    "batch_size": 1,
    "enable_thinking": false,
    "output_path": "/data01/public/yangxin/small-paper/data/eval_outputs",
    "recompute_from": "",
    "task": "meta_reviewer_eval",
    "results": {
        "cascade_10way": {
            "rollout_reward_dist": [
                {
                    "-0.5": 0,
                    "0.0": 0,
                    "0.25": 0,
                    "0.5": 413,
                    "1.5": 103
                }
            ],
            "rollout_sums": [
                361.0
            ],
            "rollout_means": [
                0.6996124031007752
            ],
            "rollout_stds": [
                0.4000968874908239
            ],
            "rollout_accuracy": [
                0.1996124031007752
            ],
            "rollout_f1": [
                0.06785829625321459
            ],
            "rollout_macro_f1": [
                0.06785829625321459
            ],
            "rollout_weighted_f1": [
                0.1746651390463487
            ],
            "rollout_micro_f1": [
                0.1996124031007752
            ],
            "rollout_ten_class_accuracy": [
                0.1996124031007752
            ],
            "rollout_mse": [
                25.614341085271317
            ],
            "rollout_pearson": [
                -0.10124398182315356
            ],
            "rollout_valid_rate": [
                1.0
            ],
            "overall_aspect_reward_dist": {
                "-0.5": 0,
                "0.0": 0,
                "0.25": 0,
                "0.5": 413,
                "1.5": 103
            },
            "overall_aspect_reward_mean": 0.6996124031007752,
            "aspect_reward_mean_stds": 0.4000968874908239,
            "accuracy_mean": 0.1996124031007752,
            "accuracy_std": 0.0,
            "f1_mean": 0.06785829625321459,
            "f1_std": 0.0,
            "macro_f1_mean": 0.06785829625321459,
            "macro_f1_std": 0.0,
            "weighted_f1_mean": 0.1746651390463487,
            "weighted_f1_std": 0.0,
            "micro_f1_mean": 0.1996124031007752,
            "micro_f1_std": 0.0,
            "ten_class_accuracy_mean": 0.1996124031007752,
            "ten_class_accuracy_std": 0.0,
            "mse_mean": 25.614341085271317,
            "mse_std": 0.0,
            "pearson_mean": -0.10124398182315356,
            "pearson_std": 0.0,
            "valid_rate_mean": 1.0,
            "paper_metrics": {
                "accuracy": "0.1996 \u00b1 0.0000",
                "f1": "0.0679 \u00b1 0.0000",
                "macro_f1": "0.0679 \u00b1 0.0000",
                "weighted_f1": "0.1747 \u00b1 0.0000",
                "micro_f1": "0.1996 \u00b1 0.0000",
                "ten_class_accuracy": "0.1996 \u00b1 0.0000",
                "mse": "25.6143 \u00b1 0.0000",
                "pearson": "-0.1012 \u00b1 0.0000"
            },
            "peerreview_task2_metrics": {
                "accuracy": "0.1996 \u00b1 0.0000",
                "f1": "0.0679 \u00b1 0.0000",
                "ten_class_accuracy": "0.1996 \u00b1 0.0000",
                "macro_f1": "0.0679 \u00b1 0.0000"
            }
        },
        "whole_task": {
            "rollout_reward_dist": [
                {
                    "-0.5": 0,
                    "0.0": 0,
                    "0.25": 0,
                    "0.5": 413,
                    "1.5": 103
                }
            ],
            "rollout_sums": [
                361.0
            ],
            "rollout_means": [
                0.6996124031007752
            ],
            "rollout_stds": [
                0.4000968874908239
            ],
            "rollout_accuracy": [
                0.1996124031007752
            ],
            "rollout_f1": [
                0.06785829625321459
            ],
            "rollout_macro_f1": [
                0.06785829625321459
            ],
            "rollout_weighted_f1": [
                0.1746651390463487
            ],
            "rollout_micro_f1": [
                0.1996124031007752
            ],
            "rollout_ten_class_accuracy": [
                0.1996124031007752
            ],
            "rollout_mse": [
                25.614341085271317
            ],
            "rollout_pearson": [
                -0.10124398182315356
            ],
            "rollout_valid_rate": [
                1.0
            ],
            "overall_task_reward_dist": {
                "-0.5": 0,
                "0.0": 0,
                "0.25": 0,
                "0.5": 413,
                "1.5": 103
            },
            "overall_task_reward_mean": 0.6996124031007752,
            "task_reward_mean_stds": 0.4000968874908239,
            "accuracy_mean": 0.1996124031007752,
            "accuracy_std": 0.0,
            "f1_mean": 0.06785829625321459,
            "f1_std": 0.0,
            "macro_f1_mean": 0.06785829625321459,
            "macro_f1_std": 0.0,
            "weighted_f1_mean": 0.1746651390463487,
            "weighted_f1_std": 0.0,
            "micro_f1_mean": 0.1996124031007752,
            "micro_f1_std": 0.0,
            "ten_class_accuracy_mean": 0.1996124031007752,
            "ten_class_accuracy_std": 0.0,
            "mse_mean": 25.614341085271317,
            "mse_std": 0.0,
            "pearson_mean": -0.10124398182315356,
            "pearson_std": 0.0,
            "valid_rate_mean": 1.0,
            "paper_metrics": {
                "accuracy": "0.1996 \u00b1 0.0000",
                "f1": "0.0679 \u00b1 0.0000",
                "macro_f1": "0.0679 \u00b1 0.0000",
                "weighted_f1": "0.1747 \u00b1 0.0000",
                "micro_f1": "0.1996 \u00b1 0.0000",
                "ten_class_accuracy": "0.1996 \u00b1 0.0000",
                "mse": "25.6143 \u00b1 0.0000",
                "pearson": "-0.1012 \u00b1 0.0000"
            },
            "peerreview_task2_metrics": {
                "accuracy": "0.1996 \u00b1 0.0000",
                "f1": "0.0679 \u00b1 0.0000",
                "ten_class_accuracy": "0.1996 \u00b1 0.0000",
                "macro_f1": "0.0679 \u00b1 0.0000"
            }
        }
    }
}