{
  "exp_name": "rw_gen_positioning_check_lora_ckpt615",
  "backend": "vllm-merged",
  "model_name": "/data01/public/yangxin/small-paper/model/Qwen3-4B",
  "adapter": "/data01/public/yangxin/small-paper/train_outputs/lora/rw_gen_coherence/rw_gen_coherence#qwen3_4b#distill_deepseek-v4-pro__seed42__20260720T072305Z/checkpoints/checkpoint-615",
  "merged_model": "/data01/public/yangxin/small-paper/eval_data/.merged_models/a90207a0e8de2262",
  "dataset_file": "/data01/public/yangxin/small-paper/test_data/prompted_rw_gen_positioning_check_data.json",
  "seed": 42,
  "rollout": 1,
  "temp": 0.0,
  "top_p": 1.0,
  "max_model_len": 8192,
  "max_tokens": 512,
  "batch_size": 64,
  "gpu_memory_utilization": 0.9,
  "enable_thinking": false,
  "finished_at_utc": "2026-07-20T13:14:00.402625+00:00",
  "aggregate": {
    "samples": 605,
    "accuracy": 0.9272727272727272,
    "macro_f1": 0.9403302716603117,
    "format_valid_rate": 0.9702479338842975,
    "per_class": {
      "0": {
        "precision": 0.9695121951219512,
        "recall": 0.9271137026239067,
        "f1": 0.9478390461997019,
        "support": 343
      },
      "1": {
        "precision": 0.9382239382239382,
        "recall": 0.9274809160305344,
        "f1": 0.9328214971209214,
        "support": 262
      }
    }
  },
  "rollouts": [
    {
      "samples": 605,
      "accuracy": 0.9272727272727272,
      "macro_f1": 0.9403302716603117,
      "format_valid_rate": 0.9702479338842975,
      "per_class": {
        "0": {
          "precision": 0.9695121951219512,
          "recall": 0.9271137026239067,
          "f1": 0.9478390461997019,
          "support": 343
        },
        "1": {
          "precision": 0.9382239382239382,
          "recall": 0.9274809160305344,
          "f1": 0.9328214971209214,
          "support": 262
        }
      },
      "elapsed_sec": 43.236,
      "samples_per_sec": 13.993
    }
  ]
}
