{
    "exp_name": "novelty_qwen25_3b",
    "model_name": "/data01/public/yangxin/small-paper/model/Qwen2.5-3B-Instruct",
    "dataset_file": "/data01/public/yangxin/small-paper/eval_data/prompted_novelty_data.json",
    "max_model_len": 16384,
    "max_tokens": 2048,
    "temp": 0.0,
    "top_p": 1.0,
    "rollout": 3,
    "batch_size": 4,
    "seed": 42,
    "enable_thinking": false,
    "output_path": "/data01/public/yangxin/small-paper/eval_data/eval_outputs",
    "recompute_from": "",
    "task": "novelty_eval_updated",
    "results": {
        "coherence": {
            "rollout_reward_dist": [
                {
                    "-0.5": 0,
                    "0.0": 0,
                    "0.25": 0,
                    "0.5": 47,
                    "1.5": 29
                },
                {
                    "-0.5": 0,
                    "0.0": 0,
                    "0.25": 0,
                    "0.5": 45,
                    "1.5": 31
                },
                {
                    "-0.5": 0,
                    "0.0": 0,
                    "0.25": 0,
                    "0.5": 45,
                    "1.5": 31
                }
            ],
            "rollout_sums": [
                67.0,
                69.0,
                69.0
            ],
            "rollout_means": [
                0.881578947368421,
                0.9078947368421053,
                0.9078947368421053
            ],
            "rollout_stds": [
                0.4890018476627097,
                0.4947088457924147,
                0.4947088457924147
            ],
            "rollout_accuracy": [
                0.3815789473684211,
                0.40789473684210525,
                0.40789473684210525
            ],
            "rollout_f1": [
                0.3380281690140845,
                0.3835616438356164,
                0.3835616438356164
            ],
            "rollout_macro_f1": [
                0.3788906277169188,
                0.40697069533552976,
                0.40697069533552976
            ],
            "rollout_weighted_f1": [
                0.35953472622610255,
                0.39588219725662344,
                0.39588219725662344
            ],
            "rollout_micro_f1": [
                0.3815789473684211,
                0.40789473684210525,
                0.40789473684210525
            ],
            "rollout_ten_class_accuracy": [
                0.3815789473684211,
                0.40789473684210525,
                0.40789473684210525
            ],
            "rollout_mse": [
                0.618421052631579,
                0.5921052631578947,
                0.5921052631578947
            ],
            "rollout_pearson": [
                0.07112347017242397,
                0.1056716636497433,
                0.1056716636497433
            ],
            "rollout_valid_rate": [
                1.0,
                1.0,
                1.0
            ],
            "rollout_corr_acc": [],
            "rollout_sig_acc": [],
            "rollout_evi_acc": [],
            "rollout_corr_n": [],
            "rollout_sig_n": [],
            "rollout_evi_n": [],
            "rollout_derived_ten_class_accuracy": [],
            "rollout_derived_ten_class_f1": [],
            "rollout_derived_ten_class_macro_f1": [],
            "rollout_derived_ten_class_reachable_accuracy": [],
            "rollout_derived_ten_class_reachable_n": [],
            "overall_aspect_reward_dist": {
                "-0.5": 0,
                "0.0": 0,
                "0.25": 0,
                "0.5": 137,
                "1.5": 91
            },
            "overall_aspect_reward_mean": 0.899122807017544,
            "aspect_reward_mean_stds": 0.49280651308251305,
            "paper_metrics": {
                "accuracy": "0.3991 \u00b1 0.0152",
                "f1": "0.3684 \u00b1 0.0263",
                "macro_f1": "0.3976 \u00b1 0.0162",
                "weighted_f1": "0.3838 \u00b1 0.0210",
                "micro_f1": "0.3991 \u00b1 0.0152",
                "ten_class_accuracy": "0.3991 \u00b1 0.0152",
                "mse": "0.6009 \u00b1 0.0152",
                "pearson": "0.0942 \u00b1 0.0199"
            },
            "accuracy_mean": 0.3991228070175439,
            "accuracy_std": 0.015193428136569083,
            "f1_mean": 0.3683838188951058,
            "f1_std": 0.0262887639453505,
            "macro_f1_mean": 0.39761067279599277,
            "macro_f1_std": 0.016212034598467946,
            "weighted_f1_mean": 0.38376637357978316,
            "weighted_f1_std": 0.020985222183833356,
            "micro_f1_mean": 0.3991228070175439,
            "micro_f1_std": 0.015193428136569083,
            "ten_class_accuracy_mean": 0.3991228070175439,
            "ten_class_accuracy_std": 0.015193428136569083,
            "mse_mean": 0.6008771929824561,
            "mse_std": 0.015193428136569147,
            "pearson_mean": 0.09415559915730352,
            "pearson_std": 0.019946408804145586,
            "valid_rate_mean": 1.0
        },
        "whole_task": {
            "rollout_reward_dist": [
                {
                    "-0.5": 0,
                    "0.0": 0,
                    "0.25": 0,
                    "0.5": 47,
                    "1.5": 29
                },
                {
                    "-0.5": 0,
                    "0.0": 0,
                    "0.25": 0,
                    "0.5": 45,
                    "1.5": 31
                },
                {
                    "-0.5": 0,
                    "0.0": 0,
                    "0.25": 0,
                    "0.5": 45,
                    "1.5": 31
                }
            ],
            "rollout_sums": [
                67.0,
                69.0,
                69.0
            ],
            "rollout_means": [
                0.881578947368421,
                0.9078947368421053,
                0.9078947368421053
            ],
            "rollout_stds": [
                0.4890018476627097,
                0.4947088457924147,
                0.4947088457924147
            ],
            "rollout_accuracy": [
                0.3815789473684211,
                0.40789473684210525,
                0.40789473684210525
            ],
            "rollout_f1": [
                0.3380281690140845,
                0.3835616438356164,
                0.3835616438356164
            ],
            "rollout_macro_f1": [
                0.3788906277169188,
                0.40697069533552976,
                0.40697069533552976
            ],
            "rollout_weighted_f1": [
                0.35953472622610255,
                0.39588219725662344,
                0.39588219725662344
            ],
            "rollout_micro_f1": [
                0.3815789473684211,
                0.40789473684210525,
                0.40789473684210525
            ],
            "rollout_ten_class_accuracy": [
                0.3815789473684211,
                0.40789473684210525,
                0.40789473684210525
            ],
            "rollout_mse": [
                0.618421052631579,
                0.5921052631578947,
                0.5921052631578947
            ],
            "rollout_pearson": [
                0.07112347017242397,
                0.1056716636497433,
                0.1056716636497433
            ],
            "rollout_valid_rate": [
                1.0,
                1.0,
                1.0
            ],
            "rollout_corr_acc": [],
            "rollout_sig_acc": [],
            "rollout_evi_acc": [],
            "rollout_corr_n": [],
            "rollout_sig_n": [],
            "rollout_evi_n": [],
            "rollout_derived_ten_class_accuracy": [],
            "rollout_derived_ten_class_f1": [],
            "rollout_derived_ten_class_macro_f1": [],
            "rollout_derived_ten_class_reachable_accuracy": [],
            "rollout_derived_ten_class_reachable_n": [],