
[2026-09-20T13:14:16.506927+00:00] + /root/miniconda3/bin/python scripts/train.py --config configs/training/training-0.6B/rev_util_actionability/paper_align.yaml --seed 43 --fresh
[transformers] `torch_dtype` is deprecated! Use `dtype` instead!

Loading weights:   0%|          | 0/311 [00:00<?, ?it/s]
Loading weights:  91%|█████████ | 283/311 [00:00<00:00, 2828.36it/s]
Loading weights: 100%|██████████| 311/311 [00:00<00:00, 3002.56it/s]
[transformers] warmup_ratio is deprecated and will be removed in v5.2. Use `warmup_steps` instead.
[transformers] `logging_dir` is deprecated and will be removed in v5.2. Please set `TENSORBOARD_LOGGING_DIR` instead.
2026-09-20 21:14:33,305 WARNING [RANK 0] Detected kernel version 5.4.0, which is below the recommended minimum of 5.5.0; this can cause the process to hang. It is recommended to upgrade the kernel to the minimum version or higher.
2026-09-20 21:14:33,613 INFO [rev_util_actionability|paper_align|Qwen3-0.6B] Starting fresh run rev_util_actionability#qwen3_0.6b#paper_align__seed43__2026-09-20_21-14-25 seed=43 train=1609 val=179 scores=[1, 2, 3, 4, 5] method=paper_align
2026-09-20 21:14:33,613 INFO [rev_util_actionability|paper_align|Qwen3-0.6B] Trainable parameters=10092544 (1.6650%); save_strategy=epoch; retaining final checkpoint only
[transformers] The tokenizer has new PAD/BOS/EOS tokens that differ from the model config and generation config. The model config and generation config were aligned accordingly, being updated with the tokenizer's values. Updated tokens: {'bos_token_id': None, 'pad_token_id': 151643}.

  0%|          | 0/606 [00:00<?, ?it/s]2026-09-20 21:14:34,488 INFO [rev_util_actionability|paper_align|Qwen3-0.6B] step=0 epoch=0

                                       

  0%|          | 0/606 [00:00<?, ?it/s]2026-09-20 21:14:35,160 INFO [rev_util_actionability|paper_align|Qwen3-0.6B] step=0 epoch=0

                                       

  0%|          | 0/606 [00:01<?, ?it/s]2026-09-20 21:14:35,662 INFO [rev_util_actionability|paper_align|Qwen3-0.6B] step=0 epoch=0

                                       

  0%|          | 0/606 [00:01<?, ?it/s]2026-09-20 21:14:36,146 INFO [rev_util_actionability|paper_align|Qwen3-0.6B] step=0 epoch=0

                                       

  0%|          | 0/606 [00:02<?, ?it/s]
  0%|          | 1/606 [00:02<26:58,  2.67s/it]2026-09-20 21:14:36,718 INFO [rev_util_actionability|paper_align|Qwen3-0.6B] step=1 epoch=0.0050

                                               

  0%|          | 1/606 [00:02<26:58,  2.67s/it]2026-09-20 21:14:37,198 INFO [rev_util_actionability|paper_align|Qwen3-0.6B] step=1 epoch=0.0050

                                               

  0%|          | 1/606 [00:03<26:58,  2.67s/it]2026-09-20 21:14:37,684 INFO [rev_util_actionability|paper_align|Qwen3-0.6B] step=1 epoch=0.0050

                                               

  0%|          | 1/606 [00:03<26:58,  2.67s/it]2026-09-20 21:14:38,157 INFO [rev_util_actionability|paper_align|Qwen3-0.6B] step=1 epoch=0.0050

                                               

  0%|          | 1/606 [00:04<26:58,  2.67s/it]
  0%|          | 2/606 [00:04<22:39,  2.25s/it]2026-09-20 21:14:38,672 INFO [rev_util_actionability|paper_align|Qwen3-0.6B] step=2 epoch=0.0099

                                               

  0%|          | 2/606 [00:04<22:39,  2.25s/it]2026-09-20 21:14:39,146 INFO [rev_util_actionability|paper_align|Qwen3-0.6B] step=2 epoch=0.0099

                                               

  0%|          | 2/606 [00:05<22:39,  2.25s/it]2026-09-20 21:14:39,598 INFO [rev_util_actionability|paper_align|Qwen3-0.6B] step=2 epoch=0.0099

                                               

  0%|          | 2/606 [00:05<22:39,  2.25s/it]2026-09-20 21:14:40,041 INFO [rev_util_actionability|paper_align|Qwen3-0.6B] step=2 epoch=0.0099

                                               

  0%|          | 2/606 [00:06<22:39,  2.25s/it]
  0%|          | 3/606 [00:06<20:51,  2.08s/it]2026-09-20 21:14:40,535 INFO [rev_util_actionability|paper_align|Qwen3-0.6B] step=3 epoch=0.0149

                                               

  0%|          | 3/606 [00:06<20:51,  2.08s/it]2026-09-20 21:14:41,021 INFO [rev_util_actionability|paper_align|Qwen3-0.6B] step=3 epoch=0.0149

                                               

  0%|          | 3/606 [00:07<20:51,  2.08s/it]2026-09-20 21:14:41,509 INFO [rev_util_actionability|paper_align|Qwen3-0.6B] step=3 epoch=0.0149

                                               

  0%|          | 3/606 [00:07<20:51,  2.08s/it]2026-09-20 21:14:41,996 INFO [rev_util_actionability|paper_align|Qwen3-0.6B] step=3 epoch=0.0149

                                               

  0%|          | 3/606 [00:08<20:51,  2.08s/it]
  1%|          | 4/606 [00:08<20:29,  2.04s/it]2026-09-20 21:14:42,520 INFO [rev_util_actionability|paper_align|Qwen3-0.6B] step=4 epoch=0.0199

                                               

  1%|          | 4/606 [00:08<20:29,  2.04s/it]2026-09-20 21:14:42,967 INFO [rev_util_actionability|paper_align|Qwen3-0.6B] step=4 epoch=0.0199

                                               

  1%|          | 4/606 [00:09<20:29,  2.04s/it]2026-09-20 21:14:43,603 INFO [rev_util_actionability|paper_align|Qwen3-0.6B] step=4 epoch=0.0199

                                               

  1%|          | 4/606 [00:09<20:29,  2.04s/it]2026-09-20 21:14:44,069 INFO [rev_util_actionability|paper_align|Qwen3-0.6B] step=4 epoch=0.0199

                                               

  1%|          | 4/606 [00:10<20:29,  2.04s/it]
  1%|          | 5/606 [00:10<20:29,  2.05s/it]2026-09-20 21:14:44,578 INFO [rev_util_actionability|paper_align|Qwen3-0.6B] step=5 epoch=0.0248

                                               

  1%|          | 5/606 [00:10<20:29,  2.05s/it]2026-09-20 21:14:45,051 INFO [rev_util_actionability|paper_align|Qwen3-0.6B] step=5 epoch=0.0248

                                               

  1%|          | 5/606 [00:11<20:29,  2.05s/it]2026-09-20 21:14:45,533 INFO [rev_util_actionability|paper_align|Qwen3-0.6B] step=5 epoch=0.0248

                                               

  1%|          | 5/606 [00:11<20:29,  2.05s/it]2026-09-20 21:14:45,989 INFO [rev_util_actionability|paper_align|Qwen3-0.6B] step=5 epoch=0.0248

                                               

  1%|          | 5/606 [00:12<20:29,  2.05s/it]
  1%|          | 6/606 [00:12<19:58,  2.00s/it]2026-09-20 21:14:46,486 INFO [rev_util_actionability|paper_align|Qwen3-0.6B] step=6 epoch=0.0298

                                               

  1%|          | 6/606 [00:12<19:58,  2.00s/it]2026-09-20 21:14:46,944 INFO [rev_util_actionability|paper_align|Qwen3-0.6B] step=6 epoch=0.0298

                                               

  1%|          | 6/606 [00:13<19:58,  2.00s/it]2026-09-20 21:14:47,424 INFO [rev_util_actionability|paper_align|Qwen3-0.6B] step=6 epoch=0.0298

                                               

  1%|          | 6/606 [00:13<19:58,  2.00s/it]2026-09-20 21:14:47,912 INFO [rev_util_actionability|paper_align|Qwen3-0.6B] step=6 epoch=0.0298

                                               

  1%|          | 6/606 [00:14<19:58,  2.00s/it]
  1%|          | 7/606 [00:14<19:44,  1.98s/it]2026-09-20 21:14:48,427 INFO [rev_util_actionability|paper_align|Qwen3-0.6B] step=7 epoch=0.0348

                                               

  1%|          | 7/606 [00:14<19:44,  1.98s/it]2026-09-20 21:14:48,885 INFO [rev_util_actionability|paper_align|Qwen3-0.6B] step=7 epoch=0.0348

                                               

  1%|          | 7/606 [00:15<19:44,  1.98s/it]2026-09-20 21:14:49,363 INFO [rev_util_actionability|paper_align|Qwen3-0.6B] step=7 epoch=0.0348

                                               

  1%|          | 7/606 [00:15<19:44,  1.98s/it]2026-09-20 21:14:49,803 INFO [rev_util_actionability|paper_align|Qwen3-0.6B] step=7 epoch=0.0348

                                               

  1%|          | 7/606 [00:15<19:44,  1.98s/it]
  1%|▏         | 8/606 [00:16<19:22,  1.94s/it]2026-09-20 21:14:50,285 INFO [rev_util_actionability|paper_align|Qwen3-0.6B] step=8 epoch=0.0398

                                               

  1%|▏         | 8/606 [00:16<19:22,  1.94s/it]2026-09-20 21:14:50,756 INFO [rev_util_actionability|paper_align|Qwen3-0.6B] step=8 epoch=0.0398

                                               

  1%|▏         | 8/606 [00:16<19:22,  1.94s/it]2026-09-20 21:14:51,221 INFO [rev_util_actionability|paper_align|Qwen3-0.6B] step=8 epoch=0.0398

                                               

  1%|▏         | 8/606 [00:17<19:22,  1.94s/it]2026-09-20 21:14:51,694 INFO [rev_util_actionability|paper_align|Qwen3-0.6B] step=8 epoch=0.0398

                                               

  1%|▏         | 8/606 [00:17<19:22,  1.94s/it]
  1%|▏         | 9/606 [00:18<19:13,  1.93s/it]2026-09-20 21:14:52,188 INFO [rev_util_actionability|paper_align|Qwen3-0.6B] step=9 epoch=0.0447

                                               

  1%|▏         | 9/606 [00:18<19:13,  1.93s/it]2026-09-20 21:14:52,652 INFO [rev_util_actionability|paper_align|Qwen3-0.6B] step=9 epoch=0.0447

                                               

  1%|▏         | 9/606 [00:18<19:13,  1.93s/it]2026-09-20 21:14:53,143 INFO [rev_util_actionability|paper_align|Qwen3-0.6B] step=9 epoch=0.0447

                                               

  1%|▏         | 9/606 [00:19<19:13,  1.93s/it]2026-09-20 21:14:53,629 INFO [rev_util_actionability|paper_align|Qwen3-0.6B] step=9 epoch=0.0447

                                               

  1%|▏         | 9/606 [00:19<19:13,  1.93s/it]
  2%|▏         | 10/606 [00:20<19:47,  1.99s/it]2026-09-20 21:14:54,173 INFO [rev_util_actionability|paper_align|Qwen3-0.6B] step=10 loss=3.9496 learning_rate=0.0000 epoch=0.0497

                                                

  2%|▏         | 10/606 [00:20<19:47,  1.99s/it]2026-09-20 21:14:54,317 INFO [rev_util_actionability|paper_align|Qwen3-0.6B] step=10 epoch=0.0497

                                                

  2%|▏         | 10/606 [00:20<19:47,  1.99s/it]2026-09-20 21:14:54,831 INFO [rev_util_actionability|paper_align|Qwen3-0.6B] step=10 epoch=0.0497

                                                

  2%|▏         | 10/606 [00:20<19:47,  1.99s/it]2026-09-20 21:14:55,377 INFO [rev_util_actionability|paper_align|Qwen3-0.6B] step=10 epoch=0.0497

                                                

  2%|▏         | 10/606 [00:21<19:47,  1.99s/it]2026-09-20 21:14:55,922 INFO [rev_util_actionability|paper_align|Qwen3-0.6B] step=10 epoch=0.0497

                                                

  2%|▏         | 10/606 [00:22<19:47,  1.99s/it]
  2%|▏         | 11/606 [00:22<20:10,  2.03s/it]2026-09-20 21:14:56,510 INFO [rev_util_actionability|paper_align|Qwen3-0.6B] step=11 epoch=0.0547

                                                

  2%|▏         | 11/606 [00:22<20:10,  2.03s/it]2026-09-20 21:14:57,049 INFO [rev_util_actionability|paper_align|Qwen3-0.6B] step=11 epoch=0.0547

                                                

  2%|▏         | 11/606 [00:23<20:10,  2.03s/it]2026-09-20 21:14:57,600 INFO [rev_util_actionability|paper_align|Qwen3-0.6B] step=11 epoch=0.0547

                                                

  2%|▏         | 11/606 [00:23<20:10,  2.03s/it]2026-09-20 21:14:58,143 INFO [rev_util_actionability|paper_align|Qwen3-0.6B] step=11 epoch=0.0547

                                                

  2%|▏         | 11/606 [00:24<20:10,  2.03s/it]
  2%|▏         | 12/606 [00:24<20:41,  2.09s/it]2026-09-20 21:14:58,722 INFO [rev_util_actionability|paper_align|Qwen3-0.6B] step=12 epoch=0.0596

                                                

  2%|▏         | 12/606 [00:24<20:41,  2.09s/it]2026-09-20 21:14:59,270 INFO [rev_util_actionability|paper_align|Qwen3-0.6B] step=12 epoch=0.0596

                                                

  2%|▏         | 12/606 [00:25<20:41,  2.09s/it]2026-09-20 21:14:59,814 INFO [rev_util_actionability|paper_align|Qwen3-0.6B] step=12 epoch=0.0596

                                                

  2%|▏         | 12/606 [00:25<20:41,  2.09s/it]2026-09-20 21:15:00,363 INFO [rev_util_actionability|paper_align|Qwen3-0.6B] step=12 epoch=0.0596

                                                

  2%|▏         | 12/606 [00:26<20:41,  2.09s/it]
  2%|▏         | 13/606 [00:26<21:03,  2.13s/it]2026-09-20 21:15:00,950 INFO [rev_util_actionability|paper_align|Qwen3-0.6B] step=13 epoch=0.0646

                                                

  2%|▏         | 13/606 [00:27<21:03,  2.13s/it]2026-09-20 21:15:01,491 INFO [rev_util_actionability|paper_align|Qwen3-0.6B] step=13 epoch=0.0646

                                                

  2%|▏         | 13/606 [00:27<21:03,  2.13s/it]2026-09-20 21:15:02,048 INFO [rev_util_actionability|paper_align|Qwen3-0.6B] step=13 epoch=0.0646

                                                

  2%|▏         | 13/606 [00:28<21:03,  2.13s/it]2026-09-20 21:15:02,615 INFO [rev_util_actionability|paper_align|Qwen3-0.6B] step=13 epoch=0.0646

                                                

  2%|▏         | 13/606 [00:28<21:03,  2.13s/it]
  2%|▏         | 14/606 [00:29<21:30,  2.18s/it]2026-09-20 21:15:03,246 INFO [rev_util_actionability|paper_align|Qwen3-0.6B] step=14 epoch=0.0696

                                                

  2%|▏         | 14/606 [00:29<21:30,  2.18s/it]2026-09-20 21:15:03,785 INFO [rev_util_actionability|paper_align|Qwen3-0.6B] step=14 epoch=0.0696

                                                

  2%|▏         | 14/606 [00:29<21:30,  2.18s/it]2026-09-20 21:15:04,355 INFO [rev_util_actionability|paper_align|Qwen3-0.6B] step=14 epoch=0.0696

                                                

  2%|▏         | 14/606 [00:30<21:30,  2.18s/it]2026-09-20 21:15:04,917 INFO [rev_util_actionability|paper_align|Qwen3-0.6B] step=14 epoch=0.0696

                                                

  2%|▏         | 14/606 [00:31<21:30,  2.18s/it]
  2%|▏         | 15/606 [00:31<21:41,  2.20s/it]2026-09-20 21:15:05,850 INFO [rev_util_actionability|paper_align|Qwen3-0.6B] step=15 epoch=0.0745

                                                

  2%|▏         | 15/606 [00:31<21:41,  2.20s/it]2026-09-20 21:15:06,404 INFO [rev_util_actionability|paper_align|Qwen3-0.6B] step=15 epoch=0.0745

                                                

  2%|▏         | 15/606 [00:32<21:41,  2.20s/it]2026-09-20 21:15:06,955 INFO [rev_util_actionability|paper_align|Qwen3-0.6B] step=15 epoch=0.0745

                                                

  2%|▏         | 15/606 [00:33<21:41,  2.20s/it]2026-09-20 21:15:07,508 INFO [rev_util_actionability|paper_align|Qwen3-0.6B] step=15 epoch=0.0745

                                                

  2%|▏         | 15/606 [00:33<21:41,  2.20s/it]
  3%|▎         | 16/606 [00:34<22:49,  2.32s/it]2026-09-20 21:15:08,102 INFO [rev_util_actionability|paper_align|Qwen3-0.6B] step=16 epoch=0.0795

                                                

  3%|▎         | 16/606 [00:34<22:49,  2.32s/it]2026-09-20 21:15:08,656 INFO [rev_util_actionability|paper_align|Qwen3-0.6B] step=16 epoch=0.0795

                                                

  3%|▎         | 16/606 [00:34<22:49,  2.32s/it]2026-09-20 21:15:09,209 INFO [rev_util_actionability|paper_align|Qwen3-0.6B] step=16 epoch=0.0795

                                                

  3%|▎         | 16/606 [00:35<22:49,  2.32s/it]2026-09-20 21:15:09,761 INFO [rev_util_actionability|paper_align|Qwen3-0.6B] step=16 epoch=0.0795

                                                

  3%|▎         | 16/606 [00:35<22:49,  2.32s/it]
  3%|▎         | 17/606 [00:36<22:36,  2.30s/it]2026-09-20 21:15:10,360 INFO [rev_util_actionability|paper_align|Qwen3-0.6B] step=17 epoch=0.0845

                                                

  3%|▎         | 17/606 [00:36<22:36,  2.30s/it]2026-09-20 21:15:10,914 INFO [rev_util_actionability|paper_align|Qwen3-0.6B] step=17 epoch=0.0845

                                                

  3%|▎         | 17/606 [00:37<22:36,  2.30s/it]2026-09-20 21:15:11,464 INFO [rev_util_actionability|paper_align|Qwen3-0.6B] step=17 epoch=0.0845

                                                

  3%|▎         | 17/606 [00:37<22:36,  2.30s/it]2026-09-20 21:15:12,019 INFO [rev_util_actionability|paper_align|Qwen3-0.6B] step=17 epoch=0.0845

                                                

  3%|▎         | 17/606 [00:38<22:36,  2.30s/it]
  3%|▎         | 18/606 [00:38<22:24,  2.29s/it]2026-09-20 21:15:12,612 INFO [rev_util_actionability|paper_align|Qwen3-0.6B] step=18 epoch=0.0894

                                                

  3%|▎         | 18/606 [00:38<22:24,  2.29s/it]2026-09-20 21:15:13,159 INFO [rev_util_actionability|paper_align|Qwen3-0.6B] step=18 epoch=0.0894

                                                

  3%|▎         | 18/606 [00:39<22:24,  2.29s/it]2026-09-20 21:15:13,731 INFO [rev_util_actionability|paper_align|Qwen3-0.6B] step=18 epoch=0.0894

                                                

  3%|▎         | 18/606 [00:39<22:24,  2.29s/it]2026-09-20 21:15:14,288 INFO [rev_util_actionability|paper_align|Qwen3-0.6B] step=18 epoch=0.0894

                                                

  3%|▎         | 18/606 [00:40<22:24,  2.29s/it]
  3%|▎         | 19/606 [00:40<22:19,  2.28s/it]2026-09-20 21:15:14,881 INFO [rev_util_actionability|paper_align|Qwen3-0.6B] step=19 epoch=0.0944

                                                

  3%|▎         | 19/606 [00:40<22:19,  2.28s/it]2026-09-20 21:15:15,452 INFO [rev_util_actionability|paper_align|Qwen3-0.6B] step=19 epoch=0.0944

                                                

  3%|▎         | 19/606 [00:41<22:19,  2.28s/it]2026-09-20 21:15:16,019 INFO [rev_util_actionability|paper_align|Qwen3-0.6B] step=19 epoch=0.0944

                                                

  3%|▎         | 19/606 [00:42<22:19,  2.28s/it]2026-09-20 21:15:16,855 INFO [rev_util_actionability|paper_align|Qwen3-0.6B] step=19 epoch=0.0944

                                                

  3%|▎         | 19/606 [00:42<22:19,  2.28s/it]
  3%|▎         | 20/606 [00:43<23:08,  2.37s/it]2026-09-20 21:15:17,239 INFO [rev_util_actionability|paper_align|Qwen3-0.6B] step=20 loss=3.0356 learning_rate=0.0001 epoch=0.0994

                                                

  3%|▎         | 20/606 [00:43<23:08,  2.37s/it]2026-09-20 21:15:17,450 INFO [rev_util_actionability|paper_align|Qwen3-0.6B] step=20 epoch=0.0994

                                                

  3%|▎         | 20/606 [00:43<23:08,  2.37s/it]2026-09-20 21:15:17,998 INFO [rev_util_actionability|paper_align|Qwen3-0.6B] step=20 epoch=0.0994

                                                

  3%|▎         | 20/606 [00:44<23:08,  2.37s/it]2026-09-20 21:15:18,555 INFO [rev_util_actionability|paper_align|Qwen3-0.6B] step=20 epoch=0.0994

                                                

  3%|▎         | 20/606 [00:44<23:08,  2.37s/it]2026-09-20 21:15:19,114 INFO [rev_util_actionability|paper_align|Qwen3-0.6B] step=20 epoch=0.0994

                                                

  3%|▎         | 20/606 [00:45<23:08,  2.37s/it]
  3%|▎         | 21/606 [00:45<22:49,  2.34s/it]2026-09-20 21:15:19,730 INFO [rev_util_actionability|paper_align|Qwen3-0.6B] step=21 epoch=0.1043

                                                

  3%|▎         | 21/606 [00:45<22:49,  2.34s/it]2026-09-20 21:15:20,273 INFO [rev_util_actionability|paper_align|Qwen3-0.6B] step=21 epoch=0.1043

                                                

  3%|▎         | 21/606 [00:46<22:49,  2.34s/it]2026-09-20 21:15:20,823 INFO [rev_util_actionability|paper_align|Qwen3-0.6B] step=21 epoch=0.1043

                                                
{'paper_align_label_loss': '0.409', 'paper_align_reason_loss': '2.136', 'epoch': 0}
{'paper_align_label_loss': '0.6031', 'paper_align_reason_loss': '1.788', 'epoch': 0}
{'paper_align_label_loss': '0.3541', 'paper_align_reason_loss': '1.883', 'epoch': 0}
{'paper_align_label_loss': '0.7105', 'paper_align_reason_loss': '1.463', 'epoch': 0}
{'paper_align_label_loss': '0.211', 'paper_align_reason_loss': '1.636', 'epoch': '0.004969'}
{'paper_align_label_loss': '0.4431', 'paper_align_reason_loss': '2.018', 'epoch': '0.004969'}
{'paper_align_label_loss': '0.02966', 'paper_align_reason_loss': '1.759', 'epoch': '0.004969'}
{'paper_align_label_loss': '0.2804', 'paper_align_reason_loss': '1.883', 'epoch': '0.004969'}
{'paper_align_label_loss': '0.1225', 'paper_align_reason_loss': '1.54', 'epoch': '0.009938'}
{'paper_align_label_loss': '0.9039', 'paper_align_reason_loss': '1.65', 'epoch': '0.009938'}
{'paper_align_label_loss': '0.3218', 'paper_align_reason_loss': '1.757', 'epoch': '0.009938'}
{'paper_align_label_loss': '0.3674', 'paper_align_reason_loss': '1.653', 'epoch': '0.009938'}
{'paper_align_label_loss': '0.4155', 'paper_align_reason_loss': '1.469', 'epoch': '0.01491'}
{'paper_align_label_loss': '0.4026', 'paper_align_reason_loss': '1.331', 'epoch': '0.01491'}
{'paper_align_label_loss': '0.3592', 'paper_align_reason_loss': '1.716', 'epoch': '0.01491'}
{'paper_align_label_loss': '0.4741', 'paper_align_reason_loss': '1.709', 'epoch': '0.01491'}
{'paper_align_label_loss': '0.486', 'paper_align_reason_loss': '1.8', 'epoch': '0.01988'}
{'paper_align_label_loss': '0.1957', 'paper_align_reason_loss': '1.685', 'epoch': '0.01988'}
{'paper_align_label_loss': '0.7776', 'paper_align_reason_loss': '1.764', 'epoch': '0.01988'}
{'paper_align_label_loss': '0.1237', 'paper_align_reason_loss': '1.862', 'epoch': '0.01988'}
{'paper_align_label_loss': '0.2076', 'paper_align_reason_loss': '1.452', 'epoch': '0.02484'}
{'paper_align_label_loss': '0.6111', 'paper_align_reason_loss': '1.863', 'epoch': '0.02484'}
{'paper_align_label_loss': '0.5003', 'paper_align_reason_loss': '1.198', 'epoch': '0.02484'}
{'paper_align_label_loss': '0.2218', 'paper_align_reason_loss': '1.701', 'epoch': '0.02484'}
{'paper_align_label_loss': '0.2013', 'paper_align_reason_loss': '1.814', 'epoch': '0.02981'}
{'paper_align_label_loss': '0.3371', 'paper_align_reason_loss': '1.505', 'epoch': '0.02981'}
{'paper_align_label_loss': '0.05561', 'paper_align_reason_loss': '1.282', 'epoch': '0.02981'}
{'paper_align_label_loss': '0.3579', 'paper_align_reason_loss': '1.98', 'epoch': '0.02981'}
{'paper_align_label_loss': '0.1422', 'paper_align_reason_loss': '1.635', 'epoch': '0.03478'}
{'paper_align_label_loss': '0.1851', 'paper_align_reason_loss': '1.374', 'epoch': '0.03478'}
{'paper_align_label_loss': '0.2649', 'paper_align_reason_loss': '1.593', 'epoch': '0.03478'}
{'paper_align_label_loss': '0.1426', 'paper_align_reason_loss': '1.435', 'epoch': '0.03478'}
{'paper_align_label_loss': '0.2325', 'paper_align_reason_loss': '1.364', 'epoch': '0.03975'}
{'paper_align_label_loss': '0.2771', 'paper_align_reason_loss': '1.68', 'epoch': '0.03975'}
{'paper_align_label_loss': '0.205', 'paper_align_reason_loss': '1.526', 'epoch': '0.03975'}
{'paper_align_label_loss': '0.1299', 'paper_align_reason_loss': '1.671', 'epoch': '0.03975'}
{'paper_align_label_loss': '0.1882', 'paper_align_reason_loss': '1.241', 'epoch': '0.04472'}
{'paper_align_label_loss': '0.1978', 'paper_align_reason_loss': '2.08', 'epoch': '0.04472'}
{'paper_align_label_loss': '0.1789', 'paper_align_reason_loss': '1.788', 'epoch': '0.04472'}
{'paper_align_label_loss': '0.1927', 'paper_align_reason_loss': '1.487', 'epoch': '0.04472'}
{'loss': '3.95', 'grad_norm': '7.21', 'learning_rate': '4.737e-05', 'epoch': '0.04969'}
{'paper_align_label_loss': '0.2637', 'paper_align_reason_loss': '1.606', 'epoch': '0.04969'}
{'paper_align_label_loss': '0.1811', 'paper_align_reason_loss': '1.322', 'epoch': '0.04969'}
{'paper_align_label_loss': '0.2076', 'paper_align_reason_loss': '1.378', 'epoch': '0.04969'}
{'paper_align_label_loss': '0.1887', 'paper_align_reason_loss': '1.463', 'epoch': '0.04969'}
{'paper_align_label_loss': '0.3604', 'paper_align_reason_loss': '1.471', 'epoch': '0.05466'}
{'paper_align_label_loss': '0.2498', 'paper_align_reason_loss': '1.128', 'epoch': '0.05466'}
{'paper_align_label_loss': '0.2977', 'paper_align_reason_loss': '1.396', 'epoch': '0.05466'}
{'paper_align_label_loss': '0.1447', 'paper_align_reason_loss': '1.679', 'epoch': '0.05466'}
{'paper_align_label_loss': '0.2835', 'paper_align_reason_loss': '1.527', 'epoch': '0.05963'}
{'paper_align_label_loss': '0.1961', 'paper_align_reason_loss': '1.234', 'epoch': '0.05963'}
{'paper_align_label_loss': '0.1629', 'paper_align_reason_loss': '1.271', 'epoch': '0.05963'}
{'paper_align_label_loss': '0.2107', 'paper_align_reason_loss': '1.672', 'epoch': '0.05963'}
{'paper_align_label_loss': '0.2436', 'paper_align_reason_loss': '1.401', 'epoch': '0.0646'}
{'paper_align_label_loss': '0.1702', 'paper_align_reason_loss': '1.189', 'epoch': '0.0646'}
{'paper_align_label_loss': '0.1602', 'paper_align_reason_loss': '1.297', 'epoch': '0.0646'}
{'paper_align_label_loss': '0.145', 'paper_align_reason_loss': '1.474', 'epoch': '0.0646'}
{'paper_align_label_loss': '0.2293', 'paper_align_reason_loss': '1.552', 'epoch': '0.06957'}
{'paper_align_label_loss': '0.1315', 'paper_align_reason_loss': '0.9658', 'epoch': '0.06957'}
{'paper_align_label_loss': '0.2102', 'paper_align_reason_loss': '1.544', 'epoch': '0.06957'}
{'paper_align_label_loss': '0.1339', 'paper_align_reason_loss': '0.9727', 'epoch': '0.06957'}
{'paper_align_label_loss': '0.07611', 'paper_align_reason_loss': '0.8259', 'epoch': '0.07453'}
{'paper_align_label_loss': '0.1639', 'paper_align_reason_loss': '1.538', 'epoch': '0.07453'}
{'paper_align_label_loss': '0.16', 'paper_align_reason_loss': '1.359', 'epoch': '0.07453'}
{'paper_align_label_loss': '0.1307', 'paper_align_reason_loss': '1.392', 'epoch': '0.07453'}
{'paper_align_label_loss': '0.2782', 'paper_align_reason_loss': '1.342', 'epoch': '0.0795'}
{'paper_align_label_loss': '0.05477', 'paper_align_reason_loss': '1.111', 'epoch': '0.0795'}
{'paper_align_label_loss': '0.1319', 'paper_align_reason_loss': '1.406', 'epoch': '0.0795'}
{'paper_align_label_loss': '0.05743', 'paper_align_reason_loss': '1.381', 'epoch': '0.0795'}
{'paper_align_label_loss': '0.2059', 'paper_align_reason_loss': '1.311', 'epoch': '0.08447'}
{'paper_align_label_loss': '0.1936', 'paper_align_reason_loss': '1.344', 'epoch': '0.08447'}
{'paper_align_label_loss': '0.2405', 'paper_align_reason_loss': '1.349', 'epoch': '0.08447'}
{'paper_align_label_loss': '0.3126', 'paper_align_reason_loss': '1.036', 'epoch': '0.08447'}
{'paper_align_label_loss': '0.2285', 'paper_align_reason_loss': '1.199', 'epoch': '0.08944'}
{'paper_align_label_loss': '0.1887', 'paper_align_reason_loss': '1.257', 'epoch': '0.08944'}
{'paper_align_label_loss': '0.114', 'paper_align_reason_loss': '1.472', 'epoch': '0.08944'}
{'paper_align_label_loss': '0.2517', 'paper_align_reason_loss': '1.359', 'epoch': '0.08944'}
{'paper_align_label_loss': '0.1674', 'paper_align_reason_loss': '1.265', 'epoch': '0.09441'}
{'paper_align_label_loss': '0.1407', 'paper_align_reason_loss': '1.103', 'epoch': '0.09441'}
{'paper_align_label_loss': '0.1124', 'paper_align_reason_loss': '1.173', 'epoch': '0.09441'}
{'paper_align_label_loss': '0.2247', 'paper_align_reason_loss': '1.34', 'epoch': '0.09441'}
{'loss': '3.036', 'grad_norm': '3.951', 'learning_rate': '0.0001', 'epoch': '0.09938'}
{'paper_align_label_loss': '0.1289', 'paper_align_reason_loss': '1.307', 'epoch': '0.09938'}
{'paper_align_label_loss': '0.1714', 'paper_align_reason_loss': '1.511', 'epoch': '0.09938'}
{'paper_align_label_loss': '0.1486', 'paper_align_reason_loss': '1.715', 'epoch': '0.09938'}
{'paper_align_label_loss': '0.1364', 'paper_align_reason_loss': '1.363', 'epoch': '0.09938'}
{'paper_align_label_loss': '0.2232', 'paper_align_reason_loss': '1.128', 'epoch': '0.1043'}
{'paper_align_label_loss': '0.2371', 'paper_align_reason_loss': '1.234', 'epoch': '0.1043'}

  3%|▎         | 21/606 [00:46<22:49,  2.34s/it]2026-09-20 21:15:21,375 INFO [rev_util_actionability|paper_align|Qwen3-0.6B] step=21 epoch=0.1043

                                                

  3%|▎         | 21/606 [00:47<22:49,  2.34s/it]
  4%|▎         | 22/606 [00:47<22:30,  2.31s/it]2026-09-20 21:15:21,967 INFO [rev_util_actionability|paper_align|Qwen3-0.6B] step=22 epoch=0.1093

                                                

  4%|▎         | 22/606 [00:48<22:30,  2.31s/it]2026-09-20 21:15:22,518 INFO [rev_util_actionability|paper_align|Qwen3-0.6B] step=22 epoch=0.1093

                                                

  4%|▎         | 22/606 [00:48<22:30,  2.31s/it]2026-09-20 21:15:23,072 INFO [rev_util_actionability|paper_align|Qwen3-0.6B] step=22 epoch=0.1093

                                                

  4%|▎         | 22/606 [00:49<22:30,  2.31s/it]2026-09-20 21:15:23,619 INFO [rev_util_actionability|paper_align|Qwen3-0.6B] step=22 epoch=0.1093

                                                

  4%|▎         | 22/606 [00:49<22:30,  2.31s/it]
  4%|▍         | 23/606 [00:50<22:15,  2.29s/it]2026-09-20 21:15:24,218 INFO [rev_util_actionability|paper_align|Qwen3-0.6B] step=23 epoch=0.1143

                                                

  4%|▍         | 23/606 [00:50<22:15,  2.29s/it]2026-09-20 21:15:24,766 INFO [rev_util_actionability|paper_align|Qwen3-0.6B] step=23 epoch=0.1143

                                                

  4%|▍         | 23/606 [00:50<22:15,  2.29s/it]2026-09-20 21:15:25,336 INFO [rev_util_actionability|paper_align|Qwen3-0.6B] step=23 epoch=0.1143

                                                

  4%|▍         | 23/606 [00:51<22:15,  2.29s/it]2026-09-20 21:15:25,889 INFO [rev_util_actionability|paper_align|Qwen3-0.6B] step=23 epoch=0.1143

                                                

  4%|▍         | 23/606 [00:52<22:15,  2.29s/it]
  4%|▍         | 24/606 [00:52<22:08,  2.28s/it]2026-09-20 21:15:26,482 INFO [rev_util_actionability|paper_align|Qwen3-0.6B] step=24 epoch=0.1193

                                                

  4%|▍         | 24/606 [00:52<22:08,  2.28s/it]2026-09-20 21:15:27,027 INFO [rev_util_actionability|paper_align|Qwen3-0.6B] step=24 epoch=0.1193

                                                

  4%|▍         | 24/606 [00:53<22:08,  2.28s/it]2026-09-20 21:15:27,582 INFO [rev_util_actionability|paper_align|Qwen3-0.6B] step=24 epoch=0.1193

                                                

  4%|▍         | 24/606 [00:53<22:08,  2.28s/it]2026-09-20 21:15:28,136 INFO [rev_util_actionability|paper_align|Qwen3-0.6B] step=24 epoch=0.1193

                                                

  4%|▍         | 24/606 [00:54<22:08,  2.28s/it]
  4%|▍         | 25/606 [00:54<22:53,  2.36s/it]2026-09-20 21:15:29,029 INFO [rev_util_actionability|paper_align|Qwen3-0.6B] step=25 epoch=0.1242

                                                

  4%|▍         | 25/606 [00:55<22:53,  2.36s/it]2026-09-20 21:15:29,581 INFO [rev_util_actionability|paper_align|Qwen3-0.6B] step=25 epoch=0.1242

                                                

  4%|▍         | 25/606 [00:55<22:53,  2.36s/it]2026-09-20 21:15:30,135 INFO [rev_util_actionability|paper_align|Qwen3-0.6B] step=25 epoch=0.1242

                                                

  4%|▍         | 25/606 [00:56<22:53,  2.36s/it]2026-09-20 21:15:30,695 INFO [rev_util_actionability|paper_align|Qwen3-0.6B] step=25 epoch=0.1242

                                                

  4%|▍         | 25/606 [00:56<22:53,  2.36s/it]
  4%|▍         | 26/606 [00:57<22:32,  2.33s/it]2026-09-20 21:15:31,289 INFO [rev_util_actionability|paper_align|Qwen3-0.6B] step=26 epoch=0.1292

                                                

  4%|▍         | 26/606 [00:57<22:32,  2.33s/it]2026-09-20 21:15:31,843 INFO [rev_util_actionability|paper_align|Qwen3-0.6B] step=26 epoch=0.1292

                                                

  4%|▍         | 26/606 [00:57<22:32,  2.33s/it]2026-09-20 21:15:32,407 INFO [rev_util_actionability|paper_align|Qwen3-0.6B] step=26 epoch=0.1292

                                                

  4%|▍         | 26/606 [00:58<22:32,  2.33s/it]2026-09-20 21:15:32,978 INFO [rev_util_actionability|paper_align|Qwen3-0.6B] step=26 epoch=0.1292

                                                

  4%|▍         | 26/606 [00:59<22:32,  2.33s/it]
  4%|▍         | 27/606 [00:59<22:21,  2.32s/it]2026-09-20 21:15:33,565 INFO [rev_util_actionability|paper_align|Qwen3-0.6B] step=27 epoch=0.1342

                                                

  4%|▍         | 27/606 [00:59<22:21,  2.32s/it]2026-09-20 21:15:34,112 INFO [rev_util_actionability|paper_align|Qwen3-0.6B] step=27 epoch=0.1342

                                                

  4%|▍         | 27/606 [01:00<22:21,  2.32s/it]2026-09-20 21:15:34,660 INFO [rev_util_actionability|paper_align|Qwen3-0.6B] step=27 epoch=0.1342

                                                

  4%|▍         | 27/606 [01:00<22:21,  2.32s/it]2026-09-20 21:15:35,220 INFO [rev_util_actionability|paper_align|Qwen3-0.6B] step=27 epoch=0.1342

                                                

  4%|▍         | 27/606 [01:01<22:21,  2.32s/it]
  5%|▍         | 28/606 [01:01<22:05,  2.29s/it]2026-09-20 21:15:35,806 INFO [rev_util_actionability|paper_align|Qwen3-0.6B] step=28 epoch=0.1391

                                                

  5%|▍         | 28/606 [01:01<22:05,  2.29s/it]2026-09-20 21:15:36,348 INFO [rev_util_actionability|paper_align|Qwen3-0.6B] step=28 epoch=0.1391

                                                

  5%|▍         | 28/606 [01:02<22:05,  2.29s/it]2026-09-20 21:15:36,895 INFO [rev_util_actionability|paper_align|Qwen3-0.6B] step=28 epoch=0.1391

                                                

  5%|▍         | 28/606 [01:03<22:05,  2.29s/it]2026-09-20 21:15:37,445 INFO [rev_util_actionability|paper_align|Qwen3-0.6B] step=28 epoch=0.1391

                                                

  5%|▍         | 28/606 [01:03<22:05,  2.29s/it]
  5%|▍         | 29/606 [01:03<21:52,  2.27s/it]2026-09-20 21:15:38,034 INFO [rev_util_actionability|paper_align|Qwen3-0.6B] step=29 epoch=0.1441

                                                

  5%|▍         | 29/606 [01:04<21:52,  2.27s/it]2026-09-20 21:15:38,582 INFO [rev_util_actionability|paper_align|Qwen3-0.6B] step=29 epoch=0.1441

                                                

  5%|▍         | 29/606 [01:04<21:52,  2.27s/it]2026-09-20 21:15:39,162 INFO [rev_util_actionability|paper_align|Qwen3-0.6B] step=29 epoch=0.1441

                                                

  5%|▍         | 29/606 [01:05<21:52,  2.27s/it]2026-09-20 21:15:39,719 INFO [rev_util_actionability|paper_align|Qwen3-0.6B] step=29 epoch=0.1441

                                                

  5%|▍         | 29/606 [01:05<21:52,  2.27s/it]
  5%|▍         | 30/606 [01:06<21:50,  2.27s/it]2026-09-20 21:15:40,101 INFO [rev_util_actionability|paper_align|Qwen3-0.6B] step=30 loss=2.8289 learning_rate=0.0001 epoch=0.1491

                                                

  5%|▍         | 30/606 [01:06<21:50,  2.27s/it]2026-09-20 21:15:40,313 INFO [rev_util_actionability|paper_align|Qwen3-0.6B] step=30 epoch=0.1491

                                                

  5%|▍         | 30/606 [01:06<21:50,  2.27s/it]2026-09-20 21:15:41,180 INFO [rev_util_actionability|paper_align|Qwen3-0.6B] step=30 epoch=0.1491

                                                

  5%|▍         | 30/606 [01:07<21:50,  2.27s/it]2026-09-20 21:15:41,724 INFO [rev_util_actionability|paper_align|Qwen3-0.6B] step=30 epoch=0.1491

                                                

  5%|▍         | 30/606 [01:07<21:50,  2.27s/it]2026-09-20 21:15:42,273 INFO [rev_util_actionability|paper_align|Qwen3-0.6B] step=30 epoch=0.1491

                                                

  5%|▍         | 30/606 [01:08<21:50,  2.27s/it]
  5%|▌         | 31/606 [01:08<22:35,  2.36s/it]2026-09-20 21:15:42,859 INFO [rev_util_actionability|paper_align|Qwen3-0.6B] step=31 epoch=0.1540

                                                

  5%|▌         | 31/606 [01:08<22:35,  2.36s/it]2026-09-20 21:15:43,405 INFO [rev_util_actionability|paper_align|Qwen3-0.6B] step=31 epoch=0.1540

                                                

  5%|▌         | 31/606 [01:09<22:35,  2.36s/it]2026-09-20 21:15:43,952 INFO [rev_util_actionability|paper_align|Qwen3-0.6B] step=31 epoch=0.1540

                                                

  5%|▌         | 31/606 [01:10<22:35,  2.36s/it]2026-09-20 21:15:44,520 INFO [rev_util_actionability|paper_align|Qwen3-0.6B] step=31 epoch=0.1540

                                                

  5%|▌         | 31/606 [01:10<22:35,  2.36s/it]
  5%|▌         | 32/606 [01:11<22:13,  2.32s/it]2026-09-20 21:15:45,101 INFO [rev_util_actionability|paper_align|Qwen3-0.6B] step=32 epoch=0.1590

                                                

  5%|▌         | 32/606 [01:11<22:13,  2.32s/it]2026-09-20 21:15:45,646 INFO [rev_util_actionability|paper_align|Qwen3-0.6B] step=32 epoch=0.1590

                                                

  5%|▌         | 32/606 [01:11<22:13,  2.32s/it]2026-09-20 21:15:46,194 INFO [rev_util_actionability|paper_align|Qwen3-0.6B] step=32 epoch=0.1590

                                                

  5%|▌         | 32/606 [01:12<22:13,  2.32s/it]2026-09-20 21:15:46,737 INFO [rev_util_actionability|paper_align|Qwen3-0.6B] step=32 epoch=0.1590

                                                

  5%|▌         | 32/606 [01:12<22:13,  2.32s/it]
  5%|▌         | 33/606 [01:13<21:54,  2.29s/it]2026-09-20 21:15:47,325 INFO [rev_util_actionability|paper_align|Qwen3-0.6B] step=33 epoch=0.1640

                                                

  5%|▌         | 33/606 [01:13<21:54,  2.29s/it]2026-09-20 21:15:47,869 INFO [rev_util_actionability|paper_align|Qwen3-0.6B] step=33 epoch=0.1640

                                                

  5%|▌         | 33/606 [01:13<21:54,  2.29s/it]2026-09-20 21:15:48,414 INFO [rev_util_actionability|paper_align|Qwen3-0.6B] step=33 epoch=0.1640

                                                

  5%|▌         | 33/606 [01:14<21:54,  2.29s/it]2026-09-20 21:15:48,958 INFO [rev_util_actionability|paper_align|Qwen3-0.6B] step=33 epoch=0.1640

                                                

  5%|▌         | 33/606 [01:15<21:54,  2.29s/it]
  6%|▌         | 34/606 [01:15<21:41,  2.28s/it]2026-09-20 21:15:49,567 INFO [rev_util_actionability|paper_align|Qwen3-0.6B] step=34 epoch=0.1689

                                                

  6%|▌         | 34/606 [01:15<21:41,  2.28s/it]2026-09-20 21:15:50,123 INFO [rev_util_actionability|paper_align|Qwen3-0.6B] step=34 epoch=0.1689

                                                

  6%|▌         | 34/606 [01:16<21:41,  2.28s/it]2026-09-20 21:15:50,674 INFO [rev_util_actionability|paper_align|Qwen3-0.6B] step=34 epoch=0.1689

                                                

  6%|▌         | 34/606 [01:16<21:41,  2.28s/it]2026-09-20 21:15:51,225 INFO [rev_util_actionability|paper_align|Qwen3-0.6B] step=34 epoch=0.1689

                                                

  6%|▌         | 34/606 [01:17<21:41,  2.28s/it]
  6%|▌         | 35/606 [01:17<21:37,  2.27s/it]2026-09-20 21:15:52,168 INFO [rev_util_actionability|paper_align|Qwen3-0.6B] step=35 epoch=0.1739

                                                

  6%|▌         | 35/606 [01:18<21:37,  2.27s/it]2026-09-20 21:15:52,734 INFO [rev_util_actionability|paper_align|Qwen3-0.6B] step=35 epoch=0.1739

                                                

  6%|▌         | 35/606 [01:18<21:37,  2.27s/it]2026-09-20 21:15:53,339 INFO [rev_util_actionability|paper_align|Qwen3-0.6B] step=35 epoch=0.1739

                                                

  6%|▌         | 35/606 [01:19<21:37,  2.27s/it]2026-09-20 21:15:53,916 INFO [rev_util_actionability|paper_align|Qwen3-0.6B] step=35 epoch=0.1739

                                                

  6%|▌         | 35/606 [01:20<21:37,  2.27s/it]
  6%|▌         | 36/606 [01:20<22:48,  2.40s/it]2026-09-20 21:15:54,532 INFO [rev_util_actionability|paper_align|Qwen3-0.6B] step=36 epoch=0.1789

                                                

  6%|▌         | 36/606 [01:20<22:48,  2.40s/it]2026-09-20 21:15:55,099 INFO [rev_util_actionability|paper_align|Qwen3-0.6B] step=36 epoch=0.1789

                                                

  6%|▌         | 36/606 [01:21<22:48,  2.40s/it]2026-09-20 21:15:55,702 INFO [rev_util_actionability|paper_align|Qwen3-0.6B] step=36 epoch=0.1789

                                                

  6%|▌         | 36/606 [01:21<22:48,  2.40s/it]2026-09-20 21:15:56,267 INFO [rev_util_actionability|paper_align|Qwen3-0.6B] step=36 epoch=0.1789

                                                

  6%|▌         | 36/606 [01:22<22:48,  2.40s/it]
  6%|▌         | 37/606 [01:22<22:35,  2.38s/it]2026-09-20 21:15:56,858 INFO [rev_util_actionability|paper_align|Qwen3-0.6B] step=37 epoch=0.1839

                                                

  6%|▌         | 37/606 [01:22<22:35,  2.38s/it]2026-09-20 21:15:57,417 INFO [rev_util_actionability|paper_align|Qwen3-0.6B] step=37 epoch=0.1839

                                                

  6%|▌         | 37/606 [01:23<22:35,  2.38s/it]2026-09-20 21:15:57,968 INFO [rev_util_actionability|paper_align|Qwen3-0.6B] step=37 epoch=0.1839

                                                

  6%|▌         | 37/606 [01:24<22:35,  2.38s/it]2026-09-20 21:15:58,519 INFO [rev_util_actionability|paper_align|Qwen3-0.6B] step=37 epoch=0.1839

                                                

  6%|▌         | 37/606 [01:24<22:35,  2.38s/it]
  6%|▋         | 38/606 [01:25<22:10,  2.34s/it]2026-09-20 21:15:59,114 INFO [rev_util_actionability|paper_align|Qwen3-0.6B] step=38 epoch=0.1888

                                                

  6%|▋         | 38/606 [01:25<22:10,  2.34s/it]2026-09-20 21:15:59,673 INFO [rev_util_actionability|paper_align|Qwen3-0.6B] step=38 epoch=0.1888

                                                

  6%|▋         | 38/606 [01:25<22:10,  2.34s/it]2026-09-20 21:16:00,229 INFO [rev_util_actionability|paper_align|Qwen3-0.6B] step=38 epoch=0.1888

                                                

  6%|▋         | 38/606 [01:26<22:10,  2.34s/it]2026-09-20 21:16:00,779 INFO [rev_util_actionability|paper_align|Qwen3-0.6B] step=38 epoch=0.1888

                                                

  6%|▋         | 38/606 [01:26<22:10,  2.34s/it]
  6%|▋         | 39/606 [01:27<21:54,  2.32s/it]2026-09-20 21:16:01,368 INFO [rev_util_actionability|paper_align|Qwen3-0.6B] step=39 epoch=0.1938

                                                

  6%|▋         | 39/606 [01:27<21:54,  2.32s/it]2026-09-20 21:16:01,923 INFO [rev_util_actionability|paper_align|Qwen3-0.6B] step=39 epoch=0.1938

                                                

  6%|▋         | 39/606 [01:28<21:54,  2.32s/it]2026-09-20 21:16:02,474 INFO [rev_util_actionability|paper_align|Qwen3-0.6B] step=39 epoch=0.1938

                                                

  6%|▋         | 39/606 [01:28<21:54,  2.32s/it]2026-09-20 21:16:03,028 INFO [rev_util_actionability|paper_align|Qwen3-0.6B] step=39 epoch=0.1938

                                                

  6%|▋         | 39/606 [01:29<21:54,  2.32s/it]
  7%|▋         | 40/606 [01:29<21:43,  2.30s/it]2026-09-20 21:16:03,433 INFO [rev_util_actionability|paper_align|Qwen3-0.6B] step=40 loss=2.4684 learning_rate=0.0001 epoch=0.1988

                                                

  7%|▋         | 40/606 [01:29<21:43,  2.30s/it]2026-09-20 21:16:03,639 INFO [rev_util_actionability|paper_align|Qwen3-0.6B] step=40 epoch=0.1988

                                                

  7%|▋         | 40/606 [01:29<21:43,  2.30s/it]2026-09-20 21:16:04,455 INFO [rev_util_actionability|paper_align|Qwen3-0.6B] step=40 epoch=0.1988

                                                

  7%|▋         | 40/606 [01:30<21:43,  2.30s/it]2026-09-20 21:16:05,024 INFO [rev_util_actionability|paper_align|Qwen3-0.6B] step=40 epoch=0.1988

                                                

  7%|▋         | 40/606 [01:31<21:43,  2.30s/it]2026-09-20 21:16:05,581 INFO [rev_util_actionability|paper_align|Qwen3-0.6B] step=40 epoch=0.1988

                                                

  7%|▋         | 40/606 [01:31<21:43,  2.30s/it]
  7%|▋         | 41/606 [01:32<22:20,  2.37s/it]2026-09-20 21:16:06,173 INFO [rev_util_actionability|paper_align|Qwen3-0.6B] step=41 epoch=0.2037

                                                

  7%|▋         | 41/606 [01:32<22:20,  2.37s/it]2026-09-20 21:16:06,796 INFO [rev_util_actionability|paper_align|Qwen3-0.6B] step=41 epoch=0.2037

                                                

  7%|▋         | 41/606 [01:32<22:20,  2.37s/it]2026-09-20 21:16:07,346 INFO [rev_util_actionability|paper_align|Qwen3-0.6B] step=41 epoch=0.2037

                                                

  7%|▋         | 41/606 [01:33<22:20,  2.37s/it]2026-09-20 21:16:07,902 INFO [rev_util_actionability|paper_align|Qwen3-0.6B] step=41 epoch=0.2037

                                                

  7%|▋         | 41/606 [01:34<22:20,  2.37s/it]
  7%|▋         | 42/606 [01:34<22:17,  2.37s/it]2026-09-20 21:16:08,551 INFO [rev_util_actionability|paper_align|Qwen3-0.6B] step=42 epoch=0.2087

                                                

  7%|▋         | 42/606 [01:34<22:17,  2.37s/it]2026-09-20 21:16:09,095 INFO [rev_util_actionability|paper_align|Qwen3-0.6B] step=42 epoch=0.2087

                                                

  7%|▋         | 42/606 [01:35<22:17,  2.37s/it]2026-09-20 21:16:09,688 INFO [rev_util_actionability|paper_align|Qwen3-0.6B] step=42 epoch=0.2087

                                                

  7%|▋         | 42/606 [01:35<22:17,  2.37s/it]2026-09-20 21:16:10,249 INFO [rev_util_actionability|paper_align|Qwen3-0.6B] step=42 epoch=0.2087

                                                

  7%|▋         | 42/606 [01:36<22:17,  2.37s/it]
  7%|▋         | 43/606 [01:36<22:02,  2.35s/it]2026-09-20 21:16:10,840 INFO [rev_util_actionability|paper_align|Qwen3-0.6B] step=43 epoch=0.2137

                                                

  7%|▋         | 43/606 [01:36<22:02,  2.35s/it]2026-09-20 21:16:11,397 INFO [rev_util_actionability|paper_align|Qwen3-0.6B] step=43 epoch=0.2137

                                                
{'paper_align_label_loss': '0.1894', 'paper_align_reason_loss': '1.374', 'epoch': '0.1043'}
{'paper_align_label_loss': '0.1362', 'paper_align_reason_loss': '1.271', 'epoch': '0.1043'}
{'paper_align_label_loss': '0.1081', 'paper_align_reason_loss': '0.9891', 'epoch': '0.1093'}
{'paper_align_label_loss': '0.2217', 'paper_align_reason_loss': '1.396', 'epoch': '0.1093'}
{'paper_align_label_loss': '0.1218', 'paper_align_reason_loss': '1.298', 'epoch': '0.1093'}
{'paper_align_label_loss': '0.1259', 'paper_align_reason_loss': '1.227', 'epoch': '0.1093'}
{'paper_align_label_loss': '0.2185', 'paper_align_reason_loss': '1.412', 'epoch': '0.1143'}
{'paper_align_label_loss': '0.1794', 'paper_align_reason_loss': '1.803', 'epoch': '0.1143'}
{'paper_align_label_loss': '0.4147', 'paper_align_reason_loss': '1.566', 'epoch': '0.1143'}
{'paper_align_label_loss': '0.08571', 'paper_align_reason_loss': '0.8752', 'epoch': '0.1143'}
{'paper_align_label_loss': '0.114', 'paper_align_reason_loss': '0.8018', 'epoch': '0.1193'}
{'paper_align_label_loss': '0.2773', 'paper_align_reason_loss': '1.362', 'epoch': '0.1193'}
{'paper_align_label_loss': '0.2995', 'paper_align_reason_loss': '1.412', 'epoch': '0.1193'}
{'paper_align_label_loss': '0.1252', 'paper_align_reason_loss': '1.173', 'epoch': '0.1193'}
{'paper_align_label_loss': '0.08747', 'paper_align_reason_loss': '1.059', 'epoch': '0.1242'}
{'paper_align_label_loss': '0.1244', 'paper_align_reason_loss': '1.083', 'epoch': '0.1242'}
{'paper_align_label_loss': '0.34', 'paper_align_reason_loss': '1.414', 'epoch': '0.1242'}
{'paper_align_label_loss': '0.2399', 'paper_align_reason_loss': '1.061', 'epoch': '0.1242'}
{'paper_align_label_loss': '0.234', 'paper_align_reason_loss': '1.378', 'epoch': '0.1292'}
{'paper_align_label_loss': '0.1794', 'paper_align_reason_loss': '1.336', 'epoch': '0.1292'}
{'paper_align_label_loss': '0.2314', 'paper_align_reason_loss': '1.23', 'epoch': '0.1292'}
{'paper_align_label_loss': '0.1123', 'paper_align_reason_loss': '1.324', 'epoch': '0.1292'}
{'paper_align_label_loss': '0.2145', 'paper_align_reason_loss': '1.058', 'epoch': '0.1342'}
{'paper_align_label_loss': '0.167', 'paper_align_reason_loss': '1.477', 'epoch': '0.1342'}
{'paper_align_label_loss': '0.1801', 'paper_align_reason_loss': '1.21', 'epoch': '0.1342'}
{'paper_align_label_loss': '0.1409', 'paper_align_reason_loss': '1.138', 'epoch': '0.1342'}
{'paper_align_label_loss': '0.1162', 'paper_align_reason_loss': '0.9714', 'epoch': '0.1391'}
{'paper_align_label_loss': '0.1165', 'paper_align_reason_loss': '1.063', 'epoch': '0.1391'}
{'paper_align_label_loss': '0.1741', 'paper_align_reason_loss': '1.216', 'epoch': '0.1391'}
{'paper_align_label_loss': '0.1374', 'paper_align_reason_loss': '0.9099', 'epoch': '0.1391'}
{'paper_align_label_loss': '0.1142', 'paper_align_reason_loss': '1.056', 'epoch': '0.1441'}
{'paper_align_label_loss': '0.115', 'paper_align_reason_loss': '1.184', 'epoch': '0.1441'}
{'paper_align_label_loss': '0.2391', 'paper_align_reason_loss': '0.9694', 'epoch': '0.1441'}
{'paper_align_label_loss': '0.1449', 'paper_align_reason_loss': '1.152', 'epoch': '0.1441'}
{'loss': '2.829', 'grad_norm': '7.028', 'learning_rate': '9.993e-05', 'epoch': '0.1491'}
{'paper_align_label_loss': '0.2615', 'paper_align_reason_loss': '1.037', 'epoch': '0.1491'}
{'paper_align_label_loss': '0.1641', 'paper_align_reason_loss': '0.9418', 'epoch': '0.1491'}
{'paper_align_label_loss': '0.2494', 'paper_align_reason_loss': '1.418', 'epoch': '0.1491'}
{'paper_align_label_loss': '0.1704', 'paper_align_reason_loss': '1.036', 'epoch': '0.1491'}
{'paper_align_label_loss': '0.04308', 'paper_align_reason_loss': '1.247', 'epoch': '0.154'}
{'paper_align_label_loss': '0.2077', 'paper_align_reason_loss': '1.203', 'epoch': '0.154'}
{'paper_align_label_loss': '0.1433', 'paper_align_reason_loss': '1.131', 'epoch': '0.154'}
{'paper_align_label_loss': '0.2419', 'paper_align_reason_loss': '0.9932', 'epoch': '0.154'}
{'paper_align_label_loss': '0.1029', 'paper_align_reason_loss': '1.27', 'epoch': '0.159'}
{'paper_align_label_loss': '0.1462', 'paper_align_reason_loss': '1.039', 'epoch': '0.159'}
{'paper_align_label_loss': '0.2206', 'paper_align_reason_loss': '1.089', 'epoch': '0.159'}
{'paper_align_label_loss': '0.2132', 'paper_align_reason_loss': '1.234', 'epoch': '0.159'}
{'paper_align_label_loss': '0.2001', 'paper_align_reason_loss': '1.169', 'epoch': '0.164'}
{'paper_align_label_loss': '0.3008', 'paper_align_reason_loss': '1.111', 'epoch': '0.164'}
{'paper_align_label_loss': '0.1372', 'paper_align_reason_loss': '1.044', 'epoch': '0.164'}
{'paper_align_label_loss': '0.167', 'paper_align_reason_loss': '1.046', 'epoch': '0.164'}
{'paper_align_label_loss': '0.1258', 'paper_align_reason_loss': '0.9412', 'epoch': '0.1689'}
{'paper_align_label_loss': '0.1471', 'paper_align_reason_loss': '0.8397', 'epoch': '0.1689'}
{'paper_align_label_loss': '0.2187', 'paper_align_reason_loss': '1.182', 'epoch': '0.1689'}
{'paper_align_label_loss': '0.084', 'paper_align_reason_loss': '1.403', 'epoch': '0.1689'}
{'paper_align_label_loss': '0.05303', 'paper_align_reason_loss': '1.074', 'epoch': '0.1739'}
{'paper_align_label_loss': '0.2196', 'paper_align_reason_loss': '1.127', 'epoch': '0.1739'}
{'paper_align_label_loss': '0.1872', 'paper_align_reason_loss': '1.174', 'epoch': '0.1739'}
{'paper_align_label_loss': '0.05324', 'paper_align_reason_loss': '0.9588', 'epoch': '0.1739'}
{'paper_align_label_loss': '0.2696', 'paper_align_reason_loss': '1.211', 'epoch': '0.1789'}
{'paper_align_label_loss': '0.1217', 'paper_align_reason_loss': '1.004', 'epoch': '0.1789'}
{'paper_align_label_loss': '0.1375', 'paper_align_reason_loss': '0.9925', 'epoch': '0.1789'}
{'paper_align_label_loss': '0.1213', 'paper_align_reason_loss': '0.7729', 'epoch': '0.1789'}
{'paper_align_label_loss': '0.1097', 'paper_align_reason_loss': '0.9194', 'epoch': '0.1839'}
{'paper_align_label_loss': '0.2102', 'paper_align_reason_loss': '1.043', 'epoch': '0.1839'}
{'paper_align_label_loss': '0.1566', 'paper_align_reason_loss': '0.8952', 'epoch': '0.1839'}
{'paper_align_label_loss': '0.05758', 'paper_align_reason_loss': '1.206', 'epoch': '0.1839'}
{'paper_align_label_loss': '0.1379', 'paper_align_reason_loss': '1.146', 'epoch': '0.1888'}
{'paper_align_label_loss': '0.07956', 'paper_align_reason_loss': '1.105', 'epoch': '0.1888'}
{'paper_align_label_loss': '0.1323', 'paper_align_reason_loss': '1.311', 'epoch': '0.1888'}
{'paper_align_label_loss': '0.1546', 'paper_align_reason_loss': '0.6756', 'epoch': '0.1888'}
{'paper_align_label_loss': '0.121', 'paper_align_reason_loss': '1.061', 'epoch': '0.1938'}
{'paper_align_label_loss': '0.05796', 'paper_align_reason_loss': '0.9423', 'epoch': '0.1938'}
{'paper_align_label_loss': '0.2116', 'paper_align_reason_loss': '1.148', 'epoch': '0.1938'}
{'paper_align_label_loss': '0.1262', 'paper_align_reason_loss': '0.9633', 'epoch': '0.1938'}
{'loss': '2.468', 'grad_norm': '3.936', 'learning_rate': '9.971e-05', 'epoch': '0.1988'}
{'paper_align_label_loss': '0.03996', 'paper_align_reason_loss': '1.066', 'epoch': '0.1988'}
{'paper_align_label_loss': '0.1833', 'paper_align_reason_loss': '1.117', 'epoch': '0.1988'}
{'paper_align_label_loss': '0.04862', 'paper_align_reason_loss': '1.025', 'epoch': '0.1988'}
{'paper_align_label_loss': '0.1946', 'paper_align_reason_loss': '0.9937', 'epoch': '0.1988'}
{'paper_align_label_loss': '0.1176', 'paper_align_reason_loss': '0.8891', 'epoch': '0.2037'}
{'paper_align_label_loss': '0.1409', 'paper_align_reason_loss': '1.05', 'epoch': '0.2037'}
{'paper_align_label_loss': '0.111', 'paper_align_reason_loss': '1.05', 'epoch': '0.2037'}
{'paper_align_label_loss': '0.0871', 'paper_align_reason_loss': '1.225', 'epoch': '0.2037'}
{'paper_align_label_loss': '0.1025', 'paper_align_reason_loss': '1.143', 'epoch': '0.2087'}
{'paper_align_label_loss': '0.04297', 'paper_align_reason_loss': '0.9364', 'epoch': '0.2087'}
{'paper_align_label_loss': '0.1334', 'paper_align_reason_loss': '0.9943', 'epoch': '0.2087'}
{'paper_align_label_loss': '0.1564', 'paper_align_reason_loss': '1.047', 'epoch': '0.2087'}
{'paper_align_label_loss': '0.1838', 'paper_align_reason_loss': '0.9801', 'epoch': '0.2137'}

  7%|▋         | 43/606 [01:37<22:02,  2.35s/it]2026-09-20 21:16:11,976 INFO [rev_util_actionability|paper_align|Qwen3-0.6B] step=43 epoch=0.2137

                                                

  7%|▋         | 43/606 [01:38<22:02,  2.35s/it]2026-09-20 21:16:12,538 INFO [rev_util_actionability|paper_align|Qwen3-0.6B] step=43 epoch=0.2137

                                                

  7%|▋         | 43/606 [01:38<22:02,  2.35s/it]
  7%|▋         | 44/606 [01:39<21:54,  2.34s/it]2026-09-20 21:16:13,154 INFO [rev_util_actionability|paper_align|Qwen3-0.6B] step=44 epoch=0.2186

                                                

  7%|▋         | 44/606 [01:39<21:54,  2.34s/it]2026-09-20 21:16:13,715 INFO [rev_util_actionability|paper_align|Qwen3-0.6B] step=44 epoch=0.2186

                                                

  7%|▋         | 44/606 [01:39<21:54,  2.34s/it]2026-09-20 21:16:14,274 INFO [rev_util_actionability|paper_align|Qwen3-0.6B] step=44 epoch=0.2186

                                                

  7%|▋         | 44/606 [01:40<21:54,  2.34s/it]2026-09-20 21:16:14,840 INFO [rev_util_actionability|paper_align|Qwen3-0.6B] step=44 epoch=0.2186

                                                

  7%|▋         | 44/606 [01:40<21:54,  2.34s/it]
  7%|▋         | 45/606 [01:41<21:41,  2.32s/it]2026-09-20 21:16:15,434 INFO [rev_util_actionability|paper_align|Qwen3-0.6B] step=45 epoch=0.2236

                                                

  7%|▋         | 45/606 [01:41<21:41,  2.32s/it]2026-09-20 21:16:16,274 INFO [rev_util_actionability|paper_align|Qwen3-0.6B] step=45 epoch=0.2236

                                                

  7%|▋         | 45/606 [01:42<21:41,  2.32s/it]2026-09-20 21:16:16,838 INFO [rev_util_actionability|paper_align|Qwen3-0.6B] step=45 epoch=0.2236

                                                

  7%|▋         | 45/606 [01:42<21:41,  2.32s/it]2026-09-20 21:16:17,412 INFO [rev_util_actionability|paper_align|Qwen3-0.6B] step=45 epoch=0.2236

                                                

  7%|▋         | 45/606 [01:43<21:41,  2.32s/it]
  8%|▊         | 46/606 [01:43<22:20,  2.39s/it]2026-09-20 21:16:18,008 INFO [rev_util_actionability|paper_align|Qwen3-0.6B] step=46 epoch=0.2286

                                                

  8%|▊         | 46/606 [01:44<22:20,  2.39s/it]2026-09-20 21:16:18,561 INFO [rev_util_actionability|paper_align|Qwen3-0.6B] step=46 epoch=0.2286

                                                

  8%|▊         | 46/606 [01:44<22:20,  2.39s/it]2026-09-20 21:16:19,123 INFO [rev_util_actionability|paper_align|Qwen3-0.6B] step=46 epoch=0.2286

                                                

  8%|▊         | 46/606 [01:45<22:20,  2.39s/it]2026-09-20 21:16:19,670 INFO [rev_util_actionability|paper_align|Qwen3-0.6B] step=46 epoch=0.2286

                                                

  8%|▊         | 46/606 [01:45<22:20,  2.39s/it]
  8%|▊         | 47/606 [01:46<21:55,  2.35s/it]2026-09-20 21:16:20,259 INFO [rev_util_actionability|paper_align|Qwen3-0.6B] step=47 epoch=0.2335

                                                

  8%|▊         | 47/606 [01:46<21:55,  2.35s/it]2026-09-20 21:16:20,820 INFO [rev_util_actionability|paper_align|Qwen3-0.6B] step=47 epoch=0.2335

                                                

  8%|▊         | 47/606 [01:46<21:55,  2.35s/it]2026-09-20 21:16:21,382 INFO [rev_util_actionability|paper_align|Qwen3-0.6B] step=47 epoch=0.2335

                                                

  8%|▊         | 47/606 [01:47<21:55,  2.35s/it]2026-09-20 21:16:21,930 INFO [rev_util_actionability|paper_align|Qwen3-0.6B] step=47 epoch=0.2335

                                                

  8%|▊         | 47/606 [01:48<21:55,  2.35s/it]
  8%|▊         | 48/606 [01:48<21:39,  2.33s/it]2026-09-20 21:16:22,533 INFO [rev_util_actionability|paper_align|Qwen3-0.6B] step=48 epoch=0.2385

                                                

  8%|▊         | 48/606 [01:48<21:39,  2.33s/it]2026-09-20 21:16:23,091 INFO [rev_util_actionability|paper_align|Qwen3-0.6B] step=48 epoch=0.2385

                                                

  8%|▊         | 48/606 [01:49<21:39,  2.33s/it]2026-09-20 21:16:23,651 INFO [rev_util_actionability|paper_align|Qwen3-0.6B] step=48 epoch=0.2385

                                                

  8%|▊         | 48/606 [01:49<21:39,  2.33s/it]2026-09-20 21:16:24,210 INFO [rev_util_actionability|paper_align|Qwen3-0.6B] step=48 epoch=0.2385

                                                

  8%|▊         | 48/606 [01:50<21:39,  2.33s/it]
  8%|▊         | 49/606 [01:50<21:30,  2.32s/it]2026-09-20 21:16:24,821 INFO [rev_util_actionability|paper_align|Qwen3-0.6B] step=49 epoch=0.2435

                                                

  8%|▊         | 49/606 [01:50<21:30,  2.32s/it]2026-09-20 21:16:25,367 INFO [rev_util_actionability|paper_align|Qwen3-0.6B] step=49 epoch=0.2435

                                                

  8%|▊         | 49/606 [01:51<21:30,  2.32s/it]2026-09-20 21:16:25,919 INFO [rev_util_actionability|paper_align|Qwen3-0.6B] step=49 epoch=0.2435

                                                

  8%|▊         | 49/606 [01:52<21:30,  2.32s/it]2026-09-20 21:16:26,476 INFO [rev_util_actionability|paper_align|Qwen3-0.6B] step=49 epoch=0.2435

                                                

  8%|▊         | 49/606 [01:52<21:30,  2.32s/it]
  8%|▊         | 50/606 [01:52<21:17,  2.30s/it]2026-09-20 21:16:26,864 INFO [rev_util_actionability|paper_align|Qwen3-0.6B] step=50 loss=2.3802 learning_rate=0.0001 epoch=0.2484

                                                

  8%|▊         | 50/606 [01:52<21:17,  2.30s/it]2026-09-20 21:16:27,058 INFO [rev_util_actionability|paper_align|Qwen3-0.6B] step=50 epoch=0.2484

                                                

  8%|▊         | 50/606 [01:53<21:17,  2.30s/it]2026-09-20 21:16:27,743 INFO [rev_util_actionability|paper_align|Qwen3-0.6B] step=50 epoch=0.2484

                                                

  8%|▊         | 50/606 [01:53<21:17,  2.30s/it]2026-09-20 21:16:28,208 INFO [rev_util_actionability|paper_align|Qwen3-0.6B] step=50 epoch=0.2484

                                                

  8%|▊         | 50/606 [01:54<21:17,  2.30s/it]2026-09-20 21:16:28,673 INFO [rev_util_actionability|paper_align|Qwen3-0.6B] step=50 epoch=0.2484

                                                

  8%|▊         | 50/606 [01:54<21:17,  2.30s/it]
  8%|▊         | 51/606 [01:55<20:47,  2.25s/it]2026-09-20 21:16:29,177 INFO [rev_util_actionability|paper_align|Qwen3-0.6B] step=51 epoch=0.2534

                                                

  8%|▊         | 51/606 [01:55<20:47,  2.25s/it]2026-09-20 21:16:29,638 INFO [rev_util_actionability|paper_align|Qwen3-0.6B] step=51 epoch=0.2534

                                                

  8%|▊         | 51/606 [01:55<20:47,  2.25s/it]2026-09-20 21:16:30,107 INFO [rev_util_actionability|paper_align|Qwen3-0.6B] step=51 epoch=0.2534

                                                

  8%|▊         | 51/606 [01:56<20:47,  2.25s/it]2026-09-20 21:16:30,578 INFO [rev_util_actionability|paper_align|Qwen3-0.6B] step=51 epoch=0.2534

                                                

  8%|▊         | 51/606 [01:56<20:47,  2.25s/it]
  9%|▊         | 52/606 [01:57<19:50,  2.15s/it]2026-09-20 21:16:31,096 INFO [rev_util_actionability|paper_align|Qwen3-0.6B] step=52 epoch=0.2584

                                                

  9%|▊         | 52/606 [01:57<19:50,  2.15s/it]2026-09-20 21:16:31,561 INFO [rev_util_actionability|paper_align|Qwen3-0.6B] step=52 epoch=0.2584

                                                

  9%|▊         | 52/606 [01:57<19:50,  2.15s/it]2026-09-20 21:16:32,026 INFO [rev_util_actionability|paper_align|Qwen3-0.6B] step=52 epoch=0.2584

                                                

  9%|▊         | 52/606 [01:58<19:50,  2.15s/it]2026-09-20 21:16:32,494 INFO [rev_util_actionability|paper_align|Qwen3-0.6B] step=52 epoch=0.2584

                                                

  9%|▊         | 52/606 [01:58<19:50,  2.15s/it]
  9%|▊         | 53/606 [01:58<19:07,  2.08s/it]2026-09-20 21:16:32,998 INFO [rev_util_actionability|paper_align|Qwen3-0.6B] step=53 epoch=0.2634

                                                

  9%|▊         | 53/606 [01:59<19:07,  2.08s/it]2026-09-20 21:16:33,462 INFO [rev_util_actionability|paper_align|Qwen3-0.6B] step=53 epoch=0.2634

                                                

  9%|▊         | 53/606 [01:59<19:07,  2.08s/it]2026-09-20 21:16:33,928 INFO [rev_util_actionability|paper_align|Qwen3-0.6B] step=53 epoch=0.2634

                                                

  9%|▊         | 53/606 [02:00<19:07,  2.08s/it]2026-09-20 21:16:34,398 INFO [rev_util_actionability|paper_align|Qwen3-0.6B] step=53 epoch=0.2634

                                                

  9%|▊         | 53/606 [02:00<19:07,  2.08s/it]
  9%|▉         | 54/606 [02:00<18:38,  2.03s/it]2026-09-20 21:16:34,910 INFO [rev_util_actionability|paper_align|Qwen3-0.6B] step=54 epoch=0.2683

                                                

  9%|▉         | 54/606 [02:01<18:38,  2.03s/it]2026-09-20 21:16:35,390 INFO [rev_util_actionability|paper_align|Qwen3-0.6B] step=54 epoch=0.2683

                                                

  9%|▉         | 54/606 [02:01<18:38,  2.03s/it]2026-09-20 21:16:35,864 INFO [rev_util_actionability|paper_align|Qwen3-0.6B] step=54 epoch=0.2683

                                                

  9%|▉         | 54/606 [02:01<18:38,  2.03s/it]2026-09-20 21:16:36,328 INFO [rev_util_actionability|paper_align|Qwen3-0.6B] step=54 epoch=0.2683

                                                

  9%|▉         | 54/606 [02:02<18:38,  2.03s/it]
  9%|▉         | 55/606 [02:02<18:20,  2.00s/it]2026-09-20 21:16:36,835 INFO [rev_util_actionability|paper_align|Qwen3-0.6B] step=55 epoch=0.2733

                                                

  9%|▉         | 55/606 [02:02<18:20,  2.00s/it]2026-09-20 21:16:37,502 INFO [rev_util_actionability|paper_align|Qwen3-0.6B] step=55 epoch=0.2733

                                                

  9%|▉         | 55/606 [02:03<18:20,  2.00s/it]2026-09-20 21:16:37,973 INFO [rev_util_actionability|paper_align|Qwen3-0.6B] step=55 epoch=0.2733

                                                

  9%|▉         | 55/606 [02:04<18:20,  2.00s/it]2026-09-20 21:16:38,443 INFO [rev_util_actionability|paper_align|Qwen3-0.6B] step=55 epoch=0.2733

                                                

  9%|▉         | 55/606 [02:04<18:20,  2.00s/it]
  9%|▉         | 56/606 [02:04<18:37,  2.03s/it]2026-09-20 21:16:38,948 INFO [rev_util_actionability|paper_align|Qwen3-0.6B] step=56 epoch=0.2783

                                                

  9%|▉         | 56/606 [02:05<18:37,  2.03s/it]2026-09-20 21:16:39,406 INFO [rev_util_actionability|paper_align|Qwen3-0.6B] step=56 epoch=0.2783

                                                

  9%|▉         | 56/606 [02:05<18:37,  2.03s/it]2026-09-20 21:16:39,874 INFO [rev_util_actionability|paper_align|Qwen3-0.6B] step=56 epoch=0.2783

                                                

  9%|▉         | 56/606 [02:05<18:37,  2.03s/it]2026-09-20 21:16:40,353 INFO [rev_util_actionability|paper_align|Qwen3-0.6B] step=56 epoch=0.2783

                                                

  9%|▉         | 56/606 [02:06<18:37,  2.03s/it]
  9%|▉         | 57/606 [02:06<18:15,  2.00s/it]2026-09-20 21:16:40,861 INFO [rev_util_actionability|paper_align|Qwen3-0.6B] step=57 epoch=0.2832

                                                

  9%|▉         | 57/606 [02:06<18:15,  2.00s/it]2026-09-20 21:16:41,325 INFO [rev_util_actionability|paper_align|Qwen3-0.6B] step=57 epoch=0.2832

                                                

  9%|▉         | 57/606 [02:07<18:15,  2.00s/it]2026-09-20 21:16:41,793 INFO [rev_util_actionability|paper_align|Qwen3-0.6B] step=57 epoch=0.2832

                                                

  9%|▉         | 57/606 [02:07<18:15,  2.00s/it]2026-09-20 21:16:42,257 INFO [rev_util_actionability|paper_align|Qwen3-0.6B] step=57 epoch=0.2832

                                                

  9%|▉         | 57/606 [02:08<18:15,  2.00s/it]
 10%|▉         | 58/606 [02:08<17:58,  1.97s/it]2026-09-20 21:16:42,764 INFO [rev_util_actionability|paper_align|Qwen3-0.6B] step=58 epoch=0.2882

                                                

 10%|▉         | 58/606 [02:08<17:58,  1.97s/it]2026-09-20 21:16:43,235 INFO [rev_util_actionability|paper_align|Qwen3-0.6B] step=58 epoch=0.2882

                                                

 10%|▉         | 58/606 [02:09<17:58,  1.97s/it]2026-09-20 21:16:43,710 INFO [rev_util_actionability|paper_align|Qwen3-0.6B] step=58 epoch=0.2882

                                                

 10%|▉         | 58/606 [02:09<17:58,  1.97s/it]2026-09-20 21:16:44,191 INFO [rev_util_actionability|paper_align|Qwen3-0.6B] step=58 epoch=0.2882

                                                

 10%|▉         | 58/606 [02:10<17:58,  1.97s/it]
 10%|▉         | 59/606 [02:10<17:50,  1.96s/it]2026-09-20 21:16:44,691 INFO [rev_util_actionability|paper_align|Qwen3-0.6B] step=59 epoch=0.2932

                                                

 10%|▉         | 59/606 [02:10<17:50,  1.96s/it]2026-09-20 21:16:45,154 INFO [rev_util_actionability|paper_align|Qwen3-0.6B] step=59 epoch=0.2932

                                                

 10%|▉         | 59/606 [02:11<17:50,  1.96s/it]2026-09-20 21:16:45,621 INFO [rev_util_actionability|paper_align|Qwen3-0.6B] step=59 epoch=0.2932

                                                

 10%|▉         | 59/606 [02:11<17:50,  1.96s/it]2026-09-20 21:16:46,086 INFO [rev_util_actionability|paper_align|Qwen3-0.6B] step=59 epoch=0.2932

                                                

 10%|▉         | 59/606 [02:12<17:50,  1.96s/it]
 10%|▉         | 60/606 [02:12<17:37,  1.94s/it]2026-09-20 21:16:46,408 INFO [rev_util_actionability|paper_align|Qwen3-0.6B] step=60 loss=2.5013 learning_rate=0.0001 epoch=0.2981

                                                

 10%|▉         | 60/606 [02:12<17:37,  1.94s/it]2026-09-20 21:16:46,588 INFO [rev_util_actionability|paper_align|Qwen3-0.6B] step=60 epoch=0.2981

                                                

 10%|▉         | 60/606 [02:12<17:37,  1.94s/it]2026-09-20 21:16:47,047 INFO [rev_util_actionability|paper_align|Qwen3-0.6B] step=60 epoch=0.2981

                                                

 10%|▉         | 60/606 [02:13<17:37,  1.94s/it]2026-09-20 21:16:47,688 INFO [rev_util_actionability|paper_align|Qwen3-0.6B] step=60 epoch=0.2981

                                                

 10%|▉         | 60/606 [02:13<17:37,  1.94s/it]2026-09-20 21:16:48,159 INFO [rev_util_actionability|paper_align|Qwen3-0.6B] step=60 epoch=0.2981

                                                

 10%|▉         | 60/606 [02:14<17:37,  1.94s/it]
 10%|█         | 61/606 [02:14<17:59,  1.98s/it]2026-09-20 21:16:48,667 INFO [rev_util_actionability|paper_align|Qwen3-0.6B] step=61 epoch=0.3031

                                                

 10%|█         | 61/606 [02:14<17:59,  1.98s/it]2026-09-20 21:16:49,132 INFO [rev_util_actionability|paper_align|Qwen3-0.6B] step=61 epoch=0.3031

                                                

 10%|█         | 61/606 [02:15<17:59,  1.98s/it]2026-09-20 21:16:49,597 INFO [rev_util_actionability|paper_align|Qwen3-0.6B] step=61 epoch=0.3031

                                                

 10%|█         | 61/606 [02:15<17:59,  1.98s/it]2026-09-20 21:16:50,066 INFO [rev_util_actionability|paper_align|Qwen3-0.6B] step=61 epoch=0.3031

                                                

 10%|█         | 61/606 [02:16<17:59,  1.98s/it]
 10%|█         | 62/606 [02:16<17:44,  1.96s/it]2026-09-20 21:16:50,568 INFO [rev_util_actionability|paper_align|Qwen3-0.6B] step=62 epoch=0.3081

                                                

 10%|█         | 62/606 [02:16<17:44,  1.96s/it]2026-09-20 21:16:51,032 INFO [rev_util_actionability|paper_align|Qwen3-0.6B] step=62 epoch=0.3081

                                                

 10%|█         | 62/606 [02:17<17:44,  1.96s/it]2026-09-20 21:16:51,498 INFO [rev_util_actionability|paper_align|Qwen3-0.6B] step=62 epoch=0.3081

                                                

 10%|█         | 62/606 [02:17<17:44,  1.96s/it]2026-09-20 21:16:52,011 INFO [rev_util_actionability|paper_align|Qwen3-0.6B] step=62 epoch=0.3081

                                                

 10%|█         | 62/606 [02:18<17:44,  1.96s/it]
 10%|█         | 63/606 [02:18<17:50,  1.97s/it]2026-09-20 21:16:52,605 INFO [rev_util_actionability|paper_align|Qwen3-0.6B] step=63 epoch=0.3130

                                                

 10%|█         | 63/606 [02:18<17:50,  1.97s/it]2026-09-20 21:16:53,168 INFO [rev_util_actionability|paper_align|Qwen3-0.6B] step=63 epoch=0.3130

                                                

 10%|█         | 63/606 [02:19<17:50,  1.97s/it]2026-09-20 21:16:53,725 INFO [rev_util_actionability|paper_align|Qwen3-0.6B] step=63 epoch=0.3130

                                                

 10%|█         | 63/606 [02:19<17:50,  1.97s/it]2026-09-20 21:16:54,198 INFO [rev_util_actionability|paper_align|Qwen3-0.6B] step=63 epoch=0.3130

                                                

 10%|█         | 63/606 [02:20<17:50,  1.97s/it]
 11%|█         | 64/606 [02:20<18:12,  2.02s/it]2026-09-20 21:16:54,692 INFO [rev_util_actionability|paper_align|Qwen3-0.6B] step=64 epoch=0.3180

                                                

 11%|█         | 64/606 [02:20<18:12,  2.02s/it]2026-09-20 21:16:55,153 INFO [rev_util_actionability|paper_align|Qwen3-0.6B] step=64 epoch=0.3180

                                                

 11%|█         | 64/606 [02:21<18:12,  2.02s/it]2026-09-20 21:16:55,617 INFO [rev_util_actionability|paper_align|Qwen3-0.6B] step=64 epoch=0.3180

                                                

 11%|█         | 64/606 [02:21<18:12,  2.02s/it]2026-09-20 21:16:56,092 INFO [rev_util_actionability|paper_align|Qwen3-0.6B] step=64 epoch=0.3180

                                                
{'paper_align_label_loss': '0.09305', 'paper_align_reason_loss': '1.181', 'epoch': '0.2137'}
{'paper_align_label_loss': '0.1549', 'paper_align_reason_loss': '1.162', 'epoch': '0.2137'}
{'paper_align_label_loss': '0.1222', 'paper_align_reason_loss': '1.277', 'epoch': '0.2137'}
{'paper_align_label_loss': '0.2302', 'paper_align_reason_loss': '1.071', 'epoch': '0.2186'}
{'paper_align_label_loss': '0.1378', 'paper_align_reason_loss': '0.9758', 'epoch': '0.2186'}
{'paper_align_label_loss': '0.1845', 'paper_align_reason_loss': '0.8533', 'epoch': '0.2186'}
{'paper_align_label_loss': '0.09741', 'paper_align_reason_loss': '1.156', 'epoch': '0.2186'}
{'paper_align_label_loss': '0.1156', 'paper_align_reason_loss': '1.368', 'epoch': '0.2236'}
{'paper_align_label_loss': '0.2147', 'paper_align_reason_loss': '1.29', 'epoch': '0.2236'}
{'paper_align_label_loss': '0.08922', 'paper_align_reason_loss': '1.064', 'epoch': '0.2236'}
{'paper_align_label_loss': '0.1555', 'paper_align_reason_loss': '0.9439', 'epoch': '0.2236'}
{'paper_align_label_loss': '0.1247', 'paper_align_reason_loss': '1.12', 'epoch': '0.2286'}
{'paper_align_label_loss': '0.09986', 'paper_align_reason_loss': '1.269', 'epoch': '0.2286'}
{'paper_align_label_loss': '0.1779', 'paper_align_reason_loss': '0.8342', 'epoch': '0.2286'}
{'paper_align_label_loss': '0.1047', 'paper_align_reason_loss': '0.9554', 'epoch': '0.2286'}
{'paper_align_label_loss': '0.1323', 'paper_align_reason_loss': '1.171', 'epoch': '0.2335'}
{'paper_align_label_loss': '0.1439', 'paper_align_reason_loss': '0.873', 'epoch': '0.2335'}
{'paper_align_label_loss': '0.03947', 'paper_align_reason_loss': '1.042', 'epoch': '0.2335'}
{'paper_align_label_loss': '0.2748', 'paper_align_reason_loss': '0.8673', 'epoch': '0.2335'}
{'paper_align_label_loss': '0.2178', 'paper_align_reason_loss': '1.071', 'epoch': '0.2385'}
{'paper_align_label_loss': '0.1614', 'paper_align_reason_loss': '1.08', 'epoch': '0.2385'}
{'paper_align_label_loss': '0.1104', 'paper_align_reason_loss': '1.214', 'epoch': '0.2385'}
{'paper_align_label_loss': '0.103', 'paper_align_reason_loss': '1.042', 'epoch': '0.2385'}
{'paper_align_label_loss': '0.01137', 'paper_align_reason_loss': '1.029', 'epoch': '0.2435'}
{'paper_align_label_loss': '0.2727', 'paper_align_reason_loss': '0.8255', 'epoch': '0.2435'}
{'paper_align_label_loss': '0.2237', 'paper_align_reason_loss': '1.004', 'epoch': '0.2435'}
{'paper_align_label_loss': '0.07761', 'paper_align_reason_loss': '0.9346', 'epoch': '0.2435'}
{'loss': '2.38', 'grad_norm': '8.928', 'learning_rate': '9.936e-05', 'epoch': '0.2484'}
{'paper_align_label_loss': '0.6497', 'paper_align_reason_loss': '1.031', 'epoch': '0.2484'}
{'paper_align_label_loss': '0.3742', 'paper_align_reason_loss': '1.025', 'epoch': '0.2484'}
{'paper_align_label_loss': '0.3904', 'paper_align_reason_loss': '1.238', 'epoch': '0.2484'}
{'paper_align_label_loss': '0.157', 'paper_align_reason_loss': '1.181', 'epoch': '0.2484'}
{'paper_align_label_loss': '0.194', 'paper_align_reason_loss': '1.614', 'epoch': '0.2534'}
{'paper_align_label_loss': '0.007792', 'paper_align_reason_loss': '1.033', 'epoch': '0.2534'}
{'paper_align_label_loss': '0.3789', 'paper_align_reason_loss': '1.077', 'epoch': '0.2534'}
{'paper_align_label_loss': '0.1756', 'paper_align_reason_loss': '1.127', 'epoch': '0.2534'}
{'paper_align_label_loss': '0.2166', 'paper_align_reason_loss': '1.187', 'epoch': '0.2584'}
{'paper_align_label_loss': '0.1065', 'paper_align_reason_loss': '0.771', 'epoch': '0.2584'}
{'paper_align_label_loss': '0.1153', 'paper_align_reason_loss': '1.189', 'epoch': '0.2584'}
{'paper_align_label_loss': '0.3831', 'paper_align_reason_loss': '1.301', 'epoch': '0.2584'}
{'paper_align_label_loss': '0.2255', 'paper_align_reason_loss': '1.277', 'epoch': '0.2634'}
{'paper_align_label_loss': '0.1014', 'paper_align_reason_loss': '0.7786', 'epoch': '0.2634'}
{'paper_align_label_loss': '0.1427', 'paper_align_reason_loss': '1.141', 'epoch': '0.2634'}
{'paper_align_label_loss': '0.1253', 'paper_align_reason_loss': '1.05', 'epoch': '0.2634'}
{'paper_align_label_loss': '0.4325', 'paper_align_reason_loss': '1.085', 'epoch': '0.2683'}
{'paper_align_label_loss': '0.1683', 'paper_align_reason_loss': '1.181', 'epoch': '0.2683'}
{'paper_align_label_loss': '0.06787', 'paper_align_reason_loss': '1.028', 'epoch': '0.2683'}
{'paper_align_label_loss': '0.2313', 'paper_align_reason_loss': '0.8801', 'epoch': '0.2683'}
{'paper_align_label_loss': '0.1906', 'paper_align_reason_loss': '1.078', 'epoch': '0.2733'}
{'paper_align_label_loss': '0.3513', 'paper_align_reason_loss': '0.8545', 'epoch': '0.2733'}
{'paper_align_label_loss': '0.09983', 'paper_align_reason_loss': '0.9533', 'epoch': '0.2733'}
{'paper_align_label_loss': '0.08268', 'paper_align_reason_loss': '1.256', 'epoch': '0.2733'}
{'paper_align_label_loss': '0.1014', 'paper_align_reason_loss': '0.9509', 'epoch': '0.2783'}
{'paper_align_label_loss': '0.12', 'paper_align_reason_loss': '0.9973', 'epoch': '0.2783'}
{'paper_align_label_loss': '0.1817', 'paper_align_reason_loss': '0.9956', 'epoch': '0.2783'}
{'paper_align_label_loss': '0.1131', 'paper_align_reason_loss': '0.8868', 'epoch': '0.2783'}
{'paper_align_label_loss': '0.1354', 'paper_align_reason_loss': '1.188', 'epoch': '0.2832'}
{'paper_align_label_loss': '0.158', 'paper_align_reason_loss': '1.094', 'epoch': '0.2832'}
{'paper_align_label_loss': '0.1875', 'paper_align_reason_loss': '1.017', 'epoch': '0.2832'}
{'paper_align_label_loss': '0.1797', 'paper_align_reason_loss': '1.057', 'epoch': '0.2832'}
{'paper_align_label_loss': '0.1953', 'paper_align_reason_loss': '1.073', 'epoch': '0.2882'}
{'paper_align_label_loss': '0.09995', 'paper_align_reason_loss': '0.9388', 'epoch': '0.2882'}
{'paper_align_label_loss': '0.1411', 'paper_align_reason_loss': '0.9397', 'epoch': '0.2882'}
{'paper_align_label_loss': '0.112', 'paper_align_reason_loss': '0.8681', 'epoch': '0.2882'}
{'paper_align_label_loss': '0.09892', 'paper_align_reason_loss': '1.029', 'epoch': '0.2932'}
{'paper_align_label_loss': '0.129', 'paper_align_reason_loss': '1.145', 'epoch': '0.2932'}
{'paper_align_label_loss': '0.09823', 'paper_align_reason_loss': '1.05', 'epoch': '0.2932'}
{'paper_align_label_loss': '0.113', 'paper_align_reason_loss': '0.9305', 'epoch': '0.2932'}
{'loss': '2.501', 'grad_norm': '3.544', 'learning_rate': '9.886e-05', 'epoch': '0.2981'}
{'paper_align_label_loss': '0.09183', 'paper_align_reason_loss': '0.855', 'epoch': '0.2981'}
{'paper_align_label_loss': '0.1501', 'paper_align_reason_loss': '1.237', 'epoch': '0.2981'}
{'paper_align_label_loss': '0.1168', 'paper_align_reason_loss': '1.021', 'epoch': '0.2981'}
{'paper_align_label_loss': '0.1358', 'paper_align_reason_loss': '1.037', 'epoch': '0.2981'}
{'paper_align_label_loss': '0.1942', 'paper_align_reason_loss': '1.208', 'epoch': '0.3031'}
{'paper_align_label_loss': '0.08052', 'paper_align_reason_loss': '0.9604', 'epoch': '0.3031'}
{'paper_align_label_loss': '0.2404', 'paper_align_reason_loss': '1.027', 'epoch': '0.3031'}
{'paper_align_label_loss': '0.1407', 'paper_align_reason_loss': '1.12', 'epoch': '0.3031'}
{'paper_align_label_loss': '0.1729', 'paper_align_reason_loss': '0.8881', 'epoch': '0.3081'}
{'paper_align_label_loss': '0.05486', 'paper_align_reason_loss': '1.007', 'epoch': '0.3081'}
{'paper_align_label_loss': '0.1452', 'paper_align_reason_loss': '1.17', 'epoch': '0.3081'}
{'paper_align_label_loss': '0.1983', 'paper_align_reason_loss': '1.102', 'epoch': '0.3081'}
{'paper_align_label_loss': '0.0931', 'paper_align_reason_loss': '0.9377', 'epoch': '0.313'}
{'paper_align_label_loss': '0.09206', 'paper_align_reason_loss': '0.7727', 'epoch': '0.313'}
{'paper_align_label_loss': '0.1222', 'paper_align_reason_loss': '1.065', 'epoch': '0.313'}
{'paper_align_label_loss': '0.05304', 'paper_align_reason_loss': '0.7856', 'epoch': '0.313'}
{'paper_align_label_loss': '0.2326', 'paper_align_reason_loss': '1.262', 'epoch': '0.318'}
{'paper_align_label_loss': '0.1352', 'paper_align_reason_loss': '0.9733', 'epoch': '0.318'}
{'paper_align_label_loss': '0.1035', 'paper_align_reason_loss': '1.2', 'epoch': '0.318'}

 11%|█         | 64/606 [02:22<18:12,  2.02s/it]
 11%|█         | 65/606 [02:22<17:52,  1.98s/it]2026-09-20 21:16:56,600 INFO [rev_util_actionability|paper_align|Qwen3-0.6B] step=65 epoch=0.3230

                                                

 11%|█         | 65/606 [02:22<17:52,  1.98s/it]2026-09-20 21:16:57,067 INFO [rev_util_actionability|paper_align|Qwen3-0.6B] step=65 epoch=0.3230

                                                

 11%|█         | 65/606 [02:23<17:52,  1.98s/it]2026-09-20 21:16:57,704 INFO [rev_util_actionability|paper_align|Qwen3-0.6B] step=65 epoch=0.3230

                                                

 11%|█         | 65/606 [02:23<17:52,  1.98s/it]2026-09-20 21:16:58,185 INFO [rev_util_actionability|paper_align|Qwen3-0.6B] step=65 epoch=0.3230

                                                

 11%|█         | 65/606 [02:24<17:52,  1.98s/it]
 11%|█         | 66/606 [02:24<18:07,  2.01s/it]2026-09-20 21:16:58,685 INFO [rev_util_actionability|paper_align|Qwen3-0.6B] step=66 epoch=0.3280

                                                

 11%|█         | 66/606 [02:24<18:07,  2.01s/it]2026-09-20 21:16:59,147 INFO [rev_util_actionability|paper_align|Qwen3-0.6B] step=66 epoch=0.3280

                                                

 11%|█         | 66/606 [02:25<18:07,  2.01s/it]2026-09-20 21:16:59,611 INFO [rev_util_actionability|paper_align|Qwen3-0.6B] step=66 epoch=0.3280

                                                

 11%|█         | 66/606 [02:25<18:07,  2.01s/it]2026-09-20 21:17:00,076 INFO [rev_util_actionability|paper_align|Qwen3-0.6B] step=66 epoch=0.3280

                                                

 11%|█         | 66/606 [02:26<18:07,  2.01s/it]
 11%|█         | 67/606 [02:26<17:45,  1.98s/it]2026-09-20 21:17:00,577 INFO [rev_util_actionability|paper_align|Qwen3-0.6B] step=67 epoch=0.3329

                                                

 11%|█         | 67/606 [02:26<17:45,  1.98s/it]2026-09-20 21:17:01,052 INFO [rev_util_actionability|paper_align|Qwen3-0.6B] step=67 epoch=0.3329

                                                

 11%|█         | 67/606 [02:27<17:45,  1.98s/it]2026-09-20 21:17:01,511 INFO [rev_util_actionability|paper_align|Qwen3-0.6B] step=67 epoch=0.3329

                                                

 11%|█         | 67/606 [02:27<17:45,  1.98s/it]2026-09-20 21:17:01,969 INFO [rev_util_actionability|paper_align|Qwen3-0.6B] step=67 epoch=0.3329

                                                

 11%|█         | 67/606 [02:28<17:45,  1.98s/it]
 11%|█         | 68/606 [02:28<17:29,  1.95s/it]2026-09-20 21:17:02,470 INFO [rev_util_actionability|paper_align|Qwen3-0.6B] step=68 epoch=0.3379

                                                

 11%|█         | 68/606 [02:28<17:29,  1.95s/it]2026-09-20 21:17:02,933 INFO [rev_util_actionability|paper_align|Qwen3-0.6B] step=68 epoch=0.3379

                                                

 11%|█         | 68/606 [02:29<17:29,  1.95s/it]2026-09-20 21:17:03,405 INFO [rev_util_actionability|paper_align|Qwen3-0.6B] step=68 epoch=0.3379

                                                

 11%|█         | 68/606 [02:29<17:29,  1.95s/it]2026-09-20 21:17:03,879 INFO [rev_util_actionability|paper_align|Qwen3-0.6B] step=68 epoch=0.3379

                                                

 11%|█         | 68/606 [02:29<17:29,  1.95s/it]
 11%|█▏        | 69/606 [02:30<17:21,  1.94s/it]2026-09-20 21:17:04,379 INFO [rev_util_actionability|paper_align|Qwen3-0.6B] step=69 epoch=0.3429

                                                

 11%|█▏        | 69/606 [02:30<17:21,  1.94s/it]2026-09-20 21:17:04,841 INFO [rev_util_actionability|paper_align|Qwen3-0.6B] step=69 epoch=0.3429

                                                

 11%|█▏        | 69/606 [02:30<17:21,  1.94s/it]2026-09-20 21:17:05,320 INFO [rev_util_actionability|paper_align|Qwen3-0.6B] step=69 epoch=0.3429

                                                

 11%|█▏        | 69/606 [02:31<17:21,  1.94s/it]2026-09-20 21:17:05,781 INFO [rev_util_actionability|paper_align|Qwen3-0.6B] step=69 epoch=0.3429

                                                

 11%|█▏        | 69/606 [02:31<17:21,  1.94s/it]
 12%|█▏        | 70/606 [02:32<17:15,  1.93s/it]2026-09-20 21:17:06,118 INFO [rev_util_actionability|paper_align|Qwen3-0.6B] step=70 loss=2.3529 learning_rate=0.0001 epoch=0.3478

                                                

 12%|█▏        | 70/606 [02:32<17:15,  1.93s/it]2026-09-20 21:17:06,298 INFO [rev_util_actionability|paper_align|Qwen3-0.6B] step=70 epoch=0.3478

                                                

 12%|█▏        | 70/606 [02:32<17:15,  1.93s/it]2026-09-20 21:17:06,763 INFO [rev_util_actionability|paper_align|Qwen3-0.6B] step=70 epoch=0.3478

                                                

 12%|█▏        | 70/606 [02:32<17:15,  1.93s/it]2026-09-20 21:17:07,437 INFO [rev_util_actionability|paper_align|Qwen3-0.6B] step=70 epoch=0.3478

                                                

 12%|█▏        | 70/606 [02:33<17:15,  1.93s/it]2026-09-20 21:17:07,901 INFO [rev_util_actionability|paper_align|Qwen3-0.6B] step=70 epoch=0.3478

                                                

 12%|█▏        | 70/606 [02:34<17:15,  1.93s/it]
 12%|█▏        | 71/606 [02:34<17:41,  1.98s/it]2026-09-20 21:17:08,396 INFO [rev_util_actionability|paper_align|Qwen3-0.6B] step=71 epoch=0.3528

                                                

 12%|█▏        | 71/606 [02:34<17:41,  1.98s/it]2026-09-20 21:17:08,863 INFO [rev_util_actionability|paper_align|Qwen3-0.6B] step=71 epoch=0.3528

                                                

 12%|█▏        | 71/606 [02:34<17:41,  1.98s/it]2026-09-20 21:17:09,330 INFO [rev_util_actionability|paper_align|Qwen3-0.6B] step=71 epoch=0.3528

                                                

 12%|█▏        | 71/606 [02:35<17:41,  1.98s/it]2026-09-20 21:17:09,796 INFO [rev_util_actionability|paper_align|Qwen3-0.6B] step=71 epoch=0.3528

                                                

 12%|█▏        | 71/606 [02:35<17:41,  1.98s/it]
 12%|█▏        | 72/606 [02:36<17:25,  1.96s/it]2026-09-20 21:17:10,300 INFO [rev_util_actionability|paper_align|Qwen3-0.6B] step=72 epoch=0.3578

                                                

 12%|█▏        | 72/606 [02:36<17:25,  1.96s/it]2026-09-20 21:17:10,760 INFO [rev_util_actionability|paper_align|Qwen3-0.6B] step=72 epoch=0.3578

                                                

 12%|█▏        | 72/606 [02:36<17:25,  1.96s/it]2026-09-20 21:17:11,225 INFO [rev_util_actionability|paper_align|Qwen3-0.6B] step=72 epoch=0.3578

                                                

 12%|█▏        | 72/606 [02:37<17:25,  1.96s/it]2026-09-20 21:17:11,698 INFO [rev_util_actionability|paper_align|Qwen3-0.6B] step=72 epoch=0.3578

                                                

 12%|█▏        | 72/606 [02:37<17:25,  1.96s/it]
 12%|█▏        | 73/606 [02:38<17:15,  1.94s/it]2026-09-20 21:17:12,206 INFO [rev_util_actionability|paper_align|Qwen3-0.6B] step=73 epoch=0.3627

                                                

 12%|█▏        | 73/606 [02:38<17:15,  1.94s/it]2026-09-20 21:17:12,669 INFO [rev_util_actionability|paper_align|Qwen3-0.6B] step=73 epoch=0.3627

                                                

 12%|█▏        | 73/606 [02:38<17:15,  1.94s/it]2026-09-20 21:17:13,139 INFO [rev_util_actionability|paper_align|Qwen3-0.6B] step=73 epoch=0.3627

                                                

 12%|█▏        | 73/606 [02:39<17:15,  1.94s/it]2026-09-20 21:17:13,609 INFO [rev_util_actionability|paper_align|Qwen3-0.6B] step=73 epoch=0.3627

                                                

 12%|█▏        | 73/606 [02:39<17:15,  1.94s/it]
 12%|█▏        | 74/606 [02:40<17:07,  1.93s/it]2026-09-20 21:17:14,103 INFO [rev_util_actionability|paper_align|Qwen3-0.6B] step=74 epoch=0.3677

                                                

 12%|█▏        | 74/606 [02:40<17:07,  1.93s/it]2026-09-20 21:17:14,555 INFO [rev_util_actionability|paper_align|Qwen3-0.6B] step=74 epoch=0.3677

                                                

 12%|█▏        | 74/606 [02:40<17:07,  1.93s/it]2026-09-20 21:17:15,020 INFO [rev_util_actionability|paper_align|Qwen3-0.6B] step=74 epoch=0.3677

                                                

 12%|█▏        | 74/606 [02:41<17:07,  1.93s/it]2026-09-20 21:17:15,496 INFO [rev_util_actionability|paper_align|Qwen3-0.6B] step=74 epoch=0.3677

                                                

 12%|█▏        | 74/606 [02:41<17:07,  1.93s/it]
 12%|█▏        | 75/606 [02:41<16:58,  1.92s/it]2026-09-20 21:17:16,005 INFO [rev_util_actionability|paper_align|Qwen3-0.6B] step=75 epoch=0.3727

                                                

 12%|█▏        | 75/606 [02:42<16:58,  1.92s/it]2026-09-20 21:17:16,466 INFO [rev_util_actionability|paper_align|Qwen3-0.6B] step=75 epoch=0.3727

                                                

 12%|█▏        | 75/606 [02:42<16:58,  1.92s/it]2026-09-20 21:17:16,931 INFO [rev_util_actionability|paper_align|Qwen3-0.6B] step=75 epoch=0.3727

                                                

 12%|█▏        | 75/606 [02:43<16:58,  1.92s/it]2026-09-20 21:17:17,567 INFO [rev_util_actionability|paper_align|Qwen3-0.6B] step=75 epoch=0.3727

                                                

 12%|█▏        | 75/606 [02:43<16:58,  1.92s/it]
 13%|█▎        | 76/606 [02:44<17:21,  1.96s/it]2026-09-20 21:17:18,067 INFO [rev_util_actionability|paper_align|Qwen3-0.6B] step=76 epoch=0.3776

                                                

 13%|█▎        | 76/606 [02:44<17:21,  1.96s/it]2026-09-20 21:17:18,527 INFO [rev_util_actionability|paper_align|Qwen3-0.6B] step=76 epoch=0.3776

                                                

 13%|█▎        | 76/606 [02:44<17:21,  1.96s/it]2026-09-20 21:17:18,994 INFO [rev_util_actionability|paper_align|Qwen3-0.6B] step=76 epoch=0.3776

                                                

 13%|█▎        | 76/606 [02:45<17:21,  1.96s/it]2026-09-20 21:17:19,452 INFO [rev_util_actionability|paper_align|Qwen3-0.6B] step=76 epoch=0.3776

                                                

 13%|█▎        | 76/606 [02:45<17:21,  1.96s/it]
 13%|█▎        | 77/606 [02:45<17:05,  1.94s/it]2026-09-20 21:17:19,948 INFO [rev_util_actionability|paper_align|Qwen3-0.6B] step=77 epoch=0.3826

                                                

 13%|█▎        | 77/606 [02:46<17:05,  1.94s/it]2026-09-20 21:17:20,413 INFO [rev_util_actionability|paper_align|Qwen3-0.6B] step=77 epoch=0.3826

                                                

 13%|█▎        | 77/606 [02:46<17:05,  1.94s/it]2026-09-20 21:17:20,874 INFO [rev_util_actionability|paper_align|Qwen3-0.6B] step=77 epoch=0.3826

                                                

 13%|█▎        | 77/606 [02:46<17:05,  1.94s/it]2026-09-20 21:17:21,336 INFO [rev_util_actionability|paper_align|Qwen3-0.6B] step=77 epoch=0.3826

                                                

 13%|█▎        | 77/606 [02:47<17:05,  1.94s/it]
 13%|█▎        | 78/606 [02:47<16:54,  1.92s/it]2026-09-20 21:17:21,830 INFO [rev_util_actionability|paper_align|Qwen3-0.6B] step=78 epoch=0.3876

                                                

 13%|█▎        | 78/606 [02:47<16:54,  1.92s/it]2026-09-20 21:17:22,289 INFO [rev_util_actionability|paper_align|Qwen3-0.6B] step=78 epoch=0.3876

                                                

 13%|█▎        | 78/606 [02:48<16:54,  1.92s/it]2026-09-20 21:17:22,760 INFO [rev_util_actionability|paper_align|Qwen3-0.6B] step=78 epoch=0.3876

                                                

 13%|█▎        | 78/606 [02:48<16:54,  1.92s/it]2026-09-20 21:17:23,230 INFO [rev_util_actionability|paper_align|Qwen3-0.6B] step=78 epoch=0.3876

                                                

 13%|█▎        | 78/606 [02:49<16:54,  1.92s/it]
 13%|█▎        | 79/606 [02:49<16:49,  1.92s/it]2026-09-20 21:17:23,733 INFO [rev_util_actionability|paper_align|Qwen3-0.6B] step=79 epoch=0.3925

                                                

 13%|█▎        | 79/606 [02:49<16:49,  1.92s/it]2026-09-20 21:17:24,197 INFO [rev_util_actionability|paper_align|Qwen3-0.6B] step=79 epoch=0.3925

                                                

 13%|█▎        | 79/606 [02:50<16:49,  1.92s/it]2026-09-20 21:17:24,665 INFO [rev_util_actionability|paper_align|Qwen3-0.6B] step=79 epoch=0.3925

                                                

 13%|█▎        | 79/606 [02:50<16:49,  1.92s/it]2026-09-20 21:17:25,129 INFO [rev_util_actionability|paper_align|Qwen3-0.6B] step=79 epoch=0.3925

                                                

 13%|█▎        | 79/606 [02:51<16:49,  1.92s/it]
 13%|█▎        | 80/606 [02:51<16:45,  1.91s/it]2026-09-20 21:17:25,452 INFO [rev_util_actionability|paper_align|Qwen3-0.6B] step=80 loss=2.2757 learning_rate=0.0001 epoch=0.3975

                                                

 13%|█▎        | 80/606 [02:51<16:45,  1.91s/it]2026-09-20 21:17:25,630 INFO [rev_util_actionability|paper_align|Qwen3-0.6B] step=80 epoch=0.3975

                                                

 13%|█▎        | 80/606 [02:51<16:45,  1.91s/it]2026-09-20 21:17:26,089 INFO [rev_util_actionability|paper_align|Qwen3-0.6B] step=80 epoch=0.3975

                                                

 13%|█▎        | 80/606 [02:52<16:45,  1.91s/it]2026-09-20 21:17:26,553 INFO [rev_util_actionability|paper_align|Qwen3-0.6B] step=80 epoch=0.3975

                                                

 13%|█▎        | 80/606 [02:52<16:45,  1.91s/it]2026-09-20 21:17:27,227 INFO [rev_util_actionability|paper_align|Qwen3-0.6B] step=80 epoch=0.3975

                                                

 13%|█▎        | 80/606 [02:53<16:45,  1.91s/it]
 13%|█▎        | 81/606 [02:53<17:20,  1.98s/it]2026-09-20 21:17:27,812 INFO [rev_util_actionability|paper_align|Qwen3-0.6B] step=81 epoch=0.4025

                                                

 13%|█▎        | 81/606 [02:53<17:20,  1.98s/it]2026-09-20 21:17:28,369 INFO [rev_util_actionability|paper_align|Qwen3-0.6B] step=81 epoch=0.4025

                                                

 13%|█▎        | 81/606 [02:54<17:20,  1.98s/it]2026-09-20 21:17:28,971 INFO [rev_util_actionability|paper_align|Qwen3-0.6B] step=81 epoch=0.4025

                                                

 13%|█▎        | 81/606 [02:55<17:20,  1.98s/it]2026-09-20 21:17:29,529 INFO [rev_util_actionability|paper_align|Qwen3-0.6B] step=81 epoch=0.4025

                                                

 13%|█▎        | 81/606 [02:55<17:20,  1.98s/it]
 14%|█▎        | 82/606 [02:56<18:11,  2.08s/it]2026-09-20 21:17:30,129 INFO [rev_util_actionability|paper_align|Qwen3-0.6B] step=82 epoch=0.4075

                                                

 14%|█▎        | 82/606 [02:56<18:11,  2.08s/it]2026-09-20 21:17:30,674 INFO [rev_util_actionability|paper_align|Qwen3-0.6B] step=82 epoch=0.4075

                                                

 14%|█▎        | 82/606 [02:56<18:11,  2.08s/it]2026-09-20 21:17:31,196 INFO [rev_util_actionability|paper_align|Qwen3-0.6B] step=82 epoch=0.4075

                                                

 14%|█▎        | 82/606 [02:57<18:11,  2.08s/it]2026-09-20 21:17:31,671 INFO [rev_util_actionability|paper_align|Qwen3-0.6B] step=82 epoch=0.4075

                                                

 14%|█▎        | 82/606 [02:57<18:11,  2.08s/it]
 14%|█▎        | 83/606 [02:58<18:08,  2.08s/it]2026-09-20 21:17:32,173 INFO [rev_util_actionability|paper_align|Qwen3-0.6B] step=83 epoch=0.4124

                                                

 14%|█▎        | 83/606 [02:58<18:08,  2.08s/it]2026-09-20 21:17:32,644 INFO [rev_util_actionability|paper_align|Qwen3-0.6B] step=83 epoch=0.4124

                                                

 14%|█▎        | 83/606 [02:58<18:08,  2.08s/it]2026-09-20 21:17:33,111 INFO [rev_util_actionability|paper_align|Qwen3-0.6B] step=83 epoch=0.4124

                                                

 14%|█▎        | 83/606 [02:59<18:08,  2.08s/it]2026-09-20 21:17:33,579 INFO [rev_util_actionability|paper_align|Qwen3-0.6B] step=83 epoch=0.4124

                                                

 14%|█▎        | 83/606 [02:59<18:08,  2.08s/it]
 14%|█▍        | 84/606 [03:00<17:40,  2.03s/it]2026-09-20 21:17:34,086 INFO [rev_util_actionability|paper_align|Qwen3-0.6B] step=84 epoch=0.4174

                                                

 14%|█▍        | 84/606 [03:00<17:40,  2.03s/it]2026-09-20 21:17:34,547 INFO [rev_util_actionability|paper_align|Qwen3-0.6B] step=84 epoch=0.4174

                                                

 14%|█▍        | 84/606 [03:00<17:40,  2.03s/it]2026-09-20 21:17:35,012 INFO [rev_util_actionability|paper_align|Qwen3-0.6B] step=84 epoch=0.4174

                                                

 14%|█▍        | 84/606 [03:01<17:40,  2.03s/it]2026-09-20 21:17:35,474 INFO [rev_util_actionability|paper_align|Qwen3-0.6B] step=84 epoch=0.4174

                                                

 14%|█▍        | 84/606 [03:01<17:40,  2.03s/it]
 14%|█▍        | 85/606 [03:01<17:16,  1.99s/it]2026-09-20 21:17:35,977 INFO [rev_util_actionability|paper_align|Qwen3-0.6B] step=85 epoch=0.4224

                                                

 14%|█▍        | 85/606 [03:02<17:16,  1.99s/it]2026-09-20 21:17:36,439 INFO [rev_util_actionability|paper_align|Qwen3-0.6B] step=85 epoch=0.4224

                                                

 14%|█▍        | 85/606 [03:02<17:16,  1.99s/it]2026-09-20 21:17:36,907 INFO [rev_util_actionability|paper_align|Qwen3-0.6B] step=85 epoch=0.4224

                                                

 14%|█▍        | 85/606 [03:03<17:16,  1.99s/it]2026-09-20 21:17:37,552 INFO [rev_util_actionability|paper_align|Qwen3-0.6B] step=85 epoch=0.4224

                                                

 14%|█▍        | 85/606 [03:03<17:16,  1.99s/it]
 14%|█▍        | 86/606 [03:03<17:28,  2.02s/it]2026-09-20 21:17:38,070 INFO [rev_util_actionability|paper_align|Qwen3-0.6B] step=86 epoch=0.4273

                                                

 14%|█▍        | 86/606 [03:04<17:28,  2.02s/it]2026-09-20 21:17:38,622 INFO [rev_util_actionability|paper_align|Qwen3-0.6B] step=86 epoch=0.4273

                                                
{'paper_align_label_loss': '0.06598', 'paper_align_reason_loss': '0.7102', 'epoch': '0.318'}
{'paper_align_label_loss': '0.1276', 'paper_align_reason_loss': '0.9481', 'epoch': '0.323'}
{'paper_align_label_loss': '0.04541', 'paper_align_reason_loss': '1.48', 'epoch': '0.323'}
{'paper_align_label_loss': '0.1656', 'paper_align_reason_loss': '0.913', 'epoch': '0.323'}
{'paper_align_label_loss': '0.1341', 'paper_align_reason_loss': '1.058', 'epoch': '0.323'}
{'paper_align_label_loss': '0.102', 'paper_align_reason_loss': '0.9438', 'epoch': '0.328'}
{'paper_align_label_loss': '0.08338', 'paper_align_reason_loss': '0.9367', 'epoch': '0.328'}
{'paper_align_label_loss': '0.1682', 'paper_align_reason_loss': '1.088', 'epoch': '0.328'}
{'paper_align_label_loss': '0.225', 'paper_align_reason_loss': '0.993', 'epoch': '0.328'}
{'paper_align_label_loss': '0.1126', 'paper_align_reason_loss': '0.8322', 'epoch': '0.3329'}
{'paper_align_label_loss': '0.1648', 'paper_align_reason_loss': '1.105', 'epoch': '0.3329'}
{'paper_align_label_loss': '0.04745', 'paper_align_reason_loss': '1.394', 'epoch': '0.3329'}
{'paper_align_label_loss': '0.06729', 'paper_align_reason_loss': '0.8806', 'epoch': '0.3329'}
{'paper_align_label_loss': '0.1015', 'paper_align_reason_loss': '1.321', 'epoch': '0.3379'}
{'paper_align_label_loss': '0.2341', 'paper_align_reason_loss': '0.9247', 'epoch': '0.3379'}
{'paper_align_label_loss': '0.1839', 'paper_align_reason_loss': '0.9697', 'epoch': '0.3379'}
{'paper_align_label_loss': '0.1218', 'paper_align_reason_loss': '1.026', 'epoch': '0.3379'}
{'paper_align_label_loss': '0.05007', 'paper_align_reason_loss': '1.357', 'epoch': '0.3429'}
{'paper_align_label_loss': '0.1983', 'paper_align_reason_loss': '1.113', 'epoch': '0.3429'}
{'paper_align_label_loss': '0.1589', 'paper_align_reason_loss': '1.25', 'epoch': '0.3429'}
{'paper_align_label_loss': '0.1761', 'paper_align_reason_loss': '0.895', 'epoch': '0.3429'}
{'loss': '2.353', 'grad_norm': '4.964', 'learning_rate': '9.822e-05', 'epoch': '0.3478'}
{'paper_align_label_loss': '0.1937', 'paper_align_reason_loss': '1.215', 'epoch': '0.3478'}
{'paper_align_label_loss': '0.02078', 'paper_align_reason_loss': '0.7419', 'epoch': '0.3478'}
{'paper_align_label_loss': '0.02737', 'paper_align_reason_loss': '0.8867', 'epoch': '0.3478'}
{'paper_align_label_loss': '0.1945', 'paper_align_reason_loss': '1.05', 'epoch': '0.3478'}
{'paper_align_label_loss': '0.1402', 'paper_align_reason_loss': '0.7632', 'epoch': '0.3528'}
{'paper_align_label_loss': '0.06352', 'paper_align_reason_loss': '0.9907', 'epoch': '0.3528'}
{'paper_align_label_loss': '0.05746', 'paper_align_reason_loss': '0.9536', 'epoch': '0.3528'}
{'paper_align_label_loss': '0.3419', 'paper_align_reason_loss': '0.9482', 'epoch': '0.3528'}
{'paper_align_label_loss': '0.2041', 'paper_align_reason_loss': '1.198', 'epoch': '0.3578'}
{'paper_align_label_loss': '0.1774', 'paper_align_reason_loss': '1.02', 'epoch': '0.3578'}
{'paper_align_label_loss': '0.1176', 'paper_align_reason_loss': '0.9431', 'epoch': '0.3578'}
{'paper_align_label_loss': '0.07292', 'paper_align_reason_loss': '1.003', 'epoch': '0.3578'}
{'paper_align_label_loss': '0.1173', 'paper_align_reason_loss': '1.297', 'epoch': '0.3627'}
{'paper_align_label_loss': '0.1156', 'paper_align_reason_loss': '0.8173', 'epoch': '0.3627'}
{'paper_align_label_loss': '0.1913', 'paper_align_reason_loss': '0.8852', 'epoch': '0.3627'}
{'paper_align_label_loss': '0.08241', 'paper_align_reason_loss': '0.9593', 'epoch': '0.3627'}
{'paper_align_label_loss': '0.05878', 'paper_align_reason_loss': '0.8529', 'epoch': '0.3677'}
{'paper_align_label_loss': '0.1224', 'paper_align_reason_loss': '0.9715', 'epoch': '0.3677'}
{'paper_align_label_loss': '0.096', 'paper_align_reason_loss': '1.009', 'epoch': '0.3677'}
{'paper_align_label_loss': '0.04866', 'paper_align_reason_loss': '0.8543', 'epoch': '0.3677'}
{'paper_align_label_loss': '0.2325', 'paper_align_reason_loss': '1.345', 'epoch': '0.3727'}
{'paper_align_label_loss': '0.1639', 'paper_align_reason_loss': '0.8608', 'epoch': '0.3727'}
{'paper_align_label_loss': '0.1354', 'paper_align_reason_loss': '1.17', 'epoch': '0.3727'}
{'paper_align_label_loss': '0.06067', 'paper_align_reason_loss': '1.024', 'epoch': '0.3727'}
{'paper_align_label_loss': '0.08782', 'paper_align_reason_loss': '1.144', 'epoch': '0.3776'}
{'paper_align_label_loss': '0.1061', 'paper_align_reason_loss': '1.174', 'epoch': '0.3776'}
{'paper_align_label_loss': '0.1922', 'paper_align_reason_loss': '1.079', 'epoch': '0.3776'}
{'paper_align_label_loss': '0.09416', 'paper_align_reason_loss': '1.005', 'epoch': '0.3776'}
{'paper_align_label_loss': '0.07768', 'paper_align_reason_loss': '0.9205', 'epoch': '0.3826'}
{'paper_align_label_loss': '0.2598', 'paper_align_reason_loss': '0.9681', 'epoch': '0.3826'}
{'paper_align_label_loss': '0.1961', 'paper_align_reason_loss': '0.8686', 'epoch': '0.3826'}
{'paper_align_label_loss': '0.1123', 'paper_align_reason_loss': '0.946', 'epoch': '0.3826'}
{'paper_align_label_loss': '0.1045', 'paper_align_reason_loss': '0.8999', 'epoch': '0.3876'}
{'paper_align_label_loss': '0.2671', 'paper_align_reason_loss': '0.995', 'epoch': '0.3876'}
{'paper_align_label_loss': '0.2347', 'paper_align_reason_loss': '1.055', 'epoch': '0.3876'}
{'paper_align_label_loss': '0.0585', 'paper_align_reason_loss': '0.9889', 'epoch': '0.3876'}
{'paper_align_label_loss': '0.1436', 'paper_align_reason_loss': '1.008', 'epoch': '0.3925'}
{'paper_align_label_loss': '0.0475', 'paper_align_reason_loss': '1.162', 'epoch': '0.3925'}
{'paper_align_label_loss': '0.09861', 'paper_align_reason_loss': '1.063', 'epoch': '0.3925'}
{'paper_align_label_loss': '0.2594', 'paper_align_reason_loss': '1.101', 'epoch': '0.3925'}
{'loss': '2.276', 'grad_norm': '3.875', 'learning_rate': '9.744e-05', 'epoch': '0.3975'}
{'paper_align_label_loss': '0.3364', 'paper_align_reason_loss': '1.119', 'epoch': '0.3975'}
{'paper_align_label_loss': '0.04842', 'paper_align_reason_loss': '0.859', 'epoch': '0.3975'}
{'paper_align_label_loss': '0.2195', 'paper_align_reason_loss': '0.8334', 'epoch': '0.3975'}
{'paper_align_label_loss': '0.04965', 'paper_align_reason_loss': '0.9016', 'epoch': '0.3975'}
{'paper_align_label_loss': '0.2685', 'paper_align_reason_loss': '0.9753', 'epoch': '0.4025'}
{'paper_align_label_loss': '0.1419', 'paper_align_reason_loss': '1.389', 'epoch': '0.4025'}
{'paper_align_label_loss': '0.226', 'paper_align_reason_loss': '0.8771', 'epoch': '0.4025'}
{'paper_align_label_loss': '0.01507', 'paper_align_reason_loss': '1.274', 'epoch': '0.4025'}
{'paper_align_label_loss': '0.06836', 'paper_align_reason_loss': '0.8753', 'epoch': '0.4075'}
{'paper_align_label_loss': '0.09255', 'paper_align_reason_loss': '1.192', 'epoch': '0.4075'}
{'paper_align_label_loss': '0.1871', 'paper_align_reason_loss': '1.033', 'epoch': '0.4075'}
{'paper_align_label_loss': '0.1267', 'paper_align_reason_loss': '1.069', 'epoch': '0.4075'}
{'paper_align_label_loss': '0.08419', 'paper_align_reason_loss': '1.01', 'epoch': '0.4124'}
{'paper_align_label_loss': '0.182', 'paper_align_reason_loss': '1.097', 'epoch': '0.4124'}
{'paper_align_label_loss': '0.09749', 'paper_align_reason_loss': '1.131', 'epoch': '0.4124'}
{'paper_align_label_loss': '0.09737', 'paper_align_reason_loss': '1.166', 'epoch': '0.4124'}
{'paper_align_label_loss': '0.09049', 'paper_align_reason_loss': '0.822', 'epoch': '0.4174'}
{'paper_align_label_loss': '0.1177', 'paper_align_reason_loss': '0.7704', 'epoch': '0.4174'}
{'paper_align_label_loss': '0.1277', 'paper_align_reason_loss': '0.7955', 'epoch': '0.4174'}
{'paper_align_label_loss': '0.1346', 'paper_align_reason_loss': '1.005', 'epoch': '0.4174'}
{'paper_align_label_loss': '0.0634', 'paper_align_reason_loss': '0.9169', 'epoch': '0.4224'}
{'paper_align_label_loss': '0.05342', 'paper_align_reason_loss': '0.9774', 'epoch': '0.4224'}
{'paper_align_label_loss': '0.1476', 'paper_align_reason_loss': '0.7169', 'epoch': '0.4224'}
{'paper_align_label_loss': '0.06246', 'paper_align_reason_loss': '1.285', 'epoch': '0.4224'}
{'paper_align_label_loss': '0.1162', 'paper_align_reason_loss': '0.8219', 'epoch': '0.4273'}

 14%|█▍        | 86/606 [03:04<17:28,  2.02s/it]2026-09-20 21:17:39,180 INFO [rev_util_actionability|paper_align|Qwen3-0.6B] step=86 epoch=0.4273

                                                

 14%|█▍        | 86/606 [03:05<17:28,  2.02s/it]2026-09-20 21:17:39,727 INFO [rev_util_actionability|paper_align|Qwen3-0.6B] step=86 epoch=0.4273

                                                

 14%|█▍        | 86/606 [03:05<17:28,  2.02s/it]
 14%|█▍        | 87/606 [03:06<17:59,  2.08s/it]2026-09-20 21:17:40,317 INFO [rev_util_actionability|paper_align|Qwen3-0.6B] step=87 epoch=0.4323

                                                

 14%|█▍        | 87/606 [03:06<17:59,  2.08s/it]2026-09-20 21:17:40,804 INFO [rev_util_actionability|paper_align|Qwen3-0.6B] step=87 epoch=0.4323

                                                

 14%|█▍        | 87/606 [03:06<17:59,  2.08s/it]2026-09-20 21:17:41,284 INFO [rev_util_actionability|paper_align|Qwen3-0.6B] step=87 epoch=0.4323

                                                

 14%|█▍        | 87/606 [03:07<17:59,  2.08s/it]2026-09-20 21:17:41,744 INFO [rev_util_actionability|paper_align|Qwen3-0.6B] step=87 epoch=0.4323

                                                

 14%|█▍        | 87/606 [03:07<17:59,  2.08s/it]
 15%|█▍        | 88/606 [03:08<17:38,  2.04s/it]2026-09-20 21:17:42,240 INFO [rev_util_actionability|paper_align|Qwen3-0.6B] step=88 epoch=0.4373

                                                

 15%|█▍        | 88/606 [03:08<17:38,  2.04s/it]2026-09-20 21:17:42,703 INFO [rev_util_actionability|paper_align|Qwen3-0.6B] step=88 epoch=0.4373

                                                

 15%|█▍        | 88/606 [03:08<17:38,  2.04s/it]2026-09-20 21:17:43,167 INFO [rev_util_actionability|paper_align|Qwen3-0.6B] step=88 epoch=0.4373

                                                

 15%|█▍        | 88/606 [03:09<17:38,  2.04s/it]2026-09-20 21:17:43,635 INFO [rev_util_actionability|paper_align|Qwen3-0.6B] step=88 epoch=0.4373

                                                

 15%|█▍        | 88/606 [03:09<17:38,  2.04s/it]
 15%|█▍        | 89/606 [03:10<17:12,  2.00s/it]2026-09-20 21:17:44,133 INFO [rev_util_actionability|paper_align|Qwen3-0.6B] step=89 epoch=0.4422

                                                

 15%|█▍        | 89/606 [03:10<17:12,  2.00s/it]2026-09-20 21:17:44,594 INFO [rev_util_actionability|paper_align|Qwen3-0.6B] step=89 epoch=0.4422

                                                

 15%|█▍        | 89/606 [03:10<17:12,  2.00s/it]2026-09-20 21:17:45,060 INFO [rev_util_actionability|paper_align|Qwen3-0.6B] step=89 epoch=0.4422

                                                

 15%|█▍        | 89/606 [03:11<17:12,  2.00s/it]2026-09-20 21:17:45,575 INFO [rev_util_actionability|paper_align|Qwen3-0.6B] step=89 epoch=0.4422

                                                

 15%|█▍        | 89/606 [03:11<17:12,  2.00s/it]
 15%|█▍        | 90/606 [03:12<17:02,  1.98s/it]2026-09-20 21:17:45,899 INFO [rev_util_actionability|paper_align|Qwen3-0.6B] step=90 loss=2.2812 learning_rate=0.0001 epoch=0.4472

                                                

 15%|█▍        | 90/606 [03:12<17:02,  1.98s/it]2026-09-20 21:17:46,085 INFO [rev_util_actionability|paper_align|Qwen3-0.6B] step=90 epoch=0.4472

                                                

 15%|█▍        | 90/606 [03:12<17:02,  1.98s/it]2026-09-20 21:17:46,544 INFO [rev_util_actionability|paper_align|Qwen3-0.6B] step=90 epoch=0.4472

                                                

 15%|█▍        | 90/606 [03:12<17:02,  1.98s/it]2026-09-20 21:17:47,008 INFO [rev_util_actionability|paper_align|Qwen3-0.6B] step=90 epoch=0.4472

                                                

 15%|█▍        | 90/606 [03:13<17:02,  1.98s/it]2026-09-20 21:17:47,480 INFO [rev_util_actionability|paper_align|Qwen3-0.6B] step=90 epoch=0.4472

                                                

 15%|█▍        | 90/606 [03:13<17:02,  1.98s/it]
 15%|█▌        | 91/606 [03:13<16:48,  1.96s/it]2026-09-20 21:17:48,162 INFO [rev_util_actionability|paper_align|Qwen3-0.6B] step=91 epoch=0.4522

                                                

 15%|█▌        | 91/606 [03:14<16:48,  1.96s/it]2026-09-20 21:17:48,627 INFO [rev_util_actionability|paper_align|Qwen3-0.6B] step=91 epoch=0.4522

                                                

 15%|█▌        | 91/606 [03:14<16:48,  1.96s/it]2026-09-20 21:17:49,091 INFO [rev_util_actionability|paper_align|Qwen3-0.6B] step=91 epoch=0.4522

                                                

 15%|█▌        | 91/606 [03:15<16:48,  1.96s/it]2026-09-20 21:17:49,560 INFO [rev_util_actionability|paper_align|Qwen3-0.6B] step=91 epoch=0.4522

                                                

 15%|█▌        | 91/606 [03:15<16:48,  1.96s/it]
 15%|█▌        | 92/606 [03:15<17:05,  1.99s/it]2026-09-20 21:17:50,066 INFO [rev_util_actionability|paper_align|Qwen3-0.6B] step=92 epoch=0.4571

                                                

 15%|█▌        | 92/606 [03:16<17:05,  1.99s/it]2026-09-20 21:17:50,534 INFO [rev_util_actionability|paper_align|Qwen3-0.6B] step=92 epoch=0.4571

                                                

 15%|█▌        | 92/606 [03:16<17:05,  1.99s/it]2026-09-20 21:17:51,003 INFO [rev_util_actionability|paper_align|Qwen3-0.6B] step=92 epoch=0.4571

                                                

 15%|█▌        | 92/606 [03:17<17:05,  1.99s/it]2026-09-20 21:17:51,480 INFO [rev_util_actionability|paper_align|Qwen3-0.6B] step=92 epoch=0.4571

                                                

 15%|█▌        | 92/606 [03:17<17:05,  1.99s/it]
 15%|█▌        | 93/606 [03:17<16:51,  1.97s/it]2026-09-20 21:17:51,978 INFO [rev_util_actionability|paper_align|Qwen3-0.6B] step=93 epoch=0.4621

                                                

 15%|█▌        | 93/606 [03:18<16:51,  1.97s/it]2026-09-20 21:17:52,437 INFO [rev_util_actionability|paper_align|Qwen3-0.6B] step=93 epoch=0.4621

                                                

 15%|█▌        | 93/606 [03:18<16:51,  1.97s/it]2026-09-20 21:17:52,901 INFO [rev_util_actionability|paper_align|Qwen3-0.6B] step=93 epoch=0.4621

                                                

 15%|█▌        | 93/606 [03:19<16:51,  1.97s/it]2026-09-20 21:17:53,382 INFO [rev_util_actionability|paper_align|Qwen3-0.6B] step=93 epoch=0.4621

                                                

 15%|█▌        | 93/606 [03:19<16:51,  1.97s/it]
 16%|█▌        | 94/606 [03:19<16:39,  1.95s/it]2026-09-20 21:17:53,883 INFO [rev_util_actionability|paper_align|Qwen3-0.6B] step=94 epoch=0.4671

                                                

 16%|█▌        | 94/606 [03:19<16:39,  1.95s/it]2026-09-20 21:17:54,346 INFO [rev_util_actionability|paper_align|Qwen3-0.6B] step=94 epoch=0.4671

                                                

 16%|█▌        | 94/606 [03:20<16:39,  1.95s/it]2026-09-20 21:17:54,806 INFO [rev_util_actionability|paper_align|Qwen3-0.6B] step=94 epoch=0.4671

                                                

 16%|█▌        | 94/606 [03:20<16:39,  1.95s/it]2026-09-20 21:17:55,267 INFO [rev_util_actionability|paper_align|Qwen3-0.6B] step=94 epoch=0.4671

                                                

 16%|█▌        | 94/606 [03:21<16:39,  1.95s/it]
 16%|█▌        | 95/606 [03:21<16:26,  1.93s/it]2026-09-20 21:17:55,770 INFO [rev_util_actionability|paper_align|Qwen3-0.6B] step=95 epoch=0.4720

                                                

 16%|█▌        | 95/606 [03:21<16:26,  1.93s/it]2026-09-20 21:17:56,243 INFO [rev_util_actionability|paper_align|Qwen3-0.6B] step=95 epoch=0.4720

                                                

 16%|█▌        | 95/606 [03:22<16:26,  1.93s/it]2026-09-20 21:17:56,707 INFO [rev_util_actionability|paper_align|Qwen3-0.6B] step=95 epoch=0.4720

                                                

 16%|█▌        | 95/606 [03:22<16:26,  1.93s/it]2026-09-20 21:17:57,175 INFO [rev_util_actionability|paper_align|Qwen3-0.6B] step=95 epoch=0.4720

                                                

 16%|█▌        | 95/606 [03:23<16:26,  1.93s/it]
 16%|█▌        | 96/606 [03:23<16:21,  1.93s/it]2026-09-20 21:17:57,905 INFO [rev_util_actionability|paper_align|Qwen3-0.6B] step=96 epoch=0.4770

                                                

 16%|█▌        | 96/606 [03:24<16:21,  1.93s/it]2026-09-20 21:17:58,371 INFO [rev_util_actionability|paper_align|Qwen3-0.6B] step=96 epoch=0.4770

                                                

 16%|█▌        | 96/606 [03:24<16:21,  1.93s/it]2026-09-20 21:17:58,841 INFO [rev_util_actionability|paper_align|Qwen3-0.6B] step=96 epoch=0.4770

                                                

 16%|█▌        | 96/606 [03:24<16:21,  1.93s/it]2026-09-20 21:17:59,314 INFO [rev_util_actionability|paper_align|Qwen3-0.6B] step=96 epoch=0.4770

                                                

 16%|█▌        | 96/606 [03:25<16:21,  1.93s/it]
 16%|█▌        | 97/606 [03:25<16:51,  1.99s/it]2026-09-20 21:17:59,814 INFO [rev_util_actionability|paper_align|Qwen3-0.6B] step=97 epoch=0.4820

                                                

 16%|█▌        | 97/606 [03:25<16:51,  1.99s/it]2026-09-20 21:18:00,280 INFO [rev_util_actionability|paper_align|Qwen3-0.6B] step=97 epoch=0.4820

                                                

 16%|█▌        | 97/606 [03:26<16:51,  1.99s/it]2026-09-20 21:18:00,744 INFO [rev_util_actionability|paper_align|Qwen3-0.6B] step=97 epoch=0.4820

                                                

 16%|█▌        | 97/606 [03:26<16:51,  1.99s/it]2026-09-20 21:18:01,207 INFO [rev_util_actionability|paper_align|Qwen3-0.6B] step=97 epoch=0.4820

                                                

 16%|█▌        | 97/606 [03:27<16:51,  1.99s/it]
 16%|█▌        | 98/606 [03:27<16:35,  1.96s/it]2026-09-20 21:18:01,706 INFO [rev_util_actionability|paper_align|Qwen3-0.6B] step=98 epoch=0.4870

                                                

 16%|█▌        | 98/606 [03:27<16:35,  1.96s/it]2026-09-20 21:18:02,169 INFO [rev_util_actionability|paper_align|Qwen3-0.6B] step=98 epoch=0.4870

                                                

 16%|█▌        | 98/606 [03:28<16:35,  1.96s/it]2026-09-20 21:18:02,640 INFO [rev_util_actionability|paper_align|Qwen3-0.6B] step=98 epoch=0.4870

                                                

 16%|█▌        | 98/606 [03:28<16:35,  1.96s/it]2026-09-20 21:18:03,106 INFO [rev_util_actionability|paper_align|Qwen3-0.6B] step=98 epoch=0.4870

                                                

 16%|█▌        | 98/606 [03:29<16:35,  1.96s/it]
 16%|█▋        | 99/606 [03:29<16:24,  1.94s/it]2026-09-20 21:18:03,605 INFO [rev_util_actionability|paper_align|Qwen3-0.6B] step=99 epoch=0.4919

                                                

 16%|█▋        | 99/606 [03:29<16:24,  1.94s/it]2026-09-20 21:18:04,064 INFO [rev_util_actionability|paper_align|Qwen3-0.6B] step=99 epoch=0.4919

                                                

 16%|█▋        | 99/606 [03:30<16:24,  1.94s/it]2026-09-20 21:18:04,524 INFO [rev_util_actionability|paper_align|Qwen3-0.6B] step=99 epoch=0.4919

                                                

 16%|█▋        | 99/606 [03:30<16:24,  1.94s/it]2026-09-20 21:18:04,988 INFO [rev_util_actionability|paper_align|Qwen3-0.6B] step=99 epoch=0.4919

                                                

 16%|█▋        | 99/606 [03:31<16:24,  1.94s/it]
 17%|█▋        | 100/606 [03:31<16:13,  1.92s/it]2026-09-20 21:18:05,310 INFO [rev_util_actionability|paper_align|Qwen3-0.6B] step=100 loss=2.2401 learning_rate=0.0001 epoch=0.4969

                                                 

 17%|█▋        | 100/606 [03:31<16:13,  1.92s/it]2026-09-20 21:18:05,493 INFO [rev_util_actionability|paper_align|Qwen3-0.6B] step=100 epoch=0.4969

                                                 

 17%|█▋        | 100/606 [03:31<16:13,  1.92s/it]2026-09-20 21:18:05,961 INFO [rev_util_actionability|paper_align|Qwen3-0.6B] step=100 epoch=0.4969

                                                 

 17%|█▋        | 100/606 [03:32<16:13,  1.92s/it]2026-09-20 21:18:06,425 INFO [rev_util_actionability|paper_align|Qwen3-0.6B] step=100 epoch=0.4969

                                                 

 17%|█▋        | 100/606 [03:32<16:13,  1.92s/it]2026-09-20 21:18:06,887 INFO [rev_util_actionability|paper_align|Qwen3-0.6B] step=100 epoch=0.4969

                                                 

 17%|█▋        | 100/606 [03:33<16:13,  1.92s/it]
 17%|█▋        | 101/606 [03:33<16:10,  1.92s/it]2026-09-20 21:18:07,579 INFO [rev_util_actionability|paper_align|Qwen3-0.6B] step=101 epoch=0.5019

                                                 

 17%|█▋        | 101/606 [03:33<16:10,  1.92s/it]2026-09-20 21:18:08,042 INFO [rev_util_actionability|paper_align|Qwen3-0.6B] step=101 epoch=0.5019

                                                 

 17%|█▋        | 101/606 [03:34<16:10,  1.92s/it]2026-09-20 21:18:08,508 INFO [rev_util_actionability|paper_align|Qwen3-0.6B] step=101 epoch=0.5019

                                                 

 17%|█▋        | 101/606 [03:34<16:10,  1.92s/it]2026-09-20 21:18:08,973 INFO [rev_util_actionability|paper_align|Qwen3-0.6B] step=101 epoch=0.5019

                                                 

 17%|█▋        | 101/606 [03:35<16:10,  1.92s/it]
 17%|█▋        | 102/606 [03:35<16:30,  1.97s/it]2026-09-20 21:18:09,471 INFO [rev_util_actionability|paper_align|Qwen3-0.6B] step=102 epoch=0.5068

                                                 

 17%|█▋        | 102/606 [03:35<16:30,  1.97s/it]2026-09-20 21:18:09,936 INFO [rev_util_actionability|paper_align|Qwen3-0.6B] step=102 epoch=0.5068

                                                 

 17%|█▋        | 102/606 [03:36<16:30,  1.97s/it]2026-09-20 21:18:10,403 INFO [rev_util_actionability|paper_align|Qwen3-0.6B] step=102 epoch=0.5068

                                                 

 17%|█▋        | 102/606 [03:36<16:30,  1.97s/it]2026-09-20 21:18:10,867 INFO [rev_util_actionability|paper_align|Qwen3-0.6B] step=102 epoch=0.5068

                                                 

 17%|█▋        | 102/606 [03:36<16:30,  1.97s/it]
 17%|█▋        | 103/606 [03:37<16:18,  1.94s/it]2026-09-20 21:18:11,370 INFO [rev_util_actionability|paper_align|Qwen3-0.6B] step=103 epoch=0.5118

                                                 

 17%|█▋        | 103/606 [03:37<16:18,  1.94s/it]2026-09-20 21:18:11,837 INFO [rev_util_actionability|paper_align|Qwen3-0.6B] step=103 epoch=0.5118

                                                 

 17%|█▋        | 103/606 [03:37<16:18,  1.94s/it]2026-09-20 21:18:12,307 INFO [rev_util_actionability|paper_align|Qwen3-0.6B] step=103 epoch=0.5118

                                                 

 17%|█▋        | 103/606 [03:38<16:18,  1.94s/it]2026-09-20 21:18:12,783 INFO [rev_util_actionability|paper_align|Qwen3-0.6B] step=103 epoch=0.5118

                                                 

 17%|█▋        | 103/606 [03:38<16:18,  1.94s/it]
 17%|█▋        | 104/606 [03:39<16:12,  1.94s/it]2026-09-20 21:18:13,284 INFO [rev_util_actionability|paper_align|Qwen3-0.6B] step=104 epoch=0.5168

                                                 

 17%|█▋        | 104/606 [03:39<16:12,  1.94s/it]2026-09-20 21:18:13,748 INFO [rev_util_actionability|paper_align|Qwen3-0.6B] step=104 epoch=0.5168

                                                 

 17%|█▋        | 104/606 [03:39<16:12,  1.94s/it]2026-09-20 21:18:14,212 INFO [rev_util_actionability|paper_align|Qwen3-0.6B] step=104 epoch=0.5168

                                                 

 17%|█▋        | 104/606 [03:40<16:12,  1.94s/it]2026-09-20 21:18:14,681 INFO [rev_util_actionability|paper_align|Qwen3-0.6B] step=104 epoch=0.5168

                                                 

 17%|█▋        | 104/606 [03:40<16:12,  1.94s/it]
 17%|█▋        | 105/606 [03:41<16:04,  1.92s/it]2026-09-20 21:18:15,186 INFO [rev_util_actionability|paper_align|Qwen3-0.6B] step=105 epoch=0.5217

                                                 

 17%|█▋        | 105/606 [03:41<16:04,  1.92s/it]2026-09-20 21:18:15,643 INFO [rev_util_actionability|paper_align|Qwen3-0.6B] step=105 epoch=0.5217

                                                 

 17%|█▋        | 105/606 [03:41<16:04,  1.92s/it]2026-09-20 21:18:16,108 INFO [rev_util_actionability|paper_align|Qwen3-0.6B] step=105 epoch=0.5217

                                                 

 17%|█▋        | 105/606 [03:42<16:04,  1.92s/it]2026-09-20 21:18:16,575 INFO [rev_util_actionability|paper_align|Qwen3-0.6B] step=105 epoch=0.5217

                                                 

 17%|█▋        | 105/606 [03:42<16:04,  1.92s/it]
 17%|█▋        | 106/606 [03:43<15:57,  1.92s/it]2026-09-20 21:18:17,271 INFO [rev_util_actionability|paper_align|Qwen3-0.6B] step=106 epoch=0.5267

                                                 

 17%|█▋        | 106/606 [03:43<15:57,  1.92s/it]2026-09-20 21:18:17,732 INFO [rev_util_actionability|paper_align|Qwen3-0.6B] step=106 epoch=0.5267

                                                 

 17%|█▋        | 106/606 [03:43<15:57,  1.92s/it]2026-09-20 21:18:18,196 INFO [rev_util_actionability|paper_align|Qwen3-0.6B] step=106 epoch=0.5267

                                                 

 17%|█▋        | 106/606 [03:44<15:57,  1.92s/it]2026-09-20 21:18:18,659 INFO [rev_util_actionability|paper_align|Qwen3-0.6B] step=106 epoch=0.5267

                                                 

 17%|█▋        | 106/606 [03:44<15:57,  1.92s/it]
 18%|█▊        | 107/606 [03:45<16:21,  1.97s/it]2026-09-20 21:18:19,164 INFO [rev_util_actionability|paper_align|Qwen3-0.6B] step=107 epoch=0.5317

                                                 

 18%|█▊        | 107/606 [03:45<16:21,  1.97s/it]2026-09-20 21:18:19,627 INFO [rev_util_actionability|paper_align|Qwen3-0.6B] step=107 epoch=0.5317

                                                 

 18%|█▊        | 107/606 [03:45<16:21,  1.97s/it]2026-09-20 21:18:20,095 INFO [rev_util_actionability|paper_align|Qwen3-0.6B] step=107 epoch=0.5317

                                                 

 18%|█▊        | 107/606 [03:46<16:21,  1.97s/it]2026-09-20 21:18:20,569 INFO [rev_util_actionability|paper_align|Qwen3-0.6B] step=107 epoch=0.5317

                                                 
{'paper_align_label_loss': '0.1043', 'paper_align_reason_loss': '1.091', 'epoch': '0.4273'}
{'paper_align_label_loss': '0.1402', 'paper_align_reason_loss': '1.223', 'epoch': '0.4273'}
{'paper_align_label_loss': '0.07231', 'paper_align_reason_loss': '0.9547', 'epoch': '0.4273'}
{'paper_align_label_loss': '0.1873', 'paper_align_reason_loss': '0.9212', 'epoch': '0.4323'}
{'paper_align_label_loss': '0.1981', 'paper_align_reason_loss': '1.227', 'epoch': '0.4323'}
{'paper_align_label_loss': '0.1822', 'paper_align_reason_loss': '1.037', 'epoch': '0.4323'}
{'paper_align_label_loss': '0.3841', 'paper_align_reason_loss': '0.8421', 'epoch': '0.4323'}
{'paper_align_label_loss': '0.234', 'paper_align_reason_loss': '1.11', 'epoch': '0.4373'}
{'paper_align_label_loss': '0.1189', 'paper_align_reason_loss': '1.086', 'epoch': '0.4373'}
{'paper_align_label_loss': '0.06949', 'paper_align_reason_loss': '0.9679', 'epoch': '0.4373'}
{'paper_align_label_loss': '0.1731', 'paper_align_reason_loss': '1.003', 'epoch': '0.4373'}
{'paper_align_label_loss': '0.1186', 'paper_align_reason_loss': '0.7372', 'epoch': '0.4422'}
{'paper_align_label_loss': '0.1033', 'paper_align_reason_loss': '0.9423', 'epoch': '0.4422'}
{'paper_align_label_loss': '0.1031', 'paper_align_reason_loss': '1.089', 'epoch': '0.4422'}
{'paper_align_label_loss': '0.1205', 'paper_align_reason_loss': '1.014', 'epoch': '0.4422'}
{'loss': '2.281', 'grad_norm': '4.218', 'learning_rate': '9.653e-05', 'epoch': '0.4472'}
{'paper_align_label_loss': '0.09436', 'paper_align_reason_loss': '1.192', 'epoch': '0.4472'}
{'paper_align_label_loss': '0.222', 'paper_align_reason_loss': '1.034', 'epoch': '0.4472'}
{'paper_align_label_loss': '0.01831', 'paper_align_reason_loss': '0.9307', 'epoch': '0.4472'}
{'paper_align_label_loss': '0.1811', 'paper_align_reason_loss': '1.096', 'epoch': '0.4472'}
{'paper_align_label_loss': '0.07136', 'paper_align_reason_loss': '0.9846', 'epoch': '0.4522'}
{'paper_align_label_loss': '0.1814', 'paper_align_reason_loss': '1.264', 'epoch': '0.4522'}
{'paper_align_label_loss': '0.2343', 'paper_align_reason_loss': '0.9807', 'epoch': '0.4522'}
{'paper_align_label_loss': '0.09873', 'paper_align_reason_loss': '0.9533', 'epoch': '0.4522'}
{'paper_align_label_loss': '0.08065', 'paper_align_reason_loss': '1.333', 'epoch': '0.4571'}
{'paper_align_label_loss': '0.04295', 'paper_align_reason_loss': '1.062', 'epoch': '0.4571'}
{'paper_align_label_loss': '0.1197', 'paper_align_reason_loss': '1.169', 'epoch': '0.4571'}
{'paper_align_label_loss': '0.07935', 'paper_align_reason_loss': '1.266', 'epoch': '0.4571'}
{'paper_align_label_loss': '0.05737', 'paper_align_reason_loss': '1.158', 'epoch': '0.4621'}
{'paper_align_label_loss': '0.1562', 'paper_align_reason_loss': '0.9106', 'epoch': '0.4621'}
{'paper_align_label_loss': '0.1549', 'paper_align_reason_loss': '0.9352', 'epoch': '0.4621'}
{'paper_align_label_loss': '0.02305', 'paper_align_reason_loss': '1.113', 'epoch': '0.4621'}
{'paper_align_label_loss': '0.03364', 'paper_align_reason_loss': '1.228', 'epoch': '0.4671'}
{'paper_align_label_loss': '0.03015', 'paper_align_reason_loss': '1.23', 'epoch': '0.4671'}
{'paper_align_label_loss': '0.1867', 'paper_align_reason_loss': '0.9667', 'epoch': '0.4671'}
{'paper_align_label_loss': '0.1848', 'paper_align_reason_loss': '0.9276', 'epoch': '0.4671'}
{'paper_align_label_loss': '0.03802', 'paper_align_reason_loss': '1.033', 'epoch': '0.472'}
{'paper_align_label_loss': '0.1413', 'paper_align_reason_loss': '0.9611', 'epoch': '0.472'}
{'paper_align_label_loss': '0.03867', 'paper_align_reason_loss': '0.5227', 'epoch': '0.472'}
{'paper_align_label_loss': '0.04097', 'paper_align_reason_loss': '0.766', 'epoch': '0.472'}
{'paper_align_label_loss': '0.06809', 'paper_align_reason_loss': '0.9218', 'epoch': '0.477'}
{'paper_align_label_loss': '0.07612', 'paper_align_reason_loss': '0.7252', 'epoch': '0.477'}
{'paper_align_label_loss': '0.05679', 'paper_align_reason_loss': '0.945', 'epoch': '0.477'}
{'paper_align_label_loss': '0.1256', 'paper_align_reason_loss': '0.9895', 'epoch': '0.477'}
{'paper_align_label_loss': '0.0489', 'paper_align_reason_loss': '1.021', 'epoch': '0.482'}
{'paper_align_label_loss': '0.06731', 'paper_align_reason_loss': '0.8905', 'epoch': '0.482'}
{'paper_align_label_loss': '0.07875', 'paper_align_reason_loss': '1.163', 'epoch': '0.482'}
{'paper_align_label_loss': '0.03517', 'paper_align_reason_loss': '1.037', 'epoch': '0.482'}
{'paper_align_label_loss': '0.07855', 'paper_align_reason_loss': '1.029', 'epoch': '0.487'}
{'paper_align_label_loss': '0.1961', 'paper_align_reason_loss': '1.21', 'epoch': '0.487'}
{'paper_align_label_loss': '0.1629', 'paper_align_reason_loss': '1.02', 'epoch': '0.487'}
{'paper_align_label_loss': '0.03518', 'paper_align_reason_loss': '1.113', 'epoch': '0.487'}
{'paper_align_label_loss': '0.02509', 'paper_align_reason_loss': '1.115', 'epoch': '0.4919'}
{'paper_align_label_loss': '0.09901', 'paper_align_reason_loss': '0.766', 'epoch': '0.4919'}
{'paper_align_label_loss': '0.1074', 'paper_align_reason_loss': '1.036', 'epoch': '0.4919'}
{'paper_align_label_loss': '0.06295', 'paper_align_reason_loss': '0.9672', 'epoch': '0.4919'}
{'loss': '2.24', 'grad_norm': '4.775', 'learning_rate': '9.549e-05', 'epoch': '0.4969'}
{'paper_align_label_loss': '0.2404', 'paper_align_reason_loss': '1.225', 'epoch': '0.4969'}
{'paper_align_label_loss': '0.05625', 'paper_align_reason_loss': '1.235', 'epoch': '0.4969'}
{'paper_align_label_loss': '0.2712', 'paper_align_reason_loss': '0.8746', 'epoch': '0.4969'}
{'paper_align_label_loss': '0.2746', 'paper_align_reason_loss': '1.074', 'epoch': '0.4969'}
{'paper_align_label_loss': '0.0795', 'paper_align_reason_loss': '1.017', 'epoch': '0.5019'}
{'paper_align_label_loss': '0.04321', 'paper_align_reason_loss': '1.223', 'epoch': '0.5019'}
{'paper_align_label_loss': '0.04717', 'paper_align_reason_loss': '0.8556', 'epoch': '0.5019'}
{'paper_align_label_loss': '0.02447', 'paper_align_reason_loss': '1.078', 'epoch': '0.5019'}
{'paper_align_label_loss': '0.2132', 'paper_align_reason_loss': '0.9617', 'epoch': '0.5068'}
{'paper_align_label_loss': '0.05298', 'paper_align_reason_loss': '0.6369', 'epoch': '0.5068'}
{'paper_align_label_loss': '0.0627', 'paper_align_reason_loss': '0.8048', 'epoch': '0.5068'}
{'paper_align_label_loss': '0.09407', 'paper_align_reason_loss': '1.241', 'epoch': '0.5068'}
{'paper_align_label_loss': '0.07089', 'paper_align_reason_loss': '0.8536', 'epoch': '0.5118'}
{'paper_align_label_loss': '0.06514', 'paper_align_reason_loss': '0.7866', 'epoch': '0.5118'}
{'paper_align_label_loss': '0.02605', 'paper_align_reason_loss': '0.9206', 'epoch': '0.5118'}
{'paper_align_label_loss': '0.1654', 'paper_align_reason_loss': '1.048', 'epoch': '0.5118'}
{'paper_align_label_loss': '0.08684', 'paper_align_reason_loss': '0.6952', 'epoch': '0.5168'}
{'paper_align_label_loss': '0.04006', 'paper_align_reason_loss': '0.832', 'epoch': '0.5168'}
{'paper_align_label_loss': '0.05199', 'paper_align_reason_loss': '0.9613', 'epoch': '0.5168'}
{'paper_align_label_loss': '0.0435', 'paper_align_reason_loss': '1.247', 'epoch': '0.5168'}
{'paper_align_label_loss': '0.06665', 'paper_align_reason_loss': '1.23', 'epoch': '0.5217'}
{'paper_align_label_loss': '0.04584', 'paper_align_reason_loss': '0.8169', 'epoch': '0.5217'}
{'paper_align_label_loss': '0.0638', 'paper_align_reason_loss': '0.8246', 'epoch': '0.5217'}
{'paper_align_label_loss': '0.1369', 'paper_align_reason_loss': '1.249', 'epoch': '0.5217'}
{'paper_align_label_loss': '0.4411', 'paper_align_reason_loss': '1.394', 'epoch': '0.5267'}
{'paper_align_label_loss': '0.03962', 'paper_align_reason_loss': '0.9392', 'epoch': '0.5267'}
{'paper_align_label_loss': '0.03194', 'paper_align_reason_loss': '1.035', 'epoch': '0.5267'}
{'paper_align_label_loss': '0.002965', 'paper_align_reason_loss': '0.8576', 'epoch': '0.5267'}
{'paper_align_label_loss': '0.02637', 'paper_align_reason_loss': '0.9497', 'epoch': '0.5317'}
{'paper_align_label_loss': '0.05735', 'paper_align_reason_loss': '0.9441', 'epoch': '0.5317'}
{'paper_align_label_loss': '0.3079', 'paper_align_reason_loss': '1.429', 'epoch': '0.5317'}

 18%|█▊        | 107/606 [03:46<16:21,  1.97s/it]
 18%|█▊        | 108/606 [03:47<16:09,  1.95s/it]2026-09-20 21:18:21,066 INFO [rev_util_actionability|paper_align|Qwen3-0.6B] step=108 epoch=0.5366

                                                 

 18%|█▊        | 108/606 [03:47<16:09,  1.95s/it]2026-09-20 21:18:21,532 INFO [rev_util_actionability|paper_align|Qwen3-0.6B] step=108 epoch=0.5366

                                                 

 18%|█▊        | 108/606 [03:47<16:09,  1.95s/it]2026-09-20 21:18:21,995 INFO [rev_util_actionability|paper_align|Qwen3-0.6B] step=108 epoch=0.5366

                                                 

 18%|█▊        | 108/606 [03:48<16:09,  1.95s/it]2026-09-20 21:18:22,465 INFO [rev_util_actionability|paper_align|Qwen3-0.6B] step=108 epoch=0.5366

                                                 

 18%|█▊        | 108/606 [03:48<16:09,  1.95s/it]
 18%|█▊        | 109/606 [03:48<16:01,  1.93s/it]2026-09-20 21:18:22,965 INFO [rev_util_actionability|paper_align|Qwen3-0.6B] step=109 epoch=0.5416

                                                 

 18%|█▊        | 109/606 [03:49<16:01,  1.93s/it]2026-09-20 21:18:23,421 INFO [rev_util_actionability|paper_align|Qwen3-0.6B] step=109 epoch=0.5416

                                                 

 18%|█▊        | 109/606 [03:49<16:01,  1.93s/it]2026-09-20 21:18:23,883 INFO [rev_util_actionability|paper_align|Qwen3-0.6B] step=109 epoch=0.5416

                                                 

 18%|█▊        | 109/606 [03:49<16:01,  1.93s/it]2026-09-20 21:18:24,347 INFO [rev_util_actionability|paper_align|Qwen3-0.6B] step=109 epoch=0.5416

                                                 

 18%|█▊        | 109/606 [03:50<16:01,  1.93s/it]
 18%|█▊        | 110/606 [03:50<15:51,  1.92s/it]2026-09-20 21:18:24,670 INFO [rev_util_actionability|paper_align|Qwen3-0.6B] step=110 loss=2.2428 learning_rate=0.0001 epoch=0.5466

                                                 

 18%|█▊        | 110/606 [03:50<15:51,  1.92s/it]2026-09-20 21:18:24,848 INFO [rev_util_actionability|paper_align|Qwen3-0.6B] step=110 epoch=0.5466

                                                 

 18%|█▊        | 110/606 [03:50<15:51,  1.92s/it]2026-09-20 21:18:25,303 INFO [rev_util_actionability|paper_align|Qwen3-0.6B] step=110 epoch=0.5466

                                                 

 18%|█▊        | 110/606 [03:51<15:51,  1.92s/it]2026-09-20 21:18:25,766 INFO [rev_util_actionability|paper_align|Qwen3-0.6B] step=110 epoch=0.5466

                                                 

 18%|█▊        | 110/606 [03:51<15:51,  1.92s/it]2026-09-20 21:18:26,227 INFO [rev_util_actionability|paper_align|Qwen3-0.6B] step=110 epoch=0.5466

                                                 

 18%|█▊        | 110/606 [03:52<15:51,  1.92s/it]
 18%|█▊        | 111/606 [03:52<15:44,  1.91s/it]2026-09-20 21:18:26,733 INFO [rev_util_actionability|paper_align|Qwen3-0.6B] step=111 epoch=0.5516

                                                 

 18%|█▊        | 111/606 [03:52<15:44,  1.91s/it]2026-09-20 21:18:27,200 INFO [rev_util_actionability|paper_align|Qwen3-0.6B] step=111 epoch=0.5516

                                                 

 18%|█▊        | 111/606 [03:53<15:44,  1.91s/it]2026-09-20 21:18:27,836 INFO [rev_util_actionability|paper_align|Qwen3-0.6B] step=111 epoch=0.5516

                                                 

 18%|█▊        | 111/606 [03:53<15:44,  1.91s/it]2026-09-20 21:18:28,309 INFO [rev_util_actionability|paper_align|Qwen3-0.6B] step=111 epoch=0.5516

                                                 

 18%|█▊        | 111/606 [03:54<15:44,  1.91s/it]
 18%|█▊        | 112/606 [03:54<16:07,  1.96s/it]2026-09-20 21:18:28,815 INFO [rev_util_actionability|paper_align|Qwen3-0.6B] step=112 epoch=0.5565

                                                 

 18%|█▊        | 112/606 [03:54<16:07,  1.96s/it]2026-09-20 21:18:29,276 INFO [rev_util_actionability|paper_align|Qwen3-0.6B] step=112 epoch=0.5565

                                                 

 18%|█▊        | 112/606 [03:55<16:07,  1.96s/it]2026-09-20 21:18:29,736 INFO [rev_util_actionability|paper_align|Qwen3-0.6B] step=112 epoch=0.5565

                                                 

 18%|█▊        | 112/606 [03:55<16:07,  1.96s/it]2026-09-20 21:18:30,201 INFO [rev_util_actionability|paper_align|Qwen3-0.6B] step=112 epoch=0.5565

                                                 

 18%|█▊        | 112/606 [03:56<16:07,  1.96s/it]
 19%|█▊        | 113/606 [03:56<15:55,  1.94s/it]2026-09-20 21:18:30,707 INFO [rev_util_actionability|paper_align|Qwen3-0.6B] step=113 epoch=0.5615

                                                 

 19%|█▊        | 113/606 [03:56<15:55,  1.94s/it]2026-09-20 21:18:31,167 INFO [rev_util_actionability|paper_align|Qwen3-0.6B] step=113 epoch=0.5615

                                                 

 19%|█▊        | 113/606 [03:57<15:55,  1.94s/it]2026-09-20 21:18:31,634 INFO [rev_util_actionability|paper_align|Qwen3-0.6B] step=113 epoch=0.5615

                                                 

 19%|█▊        | 113/606 [03:57<15:55,  1.94s/it]2026-09-20 21:18:32,094 INFO [rev_util_actionability|paper_align|Qwen3-0.6B] step=113 epoch=0.5615

                                                 

 19%|█▊        | 113/606 [03:58<15:55,  1.94s/it]
 19%|█▉        | 114/606 [03:58<15:46,  1.92s/it]2026-09-20 21:18:32,592 INFO [rev_util_actionability|paper_align|Qwen3-0.6B] step=114 epoch=0.5665

                                                 

 19%|█▉        | 114/606 [03:58<15:46,  1.92s/it]2026-09-20 21:18:33,066 INFO [rev_util_actionability|paper_align|Qwen3-0.6B] step=114 epoch=0.5665

                                                 

 19%|█▉        | 114/606 [03:59<15:46,  1.92s/it]2026-09-20 21:18:33,552 INFO [rev_util_actionability|paper_align|Qwen3-0.6B] step=114 epoch=0.5665

                                                 

 19%|█▉        | 114/606 [03:59<15:46,  1.92s/it]2026-09-20 21:18:34,019 INFO [rev_util_actionability|paper_align|Qwen3-0.6B] step=114 epoch=0.5665

                                                 

 19%|█▉        | 114/606 [04:00<15:46,  1.92s/it]
 19%|█▉        | 115/606 [04:00<15:49,  1.93s/it]2026-09-20 21:18:34,547 INFO [rev_util_actionability|paper_align|Qwen3-0.6B] step=115 epoch=0.5714

                                                 

 19%|█▉        | 115/606 [04:00<15:49,  1.93s/it]2026-09-20 21:18:35,006 INFO [rev_util_actionability|paper_align|Qwen3-0.6B] step=115 epoch=0.5714

                                                 

 19%|█▉        | 115/606 [04:01<15:49,  1.93s/it]2026-09-20 21:18:35,473 INFO [rev_util_actionability|paper_align|Qwen3-0.6B] step=115 epoch=0.5714

                                                 

 19%|█▉        | 115/606 [04:01<15:49,  1.93s/it]2026-09-20 21:18:35,941 INFO [rev_util_actionability|paper_align|Qwen3-0.6B] step=115 epoch=0.5714

                                                 

 19%|█▉        | 115/606 [04:02<15:49,  1.93s/it]
 19%|█▉        | 116/606 [04:02<15:42,  1.92s/it]2026-09-20 21:18:36,446 INFO [rev_util_actionability|paper_align|Qwen3-0.6B] step=116 epoch=0.5764

                                                 

 19%|█▉        | 116/606 [04:02<15:42,  1.92s/it]2026-09-20 21:18:37,073 INFO [rev_util_actionability|paper_align|Qwen3-0.6B] step=116 epoch=0.5764

                                                 

 19%|█▉        | 116/606 [04:03<15:42,  1.92s/it]2026-09-20 21:18:37,540 INFO [rev_util_actionability|paper_align|Qwen3-0.6B] step=116 epoch=0.5764

                                                 

 19%|█▉        | 116/606 [04:03<15:42,  1.92s/it]2026-09-20 21:18:38,006 INFO [rev_util_actionability|paper_align|Qwen3-0.6B] step=116 epoch=0.5764

                                                 

 19%|█▉        | 116/606 [04:04<15:42,  1.92s/it]
 19%|█▉        | 117/606 [04:04<16:00,  1.97s/it]2026-09-20 21:18:38,512 INFO [rev_util_actionability|paper_align|Qwen3-0.6B] step=117 epoch=0.5814

                                                 

 19%|█▉        | 117/606 [04:04<16:00,  1.97s/it]2026-09-20 21:18:38,979 INFO [rev_util_actionability|paper_align|Qwen3-0.6B] step=117 epoch=0.5814

                                                 

 19%|█▉        | 117/606 [04:05<16:00,  1.97s/it]2026-09-20 21:18:39,443 INFO [rev_util_actionability|paper_align|Qwen3-0.6B] step=117 epoch=0.5814

                                                 

 19%|█▉        | 117/606 [04:05<16:00,  1.97s/it]2026-09-20 21:18:39,911 INFO [rev_util_actionability|paper_align|Qwen3-0.6B] step=117 epoch=0.5814

                                                 

 19%|█▉        | 117/606 [04:06<16:00,  1.97s/it]
 19%|█▉        | 118/606 [04:06<15:49,  1.95s/it]2026-09-20 21:18:40,414 INFO [rev_util_actionability|paper_align|Qwen3-0.6B] step=118 epoch=0.5863

                                                 

 19%|█▉        | 118/606 [04:06<15:49,  1.95s/it]2026-09-20 21:18:40,882 INFO [rev_util_actionability|paper_align|Qwen3-0.6B] step=118 epoch=0.5863

                                                 

 19%|█▉        | 118/606 [04:06<15:49,  1.95s/it]2026-09-20 21:18:41,354 INFO [rev_util_actionability|paper_align|Qwen3-0.6B] step=118 epoch=0.5863

                                                 

 19%|█▉        | 118/606 [04:07<15:49,  1.95s/it]2026-09-20 21:18:41,823 INFO [rev_util_actionability|paper_align|Qwen3-0.6B] step=118 epoch=0.5863

                                                 

 19%|█▉        | 118/606 [04:07<15:49,  1.95s/it]
 20%|█▉        | 119/606 [04:08<15:43,  1.94s/it]2026-09-20 21:18:42,323 INFO [rev_util_actionability|paper_align|Qwen3-0.6B] step=119 epoch=0.5913

                                                 

 20%|█▉        | 119/606 [04:08<15:43,  1.94s/it]2026-09-20 21:18:42,787 INFO [rev_util_actionability|paper_align|Qwen3-0.6B] step=119 epoch=0.5913

                                                 

 20%|█▉        | 119/606 [04:08<15:43,  1.94s/it]2026-09-20 21:18:43,259 INFO [rev_util_actionability|paper_align|Qwen3-0.6B] step=119 epoch=0.5913

                                                 

 20%|█▉        | 119/606 [04:09<15:43,  1.94s/it]2026-09-20 21:18:43,724 INFO [rev_util_actionability|paper_align|Qwen3-0.6B] step=119 epoch=0.5913

                                                 

 20%|█▉        | 119/606 [04:09<15:43,  1.94s/it]
 20%|█▉        | 120/606 [04:10<15:35,  1.92s/it]2026-09-20 21:18:44,045 INFO [rev_util_actionability|paper_align|Qwen3-0.6B] step=120 loss=2.2499 learning_rate=0.0001 epoch=0.5963

                                                 

 20%|█▉        | 120/606 [04:10<15:35,  1.92s/it]2026-09-20 21:18:44,228 INFO [rev_util_actionability|paper_align|Qwen3-0.6B] step=120 epoch=0.5963

                                                 

 20%|█▉        | 120/606 [04:10<15:35,  1.92s/it]2026-09-20 21:18:44,692 INFO [rev_util_actionability|paper_align|Qwen3-0.6B] step=120 epoch=0.5963

                                                 

 20%|█▉        | 120/606 [04:10<15:35,  1.92s/it]2026-09-20 21:18:45,156 INFO [rev_util_actionability|paper_align|Qwen3-0.6B] step=120 epoch=0.5963

                                                 

 20%|█▉        | 120/606 [04:11<15:35,  1.92s/it]2026-09-20 21:18:45,624 INFO [rev_util_actionability|paper_align|Qwen3-0.6B] step=120 epoch=0.5963

                                                 

 20%|█▉        | 120/606 [04:11<15:35,  1.92s/it]
 20%|█▉        | 121/606 [04:12<15:29,  1.92s/it]2026-09-20 21:18:46,126 INFO [rev_util_actionability|paper_align|Qwen3-0.6B] step=121 epoch=0.6012

                                                 

 20%|█▉        | 121/606 [04:12<15:29,  1.92s/it]2026-09-20 21:18:46,798 INFO [rev_util_actionability|paper_align|Qwen3-0.6B] step=121 epoch=0.6012

                                                 

 20%|█▉        | 121/606 [04:12<15:29,  1.92s/it]2026-09-20 21:18:47,262 INFO [rev_util_actionability|paper_align|Qwen3-0.6B] step=121 epoch=0.6012

                                                 

 20%|█▉        | 121/606 [04:13<15:29,  1.92s/it]2026-09-20 21:18:47,728 INFO [rev_util_actionability|paper_align|Qwen3-0.6B] step=121 epoch=0.6012

                                                 

 20%|█▉        | 121/606 [04:13<15:29,  1.92s/it]
 20%|██        | 122/606 [04:14<15:55,  1.97s/it]2026-09-20 21:18:48,232 INFO [rev_util_actionability|paper_align|Qwen3-0.6B] step=122 epoch=0.6062

                                                 

 20%|██        | 122/606 [04:14<15:55,  1.97s/it]2026-09-20 21:18:48,699 INFO [rev_util_actionability|paper_align|Qwen3-0.6B] step=122 epoch=0.6062

                                                 

 20%|██        | 122/606 [04:14<15:55,  1.97s/it]2026-09-20 21:18:49,163 INFO [rev_util_actionability|paper_align|Qwen3-0.6B] step=122 epoch=0.6062

                                                 

 20%|██        | 122/606 [04:15<15:55,  1.97s/it]2026-09-20 21:18:49,627 INFO [rev_util_actionability|paper_align|Qwen3-0.6B] step=122 epoch=0.6062

                                                 

 20%|██        | 122/606 [04:15<15:55,  1.97s/it]
 20%|██        | 123/606 [04:16<15:43,  1.95s/it]2026-09-20 21:18:50,138 INFO [rev_util_actionability|paper_align|Qwen3-0.6B] step=123 epoch=0.6112

                                                 

 20%|██        | 123/606 [04:16<15:43,  1.95s/it]2026-09-20 21:18:50,605 INFO [rev_util_actionability|paper_align|Qwen3-0.6B] step=123 epoch=0.6112

                                                 

 20%|██        | 123/606 [04:16<15:43,  1.95s/it]2026-09-20 21:18:51,074 INFO [rev_util_actionability|paper_align|Qwen3-0.6B] step=123 epoch=0.6112

                                                 

 20%|██        | 123/606 [04:17<15:43,  1.95s/it]2026-09-20 21:18:51,561 INFO [rev_util_actionability|paper_align|Qwen3-0.6B] step=123 epoch=0.6112

                                                 

 20%|██        | 123/606 [04:17<15:43,  1.95s/it]
 20%|██        | 124/606 [04:17<15:37,  1.95s/it]2026-09-20 21:18:52,061 INFO [rev_util_actionability|paper_align|Qwen3-0.6B] step=124 epoch=0.6161

                                                 

 20%|██        | 124/606 [04:18<15:37,  1.95s/it]2026-09-20 21:18:52,525 INFO [rev_util_actionability|paper_align|Qwen3-0.6B] step=124 epoch=0.6161

                                                 

 20%|██        | 124/606 [04:18<15:37,  1.95s/it]2026-09-20 21:18:52,995 INFO [rev_util_actionability|paper_align|Qwen3-0.6B] step=124 epoch=0.6161

                                                 

 20%|██        | 124/606 [04:19<15:37,  1.95s/it]2026-09-20 21:18:53,466 INFO [rev_util_actionability|paper_align|Qwen3-0.6B] step=124 epoch=0.6161

                                                 

 20%|██        | 124/606 [04:19<15:37,  1.95s/it]
 21%|██        | 125/606 [04:19<15:29,  1.93s/it]2026-09-20 21:18:53,962 INFO [rev_util_actionability|paper_align|Qwen3-0.6B] step=125 epoch=0.6211

                                                 

 21%|██        | 125/606 [04:20<15:29,  1.93s/it]2026-09-20 21:18:54,426 INFO [rev_util_actionability|paper_align|Qwen3-0.6B] step=125 epoch=0.6211

                                                 

 21%|██        | 125/606 [04:20<15:29,  1.93s/it]2026-09-20 21:18:54,892 INFO [rev_util_actionability|paper_align|Qwen3-0.6B] step=125 epoch=0.6211

                                                 

 21%|██        | 125/606 [04:21<15:29,  1.93s/it]2026-09-20 21:18:55,360 INFO [rev_util_actionability|paper_align|Qwen3-0.6B] step=125 epoch=0.6211

                                                 

 21%|██        | 125/606 [04:21<15:29,  1.93s/it]
 21%|██        | 126/606 [04:21<15:22,  1.92s/it]2026-09-20 21:18:55,876 INFO [rev_util_actionability|paper_align|Qwen3-0.6B] step=126 epoch=0.6261

                                                 

 21%|██        | 126/606 [04:21<15:22,  1.92s/it]2026-09-20 21:18:56,340 INFO [rev_util_actionability|paper_align|Qwen3-0.6B] step=126 epoch=0.6261

                                                 

 21%|██        | 126/606 [04:22<15:22,  1.92s/it]2026-09-20 21:18:56,995 INFO [rev_util_actionability|paper_align|Qwen3-0.6B] step=126 epoch=0.6261

                                                 

 21%|██        | 126/606 [04:23<15:22,  1.92s/it]2026-09-20 21:18:57,472 INFO [rev_util_actionability|paper_align|Qwen3-0.6B] step=126 epoch=0.6261

                                                 

 21%|██        | 126/606 [04:23<15:22,  1.92s/it]
 21%|██        | 127/606 [04:23<15:48,  1.98s/it]2026-09-20 21:18:57,979 INFO [rev_util_actionability|paper_align|Qwen3-0.6B] step=127 epoch=0.6311

                                                 

 21%|██        | 127/606 [04:24<15:48,  1.98s/it]2026-09-20 21:18:58,442 INFO [rev_util_actionability|paper_align|Qwen3-0.6B] step=127 epoch=0.6311

                                                 

 21%|██        | 127/606 [04:24<15:48,  1.98s/it]2026-09-20 21:18:58,909 INFO [rev_util_actionability|paper_align|Qwen3-0.6B] step=127 epoch=0.6311

                                                 

 21%|██        | 127/606 [04:25<15:48,  1.98s/it]2026-09-20 21:18:59,373 INFO [rev_util_actionability|paper_align|Qwen3-0.6B] step=127 epoch=0.6311

                                                 

 21%|██        | 127/606 [04:25<15:48,  1.98s/it]
 21%|██        | 128/606 [04:25<15:33,  1.95s/it]2026-09-20 21:18:59,869 INFO [rev_util_actionability|paper_align|Qwen3-0.6B] step=128 epoch=0.6360

                                                 

 21%|██        | 128/606 [04:25<15:33,  1.95s/it]2026-09-20 21:19:00,331 INFO [rev_util_actionability|paper_align|Qwen3-0.6B] step=128 epoch=0.6360

                                                 

 21%|██        | 128/606 [04:26<15:33,  1.95s/it]2026-09-20 21:19:00,799 INFO [rev_util_actionability|paper_align|Qwen3-0.6B] step=128 epoch=0.6360

                                                 

 21%|██        | 128/606 [04:26<15:33,  1.95s/it]2026-09-20 21:19:01,263 INFO [rev_util_actionability|paper_align|Qwen3-0.6B] step=128 epoch=0.6360

                                                 

 21%|██        | 128/606 [04:27<15:33,  1.95s/it]
 21%|██▏       | 129/606 [04:27<15:23,  1.94s/it]2026-09-20 21:19:01,768 INFO [rev_util_actionability|paper_align|Qwen3-0.6B] step=129 epoch=0.6410

                                                 

 21%|██▏       | 129/606 [04:27<15:23,  1.94s/it]2026-09-20 21:19:02,233 INFO [rev_util_actionability|paper_align|Qwen3-0.6B] step=129 epoch=0.6410

                                                 
{'paper_align_label_loss': '0.02721', 'paper_align_reason_loss': '1.334', 'epoch': '0.5317'}
{'paper_align_label_loss': '0.1673', 'paper_align_reason_loss': '1.054', 'epoch': '0.5366'}
{'paper_align_label_loss': '0.1691', 'paper_align_reason_loss': '0.9017', 'epoch': '0.5366'}
{'paper_align_label_loss': '0.01923', 'paper_align_reason_loss': '0.9755', 'epoch': '0.5366'}
{'paper_align_label_loss': '0.02589', 'paper_align_reason_loss': '1.317', 'epoch': '0.5366'}
{'paper_align_label_loss': '0.02224', 'paper_align_reason_loss': '0.8586', 'epoch': '0.5416'}
{'paper_align_label_loss': '0.1348', 'paper_align_reason_loss': '1.057', 'epoch': '0.5416'}
{'paper_align_label_loss': '0.2876', 'paper_align_reason_loss': '1.029', 'epoch': '0.5416'}
{'paper_align_label_loss': '0.009763', 'paper_align_reason_loss': '0.9974', 'epoch': '0.5416'}
{'loss': '2.243', 'grad_norm': '4.462', 'learning_rate': '9.431e-05', 'epoch': '0.5466'}
{'paper_align_label_loss': '0.2626', 'paper_align_reason_loss': '0.9954', 'epoch': '0.5466'}
{'paper_align_label_loss': '0.04107', 'paper_align_reason_loss': '1.008', 'epoch': '0.5466'}
{'paper_align_label_loss': '0.06483', 'paper_align_reason_loss': '0.9727', 'epoch': '0.5466'}
{'paper_align_label_loss': '0.1175', 'paper_align_reason_loss': '0.7451', 'epoch': '0.5466'}
{'paper_align_label_loss': '0.04767', 'paper_align_reason_loss': '1.083', 'epoch': '0.5516'}
{'paper_align_label_loss': '0.03224', 'paper_align_reason_loss': '1.151', 'epoch': '0.5516'}
{'paper_align_label_loss': '0.0136', 'paper_align_reason_loss': '1.108', 'epoch': '0.5516'}
{'paper_align_label_loss': '0.02545', 'paper_align_reason_loss': '0.9118', 'epoch': '0.5516'}
{'paper_align_label_loss': '0.08953', 'paper_align_reason_loss': '0.8307', 'epoch': '0.5565'}
{'paper_align_label_loss': '0.1052', 'paper_align_reason_loss': '1.033', 'epoch': '0.5565'}
{'paper_align_label_loss': '0.2281', 'paper_align_reason_loss': '0.8064', 'epoch': '0.5565'}
{'paper_align_label_loss': '0.1596', 'paper_align_reason_loss': '1.081', 'epoch': '0.5565'}
{'paper_align_label_loss': '0.03496', 'paper_align_reason_loss': '0.7894', 'epoch': '0.5615'}
{'paper_align_label_loss': '0.04198', 'paper_align_reason_loss': '0.8624', 'epoch': '0.5615'}
{'paper_align_label_loss': '0.02718', 'paper_align_reason_loss': '1.087', 'epoch': '0.5615'}
{'paper_align_label_loss': '0.2236', 'paper_align_reason_loss': '1.17', 'epoch': '0.5615'}
{'paper_align_label_loss': '0.01304', 'paper_align_reason_loss': '1.116', 'epoch': '0.5665'}
{'paper_align_label_loss': '0.2473', 'paper_align_reason_loss': '1.056', 'epoch': '0.5665'}
{'paper_align_label_loss': '0.4697', 'paper_align_reason_loss': '1.011', 'epoch': '0.5665'}
{'paper_align_label_loss': '0.0357', 'paper_align_reason_loss': '1.011', 'epoch': '0.5665'}
{'paper_align_label_loss': '0.3738', 'paper_align_reason_loss': '0.8951', 'epoch': '0.5714'}
{'paper_align_label_loss': '0.09549', 'paper_align_reason_loss': '0.8957', 'epoch': '0.5714'}
{'paper_align_label_loss': '0.1025', 'paper_align_reason_loss': '0.9477', 'epoch': '0.5714'}
{'paper_align_label_loss': '0.08692', 'paper_align_reason_loss': '0.8464', 'epoch': '0.5714'}
{'paper_align_label_loss': '0.35', 'paper_align_reason_loss': '1.175', 'epoch': '0.5764'}
{'paper_align_label_loss': '0.1569', 'paper_align_reason_loss': '0.7812', 'epoch': '0.5764'}
{'paper_align_label_loss': '0.1849', 'paper_align_reason_loss': '1.111', 'epoch': '0.5764'}
{'paper_align_label_loss': '0.1036', 'paper_align_reason_loss': '0.8566', 'epoch': '0.5764'}
{'paper_align_label_loss': '0.04553', 'paper_align_reason_loss': '0.9632', 'epoch': '0.5814'}
{'paper_align_label_loss': '0.07859', 'paper_align_reason_loss': '0.9713', 'epoch': '0.5814'}
{'paper_align_label_loss': '0.09205', 'paper_align_reason_loss': '1.039', 'epoch': '0.5814'}
{'paper_align_label_loss': '0.2001', 'paper_align_reason_loss': '0.9715', 'epoch': '0.5814'}
{'paper_align_label_loss': '0.03884', 'paper_align_reason_loss': '1.021', 'epoch': '0.5863'}
{'paper_align_label_loss': '0.1534', 'paper_align_reason_loss': '1.032', 'epoch': '0.5863'}
{'paper_align_label_loss': '0.07065', 'paper_align_reason_loss': '1.151', 'epoch': '0.5863'}
{'paper_align_label_loss': '0.2986', 'paper_align_reason_loss': '0.8906', 'epoch': '0.5863'}
{'paper_align_label_loss': '0.06427', 'paper_align_reason_loss': '1.009', 'epoch': '0.5913'}
{'paper_align_label_loss': '0.06769', 'paper_align_reason_loss': '1.114', 'epoch': '0.5913'}
{'paper_align_label_loss': '0.22', 'paper_align_reason_loss': '1.029', 'epoch': '0.5913'}
{'paper_align_label_loss': '0.2281', 'paper_align_reason_loss': '1.176', 'epoch': '0.5913'}
{'loss': '2.25', 'grad_norm': '5.099', 'learning_rate': '9.301e-05', 'epoch': '0.5963'}
{'paper_align_label_loss': '0.1543', 'paper_align_reason_loss': '1.228', 'epoch': '0.5963'}
{'paper_align_label_loss': '0.1345', 'paper_align_reason_loss': '0.957', 'epoch': '0.5963'}
{'paper_align_label_loss': '0.08879', 'paper_align_reason_loss': '0.8442', 'epoch': '0.5963'}
{'paper_align_label_loss': '0.0769', 'paper_align_reason_loss': '0.8092', 'epoch': '0.5963'}
{'paper_align_label_loss': '0.2217', 'paper_align_reason_loss': '1.075', 'epoch': '0.6012'}
{'paper_align_label_loss': '0.07815', 'paper_align_reason_loss': '0.7556', 'epoch': '0.6012'}
{'paper_align_label_loss': '0.06864', 'paper_align_reason_loss': '1.051', 'epoch': '0.6012'}
{'paper_align_label_loss': '0.07243', 'paper_align_reason_loss': '0.8462', 'epoch': '0.6012'}
{'paper_align_label_loss': '0.144', 'paper_align_reason_loss': '0.8989', 'epoch': '0.6062'}
{'paper_align_label_loss': '0.06145', 'paper_align_reason_loss': '0.8725', 'epoch': '0.6062'}
{'paper_align_label_loss': '0.07371', 'paper_align_reason_loss': '0.8654', 'epoch': '0.6062'}
{'paper_align_label_loss': '0.1001', 'paper_align_reason_loss': '1.169', 'epoch': '0.6062'}
{'paper_align_label_loss': '0.1314', 'paper_align_reason_loss': '1.305', 'epoch': '0.6112'}
{'paper_align_label_loss': '0.09939', 'paper_align_reason_loss': '0.9063', 'epoch': '0.6112'}
{'paper_align_label_loss': '0.07772', 'paper_align_reason_loss': '0.8346', 'epoch': '0.6112'}
{'paper_align_label_loss': '0.3721', 'paper_align_reason_loss': '1.252', 'epoch': '0.6112'}
{'paper_align_label_loss': '0.2944', 'paper_align_reason_loss': '1.038', 'epoch': '0.6161'}
{'paper_align_label_loss': '0.09311', 'paper_align_reason_loss': '1.035', 'epoch': '0.6161'}
{'paper_align_label_loss': '0.2923', 'paper_align_reason_loss': '0.9971', 'epoch': '0.6161'}
{'paper_align_label_loss': '0.04941', 'paper_align_reason_loss': '1.305', 'epoch': '0.6161'}
{'paper_align_label_loss': '0.05365', 'paper_align_reason_loss': '0.7336', 'epoch': '0.6211'}
{'paper_align_label_loss': '0.1252', 'paper_align_reason_loss': '1.131', 'epoch': '0.6211'}
{'paper_align_label_loss': '0.09901', 'paper_align_reason_loss': '0.8507', 'epoch': '0.6211'}
{'paper_align_label_loss': '0.04355', 'paper_align_reason_loss': '0.936', 'epoch': '0.6211'}
{'paper_align_label_loss': '0.1848', 'paper_align_reason_loss': '1.328', 'epoch': '0.6261'}
{'paper_align_label_loss': '0.08038', 'paper_align_reason_loss': '0.8241', 'epoch': '0.6261'}
{'paper_align_label_loss': '0.1675', 'paper_align_reason_loss': '1.095', 'epoch': '0.6261'}
{'paper_align_label_loss': '0.2635', 'paper_align_reason_loss': '1', 'epoch': '0.6261'}
{'paper_align_label_loss': '0.1218', 'paper_align_reason_loss': '1.014', 'epoch': '0.6311'}
{'paper_align_label_loss': '0.09631', 'paper_align_reason_loss': '1.019', 'epoch': '0.6311'}
{'paper_align_label_loss': '0.1007', 'paper_align_reason_loss': '0.8608', 'epoch': '0.6311'}
{'paper_align_label_loss': '0.0636', 'paper_align_reason_loss': '0.8161', 'epoch': '0.6311'}
{'paper_align_label_loss': '0.1309', 'paper_align_reason_loss': '1.005', 'epoch': '0.636'}
{'paper_align_label_loss': '0.1771', 'paper_align_reason_loss': '1.203', 'epoch': '0.636'}
{'paper_align_label_loss': '0.2232', 'paper_align_reason_loss': '1.077', 'epoch': '0.636'}
{'paper_align_label_loss': '0.08499', 'paper_align_reason_loss': '1.06', 'epoch': '0.636'}
{'paper_align_label_loss': '0.03022', 'paper_align_reason_loss': '0.828', 'epoch': '0.641'}

 21%|██▏       | 129/606 [04:28<15:23,  1.94s/it]2026-09-20 21:19:02,691 INFO [rev_util_actionability|paper_align|Qwen3-0.6B] step=129 epoch=0.6410

                                                 

 21%|██▏       | 129/606 [04:28<15:23,  1.94s/it]2026-09-20 21:19:03,154 INFO [rev_util_actionability|paper_align|Qwen3-0.6B] step=129 epoch=0.6410

                                                 

 21%|██▏       | 129/606 [04:29<15:23,  1.94s/it]
 21%|██▏       | 130/606 [04:29<15:14,  1.92s/it]2026-09-20 21:19:03,475 INFO [rev_util_actionability|paper_align|Qwen3-0.6B] step=130 loss=2.2490 learning_rate=0.0001 epoch=0.6460

                                                 

 21%|██▏       | 130/606 [04:29<15:14,  1.92s/it]2026-09-20 21:19:03,652 INFO [rev_util_actionability|paper_align|Qwen3-0.6B] step=130 epoch=0.6460

                                                 

 21%|██▏       | 130/606 [04:29<15:14,  1.92s/it]2026-09-20 21:19:04,110 INFO [rev_util_actionability|paper_align|Qwen3-0.6B] step=130 epoch=0.6460

                                                 

 21%|██▏       | 130/606 [04:30<15:14,  1.92s/it]2026-09-20 21:19:04,578 INFO [rev_util_actionability|paper_align|Qwen3-0.6B] step=130 epoch=0.6460

                                                 

 21%|██▏       | 130/606 [04:30<15:14,  1.92s/it]2026-09-20 21:19:05,043 INFO [rev_util_actionability|paper_align|Qwen3-0.6B] step=130 epoch=0.6460

                                                 

 21%|██▏       | 130/606 [04:31<15:14,  1.92s/it]
 22%|██▏       | 131/606 [04:31<15:08,  1.91s/it]2026-09-20 21:19:05,546 INFO [rev_util_actionability|paper_align|Qwen3-0.6B] step=131 epoch=0.6509

                                                 

 22%|██▏       | 131/606 [04:31<15:08,  1.91s/it]2026-09-20 21:19:06,002 INFO [rev_util_actionability|paper_align|Qwen3-0.6B] step=131 epoch=0.6509

                                                 

 22%|██▏       | 131/606 [04:32<15:08,  1.91s/it]2026-09-20 21:19:06,465 INFO [rev_util_actionability|paper_align|Qwen3-0.6B] step=131 epoch=0.6509

                                                 

 22%|██▏       | 131/606 [04:32<15:08,  1.91s/it]2026-09-20 21:19:07,118 INFO [rev_util_actionability|paper_align|Qwen3-0.6B] step=131 epoch=0.6509

                                                 

 22%|██▏       | 131/606 [04:33<15:08,  1.91s/it]
 22%|██▏       | 132/606 [04:33<15:29,  1.96s/it]2026-09-20 21:19:07,616 INFO [rev_util_actionability|paper_align|Qwen3-0.6B] step=132 epoch=0.6559

                                                 

 22%|██▏       | 132/606 [04:33<15:29,  1.96s/it]2026-09-20 21:19:08,093 INFO [rev_util_actionability|paper_align|Qwen3-0.6B] step=132 epoch=0.6559

                                                 

 22%|██▏       | 132/606 [04:34<15:29,  1.96s/it]2026-09-20 21:19:08,556 INFO [rev_util_actionability|paper_align|Qwen3-0.6B] step=132 epoch=0.6559

                                                 

 22%|██▏       | 132/606 [04:34<15:29,  1.96s/it]2026-09-20 21:19:09,021 INFO [rev_util_actionability|paper_align|Qwen3-0.6B] step=132 epoch=0.6559

                                                 

 22%|██▏       | 132/606 [04:35<15:29,  1.96s/it]
 22%|██▏       | 133/606 [04:35<15:18,  1.94s/it]2026-09-20 21:19:09,514 INFO [rev_util_actionability|paper_align|Qwen3-0.6B] step=133 epoch=0.6609

                                                 

 22%|██▏       | 133/606 [04:35<15:18,  1.94s/it]2026-09-20 21:19:09,980 INFO [rev_util_actionability|paper_align|Qwen3-0.6B] step=133 epoch=0.6609

                                                 

 22%|██▏       | 133/606 [04:36<15:18,  1.94s/it]2026-09-20 21:19:10,450 INFO [rev_util_actionability|paper_align|Qwen3-0.6B] step=133 epoch=0.6609

                                                 

 22%|██▏       | 133/606 [04:36<15:18,  1.94s/it]2026-09-20 21:19:10,914 INFO [rev_util_actionability|paper_align|Qwen3-0.6B] step=133 epoch=0.6609

                                                 

 22%|██▏       | 133/606 [04:37<15:18,  1.94s/it]
 22%|██▏       | 134/606 [04:37<15:11,  1.93s/it]2026-09-20 21:19:11,420 INFO [rev_util_actionability|paper_align|Qwen3-0.6B] step=134 epoch=0.6658

                                                 

 22%|██▏       | 134/606 [04:37<15:11,  1.93s/it]2026-09-20 21:19:11,892 INFO [rev_util_actionability|paper_align|Qwen3-0.6B] step=134 epoch=0.6658

                                                 

 22%|██▏       | 134/606 [04:38<15:11,  1.93s/it]2026-09-20 21:19:12,359 INFO [rev_util_actionability|paper_align|Qwen3-0.6B] step=134 epoch=0.6658

                                                 

 22%|██▏       | 134/606 [04:38<15:11,  1.93s/it]2026-09-20 21:19:12,825 INFO [rev_util_actionability|paper_align|Qwen3-0.6B] step=134 epoch=0.6658

                                                 

 22%|██▏       | 134/606 [04:38<15:11,  1.93s/it]
 22%|██▏       | 135/606 [04:39<15:07,  1.93s/it]2026-09-20 21:19:13,339 INFO [rev_util_actionability|paper_align|Qwen3-0.6B] step=135 epoch=0.6708

                                                 

 22%|██▏       | 135/606 [04:39<15:07,  1.93s/it]2026-09-20 21:19:13,811 INFO [rev_util_actionability|paper_align|Qwen3-0.6B] step=135 epoch=0.6708

                                                 

 22%|██▏       | 135/606 [04:39<15:07,  1.93s/it]2026-09-20 21:19:14,273 INFO [rev_util_actionability|paper_align|Qwen3-0.6B] step=135 epoch=0.6708

                                                 

 22%|██▏       | 135/606 [04:40<15:07,  1.93s/it]2026-09-20 21:19:14,744 INFO [rev_util_actionability|paper_align|Qwen3-0.6B] step=135 epoch=0.6708

                                                 

 22%|██▏       | 135/606 [04:40<15:07,  1.93s/it]
 22%|██▏       | 136/606 [04:41<15:02,  1.92s/it]2026-09-20 21:19:15,243 INFO [rev_util_actionability|paper_align|Qwen3-0.6B] step=136 epoch=0.6758

                                                 

 22%|██▏       | 136/606 [04:41<15:02,  1.92s/it]2026-09-20 21:19:15,709 INFO [rev_util_actionability|paper_align|Qwen3-0.6B] step=136 epoch=0.6758

                                                 

 22%|██▏       | 136/606 [04:41<15:02,  1.92s/it]2026-09-20 21:19:16,178 INFO [rev_util_actionability|paper_align|Qwen3-0.6B] step=136 epoch=0.6758

                                                 

 22%|██▏       | 136/606 [04:42<15:02,  1.92s/it]2026-09-20 21:19:16,811 INFO [rev_util_actionability|paper_align|Qwen3-0.6B] step=136 epoch=0.6758

                                                 

 22%|██▏       | 136/606 [04:42<15:02,  1.92s/it]
 23%|██▎       | 137/606 [04:43<15:21,  1.96s/it]2026-09-20 21:19:17,312 INFO [rev_util_actionability|paper_align|Qwen3-0.6B] step=137 epoch=0.6807

                                                 

 23%|██▎       | 137/606 [04:43<15:21,  1.96s/it]2026-09-20 21:19:17,781 INFO [rev_util_actionability|paper_align|Qwen3-0.6B] step=137 epoch=0.6807

                                                 

 23%|██▎       | 137/606 [04:43<15:21,  1.96s/it]2026-09-20 21:19:18,254 INFO [rev_util_actionability|paper_align|Qwen3-0.6B] step=137 epoch=0.6807

                                                 

 23%|██▎       | 137/606 [04:44<15:21,  1.96s/it]2026-09-20 21:19:18,722 INFO [rev_util_actionability|paper_align|Qwen3-0.6B] step=137 epoch=0.6807

                                                 

 23%|██▎       | 137/606 [04:44<15:21,  1.96s/it]
 23%|██▎       | 138/606 [04:45<15:12,  1.95s/it]2026-09-20 21:19:19,227 INFO [rev_util_actionability|paper_align|Qwen3-0.6B] step=138 epoch=0.6857

                                                 

 23%|██▎       | 138/606 [04:45<15:12,  1.95s/it]2026-09-20 21:19:19,700 INFO [rev_util_actionability|paper_align|Qwen3-0.6B] step=138 epoch=0.6857

                                                 

 23%|██▎       | 138/606 [04:45<15:12,  1.95s/it]2026-09-20 21:19:20,166 INFO [rev_util_actionability|paper_align|Qwen3-0.6B] step=138 epoch=0.6857

                                                 

 23%|██▎       | 138/606 [04:46<15:12,  1.95s/it]2026-09-20 21:19:20,640 INFO [rev_util_actionability|paper_align|Qwen3-0.6B] step=138 epoch=0.6857

                                                 

 23%|██▎       | 138/606 [04:46<15:12,  1.95s/it]
 23%|██▎       | 139/606 [04:47<15:05,  1.94s/it]2026-09-20 21:19:21,142 INFO [rev_util_actionability|paper_align|Qwen3-0.6B] step=139 epoch=0.6907

                                                 

 23%|██▎       | 139/606 [04:47<15:05,  1.94s/it]2026-09-20 21:19:21,601 INFO [rev_util_actionability|paper_align|Qwen3-0.6B] step=139 epoch=0.6907

                                                 

 23%|██▎       | 139/606 [04:47<15:05,  1.94s/it]2026-09-20 21:19:22,062 INFO [rev_util_actionability|paper_align|Qwen3-0.6B] step=139 epoch=0.6907

                                                 

 23%|██▎       | 139/606 [04:48<15:05,  1.94s/it]2026-09-20 21:19:22,525 INFO [rev_util_actionability|paper_align|Qwen3-0.6B] step=139 epoch=0.6907

                                                 

 23%|██▎       | 139/606 [04:48<15:05,  1.94s/it]
 23%|██▎       | 140/606 [04:48<14:56,  1.92s/it]2026-09-20 21:19:22,847 INFO [rev_util_actionability|paper_align|Qwen3-0.6B] step=140 loss=2.1499 learning_rate=0.0001 epoch=0.6957

                                                 

 23%|██▎       | 140/606 [04:48<14:56,  1.92s/it]2026-09-20 21:19:23,024 INFO [rev_util_actionability|paper_align|Qwen3-0.6B] step=140 epoch=0.6957

                                                 

 23%|██▎       | 140/606 [04:49<14:56,  1.92s/it]2026-09-20 21:19:23,480 INFO [rev_util_actionability|paper_align|Qwen3-0.6B] step=140 epoch=0.6957

                                                 

 23%|██▎       | 140/606 [04:49<14:56,  1.92s/it]2026-09-20 21:19:23,947 INFO [rev_util_actionability|paper_align|Qwen3-0.6B] step=140 epoch=0.6957

                                                 

 23%|██▎       | 140/606 [04:50<14:56,  1.92s/it]2026-09-20 21:19:24,413 INFO [rev_util_actionability|paper_align|Qwen3-0.6B] step=140 epoch=0.6957

                                                 

 23%|██▎       | 140/606 [04:50<14:56,  1.92s/it]
 23%|██▎       | 141/606 [04:50<14:49,  1.91s/it]2026-09-20 21:19:24,916 INFO [rev_util_actionability|paper_align|Qwen3-0.6B] step=141 epoch=0.7006

                                                 

 23%|██▎       | 141/606 [04:51<14:49,  1.91s/it]2026-09-20 21:19:25,380 INFO [rev_util_actionability|paper_align|Qwen3-0.6B] step=141 epoch=0.7006

                                                 

 23%|██▎       | 141/606 [04:51<14:49,  1.91s/it]2026-09-20 21:19:25,850 INFO [rev_util_actionability|paper_align|Qwen3-0.6B] step=141 epoch=0.7006

                                                 

 23%|██▎       | 141/606 [04:51<14:49,  1.91s/it]2026-09-20 21:19:26,320 INFO [rev_util_actionability|paper_align|Qwen3-0.6B] step=141 epoch=0.7006

                                                 

 23%|██▎       | 141/606 [04:52<14:49,  1.91s/it]
 23%|██▎       | 142/606 [04:52<15:08,  1.96s/it]2026-09-20 21:19:26,982 INFO [rev_util_actionability|paper_align|Qwen3-0.6B] step=142 epoch=0.7056

                                                 

 23%|██▎       | 142/606 [04:53<15:08,  1.96s/it]2026-09-20 21:19:27,441 INFO [rev_util_actionability|paper_align|Qwen3-0.6B] step=142 epoch=0.7056

                                                 

 23%|██▎       | 142/606 [04:53<15:08,  1.96s/it]2026-09-20 21:19:27,906 INFO [rev_util_actionability|paper_align|Qwen3-0.6B] step=142 epoch=0.7056

                                                 

 23%|██▎       | 142/606 [04:54<15:08,  1.96s/it]2026-09-20 21:19:28,367 INFO [rev_util_actionability|paper_align|Qwen3-0.6B] step=142 epoch=0.7056

                                                 

 23%|██▎       | 142/606 [04:54<15:08,  1.96s/it]
 24%|██▎       | 143/606 [04:54<14:56,  1.94s/it]2026-09-20 21:19:28,866 INFO [rev_util_actionability|paper_align|Qwen3-0.6B] step=143 epoch=0.7106

                                                 

 24%|██▎       | 143/606 [04:54<14:56,  1.94s/it]2026-09-20 21:19:29,325 INFO [rev_util_actionability|paper_align|Qwen3-0.6B] step=143 epoch=0.7106

                                                 

 24%|██▎       | 143/606 [04:55<14:56,  1.94s/it]2026-09-20 21:19:29,793 INFO [rev_util_actionability|paper_align|Qwen3-0.6B] step=143 epoch=0.7106

                                                 

 24%|██▎       | 143/606 [04:55<14:56,  1.94s/it]2026-09-20 21:19:30,263 INFO [rev_util_actionability|paper_align|Qwen3-0.6B] step=143 epoch=0.7106

                                                 

 24%|██▎       | 143/606 [04:56<14:56,  1.94s/it]
 24%|██▍       | 144/606 [04:56<14:49,  1.93s/it]2026-09-20 21:19:30,767 INFO [rev_util_actionability|paper_align|Qwen3-0.6B] step=144 epoch=0.7155

                                                 

 24%|██▍       | 144/606 [04:56<14:49,  1.93s/it]2026-09-20 21:19:31,232 INFO [rev_util_actionability|paper_align|Qwen3-0.6B] step=144 epoch=0.7155

                                                 

 24%|██▍       | 144/606 [04:57<14:49,  1.93s/it]2026-09-20 21:19:31,701 INFO [rev_util_actionability|paper_align|Qwen3-0.6B] step=144 epoch=0.7155

                                                 

 24%|██▍       | 144/606 [04:57<14:49,  1.93s/it]2026-09-20 21:19:32,166 INFO [rev_util_actionability|paper_align|Qwen3-0.6B] step=144 epoch=0.7155

                                                 

 24%|██▍       | 144/606 [04:58<14:49,  1.93s/it]
 24%|██▍       | 145/606 [04:58<14:43,  1.92s/it]2026-09-20 21:19:32,664 INFO [rev_util_actionability|paper_align|Qwen3-0.6B] step=145 epoch=0.7205

                                                 

 24%|██▍       | 145/606 [04:58<14:43,  1.92s/it]2026-09-20 21:19:33,128 INFO [rev_util_actionability|paper_align|Qwen3-0.6B] step=145 epoch=0.7205

                                                 

 24%|██▍       | 145/606 [04:59<14:43,  1.92s/it]2026-09-20 21:19:33,588 INFO [rev_util_actionability|paper_align|Qwen3-0.6B] step=145 epoch=0.7205

                                                 

 24%|██▍       | 145/606 [04:59<14:43,  1.92s/it]2026-09-20 21:19:34,050 INFO [rev_util_actionability|paper_align|Qwen3-0.6B] step=145 epoch=0.7205

                                                 

 24%|██▍       | 145/606 [05:00<14:43,  1.92s/it]
 24%|██▍       | 146/606 [05:00<14:37,  1.91s/it]2026-09-20 21:19:34,552 INFO [rev_util_actionability|paper_align|Qwen3-0.6B] step=146 epoch=0.7255

                                                 

 24%|██▍       | 146/606 [05:00<14:37,  1.91s/it]2026-09-20 21:19:35,020 INFO [rev_util_actionability|paper_align|Qwen3-0.6B] step=146 epoch=0.7255

                                                 

 24%|██▍       | 146/606 [05:01<14:37,  1.91s/it]2026-09-20 21:19:35,494 INFO [rev_util_actionability|paper_align|Qwen3-0.6B] step=146 epoch=0.7255

                                                 

 24%|██▍       | 146/606 [05:01<14:37,  1.91s/it]2026-09-20 21:19:35,964 INFO [rev_util_actionability|paper_align|Qwen3-0.6B] step=146 epoch=0.7255

                                                 

 24%|██▍       | 146/606 [05:02<14:37,  1.91s/it]
 24%|██▍       | 147/606 [05:02<14:39,  1.92s/it]2026-09-20 21:19:36,498 INFO [rev_util_actionability|paper_align|Qwen3-0.6B] step=147 epoch=0.7304

                                                 

 24%|██▍       | 147/606 [05:02<14:39,  1.92s/it]2026-09-20 21:19:37,146 INFO [rev_util_actionability|paper_align|Qwen3-0.6B] step=147 epoch=0.7304

                                                 

 24%|██▍       | 147/606 [05:03<14:39,  1.92s/it]2026-09-20 21:19:37,619 INFO [rev_util_actionability|paper_align|Qwen3-0.6B] step=147 epoch=0.7304

                                                 

 24%|██▍       | 147/606 [05:03<14:39,  1.92s/it]2026-09-20 21:19:38,091 INFO [rev_util_actionability|paper_align|Qwen3-0.6B] step=147 epoch=0.7304

                                                 

 24%|██▍       | 147/606 [05:04<14:39,  1.92s/it]
 24%|██▍       | 148/606 [05:04<15:03,  1.97s/it]2026-09-20 21:19:38,595 INFO [rev_util_actionability|paper_align|Qwen3-0.6B] step=148 epoch=0.7354

                                                 

 24%|██▍       | 148/606 [05:04<15:03,  1.97s/it]2026-09-20 21:19:39,042 INFO [rev_util_actionability|paper_align|Qwen3-0.6B] step=148 epoch=0.7354

                                                 

 24%|██▍       | 148/606 [05:05<15:03,  1.97s/it]2026-09-20 21:19:39,510 INFO [rev_util_actionability|paper_align|Qwen3-0.6B] step=148 epoch=0.7354

                                                 

 24%|██▍       | 148/606 [05:05<15:03,  1.97s/it]2026-09-20 21:19:39,979 INFO [rev_util_actionability|paper_align|Qwen3-0.6B] step=148 epoch=0.7354

                                                 

 24%|██▍       | 148/606 [05:06<15:03,  1.97s/it]
 25%|██▍       | 149/606 [05:06<14:49,  1.95s/it]2026-09-20 21:19:40,477 INFO [rev_util_actionability|paper_align|Qwen3-0.6B] step=149 epoch=0.7404

                                                 

 25%|██▍       | 149/606 [05:06<14:49,  1.95s/it]2026-09-20 21:19:40,942 INFO [rev_util_actionability|paper_align|Qwen3-0.6B] step=149 epoch=0.7404

                                                 

 25%|██▍       | 149/606 [05:07<14:49,  1.95s/it]2026-09-20 21:19:41,407 INFO [rev_util_actionability|paper_align|Qwen3-0.6B] step=149 epoch=0.7404

                                                 

 25%|██▍       | 149/606 [05:07<14:49,  1.95s/it]2026-09-20 21:19:41,875 INFO [rev_util_actionability|paper_align|Qwen3-0.6B] step=149 epoch=0.7404

                                                 

 25%|██▍       | 149/606 [05:07<14:49,  1.95s/it]
 25%|██▍       | 150/606 [05:08<14:41,  1.93s/it]2026-09-20 21:19:42,200 INFO [rev_util_actionability|paper_align|Qwen3-0.6B] step=150 loss=2.1443 learning_rate=0.0001 epoch=0.7453

                                                 

 25%|██▍       | 150/606 [05:08<14:41,  1.93s/it]2026-09-20 21:19:42,375 INFO [rev_util_actionability|paper_align|Qwen3-0.6B] step=150 epoch=0.7453

                                                 

 25%|██▍       | 150/606 [05:08<14:41,  1.93s/it]2026-09-20 21:19:42,834 INFO [rev_util_actionability|paper_align|Qwen3-0.6B] step=150 epoch=0.7453

                                                 

 25%|██▍       | 150/606 [05:08<14:41,  1.93s/it]2026-09-20 21:19:43,301 INFO [rev_util_actionability|paper_align|Qwen3-0.6B] step=150 epoch=0.7453

                                                 
{'paper_align_label_loss': '0.07045', 'paper_align_reason_loss': '1.104', 'epoch': '0.641'}
{'paper_align_label_loss': '0.09357', 'paper_align_reason_loss': '1.119', 'epoch': '0.641'}
{'paper_align_label_loss': '0.0807', 'paper_align_reason_loss': '0.9538', 'epoch': '0.641'}
{'loss': '2.249', 'grad_norm': '3.218', 'learning_rate': '9.158e-05', 'epoch': '0.646'}
{'paper_align_label_loss': '0.1171', 'paper_align_reason_loss': '1.096', 'epoch': '0.646'}
{'paper_align_label_loss': '0.07114', 'paper_align_reason_loss': '0.956', 'epoch': '0.646'}
{'paper_align_label_loss': '0.08638', 'paper_align_reason_loss': '0.7293', 'epoch': '0.646'}
{'paper_align_label_loss': '0.05412', 'paper_align_reason_loss': '0.7743', 'epoch': '0.646'}
{'paper_align_label_loss': '0.0955', 'paper_align_reason_loss': '0.9768', 'epoch': '0.6509'}
{'paper_align_label_loss': '0.04488', 'paper_align_reason_loss': '0.969', 'epoch': '0.6509'}
{'paper_align_label_loss': '0.3126', 'paper_align_reason_loss': '1.017', 'epoch': '0.6509'}
{'paper_align_label_loss': '0.08715', 'paper_align_reason_loss': '1.135', 'epoch': '0.6509'}
{'paper_align_label_loss': '0.1347', 'paper_align_reason_loss': '1.191', 'epoch': '0.6559'}
{'paper_align_label_loss': '0.0947', 'paper_align_reason_loss': '0.7342', 'epoch': '0.6559'}
{'paper_align_label_loss': '0.08447', 'paper_align_reason_loss': '0.7114', 'epoch': '0.6559'}
{'paper_align_label_loss': '0.0395', 'paper_align_reason_loss': '0.8849', 'epoch': '0.6559'}
{'paper_align_label_loss': '0.08783', 'paper_align_reason_loss': '0.7248', 'epoch': '0.6609'}
{'paper_align_label_loss': '0.2566', 'paper_align_reason_loss': '1.464', 'epoch': '0.6609'}
{'paper_align_label_loss': '0.09076', 'paper_align_reason_loss': '1.053', 'epoch': '0.6609'}
{'paper_align_label_loss': '0.07594', 'paper_align_reason_loss': '0.9135', 'epoch': '0.6609'}
{'paper_align_label_loss': '0.09578', 'paper_align_reason_loss': '0.7218', 'epoch': '0.6658'}
{'paper_align_label_loss': '0.09297', 'paper_align_reason_loss': '0.995', 'epoch': '0.6658'}
{'paper_align_label_loss': '0.01827', 'paper_align_reason_loss': '0.98', 'epoch': '0.6658'}
{'paper_align_label_loss': '0.08451', 'paper_align_reason_loss': '0.8341', 'epoch': '0.6658'}
{'paper_align_label_loss': '0.1324', 'paper_align_reason_loss': '0.9344', 'epoch': '0.6708'}
{'paper_align_label_loss': '0.01005', 'paper_align_reason_loss': '0.8108', 'epoch': '0.6708'}
{'paper_align_label_loss': '0.06031', 'paper_align_reason_loss': '0.7636', 'epoch': '0.6708'}
{'paper_align_label_loss': '0.1172', 'paper_align_reason_loss': '1.042', 'epoch': '0.6708'}
{'paper_align_label_loss': '0.04637', 'paper_align_reason_loss': '1.043', 'epoch': '0.6758'}
{'paper_align_label_loss': '0.1038', 'paper_align_reason_loss': '0.9441', 'epoch': '0.6758'}
{'paper_align_label_loss': '0.1524', 'paper_align_reason_loss': '1.072', 'epoch': '0.6758'}
{'paper_align_label_loss': '0.07041', 'paper_align_reason_loss': '0.9984', 'epoch': '0.6758'}
{'paper_align_label_loss': '0.09979', 'paper_align_reason_loss': '1.165', 'epoch': '0.6807'}
{'paper_align_label_loss': '0.002093', 'paper_align_reason_loss': '0.9943', 'epoch': '0.6807'}
{'paper_align_label_loss': '0.08428', 'paper_align_reason_loss': '0.8176', 'epoch': '0.6807'}
{'paper_align_label_loss': '0.2688', 'paper_align_reason_loss': '1.132', 'epoch': '0.6807'}
{'paper_align_label_loss': '0.3382', 'paper_align_reason_loss': '0.9635', 'epoch': '0.6857'}
{'paper_align_label_loss': '0.05631', 'paper_align_reason_loss': '1.095', 'epoch': '0.6857'}
{'paper_align_label_loss': '0.006254', 'paper_align_reason_loss': '1.243', 'epoch': '0.6857'}
{'paper_align_label_loss': '0.01928', 'paper_align_reason_loss': '1.494', 'epoch': '0.6857'}
{'paper_align_label_loss': '0.1477', 'paper_align_reason_loss': '0.8421', 'epoch': '0.6907'}
{'paper_align_label_loss': '0.06852', 'paper_align_reason_loss': '0.8665', 'epoch': '0.6907'}
{'paper_align_label_loss': '0.08222', 'paper_align_reason_loss': '0.8868', 'epoch': '0.6907'}
{'paper_align_label_loss': '0.2557', 'paper_align_reason_loss': '0.8815', 'epoch': '0.6907'}
{'loss': '2.15', 'grad_norm': '8.734', 'learning_rate': '9.004e-05', 'epoch': '0.6957'}
{'paper_align_label_loss': '0.177', 'paper_align_reason_loss': '0.9253', 'epoch': '0.6957'}
{'paper_align_label_loss': '0.2683', 'paper_align_reason_loss': '0.8791', 'epoch': '0.6957'}
{'paper_align_label_loss': '0.14', 'paper_align_reason_loss': '1.213', 'epoch': '0.6957'}
{'paper_align_label_loss': '0.1552', 'paper_align_reason_loss': '1.002', 'epoch': '0.6957'}
{'paper_align_label_loss': '0.02896', 'paper_align_reason_loss': '0.9557', 'epoch': '0.7006'}
{'paper_align_label_loss': '0.2175', 'paper_align_reason_loss': '0.8516', 'epoch': '0.7006'}
{'paper_align_label_loss': '0.08255', 'paper_align_reason_loss': '1.151', 'epoch': '0.7006'}
{'paper_align_label_loss': '0.03971', 'paper_align_reason_loss': '0.976', 'epoch': '0.7006'}
{'paper_align_label_loss': '0.01921', 'paper_align_reason_loss': '0.9852', 'epoch': '0.7056'}
{'paper_align_label_loss': '0.112', 'paper_align_reason_loss': '0.8352', 'epoch': '0.7056'}
{'paper_align_label_loss': '0.0348', 'paper_align_reason_loss': '0.881', 'epoch': '0.7056'}
{'paper_align_label_loss': '0.09239', 'paper_align_reason_loss': '1.107', 'epoch': '0.7056'}
{'paper_align_label_loss': '0.1062', 'paper_align_reason_loss': '1.011', 'epoch': '0.7106'}
{'paper_align_label_loss': '0.04397', 'paper_align_reason_loss': '0.8292', 'epoch': '0.7106'}
{'paper_align_label_loss': '0.1836', 'paper_align_reason_loss': '1.376', 'epoch': '0.7106'}
{'paper_align_label_loss': '0.2868', 'paper_align_reason_loss': '0.9496', 'epoch': '0.7106'}
{'paper_align_label_loss': '0.1388', 'paper_align_reason_loss': '0.8374', 'epoch': '0.7155'}
{'paper_align_label_loss': '0.08501', 'paper_align_reason_loss': '0.9437', 'epoch': '0.7155'}
{'paper_align_label_loss': '0.2543', 'paper_align_reason_loss': '0.9497', 'epoch': '0.7155'}
{'paper_align_label_loss': '0.07942', 'paper_align_reason_loss': '0.615', 'epoch': '0.7155'}
{'paper_align_label_loss': '0.09853', 'paper_align_reason_loss': '1.125', 'epoch': '0.7205'}
{'paper_align_label_loss': '0.21', 'paper_align_reason_loss': '0.8382', 'epoch': '0.7205'}
{'paper_align_label_loss': '0.003585', 'paper_align_reason_loss': '0.7193', 'epoch': '0.7205'}
{'paper_align_label_loss': '0.06567', 'paper_align_reason_loss': '1.033', 'epoch': '0.7205'}
{'paper_align_label_loss': '0.06109', 'paper_align_reason_loss': '0.7767', 'epoch': '0.7255'}
{'paper_align_label_loss': '0.1116', 'paper_align_reason_loss': '1.133', 'epoch': '0.7255'}
{'paper_align_label_loss': '0.236', 'paper_align_reason_loss': '0.9855', 'epoch': '0.7255'}
{'paper_align_label_loss': '0.05276', 'paper_align_reason_loss': '0.9663', 'epoch': '0.7255'}
{'paper_align_label_loss': '0.1597', 'paper_align_reason_loss': '1.048', 'epoch': '0.7304'}
{'paper_align_label_loss': '0.05567', 'paper_align_reason_loss': '0.8861', 'epoch': '0.7304'}
{'paper_align_label_loss': '0.05845', 'paper_align_reason_loss': '1.194', 'epoch': '0.7304'}
{'paper_align_label_loss': '0.1096', 'paper_align_reason_loss': '0.9555', 'epoch': '0.7304'}
{'paper_align_label_loss': '0.06401', 'paper_align_reason_loss': '0.815', 'epoch': '0.7354'}
{'paper_align_label_loss': '0.1022', 'paper_align_reason_loss': '1.065', 'epoch': '0.7354'}
{'paper_align_label_loss': '0.09203', 'paper_align_reason_loss': '1.167', 'epoch': '0.7354'}
{'paper_align_label_loss': '0.1172', 'paper_align_reason_loss': '0.8893', 'epoch': '0.7354'}
{'paper_align_label_loss': '0.02634', 'paper_align_reason_loss': '1.029', 'epoch': '0.7404'}
{'paper_align_label_loss': '0.05644', 'paper_align_reason_loss': '1.066', 'epoch': '0.7404'}
{'paper_align_label_loss': '0.05069', 'paper_align_reason_loss': '0.7102', 'epoch': '0.7404'}
{'paper_align_label_loss': '0.1116', 'paper_align_reason_loss': '0.8204', 'epoch': '0.7404'}
{'loss': '2.144', 'grad_norm': '4.277', 'learning_rate': '8.838e-05', 'epoch': '0.7453'}
{'paper_align_label_loss': '0.03256', 'paper_align_reason_loss': '1.101', 'epoch': '0.7453'}
{'paper_align_label_loss': '0.01192', 'paper_align_reason_loss': '0.6623', 'epoch': '0.7453'}

 25%|██▍       | 150/606 [05:09<14:41,  1.93s/it]2026-09-20 21:19:43,769 INFO [rev_util_actionability|paper_align|Qwen3-0.6B] step=150 epoch=0.7453

                                                 

 25%|██▍       | 150/606 [05:09<14:41,  1.93s/it]
 25%|██▍       | 151/606 [05:10<14:35,  1.92s/it]2026-09-20 21:19:44,276 INFO [rev_util_actionability|paper_align|Qwen3-0.6B] step=151 epoch=0.7503

                                                 

 25%|██▍       | 151/606 [05:10<14:35,  1.92s/it]2026-09-20 21:19:44,744 INFO [rev_util_actionability|paper_align|Qwen3-0.6B] step=151 epoch=0.7503

                                                 

 25%|██▍       | 151/606 [05:10<14:35,  1.92s/it]2026-09-20 21:19:45,216 INFO [rev_util_actionability|paper_align|Qwen3-0.6B] step=151 epoch=0.7503

                                                 

 25%|██▍       | 151/606 [05:11<14:35,  1.92s/it]2026-09-20 21:19:45,684 INFO [rev_util_actionability|paper_align|Qwen3-0.6B] step=151 epoch=0.7503

                                                 

 25%|██▍       | 151/606 [05:11<14:35,  1.92s/it]
 25%|██▌       | 152/606 [05:12<14:30,  1.92s/it]2026-09-20 21:19:46,405 INFO [rev_util_actionability|paper_align|Qwen3-0.6B] step=152 epoch=0.7553

                                                 

 25%|██▌       | 152/606 [05:12<14:30,  1.92s/it]2026-09-20 21:19:46,871 INFO [rev_util_actionability|paper_align|Qwen3-0.6B] step=152 epoch=0.7553

                                                 

 25%|██▌       | 152/606 [05:12<14:30,  1.92s/it]2026-09-20 21:19:47,338 INFO [rev_util_actionability|paper_align|Qwen3-0.6B] step=152 epoch=0.7553

                                                 

 25%|██▌       | 152/606 [05:13<14:30,  1.92s/it]2026-09-20 21:19:47,796 INFO [rev_util_actionability|paper_align|Qwen3-0.6B] step=152 epoch=0.7553

                                                 

 25%|██▌       | 152/606 [05:13<14:30,  1.92s/it]
 25%|██▌       | 153/606 [05:14<14:56,  1.98s/it]2026-09-20 21:19:48,301 INFO [rev_util_actionability|paper_align|Qwen3-0.6B] step=153 epoch=0.7602

                                                 

 25%|██▌       | 153/606 [05:14<14:56,  1.98s/it]2026-09-20 21:19:48,761 INFO [rev_util_actionability|paper_align|Qwen3-0.6B] step=153 epoch=0.7602

                                                 

 25%|██▌       | 153/606 [05:14<14:56,  1.98s/it]2026-09-20 21:19:49,226 INFO [rev_util_actionability|paper_align|Qwen3-0.6B] step=153 epoch=0.7602

                                                 

 25%|██▌       | 153/606 [05:15<14:56,  1.98s/it]2026-09-20 21:19:49,690 INFO [rev_util_actionability|paper_align|Qwen3-0.6B] step=153 epoch=0.7602

                                                 

 25%|██▌       | 153/606 [05:15<14:56,  1.98s/it]
 25%|██▌       | 154/606 [05:16<14:42,  1.95s/it]2026-09-20 21:19:50,200 INFO [rev_util_actionability|paper_align|Qwen3-0.6B] step=154 epoch=0.7652

                                                 

 25%|██▌       | 154/606 [05:16<14:42,  1.95s/it]2026-09-20 21:19:50,668 INFO [rev_util_actionability|paper_align|Qwen3-0.6B] step=154 epoch=0.7652

                                                 

 25%|██▌       | 154/606 [05:16<14:42,  1.95s/it]2026-09-20 21:19:51,139 INFO [rev_util_actionability|paper_align|Qwen3-0.6B] step=154 epoch=0.7652

                                                 

 25%|██▌       | 154/606 [05:17<14:42,  1.95s/it]2026-09-20 21:19:51,611 INFO [rev_util_actionability|paper_align|Qwen3-0.6B] step=154 epoch=0.7652

                                                 

 25%|██▌       | 154/606 [05:17<14:42,  1.95s/it]
 26%|██▌       | 155/606 [05:18<14:36,  1.94s/it]2026-09-20 21:19:52,114 INFO [rev_util_actionability|paper_align|Qwen3-0.6B] step=155 epoch=0.7702

                                                 

 26%|██▌       | 155/606 [05:18<14:36,  1.94s/it]2026-09-20 21:19:52,574 INFO [rev_util_actionability|paper_align|Qwen3-0.6B] step=155 epoch=0.7702

                                                 

 26%|██▌       | 155/606 [05:18<14:36,  1.94s/it]2026-09-20 21:19:53,034 INFO [rev_util_actionability|paper_align|Qwen3-0.6B] step=155 epoch=0.7702

                                                 

 26%|██▌       | 155/606 [05:19<14:36,  1.94s/it]2026-09-20 21:19:53,492 INFO [rev_util_actionability|paper_align|Qwen3-0.6B] step=155 epoch=0.7702

                                                 

 26%|██▌       | 155/606 [05:19<14:36,  1.94s/it]
 26%|██▌       | 156/606 [05:19<14:25,  1.92s/it]2026-09-20 21:19:53,994 INFO [rev_util_actionability|paper_align|Qwen3-0.6B] step=156 epoch=0.7752

                                                 

 26%|██▌       | 156/606 [05:20<14:25,  1.92s/it]2026-09-20 21:19:54,450 INFO [rev_util_actionability|paper_align|Qwen3-0.6B] step=156 epoch=0.7752

                                                 

 26%|██▌       | 156/606 [05:20<14:25,  1.92s/it]2026-09-20 21:19:54,918 INFO [rev_util_actionability|paper_align|Qwen3-0.6B] step=156 epoch=0.7752

                                                 

 26%|██▌       | 156/606 [05:21<14:25,  1.92s/it]2026-09-20 21:19:55,377 INFO [rev_util_actionability|paper_align|Qwen3-0.6B] step=156 epoch=0.7752

                                                 

 26%|██▌       | 156/606 [05:21<14:25,  1.92s/it]
 26%|██▌       | 157/606 [05:21<14:17,  1.91s/it]2026-09-20 21:19:55,877 INFO [rev_util_actionability|paper_align|Qwen3-0.6B] step=157 epoch=0.7801

                                                 

 26%|██▌       | 157/606 [05:21<14:17,  1.91s/it]2026-09-20 21:19:56,534 INFO [rev_util_actionability|paper_align|Qwen3-0.6B] step=157 epoch=0.7801

                                                 

 26%|██▌       | 157/606 [05:22<14:17,  1.91s/it]2026-09-20 21:19:56,993 INFO [rev_util_actionability|paper_align|Qwen3-0.6B] step=157 epoch=0.7801

                                                 

 26%|██▌       | 157/606 [05:23<14:17,  1.91s/it]2026-09-20 21:19:57,454 INFO [rev_util_actionability|paper_align|Qwen3-0.6B] step=157 epoch=0.7801

                                                 

 26%|██▌       | 157/606 [05:23<14:17,  1.91s/it]
 26%|██▌       | 158/606 [05:23<14:38,  1.96s/it]2026-09-20 21:19:57,950 INFO [rev_util_actionability|paper_align|Qwen3-0.6B] step=158 epoch=0.7851

                                                 

 26%|██▌       | 158/606 [05:24<14:38,  1.96s/it]2026-09-20 21:19:58,407 INFO [rev_util_actionability|paper_align|Qwen3-0.6B] step=158 epoch=0.7851

                                                 

 26%|██▌       | 158/606 [05:24<14:38,  1.96s/it]2026-09-20 21:19:58,867 INFO [rev_util_actionability|paper_align|Qwen3-0.6B] step=158 epoch=0.7851

                                                 

 26%|██▌       | 158/606 [05:24<14:38,  1.96s/it]2026-09-20 21:19:59,331 INFO [rev_util_actionability|paper_align|Qwen3-0.6B] step=158 epoch=0.7851

                                                 

 26%|██▌       | 158/606 [05:25<14:38,  1.96s/it]
 26%|██▌       | 159/606 [05:25<14:24,  1.93s/it]2026-09-20 21:19:59,824 INFO [rev_util_actionability|paper_align|Qwen3-0.6B] step=159 epoch=0.7901

                                                 

 26%|██▌       | 159/606 [05:25<14:24,  1.93s/it]2026-09-20 21:20:00,282 INFO [rev_util_actionability|paper_align|Qwen3-0.6B] step=159 epoch=0.7901

                                                 

 26%|██▌       | 159/606 [05:26<14:24,  1.93s/it]2026-09-20 21:20:00,742 INFO [rev_util_actionability|paper_align|Qwen3-0.6B] step=159 epoch=0.7901

                                                 

 26%|██▌       | 159/606 [05:26<14:24,  1.93s/it]2026-09-20 21:20:01,199 INFO [rev_util_actionability|paper_align|Qwen3-0.6B] step=159 epoch=0.7901

                                                 

 26%|██▌       | 159/606 [05:27<14:24,  1.93s/it]
 26%|██▋       | 160/606 [05:27<14:14,  1.92s/it]2026-09-20 21:20:01,519 INFO [rev_util_actionability|paper_align|Qwen3-0.6B] step=160 loss=1.9878 learning_rate=0.0001 epoch=0.7950

                                                 

 26%|██▋       | 160/606 [05:27<14:14,  1.92s/it]2026-09-20 21:20:01,697 INFO [rev_util_actionability|paper_align|Qwen3-0.6B] step=160 epoch=0.7950

                                                 

 26%|██▋       | 160/606 [05:27<14:14,  1.92s/it]2026-09-20 21:20:02,156 INFO [rev_util_actionability|paper_align|Qwen3-0.6B] step=160 epoch=0.7950

                                                 

 26%|██▋       | 160/606 [05:28<14:14,  1.92s/it]2026-09-20 21:20:02,619 INFO [rev_util_actionability|paper_align|Qwen3-0.6B] step=160 epoch=0.7950

                                                 

 26%|██▋       | 160/606 [05:28<14:14,  1.92s/it]2026-09-20 21:20:03,083 INFO [rev_util_actionability|paper_align|Qwen3-0.6B] step=160 epoch=0.7950

                                                 

 26%|██▋       | 160/606 [05:29<14:14,  1.92s/it]
 27%|██▋       | 161/606 [05:29<14:08,  1.91s/it]2026-09-20 21:20:03,586 INFO [rev_util_actionability|paper_align|Qwen3-0.6B] step=161 epoch=0.8000

                                                 

 27%|██▋       | 161/606 [05:29<14:08,  1.91s/it]2026-09-20 21:20:04,045 INFO [rev_util_actionability|paper_align|Qwen3-0.6B] step=161 epoch=0.8000

                                                 

 27%|██▋       | 161/606 [05:30<14:08,  1.91s/it]2026-09-20 21:20:04,507 INFO [rev_util_actionability|paper_align|Qwen3-0.6B] step=161 epoch=0.8000

                                                 

 27%|██▋       | 161/606 [05:30<14:08,  1.91s/it]2026-09-20 21:20:04,970 INFO [rev_util_actionability|paper_align|Qwen3-0.6B] step=161 epoch=0.8000

                                                 

 27%|██▋       | 161/606 [05:31<14:08,  1.91s/it]
 27%|██▋       | 162/606 [05:31<14:03,  1.90s/it]2026-09-20 21:20:05,471 INFO [rev_util_actionability|paper_align|Qwen3-0.6B] step=162 epoch=0.8050

                                                 

 27%|██▋       | 162/606 [05:31<14:03,  1.90s/it]2026-09-20 21:20:06,100 INFO [rev_util_actionability|paper_align|Qwen3-0.6B] step=162 epoch=0.8050

                                                 

 27%|██▋       | 162/606 [05:32<14:03,  1.90s/it]2026-09-20 21:20:06,567 INFO [rev_util_actionability|paper_align|Qwen3-0.6B] step=162 epoch=0.8050

                                                 

 27%|██▋       | 162/606 [05:32<14:03,  1.90s/it]2026-09-20 21:20:07,036 INFO [rev_util_actionability|paper_align|Qwen3-0.6B] step=162 epoch=0.8050

                                                 

 27%|██▋       | 162/606 [05:33<14:03,  1.90s/it]
 27%|██▋       | 163/606 [05:33<14:24,  1.95s/it]2026-09-20 21:20:07,540 INFO [rev_util_actionability|paper_align|Qwen3-0.6B] step=163 epoch=0.8099

                                                 

 27%|██▋       | 163/606 [05:33<14:24,  1.95s/it]2026-09-20 21:20:08,002 INFO [rev_util_actionability|paper_align|Qwen3-0.6B] step=163 epoch=0.8099

                                                 

 27%|██▋       | 163/606 [05:34<14:24,  1.95s/it]2026-09-20 21:20:08,464 INFO [rev_util_actionability|paper_align|Qwen3-0.6B] step=163 epoch=0.8099

                                                 

 27%|██▋       | 163/606 [05:34<14:24,  1.95s/it]2026-09-20 21:20:08,930 INFO [rev_util_actionability|paper_align|Qwen3-0.6B] step=163 epoch=0.8099

                                                 

 27%|██▋       | 163/606 [05:35<14:24,  1.95s/it]
 27%|██▋       | 164/606 [05:35<14:14,  1.93s/it]2026-09-20 21:20:09,431 INFO [rev_util_actionability|paper_align|Qwen3-0.6B] step=164 epoch=0.8149

                                                 

 27%|██▋       | 164/606 [05:35<14:14,  1.93s/it]2026-09-20 21:20:09,885 INFO [rev_util_actionability|paper_align|Qwen3-0.6B] step=164 epoch=0.8149

                                                 

 27%|██▋       | 164/606 [05:36<14:14,  1.93s/it]2026-09-20 21:20:10,346 INFO [rev_util_actionability|paper_align|Qwen3-0.6B] step=164 epoch=0.8149

                                                 

 27%|██▋       | 164/606 [05:36<14:14,  1.93s/it]2026-09-20 21:20:10,805 INFO [rev_util_actionability|paper_align|Qwen3-0.6B] step=164 epoch=0.8149

                                                 

 27%|██▋       | 164/606 [05:36<14:14,  1.93s/it]
 27%|██▋       | 165/606 [05:37<14:04,  1.91s/it]2026-09-20 21:20:11,300 INFO [rev_util_actionability|paper_align|Qwen3-0.6B] step=165 epoch=0.8199

                                                 

 27%|██▋       | 165/606 [05:37<14:04,  1.91s/it]2026-09-20 21:20:11,756 INFO [rev_util_actionability|paper_align|Qwen3-0.6B] step=165 epoch=0.8199

                                                 

 27%|██▋       | 165/606 [05:37<14:04,  1.91s/it]2026-09-20 21:20:12,213 INFO [rev_util_actionability|paper_align|Qwen3-0.6B] step=165 epoch=0.8199

                                                 

 27%|██▋       | 165/606 [05:38<14:04,  1.91s/it]2026-09-20 21:20:12,677 INFO [rev_util_actionability|paper_align|Qwen3-0.6B] step=165 epoch=0.8199

                                                 

 27%|██▋       | 165/606 [05:38<14:04,  1.91s/it]
 27%|██▋       | 166/606 [05:39<13:57,  1.90s/it]2026-09-20 21:20:13,180 INFO [rev_util_actionability|paper_align|Qwen3-0.6B] step=166 epoch=0.8248

                                                 

 27%|██▋       | 166/606 [05:39<13:57,  1.90s/it]2026-09-20 21:20:13,650 INFO [rev_util_actionability|paper_align|Qwen3-0.6B] step=166 epoch=0.8248

                                                 

 27%|██▋       | 166/606 [05:39<13:57,  1.90s/it]2026-09-20 21:20:14,115 INFO [rev_util_actionability|paper_align|Qwen3-0.6B] step=166 epoch=0.8248

                                                 

 27%|██▋       | 166/606 [05:40<13:57,  1.90s/it]2026-09-20 21:20:14,580 INFO [rev_util_actionability|paper_align|Qwen3-0.6B] step=166 epoch=0.8248

                                                 

 27%|██▋       | 166/606 [05:40<13:57,  1.90s/it]
 28%|██▊       | 167/606 [05:41<13:55,  1.90s/it]2026-09-20 21:20:15,078 INFO [rev_util_actionability|paper_align|Qwen3-0.6B] step=167 epoch=0.8298

                                                 

 28%|██▊       | 167/606 [05:41<13:55,  1.90s/it]2026-09-20 21:20:15,703 INFO [rev_util_actionability|paper_align|Qwen3-0.6B] step=167 epoch=0.8298

                                                 

 28%|██▊       | 167/606 [05:41<13:55,  1.90s/it]2026-09-20 21:20:16,169 INFO [rev_util_actionability|paper_align|Qwen3-0.6B] step=167 epoch=0.8298

                                                 

 28%|██▊       | 167/606 [05:42<13:55,  1.90s/it]2026-09-20 21:20:16,637 INFO [rev_util_actionability|paper_align|Qwen3-0.6B] step=167 epoch=0.8298

                                                 

 28%|██▊       | 167/606 [05:42<13:55,  1.90s/it]
 28%|██▊       | 168/606 [05:43<14:14,  1.95s/it]2026-09-20 21:20:17,137 INFO [rev_util_actionability|paper_align|Qwen3-0.6B] step=168 epoch=0.8348

                                                 

 28%|██▊       | 168/606 [05:43<14:14,  1.95s/it]2026-09-20 21:20:17,600 INFO [rev_util_actionability|paper_align|Qwen3-0.6B] step=168 epoch=0.8348

                                                 

 28%|██▊       | 168/606 [05:43<14:14,  1.95s/it]2026-09-20 21:20:18,066 INFO [rev_util_actionability|paper_align|Qwen3-0.6B] step=168 epoch=0.8348

                                                 

 28%|██▊       | 168/606 [05:44<14:14,  1.95s/it]2026-09-20 21:20:18,527 INFO [rev_util_actionability|paper_align|Qwen3-0.6B] step=168 epoch=0.8348

                                                 

 28%|██▊       | 168/606 [05:44<14:14,  1.95s/it]
 28%|██▊       | 169/606 [05:44<14:04,  1.93s/it]2026-09-20 21:20:19,037 INFO [rev_util_actionability|paper_align|Qwen3-0.6B] step=169 epoch=0.8398

                                                 

 28%|██▊       | 169/606 [05:45<14:04,  1.93s/it]2026-09-20 21:20:19,504 INFO [rev_util_actionability|paper_align|Qwen3-0.6B] step=169 epoch=0.8398

                                                 

 28%|██▊       | 169/606 [05:45<14:04,  1.93s/it]2026-09-20 21:20:19,967 INFO [rev_util_actionability|paper_align|Qwen3-0.6B] step=169 epoch=0.8398

                                                 

 28%|██▊       | 169/606 [05:46<14:04,  1.93s/it]2026-09-20 21:20:20,428 INFO [rev_util_actionability|paper_align|Qwen3-0.6B] step=169 epoch=0.8398

                                                 

 28%|██▊       | 169/606 [05:46<14:04,  1.93s/it]
 28%|██▊       | 170/606 [05:46<13:57,  1.92s/it]2026-09-20 21:20:20,746 INFO [rev_util_actionability|paper_align|Qwen3-0.6B] step=170 loss=2.0560 learning_rate=0.0001 epoch=0.8447

                                                 

 28%|██▊       | 170/606 [05:46<13:57,  1.92s/it]2026-09-20 21:20:20,924 INFO [rev_util_actionability|paper_align|Qwen3-0.6B] step=170 epoch=0.8447

                                                 

 28%|██▊       | 170/606 [05:47<13:57,  1.92s/it]2026-09-20 21:20:21,392 INFO [rev_util_actionability|paper_align|Qwen3-0.6B] step=170 epoch=0.8447

                                                 

 28%|██▊       | 170/606 [05:47<13:57,  1.92s/it]2026-09-20 21:20:21,849 INFO [rev_util_actionability|paper_align|Qwen3-0.6B] step=170 epoch=0.8447

                                                 

 28%|██▊       | 170/606 [05:47<13:57,  1.92s/it]2026-09-20 21:20:22,311 INFO [rev_util_actionability|paper_align|Qwen3-0.6B] step=170 epoch=0.8447

                                                 

 28%|██▊       | 170/606 [05:48<13:57,  1.92s/it]
 28%|██▊       | 171/606 [05:48<13:50,  1.91s/it]2026-09-20 21:20:22,819 INFO [rev_util_actionability|paper_align|Qwen3-0.6B] step=171 epoch=0.8497

                                                 

 28%|██▊       | 171/606 [05:48<13:50,  1.91s/it]2026-09-20 21:20:23,279 INFO [rev_util_actionability|paper_align|Qwen3-0.6B] step=171 epoch=0.8497

                                                 

 28%|██▊       | 171/606 [05:49<13:50,  1.91s/it]2026-09-20 21:20:23,739 INFO [rev_util_actionability|paper_align|Qwen3-0.6B] step=171 epoch=0.8497

                                                 

 28%|██▊       | 171/606 [05:49<13:50,  1.91s/it]2026-09-20 21:20:24,198 INFO [rev_util_actionability|paper_align|Qwen3-0.6B] step=171 epoch=0.8497

                                                 

 28%|██▊       | 171/606 [05:50<13:50,  1.91s/it]
 28%|██▊       | 172/606 [05:50<13:47,  1.91s/it]2026-09-20 21:20:24,712 INFO [rev_util_actionability|paper_align|Qwen3-0.6B] step=172 epoch=0.8547

                                                 
{'paper_align_label_loss': '0.154', 'paper_align_reason_loss': '1.003', 'epoch': '0.7453'}
{'paper_align_label_loss': '0.008686', 'paper_align_reason_loss': '0.8463', 'epoch': '0.7453'}
{'paper_align_label_loss': '0.007375', 'paper_align_reason_loss': '0.6711', 'epoch': '0.7503'}
{'paper_align_label_loss': '0.09658', 'paper_align_reason_loss': '1.039', 'epoch': '0.7503'}
{'paper_align_label_loss': '0.08083', 'paper_align_reason_loss': '0.723', 'epoch': '0.7503'}
{'paper_align_label_loss': '0.02692', 'paper_align_reason_loss': '0.8394', 'epoch': '0.7503'}
{'paper_align_label_loss': '0.08609', 'paper_align_reason_loss': '1.096', 'epoch': '0.7553'}
{'paper_align_label_loss': '0.02504', 'paper_align_reason_loss': '0.945', 'epoch': '0.7553'}
{'paper_align_label_loss': '0.02833', 'paper_align_reason_loss': '0.8446', 'epoch': '0.7553'}
{'paper_align_label_loss': '0.02763', 'paper_align_reason_loss': '1.054', 'epoch': '0.7553'}
{'paper_align_label_loss': '0.01105', 'paper_align_reason_loss': '0.9165', 'epoch': '0.7602'}
{'paper_align_label_loss': '0.1944', 'paper_align_reason_loss': '1.245', 'epoch': '0.7602'}
{'paper_align_label_loss': '0.1962', 'paper_align_reason_loss': '1.007', 'epoch': '0.7602'}
{'paper_align_label_loss': '0.0005208', 'paper_align_reason_loss': '0.8399', 'epoch': '0.7602'}
{'paper_align_label_loss': '0.1632', 'paper_align_reason_loss': '1.028', 'epoch': '0.7652'}
{'paper_align_label_loss': '0.09283', 'paper_align_reason_loss': '1.033', 'epoch': '0.7652'}
{'paper_align_label_loss': '0.03874', 'paper_align_reason_loss': '1.04', 'epoch': '0.7652'}
{'paper_align_label_loss': '0.01406', 'paper_align_reason_loss': '0.8296', 'epoch': '0.7652'}
{'paper_align_label_loss': '0.1252', 'paper_align_reason_loss': '0.8418', 'epoch': '0.7702'}
{'paper_align_label_loss': '0.1825', 'paper_align_reason_loss': '0.8879', 'epoch': '0.7702'}
{'paper_align_label_loss': '0.02925', 'paper_align_reason_loss': '0.7795', 'epoch': '0.7702'}
{'paper_align_label_loss': '0.03377', 'paper_align_reason_loss': '0.835', 'epoch': '0.7702'}
{'paper_align_label_loss': '0.01139', 'paper_align_reason_loss': '0.9759', 'epoch': '0.7752'}
{'paper_align_label_loss': '0.1285', 'paper_align_reason_loss': '0.9375', 'epoch': '0.7752'}
{'paper_align_label_loss': '0.0005803', 'paper_align_reason_loss': '0.8908', 'epoch': '0.7752'}
{'paper_align_label_loss': '0.263', 'paper_align_reason_loss': '1.015', 'epoch': '0.7752'}
{'paper_align_label_loss': '0.1226', 'paper_align_reason_loss': '1.161', 'epoch': '0.7801'}
{'paper_align_label_loss': '0.08466', 'paper_align_reason_loss': '0.7981', 'epoch': '0.7801'}
{'paper_align_label_loss': '0.002275', 'paper_align_reason_loss': '1.051', 'epoch': '0.7801'}
{'paper_align_label_loss': '0.1076', 'paper_align_reason_loss': '0.9056', 'epoch': '0.7801'}
{'paper_align_label_loss': '0.2723', 'paper_align_reason_loss': '0.9809', 'epoch': '0.7851'}
{'paper_align_label_loss': '0.2003', 'paper_align_reason_loss': '0.9135', 'epoch': '0.7851'}
{'paper_align_label_loss': '0.04408', 'paper_align_reason_loss': '0.7355', 'epoch': '0.7851'}
{'paper_align_label_loss': '9.004e-05', 'paper_align_reason_loss': '0.8316', 'epoch': '0.7851'}
{'paper_align_label_loss': '0.04227', 'paper_align_reason_loss': '0.7876', 'epoch': '0.7901'}
{'paper_align_label_loss': '0.008123', 'paper_align_reason_loss': '0.9141', 'epoch': '0.7901'}
{'paper_align_label_loss': '0.1629', 'paper_align_reason_loss': '0.8616', 'epoch': '0.7901'}
{'paper_align_label_loss': '0.0006522', 'paper_align_reason_loss': '0.7691', 'epoch': '0.7901'}
{'loss': '1.988', 'grad_norm': '4.984', 'learning_rate': '8.661e-05', 'epoch': '0.795'}
{'paper_align_label_loss': '0.007151', 'paper_align_reason_loss': '0.8748', 'epoch': '0.795'}
{'paper_align_label_loss': '0.05196', 'paper_align_reason_loss': '0.7564', 'epoch': '0.795'}
{'paper_align_label_loss': '0.001652', 'paper_align_reason_loss': '1.118', 'epoch': '0.795'}
{'paper_align_label_loss': '0.03321', 'paper_align_reason_loss': '1.06', 'epoch': '0.795'}
{'paper_align_label_loss': '0.001409', 'paper_align_reason_loss': '0.8794', 'epoch': '0.8'}
{'paper_align_label_loss': '0.05506', 'paper_align_reason_loss': '1.06', 'epoch': '0.8'}
{'paper_align_label_loss': '0.02153', 'paper_align_reason_loss': '1.13', 'epoch': '0.8'}
{'paper_align_label_loss': '0.222', 'paper_align_reason_loss': '1.084', 'epoch': '0.8'}
{'paper_align_label_loss': '0.09482', 'paper_align_reason_loss': '0.8905', 'epoch': '0.805'}
{'paper_align_label_loss': '0.02074', 'paper_align_reason_loss': '0.8927', 'epoch': '0.805'}
{'paper_align_label_loss': '0.03403', 'paper_align_reason_loss': '0.9237', 'epoch': '0.805'}
{'paper_align_label_loss': '0.2051', 'paper_align_reason_loss': '0.9077', 'epoch': '0.805'}
{'paper_align_label_loss': '0.003711', 'paper_align_reason_loss': '0.9231', 'epoch': '0.8099'}
{'paper_align_label_loss': '0.2204', 'paper_align_reason_loss': '1.019', 'epoch': '0.8099'}
{'paper_align_label_loss': '0.0009001', 'paper_align_reason_loss': '0.71', 'epoch': '0.8099'}
{'paper_align_label_loss': '0.02158', 'paper_align_reason_loss': '0.8813', 'epoch': '0.8099'}
{'paper_align_label_loss': '0.1266', 'paper_align_reason_loss': '1.046', 'epoch': '0.8149'}
{'paper_align_label_loss': '0.1519', 'paper_align_reason_loss': '0.8602', 'epoch': '0.8149'}
{'paper_align_label_loss': '0.2186', 'paper_align_reason_loss': '0.9704', 'epoch': '0.8149'}
{'paper_align_label_loss': '0.1477', 'paper_align_reason_loss': '0.9775', 'epoch': '0.8149'}
{'paper_align_label_loss': '0.03769', 'paper_align_reason_loss': '0.7652', 'epoch': '0.8199'}
{'paper_align_label_loss': '0.03499', 'paper_align_reason_loss': '0.7817', 'epoch': '0.8199'}
{'paper_align_label_loss': '0.06896', 'paper_align_reason_loss': '0.7455', 'epoch': '0.8199'}
{'paper_align_label_loss': '0.08345', 'paper_align_reason_loss': '0.9509', 'epoch': '0.8199'}
{'paper_align_label_loss': '0.03537', 'paper_align_reason_loss': '1.152', 'epoch': '0.8248'}
{'paper_align_label_loss': '0.01458', 'paper_align_reason_loss': '0.6431', 'epoch': '0.8248'}
{'paper_align_label_loss': '0.002795', 'paper_align_reason_loss': '1.035', 'epoch': '0.8248'}
{'paper_align_label_loss': '0.03177', 'paper_align_reason_loss': '1.041', 'epoch': '0.8248'}
{'paper_align_label_loss': '0.1331', 'paper_align_reason_loss': '0.7486', 'epoch': '0.8298'}
{'paper_align_label_loss': '0.1367', 'paper_align_reason_loss': '0.7513', 'epoch': '0.8298'}
{'paper_align_label_loss': '0.09401', 'paper_align_reason_loss': '1.196', 'epoch': '0.8298'}
{'paper_align_label_loss': '0.03847', 'paper_align_reason_loss': '0.736', 'epoch': '0.8298'}
{'paper_align_label_loss': '0.06663', 'paper_align_reason_loss': '0.9536', 'epoch': '0.8348'}
{'paper_align_label_loss': '0.004544', 'paper_align_reason_loss': '0.8968', 'epoch': '0.8348'}
{'paper_align_label_loss': '0.1437', 'paper_align_reason_loss': '1.171', 'epoch': '0.8348'}
{'paper_align_label_loss': '0.1948', 'paper_align_reason_loss': '0.9499', 'epoch': '0.8348'}
{'paper_align_label_loss': '0.1977', 'paper_align_reason_loss': '1.12', 'epoch': '0.8398'}
{'paper_align_label_loss': '0.03961', 'paper_align_reason_loss': '1.224', 'epoch': '0.8398'}
{'paper_align_label_loss': '0.04955', 'paper_align_reason_loss': '1.035', 'epoch': '0.8398'}
{'paper_align_label_loss': '0.1921', 'paper_align_reason_loss': '1.017', 'epoch': '0.8398'}
{'loss': '2.056', 'grad_norm': '5.71', 'learning_rate': '8.474e-05', 'epoch': '0.8447'}
{'paper_align_label_loss': '0.08248', 'paper_align_reason_loss': '1.095', 'epoch': '0.8447'}
{'paper_align_label_loss': '0.03566', 'paper_align_reason_loss': '0.7496', 'epoch': '0.8447'}
{'paper_align_label_loss': '0.06052', 'paper_align_reason_loss': '0.7613', 'epoch': '0.8447'}
{'paper_align_label_loss': '0.06277', 'paper_align_reason_loss': '1.189', 'epoch': '0.8447'}
{'paper_align_label_loss': '0.06633', 'paper_align_reason_loss': '0.9388', 'epoch': '0.8497'}
{'paper_align_label_loss': '0.1322', 'paper_align_reason_loss': '1.106', 'epoch': '0.8497'}
{'paper_align_label_loss': '0.01598', 'paper_align_reason_loss': '0.8697', 'epoch': '0.8497'}
{'paper_align_label_loss': '0.05241', 'paper_align_reason_loss': '0.8037', 'epoch': '0.8497'}

 28%|██▊       | 172/606 [05:50<13:47,  1.91s/it]2026-09-20 21:20:25,366 INFO [rev_util_actionability|paper_align|Qwen3-0.6B] step=172 epoch=0.8547

                                                 

 28%|██▊       | 172/606 [05:51<13:47,  1.91s/it]2026-09-20 21:20:25,831 INFO [rev_util_actionability|paper_align|Qwen3-0.6B] step=172 epoch=0.8547

                                                 

 28%|██▊       | 172/606 [05:51<13:47,  1.91s/it]2026-09-20 21:20:26,298 INFO [rev_util_actionability|paper_align|Qwen3-0.6B] step=172 epoch=0.8547

                                                 

 28%|██▊       | 172/606 [05:52<13:47,  1.91s/it]
 29%|██▊       | 173/606 [05:52<14:09,  1.96s/it]2026-09-20 21:20:26,798 INFO [rev_util_actionability|paper_align|Qwen3-0.6B] step=173 epoch=0.8596

                                                 

 29%|██▊       | 173/606 [05:52<14:09,  1.96s/it]2026-09-20 21:20:27,251 INFO [rev_util_actionability|paper_align|Qwen3-0.6B] step=173 epoch=0.8596

                                                 

 29%|██▊       | 173/606 [05:53<14:09,  1.96s/it]2026-09-20 21:20:27,714 INFO [rev_util_actionability|paper_align|Qwen3-0.6B] step=173 epoch=0.8596

                                                 

 29%|██▊       | 173/606 [05:53<14:09,  1.96s/it]2026-09-20 21:20:28,175 INFO [rev_util_actionability|paper_align|Qwen3-0.6B] step=173 epoch=0.8596

                                                 

 29%|██▊       | 173/606 [05:54<14:09,  1.96s/it]
 29%|██▊       | 174/606 [05:54<13:57,  1.94s/it]2026-09-20 21:20:28,678 INFO [rev_util_actionability|paper_align|Qwen3-0.6B] step=174 epoch=0.8646

                                                 

 29%|██▊       | 174/606 [05:54<13:57,  1.94s/it]2026-09-20 21:20:29,135 INFO [rev_util_actionability|paper_align|Qwen3-0.6B] step=174 epoch=0.8646

                                                 

 29%|██▊       | 174/606 [05:55<13:57,  1.94s/it]2026-09-20 21:20:29,600 INFO [rev_util_actionability|paper_align|Qwen3-0.6B] step=174 epoch=0.8646

                                                 

 29%|██▊       | 174/606 [05:55<13:57,  1.94s/it]2026-09-20 21:20:30,065 INFO [rev_util_actionability|paper_align|Qwen3-0.6B] step=174 epoch=0.8646

                                                 

 29%|██▊       | 174/606 [05:56<13:57,  1.94s/it]
 29%|██▉       | 175/606 [05:56<13:48,  1.92s/it]2026-09-20 21:20:30,566 INFO [rev_util_actionability|paper_align|Qwen3-0.6B] step=175 epoch=0.8696

                                                 

 29%|██▉       | 175/606 [05:56<13:48,  1.92s/it]2026-09-20 21:20:31,023 INFO [rev_util_actionability|paper_align|Qwen3-0.6B] step=175 epoch=0.8696

                                                 

 29%|██▉       | 175/606 [05:57<13:48,  1.92s/it]2026-09-20 21:20:31,491 INFO [rev_util_actionability|paper_align|Qwen3-0.6B] step=175 epoch=0.8696

                                                 

 29%|██▉       | 175/606 [05:57<13:48,  1.92s/it]2026-09-20 21:20:31,956 INFO [rev_util_actionability|paper_align|Qwen3-0.6B] step=175 epoch=0.8696

                                                 

 29%|██▉       | 175/606 [05:58<13:48,  1.92s/it]
 29%|██▉       | 176/606 [05:58<13:42,  1.91s/it]2026-09-20 21:20:32,455 INFO [rev_util_actionability|paper_align|Qwen3-0.6B] step=176 epoch=0.8745

                                                 

 29%|██▉       | 176/606 [05:58<13:42,  1.91s/it]2026-09-20 21:20:32,917 INFO [rev_util_actionability|paper_align|Qwen3-0.6B] step=176 epoch=0.8745

                                                 

 29%|██▉       | 176/606 [05:59<13:42,  1.91s/it]2026-09-20 21:20:33,390 INFO [rev_util_actionability|paper_align|Qwen3-0.6B] step=176 epoch=0.8745

                                                 

 29%|██▉       | 176/606 [05:59<13:42,  1.91s/it]2026-09-20 21:20:33,920 INFO [rev_util_actionability|paper_align|Qwen3-0.6B] step=176 epoch=0.8745

                                                 

 29%|██▉       | 176/606 [06:00<13:42,  1.91s/it]
 29%|██▉       | 177/606 [06:00<13:47,  1.93s/it]2026-09-20 21:20:34,425 INFO [rev_util_actionability|paper_align|Qwen3-0.6B] step=177 epoch=0.8795

                                                 

 29%|██▉       | 177/606 [06:00<13:47,  1.93s/it]2026-09-20 21:20:34,889 INFO [rev_util_actionability|paper_align|Qwen3-0.6B] step=177 epoch=0.8795

                                                 

 29%|██▉       | 177/606 [06:01<13:47,  1.93s/it]2026-09-20 21:20:35,526 INFO [rev_util_actionability|paper_align|Qwen3-0.6B] step=177 epoch=0.8795

                                                 

 29%|██▉       | 177/606 [06:01<13:47,  1.93s/it]2026-09-20 21:20:35,997 INFO [rev_util_actionability|paper_align|Qwen3-0.6B] step=177 epoch=0.8795

                                                 

 29%|██▉       | 177/606 [06:02<13:47,  1.93s/it]
 29%|██▉       | 178/606 [06:02<14:04,  1.97s/it]2026-09-20 21:20:36,498 INFO [rev_util_actionability|paper_align|Qwen3-0.6B] step=178 epoch=0.8845

                                                 

 29%|██▉       | 178/606 [06:02<14:04,  1.97s/it]2026-09-20 21:20:36,978 INFO [rev_util_actionability|paper_align|Qwen3-0.6B] step=178 epoch=0.8845

                                                 

 29%|██▉       | 178/606 [06:03<14:04,  1.97s/it]2026-09-20 21:20:37,482 INFO [rev_util_actionability|paper_align|Qwen3-0.6B] step=178 epoch=0.8845

                                                 

 29%|██▉       | 178/606 [06:03<14:04,  1.97s/it]2026-09-20 21:20:37,954 INFO [rev_util_actionability|paper_align|Qwen3-0.6B] step=178 epoch=0.8845

                                                 

 29%|██▉       | 178/606 [06:04<14:04,  1.97s/it]
 30%|██▉       | 179/606 [06:04<14:00,  1.97s/it]2026-09-20 21:20:38,452 INFO [rev_util_actionability|paper_align|Qwen3-0.6B] step=179 epoch=0.8894

                                                 

 30%|██▉       | 179/606 [06:04<14:00,  1.97s/it]2026-09-20 21:20:39,017 INFO [rev_util_actionability|paper_align|Qwen3-0.6B] step=179 epoch=0.8894

                                                 

 30%|██▉       | 179/606 [06:05<14:00,  1.97s/it]2026-09-20 21:20:39,480 INFO [rev_util_actionability|paper_align|Qwen3-0.6B] step=179 epoch=0.8894

                                                 

 30%|██▉       | 179/606 [06:05<14:00,  1.97s/it]2026-09-20 21:20:39,956 INFO [rev_util_actionability|paper_align|Qwen3-0.6B] step=179 epoch=0.8894

                                                 

 30%|██▉       | 179/606 [06:06<14:00,  1.97s/it]
 30%|██▉       | 180/606 [06:06<14:02,  1.98s/it]2026-09-20 21:20:40,281 INFO [rev_util_actionability|paper_align|Qwen3-0.6B] step=180 loss=2.0820 learning_rate=0.0001 epoch=0.8944

                                                 

 30%|██▉       | 180/606 [06:06<14:02,  1.98s/it]2026-09-20 21:20:40,454 INFO [rev_util_actionability|paper_align|Qwen3-0.6B] step=180 epoch=0.8944

                                                 

 30%|██▉       | 180/606 [06:06<14:02,  1.98s/it]2026-09-20 21:20:40,909 INFO [rev_util_actionability|paper_align|Qwen3-0.6B] step=180 epoch=0.8944

                                                 

 30%|██▉       | 180/606 [06:07<14:02,  1.98s/it]2026-09-20 21:20:41,371 INFO [rev_util_actionability|paper_align|Qwen3-0.6B] step=180 epoch=0.8944

                                                 

 30%|██▉       | 180/606 [06:07<14:02,  1.98s/it]2026-09-20 21:20:41,833 INFO [rev_util_actionability|paper_align|Qwen3-0.6B] step=180 epoch=0.8944

                                                 

 30%|██▉       | 180/606 [06:07<14:02,  1.98s/it]
 30%|██▉       | 181/606 [06:08<13:47,  1.95s/it]2026-09-20 21:20:42,329 INFO [rev_util_actionability|paper_align|Qwen3-0.6B] step=181 epoch=0.8994

                                                 

 30%|██▉       | 181/606 [06:08<13:47,  1.95s/it]2026-09-20 21:20:42,787 INFO [rev_util_actionability|paper_align|Qwen3-0.6B] step=181 epoch=0.8994

                                                 

 30%|██▉       | 181/606 [06:08<13:47,  1.95s/it]2026-09-20 21:20:43,254 INFO [rev_util_actionability|paper_align|Qwen3-0.6B] step=181 epoch=0.8994

                                                 

 30%|██▉       | 181/606 [06:09<13:47,  1.95s/it]2026-09-20 21:20:43,721 INFO [rev_util_actionability|paper_align|Qwen3-0.6B] step=181 epoch=0.8994

                                                 

 30%|██▉       | 181/606 [06:09<13:47,  1.95s/it]
 30%|███       | 182/606 [06:10<13:38,  1.93s/it]2026-09-20 21:20:44,223 INFO [rev_util_actionability|paper_align|Qwen3-0.6B] step=182 epoch=0.9043

                                                 

 30%|███       | 182/606 [06:10<13:38,  1.93s/it]2026-09-20 21:20:44,680 INFO [rev_util_actionability|paper_align|Qwen3-0.6B] step=182 epoch=0.9043

                                                 

 30%|███       | 182/606 [06:10<13:38,  1.93s/it]2026-09-20 21:20:45,351 INFO [rev_util_actionability|paper_align|Qwen3-0.6B] step=182 epoch=0.9043

                                                 

 30%|███       | 182/606 [06:11<13:38,  1.93s/it]2026-09-20 21:20:45,818 INFO [rev_util_actionability|paper_align|Qwen3-0.6B] step=182 epoch=0.9043

                                                 

 30%|███       | 182/606 [06:11<13:38,  1.93s/it]
 30%|███       | 183/606 [06:12<13:57,  1.98s/it]2026-09-20 21:20:46,317 INFO [rev_util_actionability|paper_align|Qwen3-0.6B] step=183 epoch=0.9093

                                                 

 30%|███       | 183/606 [06:12<13:57,  1.98s/it]2026-09-20 21:20:46,778 INFO [rev_util_actionability|paper_align|Qwen3-0.6B] step=183 epoch=0.9093

                                                 

 30%|███       | 183/606 [06:12<13:57,  1.98s/it]2026-09-20 21:20:47,238 INFO [rev_util_actionability|paper_align|Qwen3-0.6B] step=183 epoch=0.9093

                                                 

 30%|███       | 183/606 [06:13<13:57,  1.98s/it]2026-09-20 21:20:47,703 INFO [rev_util_actionability|paper_align|Qwen3-0.6B] step=183 epoch=0.9093

                                                 

 30%|███       | 183/606 [06:13<13:57,  1.98s/it]
 30%|███       | 184/606 [06:14<13:43,  1.95s/it]2026-09-20 21:20:48,197 INFO [rev_util_actionability|paper_align|Qwen3-0.6B] step=184 epoch=0.9143

                                                 

 30%|███       | 184/606 [06:14<13:43,  1.95s/it]2026-09-20 21:20:48,654 INFO [rev_util_actionability|paper_align|Qwen3-0.6B] step=184 epoch=0.9143

                                                 

 30%|███       | 184/606 [06:14<13:43,  1.95s/it]2026-09-20 21:20:49,119 INFO [rev_util_actionability|paper_align|Qwen3-0.6B] step=184 epoch=0.9143

                                                 

 30%|███       | 184/606 [06:15<13:43,  1.95s/it]2026-09-20 21:20:49,583 INFO [rev_util_actionability|paper_align|Qwen3-0.6B] step=184 epoch=0.9143

                                                 

 30%|███       | 184/606 [06:15<13:43,  1.95s/it]
 31%|███       | 185/606 [06:16<13:32,  1.93s/it]2026-09-20 21:20:50,083 INFO [rev_util_actionability|paper_align|Qwen3-0.6B] step=185 epoch=0.9193

                                                 

 31%|███       | 185/606 [06:16<13:32,  1.93s/it]2026-09-20 21:20:50,549 INFO [rev_util_actionability|paper_align|Qwen3-0.6B] step=185 epoch=0.9193

                                                 

 31%|███       | 185/606 [06:16<13:32,  1.93s/it]2026-09-20 21:20:51,014 INFO [rev_util_actionability|paper_align|Qwen3-0.6B] step=185 epoch=0.9193

                                                 

 31%|███       | 185/606 [06:17<13:32,  1.93s/it]2026-09-20 21:20:51,481 INFO [rev_util_actionability|paper_align|Qwen3-0.6B] step=185 epoch=0.9193

                                                 

 31%|███       | 185/606 [06:17<13:32,  1.93s/it]
 31%|███       | 186/606 [06:17<13:27,  1.92s/it]2026-09-20 21:20:51,989 INFO [rev_util_actionability|paper_align|Qwen3-0.6B] step=186 epoch=0.9242

                                                 

 31%|███       | 186/606 [06:18<13:27,  1.92s/it]2026-09-20 21:20:52,456 INFO [rev_util_actionability|paper_align|Qwen3-0.6B] step=186 epoch=0.9242

                                                 

 31%|███       | 186/606 [06:18<13:27,  1.92s/it]2026-09-20 21:20:52,920 INFO [rev_util_actionability|paper_align|Qwen3-0.6B] step=186 epoch=0.9242

                                                 

 31%|███       | 186/606 [06:19<13:27,  1.92s/it]2026-09-20 21:20:53,381 INFO [rev_util_actionability|paper_align|Qwen3-0.6B] step=186 epoch=0.9242

                                                 

 31%|███       | 186/606 [06:19<13:27,  1.92s/it]
 31%|███       | 187/606 [06:19<13:21,  1.91s/it]2026-09-20 21:20:53,873 INFO [rev_util_actionability|paper_align|Qwen3-0.6B] step=187 epoch=0.9292

                                                 

 31%|███       | 187/606 [06:19<13:21,  1.91s/it]2026-09-20 21:20:54,354 INFO [rev_util_actionability|paper_align|Qwen3-0.6B] step=187 epoch=0.9292

                                                 

 31%|███       | 187/606 [06:20<13:21,  1.91s/it]2026-09-20 21:20:55,014 INFO [rev_util_actionability|paper_align|Qwen3-0.6B] step=187 epoch=0.9292

                                                 

 31%|███       | 187/606 [06:21<13:21,  1.91s/it]2026-09-20 21:20:55,480 INFO [rev_util_actionability|paper_align|Qwen3-0.6B] step=187 epoch=0.9292

                                                 

 31%|███       | 187/606 [06:21<13:21,  1.91s/it]
 31%|███       | 188/606 [06:21<13:43,  1.97s/it]2026-09-20 21:20:55,979 INFO [rev_util_actionability|paper_align|Qwen3-0.6B] step=188 epoch=0.9342

                                                 

 31%|███       | 188/606 [06:22<13:43,  1.97s/it]2026-09-20 21:20:56,447 INFO [rev_util_actionability|paper_align|Qwen3-0.6B] step=188 epoch=0.9342

                                                 

 31%|███       | 188/606 [06:22<13:43,  1.97s/it]2026-09-20 21:20:56,917 INFO [rev_util_actionability|paper_align|Qwen3-0.6B] step=188 epoch=0.9342

                                                 

 31%|███       | 188/606 [06:23<13:43,  1.97s/it]2026-09-20 21:20:57,376 INFO [rev_util_actionability|paper_align|Qwen3-0.6B] step=188 epoch=0.9342

                                                 

 31%|███       | 188/606 [06:23<13:43,  1.97s/it]
 31%|███       | 189/606 [06:23<13:31,  1.95s/it]2026-09-20 21:20:57,875 INFO [rev_util_actionability|paper_align|Qwen3-0.6B] step=189 epoch=0.9391

                                                 

 31%|███       | 189/606 [06:23<13:31,  1.95s/it]2026-09-20 21:20:58,335 INFO [rev_util_actionability|paper_align|Qwen3-0.6B] step=189 epoch=0.9391

                                                 

 31%|███       | 189/606 [06:24<13:31,  1.95s/it]2026-09-20 21:20:58,804 INFO [rev_util_actionability|paper_align|Qwen3-0.6B] step=189 epoch=0.9391

                                                 

 31%|███       | 189/606 [06:24<13:31,  1.95s/it]2026-09-20 21:20:59,280 INFO [rev_util_actionability|paper_align|Qwen3-0.6B] step=189 epoch=0.9391

                                                 

 31%|███       | 189/606 [06:25<13:31,  1.95s/it]
 31%|███▏      | 190/606 [06:25<13:24,  1.94s/it]2026-09-20 21:20:59,604 INFO [rev_util_actionability|paper_align|Qwen3-0.6B] step=190 loss=1.9922 learning_rate=0.0001 epoch=0.9441

                                                 

 31%|███▏      | 190/606 [06:25<13:24,  1.94s/it]2026-09-20 21:20:59,784 INFO [rev_util_actionability|paper_align|Qwen3-0.6B] step=190 epoch=0.9441

                                                 

 31%|███▏      | 190/606 [06:25<13:24,  1.94s/it]2026-09-20 21:21:00,258 INFO [rev_util_actionability|paper_align|Qwen3-0.6B] step=190 epoch=0.9441

                                                 

 31%|███▏      | 190/606 [06:26<13:24,  1.94s/it]2026-09-20 21:21:00,734 INFO [rev_util_actionability|paper_align|Qwen3-0.6B] step=190 epoch=0.9441

                                                 

 31%|███▏      | 190/606 [06:26<13:24,  1.94s/it]2026-09-20 21:21:01,206 INFO [rev_util_actionability|paper_align|Qwen3-0.6B] step=190 epoch=0.9441

                                                 

 31%|███▏      | 190/606 [06:27<13:24,  1.94s/it]
 32%|███▏      | 191/606 [06:27<13:21,  1.93s/it]2026-09-20 21:21:01,703 INFO [rev_util_actionability|paper_align|Qwen3-0.6B] step=191 epoch=0.9491

                                                 

 32%|███▏      | 191/606 [06:27<13:21,  1.93s/it]2026-09-20 21:21:02,168 INFO [rev_util_actionability|paper_align|Qwen3-0.6B] step=191 epoch=0.9491

                                                 

 32%|███▏      | 191/606 [06:28<13:21,  1.93s/it]2026-09-20 21:21:02,633 INFO [rev_util_actionability|paper_align|Qwen3-0.6B] step=191 epoch=0.9491

                                                 

 32%|███▏      | 191/606 [06:28<13:21,  1.93s/it]2026-09-20 21:21:03,093 INFO [rev_util_actionability|paper_align|Qwen3-0.6B] step=191 epoch=0.9491

                                                 

 32%|███▏      | 191/606 [06:29<13:21,  1.93s/it]
 32%|███▏      | 192/606 [06:29<13:14,  1.92s/it]2026-09-20 21:21:03,597 INFO [rev_util_actionability|paper_align|Qwen3-0.6B] step=192 epoch=0.9540

                                                 

 32%|███▏      | 192/606 [06:29<13:14,  1.92s/it]2026-09-20 21:21:04,058 INFO [rev_util_actionability|paper_align|Qwen3-0.6B] step=192 epoch=0.9540

                                                 

 32%|███▏      | 192/606 [06:30<13:14,  1.92s/it]2026-09-20 21:21:04,544 INFO [rev_util_actionability|paper_align|Qwen3-0.6B] step=192 epoch=0.9540

                                                 

 32%|███▏      | 192/606 [06:30<13:14,  1.92s/it]2026-09-20 21:21:05,169 INFO [rev_util_actionability|paper_align|Qwen3-0.6B] step=192 epoch=0.9540

                                                 

 32%|███▏      | 192/606 [06:31<13:14,  1.92s/it]
 32%|███▏      | 193/606 [06:31<13:31,  1.96s/it]2026-09-20 21:21:05,667 INFO [rev_util_actionability|paper_align|Qwen3-0.6B] step=193 epoch=0.9590

                                                 

 32%|███▏      | 193/606 [06:31<13:31,  1.96s/it]2026-09-20 21:21:06,137 INFO [rev_util_actionability|paper_align|Qwen3-0.6B] step=193 epoch=0.9590

                                                 

 32%|███▏      | 193/606 [06:32<13:31,  1.96s/it]2026-09-20 21:21:06,604 INFO [rev_util_actionability|paper_align|Qwen3-0.6B] step=193 epoch=0.9590

                                                 
{'paper_align_label_loss': '0.1797', 'paper_align_reason_loss': '1.162', 'epoch': '0.8547'}
{'paper_align_label_loss': '0.1567', 'paper_align_reason_loss': '0.9087', 'epoch': '0.8547'}
{'paper_align_label_loss': '0.02295', 'paper_align_reason_loss': '0.9415', 'epoch': '0.8547'}
{'paper_align_label_loss': '0.05502', 'paper_align_reason_loss': '1.203', 'epoch': '0.8547'}
{'paper_align_label_loss': '0.07497', 'paper_align_reason_loss': '0.7126', 'epoch': '0.8596'}
{'paper_align_label_loss': '0.02144', 'paper_align_reason_loss': '0.8845', 'epoch': '0.8596'}
{'paper_align_label_loss': '0.004804', 'paper_align_reason_loss': '0.6953', 'epoch': '0.8596'}
{'paper_align_label_loss': '0.0601', 'paper_align_reason_loss': '1.015', 'epoch': '0.8596'}
{'paper_align_label_loss': '0.1254', 'paper_align_reason_loss': '0.905', 'epoch': '0.8646'}
{'paper_align_label_loss': '0.22', 'paper_align_reason_loss': '1.162', 'epoch': '0.8646'}
{'paper_align_label_loss': '0.1858', 'paper_align_reason_loss': '1.045', 'epoch': '0.8646'}
{'paper_align_label_loss': '0.07235', 'paper_align_reason_loss': '0.6538', 'epoch': '0.8646'}
{'paper_align_label_loss': '0.05714', 'paper_align_reason_loss': '1.04', 'epoch': '0.8696'}
{'paper_align_label_loss': '0.0347', 'paper_align_reason_loss': '0.8699', 'epoch': '0.8696'}
{'paper_align_label_loss': '0.1189', 'paper_align_reason_loss': '0.9991', 'epoch': '0.8696'}
{'paper_align_label_loss': '0.0617', 'paper_align_reason_loss': '0.8258', 'epoch': '0.8696'}
{'paper_align_label_loss': '0.33', 'paper_align_reason_loss': '0.9176', 'epoch': '0.8745'}
{'paper_align_label_loss': '0.03358', 'paper_align_reason_loss': '0.864', 'epoch': '0.8745'}
{'paper_align_label_loss': '0.3088', 'paper_align_reason_loss': '0.9849', 'epoch': '0.8745'}
{'paper_align_label_loss': '0.038', 'paper_align_reason_loss': '0.8766', 'epoch': '0.8745'}
{'paper_align_label_loss': '0.04688', 'paper_align_reason_loss': '0.9084', 'epoch': '0.8795'}
{'paper_align_label_loss': '0.01993', 'paper_align_reason_loss': '0.964', 'epoch': '0.8795'}
{'paper_align_label_loss': '0.08999', 'paper_align_reason_loss': '1.052', 'epoch': '0.8795'}
{'paper_align_label_loss': '0.04921', 'paper_align_reason_loss': '0.9723', 'epoch': '0.8795'}
{'paper_align_label_loss': '0.2411', 'paper_align_reason_loss': '0.9092', 'epoch': '0.8845'}
{'paper_align_label_loss': '0.05024', 'paper_align_reason_loss': '0.9273', 'epoch': '0.8845'}
{'paper_align_label_loss': '0.2377', 'paper_align_reason_loss': '1.255', 'epoch': '0.8845'}
{'paper_align_label_loss': '0.02322', 'paper_align_reason_loss': '0.8647', 'epoch': '0.8845'}
{'paper_align_label_loss': '0.1705', 'paper_align_reason_loss': '0.9023', 'epoch': '0.8894'}
{'paper_align_label_loss': '0.2665', 'paper_align_reason_loss': '0.696', 'epoch': '0.8894'}
{'paper_align_label_loss': '0.009819', 'paper_align_reason_loss': '1.069', 'epoch': '0.8894'}
{'paper_align_label_loss': '0.05589', 'paper_align_reason_loss': '1.01', 'epoch': '0.8894'}
{'loss': '2.082', 'grad_norm': '5.507', 'learning_rate': '8.276e-05', 'epoch': '0.8944'}
{'paper_align_label_loss': '0.05079', 'paper_align_reason_loss': '0.9744', 'epoch': '0.8944'}
{'paper_align_label_loss': '0.0318', 'paper_align_reason_loss': '0.669', 'epoch': '0.8944'}
{'paper_align_label_loss': '0.06223', 'paper_align_reason_loss': '0.9564', 'epoch': '0.8944'}
{'paper_align_label_loss': '0.02695', 'paper_align_reason_loss': '1.242', 'epoch': '0.8944'}
{'paper_align_label_loss': '0.127', 'paper_align_reason_loss': '0.909', 'epoch': '0.8994'}
{'paper_align_label_loss': '0.1113', 'paper_align_reason_loss': '0.7817', 'epoch': '0.8994'}
{'paper_align_label_loss': '0.04892', 'paper_align_reason_loss': '1.458', 'epoch': '0.8994'}
{'paper_align_label_loss': '0.05119', 'paper_align_reason_loss': '0.9558', 'epoch': '0.8994'}
{'paper_align_label_loss': '0.02207', 'paper_align_reason_loss': '0.7026', 'epoch': '0.9043'}
{'paper_align_label_loss': '0.0306', 'paper_align_reason_loss': '0.8358', 'epoch': '0.9043'}
{'paper_align_label_loss': '0.03421', 'paper_align_reason_loss': '0.7588', 'epoch': '0.9043'}
{'paper_align_label_loss': '0.06757', 'paper_align_reason_loss': '0.9125', 'epoch': '0.9043'}
{'paper_align_label_loss': '0.08425', 'paper_align_reason_loss': '1.022', 'epoch': '0.9093'}
{'paper_align_label_loss': '0.1298', 'paper_align_reason_loss': '0.8499', 'epoch': '0.9093'}
{'paper_align_label_loss': '0.008715', 'paper_align_reason_loss': '0.8036', 'epoch': '0.9093'}
{'paper_align_label_loss': '0.02208', 'paper_align_reason_loss': '0.6295', 'epoch': '0.9093'}
{'paper_align_label_loss': '0.1285', 'paper_align_reason_loss': '0.8604', 'epoch': '0.9143'}
{'paper_align_label_loss': '0.0415', 'paper_align_reason_loss': '0.9168', 'epoch': '0.9143'}
{'paper_align_label_loss': '0.007335', 'paper_align_reason_loss': '0.6326', 'epoch': '0.9143'}
{'paper_align_label_loss': '0.06226', 'paper_align_reason_loss': '0.9548', 'epoch': '0.9143'}
{'paper_align_label_loss': '0.06649', 'paper_align_reason_loss': '1.022', 'epoch': '0.9193'}
{'paper_align_label_loss': '0.003106', 'paper_align_reason_loss': '1.097', 'epoch': '0.9193'}
{'paper_align_label_loss': '0.2543', 'paper_align_reason_loss': '0.9318', 'epoch': '0.9193'}
{'paper_align_label_loss': '0.004371', 'paper_align_reason_loss': '0.7648', 'epoch': '0.9193'}
{'paper_align_label_loss': '0.1785', 'paper_align_reason_loss': '1.144', 'epoch': '0.9242'}
{'paper_align_label_loss': '0.09663', 'paper_align_reason_loss': '0.9718', 'epoch': '0.9242'}
{'paper_align_label_loss': '0.03228', 'paper_align_reason_loss': '0.9681', 'epoch': '0.9242'}
{'paper_align_label_loss': '0.006963', 'paper_align_reason_loss': '0.984', 'epoch': '0.9242'}
{'paper_align_label_loss': '0.02439', 'paper_align_reason_loss': '0.6688', 'epoch': '0.9292'}
{'paper_align_label_loss': '0.01928', 'paper_align_reason_loss': '0.9896', 'epoch': '0.9292'}
{'paper_align_label_loss': '0.06867', 'paper_align_reason_loss': '0.7789', 'epoch': '0.9292'}
{'paper_align_label_loss': '0.01961', 'paper_align_reason_loss': '0.8807', 'epoch': '0.9292'}
{'paper_align_label_loss': '0.01279', 'paper_align_reason_loss': '0.8186', 'epoch': '0.9342'}
{'paper_align_label_loss': '0.03468', 'paper_align_reason_loss': '0.8768', 'epoch': '0.9342'}
{'paper_align_label_loss': '0.51', 'paper_align_reason_loss': '1.087', 'epoch': '0.9342'}
{'paper_align_label_loss': '0.388', 'paper_align_reason_loss': '0.8832', 'epoch': '0.9342'}
{'paper_align_label_loss': '0.1234', 'paper_align_reason_loss': '0.7004', 'epoch': '0.9391'}
{'paper_align_label_loss': '0.1694', 'paper_align_reason_loss': '0.8242', 'epoch': '0.9391'}
{'paper_align_label_loss': '0.1579', 'paper_align_reason_loss': '1.065', 'epoch': '0.9391'}
{'paper_align_label_loss': '0.14', 'paper_align_reason_loss': '1.101', 'epoch': '0.9391'}
{'loss': '1.992', 'grad_norm': '7.986', 'learning_rate': '8.069e-05', 'epoch': '0.9441'}
{'paper_align_label_loss': '0.2847', 'paper_align_reason_loss': '1.027', 'epoch': '0.9441'}
{'paper_align_label_loss': '0.24', 'paper_align_reason_loss': '1.039', 'epoch': '0.9441'}
{'paper_align_label_loss': '0.1117', 'paper_align_reason_loss': '1.075', 'epoch': '0.9441'}
{'paper_align_label_loss': '0.02811', 'paper_align_reason_loss': '0.7962', 'epoch': '0.9441'}
{'paper_align_label_loss': '0.2125', 'paper_align_reason_loss': '0.9245', 'epoch': '0.9491'}
{'paper_align_label_loss': '0.335', 'paper_align_reason_loss': '1.073', 'epoch': '0.9491'}
{'paper_align_label_loss': '0.04844', 'paper_align_reason_loss': '0.6679', 'epoch': '0.9491'}
{'paper_align_label_loss': '0.07253', 'paper_align_reason_loss': '0.8428', 'epoch': '0.9491'}
{'paper_align_label_loss': '0.02782', 'paper_align_reason_loss': '0.9797', 'epoch': '0.954'}
{'paper_align_label_loss': '0.05349', 'paper_align_reason_loss': '1.125', 'epoch': '0.954'}
{'paper_align_label_loss': '0.03001', 'paper_align_reason_loss': '1.122', 'epoch': '0.954'}
{'paper_align_label_loss': '0.01914', 'paper_align_reason_loss': '0.8751', 'epoch': '0.954'}
{'paper_align_label_loss': '0.04272', 'paper_align_reason_loss': '0.9823', 'epoch': '0.959'}
{'paper_align_label_loss': '0.2549', 'paper_align_reason_loss': '1.436', 'epoch': '0.959'}

 32%|███▏      | 193/606 [06:32<13:31,  1.96s/it]2026-09-20 21:21:07,085 INFO [rev_util_actionability|paper_align|Qwen3-0.6B] step=193 epoch=0.9590

                                                 

 32%|███▏      | 193/606 [06:33<13:31,  1.96s/it]
 32%|███▏      | 194/606 [06:33<13:23,  1.95s/it]2026-09-20 21:21:07,587 INFO [rev_util_actionability|paper_align|Qwen3-0.6B] step=194 epoch=0.9640

                                                 

 32%|███▏      | 194/606 [06:33<13:23,  1.95s/it]2026-09-20 21:21:08,076 INFO [rev_util_actionability|paper_align|Qwen3-0.6B] step=194 epoch=0.9640

                                                 

 32%|███▏      | 194/606 [06:34<13:23,  1.95s/it]2026-09-20 21:21:08,542 INFO [rev_util_actionability|paper_align|Qwen3-0.6B] step=194 epoch=0.9640

                                                 

 32%|███▏      | 194/606 [06:34<13:23,  1.95s/it]2026-09-20 21:21:09,003 INFO [rev_util_actionability|paper_align|Qwen3-0.6B] step=194 epoch=0.9640

                                                 

 32%|███▏      | 194/606 [06:35<13:23,  1.95s/it]
 32%|███▏      | 195/606 [06:35<13:17,  1.94s/it]2026-09-20 21:21:09,506 INFO [rev_util_actionability|paper_align|Qwen3-0.6B] step=195 epoch=0.9689

                                                 

 32%|███▏      | 195/606 [06:35<13:17,  1.94s/it]2026-09-20 21:21:09,972 INFO [rev_util_actionability|paper_align|Qwen3-0.6B] step=195 epoch=0.9689

                                                 

 32%|███▏      | 195/606 [06:36<13:17,  1.94s/it]2026-09-20 21:21:10,439 INFO [rev_util_actionability|paper_align|Qwen3-0.6B] step=195 epoch=0.9689

                                                 

 32%|███▏      | 195/606 [06:36<13:17,  1.94s/it]2026-09-20 21:21:10,899 INFO [rev_util_actionability|paper_align|Qwen3-0.6B] step=195 epoch=0.9689

                                                 

 32%|███▏      | 195/606 [06:37<13:17,  1.94s/it]
 32%|███▏      | 196/606 [06:37<13:10,  1.93s/it]2026-09-20 21:21:11,405 INFO [rev_util_actionability|paper_align|Qwen3-0.6B] step=196 epoch=0.9739

                                                 

 32%|███▏      | 196/606 [06:37<13:10,  1.93s/it]2026-09-20 21:21:11,863 INFO [rev_util_actionability|paper_align|Qwen3-0.6B] step=196 epoch=0.9739

                                                 

 32%|███▏      | 196/606 [06:37<13:10,  1.93s/it]2026-09-20 21:21:12,330 INFO [rev_util_actionability|paper_align|Qwen3-0.6B] step=196 epoch=0.9739

                                                 

 32%|███▏      | 196/606 [06:38<13:10,  1.93s/it]2026-09-20 21:21:12,796 INFO [rev_util_actionability|paper_align|Qwen3-0.6B] step=196 epoch=0.9739

                                                 

 32%|███▏      | 196/606 [06:38<13:10,  1.93s/it]
 33%|███▎      | 197/606 [06:39<13:04,  1.92s/it]2026-09-20 21:21:13,299 INFO [rev_util_actionability|paper_align|Qwen3-0.6B] step=197 epoch=0.9789

                                                 

 33%|███▎      | 197/606 [06:39<13:04,  1.92s/it]2026-09-20 21:21:13,764 INFO [rev_util_actionability|paper_align|Qwen3-0.6B] step=197 epoch=0.9789

                                                 

 33%|███▎      | 197/606 [06:39<13:04,  1.92s/it]2026-09-20 21:21:14,226 INFO [rev_util_actionability|paper_align|Qwen3-0.6B] step=197 epoch=0.9789

                                                 

 33%|███▎      | 197/606 [06:40<13:04,  1.92s/it]2026-09-20 21:21:14,855 INFO [rev_util_actionability|paper_align|Qwen3-0.6B] step=197 epoch=0.9789

                                                 

 33%|███▎      | 197/606 [06:40<13:04,  1.92s/it]
 33%|███▎      | 198/606 [06:41<13:20,  1.96s/it]2026-09-20 21:21:15,359 INFO [rev_util_actionability|paper_align|Qwen3-0.6B] step=198 epoch=0.9839

                                                 

 33%|███▎      | 198/606 [06:41<13:20,  1.96s/it]2026-09-20 21:21:15,817 INFO [rev_util_actionability|paper_align|Qwen3-0.6B] step=198 epoch=0.9839

                                                 

 33%|███▎      | 198/606 [06:41<13:20,  1.96s/it]2026-09-20 21:21:16,284 INFO [rev_util_actionability|paper_align|Qwen3-0.6B] step=198 epoch=0.9839

                                                 

 33%|███▎      | 198/606 [06:42<13:20,  1.96s/it]2026-09-20 21:21:16,743 INFO [rev_util_actionability|paper_align|Qwen3-0.6B] step=198 epoch=0.9839

                                                 

 33%|███▎      | 198/606 [06:42<13:20,  1.96s/it]
 33%|███▎      | 199/606 [06:43<13:09,  1.94s/it]2026-09-20 21:21:17,252 INFO [rev_util_actionability|paper_align|Qwen3-0.6B] step=199 epoch=0.9888

                                                 

 33%|███▎      | 199/606 [06:43<13:09,  1.94s/it]2026-09-20 21:21:17,719 INFO [rev_util_actionability|paper_align|Qwen3-0.6B] step=199 epoch=0.9888

                                                 

 33%|███▎      | 199/606 [06:43<13:09,  1.94s/it]2026-09-20 21:21:18,187 INFO [rev_util_actionability|paper_align|Qwen3-0.6B] step=199 epoch=0.9888

                                                 

 33%|███▎      | 199/606 [06:44<13:09,  1.94s/it]2026-09-20 21:21:18,655 INFO [rev_util_actionability|paper_align|Qwen3-0.6B] step=199 epoch=0.9888

                                                 

 33%|███▎      | 199/606 [06:44<13:09,  1.94s/it]
 33%|███▎      | 200/606 [06:45<13:03,  1.93s/it]2026-09-20 21:21:18,979 INFO [rev_util_actionability|paper_align|Qwen3-0.6B] step=200 loss=2.1495 learning_rate=0.0001 epoch=0.9938

                                                 

 33%|███▎      | 200/606 [06:45<13:03,  1.93s/it]2026-09-20 21:21:19,154 INFO [rev_util_actionability|paper_align|Qwen3-0.6B] step=200 epoch=0.9938

                                                 

 33%|███▎      | 200/606 [06:45<13:03,  1.93s/it]2026-09-20 21:21:19,625 INFO [rev_util_actionability|paper_align|Qwen3-0.6B] step=200 epoch=0.9938

                                                 

 33%|███▎      | 200/606 [06:45<13:03,  1.93s/it]2026-09-20 21:21:20,093 INFO [rev_util_actionability|paper_align|Qwen3-0.6B] step=200 epoch=0.9938

                                                 

 33%|███▎      | 200/606 [06:46<13:03,  1.93s/it]2026-09-20 21:21:20,563 INFO [rev_util_actionability|paper_align|Qwen3-0.6B] step=200 epoch=0.9938

                                                 

 33%|███▎      | 200/606 [06:46<13:03,  1.93s/it]
 33%|███▎      | 201/606 [06:46<12:58,  1.92s/it]2026-09-20 21:21:21,032 INFO [rev_util_actionability|paper_align|Qwen3-0.6B] step=201 epoch=0.9988

                                                 

 33%|███▎      | 201/606 [06:47<12:58,  1.92s/it]
 33%|███▎      | 202/606 [06:47<10:00,  1.49s/it]{'paper_align_label_loss': '0.2369', 'paper_align_reason_loss': '1.037', 'epoch': '0.959'}
{'paper_align_label_loss': '0.09226', 'paper_align_reason_loss': '1.219', 'epoch': '0.959'}
{'paper_align_label_loss': '0.0734', 'paper_align_reason_loss': '1.279', 'epoch': '0.964'}
{'paper_align_label_loss': '0.04027', 'paper_align_reason_loss': '0.8972', 'epoch': '0.964'}
{'paper_align_label_loss': '0.06443', 'paper_align_reason_loss': '0.9055', 'epoch': '0.964'}
{'paper_align_label_loss': '0.1468', 'paper_align_reason_loss': '0.737', 'epoch': '0.964'}
{'paper_align_label_loss': '0.08246', 'paper_align_reason_loss': '1.254', 'epoch': '0.9689'}
{'paper_align_label_loss': '0.05027', 'paper_align_reason_loss': '1.194', 'epoch': '0.9689'}
{'paper_align_label_loss': '0.1052', 'paper_align_reason_loss': '0.8332', 'epoch': '0.9689'}
{'paper_align_label_loss': '0.1013', 'paper_align_reason_loss': '0.7521', 'epoch': '0.9689'}
{'paper_align_label_loss': '0.04936', 'paper_align_reason_loss': '0.8668', 'epoch': '0.9739'}
{'paper_align_label_loss': '0.0086', 'paper_align_reason_loss': '0.7548', 'epoch': '0.9739'}
{'paper_align_label_loss': '0.1726', 'paper_align_reason_loss': '0.9686', 'epoch': '0.9739'}
{'paper_align_label_loss': '0.0948', 'paper_align_reason_loss': '0.8058', 'epoch': '0.9739'}
{'paper_align_label_loss': '0.1004', 'paper_align_reason_loss': '0.9239', 'epoch': '0.9789'}
{'paper_align_label_loss': '0.1061', 'paper_align_reason_loss': '0.9716', 'epoch': '0.9789'}
{'paper_align_label_loss': '0.09718', 'paper_align_reason_loss': '0.901', 'epoch': '0.9789'}
{'paper_align_label_loss': '0.0833', 'paper_align_reason_loss': '1.28', 'epoch': '0.9789'}
{'paper_align_label_loss': '0.02073', 'paper_align_reason_loss': '0.7549', 'epoch': '0.9839'}
{'paper_align_label_loss': '0.05066', 'paper_align_reason_loss': '0.9007', 'epoch': '0.9839'}
{'paper_align_label_loss': '0.07221', 'paper_align_reason_loss': '0.8904', 'epoch': '0.9839'}
{'paper_align_label_loss': '0.02479', 'paper_align_reason_loss': '0.6963', 'epoch': '0.9839'}
{'paper_align_label_loss': '0.0468', 'paper_align_reason_loss': '0.8386', 'epoch': '0.9888'}
{'paper_align_label_loss': '0.07643', 'paper_align_reason_loss': '1.094', 'epoch': '0.9888'}
{'paper_align_label_loss': '0.2579', 'paper_align_reason_loss': '0.9831', 'epoch': '0.9888'}
{'paper_align_label_loss': '0.2024', 'paper_align_reason_loss': '1.067', 'epoch': '0.9888'}
{'loss': '2.15', 'grad_norm': '4.162', 'learning_rate': '7.854e-05', 'epoch': '0.9938'}
{'paper_align_label_loss': '0.02329', 'paper_align_reason_loss': '0.8056', 'epoch': '0.9938'}
{'paper_align_label_loss': '0.007487', 'paper_align_reason_loss': '0.9805', 'epoch': '0.9938'}
{'paper_align_label_loss': '0.06985', 'paper_align_reason_loss': '1.027', 'epoch': '0.9938'}
{'paper_align_label_loss': '0.03559', 'paper_align_reason_loss': '0.9523', 'epoch': '0.9938'}
{'paper_align_label_loss': '0.003805', 'paper_align_reason_loss': '0.986', 'epoch': '0.9988'}


  0%|          | 0/45 [00:00<?, ?it/s][A

  7%|▋         | 3/45 [00:00<00:02, 17.63it/s][A

 11%|█         | 5/45 [00:00<00:02, 14.25it/s][A

 16%|█▌        | 7/45 [00:00<00:02, 12.97it/s][A

 20%|██        | 9/45 [00:00<00:02, 12.31it/s][A

 24%|██▍       | 11/45 [00:00<00:02, 12.07it/s][A

 29%|██▉       | 13/45 [00:01<00:02, 11.95it/s][A

 33%|███▎      | 15/45 [00:01<00:02, 11.84it/s][A

 38%|███▊      | 17/45 [00:01<00:02, 11.80it/s][A

 42%|████▏     | 19/45 [00:01<00:02, 11.77it/s][A

 47%|████▋     | 21/45 [00:01<00:02, 11.77it/s][A

 51%|█████     | 23/45 [00:01<00:01, 11.81it/s][A

 56%|█████▌    | 25/45 [00:02<00:01, 11.85it/s][A

 60%|██████    | 27/45 [00:02<00:01, 11.80it/s][A

 64%|██████▍   | 29/45 [00:02<00:01, 11.74it/s][A

 69%|██████▉   | 31/45 [00:02<00:01, 11.75it/s][A

 73%|███████▎  | 33/45 [00:02<00:01, 11.71it/s][A

 78%|███████▊  | 35/45 [00:02<00:00, 11.80it/s][A

 82%|████████▏ | 37/45 [00:03<00:00, 11.71it/s][A

 87%|████████▋ | 39/45 [00:03<00:00, 11.71it/s][A

 91%|█████████ | 41/45 [00:03<00:00, 12.34it/s][A

 96%|█████████▌| 43/45 [00:03<00:00, 12.78it/s][A

100%|██████████| 45/45 [00:03<00:00, 13.02it/s][A2026-09-20 21:21:25,163 INFO [rev_util_actionability|paper_align|Qwen3-0.6B] step=202 eval_loss=0.0867 epoch=1.0000

                                                 

                                               
[A
 33%|███▎      | 202/606 [06:51<10:00,  1.49s/it]

100%|██████████| 45/45 [00:03<00:00, 13.02it/s][A

                                               [A2026-09-20 21:21:25,318 INFO Starting generation validation on training device cuda:0: samples=179 batch_size=16
2026-09-20 21:21:26,074 INFO Generation validation progress: 16/179
2026-09-20 21:21:26,730 INFO Generation validation progress: 32/179
2026-09-20 21:21:27,410 INFO Generation validation progress: 48/179
2026-09-20 21:21:28,083 INFO Generation validation progress: 64/179
2026-09-20 21:21:28,754 INFO Generation validation progress: 80/179
2026-09-20 21:21:29,433 INFO Generation validation progress: 96/179
2026-09-20 21:21:30,082 INFO Generation validation progress: 112/179
2026-09-20 21:21:30,745 INFO Generation validation progress: 128/179
2026-09-20 21:21:31,441 INFO Generation validation progress: 144/179
2026-09-20 21:21:32,108 INFO Generation validation progress: 160/179
2026-09-20 21:21:32,767 INFO Generation validation progress: 176/179
2026-09-20 21:21:33,170 INFO Generation validation progress: 179/179
2026-09-20 21:21:33,215 INFO Generation val @ epoch=1.0 step=202: acc=0.7430 macro_f1=0.6351 valid=1.0000 (retaining last checkpoint)
2026-09-20 21:21:33,216 INFO [rev_util_actionability|paper_align|Qwen3-0.6B] step=202 eval_generation_accuracy=0.7430 eval_generation_macro_f1=0.6351 eval_generation_format_valid_rate=1.0000 eval_generation_mae=0.3743 eval_generation_qwk=0.8364 epoch=1.0000

                                                 

 33%|███▎      | 202/606 [06:59<10:00,  1.49s/it]2026-09-20 21:21:33,730 INFO [rev_util_actionability|paper_align|Qwen3-0.6B] step=202 epoch=1.0000

                                                 

 33%|███▎      | 202/606 [06:59<10:00,  1.49s/it]2026-09-20 21:21:34,180 INFO [rev_util_actionability|paper_align|Qwen3-0.6B] step=202 epoch=1.0000

                                                 

 33%|███▎      | 202/606 [07:00<10:00,  1.49s/it]2026-09-20 21:21:34,616 INFO [rev_util_actionability|paper_align|Qwen3-0.6B] step=202 epoch=1.0000

                                                 

 33%|███▎      | 202/606 [07:00<10:00,  1.49s/it]2026-09-20 21:21:35,056 INFO [rev_util_actionability|paper_align|Qwen3-0.6B] step=202 epoch=1.0000

                                                 

 33%|███▎      | 202/606 [07:01<10:00,  1.49s/it]
 33%|███▎      | 203/606 [07:01<35:15,  5.25s/it]2026-09-20 21:21:35,524 INFO [rev_util_actionability|paper_align|Qwen3-0.6B] step=203 epoch=1.0050

                                                 

 33%|███▎      | 203/606 [07:01<35:15,  5.25s/it]2026-09-20 21:21:35,962 INFO [rev_util_actionability|paper_align|Qwen3-0.6B] step=203 epoch=1.0050

                                                 

 33%|███▎      | 203/606 [07:02<35:15,  5.25s/it]2026-09-20 21:21:36,572 INFO [rev_util_actionability|paper_align|Qwen3-0.6B] step=203 epoch=1.0050

                                                 

 33%|███▎      | 203/606 [07:02<35:15,  5.25s/it]2026-09-20 21:21:37,015 INFO [rev_util_actionability|paper_align|Qwen3-0.6B] step=203 epoch=1.0050

                                                 

 33%|███▎      | 203/606 [07:03<35:15,  5.25s/it]
 34%|███▎      | 204/606 [07:03<28:33,  4.26s/it]2026-09-20 21:21:37,491 INFO [rev_util_actionability|paper_align|Qwen3-0.6B] step=204 epoch=1.0099

                                                 

 34%|███▎      | 204/606 [07:03<28:33,  4.26s/it]2026-09-20 21:21:37,924 INFO [rev_util_actionability|paper_align|Qwen3-0.6B] step=204 epoch=1.0099

                                                 

 34%|███▎      | 204/606 [07:04<28:33,  4.26s/it]2026-09-20 21:21:38,359 INFO [rev_util_actionability|paper_align|Qwen3-0.6B] step=204 epoch=1.0099

                                                 

 34%|███▎      | 204/606 [07:04<28:33,  4.26s/it]2026-09-20 21:21:38,797 INFO [rev_util_actionability|paper_align|Qwen3-0.6B] step=204 epoch=1.0099

                                                 

 34%|███▎      | 204/606 [07:04<28:33,  4.26s/it]
 34%|███▍      | 205/606 [07:05<23:30,  3.52s/it]2026-09-20 21:21:39,272 INFO [rev_util_actionability|paper_align|Qwen3-0.6B] step=205 epoch=1.0149

                                                 

 34%|███▍      | 205/606 [07:05<23:30,  3.52s/it]2026-09-20 21:21:39,709 INFO [rev_util_actionability|paper_align|Qwen3-0.6B] step=205 epoch=1.0149

                                                 

 34%|███▍      | 205/606 [07:05<23:30,  3.52s/it]2026-09-20 21:21:40,149 INFO [rev_util_actionability|paper_align|Qwen3-0.6B] step=205 epoch=1.0149

                                                 

 34%|███▍      | 205/606 [07:06<23:30,  3.52s/it]2026-09-20 21:21:40,591 INFO [rev_util_actionability|paper_align|Qwen3-0.6B] step=205 epoch=1.0149

                                                 

 34%|███▍      | 205/606 [07:06<23:30,  3.52s/it]
 34%|███▍      | 206/606 [07:07<20:00,  3.00s/it]2026-09-20 21:21:41,064 INFO [rev_util_actionability|paper_align|Qwen3-0.6B] step=206 epoch=1.0199

                                                 

 34%|███▍      | 206/606 [07:07<20:00,  3.00s/it]2026-09-20 21:21:41,508 INFO [rev_util_actionability|paper_align|Qwen3-0.6B] step=206 epoch=1.0199

                                                 

 34%|███▍      | 206/606 [07:07<20:00,  3.00s/it]2026-09-20 21:21:41,941 INFO [rev_util_actionability|paper_align|Qwen3-0.6B] step=206 epoch=1.0199

                                                 

 34%|███▍      | 206/606 [07:08<20:00,  3.00s/it]2026-09-20 21:21:42,390 INFO [rev_util_actionability|paper_align|Qwen3-0.6B] step=206 epoch=1.0199

                                                 

 34%|███▍      | 206/606 [07:08<20:00,  3.00s/it]
 34%|███▍      | 207/606 [07:08<17:32,  2.64s/it]2026-09-20 21:21:42,856 INFO [rev_util_actionability|paper_align|Qwen3-0.6B] step=207 epoch=1.0248

                                                 

 34%|███▍      | 207/606 [07:08<17:32,  2.64s/it]2026-09-20 21:21:43,300 INFO [rev_util_actionability|paper_align|Qwen3-0.6B] step=207 epoch=1.0248

                                                 

 34%|███▍      | 207/606 [07:09<17:32,  2.64s/it]2026-09-20 21:21:43,741 INFO [rev_util_actionability|paper_align|Qwen3-0.6B] step=207 epoch=1.0248

                                                 

 34%|███▍      | 207/606 [07:09<17:32,  2.64s/it]2026-09-20 21:21:44,171 INFO [rev_util_actionability|paper_align|Qwen3-0.6B] step=207 epoch=1.0248

                                                 

 34%|███▍      | 207/606 [07:10<17:32,  2.64s/it]
 34%|███▍      | 208/606 [07:10<15:48,  2.38s/it]2026-09-20 21:21:44,636 INFO [rev_util_actionability|paper_align|Qwen3-0.6B] step=208 epoch=1.0298

                                                 

 34%|███▍      | 208/606 [07:10<15:48,  2.38s/it]2026-09-20 21:21:45,055 INFO [rev_util_actionability|paper_align|Qwen3-0.6B] step=208 epoch=1.0298

                                                 

 34%|███▍      | 208/606 [07:11<15:48,  2.38s/it]2026-09-20 21:21:45,493 INFO [rev_util_actionability|paper_align|Qwen3-0.6B] step=208 epoch=1.0298

                                                 

 34%|███▍      | 208/606 [07:11<15:48,  2.38s/it]2026-09-20 21:21:46,093 INFO [rev_util_actionability|paper_align|Qwen3-0.6B] step=208 epoch=1.0298

                                                 

 34%|███▍      | 208/606 [07:12<15:48,  2.38s/it]
 34%|███▍      | 209/606 [07:12<14:51,  2.25s/it]2026-09-20 21:21:46,571 INFO [rev_util_actionability|paper_align|Qwen3-0.6B] step=209 epoch=1.0348

                                                 

 34%|███▍      | 209/606 [07:12<14:51,  2.25s/it]2026-09-20 21:21:47,005 INFO [rev_util_actionability|paper_align|Qwen3-0.6B] step=209 epoch=1.0348

                                                 

 34%|███▍      | 209/606 [07:13<14:51,  2.25s/it]2026-09-20 21:21:47,445 INFO [rev_util_actionability|paper_align|Qwen3-0.6B] step=209 epoch=1.0348

                                                 

 34%|███▍      | 209/606 [07:13<14:51,  2.25s/it]2026-09-20 21:21:47,890 INFO [rev_util_actionability|paper_align|Qwen3-0.6B] step=209 epoch=1.0348

                                                 

 34%|███▍      | 209/606 [07:14<14:51,  2.25s/it]
 35%|███▍      | 210/606 [07:14<13:55,  2.11s/it]2026-09-20 21:21:48,211 INFO [rev_util_actionability|paper_align|Qwen3-0.6B] step=210 loss=1.7454 learning_rate=0.0001 epoch=1.0398

                                                 

 35%|███▍      | 210/606 [07:14<13:55,  2.11s/it]2026-09-20 21:21:48,369 INFO [rev_util_actionability|paper_align|Qwen3-0.6B] step=210 epoch=1.0398

                                                 

 35%|███▍      | 210/606 [07:14<13:55,  2.11s/it]2026-09-20 21:21:48,806 INFO [rev_util_actionability|paper_align|Qwen3-0.6B] step=210 epoch=1.0398

                                                 

 35%|███▍      | 210/606 [07:14<13:55,  2.11s/it]2026-09-20 21:21:49,247 INFO [rev_util_actionability|paper_align|Qwen3-0.6B] step=210 epoch=1.0398

                                                 

 35%|███▍      | 210/606 [07:15<13:55,  2.11s/it]2026-09-20 21:21:49,685 INFO [rev_util_actionability|paper_align|Qwen3-0.6B] step=210 epoch=1.0398

                                                 

 35%|███▍      | 210/606 [07:15<13:55,  2.11s/it]
 35%|███▍      | 211/606 [07:16<13:15,  2.01s/it]2026-09-20 21:21:50,155 INFO [rev_util_actionability|paper_align|Qwen3-0.6B] step=211 epoch=1.0447

                                                 

 35%|███▍      | 211/606 [07:16<13:15,  2.01s/it]2026-09-20 21:21:50,605 INFO [rev_util_actionability|paper_align|Qwen3-0.6B] step=211 epoch=1.0447

                                                 

 35%|███▍      | 211/606 [07:16<13:15,  2.01s/it]2026-09-20 21:21:51,051 INFO [rev_util_actionability|paper_align|Qwen3-0.6B] step=211 epoch=1.0447

                                                 

 35%|███▍      | 211/606 [07:17<13:15,  2.01s/it]2026-09-20 21:21:51,481 INFO [rev_util_actionability|paper_align|Qwen3-0.6B] step=211 epoch=1.0447

                                                 

 35%|███▍      | 211/606 [07:17<13:15,  2.01s/it]
 35%|███▍      | 212/606 [07:17<12:47,  1.95s/it]2026-09-20 21:21:51,950 INFO [rev_util_actionability|paper_align|Qwen3-0.6B] step=212 epoch=1.0497

                                                 

 35%|███▍      | 212/606 [07:18<12:47,  1.95s/it]2026-09-20 21:21:52,386 INFO [rev_util_actionability|paper_align|Qwen3-0.6B] step=212 epoch=1.0497

                                                 

 35%|███▍      | 212/606 [07:18<12:47,  1.95s/it]2026-09-20 21:21:52,827 INFO [rev_util_actionability|paper_align|Qwen3-0.6B] step=212 epoch=1.0497

                                                 

 35%|███▍      | 212/606 [07:18<12:47,  1.95s/it]2026-09-20 21:21:53,264 INFO [rev_util_actionability|paper_align|Qwen3-0.6B] step=212 epoch=1.0497

                                                 

 35%|███▍      | 212/606 [07:19<12:47,  1.95s/it]
 35%|███▌      | 213/606 [07:19<12:26,  1.90s/it]2026-09-20 21:21:53,730 INFO [rev_util_actionability|paper_align|Qwen3-0.6B] step=213 epoch=1.0547

                                                 

 35%|███▌      | 213/606 [07:19<12:26,  1.90s/it]2026-09-20 21:21:54,165 INFO [rev_util_actionability|paper_align|Qwen3-0.6B] step=213 epoch=1.0547

                                                 

 35%|███▌      | 213/606 [07:20<12:26,  1.90s/it]2026-09-20 21:21:54,611 INFO [rev_util_actionability|paper_align|Qwen3-0.6B] step=213 epoch=1.0547

                                                 

 35%|███▌      | 213/606 [07:20<12:26,  1.90s/it]2026-09-20 21:21:55,261 INFO [rev_util_actionability|paper_align|Qwen3-0.6B] step=213 epoch=1.0547

                                                 

 35%|███▌      | 213/606 [07:21<12:26,  1.90s/it]
 35%|███▌      | 214/606 [07:21<12:36,  1.93s/it]2026-09-20 21:21:55,734 INFO [rev_util_actionability|paper_align|Qwen3-0.6B] step=214 epoch=1.0596

                                                 

 35%|███▌      | 214/606 [07:21<12:36,  1.93s/it]2026-09-20 21:21:56,173 INFO [rev_util_actionability|paper_align|Qwen3-0.6B] step=214 epoch=1.0596

                                                 

 35%|███▌      | 214/606 [07:22<12:36,  1.93s/it]2026-09-20 21:21:56,615 INFO [rev_util_actionability|paper_align|Qwen3-0.6B] step=214 epoch=1.0596

                                                 

 35%|███▌      | 214/606 [07:22<12:36,  1.93s/it]2026-09-20 21:21:57,049 INFO [rev_util_actionability|paper_align|Qwen3-0.6B] step=214 epoch=1.0596

                                                 

 35%|███▌      | 214/606 [07:23<12:36,  1.93s/it]
 35%|███▌      | 215/606 [07:23<12:17,  1.89s/it]2026-09-20 21:21:57,518 INFO [rev_util_actionability|paper_align|Qwen3-0.6B] step=215 epoch=1.0646

                                                 

 35%|███▌      | 215/606 [07:23<12:17,  1.89s/it]2026-09-20 21:21:57,955 INFO [rev_util_actionability|paper_align|Qwen3-0.6B] step=215 epoch=1.0646

                                                 

 35%|███▌      | 215/606 [07:24<12:17,  1.89s/it]2026-09-20 21:21:58,393 INFO [rev_util_actionability|paper_align|Qwen3-0.6B] step=215 epoch=1.0646

                                                 

 35%|███▌      | 215/606 [07:24<12:17,  1.89s/it]2026-09-20 21:21:58,829 INFO [rev_util_actionability|paper_align|Qwen3-0.6B] step=215 epoch=1.0646

                                                 

 35%|███▌      | 215/606 [07:24<12:17,  1.89s/it]
 36%|███▌      | 216/606 [07:25<12:03,  1.85s/it]2026-09-20 21:21:59,295 INFO [rev_util_actionability|paper_align|Qwen3-0.6B] step=216 epoch=1.0696

                                                 

 36%|███▌      | 216/606 [07:25<12:03,  1.85s/it]2026-09-20 21:21:59,731 INFO [rev_util_actionability|paper_align|Qwen3-0.6B] step=216 epoch=1.0696

                                                 

 36%|███▌      | 216/606 [07:25<12:03,  1.85s/it]2026-09-20 21:22:00,179 INFO [rev_util_actionability|paper_align|Qwen3-0.6B] step=216 epoch=1.0696

                                                 

 36%|███▌      | 216/606 [07:26<12:03,  1.85s/it]2026-09-20 21:22:00,617 INFO [rev_util_actionability|paper_align|Qwen3-0.6B] step=216 epoch=1.0696

                                                 

 36%|███▌      | 216/606 [07:26<12:03,  1.85s/it]
 36%|███▌      | 217/606 [07:27<11:53,  1.83s/it]2026-09-20 21:22:01,088 INFO [rev_util_actionability|paper_align|Qwen3-0.6B] step=217 epoch=1.0745

                                                 

 36%|███▌      | 217/606 [07:27<11:53,  1.83s/it]2026-09-20 21:22:01,524 INFO [rev_util_actionability|paper_align|Qwen3-0.6B] step=217 epoch=1.0745

                                                 

 36%|███▌      | 217/606 [07:27<11:53,  1.83s/it]2026-09-20 21:22:01,966 INFO [rev_util_actionability|paper_align|Qwen3-0.6B] step=217 epoch=1.0745

                                                 

 36%|███▌      | 217/606 [07:28<11:53,  1.83s/it]2026-09-20 21:22:02,405 INFO [rev_util_actionability|paper_align|Qwen3-0.6B] step=217 epoch=1.0745

                                                 

 36%|███▌      | 217/606 [07:28<11:53,  1.83s/it]
 36%|███▌      | 218/606 [07:28<11:46,  1.82s/it]2026-09-20 21:22:02,874 INFO [rev_util_actionability|paper_align|Qwen3-0.6B] step=218 epoch=1.0795

                                                 

 36%|███▌      | 218/606 [07:28<11:46,  1.82s/it]2026-09-20 21:22:03,304 INFO [rev_util_actionability|paper_align|Qwen3-0.6B] step=218 epoch=1.0795

                                                 

 36%|███▌      | 218/606 [07:29<11:46,  1.82s/it]2026-09-20 21:22:03,743 INFO [rev_util_actionability|paper_align|Qwen3-0.6B] step=218 epoch=1.0795

                                                 

 36%|███▌      | 218/606 [07:29<11:46,  1.82s/it]2026-09-20 21:22:04,337 INFO [rev_util_actionability|paper_align|Qwen3-0.6B] step=218 epoch=1.0795

                                                 

 36%|███▌      | 218/606 [07:30<11:46,  1.82s/it]
 36%|███▌      | 219/606 [07:30<11:57,  1.85s/it]2026-09-20 21:22:04,804 INFO [rev_util_actionability|paper_align|Qwen3-0.6B] step=219 epoch=1.0845

                                                 

 36%|███▌      | 219/606 [07:30<11:57,  1.85s/it]2026-09-20 21:22:05,240 INFO [rev_util_actionability|paper_align|Qwen3-0.6B] step=219 epoch=1.0845

                                                 

 36%|███▌      | 219/606 [07:31<11:57,  1.85s/it]2026-09-20 21:22:05,669 INFO [rev_util_actionability|paper_align|Qwen3-0.6B] step=219 epoch=1.0845

                                                 

 36%|███▌      | 219/606 [07:31<11:57,  1.85s/it]2026-09-20 21:22:06,107 INFO [rev_util_actionability|paper_align|Qwen3-0.6B] step=219 epoch=1.0845

                                                 

 36%|███▌      | 219/606 [07:32<11:57,  1.85s/it]
 36%|███▋      | 220/606 [07:32<11:45,  1.83s/it]2026-09-20 21:22:06,427 INFO [rev_util_actionability|paper_align|Qwen3-0.6B] step=220 loss=1.8843 learning_rate=0.0001 epoch=1.0894

                                                 

 36%|███▋      | 220/606 [07:32<11:45,  1.83s/it]2026-09-20 21:22:06,564 INFO [rev_util_actionability|paper_align|Qwen3-0.6B] step=220 epoch=1.0894

                                                 

 36%|███▋      | 220/606 [07:32<11:45,  1.83s/it]2026-09-20 21:22:07,001 INFO [rev_util_actionability|paper_align|Qwen3-0.6B] step=220 epoch=1.0894

                                                 

 36%|███▋      | 220/606 [07:33<11:45,  1.83s/it]2026-09-20 21:22:07,447 INFO [rev_util_actionability|paper_align|Qwen3-0.6B] step=220 epoch=1.0894

                                                 

 36%|███▋      | 220/606 [07:33<11:45,  1.83s/it]2026-09-20 21:22:07,885 INFO [rev_util_actionability|paper_align|Qwen3-0.6B] step=220 epoch=1.0894

                                                 

 36%|███▋      | 220/606 [07:34<11:45,  1.83s/it]
 36%|███▋      | 221/606 [07:34<11:38,  1.81s/it]2026-09-20 21:22:08,344 INFO [rev_util_actionability|paper_align|Qwen3-0.6B] step=221 epoch=1.0944

                                                 

 36%|███▋      | 221/606 [07:34<11:38,  1.81s/it]2026-09-20 21:22:08,778 INFO [rev_util_actionability|paper_align|Qwen3-0.6B] step=221 epoch=1.0944

                                                 

 36%|███▋      | 221/606 [07:34<11:38,  1.81s/it]2026-09-20 21:22:09,210 INFO [rev_util_actionability|paper_align|Qwen3-0.6B] step=221 epoch=1.0944

                                                 

 36%|███▋      | 221/606 [07:35<11:38,  1.81s/it]2026-09-20 21:22:09,662 INFO [rev_util_actionability|paper_align|Qwen3-0.6B] step=221 epoch=1.0944

                                                 

 36%|███▋      | 221/606 [07:35<11:38,  1.81s/it]
 37%|███▋      | 222/606 [07:36<11:31,  1.80s/it]2026-09-20 21:22:10,130 INFO [rev_util_actionability|paper_align|Qwen3-0.6B] step=222 epoch=1.0994

                                                 

 37%|███▋      | 222/606 [07:36<11:31,  1.80s/it]2026-09-20 21:22:10,563 INFO [rev_util_actionability|paper_align|Qwen3-0.6B] step=222 epoch=1.0994

                                                 

 37%|███▋      | 222/606 [07:36<11:31,  1.80s/it]2026-09-20 21:22:10,988 INFO [rev_util_actionability|paper_align|Qwen3-0.6B] step=222 epoch=1.0994

                                                 
{'eval_loss': '0.08674', 'eval_runtime': '3.813', 'eval_samples_per_second': '46.94', 'eval_steps_per_second': '11.8', 'eval_entropy': '0.09246', 'eval_num_tokens': '0', 'eval_mean_token_accuracy': '0.9683', 'epoch': '1'}
{'eval_generation_accuracy': '0.743', 'eval_generation_macro_f1': '0.6351', 'eval_generation_format_valid_rate': '1', 'eval_generation_invalid_outputs': 0, 'eval_generation_mae': '0.3743', 'eval_generation_qwk': '0.8364', 'epoch': '1'}
{'paper_align_label_loss': '0.02037', 'paper_align_reason_loss': '1.062', 'epoch': '1'}
{'paper_align_label_loss': '0.007714', 'paper_align_reason_loss': '0.8638', 'epoch': '1'}
{'paper_align_label_loss': '0.04601', 'paper_align_reason_loss': '0.6646', 'epoch': '1'}
{'paper_align_label_loss': '0.1379', 'paper_align_reason_loss': '0.786', 'epoch': '1'}
{'paper_align_label_loss': '0.02601', 'paper_align_reason_loss': '0.8892', 'epoch': '1.005'}
{'paper_align_label_loss': '0.06863', 'paper_align_reason_loss': '1.106', 'epoch': '1.005'}
{'paper_align_label_loss': '0.07495', 'paper_align_reason_loss': '1.223', 'epoch': '1.005'}
{'paper_align_label_loss': '0.09143', 'paper_align_reason_loss': '0.9762', 'epoch': '1.005'}
{'paper_align_label_loss': '0.1228', 'paper_align_reason_loss': '0.8563', 'epoch': '1.01'}
{'paper_align_label_loss': '0.01828', 'paper_align_reason_loss': '0.6723', 'epoch': '1.01'}
{'paper_align_label_loss': '0.02649', 'paper_align_reason_loss': '0.7519', 'epoch': '1.01'}
{'paper_align_label_loss': '0.07185', 'paper_align_reason_loss': '0.7611', 'epoch': '1.01'}
{'paper_align_label_loss': '0.1486', 'paper_align_reason_loss': '0.8987', 'epoch': '1.015'}
{'paper_align_label_loss': '0.04839', 'paper_align_reason_loss': '0.9744', 'epoch': '1.015'}
{'paper_align_label_loss': '0.04829', 'paper_align_reason_loss': '0.8992', 'epoch': '1.015'}
{'paper_align_label_loss': '0.04204', 'paper_align_reason_loss': '0.9212', 'epoch': '1.015'}
{'paper_align_label_loss': '0.02251', 'paper_align_reason_loss': '0.9745', 'epoch': '1.02'}
{'paper_align_label_loss': '0.01817', 'paper_align_reason_loss': '0.6826', 'epoch': '1.02'}
{'paper_align_label_loss': '0.03437', 'paper_align_reason_loss': '0.6388', 'epoch': '1.02'}
{'paper_align_label_loss': '0.1154', 'paper_align_reason_loss': '0.8613', 'epoch': '1.02'}
{'paper_align_label_loss': '0.006386', 'paper_align_reason_loss': '0.9329', 'epoch': '1.025'}
{'paper_align_label_loss': '0.004363', 'paper_align_reason_loss': '0.7266', 'epoch': '1.025'}
{'paper_align_label_loss': '0.04513', 'paper_align_reason_loss': '0.8089', 'epoch': '1.025'}
{'paper_align_label_loss': '0.07666', 'paper_align_reason_loss': '1.084', 'epoch': '1.025'}
{'paper_align_label_loss': '0.04787', 'paper_align_reason_loss': '0.8028', 'epoch': '1.03'}
{'paper_align_label_loss': '0.1874', 'paper_align_reason_loss': '0.6192', 'epoch': '1.03'}
{'paper_align_label_loss': '0.02782', 'paper_align_reason_loss': '1.103', 'epoch': '1.03'}
{'paper_align_label_loss': '0.0201', 'paper_align_reason_loss': '1.173', 'epoch': '1.03'}
{'paper_align_label_loss': '0.04079', 'paper_align_reason_loss': '0.7662', 'epoch': '1.035'}
{'paper_align_label_loss': '0.2493', 'paper_align_reason_loss': '0.8429', 'epoch': '1.035'}
{'paper_align_label_loss': '0.01972', 'paper_align_reason_loss': '0.9128', 'epoch': '1.035'}
{'paper_align_label_loss': '0.04823', 'paper_align_reason_loss': '0.8181', 'epoch': '1.035'}
{'loss': '1.745', 'grad_norm': '4.094', 'learning_rate': '7.63e-05', 'epoch': '1.04'}
{'paper_align_label_loss': '0.001821', 'paper_align_reason_loss': '0.9032', 'epoch': '1.04'}
{'paper_align_label_loss': '0.008653', 'paper_align_reason_loss': '0.7768', 'epoch': '1.04'}
{'paper_align_label_loss': '0.05252', 'paper_align_reason_loss': '0.9357', 'epoch': '1.04'}
{'paper_align_label_loss': '0.01572', 'paper_align_reason_loss': '0.938', 'epoch': '1.04'}
{'paper_align_label_loss': '0.01914', 'paper_align_reason_loss': '0.8918', 'epoch': '1.045'}
{'paper_align_label_loss': '0.118', 'paper_align_reason_loss': '0.9574', 'epoch': '1.045'}
{'paper_align_label_loss': '0.01538', 'paper_align_reason_loss': '0.946', 'epoch': '1.045'}
{'paper_align_label_loss': '0.02187', 'paper_align_reason_loss': '0.8881', 'epoch': '1.045'}
{'paper_align_label_loss': '0.1934', 'paper_align_reason_loss': '1.152', 'epoch': '1.05'}
{'paper_align_label_loss': '0.01182', 'paper_align_reason_loss': '0.9014', 'epoch': '1.05'}
{'paper_align_label_loss': '0.06617', 'paper_align_reason_loss': '0.9592', 'epoch': '1.05'}
{'paper_align_label_loss': '0.04868', 'paper_align_reason_loss': '0.7034', 'epoch': '1.05'}
{'paper_align_label_loss': '0.04017', 'paper_align_reason_loss': '0.8682', 'epoch': '1.055'}
{'paper_align_label_loss': '0.02903', 'paper_align_reason_loss': '0.5929', 'epoch': '1.055'}
{'paper_align_label_loss': '0.08963', 'paper_align_reason_loss': '0.9393', 'epoch': '1.055'}
{'paper_align_label_loss': '0.008193', 'paper_align_reason_loss': '0.5659', 'epoch': '1.055'}
{'paper_align_label_loss': '0.2718', 'paper_align_reason_loss': '0.9555', 'epoch': '1.06'}
{'paper_align_label_loss': '0.01804', 'paper_align_reason_loss': '0.8978', 'epoch': '1.06'}
{'paper_align_label_loss': '0.07494', 'paper_align_reason_loss': '0.7443', 'epoch': '1.06'}
{'paper_align_label_loss': '0.09168', 'paper_align_reason_loss': '0.7915', 'epoch': '1.06'}
{'paper_align_label_loss': '0.03218', 'paper_align_reason_loss': '0.9518', 'epoch': '1.065'}
{'paper_align_label_loss': '0.0138', 'paper_align_reason_loss': '0.8476', 'epoch': '1.065'}
{'paper_align_label_loss': '0.006083', 'paper_align_reason_loss': '0.7042', 'epoch': '1.065'}
{'paper_align_label_loss': '0.1466', 'paper_align_reason_loss': '1.031', 'epoch': '1.065'}
{'paper_align_label_loss': '0.07036', 'paper_align_reason_loss': '0.7566', 'epoch': '1.07'}
{'paper_align_label_loss': '0.1509', 'paper_align_reason_loss': '0.8856', 'epoch': '1.07'}
{'paper_align_label_loss': '0.01778', 'paper_align_reason_loss': '0.9407', 'epoch': '1.07'}
{'paper_align_label_loss': '0.2782', 'paper_align_reason_loss': '0.9061', 'epoch': '1.07'}
{'paper_align_label_loss': '0.2442', 'paper_align_reason_loss': '0.9263', 'epoch': '1.075'}
{'paper_align_label_loss': '0.2615', 'paper_align_reason_loss': '1.012', 'epoch': '1.075'}
{'paper_align_label_loss': '0.01191', 'paper_align_reason_loss': '0.7931', 'epoch': '1.075'}
{'paper_align_label_loss': '0.1415', 'paper_align_reason_loss': '0.9869', 'epoch': '1.075'}
{'paper_align_label_loss': '0.01045', 'paper_align_reason_loss': '0.7608', 'epoch': '1.08'}
{'paper_align_label_loss': '0.03011', 'paper_align_reason_loss': '0.6967', 'epoch': '1.08'}
{'paper_align_label_loss': '0.006185', 'paper_align_reason_loss': '0.8029', 'epoch': '1.08'}
{'paper_align_label_loss': '0.0004377', 'paper_align_reason_loss': '0.9603', 'epoch': '1.08'}
{'paper_align_label_loss': '0.06482', 'paper_align_reason_loss': '1.066', 'epoch': '1.084'}
{'paper_align_label_loss': '0.03411', 'paper_align_reason_loss': '0.7038', 'epoch': '1.084'}
{'paper_align_label_loss': '0.02156', 'paper_align_reason_loss': '0.9596', 'epoch': '1.084'}
{'paper_align_label_loss': '0.0002976', 'paper_align_reason_loss': '0.9453', 'epoch': '1.084'}
{'loss': '1.884', 'grad_norm': '4.578', 'learning_rate': '7.399e-05', 'epoch': '1.089'}
{'paper_align_label_loss': '0.08897', 'paper_align_reason_loss': '0.7475', 'epoch': '1.089'}
{'paper_align_label_loss': '0.03933', 'paper_align_reason_loss': '1.142', 'epoch': '1.089'}
{'paper_align_label_loss': '0.07992', 'paper_align_reason_loss': '1.274', 'epoch': '1.089'}
{'paper_align_label_loss': '0.01165', 'paper_align_reason_loss': '0.7812', 'epoch': '1.089'}
{'paper_align_label_loss': '0.302', 'paper_align_reason_loss': '0.8134', 'epoch': '1.094'}
{'paper_align_label_loss': '0.000187', 'paper_align_reason_loss': '0.7176', 'epoch': '1.094'}
{'paper_align_label_loss': '6e-05', 'paper_align_reason_loss': '0.7793', 'epoch': '1.094'}
{'paper_align_label_loss': '0.09676', 'paper_align_reason_loss': '1.103', 'epoch': '1.094'}
{'paper_align_label_loss': '0.3125', 'paper_align_reason_loss': '0.8737', 'epoch': '1.099'}
{'paper_align_label_loss': '0.008922', 'paper_align_reason_loss': '0.8701', 'epoch': '1.099'}

 37%|███▋      | 222/606 [07:37<11:31,  1.80s/it]2026-09-20 21:22:11,429 INFO [rev_util_actionability|paper_align|Qwen3-0.6B] step=222 epoch=1.0994

                                                 

 37%|███▋      | 222/606 [07:37<11:31,  1.80s/it]
 37%|███▋      | 223/606 [07:37<11:27,  1.79s/it]2026-09-20 21:22:11,898 INFO [rev_util_actionability|paper_align|Qwen3-0.6B] step=223 epoch=1.1043

                                                 

 37%|███▋      | 223/606 [07:38<11:27,  1.79s/it]2026-09-20 21:22:12,327 INFO [rev_util_actionability|paper_align|Qwen3-0.6B] step=223 epoch=1.1043

                                                 

 37%|███▋      | 223/606 [07:38<11:27,  1.79s/it]2026-09-20 21:22:12,757 INFO [rev_util_actionability|paper_align|Qwen3-0.6B] step=223 epoch=1.1043

                                                 

 37%|███▋      | 223/606 [07:38<11:27,  1.79s/it]2026-09-20 21:22:13,360 INFO [rev_util_actionability|paper_align|Qwen3-0.6B] step=223 epoch=1.1043

                                                 

 37%|███▋      | 223/606 [07:39<11:27,  1.79s/it]
 37%|███▋      | 224/606 [07:39<11:40,  1.83s/it]2026-09-20 21:22:13,834 INFO [rev_util_actionability|paper_align|Qwen3-0.6B] step=224 epoch=1.1093

                                                 

 37%|███▋      | 224/606 [07:39<11:40,  1.83s/it]2026-09-20 21:22:14,273 INFO [rev_util_actionability|paper_align|Qwen3-0.6B] step=224 epoch=1.1093

                                                 

 37%|███▋      | 224/606 [07:40<11:40,  1.83s/it]2026-09-20 21:22:14,719 INFO [rev_util_actionability|paper_align|Qwen3-0.6B] step=224 epoch=1.1093

                                                 

 37%|███▋      | 224/606 [07:40<11:40,  1.83s/it]2026-09-20 21:22:15,168 INFO [rev_util_actionability|paper_align|Qwen3-0.6B] step=224 epoch=1.1093

                                                 

 37%|███▋      | 224/606 [07:41<11:40,  1.83s/it]
 37%|███▋      | 225/606 [07:41<11:35,  1.83s/it]2026-09-20 21:22:15,663 INFO [rev_util_actionability|paper_align|Qwen3-0.6B] step=225 epoch=1.1143

                                                 

 37%|███▋      | 225/606 [07:41<11:35,  1.83s/it]2026-09-20 21:22:16,101 INFO [rev_util_actionability|paper_align|Qwen3-0.6B] step=225 epoch=1.1143

                                                 

 37%|███▋      | 225/606 [07:42<11:35,  1.83s/it]2026-09-20 21:22:16,547 INFO [rev_util_actionability|paper_align|Qwen3-0.6B] step=225 epoch=1.1143

                                                 

 37%|███▋      | 225/606 [07:42<11:35,  1.83s/it]2026-09-20 21:22:16,987 INFO [rev_util_actionability|paper_align|Qwen3-0.6B] step=225 epoch=1.1143

                                                 

 37%|███▋      | 225/606 [07:43<11:35,  1.83s/it]
 37%|███▋      | 226/606 [07:43<11:39,  1.84s/it]2026-09-20 21:22:17,516 INFO [rev_util_actionability|paper_align|Qwen3-0.6B] step=226 epoch=1.1193

                                                 

 37%|███▋      | 226/606 [07:43<11:39,  1.84s/it]2026-09-20 21:22:17,954 INFO [rev_util_actionability|paper_align|Qwen3-0.6B] step=226 epoch=1.1193

                                                 

 37%|███▋      | 226/606 [07:44<11:39,  1.84s/it]2026-09-20 21:22:18,398 INFO [rev_util_actionability|paper_align|Qwen3-0.6B] step=226 epoch=1.1193

                                                 

 37%|███▋      | 226/606 [07:44<11:39,  1.84s/it]2026-09-20 21:22:18,850 INFO [rev_util_actionability|paper_align|Qwen3-0.6B] step=226 epoch=1.1193

                                                 

 37%|███▋      | 226/606 [07:44<11:39,  1.84s/it]
 37%|███▋      | 227/606 [07:45<11:34,  1.83s/it]2026-09-20 21:22:19,323 INFO [rev_util_actionability|paper_align|Qwen3-0.6B] step=227 epoch=1.1242

                                                 

 37%|███▋      | 227/606 [07:45<11:34,  1.83s/it]2026-09-20 21:22:19,759 INFO [rev_util_actionability|paper_align|Qwen3-0.6B] step=227 epoch=1.1242

                                                 

 37%|███▋      | 227/606 [07:45<11:34,  1.83s/it]2026-09-20 21:22:20,200 INFO [rev_util_actionability|paper_align|Qwen3-0.6B] step=227 epoch=1.1242

                                                 

 37%|███▋      | 227/606 [07:46<11:34,  1.83s/it]2026-09-20 21:22:20,640 INFO [rev_util_actionability|paper_align|Qwen3-0.6B] step=227 epoch=1.1242

                                                 

 37%|███▋      | 227/606 [07:46<11:34,  1.83s/it]
 38%|███▊      | 228/606 [07:47<11:26,  1.82s/it]2026-09-20 21:22:21,111 INFO [rev_util_actionability|paper_align|Qwen3-0.6B] step=228 epoch=1.1292

                                                 

 38%|███▊      | 228/606 [07:47<11:26,  1.82s/it]2026-09-20 21:22:21,548 INFO [rev_util_actionability|paper_align|Qwen3-0.6B] step=228 epoch=1.1292

                                                 

 38%|███▊      | 228/606 [07:47<11:26,  1.82s/it]2026-09-20 21:22:21,989 INFO [rev_util_actionability|paper_align|Qwen3-0.6B] step=228 epoch=1.1292

                                                 

 38%|███▊      | 228/606 [07:48<11:26,  1.82s/it]2026-09-20 21:22:22,430 INFO [rev_util_actionability|paper_align|Qwen3-0.6B] step=228 epoch=1.1292

                                                 

 38%|███▊      | 228/606 [07:48<11:26,  1.82s/it]
 38%|███▊      | 229/606 [07:48<11:22,  1.81s/it]2026-09-20 21:22:23,066 INFO [rev_util_actionability|paper_align|Qwen3-0.6B] step=229 epoch=1.1342

                                                 

 38%|███▊      | 229/606 [07:49<11:22,  1.81s/it]2026-09-20 21:22:23,504 INFO [rev_util_actionability|paper_align|Qwen3-0.6B] step=229 epoch=1.1342

                                                 

 38%|███▊      | 229/606 [07:49<11:22,  1.81s/it]2026-09-20 21:22:23,942 INFO [rev_util_actionability|paper_align|Qwen3-0.6B] step=229 epoch=1.1342

                                                 

 38%|███▊      | 229/606 [07:50<11:22,  1.81s/it]2026-09-20 21:22:24,376 INFO [rev_util_actionability|paper_align|Qwen3-0.6B] step=229 epoch=1.1342

                                                 

 38%|███▊      | 229/606 [07:50<11:22,  1.81s/it]
 38%|███▊      | 230/606 [07:50<11:35,  1.85s/it]2026-09-20 21:22:24,698 INFO [rev_util_actionability|paper_align|Qwen3-0.6B] step=230 loss=1.9301 learning_rate=0.0001 epoch=1.1391

                                                 

 38%|███▊      | 230/606 [07:50<11:35,  1.85s/it]2026-09-20 21:22:24,843 INFO [rev_util_actionability|paper_align|Qwen3-0.6B] step=230 epoch=1.1391

                                                 

 38%|███▊      | 230/606 [07:50<11:35,  1.85s/it]2026-09-20 21:22:25,281 INFO [rev_util_actionability|paper_align|Qwen3-0.6B] step=230 epoch=1.1391

                                                 

 38%|███▊      | 230/606 [07:51<11:35,  1.85s/it]2026-09-20 21:22:25,718 INFO [rev_util_actionability|paper_align|Qwen3-0.6B] step=230 epoch=1.1391

                                                 

 38%|███▊      | 230/606 [07:51<11:35,  1.85s/it]2026-09-20 21:22:26,156 INFO [rev_util_actionability|paper_align|Qwen3-0.6B] step=230 epoch=1.1391

                                                 

 38%|███▊      | 230/606 [07:52<11:35,  1.85s/it]
 38%|███▊      | 231/606 [07:52<11:25,  1.83s/it]2026-09-20 21:22:26,626 INFO [rev_util_actionability|paper_align|Qwen3-0.6B] step=231 epoch=1.1441

                                                 

 38%|███▊      | 231/606 [07:52<11:25,  1.83s/it]2026-09-20 21:22:27,062 INFO [rev_util_actionability|paper_align|Qwen3-0.6B] step=231 epoch=1.1441

                                                 

 38%|███▊      | 231/606 [07:53<11:25,  1.83s/it]2026-09-20 21:22:27,507 INFO [rev_util_actionability|paper_align|Qwen3-0.6B] step=231 epoch=1.1441

                                                 

 38%|███▊      | 231/606 [07:53<11:25,  1.83s/it]2026-09-20 21:22:27,950 INFO [rev_util_actionability|paper_align|Qwen3-0.6B] step=231 epoch=1.1441

                                                 

 38%|███▊      | 231/606 [07:54<11:25,  1.83s/it]
 38%|███▊      | 232/606 [07:54<11:20,  1.82s/it]2026-09-20 21:22:28,422 INFO [rev_util_actionability|paper_align|Qwen3-0.6B] step=232 epoch=1.1491

                                                 

 38%|███▊      | 232/606 [07:54<11:20,  1.82s/it]2026-09-20 21:22:28,859 INFO [rev_util_actionability|paper_align|Qwen3-0.6B] step=232 epoch=1.1491

                                                 

 38%|███▊      | 232/606 [07:54<11:20,  1.82s/it]2026-09-20 21:22:29,300 INFO [rev_util_actionability|paper_align|Qwen3-0.6B] step=232 epoch=1.1491

                                                 

 38%|███▊      | 232/606 [07:55<11:20,  1.82s/it]2026-09-20 21:22:29,744 INFO [rev_util_actionability|paper_align|Qwen3-0.6B] step=232 epoch=1.1491

                                                 

 38%|███▊      | 232/606 [07:55<11:20,  1.82s/it]
 38%|███▊      | 233/606 [07:56<11:16,  1.81s/it]2026-09-20 21:22:30,223 INFO [rev_util_actionability|paper_align|Qwen3-0.6B] step=233 epoch=1.1540

                                                 

 38%|███▊      | 233/606 [07:56<11:16,  1.81s/it]2026-09-20 21:22:30,663 INFO [rev_util_actionability|paper_align|Qwen3-0.6B] step=233 epoch=1.1540

                                                 

 38%|███▊      | 233/606 [07:56<11:16,  1.81s/it]2026-09-20 21:22:31,108 INFO [rev_util_actionability|paper_align|Qwen3-0.6B] step=233 epoch=1.1540

                                                 

 38%|███▊      | 233/606 [07:57<11:16,  1.81s/it]2026-09-20 21:22:31,544 INFO [rev_util_actionability|paper_align|Qwen3-0.6B] step=233 epoch=1.1540

                                                 

 38%|███▊      | 233/606 [07:57<11:16,  1.81s/it]
 39%|███▊      | 234/606 [07:57<11:12,  1.81s/it]2026-09-20 21:22:32,014 INFO [rev_util_actionability|paper_align|Qwen3-0.6B] step=234 epoch=1.1590

                                                 

 39%|███▊      | 234/606 [07:58<11:12,  1.81s/it]2026-09-20 21:22:32,610 INFO [rev_util_actionability|paper_align|Qwen3-0.6B] step=234 epoch=1.1590

                                                 

 39%|███▊      | 234/606 [07:58<11:12,  1.81s/it]2026-09-20 21:22:33,058 INFO [rev_util_actionability|paper_align|Qwen3-0.6B] step=234 epoch=1.1590

                                                 

 39%|███▊      | 234/606 [07:59<11:12,  1.81s/it]2026-09-20 21:22:33,498 INFO [rev_util_actionability|paper_align|Qwen3-0.6B] step=234 epoch=1.1590

                                                 

 39%|███▊      | 234/606 [07:59<11:12,  1.81s/it]
 39%|███▉      | 235/606 [07:59<11:26,  1.85s/it]2026-09-20 21:22:33,963 INFO [rev_util_actionability|paper_align|Qwen3-0.6B] step=235 epoch=1.1640

                                                 

 39%|███▉      | 235/606 [08:00<11:26,  1.85s/it]2026-09-20 21:22:34,405 INFO [rev_util_actionability|paper_align|Qwen3-0.6B] step=235 epoch=1.1640

                                                 

 39%|███▉      | 235/606 [08:00<11:26,  1.85s/it]2026-09-20 21:22:34,849 INFO [rev_util_actionability|paper_align|Qwen3-0.6B] step=235 epoch=1.1640

                                                 

 39%|███▉      | 235/606 [08:00<11:26,  1.85s/it]2026-09-20 21:22:35,290 INFO [rev_util_actionability|paper_align|Qwen3-0.6B] step=235 epoch=1.1640

                                                 

 39%|███▉      | 235/606 [08:01<11:26,  1.85s/it]
 39%|███▉      | 236/606 [08:01<11:18,  1.83s/it]2026-09-20 21:22:35,758 INFO [rev_util_actionability|paper_align|Qwen3-0.6B] step=236 epoch=1.1689

                                                 

 39%|███▉      | 236/606 [08:01<11:18,  1.83s/it]2026-09-20 21:22:36,197 INFO [rev_util_actionability|paper_align|Qwen3-0.6B] step=236 epoch=1.1689

                                                 

 39%|███▉      | 236/606 [08:02<11:18,  1.83s/it]2026-09-20 21:22:36,644 INFO [rev_util_actionability|paper_align|Qwen3-0.6B] step=236 epoch=1.1689

                                                 

 39%|███▉      | 236/606 [08:02<11:18,  1.83s/it]2026-09-20 21:22:37,088 INFO [rev_util_actionability|paper_align|Qwen3-0.6B] step=236 epoch=1.1689

                                                 

 39%|███▉      | 236/606 [08:03<11:18,  1.83s/it]
 39%|███▉      | 237/606 [08:03<11:12,  1.82s/it]2026-09-20 21:22:37,560 INFO [rev_util_actionability|paper_align|Qwen3-0.6B] step=237 epoch=1.1739

                                                 

 39%|███▉      | 237/606 [08:03<11:12,  1.82s/it]2026-09-20 21:22:37,999 INFO [rev_util_actionability|paper_align|Qwen3-0.6B] step=237 epoch=1.1739

                                                 

 39%|███▉      | 237/606 [08:04<11:12,  1.82s/it]2026-09-20 21:22:38,428 INFO [rev_util_actionability|paper_align|Qwen3-0.6B] step=237 epoch=1.1739

                                                 

 39%|███▉      | 237/606 [08:04<11:12,  1.82s/it]2026-09-20 21:22:38,867 INFO [rev_util_actionability|paper_align|Qwen3-0.6B] step=237 epoch=1.1739

                                                 

 39%|███▉      | 237/606 [08:04<11:12,  1.82s/it]
 39%|███▉      | 238/606 [08:05<11:05,  1.81s/it]2026-09-20 21:22:39,331 INFO [rev_util_actionability|paper_align|Qwen3-0.6B] step=238 epoch=1.1789

                                                 

 39%|███▉      | 238/606 [08:05<11:05,  1.81s/it]2026-09-20 21:22:39,766 INFO [rev_util_actionability|paper_align|Qwen3-0.6B] step=238 epoch=1.1789

                                                 

 39%|███▉      | 238/606 [08:05<11:05,  1.81s/it]2026-09-20 21:22:40,215 INFO [rev_util_actionability|paper_align|Qwen3-0.6B] step=238 epoch=1.1789

                                                 

 39%|███▉      | 238/606 [08:06<11:05,  1.81s/it]2026-09-20 21:22:40,660 INFO [rev_util_actionability|paper_align|Qwen3-0.6B] step=238 epoch=1.1789

                                                 

 39%|███▉      | 238/606 [08:06<11:05,  1.81s/it]
 39%|███▉      | 239/606 [08:07<11:02,  1.81s/it]2026-09-20 21:22:41,126 INFO [rev_util_actionability|paper_align|Qwen3-0.6B] step=239 epoch=1.1839

                                                 

 39%|███▉      | 239/606 [08:07<11:02,  1.81s/it]2026-09-20 21:22:41,730 INFO [rev_util_actionability|paper_align|Qwen3-0.6B] step=239 epoch=1.1839

                                                 

 39%|███▉      | 239/606 [08:07<11:02,  1.81s/it]2026-09-20 21:22:42,178 INFO [rev_util_actionability|paper_align|Qwen3-0.6B] step=239 epoch=1.1839

                                                 

 39%|███▉      | 239/606 [08:08<11:02,  1.81s/it]2026-09-20 21:22:42,622 INFO [rev_util_actionability|paper_align|Qwen3-0.6B] step=239 epoch=1.1839

                                                 

 39%|███▉      | 239/606 [08:08<11:02,  1.81s/it]
 40%|███▉      | 240/606 [08:09<11:17,  1.85s/it]2026-09-20 21:22:42,941 INFO [rev_util_actionability|paper_align|Qwen3-0.6B] step=240 loss=1.9886 learning_rate=0.0001 epoch=1.1888

                                                 

 40%|███▉      | 240/606 [08:09<11:17,  1.85s/it]2026-09-20 21:22:43,092 INFO [rev_util_actionability|paper_align|Qwen3-0.6B] step=240 epoch=1.1888

                                                 

 40%|███▉      | 240/606 [08:09<11:17,  1.85s/it]2026-09-20 21:22:43,527 INFO [rev_util_actionability|paper_align|Qwen3-0.6B] step=240 epoch=1.1888

                                                 

 40%|███▉      | 240/606 [08:09<11:17,  1.85s/it]2026-09-20 21:22:43,965 INFO [rev_util_actionability|paper_align|Qwen3-0.6B] step=240 epoch=1.1888

                                                 

 40%|███▉      | 240/606 [08:10<11:17,  1.85s/it]2026-09-20 21:22:44,404 INFO [rev_util_actionability|paper_align|Qwen3-0.6B] step=240 epoch=1.1888

                                                 

 40%|███▉      | 240/606 [08:10<11:17,  1.85s/it]
 40%|███▉      | 241/606 [08:10<11:08,  1.83s/it]2026-09-20 21:22:44,872 INFO [rev_util_actionability|paper_align|Qwen3-0.6B] step=241 epoch=1.1938

                                                 

 40%|███▉      | 241/606 [08:10<11:08,  1.83s/it]2026-09-20 21:22:45,313 INFO [rev_util_actionability|paper_align|Qwen3-0.6B] step=241 epoch=1.1938

                                                 

 40%|███▉      | 241/606 [08:11<11:08,  1.83s/it]2026-09-20 21:22:45,756 INFO [rev_util_actionability|paper_align|Qwen3-0.6B] step=241 epoch=1.1938

                                                 

 40%|███▉      | 241/606 [08:11<11:08,  1.83s/it]2026-09-20 21:22:46,198 INFO [rev_util_actionability|paper_align|Qwen3-0.6B] step=241 epoch=1.1938

                                                 

 40%|███▉      | 241/606 [08:12<11:08,  1.83s/it]
 40%|███▉      | 242/606 [08:12<11:02,  1.82s/it]2026-09-20 21:22:46,668 INFO [rev_util_actionability|paper_align|Qwen3-0.6B] step=242 epoch=1.1988

                                                 

 40%|███▉      | 242/606 [08:12<11:02,  1.82s/it]2026-09-20 21:22:47,105 INFO [rev_util_actionability|paper_align|Qwen3-0.6B] step=242 epoch=1.1988

                                                 

 40%|███▉      | 242/606 [08:13<11:02,  1.82s/it]2026-09-20 21:22:47,541 INFO [rev_util_actionability|paper_align|Qwen3-0.6B] step=242 epoch=1.1988

                                                 

 40%|███▉      | 242/606 [08:13<11:02,  1.82s/it]2026-09-20 21:22:47,984 INFO [rev_util_actionability|paper_align|Qwen3-0.6B] step=242 epoch=1.1988

                                                 

 40%|███▉      | 242/606 [08:14<11:02,  1.82s/it]
 40%|████      | 243/606 [08:14<10:56,  1.81s/it]2026-09-20 21:22:48,453 INFO [rev_util_actionability|paper_align|Qwen3-0.6B] step=243 epoch=1.2037

                                                 

 40%|████      | 243/606 [08:14<10:56,  1.81s/it]2026-09-20 21:22:48,889 INFO [rev_util_actionability|paper_align|Qwen3-0.6B] step=243 epoch=1.2037

                                                 

 40%|████      | 243/606 [08:15<10:56,  1.81s/it]2026-09-20 21:22:49,333 INFO [rev_util_actionability|paper_align|Qwen3-0.6B] step=243 epoch=1.2037

                                                 

 40%|████      | 243/606 [08:15<10:56,  1.81s/it]2026-09-20 21:22:49,775 INFO [rev_util_actionability|paper_align|Qwen3-0.6B] step=243 epoch=1.2037

                                                 

 40%|████      | 243/606 [08:15<10:56,  1.81s/it]
 40%|████      | 244/606 [08:16<10:53,  1.80s/it]2026-09-20 21:22:50,247 INFO [rev_util_actionability|paper_align|Qwen3-0.6B] step=244 epoch=1.2087

                                                 
{'paper_align_label_loss': '0.01114', 'paper_align_reason_loss': '0.9145', 'epoch': '1.099'}
{'paper_align_label_loss': '0.01346', 'paper_align_reason_loss': '1.205', 'epoch': '1.099'}
{'paper_align_label_loss': '0.1019', 'paper_align_reason_loss': '0.5449', 'epoch': '1.104'}
{'paper_align_label_loss': '0.01632', 'paper_align_reason_loss': '0.7698', 'epoch': '1.104'}
{'paper_align_label_loss': '0.2814', 'paper_align_reason_loss': '1.099', 'epoch': '1.104'}
{'paper_align_label_loss': '0.06191', 'paper_align_reason_loss': '0.6805', 'epoch': '1.104'}
{'paper_align_label_loss': '0.08887', 'paper_align_reason_loss': '1.086', 'epoch': '1.109'}
{'paper_align_label_loss': '0.002553', 'paper_align_reason_loss': '0.7572', 'epoch': '1.109'}
{'paper_align_label_loss': '0.2013', 'paper_align_reason_loss': '1.106', 'epoch': '1.109'}
{'paper_align_label_loss': '0.04056', 'paper_align_reason_loss': '0.6751', 'epoch': '1.109'}
{'paper_align_label_loss': '0.02783', 'paper_align_reason_loss': '0.6647', 'epoch': '1.114'}
{'paper_align_label_loss': '0.4198', 'paper_align_reason_loss': '0.7767', 'epoch': '1.114'}
{'paper_align_label_loss': '0.02136', 'paper_align_reason_loss': '0.8378', 'epoch': '1.114'}
{'paper_align_label_loss': '0.03702', 'paper_align_reason_loss': '1.101', 'epoch': '1.114'}
{'paper_align_label_loss': '0.1796', 'paper_align_reason_loss': '0.86', 'epoch': '1.119'}
{'paper_align_label_loss': '0.04668', 'paper_align_reason_loss': '0.8408', 'epoch': '1.119'}
{'paper_align_label_loss': '0.03025', 'paper_align_reason_loss': '0.7552', 'epoch': '1.119'}
{'paper_align_label_loss': '0.1436', 'paper_align_reason_loss': '0.9263', 'epoch': '1.119'}
{'paper_align_label_loss': '0.1651', 'paper_align_reason_loss': '0.7268', 'epoch': '1.124'}
{'paper_align_label_loss': '0.1539', 'paper_align_reason_loss': '0.5639', 'epoch': '1.124'}
{'paper_align_label_loss': '0.1622', 'paper_align_reason_loss': '0.8081', 'epoch': '1.124'}
{'paper_align_label_loss': '0.169', 'paper_align_reason_loss': '0.7041', 'epoch': '1.124'}
{'paper_align_label_loss': '0.1148', 'paper_align_reason_loss': '1.152', 'epoch': '1.129'}
{'paper_align_label_loss': '0.03007', 'paper_align_reason_loss': '0.8651', 'epoch': '1.129'}
{'paper_align_label_loss': '0.03311', 'paper_align_reason_loss': '0.9585', 'epoch': '1.129'}
{'paper_align_label_loss': '0.04986', 'paper_align_reason_loss': '0.7584', 'epoch': '1.129'}
{'paper_align_label_loss': '0.07367', 'paper_align_reason_loss': '0.8042', 'epoch': '1.134'}
{'paper_align_label_loss': '0.08299', 'paper_align_reason_loss': '1.083', 'epoch': '1.134'}
{'paper_align_label_loss': '0.01937', 'paper_align_reason_loss': '0.8454', 'epoch': '1.134'}
{'paper_align_label_loss': '0.04487', 'paper_align_reason_loss': '0.8683', 'epoch': '1.134'}
{'loss': '1.93', 'grad_norm': '3.874', 'learning_rate': '7.161e-05', 'epoch': '1.139'}
{'paper_align_label_loss': '0.1601', 'paper_align_reason_loss': '1.127', 'epoch': '1.139'}
{'paper_align_label_loss': '0.008014', 'paper_align_reason_loss': '1.264', 'epoch': '1.139'}
{'paper_align_label_loss': '0.06173', 'paper_align_reason_loss': '0.7567', 'epoch': '1.139'}
{'paper_align_label_loss': '0.347', 'paper_align_reason_loss': '0.7942', 'epoch': '1.139'}
{'paper_align_label_loss': '0.1096', 'paper_align_reason_loss': '0.876', 'epoch': '1.144'}
{'paper_align_label_loss': '0.02445', 'paper_align_reason_loss': '0.9979', 'epoch': '1.144'}
{'paper_align_label_loss': '0.09279', 'paper_align_reason_loss': '0.8781', 'epoch': '1.144'}
{'paper_align_label_loss': '0.2662', 'paper_align_reason_loss': '0.866', 'epoch': '1.144'}
{'paper_align_label_loss': '0.0634', 'paper_align_reason_loss': '1.025', 'epoch': '1.149'}
{'paper_align_label_loss': '0.02842', 'paper_align_reason_loss': '0.6902', 'epoch': '1.149'}
{'paper_align_label_loss': '0.04237', 'paper_align_reason_loss': '0.7682', 'epoch': '1.149'}
{'paper_align_label_loss': '0.09325', 'paper_align_reason_loss': '1.1', 'epoch': '1.149'}
{'paper_align_label_loss': '0.07477', 'paper_align_reason_loss': '0.7712', 'epoch': '1.154'}
{'paper_align_label_loss': '0.007189', 'paper_align_reason_loss': '0.6848', 'epoch': '1.154'}
{'paper_align_label_loss': '0.2548', 'paper_align_reason_loss': '0.8478', 'epoch': '1.154'}
{'paper_align_label_loss': '0.02412', 'paper_align_reason_loss': '1.03', 'epoch': '1.154'}
{'paper_align_label_loss': '0.01078', 'paper_align_reason_loss': '0.7958', 'epoch': '1.159'}
{'paper_align_label_loss': '0.01023', 'paper_align_reason_loss': '1.233', 'epoch': '1.159'}
{'paper_align_label_loss': '0.04002', 'paper_align_reason_loss': '0.7602', 'epoch': '1.159'}
{'paper_align_label_loss': '0.04119', 'paper_align_reason_loss': '0.807', 'epoch': '1.159'}
{'paper_align_label_loss': '0.1397', 'paper_align_reason_loss': '0.9241', 'epoch': '1.164'}
{'paper_align_label_loss': '0.02258', 'paper_align_reason_loss': '0.8264', 'epoch': '1.164'}
{'paper_align_label_loss': '0.07239', 'paper_align_reason_loss': '0.9342', 'epoch': '1.164'}
{'paper_align_label_loss': '0.02402', 'paper_align_reason_loss': '1.142', 'epoch': '1.164'}
{'paper_align_label_loss': '0.03058', 'paper_align_reason_loss': '0.9046', 'epoch': '1.169'}
{'paper_align_label_loss': '0.05082', 'paper_align_reason_loss': '0.9084', 'epoch': '1.169'}
{'paper_align_label_loss': '0.0542', 'paper_align_reason_loss': '0.7484', 'epoch': '1.169'}
{'paper_align_label_loss': '0.1338', 'paper_align_reason_loss': '0.9464', 'epoch': '1.169'}
{'paper_align_label_loss': '0.04957', 'paper_align_reason_loss': '0.7885', 'epoch': '1.174'}
{'paper_align_label_loss': '0.002364', 'paper_align_reason_loss': '0.9771', 'epoch': '1.174'}
{'paper_align_label_loss': '0.1546', 'paper_align_reason_loss': '0.9806', 'epoch': '1.174'}
{'paper_align_label_loss': '0.1952', 'paper_align_reason_loss': '0.953', 'epoch': '1.174'}
{'paper_align_label_loss': '0.04454', 'paper_align_reason_loss': '0.7592', 'epoch': '1.179'}
{'paper_align_label_loss': '0.08005', 'paper_align_reason_loss': '0.9279', 'epoch': '1.179'}
{'paper_align_label_loss': '0.01664', 'paper_align_reason_loss': '0.809', 'epoch': '1.179'}
{'paper_align_label_loss': '0.06927', 'paper_align_reason_loss': '1.092', 'epoch': '1.179'}
{'paper_align_label_loss': '0.04435', 'paper_align_reason_loss': '0.9949', 'epoch': '1.184'}
{'paper_align_label_loss': '0.1277', 'paper_align_reason_loss': '0.9807', 'epoch': '1.184'}
{'paper_align_label_loss': '0.02045', 'paper_align_reason_loss': '1.065', 'epoch': '1.184'}
{'paper_align_label_loss': '0.03881', 'paper_align_reason_loss': '0.907', 'epoch': '1.184'}
{'loss': '1.989', 'grad_norm': '3.767', 'learning_rate': '6.917e-05', 'epoch': '1.189'}
{'paper_align_label_loss': '0.02076', 'paper_align_reason_loss': '0.836', 'epoch': '1.189'}
{'paper_align_label_loss': '0.0245', 'paper_align_reason_loss': '0.7674', 'epoch': '1.189'}
{'paper_align_label_loss': '0.01117', 'paper_align_reason_loss': '0.8215', 'epoch': '1.189'}
{'paper_align_label_loss': '0.1349', 'paper_align_reason_loss': '0.6539', 'epoch': '1.189'}
{'paper_align_label_loss': '0.01795', 'paper_align_reason_loss': '0.7451', 'epoch': '1.194'}
{'paper_align_label_loss': '0.1667', 'paper_align_reason_loss': '0.9025', 'epoch': '1.194'}
{'paper_align_label_loss': '0.06564', 'paper_align_reason_loss': '1.077', 'epoch': '1.194'}
{'paper_align_label_loss': '0.0411', 'paper_align_reason_loss': '1.001', 'epoch': '1.194'}
{'paper_align_label_loss': '0.1374', 'paper_align_reason_loss': '0.8787', 'epoch': '1.199'}
{'paper_align_label_loss': '0.2594', 'paper_align_reason_loss': '0.9653', 'epoch': '1.199'}
{'paper_align_label_loss': '0.002014', 'paper_align_reason_loss': '0.7358', 'epoch': '1.199'}
{'paper_align_label_loss': '0.0578', 'paper_align_reason_loss': '0.5726', 'epoch': '1.199'}
{'paper_align_label_loss': '0.182', 'paper_align_reason_loss': '0.9638', 'epoch': '1.204'}
{'paper_align_label_loss': '0.0324', 'paper_align_reason_loss': '0.7508', 'epoch': '1.204'}
{'paper_align_label_loss': '0.1245', 'paper_align_reason_loss': '0.8558', 'epoch': '1.204'}
{'paper_align_label_loss': '0.03721', 'paper_align_reason_loss': '0.6658', 'epoch': '1.204'}

 40%|████      | 244/606 [08:16<10:53,  1.80s/it]2026-09-20 21:22:50,685 INFO [rev_util_actionability|paper_align|Qwen3-0.6B] step=244 epoch=1.2087

                                                 

 40%|████      | 244/606 [08:16<10:53,  1.80s/it]2026-09-20 21:22:51,283 INFO [rev_util_actionability|paper_align|Qwen3-0.6B] step=244 epoch=1.2087

                                                 

 40%|████      | 244/606 [08:17<10:53,  1.80s/it]2026-09-20 21:22:51,722 INFO [rev_util_actionability|paper_align|Qwen3-0.6B] step=244 epoch=1.2087

                                                 

 40%|████      | 244/606 [08:17<10:53,  1.80s/it]
 40%|████      | 245/606 [08:18<11:07,  1.85s/it]2026-09-20 21:22:52,192 INFO [rev_util_actionability|paper_align|Qwen3-0.6B] step=245 epoch=1.2137

                                                 

 40%|████      | 245/606 [08:18<11:07,  1.85s/it]2026-09-20 21:22:52,624 INFO [rev_util_actionability|paper_align|Qwen3-0.6B] step=245 epoch=1.2137

                                                 

 40%|████      | 245/606 [08:18<11:07,  1.85s/it]2026-09-20 21:22:53,085 INFO [rev_util_actionability|paper_align|Qwen3-0.6B] step=245 epoch=1.2137

                                                 

 40%|████      | 245/606 [08:19<11:07,  1.85s/it]2026-09-20 21:22:53,549 INFO [rev_util_actionability|paper_align|Qwen3-0.6B] step=245 epoch=1.2137

                                                 

 40%|████      | 245/606 [08:19<11:07,  1.85s/it]
 41%|████      | 246/606 [08:19<11:03,  1.84s/it]2026-09-20 21:22:54,055 INFO [rev_util_actionability|paper_align|Qwen3-0.6B] step=246 epoch=1.2186

                                                 

 41%|████      | 246/606 [08:20<11:03,  1.84s/it]2026-09-20 21:22:54,526 INFO [rev_util_actionability|paper_align|Qwen3-0.6B] step=246 epoch=1.2186

                                                 

 41%|████      | 246/606 [08:20<11:03,  1.84s/it]2026-09-20 21:22:54,994 INFO [rev_util_actionability|paper_align|Qwen3-0.6B] step=246 epoch=1.2186

                                                 

 41%|████      | 246/606 [08:21<11:03,  1.84s/it]2026-09-20 21:22:55,460 INFO [rev_util_actionability|paper_align|Qwen3-0.6B] step=246 epoch=1.2186

                                                 

 41%|████      | 246/606 [08:21<11:03,  1.84s/it]
 41%|████      | 247/606 [08:21<11:08,  1.86s/it]2026-09-20 21:22:55,960 INFO [rev_util_actionability|paper_align|Qwen3-0.6B] step=247 epoch=1.2236

                                                 

 41%|████      | 247/606 [08:22<11:08,  1.86s/it]2026-09-20 21:22:56,426 INFO [rev_util_actionability|paper_align|Qwen3-0.6B] step=247 epoch=1.2236

                                                 

 41%|████      | 247/606 [08:22<11:08,  1.86s/it]2026-09-20 21:22:56,901 INFO [rev_util_actionability|paper_align|Qwen3-0.6B] step=247 epoch=1.2236

                                                 

 41%|████      | 247/606 [08:23<11:08,  1.86s/it]2026-09-20 21:22:57,373 INFO [rev_util_actionability|paper_align|Qwen3-0.6B] step=247 epoch=1.2236

                                                 

 41%|████      | 247/606 [08:23<11:08,  1.86s/it]
 41%|████      | 248/606 [08:23<11:12,  1.88s/it]2026-09-20 21:22:57,896 INFO [rev_util_actionability|paper_align|Qwen3-0.6B] step=248 epoch=1.2286

                                                 

 41%|████      | 248/606 [08:24<11:12,  1.88s/it]2026-09-20 21:22:58,445 INFO [rev_util_actionability|paper_align|Qwen3-0.6B] step=248 epoch=1.2286

                                                 

 41%|████      | 248/606 [08:24<11:12,  1.88s/it]2026-09-20 21:22:58,994 INFO [rev_util_actionability|paper_align|Qwen3-0.6B] step=248 epoch=1.2286

                                                 

 41%|████      | 248/606 [08:25<11:12,  1.88s/it]2026-09-20 21:22:59,553 INFO [rev_util_actionability|paper_align|Qwen3-0.6B] step=248 epoch=1.2286

                                                 

 41%|████      | 248/606 [08:25<11:12,  1.88s/it]
 41%|████      | 249/606 [08:26<11:48,  1.99s/it]2026-09-20 21:23:00,144 INFO [rev_util_actionability|paper_align|Qwen3-0.6B] step=249 epoch=1.2335

                                                 

 41%|████      | 249/606 [08:26<11:48,  1.99s/it]2026-09-20 21:23:00,700 INFO [rev_util_actionability|paper_align|Qwen3-0.6B] step=249 epoch=1.2335

                                                 

 41%|████      | 249/606 [08:26<11:48,  1.99s/it]2026-09-20 21:23:01,371 INFO [rev_util_actionability|paper_align|Qwen3-0.6B] step=249 epoch=1.2335

                                                 

 41%|████      | 249/606 [08:27<11:48,  1.99s/it]2026-09-20 21:23:01,834 INFO [rev_util_actionability|paper_align|Qwen3-0.6B] step=249 epoch=1.2335

                                                 

 41%|████      | 249/606 [08:27<11:48,  1.99s/it]
 41%|████▏     | 250/606 [08:28<12:12,  2.06s/it]2026-09-20 21:23:02,161 INFO [rev_util_actionability|paper_align|Qwen3-0.6B] step=250 loss=1.8981 learning_rate=0.0001 epoch=1.2385

                                                 

 41%|████▏     | 250/606 [08:28<12:12,  2.06s/it]2026-09-20 21:23:02,339 INFO [rev_util_actionability|paper_align|Qwen3-0.6B] step=250 epoch=1.2385

                                                 

 41%|████▏     | 250/606 [08:28<12:12,  2.06s/it]2026-09-20 21:23:02,797 INFO [rev_util_actionability|paper_align|Qwen3-0.6B] step=250 epoch=1.2385

                                                 

 41%|████▏     | 250/606 [08:28<12:12,  2.06s/it]2026-09-20 21:23:03,262 INFO [rev_util_actionability|paper_align|Qwen3-0.6B] step=250 epoch=1.2385

                                                 

 41%|████▏     | 250/606 [08:29<12:12,  2.06s/it]2026-09-20 21:23:03,723 INFO [rev_util_actionability|paper_align|Qwen3-0.6B] step=250 epoch=1.2385

                                                 

 41%|████▏     | 250/606 [08:29<12:12,  2.06s/it]
 41%|████▏     | 251/606 [08:30<11:52,  2.01s/it]2026-09-20 21:23:04,230 INFO [rev_util_actionability|paper_align|Qwen3-0.6B] step=251 epoch=1.2435

                                                 

 41%|████▏     | 251/606 [08:30<11:52,  2.01s/it]2026-09-20 21:23:04,694 INFO [rev_util_actionability|paper_align|Qwen3-0.6B] step=251 epoch=1.2435

                                                 

 41%|████▏     | 251/606 [08:30<11:52,  2.01s/it]2026-09-20 21:23:05,160 INFO [rev_util_actionability|paper_align|Qwen3-0.6B] step=251 epoch=1.2435

                                                 

 41%|████▏     | 251/606 [08:31<11:52,  2.01s/it]2026-09-20 21:23:05,627 INFO [rev_util_actionability|paper_align|Qwen3-0.6B] step=251 epoch=1.2435

                                                 

 41%|████▏     | 251/606 [08:31<11:52,  2.01s/it]
 42%|████▏     | 252/606 [08:32<11:38,  1.97s/it]2026-09-20 21:23:06,127 INFO [rev_util_actionability|paper_align|Qwen3-0.6B] step=252 epoch=1.2484

                                                 

 42%|████▏     | 252/606 [08:32<11:38,  1.97s/it]2026-09-20 21:23:06,592 INFO [rev_util_actionability|paper_align|Qwen3-0.6B] step=252 epoch=1.2484

                                                 

 42%|████▏     | 252/606 [08:32<11:38,  1.97s/it]2026-09-20 21:23:07,058 INFO [rev_util_actionability|paper_align|Qwen3-0.6B] step=252 epoch=1.2484

                                                 

 42%|████▏     | 252/606 [08:33<11:38,  1.97s/it]2026-09-20 21:23:07,522 INFO [rev_util_actionability|paper_align|Qwen3-0.6B] step=252 epoch=1.2484

                                                 

 42%|████▏     | 252/606 [08:33<11:38,  1.97s/it]
 42%|████▏     | 253/606 [08:33<11:28,  1.95s/it]2026-09-20 21:23:08,024 INFO [rev_util_actionability|paper_align|Qwen3-0.6B] step=253 epoch=1.2534

                                                 

 42%|████▏     | 253/606 [08:34<11:28,  1.95s/it]2026-09-20 21:23:08,487 INFO [rev_util_actionability|paper_align|Qwen3-0.6B] step=253 epoch=1.2534

                                                 

 42%|████▏     | 253/606 [08:34<11:28,  1.95s/it]2026-09-20 21:23:08,949 INFO [rev_util_actionability|paper_align|Qwen3-0.6B] step=253 epoch=1.2534

                                                 

 42%|████▏     | 253/606 [08:35<11:28,  1.95s/it]2026-09-20 21:23:09,414 INFO [rev_util_actionability|paper_align|Qwen3-0.6B] step=253 epoch=1.2534

                                                 

 42%|████▏     | 253/606 [08:35<11:28,  1.95s/it]
 42%|████▏     | 254/606 [08:35<11:20,  1.93s/it]2026-09-20 21:23:09,914 INFO [rev_util_actionability|paper_align|Qwen3-0.6B] step=254 epoch=1.2584

                                                 

 42%|████▏     | 254/606 [08:36<11:20,  1.93s/it]2026-09-20 21:23:10,375 INFO [rev_util_actionability|paper_align|Qwen3-0.6B] step=254 epoch=1.2584

                                                 

 42%|████▏     | 254/606 [08:36<11:20,  1.93s/it]2026-09-20 21:23:11,014 INFO [rev_util_actionability|paper_align|Qwen3-0.6B] step=254 epoch=1.2584

                                                 

 42%|████▏     | 254/606 [08:37<11:20,  1.93s/it]2026-09-20 21:23:11,493 INFO [rev_util_actionability|paper_align|Qwen3-0.6B] step=254 epoch=1.2584

                                                 

 42%|████▏     | 254/606 [08:37<11:20,  1.93s/it]
 42%|████▏     | 255/606 [08:37<11:33,  1.98s/it]2026-09-20 21:23:11,986 INFO [rev_util_actionability|paper_align|Qwen3-0.6B] step=255 epoch=1.2634

                                                 

 42%|████▏     | 255/606 [08:38<11:33,  1.98s/it]2026-09-20 21:23:12,451 INFO [rev_util_actionability|paper_align|Qwen3-0.6B] step=255 epoch=1.2634

                                                 

 42%|████▏     | 255/606 [08:38<11:33,  1.98s/it]2026-09-20 21:23:12,917 INFO [rev_util_actionability|paper_align|Qwen3-0.6B] step=255 epoch=1.2634

                                                 

 42%|████▏     | 255/606 [08:39<11:33,  1.98s/it]2026-09-20 21:23:13,385 INFO [rev_util_actionability|paper_align|Qwen3-0.6B] step=255 epoch=1.2634

                                                 

 42%|████▏     | 255/606 [08:39<11:33,  1.98s/it]
 42%|████▏     | 256/606 [08:39<11:23,  1.95s/it]2026-09-20 21:23:13,887 INFO [rev_util_actionability|paper_align|Qwen3-0.6B] step=256 epoch=1.2683

                                                 

 42%|████▏     | 256/606 [08:40<11:23,  1.95s/it]2026-09-20 21:23:14,349 INFO [rev_util_actionability|paper_align|Qwen3-0.6B] step=256 epoch=1.2683

                                                 

 42%|████▏     | 256/606 [08:40<11:23,  1.95s/it]2026-09-20 21:23:14,810 INFO [rev_util_actionability|paper_align|Qwen3-0.6B] step=256 epoch=1.2683

                                                 

 42%|████▏     | 256/606 [08:40<11:23,  1.95s/it]2026-09-20 21:23:15,272 INFO [rev_util_actionability|paper_align|Qwen3-0.6B] step=256 epoch=1.2683

                                                 

 42%|████▏     | 256/606 [08:41<11:23,  1.95s/it]
 42%|████▏     | 257/606 [08:41<11:14,  1.93s/it]2026-09-20 21:23:15,772 INFO [rev_util_actionability|paper_align|Qwen3-0.6B] step=257 epoch=1.2733

                                                 

 42%|████▏     | 257/606 [08:41<11:14,  1.93s/it]2026-09-20 21:23:16,237 INFO [rev_util_actionability|paper_align|Qwen3-0.6B] step=257 epoch=1.2733

                                                 

 42%|████▏     | 257/606 [08:42<11:14,  1.93s/it]2026-09-20 21:23:16,703 INFO [rev_util_actionability|paper_align|Qwen3-0.6B] step=257 epoch=1.2733

                                                 

 42%|████▏     | 257/606 [08:42<11:14,  1.93s/it]2026-09-20 21:23:17,165 INFO [rev_util_actionability|paper_align|Qwen3-0.6B] step=257 epoch=1.2733

                                                 

 42%|████▏     | 257/606 [08:43<11:14,  1.93s/it]
 43%|████▎     | 258/606 [08:43<11:08,  1.92s/it]2026-09-20 21:23:17,666 INFO [rev_util_actionability|paper_align|Qwen3-0.6B] step=258 epoch=1.2783

                                                 

 43%|████▎     | 258/606 [08:43<11:08,  1.92s/it]2026-09-20 21:23:18,127 INFO [rev_util_actionability|paper_align|Qwen3-0.6B] step=258 epoch=1.2783

                                                 

 43%|████▎     | 258/606 [08:44<11:08,  1.92s/it]2026-09-20 21:23:18,594 INFO [rev_util_actionability|paper_align|Qwen3-0.6B] step=258 epoch=1.2783

                                                 

 43%|████▎     | 258/606 [08:44<11:08,  1.92s/it]2026-09-20 21:23:19,065 INFO [rev_util_actionability|paper_align|Qwen3-0.6B] step=258 epoch=1.2783

                                                 

 43%|████▎     | 258/606 [08:45<11:08,  1.92s/it]
 43%|████▎     | 259/606 [08:45<11:05,  1.92s/it]2026-09-20 21:23:19,580 INFO [rev_util_actionability|paper_align|Qwen3-0.6B] step=259 epoch=1.2832

                                                 

 43%|████▎     | 259/606 [08:45<11:05,  1.92s/it]2026-09-20 21:23:20,045 INFO [rev_util_actionability|paper_align|Qwen3-0.6B] step=259 epoch=1.2832

                                                 

 43%|████▎     | 259/606 [08:46<11:05,  1.92s/it]2026-09-20 21:23:20,730 INFO [rev_util_actionability|paper_align|Qwen3-0.6B] step=259 epoch=1.2832

                                                 

 43%|████▎     | 259/606 [08:46<11:05,  1.92s/it]2026-09-20 21:23:21,197 INFO [rev_util_actionability|paper_align|Qwen3-0.6B] step=259 epoch=1.2832

                                                 

 43%|████▎     | 259/606 [08:47<11:05,  1.92s/it]
 43%|████▎     | 260/606 [08:47<11:24,  1.98s/it]2026-09-20 21:23:21,523 INFO [rev_util_actionability|paper_align|Qwen3-0.6B] step=260 loss=1.8343 learning_rate=0.0001 epoch=1.2882

                                                 

 43%|████▎     | 260/606 [08:47<11:24,  1.98s/it]2026-09-20 21:23:21,700 INFO [rev_util_actionability|paper_align|Qwen3-0.6B] step=260 epoch=1.2882

                                                 

 43%|████▎     | 260/606 [08:47<11:24,  1.98s/it]2026-09-20 21:23:22,155 INFO [rev_util_actionability|paper_align|Qwen3-0.6B] step=260 epoch=1.2882

                                                 

 43%|████▎     | 260/606 [08:48<11:24,  1.98s/it]2026-09-20 21:23:22,624 INFO [rev_util_actionability|paper_align|Qwen3-0.6B] step=260 epoch=1.2882

                                                 

 43%|████▎     | 260/606 [08:48<11:24,  1.98s/it]2026-09-20 21:23:23,089 INFO [rev_util_actionability|paper_align|Qwen3-0.6B] step=260 epoch=1.2882

                                                 

 43%|████▎     | 260/606 [08:49<11:24,  1.98s/it]
 43%|████▎     | 261/606 [08:49<11:14,  1.95s/it]2026-09-20 21:23:23,597 INFO [rev_util_actionability|paper_align|Qwen3-0.6B] step=261 epoch=1.2932

                                                 

 43%|████▎     | 261/606 [08:49<11:14,  1.95s/it]2026-09-20 21:23:24,061 INFO [rev_util_actionability|paper_align|Qwen3-0.6B] step=261 epoch=1.2932

                                                 

 43%|████▎     | 261/606 [08:50<11:14,  1.95s/it]2026-09-20 21:23:24,517 INFO [rev_util_actionability|paper_align|Qwen3-0.6B] step=261 epoch=1.2932

                                                 

 43%|████▎     | 261/606 [08:50<11:14,  1.95s/it]2026-09-20 21:23:24,981 INFO [rev_util_actionability|paper_align|Qwen3-0.6B] step=261 epoch=1.2932

                                                 

 43%|████▎     | 261/606 [08:51<11:14,  1.95s/it]
 43%|████▎     | 262/606 [08:51<11:05,  1.93s/it]2026-09-20 21:23:25,479 INFO [rev_util_actionability|paper_align|Qwen3-0.6B] step=262 epoch=1.2981

                                                 

 43%|████▎     | 262/606 [08:51<11:05,  1.93s/it]2026-09-20 21:23:25,937 INFO [rev_util_actionability|paper_align|Qwen3-0.6B] step=262 epoch=1.2981

                                                 

 43%|████▎     | 262/606 [08:52<11:05,  1.93s/it]2026-09-20 21:23:26,394 INFO [rev_util_actionability|paper_align|Qwen3-0.6B] step=262 epoch=1.2981

                                                 

 43%|████▎     | 262/606 [08:52<11:05,  1.93s/it]2026-09-20 21:23:26,859 INFO [rev_util_actionability|paper_align|Qwen3-0.6B] step=262 epoch=1.2981

                                                 

 43%|████▎     | 262/606 [08:52<11:05,  1.93s/it]
 43%|████▎     | 263/606 [08:53<10:57,  1.92s/it]2026-09-20 21:23:27,357 INFO [rev_util_actionability|paper_align|Qwen3-0.6B] step=263 epoch=1.3031

                                                 

 43%|████▎     | 263/606 [08:53<10:57,  1.92s/it]2026-09-20 21:23:27,829 INFO [rev_util_actionability|paper_align|Qwen3-0.6B] step=263 epoch=1.3031

                                                 

 43%|████▎     | 263/606 [08:53<10:57,  1.92s/it]2026-09-20 21:23:28,292 INFO [rev_util_actionability|paper_align|Qwen3-0.6B] step=263 epoch=1.3031

                                                 

 43%|████▎     | 263/606 [08:54<10:57,  1.92s/it]2026-09-20 21:23:28,776 INFO [rev_util_actionability|paper_align|Qwen3-0.6B] step=263 epoch=1.3031

                                                 

 43%|████▎     | 263/606 [08:54<10:57,  1.92s/it]
 44%|████▎     | 264/606 [08:55<10:55,  1.92s/it]2026-09-20 21:23:29,280 INFO [rev_util_actionability|paper_align|Qwen3-0.6B] step=264 epoch=1.3081

                                                 

 44%|████▎     | 264/606 [08:55<10:55,  1.92s/it]2026-09-20 21:23:29,739 INFO [rev_util_actionability|paper_align|Qwen3-0.6B] step=264 epoch=1.3081

                                                 

 44%|████▎     | 264/606 [08:55<10:55,  1.92s/it]2026-09-20 21:23:30,207 INFO [rev_util_actionability|paper_align|Qwen3-0.6B] step=264 epoch=1.3081

                                                 

 44%|████▎     | 264/606 [08:56<10:55,  1.92s/it]2026-09-20 21:23:30,674 INFO [rev_util_actionability|paper_align|Qwen3-0.6B] step=264 epoch=1.3081

                                                 

 44%|████▎     | 264/606 [08:56<10:55,  1.92s/it]
 44%|████▎     | 265/606 [08:57<11:09,  1.96s/it]2026-09-20 21:23:31,352 INFO [rev_util_actionability|paper_align|Qwen3-0.6B] step=265 epoch=1.3130

                                                 

 44%|████▎     | 265/606 [08:57<11:09,  1.96s/it]2026-09-20 21:23:31,813 INFO [rev_util_actionability|paper_align|Qwen3-0.6B] step=265 epoch=1.3130

                                                 

 44%|████▎     | 265/606 [08:57<11:09,  1.96s/it]2026-09-20 21:23:32,275 INFO [rev_util_actionability|paper_align|Qwen3-0.6B] step=265 epoch=1.3130

                                                 
{'paper_align_label_loss': '0.07383', 'paper_align_reason_loss': '0.8859', 'epoch': '1.209'}
{'paper_align_label_loss': '0.0295', 'paper_align_reason_loss': '0.8436', 'epoch': '1.209'}
{'paper_align_label_loss': '0.1603', 'paper_align_reason_loss': '0.9592', 'epoch': '1.209'}
{'paper_align_label_loss': '0.02838', 'paper_align_reason_loss': '0.9765', 'epoch': '1.209'}
{'paper_align_label_loss': '0.2805', 'paper_align_reason_loss': '0.8742', 'epoch': '1.214'}
{'paper_align_label_loss': '0.1729', 'paper_align_reason_loss': '1.077', 'epoch': '1.214'}
{'paper_align_label_loss': '0.02868', 'paper_align_reason_loss': '0.6082', 'epoch': '1.214'}
{'paper_align_label_loss': '0.0195', 'paper_align_reason_loss': '0.7692', 'epoch': '1.214'}
{'paper_align_label_loss': '0.03896', 'paper_align_reason_loss': '1.13', 'epoch': '1.219'}
{'paper_align_label_loss': '0.00752', 'paper_align_reason_loss': '1.103', 'epoch': '1.219'}
{'paper_align_label_loss': '0.02965', 'paper_align_reason_loss': '0.9548', 'epoch': '1.219'}
{'paper_align_label_loss': '0.1038', 'paper_align_reason_loss': '0.9547', 'epoch': '1.219'}
{'paper_align_label_loss': '0.04824', 'paper_align_reason_loss': '0.965', 'epoch': '1.224'}
{'paper_align_label_loss': '0.01517', 'paper_align_reason_loss': '0.8726', 'epoch': '1.224'}
{'paper_align_label_loss': '0.0006682', 'paper_align_reason_loss': '0.7922', 'epoch': '1.224'}
{'paper_align_label_loss': '0.004041', 'paper_align_reason_loss': '0.7144', 'epoch': '1.224'}
{'paper_align_label_loss': '0.02015', 'paper_align_reason_loss': '0.953', 'epoch': '1.229'}
{'paper_align_label_loss': '0.08452', 'paper_align_reason_loss': '0.8658', 'epoch': '1.229'}
{'paper_align_label_loss': '0.01163', 'paper_align_reason_loss': '0.8344', 'epoch': '1.229'}
{'paper_align_label_loss': '0.0609', 'paper_align_reason_loss': '0.9784', 'epoch': '1.229'}
{'paper_align_label_loss': '0.00912', 'paper_align_reason_loss': '1.296', 'epoch': '1.234'}
{'paper_align_label_loss': '0.0009747', 'paper_align_reason_loss': '1.134', 'epoch': '1.234'}
{'paper_align_label_loss': '0.1049', 'paper_align_reason_loss': '0.7849', 'epoch': '1.234'}
{'paper_align_label_loss': '0.003568', 'paper_align_reason_loss': '0.7894', 'epoch': '1.234'}
{'loss': '1.898', 'grad_norm': '3.378', 'learning_rate': '6.667e-05', 'epoch': '1.239'}
{'paper_align_label_loss': '0.0295', 'paper_align_reason_loss': '0.9996', 'epoch': '1.239'}
{'paper_align_label_loss': '0.01429', 'paper_align_reason_loss': '1.217', 'epoch': '1.239'}
{'paper_align_label_loss': '0.007608', 'paper_align_reason_loss': '0.8154', 'epoch': '1.239'}
{'paper_align_label_loss': '0.1805', 'paper_align_reason_loss': '0.7382', 'epoch': '1.239'}
{'paper_align_label_loss': '0.1916', 'paper_align_reason_loss': '0.9001', 'epoch': '1.243'}
{'paper_align_label_loss': '0.02219', 'paper_align_reason_loss': '0.8916', 'epoch': '1.243'}
{'paper_align_label_loss': '0.006839', 'paper_align_reason_loss': '0.9375', 'epoch': '1.243'}
{'paper_align_label_loss': '0.05138', 'paper_align_reason_loss': '0.9739', 'epoch': '1.243'}
{'paper_align_label_loss': '0.01168', 'paper_align_reason_loss': '0.9028', 'epoch': '1.248'}
{'paper_align_label_loss': '0.1137', 'paper_align_reason_loss': '1.119', 'epoch': '1.248'}
{'paper_align_label_loss': '0.02131', 'paper_align_reason_loss': '0.9116', 'epoch': '1.248'}
{'paper_align_label_loss': '0.008587', 'paper_align_reason_loss': '0.8626', 'epoch': '1.248'}
{'paper_align_label_loss': '0.01179', 'paper_align_reason_loss': '0.8226', 'epoch': '1.253'}
{'paper_align_label_loss': '0.009673', 'paper_align_reason_loss': '0.8293', 'epoch': '1.253'}
{'paper_align_label_loss': '0.09805', 'paper_align_reason_loss': '0.7601', 'epoch': '1.253'}
{'paper_align_label_loss': '0.01316', 'paper_align_reason_loss': '0.7094', 'epoch': '1.253'}
{'paper_align_label_loss': '0.006816', 'paper_align_reason_loss': '0.8295', 'epoch': '1.258'}
{'paper_align_label_loss': '0.004685', 'paper_align_reason_loss': '0.6363', 'epoch': '1.258'}
{'paper_align_label_loss': '0.176', 'paper_align_reason_loss': '0.7253', 'epoch': '1.258'}
{'paper_align_label_loss': '0.001628', 'paper_align_reason_loss': '0.7758', 'epoch': '1.258'}
{'paper_align_label_loss': '0.007611', 'paper_align_reason_loss': '0.9327', 'epoch': '1.263'}
{'paper_align_label_loss': '0.0456', 'paper_align_reason_loss': '0.751', 'epoch': '1.263'}
{'paper_align_label_loss': '0.2098', 'paper_align_reason_loss': '0.6864', 'epoch': '1.263'}
{'paper_align_label_loss': '0.02636', 'paper_align_reason_loss': '0.8517', 'epoch': '1.263'}
{'paper_align_label_loss': '0.007604', 'paper_align_reason_loss': '0.7399', 'epoch': '1.268'}
{'paper_align_label_loss': '0.1998', 'paper_align_reason_loss': '1.024', 'epoch': '1.268'}
{'paper_align_label_loss': '0.02179', 'paper_align_reason_loss': '0.6975', 'epoch': '1.268'}
{'paper_align_label_loss': '0.002191', 'paper_align_reason_loss': '0.8362', 'epoch': '1.268'}
{'paper_align_label_loss': '0.007429', 'paper_align_reason_loss': '0.7572', 'epoch': '1.273'}
{'paper_align_label_loss': '0.03281', 'paper_align_reason_loss': '0.7165', 'epoch': '1.273'}
{'paper_align_label_loss': '0.1201', 'paper_align_reason_loss': '0.9022', 'epoch': '1.273'}
{'paper_align_label_loss': '0.02', 'paper_align_reason_loss': '0.8315', 'epoch': '1.273'}
{'paper_align_label_loss': '0.1644', 'paper_align_reason_loss': '0.8406', 'epoch': '1.278'}
{'paper_align_label_loss': '0.008449', 'paper_align_reason_loss': '0.9623', 'epoch': '1.278'}
{'paper_align_label_loss': '0.3635', 'paper_align_reason_loss': '1.083', 'epoch': '1.278'}
{'paper_align_label_loss': '0.1698', 'paper_align_reason_loss': '0.7616', 'epoch': '1.278'}
{'paper_align_label_loss': '0.08769', 'paper_align_reason_loss': '0.9394', 'epoch': '1.283'}
{'paper_align_label_loss': '0.01329', 'paper_align_reason_loss': '0.9325', 'epoch': '1.283'}
{'paper_align_label_loss': '0.007425', 'paper_align_reason_loss': '0.6971', 'epoch': '1.283'}
{'paper_align_label_loss': '0.001091', 'paper_align_reason_loss': '0.8879', 'epoch': '1.283'}
{'loss': '1.834', 'grad_norm': '3.803', 'learning_rate': '6.412e-05', 'epoch': '1.288'}
{'paper_align_label_loss': '0.05685', 'paper_align_reason_loss': '0.7374', 'epoch': '1.288'}
{'paper_align_label_loss': '0.002395', 'paper_align_reason_loss': '0.5467', 'epoch': '1.288'}
{'paper_align_label_loss': '0.09434', 'paper_align_reason_loss': '0.881', 'epoch': '1.288'}
{'paper_align_label_loss': '0.002525', 'paper_align_reason_loss': '0.7859', 'epoch': '1.288'}
{'paper_align_label_loss': '0.0713', 'paper_align_reason_loss': '0.991', 'epoch': '1.293'}
{'paper_align_label_loss': '0.0005088', 'paper_align_reason_loss': '0.8953', 'epoch': '1.293'}
{'paper_align_label_loss': '0.02443', 'paper_align_reason_loss': '1.193', 'epoch': '1.293'}
{'paper_align_label_loss': '0.03453', 'paper_align_reason_loss': '0.747', 'epoch': '1.293'}
{'paper_align_label_loss': '0.002617', 'paper_align_reason_loss': '0.7982', 'epoch': '1.298'}
{'paper_align_label_loss': '0.1674', 'paper_align_reason_loss': '0.8644', 'epoch': '1.298'}
{'paper_align_label_loss': '0.1517', 'paper_align_reason_loss': '0.8017', 'epoch': '1.298'}
{'paper_align_label_loss': '0.0006346', 'paper_align_reason_loss': '0.6209', 'epoch': '1.298'}
{'paper_align_label_loss': '0.07751', 'paper_align_reason_loss': '0.8422', 'epoch': '1.303'}
{'paper_align_label_loss': '0.2619', 'paper_align_reason_loss': '1.053', 'epoch': '1.303'}
{'paper_align_label_loss': '0.09058', 'paper_align_reason_loss': '0.9345', 'epoch': '1.303'}
{'paper_align_label_loss': '0.01002', 'paper_align_reason_loss': '0.6772', 'epoch': '1.303'}
{'paper_align_label_loss': '0.04597', 'paper_align_reason_loss': '0.8392', 'epoch': '1.308'}
{'paper_align_label_loss': '0.01467', 'paper_align_reason_loss': '0.768', 'epoch': '1.308'}
{'paper_align_label_loss': '0.3668', 'paper_align_reason_loss': '0.9159', 'epoch': '1.308'}
{'paper_align_label_loss': '0.4849', 'paper_align_reason_loss': '1.095', 'epoch': '1.308'}
{'paper_align_label_loss': '0.2135', 'paper_align_reason_loss': '0.9079', 'epoch': '1.313'}
{'paper_align_label_loss': '0.1221', 'paper_align_reason_loss': '0.9539', 'epoch': '1.313'}

 44%|████▎     | 265/606 [08:58<11:09,  1.96s/it]2026-09-20 21:23:32,742 INFO [rev_util_actionability|paper_align|Qwen3-0.6B] step=265 epoch=1.3130

                                                 

 44%|████▎     | 265/606 [08:58<11:09,  1.96s/it]
 44%|████▍     | 266/606 [08:59<11:01,  1.95s/it]2026-09-20 21:23:33,256 INFO [rev_util_actionability|paper_align|Qwen3-0.6B] step=266 epoch=1.3180

                                                 

 44%|████▍     | 266/606 [08:59<11:01,  1.95s/it]2026-09-20 21:23:33,713 INFO [rev_util_actionability|paper_align|Qwen3-0.6B] step=266 epoch=1.3180

                                                 

 44%|████▍     | 266/606 [08:59<11:01,  1.95s/it]2026-09-20 21:23:34,169 INFO [rev_util_actionability|paper_align|Qwen3-0.6B] step=266 epoch=1.3180

                                                 

 44%|████▍     | 266/606 [09:00<11:01,  1.95s/it]2026-09-20 21:23:34,646 INFO [rev_util_actionability|paper_align|Qwen3-0.6B] step=266 epoch=1.3180

                                                 

 44%|████▍     | 266/606 [09:00<11:01,  1.95s/it]
 44%|████▍     | 267/606 [09:01<10:53,  1.93s/it]2026-09-20 21:23:35,147 INFO [rev_util_actionability|paper_align|Qwen3-0.6B] step=267 epoch=1.3230

                                                 

 44%|████▍     | 267/606 [09:01<10:53,  1.93s/it]2026-09-20 21:23:35,615 INFO [rev_util_actionability|paper_align|Qwen3-0.6B] step=267 epoch=1.3230

                                                 

 44%|████▍     | 267/606 [09:01<10:53,  1.93s/it]2026-09-20 21:23:36,086 INFO [rev_util_actionability|paper_align|Qwen3-0.6B] step=267 epoch=1.3230

                                                 

 44%|████▍     | 267/606 [09:02<10:53,  1.93s/it]2026-09-20 21:23:36,555 INFO [rev_util_actionability|paper_align|Qwen3-0.6B] step=267 epoch=1.3230

                                                 

 44%|████▍     | 267/606 [09:02<10:53,  1.93s/it]
 44%|████▍     | 268/606 [09:02<10:50,  1.92s/it]2026-09-20 21:23:37,065 INFO [rev_util_actionability|paper_align|Qwen3-0.6B] step=268 epoch=1.3280

                                                 

 44%|████▍     | 268/606 [09:03<10:50,  1.92s/it]2026-09-20 21:23:37,532 INFO [rev_util_actionability|paper_align|Qwen3-0.6B] step=268 epoch=1.3280

                                                 

 44%|████▍     | 268/606 [09:03<10:50,  1.92s/it]2026-09-20 21:23:38,001 INFO [rev_util_actionability|paper_align|Qwen3-0.6B] step=268 epoch=1.3280

                                                 

 44%|████▍     | 268/606 [09:04<10:50,  1.92s/it]2026-09-20 21:23:38,464 INFO [rev_util_actionability|paper_align|Qwen3-0.6B] step=268 epoch=1.3280

                                                 

 44%|████▍     | 268/606 [09:04<10:50,  1.92s/it]
 44%|████▍     | 269/606 [09:04<10:46,  1.92s/it]2026-09-20 21:23:38,963 INFO [rev_util_actionability|paper_align|Qwen3-0.6B] step=269 epoch=1.3329

                                                 

 44%|████▍     | 269/606 [09:05<10:46,  1.92s/it]2026-09-20 21:23:39,425 INFO [rev_util_actionability|paper_align|Qwen3-0.6B] step=269 epoch=1.3329

                                                 

 44%|████▍     | 269/606 [09:05<10:46,  1.92s/it]2026-09-20 21:23:39,890 INFO [rev_util_actionability|paper_align|Qwen3-0.6B] step=269 epoch=1.3329

                                                 

 44%|████▍     | 269/606 [09:06<10:46,  1.92s/it]2026-09-20 21:23:40,350 INFO [rev_util_actionability|paper_align|Qwen3-0.6B] step=269 epoch=1.3329

                                                 

 44%|████▍     | 269/606 [09:06<10:46,  1.92s/it]
 45%|████▍     | 270/606 [09:06<10:41,  1.91s/it]2026-09-20 21:23:40,673 INFO [rev_util_actionability|paper_align|Qwen3-0.6B] step=270 loss=1.8796 learning_rate=0.0001 epoch=1.3379

                                                 

 45%|████▍     | 270/606 [09:06<10:41,  1.91s/it]2026-09-20 21:23:40,852 INFO [rev_util_actionability|paper_align|Qwen3-0.6B] step=270 epoch=1.3379

                                                 

 45%|████▍     | 270/606 [09:06<10:41,  1.91s/it]2026-09-20 21:23:41,482 INFO [rev_util_actionability|paper_align|Qwen3-0.6B] step=270 epoch=1.3379

                                                 

 45%|████▍     | 270/606 [09:07<10:41,  1.91s/it]2026-09-20 21:23:41,968 INFO [rev_util_actionability|paper_align|Qwen3-0.6B] step=270 epoch=1.3379

                                                 

 45%|████▍     | 270/606 [09:08<10:41,  1.91s/it]2026-09-20 21:23:42,432 INFO [rev_util_actionability|paper_align|Qwen3-0.6B] step=270 epoch=1.3379

                                                 

 45%|████▍     | 270/606 [09:08<10:41,  1.91s/it]
 45%|████▍     | 271/606 [09:08<10:58,  1.97s/it]2026-09-20 21:23:42,948 INFO [rev_util_actionability|paper_align|Qwen3-0.6B] step=271 epoch=1.3429

                                                 

 45%|████▍     | 271/606 [09:09<10:58,  1.97s/it]2026-09-20 21:23:43,412 INFO [rev_util_actionability|paper_align|Qwen3-0.6B] step=271 epoch=1.3429

                                                 

 45%|████▍     | 271/606 [09:09<10:58,  1.97s/it]2026-09-20 21:23:43,885 INFO [rev_util_actionability|paper_align|Qwen3-0.6B] step=271 epoch=1.3429

                                                 

 45%|████▍     | 271/606 [09:10<10:58,  1.97s/it]2026-09-20 21:23:44,344 INFO [rev_util_actionability|paper_align|Qwen3-0.6B] step=271 epoch=1.3429

                                                 

 45%|████▍     | 271/606 [09:10<10:58,  1.97s/it]
 45%|████▍     | 272/606 [09:10<10:51,  1.95s/it]2026-09-20 21:23:44,868 INFO [rev_util_actionability|paper_align|Qwen3-0.6B] step=272 epoch=1.3478

                                                 

 45%|████▍     | 272/606 [09:10<10:51,  1.95s/it]2026-09-20 21:23:45,336 INFO [rev_util_actionability|paper_align|Qwen3-0.6B] step=272 epoch=1.3478

                                                 

 45%|████▍     | 272/606 [09:11<10:51,  1.95s/it]2026-09-20 21:23:45,804 INFO [rev_util_actionability|paper_align|Qwen3-0.6B] step=272 epoch=1.3478

                                                 

 45%|████▍     | 272/606 [09:11<10:51,  1.95s/it]2026-09-20 21:23:46,269 INFO [rev_util_actionability|paper_align|Qwen3-0.6B] step=272 epoch=1.3478

                                                 

 45%|████▍     | 272/606 [09:12<10:51,  1.95s/it]
 45%|████▌     | 273/606 [09:12<10:45,  1.94s/it]2026-09-20 21:23:46,775 INFO [rev_util_actionability|paper_align|Qwen3-0.6B] step=273 epoch=1.3528

                                                 

 45%|████▌     | 273/606 [09:12<10:45,  1.94s/it]2026-09-20 21:23:47,239 INFO [rev_util_actionability|paper_align|Qwen3-0.6B] step=273 epoch=1.3528

                                                 

 45%|████▌     | 273/606 [09:13<10:45,  1.94s/it]2026-09-20 21:23:47,705 INFO [rev_util_actionability|paper_align|Qwen3-0.6B] step=273 epoch=1.3528

                                                 

 45%|████▌     | 273/606 [09:13<10:45,  1.94s/it]2026-09-20 21:23:48,172 INFO [rev_util_actionability|paper_align|Qwen3-0.6B] step=273 epoch=1.3528

                                                 

 45%|████▌     | 273/606 [09:14<10:45,  1.94s/it]
 45%|████▌     | 274/606 [09:14<10:39,  1.93s/it]2026-09-20 21:23:48,672 INFO [rev_util_actionability|paper_align|Qwen3-0.6B] step=274 epoch=1.3578

                                                 

 45%|████▌     | 274/606 [09:14<10:39,  1.93s/it]2026-09-20 21:23:49,137 INFO [rev_util_actionability|paper_align|Qwen3-0.6B] step=274 epoch=1.3578

                                                 

 45%|████▌     | 274/606 [09:15<10:39,  1.93s/it]2026-09-20 21:23:49,605 INFO [rev_util_actionability|paper_align|Qwen3-0.6B] step=274 epoch=1.3578

                                                 

 45%|████▌     | 274/606 [09:15<10:39,  1.93s/it]2026-09-20 21:23:50,069 INFO [rev_util_actionability|paper_align|Qwen3-0.6B] step=274 epoch=1.3578

                                                 

 45%|████▌     | 274/606 [09:16<10:39,  1.93s/it]
 45%|████▌     | 275/606 [09:16<10:35,  1.92s/it]2026-09-20 21:23:50,765 INFO [rev_util_actionability|paper_align|Qwen3-0.6B] step=275 epoch=1.3627

                                                 

 45%|████▌     | 275/606 [09:16<10:35,  1.92s/it]2026-09-20 21:23:51,228 INFO [rev_util_actionability|paper_align|Qwen3-0.6B] step=275 epoch=1.3627

                                                 

 45%|████▌     | 275/606 [09:17<10:35,  1.92s/it]2026-09-20 21:23:51,699 INFO [rev_util_actionability|paper_align|Qwen3-0.6B] step=275 epoch=1.3627

                                                 

 45%|████▌     | 275/606 [09:17<10:35,  1.92s/it]2026-09-20 21:23:52,164 INFO [rev_util_actionability|paper_align|Qwen3-0.6B] step=275 epoch=1.3627

                                                 

 45%|████▌     | 275/606 [09:18<10:35,  1.92s/it]
 46%|████▌     | 276/606 [09:18<10:49,  1.97s/it]2026-09-20 21:23:52,657 INFO [rev_util_actionability|paper_align|Qwen3-0.6B] step=276 epoch=1.3677

                                                 

 46%|████▌     | 276/606 [09:18<10:49,  1.97s/it]2026-09-20 21:23:53,120 INFO [rev_util_actionability|paper_align|Qwen3-0.6B] step=276 epoch=1.3677

                                                 

 46%|████▌     | 276/606 [09:19<10:49,  1.97s/it]2026-09-20 21:23:53,588 INFO [rev_util_actionability|paper_align|Qwen3-0.6B] step=276 epoch=1.3677

                                                 

 46%|████▌     | 276/606 [09:19<10:49,  1.97s/it]2026-09-20 21:23:54,050 INFO [rev_util_actionability|paper_align|Qwen3-0.6B] step=276 epoch=1.3677

                                                 

 46%|████▌     | 276/606 [09:20<10:49,  1.97s/it]
 46%|████▌     | 277/606 [09:20<10:39,  1.95s/it]2026-09-20 21:23:54,546 INFO [rev_util_actionability|paper_align|Qwen3-0.6B] step=277 epoch=1.3727

                                                 

 46%|████▌     | 277/606 [09:20<10:39,  1.95s/it]2026-09-20 21:23:55,010 INFO [rev_util_actionability|paper_align|Qwen3-0.6B] step=277 epoch=1.3727

                                                 

 46%|████▌     | 277/606 [09:21<10:39,  1.95s/it]2026-09-20 21:23:55,478 INFO [rev_util_actionability|paper_align|Qwen3-0.6B] step=277 epoch=1.3727

                                                 

 46%|████▌     | 277/606 [09:21<10:39,  1.95s/it]2026-09-20 21:23:55,935 INFO [rev_util_actionability|paper_align|Qwen3-0.6B] step=277 epoch=1.3727

                                                 

 46%|████▌     | 277/606 [09:22<10:39,  1.95s/it]
 46%|████▌     | 278/606 [09:22<10:32,  1.93s/it]2026-09-20 21:23:56,439 INFO [rev_util_actionability|paper_align|Qwen3-0.6B] step=278 epoch=1.3776

                                                 

 46%|████▌     | 278/606 [09:22<10:32,  1.93s/it]2026-09-20 21:23:56,901 INFO [rev_util_actionability|paper_align|Qwen3-0.6B] step=278 epoch=1.3776

                                                 

 46%|████▌     | 278/606 [09:23<10:32,  1.93s/it]2026-09-20 21:23:57,365 INFO [rev_util_actionability|paper_align|Qwen3-0.6B] step=278 epoch=1.3776

                                                 

 46%|████▌     | 278/606 [09:23<10:32,  1.93s/it]2026-09-20 21:23:57,830 INFO [rev_util_actionability|paper_align|Qwen3-0.6B] step=278 epoch=1.3776

                                                 

 46%|████▌     | 278/606 [09:23<10:32,  1.93s/it]
 46%|████▌     | 279/606 [09:24<10:27,  1.92s/it]2026-09-20 21:23:58,339 INFO [rev_util_actionability|paper_align|Qwen3-0.6B] step=279 epoch=1.3826

                                                 

 46%|████▌     | 279/606 [09:24<10:27,  1.92s/it]2026-09-20 21:23:58,821 INFO [rev_util_actionability|paper_align|Qwen3-0.6B] step=279 epoch=1.3826

                                                 

 46%|████▌     | 279/606 [09:24<10:27,  1.92s/it]2026-09-20 21:23:59,282 INFO [rev_util_actionability|paper_align|Qwen3-0.6B] step=279 epoch=1.3826

                                                 

 46%|████▌     | 279/606 [09:25<10:27,  1.92s/it]2026-09-20 21:23:59,748 INFO [rev_util_actionability|paper_align|Qwen3-0.6B] step=279 epoch=1.3826

                                                 

 46%|████▌     | 279/606 [09:25<10:27,  1.92s/it]
 46%|████▌     | 280/606 [09:26<10:24,  1.92s/it]2026-09-20 21:24:00,068 INFO [rev_util_actionability|paper_align|Qwen3-0.6B] step=280 loss=1.8987 learning_rate=0.0001 epoch=1.3876

                                                 

 46%|████▌     | 280/606 [09:26<10:24,  1.92s/it]2026-09-20 21:24:00,245 INFO [rev_util_actionability|paper_align|Qwen3-0.6B] step=280 epoch=1.3876

                                                 

 46%|████▌     | 280/606 [09:26<10:24,  1.92s/it]2026-09-20 21:24:00,869 INFO [rev_util_actionability|paper_align|Qwen3-0.6B] step=280 epoch=1.3876

                                                 

 46%|████▌     | 280/606 [09:26<10:24,  1.92s/it]2026-09-20 21:24:01,337 INFO [rev_util_actionability|paper_align|Qwen3-0.6B] step=280 epoch=1.3876

                                                 

 46%|████▌     | 280/606 [09:27<10:24,  1.92s/it]2026-09-20 21:24:01,803 INFO [rev_util_actionability|paper_align|Qwen3-0.6B] step=280 epoch=1.3876

                                                 

 46%|████▌     | 280/606 [09:27<10:24,  1.92s/it]
 46%|████▋     | 281/606 [09:28<10:37,  1.96s/it]2026-09-20 21:24:02,309 INFO [rev_util_actionability|paper_align|Qwen3-0.6B] step=281 epoch=1.3925

                                                 

 46%|████▋     | 281/606 [09:28<10:37,  1.96s/it]2026-09-20 21:24:02,765 INFO [rev_util_actionability|paper_align|Qwen3-0.6B] step=281 epoch=1.3925

                                                 

 46%|████▋     | 281/606 [09:28<10:37,  1.96s/it]2026-09-20 21:24:03,265 INFO [rev_util_actionability|paper_align|Qwen3-0.6B] step=281 epoch=1.3925

                                                 

 46%|████▋     | 281/606 [09:29<10:37,  1.96s/it]2026-09-20 21:24:03,727 INFO [rev_util_actionability|paper_align|Qwen3-0.6B] step=281 epoch=1.3925

                                                 

 46%|████▋     | 281/606 [09:29<10:37,  1.96s/it]
 47%|████▋     | 282/606 [09:30<10:31,  1.95s/it]2026-09-20 21:24:04,233 INFO [rev_util_actionability|paper_align|Qwen3-0.6B] step=282 epoch=1.3975

                                                 

 47%|████▋     | 282/606 [09:30<10:31,  1.95s/it]2026-09-20 21:24:04,697 INFO [rev_util_actionability|paper_align|Qwen3-0.6B] step=282 epoch=1.3975

                                                 

 47%|████▋     | 282/606 [09:30<10:31,  1.95s/it]2026-09-20 21:24:05,158 INFO [rev_util_actionability|paper_align|Qwen3-0.6B] step=282 epoch=1.3975

                                                 

 47%|████▋     | 282/606 [09:31<10:31,  1.95s/it]2026-09-20 21:24:05,622 INFO [rev_util_actionability|paper_align|Qwen3-0.6B] step=282 epoch=1.3975

                                                 

 47%|████▋     | 282/606 [09:31<10:31,  1.95s/it]
 47%|████▋     | 283/606 [09:32<10:23,  1.93s/it]2026-09-20 21:24:06,116 INFO [rev_util_actionability|paper_align|Qwen3-0.6B] step=283 epoch=1.4025

                                                 

 47%|████▋     | 283/606 [09:32<10:23,  1.93s/it]2026-09-20 21:24:06,580 INFO [rev_util_actionability|paper_align|Qwen3-0.6B] step=283 epoch=1.4025

                                                 

 47%|████▋     | 283/606 [09:32<10:23,  1.93s/it]2026-09-20 21:24:07,035 INFO [rev_util_actionability|paper_align|Qwen3-0.6B] step=283 epoch=1.4025

                                                 

 47%|████▋     | 283/606 [09:33<10:23,  1.93s/it]2026-09-20 21:24:07,503 INFO [rev_util_actionability|paper_align|Qwen3-0.6B] step=283 epoch=1.4025

                                                 

 47%|████▋     | 283/606 [09:33<10:23,  1.93s/it]
 47%|████▋     | 284/606 [09:33<10:17,  1.92s/it]2026-09-20 21:24:08,003 INFO [rev_util_actionability|paper_align|Qwen3-0.6B] step=284 epoch=1.4075

                                                 

 47%|████▋     | 284/606 [09:34<10:17,  1.92s/it]2026-09-20 21:24:08,461 INFO [rev_util_actionability|paper_align|Qwen3-0.6B] step=284 epoch=1.4075

                                                 

 47%|████▋     | 284/606 [09:34<10:17,  1.92s/it]2026-09-20 21:24:08,921 INFO [rev_util_actionability|paper_align|Qwen3-0.6B] step=284 epoch=1.4075

                                                 

 47%|████▋     | 284/606 [09:35<10:17,  1.92s/it]2026-09-20 21:24:09,374 INFO [rev_util_actionability|paper_align|Qwen3-0.6B] step=284 epoch=1.4075

                                                 

 47%|████▋     | 284/606 [09:35<10:17,  1.92s/it]
 47%|████▋     | 285/606 [09:35<10:10,  1.90s/it]2026-09-20 21:24:09,875 INFO [rev_util_actionability|paper_align|Qwen3-0.6B] step=285 epoch=1.4124

                                                 

 47%|████▋     | 285/606 [09:35<10:10,  1.90s/it]2026-09-20 21:24:10,495 INFO [rev_util_actionability|paper_align|Qwen3-0.6B] step=285 epoch=1.4124

                                                 

 47%|████▋     | 285/606 [09:36<10:10,  1.90s/it]2026-09-20 21:24:10,961 INFO [rev_util_actionability|paper_align|Qwen3-0.6B] step=285 epoch=1.4124

                                                 

 47%|████▋     | 285/606 [09:37<10:10,  1.90s/it]2026-09-20 21:24:11,430 INFO [rev_util_actionability|paper_align|Qwen3-0.6B] step=285 epoch=1.4124

                                                 

 47%|████▋     | 285/606 [09:37<10:10,  1.90s/it]
 47%|████▋     | 286/606 [09:37<10:23,  1.95s/it]2026-09-20 21:24:11,933 INFO [rev_util_actionability|paper_align|Qwen3-0.6B] step=286 epoch=1.4174

                                                 

 47%|████▋     | 286/606 [09:38<10:23,  1.95s/it]2026-09-20 21:24:12,404 INFO [rev_util_actionability|paper_align|Qwen3-0.6B] step=286 epoch=1.4174

                                                 

 47%|████▋     | 286/606 [09:38<10:23,  1.95s/it]2026-09-20 21:24:12,869 INFO [rev_util_actionability|paper_align|Qwen3-0.6B] step=286 epoch=1.4174

                                                 

 47%|████▋     | 286/606 [09:38<10:23,  1.95s/it]2026-09-20 21:24:13,328 INFO [rev_util_actionability|paper_align|Qwen3-0.6B] step=286 epoch=1.4174

                                                 

 47%|████▋     | 286/606 [09:39<10:23,  1.95s/it]
 47%|████▋     | 287/606 [09:39<10:16,  1.93s/it]2026-09-20 21:24:13,820 INFO [rev_util_actionability|paper_align|Qwen3-0.6B] step=287 epoch=1.4224

                                                 
{'paper_align_label_loss': '0.006557', 'paper_align_reason_loss': '0.8157', 'epoch': '1.313'}
{'paper_align_label_loss': '0.1279', 'paper_align_reason_loss': '0.6754', 'epoch': '1.313'}
{'paper_align_label_loss': '0.06906', 'paper_align_reason_loss': '0.931', 'epoch': '1.318'}
{'paper_align_label_loss': '0.1487', 'paper_align_reason_loss': '0.8531', 'epoch': '1.318'}
{'paper_align_label_loss': '0.2517', 'paper_align_reason_loss': '0.6124', 'epoch': '1.318'}
{'paper_align_label_loss': '0.03551', 'paper_align_reason_loss': '0.8663', 'epoch': '1.318'}
{'paper_align_label_loss': '0.02501', 'paper_align_reason_loss': '0.8912', 'epoch': '1.323'}
{'paper_align_label_loss': '0.04979', 'paper_align_reason_loss': '1.095', 'epoch': '1.323'}
{'paper_align_label_loss': '0.0398', 'paper_align_reason_loss': '0.8954', 'epoch': '1.323'}
{'paper_align_label_loss': '0.05867', 'paper_align_reason_loss': '0.7709', 'epoch': '1.323'}
{'paper_align_label_loss': '0.002279', 'paper_align_reason_loss': '0.894', 'epoch': '1.328'}
{'paper_align_label_loss': '0.008145', 'paper_align_reason_loss': '0.6479', 'epoch': '1.328'}
{'paper_align_label_loss': '0.01525', 'paper_align_reason_loss': '1.044', 'epoch': '1.328'}
{'paper_align_label_loss': '0.1047', 'paper_align_reason_loss': '0.9413', 'epoch': '1.328'}
{'paper_align_label_loss': '0.1291', 'paper_align_reason_loss': '0.8985', 'epoch': '1.333'}
{'paper_align_label_loss': '0.01929', 'paper_align_reason_loss': '0.7252', 'epoch': '1.333'}
{'paper_align_label_loss': '0.009733', 'paper_align_reason_loss': '0.8974', 'epoch': '1.333'}
{'paper_align_label_loss': '0.03516', 'paper_align_reason_loss': '0.8548', 'epoch': '1.333'}
{'loss': '1.88', 'grad_norm': '3.528', 'learning_rate': '6.154e-05', 'epoch': '1.338'}
{'paper_align_label_loss': '0.09618', 'paper_align_reason_loss': '0.8', 'epoch': '1.338'}
{'paper_align_label_loss': '0.06284', 'paper_align_reason_loss': '0.8821', 'epoch': '1.338'}
{'paper_align_label_loss': '0.09403', 'paper_align_reason_loss': '0.7635', 'epoch': '1.338'}
{'paper_align_label_loss': '0.007966', 'paper_align_reason_loss': '0.6222', 'epoch': '1.338'}
{'paper_align_label_loss': '0.03811', 'paper_align_reason_loss': '0.5631', 'epoch': '1.343'}
{'paper_align_label_loss': '0.01265', 'paper_align_reason_loss': '0.8604', 'epoch': '1.343'}
{'paper_align_label_loss': '0.07696', 'paper_align_reason_loss': '0.9227', 'epoch': '1.343'}
{'paper_align_label_loss': '0.03055', 'paper_align_reason_loss': '0.634', 'epoch': '1.343'}
{'paper_align_label_loss': '0.0005673', 'paper_align_reason_loss': '1.005', 'epoch': '1.348'}
{'paper_align_label_loss': '0.4518', 'paper_align_reason_loss': '1.119', 'epoch': '1.348'}
{'paper_align_label_loss': '0.007746', 'paper_align_reason_loss': '0.8898', 'epoch': '1.348'}
{'paper_align_label_loss': '0.3472', 'paper_align_reason_loss': '0.9801', 'epoch': '1.348'}
{'paper_align_label_loss': '0.3685', 'paper_align_reason_loss': '0.9438', 'epoch': '1.353'}
{'paper_align_label_loss': '0.1213', 'paper_align_reason_loss': '0.9127', 'epoch': '1.353'}
{'paper_align_label_loss': '0.03814', 'paper_align_reason_loss': '0.9284', 'epoch': '1.353'}
{'paper_align_label_loss': '0.1608', 'paper_align_reason_loss': '1.013', 'epoch': '1.353'}
{'paper_align_label_loss': '0.0199', 'paper_align_reason_loss': '0.801', 'epoch': '1.358'}
{'paper_align_label_loss': '0.02392', 'paper_align_reason_loss': '0.7913', 'epoch': '1.358'}
{'paper_align_label_loss': '0.245', 'paper_align_reason_loss': '1.086', 'epoch': '1.358'}
{'paper_align_label_loss': '0.1707', 'paper_align_reason_loss': '1.052', 'epoch': '1.358'}
{'paper_align_label_loss': '0.1264', 'paper_align_reason_loss': '0.7037', 'epoch': '1.363'}
{'paper_align_label_loss': '0.03672', 'paper_align_reason_loss': '0.7563', 'epoch': '1.363'}
{'paper_align_label_loss': '0.02035', 'paper_align_reason_loss': '0.6724', 'epoch': '1.363'}
{'paper_align_label_loss': '0.007315', 'paper_align_reason_loss': '0.6125', 'epoch': '1.363'}
{'paper_align_label_loss': '0.04492', 'paper_align_reason_loss': '0.9423', 'epoch': '1.368'}
{'paper_align_label_loss': '0.02391', 'paper_align_reason_loss': '1.095', 'epoch': '1.368'}
{'paper_align_label_loss': '0.1378', 'paper_align_reason_loss': '1.024', 'epoch': '1.368'}
{'paper_align_label_loss': '0.01395', 'paper_align_reason_loss': '0.8124', 'epoch': '1.368'}
{'paper_align_label_loss': '0.02198', 'paper_align_reason_loss': '0.5231', 'epoch': '1.373'}
{'paper_align_label_loss': '0.02944', 'paper_align_reason_loss': '1.06', 'epoch': '1.373'}
{'paper_align_label_loss': '0.02217', 'paper_align_reason_loss': '0.7544', 'epoch': '1.373'}
{'paper_align_label_loss': '0.0219', 'paper_align_reason_loss': '0.695', 'epoch': '1.373'}
{'paper_align_label_loss': '0.0182', 'paper_align_reason_loss': '0.9588', 'epoch': '1.378'}
{'paper_align_label_loss': '0.03735', 'paper_align_reason_loss': '0.7562', 'epoch': '1.378'}
{'paper_align_label_loss': '0.05784', 'paper_align_reason_loss': '0.9221', 'epoch': '1.378'}
{'paper_align_label_loss': '0.5494', 'paper_align_reason_loss': '0.9979', 'epoch': '1.378'}
{'paper_align_label_loss': '0.05988', 'paper_align_reason_loss': '0.9328', 'epoch': '1.383'}
{'paper_align_label_loss': '0.1504', 'paper_align_reason_loss': '0.8466', 'epoch': '1.383'}
{'paper_align_label_loss': '0.02366', 'paper_align_reason_loss': '0.8051', 'epoch': '1.383'}
{'paper_align_label_loss': '0.06572', 'paper_align_reason_loss': '0.6902', 'epoch': '1.383'}
{'loss': '1.899', 'grad_norm': '4.305', 'learning_rate': '5.892e-05', 'epoch': '1.388'}
{'paper_align_label_loss': '0.02848', 'paper_align_reason_loss': '0.6051', 'epoch': '1.388'}
{'paper_align_label_loss': '0.04694', 'paper_align_reason_loss': '1.048', 'epoch': '1.388'}
{'paper_align_label_loss': '0.01324', 'paper_align_reason_loss': '0.8242', 'epoch': '1.388'}
{'paper_align_label_loss': '0.04359', 'paper_align_reason_loss': '0.764', 'epoch': '1.388'}
{'paper_align_label_loss': '0.1869', 'paper_align_reason_loss': '0.8923', 'epoch': '1.393'}
{'paper_align_label_loss': '0.0371', 'paper_align_reason_loss': '0.807', 'epoch': '1.393'}
{'paper_align_label_loss': '0.03354', 'paper_align_reason_loss': '0.7331', 'epoch': '1.393'}
{'paper_align_label_loss': '0.08245', 'paper_align_reason_loss': '0.8182', 'epoch': '1.393'}
{'paper_align_label_loss': '0.03358', 'paper_align_reason_loss': '0.7705', 'epoch': '1.398'}
{'paper_align_label_loss': '0.03278', 'paper_align_reason_loss': '0.9372', 'epoch': '1.398'}
{'paper_align_label_loss': '0.01146', 'paper_align_reason_loss': '0.6454', 'epoch': '1.398'}
{'paper_align_label_loss': '0.01775', 'paper_align_reason_loss': '0.896', 'epoch': '1.398'}
{'paper_align_label_loss': '0.05486', 'paper_align_reason_loss': '0.8894', 'epoch': '1.402'}
{'paper_align_label_loss': '0.01684', 'paper_align_reason_loss': '0.8044', 'epoch': '1.402'}
{'paper_align_label_loss': '0.02768', 'paper_align_reason_loss': '1.064', 'epoch': '1.402'}
{'paper_align_label_loss': '0.04451', 'paper_align_reason_loss': '0.6832', 'epoch': '1.402'}
{'paper_align_label_loss': '0.1645', 'paper_align_reason_loss': '0.7728', 'epoch': '1.407'}
{'paper_align_label_loss': '0.02221', 'paper_align_reason_loss': '0.7864', 'epoch': '1.407'}
{'paper_align_label_loss': '0.02576', 'paper_align_reason_loss': '0.7126', 'epoch': '1.407'}
{'paper_align_label_loss': '0.0565', 'paper_align_reason_loss': '0.6249', 'epoch': '1.407'}
{'paper_align_label_loss': '0.005634', 'paper_align_reason_loss': '0.9094', 'epoch': '1.412'}
{'paper_align_label_loss': '0.08448', 'paper_align_reason_loss': '0.6963', 'epoch': '1.412'}
{'paper_align_label_loss': '0.01354', 'paper_align_reason_loss': '0.6048', 'epoch': '1.412'}
{'paper_align_label_loss': '0.07685', 'paper_align_reason_loss': '0.8832', 'epoch': '1.412'}
{'paper_align_label_loss': '0.1088', 'paper_align_reason_loss': '0.8703', 'epoch': '1.417'}
{'paper_align_label_loss': '0.007801', 'paper_align_reason_loss': '1.046', 'epoch': '1.417'}
{'paper_align_label_loss': '0.08649', 'paper_align_reason_loss': '0.8066', 'epoch': '1.417'}
{'paper_align_label_loss': '0.04104', 'paper_align_reason_loss': '0.9982', 'epoch': '1.417'}

 47%|████▋     | 287/606 [09:39<10:16,  1.93s/it]2026-09-20 21:24:14,285 INFO [rev_util_actionability|paper_align|Qwen3-0.6B] step=287 epoch=1.4224

                                                 

 47%|████▋     | 287/606 [09:40<10:16,  1.93s/it]2026-09-20 21:24:14,747 INFO [rev_util_actionability|paper_align|Qwen3-0.6B] step=287 epoch=1.4224

                                                 

 47%|████▋     | 287/606 [09:40<10:16,  1.93s/it]2026-09-20 21:24:15,212 INFO [rev_util_actionability|paper_align|Qwen3-0.6B] step=287 epoch=1.4224

                                                 

 47%|████▋     | 287/606 [09:41<10:16,  1.93s/it]
 48%|████▊     | 288/606 [09:41<10:10,  1.92s/it]2026-09-20 21:24:15,713 INFO [rev_util_actionability|paper_align|Qwen3-0.6B] step=288 epoch=1.4273

                                                 

 48%|████▊     | 288/606 [09:41<10:10,  1.92s/it]2026-09-20 21:24:16,171 INFO [rev_util_actionability|paper_align|Qwen3-0.6B] step=288 epoch=1.4273

                                                 

 48%|████▊     | 288/606 [09:42<10:10,  1.92s/it]2026-09-20 21:24:16,634 INFO [rev_util_actionability|paper_align|Qwen3-0.6B] step=288 epoch=1.4273

                                                 

 48%|████▊     | 288/606 [09:42<10:10,  1.92s/it]2026-09-20 21:24:17,106 INFO [rev_util_actionability|paper_align|Qwen3-0.6B] step=288 epoch=1.4273

                                                 

 48%|████▊     | 288/606 [09:43<10:10,  1.92s/it]
 48%|████▊     | 289/606 [09:43<10:06,  1.91s/it]2026-09-20 21:24:17,609 INFO [rev_util_actionability|paper_align|Qwen3-0.6B] step=289 epoch=1.4323

                                                 

 48%|████▊     | 289/606 [09:43<10:06,  1.91s/it]2026-09-20 21:24:18,074 INFO [rev_util_actionability|paper_align|Qwen3-0.6B] step=289 epoch=1.4323

                                                 

 48%|████▊     | 289/606 [09:44<10:06,  1.91s/it]2026-09-20 21:24:18,540 INFO [rev_util_actionability|paper_align|Qwen3-0.6B] step=289 epoch=1.4323

                                                 

 48%|████▊     | 289/606 [09:44<10:06,  1.91s/it]2026-09-20 21:24:19,007 INFO [rev_util_actionability|paper_align|Qwen3-0.6B] step=289 epoch=1.4323

                                                 

 48%|████▊     | 289/606 [09:45<10:06,  1.91s/it]
 48%|████▊     | 290/606 [09:45<10:03,  1.91s/it]2026-09-20 21:24:19,333 INFO [rev_util_actionability|paper_align|Qwen3-0.6B] step=290 loss=1.8637 learning_rate=0.0001 epoch=1.4373

                                                 

 48%|████▊     | 290/606 [09:45<10:03,  1.91s/it]2026-09-20 21:24:19,513 INFO [rev_util_actionability|paper_align|Qwen3-0.6B] step=290 epoch=1.4373

                                                 

 48%|████▊     | 290/606 [09:45<10:03,  1.91s/it]2026-09-20 21:24:20,149 INFO [rev_util_actionability|paper_align|Qwen3-0.6B] step=290 epoch=1.4373

                                                 

 48%|████▊     | 290/606 [09:46<10:03,  1.91s/it]2026-09-20 21:24:20,612 INFO [rev_util_actionability|paper_align|Qwen3-0.6B] step=290 epoch=1.4373

                                                 

 48%|████▊     | 290/606 [09:46<10:03,  1.91s/it]2026-09-20 21:24:21,072 INFO [rev_util_actionability|paper_align|Qwen3-0.6B] step=290 epoch=1.4373

                                                 

 48%|████▊     | 290/606 [09:47<10:03,  1.91s/it]
 48%|████▊     | 291/606 [09:47<10:15,  1.95s/it]2026-09-20 21:24:21,567 INFO [rev_util_actionability|paper_align|Qwen3-0.6B] step=291 epoch=1.4422

                                                 

 48%|████▊     | 291/606 [09:47<10:15,  1.95s/it]2026-09-20 21:24:22,030 INFO [rev_util_actionability|paper_align|Qwen3-0.6B] step=291 epoch=1.4422

                                                 

 48%|████▊     | 291/606 [09:48<10:15,  1.95s/it]2026-09-20 21:24:22,499 INFO [rev_util_actionability|paper_align|Qwen3-0.6B] step=291 epoch=1.4422

                                                 

 48%|████▊     | 291/606 [09:48<10:15,  1.95s/it]2026-09-20 21:24:22,964 INFO [rev_util_actionability|paper_align|Qwen3-0.6B] step=291 epoch=1.4422

                                                 

 48%|████▊     | 291/606 [09:49<10:15,  1.95s/it]
 48%|████▊     | 292/606 [09:49<10:08,  1.94s/it]2026-09-20 21:24:23,465 INFO [rev_util_actionability|paper_align|Qwen3-0.6B] step=292 epoch=1.4472

                                                 

 48%|████▊     | 292/606 [09:49<10:08,  1.94s/it]2026-09-20 21:24:23,935 INFO [rev_util_actionability|paper_align|Qwen3-0.6B] step=292 epoch=1.4472

                                                 

 48%|████▊     | 292/606 [09:50<10:08,  1.94s/it]2026-09-20 21:24:24,401 INFO [rev_util_actionability|paper_align|Qwen3-0.6B] step=292 epoch=1.4472

                                                 

 48%|████▊     | 292/606 [09:50<10:08,  1.94s/it]2026-09-20 21:24:24,861 INFO [rev_util_actionability|paper_align|Qwen3-0.6B] step=292 epoch=1.4472

                                                 

 48%|████▊     | 292/606 [09:50<10:08,  1.94s/it]
 48%|████▊     | 293/606 [09:51<10:02,  1.92s/it]2026-09-20 21:24:25,364 INFO [rev_util_actionability|paper_align|Qwen3-0.6B] step=293 epoch=1.4522

                                                 

 48%|████▊     | 293/606 [09:51<10:02,  1.92s/it]2026-09-20 21:24:25,827 INFO [rev_util_actionability|paper_align|Qwen3-0.6B] step=293 epoch=1.4522

                                                 

 48%|████▊     | 293/606 [09:51<10:02,  1.92s/it]2026-09-20 21:24:26,297 INFO [rev_util_actionability|paper_align|Qwen3-0.6B] step=293 epoch=1.4522

                                                 

 48%|████▊     | 293/606 [09:52<10:02,  1.92s/it]2026-09-20 21:24:26,763 INFO [rev_util_actionability|paper_align|Qwen3-0.6B] step=293 epoch=1.4522

                                                 

 48%|████▊     | 293/606 [09:52<10:02,  1.92s/it]
 49%|████▊     | 294/606 [09:53<09:58,  1.92s/it]2026-09-20 21:24:27,265 INFO [rev_util_actionability|paper_align|Qwen3-0.6B] step=294 epoch=1.4571

                                                 

 49%|████▊     | 294/606 [09:53<09:58,  1.92s/it]2026-09-20 21:24:27,730 INFO [rev_util_actionability|paper_align|Qwen3-0.6B] step=294 epoch=1.4571

                                                 

 49%|████▊     | 294/606 [09:53<09:58,  1.92s/it]2026-09-20 21:24:28,194 INFO [rev_util_actionability|paper_align|Qwen3-0.6B] step=294 epoch=1.4571

                                                 

 49%|████▊     | 294/606 [09:54<09:58,  1.92s/it]2026-09-20 21:24:28,657 INFO [rev_util_actionability|paper_align|Qwen3-0.6B] step=294 epoch=1.4571

                                                 

 49%|████▊     | 294/606 [09:54<09:58,  1.92s/it]
 49%|████▊     | 295/606 [09:55<09:53,  1.91s/it]2026-09-20 21:24:29,148 INFO [rev_util_actionability|paper_align|Qwen3-0.6B] step=295 epoch=1.4621

                                                 

 49%|████▊     | 295/606 [09:55<09:53,  1.91s/it]2026-09-20 21:24:29,779 INFO [rev_util_actionability|paper_align|Qwen3-0.6B] step=295 epoch=1.4621

                                                 

 49%|████▊     | 295/606 [09:55<09:53,  1.91s/it]2026-09-20 21:24:30,243 INFO [rev_util_actionability|paper_align|Qwen3-0.6B] step=295 epoch=1.4621

                                                 

 49%|████▊     | 295/606 [09:56<09:53,  1.91s/it]2026-09-20 21:24:30,710 INFO [rev_util_actionability|paper_align|Qwen3-0.6B] step=295 epoch=1.4621

                                                 

 49%|████▊     | 295/606 [09:56<09:53,  1.91s/it]
 49%|████▉     | 296/606 [09:57<10:05,  1.95s/it]2026-09-20 21:24:31,211 INFO [rev_util_actionability|paper_align|Qwen3-0.6B] step=296 epoch=1.4671

                                                 

 49%|████▉     | 296/606 [09:57<10:05,  1.95s/it]2026-09-20 21:24:31,664 INFO [rev_util_actionability|paper_align|Qwen3-0.6B] step=296 epoch=1.4671

                                                 

 49%|████▉     | 296/606 [09:57<10:05,  1.95s/it]2026-09-20 21:24:32,137 INFO [rev_util_actionability|paper_align|Qwen3-0.6B] step=296 epoch=1.4671

                                                 

 49%|████▉     | 296/606 [09:58<10:05,  1.95s/it]2026-09-20 21:24:32,607 INFO [rev_util_actionability|paper_align|Qwen3-0.6B] step=296 epoch=1.4671

                                                 

 49%|████▉     | 296/606 [09:58<10:05,  1.95s/it]
 49%|████▉     | 297/606 [09:59<09:58,  1.94s/it]2026-09-20 21:24:33,109 INFO [rev_util_actionability|paper_align|Qwen3-0.6B] step=297 epoch=1.4720

                                                 

 49%|████▉     | 297/606 [09:59<09:58,  1.94s/it]2026-09-20 21:24:33,571 INFO [rev_util_actionability|paper_align|Qwen3-0.6B] step=297 epoch=1.4720

                                                 

 49%|████▉     | 297/606 [09:59<09:58,  1.94s/it]2026-09-20 21:24:34,033 INFO [rev_util_actionability|paper_align|Qwen3-0.6B] step=297 epoch=1.4720

                                                 

 49%|████▉     | 297/606 [10:00<09:58,  1.94s/it]2026-09-20 21:24:34,497 INFO [rev_util_actionability|paper_align|Qwen3-0.6B] step=297 epoch=1.4720

                                                 

 49%|████▉     | 297/606 [10:00<09:58,  1.94s/it]
 49%|████▉     | 298/606 [10:00<09:51,  1.92s/it]2026-09-20 21:24:34,994 INFO [rev_util_actionability|paper_align|Qwen3-0.6B] step=298 epoch=1.4770

                                                 

 49%|████▉     | 298/606 [10:01<09:51,  1.92s/it]2026-09-20 21:24:35,459 INFO [rev_util_actionability|paper_align|Qwen3-0.6B] step=298 epoch=1.4770

                                                 

 49%|████▉     | 298/606 [10:01<09:51,  1.92s/it]2026-09-20 21:24:35,918 INFO [rev_util_actionability|paper_align|Qwen3-0.6B] step=298 epoch=1.4770

                                                 

 49%|████▉     | 298/606 [10:02<09:51,  1.92s/it]2026-09-20 21:24:36,416 INFO [rev_util_actionability|paper_align|Qwen3-0.6B] step=298 epoch=1.4770

                                                 

 49%|████▉     | 298/606 [10:02<09:51,  1.92s/it]
 49%|████▉     | 299/606 [10:02<09:55,  1.94s/it]2026-09-20 21:24:37,012 INFO [rev_util_actionability|paper_align|Qwen3-0.6B] step=299 epoch=1.4820

                                                 

 49%|████▉     | 299/606 [10:03<09:55,  1.94s/it]2026-09-20 21:24:37,555 INFO [rev_util_actionability|paper_align|Qwen3-0.6B] step=299 epoch=1.4820

                                                 

 49%|████▉     | 299/606 [10:03<09:55,  1.94s/it]2026-09-20 21:24:38,112 INFO [rev_util_actionability|paper_align|Qwen3-0.6B] step=299 epoch=1.4820

                                                 

 49%|████▉     | 299/606 [10:04<09:55,  1.94s/it]2026-09-20 21:24:38,740 INFO [rev_util_actionability|paper_align|Qwen3-0.6B] step=299 epoch=1.4820

                                                 

 49%|████▉     | 299/606 [10:04<09:55,  1.94s/it]
 50%|████▉     | 300/606 [10:05<10:29,  2.06s/it]2026-09-20 21:24:39,126 INFO [rev_util_actionability|paper_align|Qwen3-0.6B] step=300 loss=1.8386 learning_rate=0.0001 epoch=1.4870

                                                 

 50%|████▉     | 300/606 [10:05<10:29,  2.06s/it]2026-09-20 21:24:39,340 INFO [rev_util_actionability|paper_align|Qwen3-0.6B] step=300 epoch=1.4870

                                                 

 50%|████▉     | 300/606 [10:05<10:29,  2.06s/it]2026-09-20 21:24:39,877 INFO [rev_util_actionability|paper_align|Qwen3-0.6B] step=300 epoch=1.4870

                                                 

 50%|████▉     | 300/606 [10:05<10:29,  2.06s/it]2026-09-20 21:24:40,537 INFO [rev_util_actionability|paper_align|Qwen3-0.6B] step=300 epoch=1.4870

                                                 

 50%|████▉     | 300/606 [10:06<10:29,  2.06s/it]2026-09-20 21:24:41,000 INFO [rev_util_actionability|paper_align|Qwen3-0.6B] step=300 epoch=1.4870

                                                 

 50%|████▉     | 300/606 [10:07<10:29,  2.06s/it]
 50%|████▉     | 301/606 [10:07<10:40,  2.10s/it]2026-09-20 21:24:41,505 INFO [rev_util_actionability|paper_align|Qwen3-0.6B] step=301 epoch=1.4919

                                                 

 50%|████▉     | 301/606 [10:07<10:40,  2.10s/it]2026-09-20 21:24:41,969 INFO [rev_util_actionability|paper_align|Qwen3-0.6B] step=301 epoch=1.4919

                                                 

 50%|████▉     | 301/606 [10:08<10:40,  2.10s/it]2026-09-20 21:24:42,436 INFO [rev_util_actionability|paper_align|Qwen3-0.6B] step=301 epoch=1.4919

                                                 

 50%|████▉     | 301/606 [10:08<10:40,  2.10s/it]2026-09-20 21:24:42,919 INFO [rev_util_actionability|paper_align|Qwen3-0.6B] step=301 epoch=1.4919

                                                 

 50%|████▉     | 301/606 [10:09<10:40,  2.10s/it]
 50%|████▉     | 302/606 [10:09<10:21,  2.05s/it]2026-09-20 21:24:43,421 INFO [rev_util_actionability|paper_align|Qwen3-0.6B] step=302 epoch=1.4969

                                                 

 50%|████▉     | 302/606 [10:09<10:21,  2.05s/it]2026-09-20 21:24:43,881 INFO [rev_util_actionability|paper_align|Qwen3-0.6B] step=302 epoch=1.4969

                                                 

 50%|████▉     | 302/606 [10:09<10:21,  2.05s/it]2026-09-20 21:24:44,347 INFO [rev_util_actionability|paper_align|Qwen3-0.6B] step=302 epoch=1.4969

                                                 

 50%|████▉     | 302/606 [10:10<10:21,  2.05s/it]2026-09-20 21:24:44,821 INFO [rev_util_actionability|paper_align|Qwen3-0.6B] step=302 epoch=1.4969

                                                 

 50%|████▉     | 302/606 [10:10<10:21,  2.05s/it]
 50%|█████     | 303/606 [10:11<10:06,  2.00s/it]2026-09-20 21:24:45,319 INFO [rev_util_actionability|paper_align|Qwen3-0.6B] step=303 epoch=1.5019

                                                 

 50%|█████     | 303/606 [10:11<10:06,  2.00s/it]2026-09-20 21:24:45,785 INFO [rev_util_actionability|paper_align|Qwen3-0.6B] step=303 epoch=1.5019

                                                 

 50%|█████     | 303/606 [10:11<10:06,  2.00s/it]2026-09-20 21:24:46,255 INFO [rev_util_actionability|paper_align|Qwen3-0.6B] step=303 epoch=1.5019

                                                 

 50%|█████     | 303/606 [10:12<10:06,  2.00s/it]2026-09-20 21:24:46,730 INFO [rev_util_actionability|paper_align|Qwen3-0.6B] step=303 epoch=1.5019

                                                 

 50%|█████     | 303/606 [10:12<10:06,  2.00s/it]
 50%|█████     | 304/606 [10:13<09:56,  1.98s/it]2026-09-20 21:24:47,239 INFO [rev_util_actionability|paper_align|Qwen3-0.6B] step=304 epoch=1.5068

                                                 

 50%|█████     | 304/606 [10:13<09:56,  1.98s/it]2026-09-20 21:24:47,704 INFO [rev_util_actionability|paper_align|Qwen3-0.6B] step=304 epoch=1.5068

                                                 

 50%|█████     | 304/606 [10:13<09:56,  1.98s/it]2026-09-20 21:24:48,169 INFO [rev_util_actionability|paper_align|Qwen3-0.6B] step=304 epoch=1.5068

                                                 

 50%|█████     | 304/606 [10:14<09:56,  1.98s/it]2026-09-20 21:24:48,639 INFO [rev_util_actionability|paper_align|Qwen3-0.6B] step=304 epoch=1.5068

                                                 

 50%|█████     | 304/606 [10:14<09:56,  1.98s/it]
 50%|█████     | 305/606 [10:15<09:48,  1.96s/it]2026-09-20 21:24:49,145 INFO [rev_util_actionability|paper_align|Qwen3-0.6B] step=305 epoch=1.5118

                                                 

 50%|█████     | 305/606 [10:15<09:48,  1.96s/it]2026-09-20 21:24:49,609 INFO [rev_util_actionability|paper_align|Qwen3-0.6B] step=305 epoch=1.5118

                                                 

 50%|█████     | 305/606 [10:15<09:48,  1.96s/it]2026-09-20 21:24:50,250 INFO [rev_util_actionability|paper_align|Qwen3-0.6B] step=305 epoch=1.5118

                                                 

 50%|█████     | 305/606 [10:16<09:48,  1.96s/it]2026-09-20 21:24:50,714 INFO [rev_util_actionability|paper_align|Qwen3-0.6B] step=305 epoch=1.5118

                                                 

 50%|█████     | 305/606 [10:16<09:48,  1.96s/it]
 50%|█████     | 306/606 [10:17<09:56,  1.99s/it]2026-09-20 21:24:51,217 INFO [rev_util_actionability|paper_align|Qwen3-0.6B] step=306 epoch=1.5168

                                                 

 50%|█████     | 306/606 [10:17<09:56,  1.99s/it]2026-09-20 21:24:51,683 INFO [rev_util_actionability|paper_align|Qwen3-0.6B] step=306 epoch=1.5168

                                                 

 50%|█████     | 306/606 [10:17<09:56,  1.99s/it]2026-09-20 21:24:52,151 INFO [rev_util_actionability|paper_align|Qwen3-0.6B] step=306 epoch=1.5168

                                                 

 50%|█████     | 306/606 [10:18<09:56,  1.99s/it]2026-09-20 21:24:52,629 INFO [rev_util_actionability|paper_align|Qwen3-0.6B] step=306 epoch=1.5168

                                                 

 50%|█████     | 306/606 [10:18<09:56,  1.99s/it]
 51%|█████     | 307/606 [10:19<09:48,  1.97s/it]2026-09-20 21:24:53,139 INFO [rev_util_actionability|paper_align|Qwen3-0.6B] step=307 epoch=1.5217

                                                 

 51%|█████     | 307/606 [10:19<09:48,  1.97s/it]2026-09-20 21:24:53,603 INFO [rev_util_actionability|paper_align|Qwen3-0.6B] step=307 epoch=1.5217

                                                 

 51%|█████     | 307/606 [10:19<09:48,  1.97s/it]2026-09-20 21:24:54,074 INFO [rev_util_actionability|paper_align|Qwen3-0.6B] step=307 epoch=1.5217

                                                 

 51%|█████     | 307/606 [10:20<09:48,  1.97s/it]2026-09-20 21:24:54,541 INFO [rev_util_actionability|paper_align|Qwen3-0.6B] step=307 epoch=1.5217

                                                 

 51%|█████     | 307/606 [10:20<09:48,  1.97s/it]
 51%|█████     | 308/606 [10:20<09:41,  1.95s/it]2026-09-20 21:24:55,048 INFO [rev_util_actionability|paper_align|Qwen3-0.6B] step=308 epoch=1.5267

                                                 

 51%|█████     | 308/606 [10:21<09:41,  1.95s/it]2026-09-20 21:24:55,518 INFO [rev_util_actionability|paper_align|Qwen3-0.6B] step=308 epoch=1.5267

                                                 

 51%|█████     | 308/606 [10:21<09:41,  1.95s/it]2026-09-20 21:24:55,983 INFO [rev_util_actionability|paper_align|Qwen3-0.6B] step=308 epoch=1.5267

                                                 
{'paper_align_label_loss': '0.1131', 'paper_align_reason_loss': '0.9023', 'epoch': '1.422'}
{'paper_align_label_loss': '0.1398', 'paper_align_reason_loss': '0.9028', 'epoch': '1.422'}
{'paper_align_label_loss': '0.02049', 'paper_align_reason_loss': '0.9468', 'epoch': '1.422'}
{'paper_align_label_loss': '0.05932', 'paper_align_reason_loss': '0.8846', 'epoch': '1.422'}
{'paper_align_label_loss': '0.005652', 'paper_align_reason_loss': '0.9502', 'epoch': '1.427'}
{'paper_align_label_loss': '0.006826', 'paper_align_reason_loss': '0.8619', 'epoch': '1.427'}
{'paper_align_label_loss': '0.2725', 'paper_align_reason_loss': '0.7163', 'epoch': '1.427'}
{'paper_align_label_loss': '0.002688', 'paper_align_reason_loss': '1.292', 'epoch': '1.427'}
{'paper_align_label_loss': '0.1553', 'paper_align_reason_loss': '1.05', 'epoch': '1.432'}
{'paper_align_label_loss': '0.06222', 'paper_align_reason_loss': '1.097', 'epoch': '1.432'}
{'paper_align_label_loss': '0.1445', 'paper_align_reason_loss': '1.15', 'epoch': '1.432'}
{'paper_align_label_loss': '0.1352', 'paper_align_reason_loss': '1.103', 'epoch': '1.432'}
{'loss': '1.864', 'grad_norm': '5.111', 'learning_rate': '5.627e-05', 'epoch': '1.437'}
{'paper_align_label_loss': '0.01224', 'paper_align_reason_loss': '0.7637', 'epoch': '1.437'}
{'paper_align_label_loss': '0.002123', 'paper_align_reason_loss': '0.8887', 'epoch': '1.437'}
{'paper_align_label_loss': '0.03526', 'paper_align_reason_loss': '0.5211', 'epoch': '1.437'}
{'paper_align_label_loss': '0.005667', 'paper_align_reason_loss': '0.8047', 'epoch': '1.437'}
{'paper_align_label_loss': '0.3328', 'paper_align_reason_loss': '0.7419', 'epoch': '1.442'}
{'paper_align_label_loss': '0.0422', 'paper_align_reason_loss': '0.6507', 'epoch': '1.442'}
{'paper_align_label_loss': '0.002932', 'paper_align_reason_loss': '0.9088', 'epoch': '1.442'}
{'paper_align_label_loss': '0.03334', 'paper_align_reason_loss': '0.7639', 'epoch': '1.442'}
{'paper_align_label_loss': '0.09697', 'paper_align_reason_loss': '1.001', 'epoch': '1.447'}
{'paper_align_label_loss': '0.01088', 'paper_align_reason_loss': '0.7448', 'epoch': '1.447'}
{'paper_align_label_loss': '0.03401', 'paper_align_reason_loss': '0.6104', 'epoch': '1.447'}
{'paper_align_label_loss': '0.4789', 'paper_align_reason_loss': '0.7371', 'epoch': '1.447'}
{'paper_align_label_loss': '0.1105', 'paper_align_reason_loss': '0.9176', 'epoch': '1.452'}
{'paper_align_label_loss': '0.1822', 'paper_align_reason_loss': '0.7639', 'epoch': '1.452'}
{'paper_align_label_loss': '0.02859', 'paper_align_reason_loss': '1.147', 'epoch': '1.452'}
{'paper_align_label_loss': '0.01326', 'paper_align_reason_loss': '0.8625', 'epoch': '1.452'}
{'paper_align_label_loss': '0.002983', 'paper_align_reason_loss': '0.8764', 'epoch': '1.457'}
{'paper_align_label_loss': '0.04401', 'paper_align_reason_loss': '1.045', 'epoch': '1.457'}
{'paper_align_label_loss': '0.353', 'paper_align_reason_loss': '0.8994', 'epoch': '1.457'}
{'paper_align_label_loss': '0.02254', 'paper_align_reason_loss': '0.8868', 'epoch': '1.457'}
{'paper_align_label_loss': '0.01587', 'paper_align_reason_loss': '0.6821', 'epoch': '1.462'}
{'paper_align_label_loss': '0.001606', 'paper_align_reason_loss': '0.668', 'epoch': '1.462'}
{'paper_align_label_loss': '0.01409', 'paper_align_reason_loss': '0.982', 'epoch': '1.462'}
{'paper_align_label_loss': '0.06928', 'paper_align_reason_loss': '0.9012', 'epoch': '1.462'}
{'paper_align_label_loss': '0.0131', 'paper_align_reason_loss': '0.8681', 'epoch': '1.467'}
{'paper_align_label_loss': '0.02578', 'paper_align_reason_loss': '0.8468', 'epoch': '1.467'}
{'paper_align_label_loss': '0.02234', 'paper_align_reason_loss': '1.117', 'epoch': '1.467'}
{'paper_align_label_loss': '0.02073', 'paper_align_reason_loss': '0.8701', 'epoch': '1.467'}
{'paper_align_label_loss': '0.2001', 'paper_align_reason_loss': '0.7241', 'epoch': '1.472'}
{'paper_align_label_loss': '0.1025', 'paper_align_reason_loss': '0.955', 'epoch': '1.472'}
{'paper_align_label_loss': '0.01499', 'paper_align_reason_loss': '0.7286', 'epoch': '1.472'}
{'paper_align_label_loss': '0.04301', 'paper_align_reason_loss': '0.6843', 'epoch': '1.472'}
{'paper_align_label_loss': '0.2026', 'paper_align_reason_loss': '0.9749', 'epoch': '1.477'}
{'paper_align_label_loss': '0.02737', 'paper_align_reason_loss': '0.8883', 'epoch': '1.477'}
{'paper_align_label_loss': '0.02649', 'paper_align_reason_loss': '0.8606', 'epoch': '1.477'}
{'paper_align_label_loss': '0.007774', 'paper_align_reason_loss': '0.7802', 'epoch': '1.477'}
{'paper_align_label_loss': '0.01022', 'paper_align_reason_loss': '1.124', 'epoch': '1.482'}
{'paper_align_label_loss': '0.008956', 'paper_align_reason_loss': '0.8727', 'epoch': '1.482'}
{'paper_align_label_loss': '0.06316', 'paper_align_reason_loss': '1.014', 'epoch': '1.482'}
{'paper_align_label_loss': '0.02586', 'paper_align_reason_loss': '0.9342', 'epoch': '1.482'}
{'loss': '1.839', 'grad_norm': '3.121', 'learning_rate': '5.361e-05', 'epoch': '1.487'}
{'paper_align_label_loss': '0.02359', 'paper_align_reason_loss': '1.178', 'epoch': '1.487'}
{'paper_align_label_loss': '0.03176', 'paper_align_reason_loss': '0.6281', 'epoch': '1.487'}
{'paper_align_label_loss': '0.3958', 'paper_align_reason_loss': '0.8257', 'epoch': '1.487'}
{'paper_align_label_loss': '0.1098', 'paper_align_reason_loss': '0.8933', 'epoch': '1.487'}
{'paper_align_label_loss': '0.03137', 'paper_align_reason_loss': '0.9535', 'epoch': '1.492'}
{'paper_align_label_loss': '0.09604', 'paper_align_reason_loss': '0.8541', 'epoch': '1.492'}
{'paper_align_label_loss': '0.07704', 'paper_align_reason_loss': '0.8861', 'epoch': '1.492'}
{'paper_align_label_loss': '0.01848', 'paper_align_reason_loss': '1.082', 'epoch': '1.492'}
{'paper_align_label_loss': '0.01711', 'paper_align_reason_loss': '0.9015', 'epoch': '1.497'}
{'paper_align_label_loss': '0.04469', 'paper_align_reason_loss': '0.651', 'epoch': '1.497'}
{'paper_align_label_loss': '0.04814', 'paper_align_reason_loss': '0.5983', 'epoch': '1.497'}
{'paper_align_label_loss': '0.1832', 'paper_align_reason_loss': '0.8557', 'epoch': '1.497'}
{'paper_align_label_loss': '0.02584', 'paper_align_reason_loss': '0.8811', 'epoch': '1.502'}
{'paper_align_label_loss': '0.0271', 'paper_align_reason_loss': '0.8492', 'epoch': '1.502'}
{'paper_align_label_loss': '0.01802', 'paper_align_reason_loss': '0.8176', 'epoch': '1.502'}
{'paper_align_label_loss': '0.09825', 'paper_align_reason_loss': '1.057', 'epoch': '1.502'}
{'paper_align_label_loss': '0.01604', 'paper_align_reason_loss': '0.8715', 'epoch': '1.507'}
{'paper_align_label_loss': '0.01222', 'paper_align_reason_loss': '0.6598', 'epoch': '1.507'}
{'paper_align_label_loss': '0.0364', 'paper_align_reason_loss': '0.9717', 'epoch': '1.507'}
{'paper_align_label_loss': '0.04648', 'paper_align_reason_loss': '0.8398', 'epoch': '1.507'}
{'paper_align_label_loss': '0.01175', 'paper_align_reason_loss': '0.5717', 'epoch': '1.512'}
{'paper_align_label_loss': '0.2836', 'paper_align_reason_loss': '0.8233', 'epoch': '1.512'}
{'paper_align_label_loss': '0.1145', 'paper_align_reason_loss': '0.6068', 'epoch': '1.512'}
{'paper_align_label_loss': '0.05508', 'paper_align_reason_loss': '0.8167', 'epoch': '1.512'}
{'paper_align_label_loss': '0.0289', 'paper_align_reason_loss': '0.909', 'epoch': '1.517'}
{'paper_align_label_loss': '0.003457', 'paper_align_reason_loss': '0.9949', 'epoch': '1.517'}
{'paper_align_label_loss': '0.1615', 'paper_align_reason_loss': '1.224', 'epoch': '1.517'}
{'paper_align_label_loss': '0.1057', 'paper_align_reason_loss': '0.9623', 'epoch': '1.517'}
{'paper_align_label_loss': '0.05292', 'paper_align_reason_loss': '0.7148', 'epoch': '1.522'}
{'paper_align_label_loss': '0.006091', 'paper_align_reason_loss': '0.8765', 'epoch': '1.522'}
{'paper_align_label_loss': '0.03638', 'paper_align_reason_loss': '0.7338', 'epoch': '1.522'}
{'paper_align_label_loss': '0.0421', 'paper_align_reason_loss': '0.8299', 'epoch': '1.522'}
{'paper_align_label_loss': '0.09071', 'paper_align_reason_loss': '0.8899', 'epoch': '1.527'}
{'paper_align_label_loss': '0.07329', 'paper_align_reason_loss': '0.9358', 'epoch': '1.527'}

 51%|█████     | 308/606 [10:22<09:41,  1.95s/it]2026-09-20 21:24:56,445 INFO [rev_util_actionability|paper_align|Qwen3-0.6B] step=308 epoch=1.5267

                                                 

 51%|█████     | 308/606 [10:22<09:41,  1.95s/it]
 51%|█████     | 309/606 [10:22<09:34,  1.94s/it]2026-09-20 21:24:56,944 INFO [rev_util_actionability|paper_align|Qwen3-0.6B] step=309 epoch=1.5317

                                                 

 51%|█████     | 309/606 [10:23<09:34,  1.94s/it]2026-09-20 21:24:57,401 INFO [rev_util_actionability|paper_align|Qwen3-0.6B] step=309 epoch=1.5317

                                                 

 51%|█████     | 309/606 [10:23<09:34,  1.94s/it]2026-09-20 21:24:57,860 INFO [rev_util_actionability|paper_align|Qwen3-0.6B] step=309 epoch=1.5317

                                                 

 51%|█████     | 309/606 [10:23<09:34,  1.94s/it]2026-09-20 21:24:58,322 INFO [rev_util_actionability|paper_align|Qwen3-0.6B] step=309 epoch=1.5317

                                                 

 51%|█████     | 309/606 [10:24<09:34,  1.94s/it]
 51%|█████     | 310/606 [10:24<09:27,  1.92s/it]2026-09-20 21:24:58,642 INFO [rev_util_actionability|paper_align|Qwen3-0.6B] step=310 loss=1.8174 learning_rate=0.0001 epoch=1.5366

                                                 

 51%|█████     | 310/606 [10:24<09:27,  1.92s/it]2026-09-20 21:24:58,823 INFO [rev_util_actionability|paper_align|Qwen3-0.6B] step=310 epoch=1.5366

                                                 

 51%|█████     | 310/606 [10:24<09:27,  1.92s/it]2026-09-20 21:24:59,287 INFO [rev_util_actionability|paper_align|Qwen3-0.6B] step=310 epoch=1.5366

                                                 

 51%|█████     | 310/606 [10:25<09:27,  1.92s/it]2026-09-20 21:24:59,751 INFO [rev_util_actionability|paper_align|Qwen3-0.6B] step=310 epoch=1.5366

                                                 

 51%|█████     | 310/606 [10:25<09:27,  1.92s/it]2026-09-20 21:25:00,384 INFO [rev_util_actionability|paper_align|Qwen3-0.6B] step=310 epoch=1.5366

                                                 

 51%|█████     | 310/606 [10:26<09:27,  1.92s/it]
 51%|█████▏    | 311/606 [10:26<09:38,  1.96s/it]2026-09-20 21:25:00,886 INFO [rev_util_actionability|paper_align|Qwen3-0.6B] step=311 epoch=1.5416

                                                 

 51%|█████▏    | 311/606 [10:27<09:38,  1.96s/it]2026-09-20 21:25:01,365 INFO [rev_util_actionability|paper_align|Qwen3-0.6B] step=311 epoch=1.5416

                                                 

 51%|█████▏    | 311/606 [10:27<09:38,  1.96s/it]2026-09-20 21:25:01,835 INFO [rev_util_actionability|paper_align|Qwen3-0.6B] step=311 epoch=1.5416

                                                 

 51%|█████▏    | 311/606 [10:27<09:38,  1.96s/it]2026-09-20 21:25:02,300 INFO [rev_util_actionability|paper_align|Qwen3-0.6B] step=311 epoch=1.5416

                                                 

 51%|█████▏    | 311/606 [10:28<09:38,  1.96s/it]
 51%|█████▏    | 312/606 [10:28<09:35,  1.96s/it]2026-09-20 21:25:02,832 INFO [rev_util_actionability|paper_align|Qwen3-0.6B] step=312 epoch=1.5466

                                                 

 51%|█████▏    | 312/606 [10:28<09:35,  1.96s/it]2026-09-20 21:25:03,308 INFO [rev_util_actionability|paper_align|Qwen3-0.6B] step=312 epoch=1.5466

                                                 

 51%|█████▏    | 312/606 [10:29<09:35,  1.96s/it]2026-09-20 21:25:03,769 INFO [rev_util_actionability|paper_align|Qwen3-0.6B] step=312 epoch=1.5466

                                                 

 51%|█████▏    | 312/606 [10:29<09:35,  1.96s/it]2026-09-20 21:25:04,237 INFO [rev_util_actionability|paper_align|Qwen3-0.6B] step=312 epoch=1.5466

                                                 

 51%|█████▏    | 312/606 [10:30<09:35,  1.96s/it]
 52%|█████▏    | 313/606 [10:30<09:28,  1.94s/it]2026-09-20 21:25:04,737 INFO [rev_util_actionability|paper_align|Qwen3-0.6B] step=313 epoch=1.5516

                                                 

 52%|█████▏    | 313/606 [10:30<09:28,  1.94s/it]2026-09-20 21:25:05,207 INFO [rev_util_actionability|paper_align|Qwen3-0.6B] step=313 epoch=1.5516

                                                 

 52%|█████▏    | 313/606 [10:31<09:28,  1.94s/it]2026-09-20 21:25:05,671 INFO [rev_util_actionability|paper_align|Qwen3-0.6B] step=313 epoch=1.5516

                                                 

 52%|█████▏    | 313/606 [10:31<09:28,  1.94s/it]2026-09-20 21:25:06,142 INFO [rev_util_actionability|paper_align|Qwen3-0.6B] step=313 epoch=1.5516

                                                 

 52%|█████▏    | 313/606 [10:32<09:28,  1.94s/it]
 52%|█████▏    | 314/606 [10:32<09:23,  1.93s/it]2026-09-20 21:25:06,639 INFO [rev_util_actionability|paper_align|Qwen3-0.6B] step=314 epoch=1.5565

                                                 

 52%|█████▏    | 314/606 [10:32<09:23,  1.93s/it]2026-09-20 21:25:07,100 INFO [rev_util_actionability|paper_align|Qwen3-0.6B] step=314 epoch=1.5565

                                                 

 52%|█████▏    | 314/606 [10:33<09:23,  1.93s/it]2026-09-20 21:25:07,566 INFO [rev_util_actionability|paper_align|Qwen3-0.6B] step=314 epoch=1.5565

                                                 

 52%|█████▏    | 314/606 [10:33<09:23,  1.93s/it]2026-09-20 21:25:08,029 INFO [rev_util_actionability|paper_align|Qwen3-0.6B] step=314 epoch=1.5565

                                                 

 52%|█████▏    | 314/606 [10:34<09:23,  1.93s/it]
 52%|█████▏    | 315/606 [10:34<09:18,  1.92s/it]2026-09-20 21:25:08,531 INFO [rev_util_actionability|paper_align|Qwen3-0.6B] step=315 epoch=1.5615

                                                 

 52%|█████▏    | 315/606 [10:34<09:18,  1.92s/it]2026-09-20 21:25:08,993 INFO [rev_util_actionability|paper_align|Qwen3-0.6B] step=315 epoch=1.5615

                                                 

 52%|█████▏    | 315/606 [10:35<09:18,  1.92s/it]2026-09-20 21:25:09,487 INFO [rev_util_actionability|paper_align|Qwen3-0.6B] step=315 epoch=1.5615

                                                 

 52%|█████▏    | 315/606 [10:35<09:18,  1.92s/it]2026-09-20 21:25:10,176 INFO [rev_util_actionability|paper_align|Qwen3-0.6B] step=315 epoch=1.5615

                                                 

 52%|█████▏    | 315/606 [10:36<09:18,  1.92s/it]
 52%|█████▏    | 316/606 [10:36<09:35,  1.99s/it]2026-09-20 21:25:10,677 INFO [rev_util_actionability|paper_align|Qwen3-0.6B] step=316 epoch=1.5665

                                                 

 52%|█████▏    | 316/606 [10:36<09:35,  1.99s/it]2026-09-20 21:25:11,137 INFO [rev_util_actionability|paper_align|Qwen3-0.6B] step=316 epoch=1.5665

                                                 

 52%|█████▏    | 316/606 [10:37<09:35,  1.99s/it]2026-09-20 21:25:11,614 INFO [rev_util_actionability|paper_align|Qwen3-0.6B] step=316 epoch=1.5665

                                                 

 52%|█████▏    | 316/606 [10:37<09:35,  1.99s/it]2026-09-20 21:25:12,079 INFO [rev_util_actionability|paper_align|Qwen3-0.6B] step=316 epoch=1.5665

                                                 

 52%|█████▏    | 316/606 [10:38<09:35,  1.99s/it]
 52%|█████▏    | 317/606 [10:38<09:26,  1.96s/it]2026-09-20 21:25:12,580 INFO [rev_util_actionability|paper_align|Qwen3-0.6B] step=317 epoch=1.5714

                                                 

 52%|█████▏    | 317/606 [10:38<09:26,  1.96s/it]2026-09-20 21:25:13,055 INFO [rev_util_actionability|paper_align|Qwen3-0.6B] step=317 epoch=1.5714

                                                 

 52%|█████▏    | 317/606 [10:39<09:26,  1.96s/it]2026-09-20 21:25:13,535 INFO [rev_util_actionability|paper_align|Qwen3-0.6B] step=317 epoch=1.5714

                                                 

 52%|█████▏    | 317/606 [10:39<09:26,  1.96s/it]2026-09-20 21:25:13,997 INFO [rev_util_actionability|paper_align|Qwen3-0.6B] step=317 epoch=1.5714

                                                 

 52%|█████▏    | 317/606 [10:40<09:26,  1.96s/it]
 52%|█████▏    | 318/606 [10:40<09:21,  1.95s/it]2026-09-20 21:25:14,505 INFO [rev_util_actionability|paper_align|Qwen3-0.6B] step=318 epoch=1.5764

                                                 

 52%|█████▏    | 318/606 [10:40<09:21,  1.95s/it]2026-09-20 21:25:14,965 INFO [rev_util_actionability|paper_align|Qwen3-0.6B] step=318 epoch=1.5764

                                                 

 52%|█████▏    | 318/606 [10:41<09:21,  1.95s/it]2026-09-20 21:25:15,438 INFO [rev_util_actionability|paper_align|Qwen3-0.6B] step=318 epoch=1.5764

                                                 

 52%|█████▏    | 318/606 [10:41<09:21,  1.95s/it]2026-09-20 21:25:15,906 INFO [rev_util_actionability|paper_align|Qwen3-0.6B] step=318 epoch=1.5764

                                                 

 52%|█████▏    | 318/606 [10:42<09:21,  1.95s/it]
 53%|█████▎    | 319/606 [10:42<09:16,  1.94s/it]2026-09-20 21:25:16,411 INFO [rev_util_actionability|paper_align|Qwen3-0.6B] step=319 epoch=1.5814

                                                 

 53%|█████▎    | 319/606 [10:42<09:16,  1.94s/it]2026-09-20 21:25:16,869 INFO [rev_util_actionability|paper_align|Qwen3-0.6B] step=319 epoch=1.5814

                                                 

 53%|█████▎    | 319/606 [10:42<09:16,  1.94s/it]2026-09-20 21:25:17,330 INFO [rev_util_actionability|paper_align|Qwen3-0.6B] step=319 epoch=1.5814

                                                 

 53%|█████▎    | 319/606 [10:43<09:16,  1.94s/it]2026-09-20 21:25:17,797 INFO [rev_util_actionability|paper_align|Qwen3-0.6B] step=319 epoch=1.5814

                                                 

 53%|█████▎    | 319/606 [10:43<09:16,  1.94s/it]
 53%|█████▎    | 320/606 [10:44<09:09,  1.92s/it]2026-09-20 21:25:18,121 INFO [rev_util_actionability|paper_align|Qwen3-0.6B] step=320 loss=1.7901 learning_rate=0.0000 epoch=1.5863

                                                 

 53%|█████▎    | 320/606 [10:44<09:09,  1.92s/it]2026-09-20 21:25:18,303 INFO [rev_util_actionability|paper_align|Qwen3-0.6B] step=320 epoch=1.5863

                                                 

 53%|█████▎    | 320/606 [10:44<09:09,  1.92s/it]2026-09-20 21:25:18,766 INFO [rev_util_actionability|paper_align|Qwen3-0.6B] step=320 epoch=1.5863

                                                 

 53%|█████▎    | 320/606 [10:44<09:09,  1.92s/it]2026-09-20 21:25:19,232 INFO [rev_util_actionability|paper_align|Qwen3-0.6B] step=320 epoch=1.5863

                                                 

 53%|█████▎    | 320/606 [10:45<09:09,  1.92s/it]2026-09-20 21:25:19,872 INFO [rev_util_actionability|paper_align|Qwen3-0.6B] step=320 epoch=1.5863

                                                 

 53%|█████▎    | 320/606 [10:45<09:09,  1.92s/it]
 53%|█████▎    | 321/606 [10:46<09:20,  1.97s/it]2026-09-20 21:25:20,369 INFO [rev_util_actionability|paper_align|Qwen3-0.6B] step=321 epoch=1.5913

                                                 

 53%|█████▎    | 321/606 [10:46<09:20,  1.97s/it]2026-09-20 21:25:20,832 INFO [rev_util_actionability|paper_align|Qwen3-0.6B] step=321 epoch=1.5913

                                                 

 53%|█████▎    | 321/606 [10:46<09:20,  1.97s/it]2026-09-20 21:25:21,297 INFO [rev_util_actionability|paper_align|Qwen3-0.6B] step=321 epoch=1.5913

                                                 

 53%|█████▎    | 321/606 [10:47<09:20,  1.97s/it]2026-09-20 21:25:21,767 INFO [rev_util_actionability|paper_align|Qwen3-0.6B] step=321 epoch=1.5913

                                                 

 53%|█████▎    | 321/606 [10:47<09:20,  1.97s/it]
 53%|█████▎    | 322/606 [10:48<09:12,  1.95s/it]2026-09-20 21:25:22,270 INFO [rev_util_actionability|paper_align|Qwen3-0.6B] step=322 epoch=1.5963

                                                 

 53%|█████▎    | 322/606 [10:48<09:12,  1.95s/it]2026-09-20 21:25:22,728 INFO [rev_util_actionability|paper_align|Qwen3-0.6B] step=322 epoch=1.5963

                                                 

 53%|█████▎    | 322/606 [10:48<09:12,  1.95s/it]2026-09-20 21:25:23,196 INFO [rev_util_actionability|paper_align|Qwen3-0.6B] step=322 epoch=1.5963

                                                 

 53%|█████▎    | 322/606 [10:49<09:12,  1.95s/it]2026-09-20 21:25:23,670 INFO [rev_util_actionability|paper_align|Qwen3-0.6B] step=322 epoch=1.5963

                                                 

 53%|█████▎    | 322/606 [10:49<09:12,  1.95s/it]
 53%|█████▎    | 323/606 [10:50<09:07,  1.94s/it]2026-09-20 21:25:24,179 INFO [rev_util_actionability|paper_align|Qwen3-0.6B] step=323 epoch=1.6012

                                                 

 53%|█████▎    | 323/606 [10:50<09:07,  1.94s/it]2026-09-20 21:25:24,648 INFO [rev_util_actionability|paper_align|Qwen3-0.6B] step=323 epoch=1.6012

                                                 

 53%|█████▎    | 323/606 [10:50<09:07,  1.94s/it]2026-09-20 21:25:25,119 INFO [rev_util_actionability|paper_align|Qwen3-0.6B] step=323 epoch=1.6012

                                                 

 53%|█████▎    | 323/606 [10:51<09:07,  1.94s/it]2026-09-20 21:25:25,590 INFO [rev_util_actionability|paper_align|Qwen3-0.6B] step=323 epoch=1.6012

                                                 

 53%|█████▎    | 323/606 [10:51<09:07,  1.94s/it]
 53%|█████▎    | 324/606 [10:52<09:03,  1.93s/it]2026-09-20 21:25:26,090 INFO [rev_util_actionability|paper_align|Qwen3-0.6B] step=324 epoch=1.6062

                                                 

 53%|█████▎    | 324/606 [10:52<09:03,  1.93s/it]2026-09-20 21:25:26,550 INFO [rev_util_actionability|paper_align|Qwen3-0.6B] step=324 epoch=1.6062

                                                 

 53%|█████▎    | 324/606 [10:52<09:03,  1.93s/it]2026-09-20 21:25:27,012 INFO [rev_util_actionability|paper_align|Qwen3-0.6B] step=324 epoch=1.6062

                                                 

 53%|█████▎    | 324/606 [10:53<09:03,  1.93s/it]2026-09-20 21:25:27,473 INFO [rev_util_actionability|paper_align|Qwen3-0.6B] step=324 epoch=1.6062

                                                 

 53%|█████▎    | 324/606 [10:53<09:03,  1.93s/it]
 54%|█████▎    | 325/606 [10:53<08:58,  1.92s/it]2026-09-20 21:25:27,978 INFO [rev_util_actionability|paper_align|Qwen3-0.6B] step=325 epoch=1.6112

                                                 

 54%|█████▎    | 325/606 [10:54<08:58,  1.92s/it]2026-09-20 21:25:28,432 INFO [rev_util_actionability|paper_align|Qwen3-0.6B] step=325 epoch=1.6112

                                                 

 54%|█████▎    | 325/606 [10:54<08:58,  1.92s/it]2026-09-20 21:25:28,896 INFO [rev_util_actionability|paper_align|Qwen3-0.6B] step=325 epoch=1.6112

                                                 

 54%|█████▎    | 325/606 [10:55<08:58,  1.92s/it]2026-09-20 21:25:29,567 INFO [rev_util_actionability|paper_align|Qwen3-0.6B] step=325 epoch=1.6112

                                                 

 54%|█████▎    | 325/606 [10:55<08:58,  1.92s/it]
 54%|█████▍    | 326/606 [10:56<09:11,  1.97s/it]2026-09-20 21:25:30,074 INFO [rev_util_actionability|paper_align|Qwen3-0.6B] step=326 epoch=1.6161

                                                 

 54%|█████▍    | 326/606 [10:56<09:11,  1.97s/it]2026-09-20 21:25:30,545 INFO [rev_util_actionability|paper_align|Qwen3-0.6B] step=326 epoch=1.6161

                                                 

 54%|█████▍    | 326/606 [10:56<09:11,  1.97s/it]2026-09-20 21:25:31,015 INFO [rev_util_actionability|paper_align|Qwen3-0.6B] step=326 epoch=1.6161

                                                 

 54%|█████▍    | 326/606 [10:57<09:11,  1.97s/it]2026-09-20 21:25:31,484 INFO [rev_util_actionability|paper_align|Qwen3-0.6B] step=326 epoch=1.6161

                                                 

 54%|█████▍    | 326/606 [10:57<09:11,  1.97s/it]
 54%|█████▍    | 327/606 [10:57<09:04,  1.95s/it]2026-09-20 21:25:31,985 INFO [rev_util_actionability|paper_align|Qwen3-0.6B] step=327 epoch=1.6211

                                                 

 54%|█████▍    | 327/606 [10:58<09:04,  1.95s/it]2026-09-20 21:25:32,442 INFO [rev_util_actionability|paper_align|Qwen3-0.6B] step=327 epoch=1.6211

                                                 

 54%|█████▍    | 327/606 [10:58<09:04,  1.95s/it]2026-09-20 21:25:32,913 INFO [rev_util_actionability|paper_align|Qwen3-0.6B] step=327 epoch=1.6211

                                                 

 54%|█████▍    | 327/606 [10:59<09:04,  1.95s/it]2026-09-20 21:25:33,378 INFO [rev_util_actionability|paper_align|Qwen3-0.6B] step=327 epoch=1.6211

                                                 

 54%|█████▍    | 327/606 [10:59<09:04,  1.95s/it]
 54%|█████▍    | 328/606 [10:59<08:57,  1.94s/it]2026-09-20 21:25:33,878 INFO [rev_util_actionability|paper_align|Qwen3-0.6B] step=328 epoch=1.6261

                                                 

 54%|█████▍    | 328/606 [10:59<08:57,  1.94s/it]2026-09-20 21:25:34,338 INFO [rev_util_actionability|paper_align|Qwen3-0.6B] step=328 epoch=1.6261

                                                 

 54%|█████▍    | 328/606 [11:00<08:57,  1.94s/it]2026-09-20 21:25:34,813 INFO [rev_util_actionability|paper_align|Qwen3-0.6B] step=328 epoch=1.6261

                                                 

 54%|█████▍    | 328/606 [11:00<08:57,  1.94s/it]2026-09-20 21:25:35,274 INFO [rev_util_actionability|paper_align|Qwen3-0.6B] step=328 epoch=1.6261

                                                 

 54%|█████▍    | 328/606 [11:01<08:57,  1.94s/it]
 54%|█████▍    | 329/606 [11:01<08:52,  1.92s/it]2026-09-20 21:25:35,767 INFO [rev_util_actionability|paper_align|Qwen3-0.6B] step=329 epoch=1.6311

                                                 

 54%|█████▍    | 329/606 [11:01<08:52,  1.92s/it]2026-09-20 21:25:36,231 INFO [rev_util_actionability|paper_align|Qwen3-0.6B] step=329 epoch=1.6311

                                                 

 54%|█████▍    | 329/606 [11:02<08:52,  1.92s/it]2026-09-20 21:25:36,690 INFO [rev_util_actionability|paper_align|Qwen3-0.6B] step=329 epoch=1.6311

                                                 

 54%|█████▍    | 329/606 [11:02<08:52,  1.92s/it]2026-09-20 21:25:37,163 INFO [rev_util_actionability|paper_align|Qwen3-0.6B] step=329 epoch=1.6311

                                                 

 54%|█████▍    | 329/606 [11:03<08:52,  1.92s/it]
 54%|█████▍    | 330/606 [11:03<08:47,  1.91s/it]2026-09-20 21:25:37,483 INFO [rev_util_actionability|paper_align|Qwen3-0.6B] step=330 loss=1.8048 learning_rate=0.0000 epoch=1.6360

                                                 
{'paper_align_label_loss': '0.06723', 'paper_align_reason_loss': '0.7256', 'epoch': '1.527'}
{'paper_align_label_loss': '0.01438', 'paper_align_reason_loss': '0.7784', 'epoch': '1.527'}
{'paper_align_label_loss': '0.03379', 'paper_align_reason_loss': '0.7175', 'epoch': '1.532'}
{'paper_align_label_loss': '0.06659', 'paper_align_reason_loss': '0.8544', 'epoch': '1.532'}
{'paper_align_label_loss': '0.0006255', 'paper_align_reason_loss': '0.5882', 'epoch': '1.532'}
{'paper_align_label_loss': '0.08237', 'paper_align_reason_loss': '0.8524', 'epoch': '1.532'}
{'loss': '1.817', 'grad_norm': '3.745', 'learning_rate': '5.094e-05', 'epoch': '1.537'}
{'paper_align_label_loss': '0.2003', 'paper_align_reason_loss': '0.8886', 'epoch': '1.537'}
{'paper_align_label_loss': '0.05491', 'paper_align_reason_loss': '0.86', 'epoch': '1.537'}
{'paper_align_label_loss': '0.04923', 'paper_align_reason_loss': '0.6168', 'epoch': '1.537'}
{'paper_align_label_loss': '0.01319', 'paper_align_reason_loss': '0.5374', 'epoch': '1.537'}
{'paper_align_label_loss': '0.02686', 'paper_align_reason_loss': '0.7807', 'epoch': '1.542'}
{'paper_align_label_loss': '0.02259', 'paper_align_reason_loss': '1.095', 'epoch': '1.542'}
{'paper_align_label_loss': '0.03797', 'paper_align_reason_loss': '0.8263', 'epoch': '1.542'}
{'paper_align_label_loss': '0.003577', 'paper_align_reason_loss': '0.817', 'epoch': '1.542'}
{'paper_align_label_loss': '0.09', 'paper_align_reason_loss': '0.7757', 'epoch': '1.547'}
{'paper_align_label_loss': '0.001833', 'paper_align_reason_loss': '0.9772', 'epoch': '1.547'}
{'paper_align_label_loss': '0.2014', 'paper_align_reason_loss': '0.8104', 'epoch': '1.547'}
{'paper_align_label_loss': '0.01751', 'paper_align_reason_loss': '0.7383', 'epoch': '1.547'}
{'paper_align_label_loss': '0.03247', 'paper_align_reason_loss': '0.6308', 'epoch': '1.552'}
{'paper_align_label_loss': '0.1226', 'paper_align_reason_loss': '0.8214', 'epoch': '1.552'}
{'paper_align_label_loss': '0.1017', 'paper_align_reason_loss': '1.008', 'epoch': '1.552'}
{'paper_align_label_loss': '0.02281', 'paper_align_reason_loss': '0.8904', 'epoch': '1.552'}
{'paper_align_label_loss': '0.2875', 'paper_align_reason_loss': '0.8577', 'epoch': '1.557'}
{'paper_align_label_loss': '0.04882', 'paper_align_reason_loss': '0.8461', 'epoch': '1.557'}
{'paper_align_label_loss': '0.0283', 'paper_align_reason_loss': '0.8519', 'epoch': '1.557'}
{'paper_align_label_loss': '0.03748', 'paper_align_reason_loss': '0.8677', 'epoch': '1.557'}
{'paper_align_label_loss': '0.003066', 'paper_align_reason_loss': '0.9849', 'epoch': '1.561'}
{'paper_align_label_loss': '0.007518', 'paper_align_reason_loss': '0.8617', 'epoch': '1.561'}
{'paper_align_label_loss': '0.009012', 'paper_align_reason_loss': '0.6355', 'epoch': '1.561'}
{'paper_align_label_loss': '0.07149', 'paper_align_reason_loss': '0.7865', 'epoch': '1.561'}
{'paper_align_label_loss': '0.1897', 'paper_align_reason_loss': '1.118', 'epoch': '1.566'}
{'paper_align_label_loss': '0.04008', 'paper_align_reason_loss': '0.6858', 'epoch': '1.566'}
{'paper_align_label_loss': '0.099', 'paper_align_reason_loss': '0.9278', 'epoch': '1.566'}
{'paper_align_label_loss': '0.04943', 'paper_align_reason_loss': '0.8368', 'epoch': '1.566'}
{'paper_align_label_loss': '0.01632', 'paper_align_reason_loss': '0.8314', 'epoch': '1.571'}
{'paper_align_label_loss': '0.2156', 'paper_align_reason_loss': '0.8371', 'epoch': '1.571'}
{'paper_align_label_loss': '0.01414', 'paper_align_reason_loss': '0.8038', 'epoch': '1.571'}
{'paper_align_label_loss': '0.08217', 'paper_align_reason_loss': '0.8127', 'epoch': '1.571'}
{'paper_align_label_loss': '0.06812', 'paper_align_reason_loss': '0.8553', 'epoch': '1.576'}
{'paper_align_label_loss': '0.1421', 'paper_align_reason_loss': '0.8566', 'epoch': '1.576'}
{'paper_align_label_loss': '0.0517', 'paper_align_reason_loss': '0.8651', 'epoch': '1.576'}
{'paper_align_label_loss': '0.0435', 'paper_align_reason_loss': '0.8069', 'epoch': '1.576'}
{'paper_align_label_loss': '0.003735', 'paper_align_reason_loss': '0.7122', 'epoch': '1.581'}
{'paper_align_label_loss': '0.1073', 'paper_align_reason_loss': '0.7627', 'epoch': '1.581'}
{'paper_align_label_loss': '0.01593', 'paper_align_reason_loss': '0.8265', 'epoch': '1.581'}
{'paper_align_label_loss': '0.001677', 'paper_align_reason_loss': '0.8648', 'epoch': '1.581'}
{'loss': '1.79', 'grad_norm': '4.021', 'learning_rate': '4.826e-05', 'epoch': '1.586'}
{'paper_align_label_loss': '0.01758', 'paper_align_reason_loss': '0.8842', 'epoch': '1.586'}
{'paper_align_label_loss': '0.176', 'paper_align_reason_loss': '1.185', 'epoch': '1.586'}
{'paper_align_label_loss': '0.002076', 'paper_align_reason_loss': '0.7218', 'epoch': '1.586'}
{'paper_align_label_loss': '0.06133', 'paper_align_reason_loss': '0.9007', 'epoch': '1.586'}
{'paper_align_label_loss': '0.05641', 'paper_align_reason_loss': '0.9568', 'epoch': '1.591'}
{'paper_align_label_loss': '0.05579', 'paper_align_reason_loss': '0.7631', 'epoch': '1.591'}
{'paper_align_label_loss': '0.2604', 'paper_align_reason_loss': '1.163', 'epoch': '1.591'}
{'paper_align_label_loss': '0.0002145', 'paper_align_reason_loss': '0.8536', 'epoch': '1.591'}
{'paper_align_label_loss': '0.02631', 'paper_align_reason_loss': '0.5639', 'epoch': '1.596'}
{'paper_align_label_loss': '0.01831', 'paper_align_reason_loss': '0.6679', 'epoch': '1.596'}
{'paper_align_label_loss': '0.01404', 'paper_align_reason_loss': '0.9284', 'epoch': '1.596'}
{'paper_align_label_loss': '0.00604', 'paper_align_reason_loss': '0.7914', 'epoch': '1.596'}
{'paper_align_label_loss': '0.03598', 'paper_align_reason_loss': '0.8971', 'epoch': '1.601'}
{'paper_align_label_loss': '0.01537', 'paper_align_reason_loss': '0.903', 'epoch': '1.601'}
{'paper_align_label_loss': '0.2141', 'paper_align_reason_loss': '1.015', 'epoch': '1.601'}
{'paper_align_label_loss': '0.09633', 'paper_align_reason_loss': '1.004', 'epoch': '1.601'}
{'paper_align_label_loss': '0.3086', 'paper_align_reason_loss': '0.809', 'epoch': '1.606'}
{'paper_align_label_loss': '0.0005045', 'paper_align_reason_loss': '0.8594', 'epoch': '1.606'}
{'paper_align_label_loss': '0.0008077', 'paper_align_reason_loss': '0.6663', 'epoch': '1.606'}
{'paper_align_label_loss': '0.1021', 'paper_align_reason_loss': '0.9287', 'epoch': '1.606'}
{'paper_align_label_loss': '0.009797', 'paper_align_reason_loss': '0.6574', 'epoch': '1.611'}
{'paper_align_label_loss': '0.0327', 'paper_align_reason_loss': '0.7201', 'epoch': '1.611'}
{'paper_align_label_loss': '0.08569', 'paper_align_reason_loss': '0.7464', 'epoch': '1.611'}
{'paper_align_label_loss': '0.05381', 'paper_align_reason_loss': '0.4887', 'epoch': '1.611'}
{'paper_align_label_loss': '0.2302', 'paper_align_reason_loss': '1.034', 'epoch': '1.616'}
{'paper_align_label_loss': '0.04107', 'paper_align_reason_loss': '0.8922', 'epoch': '1.616'}
{'paper_align_label_loss': '0.01998', 'paper_align_reason_loss': '0.8847', 'epoch': '1.616'}
{'paper_align_label_loss': '0.1152', 'paper_align_reason_loss': '0.9888', 'epoch': '1.616'}
{'paper_align_label_loss': '0.0192', 'paper_align_reason_loss': '0.8289', 'epoch': '1.621'}
{'paper_align_label_loss': '0.002532', 'paper_align_reason_loss': '0.5996', 'epoch': '1.621'}
{'paper_align_label_loss': '0.02805', 'paper_align_reason_loss': '0.9797', 'epoch': '1.621'}
{'paper_align_label_loss': '0.1439', 'paper_align_reason_loss': '0.8509', 'epoch': '1.621'}
{'paper_align_label_loss': '0.02288', 'paper_align_reason_loss': '0.7158', 'epoch': '1.626'}
{'paper_align_label_loss': '0.007456', 'paper_align_reason_loss': '0.4506', 'epoch': '1.626'}
{'paper_align_label_loss': '0.004158', 'paper_align_reason_loss': '1.12', 'epoch': '1.626'}
{'paper_align_label_loss': '0.001429', 'paper_align_reason_loss': '0.6329', 'epoch': '1.626'}
{'paper_align_label_loss': '0.003342', 'paper_align_reason_loss': '0.7438', 'epoch': '1.631'}
{'paper_align_label_loss': '0.03389', 'paper_align_reason_loss': '1.035', 'epoch': '1.631'}
{'paper_align_label_loss': '0.01548', 'paper_align_reason_loss': '0.919', 'epoch': '1.631'}
{'paper_align_label_loss': '0.114', 'paper_align_reason_loss': '0.8926', 'epoch': '1.631'}

 54%|█████▍    | 330/606 [11:03<08:47,  1.91s/it]2026-09-20 21:25:37,662 INFO [rev_util_actionability|paper_align|Qwen3-0.6B] step=330 epoch=1.6360

                                                 

 54%|█████▍    | 330/606 [11:03<08:47,  1.91s/it]2026-09-20 21:25:38,125 INFO [rev_util_actionability|paper_align|Qwen3-0.6B] step=330 epoch=1.6360

                                                 

 54%|█████▍    | 330/606 [11:04<08:47,  1.91s/it]2026-09-20 21:25:38,585 INFO [rev_util_actionability|paper_align|Qwen3-0.6B] step=330 epoch=1.6360

                                                 

 54%|█████▍    | 330/606 [11:04<08:47,  1.91s/it]2026-09-20 21:25:39,062 INFO [rev_util_actionability|paper_align|Qwen3-0.6B] step=330 epoch=1.6360

                                                 

 54%|█████▍    | 330/606 [11:05<08:47,  1.91s/it]
 55%|█████▍    | 331/606 [11:05<08:45,  1.91s/it]2026-09-20 21:25:39,748 INFO [rev_util_actionability|paper_align|Qwen3-0.6B] step=331 epoch=1.6410

                                                 

 55%|█████▍    | 331/606 [11:05<08:45,  1.91s/it]2026-09-20 21:25:40,216 INFO [rev_util_actionability|paper_align|Qwen3-0.6B] step=331 epoch=1.6410

                                                 

 55%|█████▍    | 331/606 [11:06<08:45,  1.91s/it]2026-09-20 21:25:40,689 INFO [rev_util_actionability|paper_align|Qwen3-0.6B] step=331 epoch=1.6410

                                                 

 55%|█████▍    | 331/606 [11:06<08:45,  1.91s/it]2026-09-20 21:25:41,159 INFO [rev_util_actionability|paper_align|Qwen3-0.6B] step=331 epoch=1.6410

                                                 

 55%|█████▍    | 331/606 [11:07<08:45,  1.91s/it]
 55%|█████▍    | 332/606 [11:07<08:58,  1.97s/it]2026-09-20 21:25:41,663 INFO [rev_util_actionability|paper_align|Qwen3-0.6B] step=332 epoch=1.6460

                                                 

 55%|█████▍    | 332/606 [11:07<08:58,  1.97s/it]2026-09-20 21:25:42,128 INFO [rev_util_actionability|paper_align|Qwen3-0.6B] step=332 epoch=1.6460

                                                 

 55%|█████▍    | 332/606 [11:08<08:58,  1.97s/it]2026-09-20 21:25:42,591 INFO [rev_util_actionability|paper_align|Qwen3-0.6B] step=332 epoch=1.6460

                                                 

 55%|█████▍    | 332/606 [11:08<08:58,  1.97s/it]2026-09-20 21:25:43,065 INFO [rev_util_actionability|paper_align|Qwen3-0.6B] step=332 epoch=1.6460

                                                 

 55%|█████▍    | 332/606 [11:09<08:58,  1.97s/it]
 55%|█████▍    | 333/606 [11:09<08:51,  1.95s/it]2026-09-20 21:25:43,559 INFO [rev_util_actionability|paper_align|Qwen3-0.6B] step=333 epoch=1.6509

                                                 

 55%|█████▍    | 333/606 [11:09<08:51,  1.95s/it]2026-09-20 21:25:44,021 INFO [rev_util_actionability|paper_align|Qwen3-0.6B] step=333 epoch=1.6509

                                                 

 55%|█████▍    | 333/606 [11:10<08:51,  1.95s/it]2026-09-20 21:25:44,489 INFO [rev_util_actionability|paper_align|Qwen3-0.6B] step=333 epoch=1.6509

                                                 

 55%|█████▍    | 333/606 [11:10<08:51,  1.95s/it]2026-09-20 21:25:44,987 INFO [rev_util_actionability|paper_align|Qwen3-0.6B] step=333 epoch=1.6509

                                                 

 55%|█████▍    | 333/606 [11:11<08:51,  1.95s/it]
 55%|█████▌    | 334/606 [11:11<08:47,  1.94s/it]2026-09-20 21:25:45,488 INFO [rev_util_actionability|paper_align|Qwen3-0.6B] step=334 epoch=1.6559

                                                 

 55%|█████▌    | 334/606 [11:11<08:47,  1.94s/it]2026-09-20 21:25:45,977 INFO [rev_util_actionability|paper_align|Qwen3-0.6B] step=334 epoch=1.6559

                                                 

 55%|█████▌    | 334/606 [11:12<08:47,  1.94s/it]2026-09-20 21:25:46,478 INFO [rev_util_actionability|paper_align|Qwen3-0.6B] step=334 epoch=1.6559

                                                 

 55%|█████▌    | 334/606 [11:12<08:47,  1.94s/it]2026-09-20 21:25:46,942 INFO [rev_util_actionability|paper_align|Qwen3-0.6B] step=334 epoch=1.6559

                                                 

 55%|█████▌    | 334/606 [11:13<08:47,  1.94s/it]
 55%|█████▌    | 335/606 [11:13<08:46,  1.94s/it]2026-09-20 21:25:47,439 INFO [rev_util_actionability|paper_align|Qwen3-0.6B] step=335 epoch=1.6609

                                                 

 55%|█████▌    | 335/606 [11:13<08:46,  1.94s/it]2026-09-20 21:25:47,901 INFO [rev_util_actionability|paper_align|Qwen3-0.6B] step=335 epoch=1.6609

                                                 

 55%|█████▌    | 335/606 [11:14<08:46,  1.94s/it]2026-09-20 21:25:48,365 INFO [rev_util_actionability|paper_align|Qwen3-0.6B] step=335 epoch=1.6609

                                                 

 55%|█████▌    | 335/606 [11:14<08:46,  1.94s/it]2026-09-20 21:25:48,828 INFO [rev_util_actionability|paper_align|Qwen3-0.6B] step=335 epoch=1.6609

                                                 

 55%|█████▌    | 335/606 [11:14<08:46,  1.94s/it]
 55%|█████▌    | 336/606 [11:15<08:40,  1.93s/it]2026-09-20 21:25:49,329 INFO [rev_util_actionability|paper_align|Qwen3-0.6B] step=336 epoch=1.6658

                                                 

 55%|█████▌    | 336/606 [11:15<08:40,  1.93s/it]2026-09-20 21:25:49,965 INFO [rev_util_actionability|paper_align|Qwen3-0.6B] step=336 epoch=1.6658

                                                 

 55%|█████▌    | 336/606 [11:16<08:40,  1.93s/it]2026-09-20 21:25:50,434 INFO [rev_util_actionability|paper_align|Qwen3-0.6B] step=336 epoch=1.6658

                                                 

 55%|█████▌    | 336/606 [11:16<08:40,  1.93s/it]2026-09-20 21:25:50,901 INFO [rev_util_actionability|paper_align|Qwen3-0.6B] step=336 epoch=1.6658

                                                 

 55%|█████▌    | 336/606 [11:17<08:40,  1.93s/it]
 56%|█████▌    | 337/606 [11:17<08:49,  1.97s/it]2026-09-20 21:25:51,402 INFO [rev_util_actionability|paper_align|Qwen3-0.6B] step=337 epoch=1.6708

                                                 

 56%|█████▌    | 337/606 [11:17<08:49,  1.97s/it]2026-09-20 21:25:51,863 INFO [rev_util_actionability|paper_align|Qwen3-0.6B] step=337 epoch=1.6708

                                                 

 56%|█████▌    | 337/606 [11:17<08:49,  1.97s/it]2026-09-20 21:25:52,326 INFO [rev_util_actionability|paper_align|Qwen3-0.6B] step=337 epoch=1.6708

                                                 

 56%|█████▌    | 337/606 [11:18<08:49,  1.97s/it]2026-09-20 21:25:52,790 INFO [rev_util_actionability|paper_align|Qwen3-0.6B] step=337 epoch=1.6708

                                                 

 56%|█████▌    | 337/606 [11:18<08:49,  1.97s/it]
 56%|█████▌    | 338/606 [11:19<08:41,  1.95s/it]2026-09-20 21:25:53,297 INFO [rev_util_actionability|paper_align|Qwen3-0.6B] step=338 epoch=1.6758

                                                 

 56%|█████▌    | 338/606 [11:19<08:41,  1.95s/it]2026-09-20 21:25:53,754 INFO [rev_util_actionability|paper_align|Qwen3-0.6B] step=338 epoch=1.6758

                                                 

 56%|█████▌    | 338/606 [11:19<08:41,  1.95s/it]2026-09-20 21:25:54,219 INFO [rev_util_actionability|paper_align|Qwen3-0.6B] step=338 epoch=1.6758

                                                 

 56%|█████▌    | 338/606 [11:20<08:41,  1.95s/it]2026-09-20 21:25:54,683 INFO [rev_util_actionability|paper_align|Qwen3-0.6B] step=338 epoch=1.6758

                                                 

 56%|█████▌    | 338/606 [11:20<08:41,  1.95s/it]
 56%|█████▌    | 339/606 [11:21<08:35,  1.93s/it]2026-09-20 21:25:55,191 INFO [rev_util_actionability|paper_align|Qwen3-0.6B] step=339 epoch=1.6807

                                                 

 56%|█████▌    | 339/606 [11:21<08:35,  1.93s/it]2026-09-20 21:25:55,659 INFO [rev_util_actionability|paper_align|Qwen3-0.6B] step=339 epoch=1.6807

                                                 

 56%|█████▌    | 339/606 [11:21<08:35,  1.93s/it]2026-09-20 21:25:56,132 INFO [rev_util_actionability|paper_align|Qwen3-0.6B] step=339 epoch=1.6807

                                                 

 56%|█████▌    | 339/606 [11:22<08:35,  1.93s/it]2026-09-20 21:25:56,602 INFO [rev_util_actionability|paper_align|Qwen3-0.6B] step=339 epoch=1.6807

                                                 

 56%|█████▌    | 339/606 [11:22<08:35,  1.93s/it]
 56%|█████▌    | 340/606 [11:23<08:32,  1.93s/it]2026-09-20 21:25:56,928 INFO [rev_util_actionability|paper_align|Qwen3-0.6B] step=340 loss=1.9040 learning_rate=0.0000 epoch=1.6857

                                                 

 56%|█████▌    | 340/606 [11:23<08:32,  1.93s/it]2026-09-20 21:25:57,104 INFO [rev_util_actionability|paper_align|Qwen3-0.6B] step=340 epoch=1.6857

                                                 

 56%|█████▌    | 340/606 [11:23<08:32,  1.93s/it]2026-09-20 21:25:57,563 INFO [rev_util_actionability|paper_align|Qwen3-0.6B] step=340 epoch=1.6857

                                                 

 56%|█████▌    | 340/606 [11:23<08:32,  1.93s/it]2026-09-20 21:25:58,030 INFO [rev_util_actionability|paper_align|Qwen3-0.6B] step=340 epoch=1.6857

                                                 

 56%|█████▌    | 340/606 [11:24<08:32,  1.93s/it]2026-09-20 21:25:58,497 INFO [rev_util_actionability|paper_align|Qwen3-0.6B] step=340 epoch=1.6857

                                                 

 56%|█████▌    | 340/606 [11:24<08:32,  1.93s/it]
 56%|█████▋    | 341/606 [11:24<08:28,  1.92s/it]2026-09-20 21:25:59,001 INFO [rev_util_actionability|paper_align|Qwen3-0.6B] step=341 epoch=1.6907

                                                 

 56%|█████▋    | 341/606 [11:25<08:28,  1.92s/it]2026-09-20 21:25:59,640 INFO [rev_util_actionability|paper_align|Qwen3-0.6B] step=341 epoch=1.6907

                                                 

 56%|█████▋    | 341/606 [11:25<08:28,  1.92s/it]2026-09-20 21:26:00,113 INFO [rev_util_actionability|paper_align|Qwen3-0.6B] step=341 epoch=1.6907

                                                 

 56%|█████▋    | 341/606 [11:26<08:28,  1.92s/it]2026-09-20 21:26:00,576 INFO [rev_util_actionability|paper_align|Qwen3-0.6B] step=341 epoch=1.6907

                                                 

 56%|█████▋    | 341/606 [11:26<08:28,  1.92s/it]
 56%|█████▋    | 342/606 [11:27<08:38,  1.97s/it]2026-09-20 21:26:01,085 INFO [rev_util_actionability|paper_align|Qwen3-0.6B] step=342 epoch=1.6957

                                                 

 56%|█████▋    | 342/606 [11:27<08:38,  1.97s/it]2026-09-20 21:26:01,554 INFO [rev_util_actionability|paper_align|Qwen3-0.6B] step=342 epoch=1.6957

                                                 

 56%|█████▋    | 342/606 [11:27<08:38,  1.97s/it]2026-09-20 21:26:02,021 INFO [rev_util_actionability|paper_align|Qwen3-0.6B] step=342 epoch=1.6957

                                                 

 56%|█████▋    | 342/606 [11:28<08:38,  1.97s/it]2026-09-20 21:26:02,494 INFO [rev_util_actionability|paper_align|Qwen3-0.6B] step=342 epoch=1.6957

                                                 

 56%|█████▋    | 342/606 [11:28<08:38,  1.97s/it]
 57%|█████▋    | 343/606 [11:28<08:33,  1.95s/it]2026-09-20 21:26:03,004 INFO [rev_util_actionability|paper_align|Qwen3-0.6B] step=343 epoch=1.7006

                                                 

 57%|█████▋    | 343/606 [11:29<08:33,  1.95s/it]2026-09-20 21:26:03,481 INFO [rev_util_actionability|paper_align|Qwen3-0.6B] step=343 epoch=1.7006

                                                 

 57%|█████▋    | 343/606 [11:29<08:33,  1.95s/it]2026-09-20 21:26:03,945 INFO [rev_util_actionability|paper_align|Qwen3-0.6B] step=343 epoch=1.7006

                                                 

 57%|█████▋    | 343/606 [11:30<08:33,  1.95s/it]2026-09-20 21:26:04,417 INFO [rev_util_actionability|paper_align|Qwen3-0.6B] step=343 epoch=1.7006

                                                 

 57%|█████▋    | 343/606 [11:30<08:33,  1.95s/it]
 57%|█████▋    | 344/606 [11:30<08:28,  1.94s/it]2026-09-20 21:26:04,917 INFO [rev_util_actionability|paper_align|Qwen3-0.6B] step=344 epoch=1.7056

                                                 

 57%|█████▋    | 344/606 [11:31<08:28,  1.94s/it]2026-09-20 21:26:05,427 INFO [rev_util_actionability|paper_align|Qwen3-0.6B] step=344 epoch=1.7056

                                                 

 57%|█████▋    | 344/606 [11:31<08:28,  1.94s/it]2026-09-20 21:26:05,894 INFO [rev_util_actionability|paper_align|Qwen3-0.6B] step=344 epoch=1.7056

                                                 

 57%|█████▋    | 344/606 [11:32<08:28,  1.94s/it]2026-09-20 21:26:06,361 INFO [rev_util_actionability|paper_align|Qwen3-0.6B] step=344 epoch=1.7056

                                                 

 57%|█████▋    | 344/606 [11:32<08:28,  1.94s/it]
 57%|█████▋    | 345/606 [11:32<08:27,  1.94s/it]2026-09-20 21:26:06,863 INFO [rev_util_actionability|paper_align|Qwen3-0.6B] step=345 epoch=1.7106

                                                 

 57%|█████▋    | 345/606 [11:32<08:27,  1.94s/it]2026-09-20 21:26:07,326 INFO [rev_util_actionability|paper_align|Qwen3-0.6B] step=345 epoch=1.7106

                                                 

 57%|█████▋    | 345/606 [11:33<08:27,  1.94s/it]2026-09-20 21:26:07,801 INFO [rev_util_actionability|paper_align|Qwen3-0.6B] step=345 epoch=1.7106

                                                 

 57%|█████▋    | 345/606 [11:33<08:27,  1.94s/it]2026-09-20 21:26:08,264 INFO [rev_util_actionability|paper_align|Qwen3-0.6B] step=345 epoch=1.7106

                                                 

 57%|█████▋    | 345/606 [11:34<08:27,  1.94s/it]
 57%|█████▋    | 346/606 [11:34<08:22,  1.93s/it]2026-09-20 21:26:08,763 INFO [rev_util_actionability|paper_align|Qwen3-0.6B] step=346 epoch=1.7155

                                                 

 57%|█████▋    | 346/606 [11:34<08:22,  1.93s/it]2026-09-20 21:26:09,220 INFO [rev_util_actionability|paper_align|Qwen3-0.6B] step=346 epoch=1.7155

                                                 

 57%|█████▋    | 346/606 [11:35<08:22,  1.93s/it]2026-09-20 21:26:09,848 INFO [rev_util_actionability|paper_align|Qwen3-0.6B] step=346 epoch=1.7155

                                                 

 57%|█████▋    | 346/606 [11:35<08:22,  1.93s/it]2026-09-20 21:26:10,316 INFO [rev_util_actionability|paper_align|Qwen3-0.6B] step=346 epoch=1.7155

                                                 

 57%|█████▋    | 346/606 [11:36<08:22,  1.93s/it]
 57%|█████▋    | 347/606 [11:36<08:29,  1.97s/it]2026-09-20 21:26:10,824 INFO [rev_util_actionability|paper_align|Qwen3-0.6B] step=347 epoch=1.7205

                                                 

 57%|█████▋    | 347/606 [11:36<08:29,  1.97s/it]2026-09-20 21:26:11,290 INFO [rev_util_actionability|paper_align|Qwen3-0.6B] step=347 epoch=1.7205

                                                 

 57%|█████▋    | 347/606 [11:37<08:29,  1.97s/it]2026-09-20 21:26:11,754 INFO [rev_util_actionability|paper_align|Qwen3-0.6B] step=347 epoch=1.7205

                                                 

 57%|█████▋    | 347/606 [11:37<08:29,  1.97s/it]2026-09-20 21:26:12,221 INFO [rev_util_actionability|paper_align|Qwen3-0.6B] step=347 epoch=1.7205

                                                 

 57%|█████▋    | 347/606 [11:38<08:29,  1.97s/it]
 57%|█████▋    | 348/606 [11:38<08:23,  1.95s/it]2026-09-20 21:26:12,727 INFO [rev_util_actionability|paper_align|Qwen3-0.6B] step=348 epoch=1.7255

                                                 

 57%|█████▋    | 348/606 [11:38<08:23,  1.95s/it]2026-09-20 21:26:13,184 INFO [rev_util_actionability|paper_align|Qwen3-0.6B] step=348 epoch=1.7255

                                                 

 57%|█████▋    | 348/606 [11:39<08:23,  1.95s/it]2026-09-20 21:26:13,652 INFO [rev_util_actionability|paper_align|Qwen3-0.6B] step=348 epoch=1.7255

                                                 

 57%|█████▋    | 348/606 [11:39<08:23,  1.95s/it]2026-09-20 21:26:14,168 INFO [rev_util_actionability|paper_align|Qwen3-0.6B] step=348 epoch=1.7255

                                                 

 57%|█████▋    | 348/606 [11:40<08:23,  1.95s/it]
 58%|█████▊    | 349/606 [11:40<08:20,  1.95s/it]2026-09-20 21:26:14,672 INFO [rev_util_actionability|paper_align|Qwen3-0.6B] step=349 epoch=1.7304

                                                 

 58%|█████▊    | 349/606 [11:40<08:20,  1.95s/it]2026-09-20 21:26:15,141 INFO [rev_util_actionability|paper_align|Qwen3-0.6B] step=349 epoch=1.7304

                                                 

 58%|█████▊    | 349/606 [11:41<08:20,  1.95s/it]2026-09-20 21:26:15,612 INFO [rev_util_actionability|paper_align|Qwen3-0.6B] step=349 epoch=1.7304

                                                 

 58%|█████▊    | 349/606 [11:41<08:20,  1.95s/it]2026-09-20 21:26:16,075 INFO [rev_util_actionability|paper_align|Qwen3-0.6B] step=349 epoch=1.7304

                                                 

 58%|█████▊    | 349/606 [11:42<08:20,  1.95s/it]
 58%|█████▊    | 350/606 [11:42<08:15,  1.93s/it]2026-09-20 21:26:16,395 INFO [rev_util_actionability|paper_align|Qwen3-0.6B] step=350 loss=1.7571 learning_rate=0.0000 epoch=1.7354

                                                 

 58%|█████▊    | 350/606 [11:42<08:15,  1.93s/it]2026-09-20 21:26:16,571 INFO [rev_util_actionability|paper_align|Qwen3-0.6B] step=350 epoch=1.7354

                                                 

 58%|█████▊    | 350/606 [11:42<08:15,  1.93s/it]2026-09-20 21:26:17,033 INFO [rev_util_actionability|paper_align|Qwen3-0.6B] step=350 epoch=1.7354

                                                 

 58%|█████▊    | 350/606 [11:43<08:15,  1.93s/it]2026-09-20 21:26:17,493 INFO [rev_util_actionability|paper_align|Qwen3-0.6B] step=350 epoch=1.7354

                                                 

 58%|█████▊    | 350/606 [11:43<08:15,  1.93s/it]2026-09-20 21:26:17,953 INFO [rev_util_actionability|paper_align|Qwen3-0.6B] step=350 epoch=1.7354

                                                 

 58%|█████▊    | 350/606 [11:44<08:15,  1.93s/it]
 58%|█████▊    | 351/606 [11:44<08:08,  1.92s/it]2026-09-20 21:26:18,448 INFO [rev_util_actionability|paper_align|Qwen3-0.6B] step=351 epoch=1.7404

                                                 

 58%|█████▊    | 351/606 [11:44<08:08,  1.92s/it]2026-09-20 21:26:18,906 INFO [rev_util_actionability|paper_align|Qwen3-0.6B] step=351 epoch=1.7404

                                                 
{'loss': '1.805', 'grad_norm': '4.897', 'learning_rate': '4.559e-05', 'epoch': '1.636'}
{'paper_align_label_loss': '0.3574', 'paper_align_reason_loss': '0.7076', 'epoch': '1.636'}
{'paper_align_label_loss': '0.06567', 'paper_align_reason_loss': '0.7569', 'epoch': '1.636'}
{'paper_align_label_loss': '0.0997', 'paper_align_reason_loss': '0.6239', 'epoch': '1.636'}
{'paper_align_label_loss': '0.08458', 'paper_align_reason_loss': '0.7524', 'epoch': '1.636'}
{'paper_align_label_loss': '0.1296', 'paper_align_reason_loss': '0.999', 'epoch': '1.641'}
{'paper_align_label_loss': '0.01808', 'paper_align_reason_loss': '0.9221', 'epoch': '1.641'}
{'paper_align_label_loss': '0.1671', 'paper_align_reason_loss': '0.8504', 'epoch': '1.641'}
{'paper_align_label_loss': '0.1485', 'paper_align_reason_loss': '0.9631', 'epoch': '1.641'}
{'paper_align_label_loss': '0.1045', 'paper_align_reason_loss': '0.8595', 'epoch': '1.646'}
{'paper_align_label_loss': '0.1032', 'paper_align_reason_loss': '0.8502', 'epoch': '1.646'}
{'paper_align_label_loss': '0.0164', 'paper_align_reason_loss': '0.6768', 'epoch': '1.646'}
{'paper_align_label_loss': '0.003989', 'paper_align_reason_loss': '0.8279', 'epoch': '1.646'}
{'paper_align_label_loss': '0.0129', 'paper_align_reason_loss': '0.6026', 'epoch': '1.651'}
{'paper_align_label_loss': '0.003356', 'paper_align_reason_loss': '0.8829', 'epoch': '1.651'}
{'paper_align_label_loss': '0.07651', 'paper_align_reason_loss': '0.9329', 'epoch': '1.651'}
{'paper_align_label_loss': '0.01106', 'paper_align_reason_loss': '0.898', 'epoch': '1.651'}
{'paper_align_label_loss': '0.06876', 'paper_align_reason_loss': '0.8001', 'epoch': '1.656'}
{'paper_align_label_loss': '0.01132', 'paper_align_reason_loss': '0.7811', 'epoch': '1.656'}
{'paper_align_label_loss': '0.02353', 'paper_align_reason_loss': '0.8451', 'epoch': '1.656'}
{'paper_align_label_loss': '0.06244', 'paper_align_reason_loss': '0.9483', 'epoch': '1.656'}
{'paper_align_label_loss': '0.1959', 'paper_align_reason_loss': '0.9392', 'epoch': '1.661'}
{'paper_align_label_loss': '0.0475', 'paper_align_reason_loss': '0.6857', 'epoch': '1.661'}
{'paper_align_label_loss': '0.1341', 'paper_align_reason_loss': '1.061', 'epoch': '1.661'}
{'paper_align_label_loss': '0.2612', 'paper_align_reason_loss': '0.7762', 'epoch': '1.661'}
{'paper_align_label_loss': '0.2746', 'paper_align_reason_loss': '0.948', 'epoch': '1.666'}
{'paper_align_label_loss': '0.03824', 'paper_align_reason_loss': '0.8733', 'epoch': '1.666'}
{'paper_align_label_loss': '0.001132', 'paper_align_reason_loss': '0.9874', 'epoch': '1.666'}
{'paper_align_label_loss': '0.002198', 'paper_align_reason_loss': '0.9379', 'epoch': '1.666'}
{'paper_align_label_loss': '0.2144', 'paper_align_reason_loss': '1.052', 'epoch': '1.671'}
{'paper_align_label_loss': '0.02659', 'paper_align_reason_loss': '0.9059', 'epoch': '1.671'}
{'paper_align_label_loss': '0.03033', 'paper_align_reason_loss': '1.011', 'epoch': '1.671'}
{'paper_align_label_loss': '0.06251', 'paper_align_reason_loss': '0.8115', 'epoch': '1.671'}
{'paper_align_label_loss': '0.08254', 'paper_align_reason_loss': '0.9237', 'epoch': '1.676'}
{'paper_align_label_loss': '0.09115', 'paper_align_reason_loss': '0.6188', 'epoch': '1.676'}
{'paper_align_label_loss': '0.06789', 'paper_align_reason_loss': '0.6667', 'epoch': '1.676'}
{'paper_align_label_loss': '0.05264', 'paper_align_reason_loss': '0.8368', 'epoch': '1.676'}
{'paper_align_label_loss': '0.01893', 'paper_align_reason_loss': '0.8945', 'epoch': '1.681'}
{'paper_align_label_loss': '0.06565', 'paper_align_reason_loss': '0.7835', 'epoch': '1.681'}
{'paper_align_label_loss': '0.1792', 'paper_align_reason_loss': '1.399', 'epoch': '1.681'}
{'paper_align_label_loss': '0.1445', 'paper_align_reason_loss': '0.9269', 'epoch': '1.681'}
{'loss': '1.904', 'grad_norm': '5.406', 'learning_rate': '4.293e-05', 'epoch': '1.686'}
{'paper_align_label_loss': '0.01069', 'paper_align_reason_loss': '0.7609', 'epoch': '1.686'}
{'paper_align_label_loss': '0.004686', 'paper_align_reason_loss': '0.658', 'epoch': '1.686'}
{'paper_align_label_loss': '0.09126', 'paper_align_reason_loss': '0.7846', 'epoch': '1.686'}
{'paper_align_label_loss': '0.04802', 'paper_align_reason_loss': '0.767', 'epoch': '1.686'}
{'paper_align_label_loss': '0.1379', 'paper_align_reason_loss': '0.7649', 'epoch': '1.691'}
{'paper_align_label_loss': '0.009609', 'paper_align_reason_loss': '0.7038', 'epoch': '1.691'}
{'paper_align_label_loss': '0.04455', 'paper_align_reason_loss': '0.6802', 'epoch': '1.691'}
{'paper_align_label_loss': '0.0268', 'paper_align_reason_loss': '0.6816', 'epoch': '1.691'}
{'paper_align_label_loss': '0.2897', 'paper_align_reason_loss': '0.8733', 'epoch': '1.696'}
{'paper_align_label_loss': '0.06136', 'paper_align_reason_loss': '0.7174', 'epoch': '1.696'}
{'paper_align_label_loss': '0.01363', 'paper_align_reason_loss': '0.843', 'epoch': '1.696'}
{'paper_align_label_loss': '0.008907', 'paper_align_reason_loss': '0.7313', 'epoch': '1.696'}
{'paper_align_label_loss': '0.1171', 'paper_align_reason_loss': '0.9003', 'epoch': '1.701'}
{'paper_align_label_loss': '0.09473', 'paper_align_reason_loss': '0.9365', 'epoch': '1.701'}
{'paper_align_label_loss': '0.04417', 'paper_align_reason_loss': '0.8848', 'epoch': '1.701'}
{'paper_align_label_loss': '0.1045', 'paper_align_reason_loss': '0.921', 'epoch': '1.701'}
{'paper_align_label_loss': '0.007273', 'paper_align_reason_loss': '0.7979', 'epoch': '1.706'}
{'paper_align_label_loss': '0.006377', 'paper_align_reason_loss': '0.877', 'epoch': '1.706'}
{'paper_align_label_loss': '0.1392', 'paper_align_reason_loss': '0.9035', 'epoch': '1.706'}
{'paper_align_label_loss': '0.03621', 'paper_align_reason_loss': '0.917', 'epoch': '1.706'}
{'paper_align_label_loss': '0.1741', 'paper_align_reason_loss': '1.009', 'epoch': '1.711'}
{'paper_align_label_loss': '0.009738', 'paper_align_reason_loss': '0.9725', 'epoch': '1.711'}
{'paper_align_label_loss': '0.1548', 'paper_align_reason_loss': '0.7226', 'epoch': '1.711'}
{'paper_align_label_loss': '0.04248', 'paper_align_reason_loss': '0.77', 'epoch': '1.711'}
{'paper_align_label_loss': '0.01931', 'paper_align_reason_loss': '0.624', 'epoch': '1.716'}
{'paper_align_label_loss': '0.01769', 'paper_align_reason_loss': '0.6253', 'epoch': '1.716'}
{'paper_align_label_loss': '0.02592', 'paper_align_reason_loss': '0.6469', 'epoch': '1.716'}
{'paper_align_label_loss': '0.09611', 'paper_align_reason_loss': '0.9638', 'epoch': '1.716'}
{'paper_align_label_loss': '0.1176', 'paper_align_reason_loss': '0.7744', 'epoch': '1.72'}
{'paper_align_label_loss': '0.06999', 'paper_align_reason_loss': '0.641', 'epoch': '1.72'}
{'paper_align_label_loss': '0.06985', 'paper_align_reason_loss': '0.7122', 'epoch': '1.72'}
{'paper_align_label_loss': '0.01067', 'paper_align_reason_loss': '0.9275', 'epoch': '1.72'}
{'paper_align_label_loss': '0.3138', 'paper_align_reason_loss': '0.7421', 'epoch': '1.725'}
{'paper_align_label_loss': '0.2115', 'paper_align_reason_loss': '0.9854', 'epoch': '1.725'}
{'paper_align_label_loss': '0.03131', 'paper_align_reason_loss': '1.238', 'epoch': '1.725'}
{'paper_align_label_loss': '0.05766', 'paper_align_reason_loss': '0.9483', 'epoch': '1.725'}
{'paper_align_label_loss': '0.01066', 'paper_align_reason_loss': '0.4985', 'epoch': '1.73'}
{'paper_align_label_loss': '0.01596', 'paper_align_reason_loss': '0.8247', 'epoch': '1.73'}
{'paper_align_label_loss': '0.08253', 'paper_align_reason_loss': '0.8585', 'epoch': '1.73'}
{'paper_align_label_loss': '0.02055', 'paper_align_reason_loss': '0.7042', 'epoch': '1.73'}
{'loss': '1.757', 'grad_norm': '3.384', 'learning_rate': '4.029e-05', 'epoch': '1.735'}
{'paper_align_label_loss': '0.0487', 'paper_align_reason_loss': '0.8461', 'epoch': '1.735'}
{'paper_align_label_loss': '0.02279', 'paper_align_reason_loss': '0.7589', 'epoch': '1.735'}
{'paper_align_label_loss': '0.0157', 'paper_align_reason_loss': '0.651', 'epoch': '1.735'}
{'paper_align_label_loss': '0.02247', 'paper_align_reason_loss': '0.8372', 'epoch': '1.735'}
{'paper_align_label_loss': '0.0557', 'paper_align_reason_loss': '0.6848', 'epoch': '1.74'}

 58%|█████▊    | 351/606 [11:45<08:08,  1.92s/it]2026-09-20 21:26:19,544 INFO [rev_util_actionability|paper_align|Qwen3-0.6B] step=351 epoch=1.7404

                                                 

 58%|█████▊    | 351/606 [11:45<08:08,  1.92s/it]2026-09-20 21:26:20,016 INFO [rev_util_actionability|paper_align|Qwen3-0.6B] step=351 epoch=1.7404

                                                 

 58%|█████▊    | 351/606 [11:46<08:08,  1.92s/it]
 58%|█████▊    | 352/606 [11:46<08:18,  1.96s/it]2026-09-20 21:26:20,521 INFO [rev_util_actionability|paper_align|Qwen3-0.6B] step=352 epoch=1.7453

                                                 

 58%|█████▊    | 352/606 [11:46<08:18,  1.96s/it]2026-09-20 21:26:20,991 INFO [rev_util_actionability|paper_align|Qwen3-0.6B] step=352 epoch=1.7453

                                                 

 58%|█████▊    | 352/606 [11:47<08:18,  1.96s/it]2026-09-20 21:26:21,462 INFO [rev_util_actionability|paper_align|Qwen3-0.6B] step=352 epoch=1.7453

                                                 

 58%|█████▊    | 352/606 [11:47<08:18,  1.96s/it]2026-09-20 21:26:21,942 INFO [rev_util_actionability|paper_align|Qwen3-0.6B] step=352 epoch=1.7453

                                                 

 58%|█████▊    | 352/606 [11:48<08:18,  1.96s/it]
 58%|█████▊    | 353/606 [11:48<08:13,  1.95s/it]2026-09-20 21:26:22,451 INFO [rev_util_actionability|paper_align|Qwen3-0.6B] step=353 epoch=1.7503

                                                 

 58%|█████▊    | 353/606 [11:48<08:13,  1.95s/it]2026-09-20 21:26:22,919 INFO [rev_util_actionability|paper_align|Qwen3-0.6B] step=353 epoch=1.7503

                                                 

 58%|█████▊    | 353/606 [11:49<08:13,  1.95s/it]2026-09-20 21:26:23,382 INFO [rev_util_actionability|paper_align|Qwen3-0.6B] step=353 epoch=1.7503

                                                 

 58%|█████▊    | 353/606 [11:49<08:13,  1.95s/it]2026-09-20 21:26:23,848 INFO [rev_util_actionability|paper_align|Qwen3-0.6B] step=353 epoch=1.7503

                                                 

 58%|█████▊    | 353/606 [11:49<08:13,  1.95s/it]
 58%|█████▊    | 354/606 [11:50<08:08,  1.94s/it]2026-09-20 21:26:24,352 INFO [rev_util_actionability|paper_align|Qwen3-0.6B] step=354 epoch=1.7553

                                                 

 58%|█████▊    | 354/606 [11:50<08:08,  1.94s/it]2026-09-20 21:26:24,816 INFO [rev_util_actionability|paper_align|Qwen3-0.6B] step=354 epoch=1.7553

                                                 

 58%|█████▊    | 354/606 [11:50<08:08,  1.94s/it]2026-09-20 21:26:25,337 INFO [rev_util_actionability|paper_align|Qwen3-0.6B] step=354 epoch=1.7553

                                                 

 58%|█████▊    | 354/606 [11:51<08:08,  1.94s/it]2026-09-20 21:26:25,803 INFO [rev_util_actionability|paper_align|Qwen3-0.6B] step=354 epoch=1.7553

                                                 

 58%|█████▊    | 354/606 [11:51<08:08,  1.94s/it]
 59%|█████▊    | 355/606 [11:52<08:07,  1.94s/it]2026-09-20 21:26:26,304 INFO [rev_util_actionability|paper_align|Qwen3-0.6B] step=355 epoch=1.7602

                                                 

 59%|█████▊    | 355/606 [11:52<08:07,  1.94s/it]2026-09-20 21:26:26,771 INFO [rev_util_actionability|paper_align|Qwen3-0.6B] step=355 epoch=1.7602

                                                 

 59%|█████▊    | 355/606 [11:52<08:07,  1.94s/it]2026-09-20 21:26:27,240 INFO [rev_util_actionability|paper_align|Qwen3-0.6B] step=355 epoch=1.7602

                                                 

 59%|█████▊    | 355/606 [11:53<08:07,  1.94s/it]2026-09-20 21:26:27,705 INFO [rev_util_actionability|paper_align|Qwen3-0.6B] step=355 epoch=1.7602

                                                 

 59%|█████▊    | 355/606 [11:53<08:07,  1.94s/it]
 59%|█████▊    | 356/606 [11:54<08:02,  1.93s/it]2026-09-20 21:26:28,206 INFO [rev_util_actionability|paper_align|Qwen3-0.6B] step=356 epoch=1.7652

                                                 

 59%|█████▊    | 356/606 [11:54<08:02,  1.93s/it]2026-09-20 21:26:28,669 INFO [rev_util_actionability|paper_align|Qwen3-0.6B] step=356 epoch=1.7652

                                                 

 59%|█████▊    | 356/606 [11:54<08:02,  1.93s/it]2026-09-20 21:26:29,309 INFO [rev_util_actionability|paper_align|Qwen3-0.6B] step=356 epoch=1.7652

                                                 

 59%|█████▊    | 356/606 [11:55<08:02,  1.93s/it]2026-09-20 21:26:29,779 INFO [rev_util_actionability|paper_align|Qwen3-0.6B] step=356 epoch=1.7652

                                                 

 59%|█████▊    | 356/606 [11:55<08:02,  1.93s/it]
 59%|█████▉    | 357/606 [11:56<08:11,  1.97s/it]2026-09-20 21:26:30,281 INFO [rev_util_actionability|paper_align|Qwen3-0.6B] step=357 epoch=1.7702

                                                 

 59%|█████▉    | 357/606 [11:56<08:11,  1.97s/it]2026-09-20 21:26:30,747 INFO [rev_util_actionability|paper_align|Qwen3-0.6B] step=357 epoch=1.7702

                                                 

 59%|█████▉    | 357/606 [11:56<08:11,  1.97s/it]2026-09-20 21:26:31,216 INFO [rev_util_actionability|paper_align|Qwen3-0.6B] step=357 epoch=1.7702

                                                 

 59%|█████▉    | 357/606 [11:57<08:11,  1.97s/it]2026-09-20 21:26:31,690 INFO [rev_util_actionability|paper_align|Qwen3-0.6B] step=357 epoch=1.7702

                                                 

 59%|█████▉    | 357/606 [11:57<08:11,  1.97s/it]
 59%|█████▉    | 358/606 [11:58<08:05,  1.96s/it]2026-09-20 21:26:32,193 INFO [rev_util_actionability|paper_align|Qwen3-0.6B] step=358 epoch=1.7752

                                                 

 59%|█████▉    | 358/606 [11:58<08:05,  1.96s/it]2026-09-20 21:26:32,654 INFO [rev_util_actionability|paper_align|Qwen3-0.6B] step=358 epoch=1.7752

                                                 

 59%|█████▉    | 358/606 [11:58<08:05,  1.96s/it]2026-09-20 21:26:33,120 INFO [rev_util_actionability|paper_align|Qwen3-0.6B] step=358 epoch=1.7752

                                                 

 59%|█████▉    | 358/606 [11:59<08:05,  1.96s/it]2026-09-20 21:26:33,595 INFO [rev_util_actionability|paper_align|Qwen3-0.6B] step=358 epoch=1.7752

                                                 

 59%|█████▉    | 358/606 [11:59<08:05,  1.96s/it]
 59%|█████▉    | 359/606 [12:00<07:59,  1.94s/it]2026-09-20 21:26:34,100 INFO [rev_util_actionability|paper_align|Qwen3-0.6B] step=359 epoch=1.7801

                                                 

 59%|█████▉    | 359/606 [12:00<07:59,  1.94s/it]2026-09-20 21:26:34,569 INFO [rev_util_actionability|paper_align|Qwen3-0.6B] step=359 epoch=1.7801

                                                 

 59%|█████▉    | 359/606 [12:00<07:59,  1.94s/it]2026-09-20 21:26:35,027 INFO [rev_util_actionability|paper_align|Qwen3-0.6B] step=359 epoch=1.7801

                                                 

 59%|█████▉    | 359/606 [12:01<07:59,  1.94s/it]2026-09-20 21:26:35,499 INFO [rev_util_actionability|paper_align|Qwen3-0.6B] step=359 epoch=1.7801

                                                 

 59%|█████▉    | 359/606 [12:01<07:59,  1.94s/it]
 59%|█████▉    | 360/606 [12:01<07:54,  1.93s/it]2026-09-20 21:26:35,826 INFO [rev_util_actionability|paper_align|Qwen3-0.6B] step=360 loss=1.7770 learning_rate=0.0000 epoch=1.7851

                                                 

 59%|█████▉    | 360/606 [12:01<07:54,  1.93s/it]2026-09-20 21:26:36,006 INFO [rev_util_actionability|paper_align|Qwen3-0.6B] step=360 epoch=1.7851

                                                 

 59%|█████▉    | 360/606 [12:02<07:54,  1.93s/it]2026-09-20 21:26:36,474 INFO [rev_util_actionability|paper_align|Qwen3-0.6B] step=360 epoch=1.7851

                                                 

 59%|█████▉    | 360/606 [12:02<07:54,  1.93s/it]2026-09-20 21:26:36,943 INFO [rev_util_actionability|paper_align|Qwen3-0.6B] step=360 epoch=1.7851

                                                 

 59%|█████▉    | 360/606 [12:03<07:54,  1.93s/it]2026-09-20 21:26:37,412 INFO [rev_util_actionability|paper_align|Qwen3-0.6B] step=360 epoch=1.7851

                                                 

 59%|█████▉    | 360/606 [12:03<07:54,  1.93s/it]
 60%|█████▉    | 361/606 [12:03<07:51,  1.92s/it]2026-09-20 21:26:37,910 INFO [rev_util_actionability|paper_align|Qwen3-0.6B] step=361 epoch=1.7901

                                                 

 60%|█████▉    | 361/606 [12:04<07:51,  1.92s/it]2026-09-20 21:26:38,374 INFO [rev_util_actionability|paper_align|Qwen3-0.6B] step=361 epoch=1.7901

                                                 

 60%|█████▉    | 361/606 [12:04<07:51,  1.92s/it]2026-09-20 21:26:39,019 INFO [rev_util_actionability|paper_align|Qwen3-0.6B] step=361 epoch=1.7901

                                                 

 60%|█████▉    | 361/606 [12:05<07:51,  1.92s/it]2026-09-20 21:26:39,486 INFO [rev_util_actionability|paper_align|Qwen3-0.6B] step=361 epoch=1.7901

                                                 

 60%|█████▉    | 361/606 [12:05<07:51,  1.92s/it]
 60%|█████▉    | 362/606 [12:05<08:00,  1.97s/it]2026-09-20 21:26:40,001 INFO [rev_util_actionability|paper_align|Qwen3-0.6B] step=362 epoch=1.7950

                                                 

 60%|█████▉    | 362/606 [12:06<08:00,  1.97s/it]2026-09-20 21:26:40,462 INFO [rev_util_actionability|paper_align|Qwen3-0.6B] step=362 epoch=1.7950

                                                 

 60%|█████▉    | 362/606 [12:06<08:00,  1.97s/it]2026-09-20 21:26:40,928 INFO [rev_util_actionability|paper_align|Qwen3-0.6B] step=362 epoch=1.7950

                                                 

 60%|█████▉    | 362/606 [12:07<08:00,  1.97s/it]2026-09-20 21:26:41,395 INFO [rev_util_actionability|paper_align|Qwen3-0.6B] step=362 epoch=1.7950

                                                 

 60%|█████▉    | 362/606 [12:07<08:00,  1.97s/it]
 60%|█████▉    | 363/606 [12:07<07:54,  1.95s/it]2026-09-20 21:26:41,894 INFO [rev_util_actionability|paper_align|Qwen3-0.6B] step=363 epoch=1.8000

                                                 

 60%|█████▉    | 363/606 [12:08<07:54,  1.95s/it]2026-09-20 21:26:42,363 INFO [rev_util_actionability|paper_align|Qwen3-0.6B] step=363 epoch=1.8000

                                                 

 60%|█████▉    | 363/606 [12:08<07:54,  1.95s/it]2026-09-20 21:26:42,832 INFO [rev_util_actionability|paper_align|Qwen3-0.6B] step=363 epoch=1.8000

                                                 

 60%|█████▉    | 363/606 [12:08<07:54,  1.95s/it]2026-09-20 21:26:43,297 INFO [rev_util_actionability|paper_align|Qwen3-0.6B] step=363 epoch=1.8000

                                                 

 60%|█████▉    | 363/606 [12:09<07:54,  1.95s/it]
 60%|██████    | 364/606 [12:09<07:48,  1.94s/it]2026-09-20 21:26:43,794 INFO [rev_util_actionability|paper_align|Qwen3-0.6B] step=364 epoch=1.8050

                                                 

 60%|██████    | 364/606 [12:09<07:48,  1.94s/it]2026-09-20 21:26:44,256 INFO [rev_util_actionability|paper_align|Qwen3-0.6B] step=364 epoch=1.8050

                                                 

 60%|██████    | 364/606 [12:10<07:48,  1.94s/it]2026-09-20 21:26:44,722 INFO [rev_util_actionability|paper_align|Qwen3-0.6B] step=364 epoch=1.8050

                                                 

 60%|██████    | 364/606 [12:10<07:48,  1.94s/it]2026-09-20 21:26:45,204 INFO [rev_util_actionability|paper_align|Qwen3-0.6B] step=364 epoch=1.8050

                                                 

 60%|██████    | 364/606 [12:11<07:48,  1.94s/it]
 60%|██████    | 365/606 [12:11<07:44,  1.93s/it]2026-09-20 21:26:45,708 INFO [rev_util_actionability|paper_align|Qwen3-0.6B] step=365 epoch=1.8099

                                                 

 60%|██████    | 365/606 [12:11<07:44,  1.93s/it]2026-09-20 21:26:46,164 INFO [rev_util_actionability|paper_align|Qwen3-0.6B] step=365 epoch=1.8099

                                                 

 60%|██████    | 365/606 [12:12<07:44,  1.93s/it]2026-09-20 21:26:46,629 INFO [rev_util_actionability|paper_align|Qwen3-0.6B] step=365 epoch=1.8099

                                                 

 60%|██████    | 365/606 [12:12<07:44,  1.93s/it]2026-09-20 21:26:47,096 INFO [rev_util_actionability|paper_align|Qwen3-0.6B] step=365 epoch=1.8099

                                                 

 60%|██████    | 365/606 [12:13<07:44,  1.93s/it]
 60%|██████    | 366/606 [12:13<07:40,  1.92s/it]2026-09-20 21:26:47,597 INFO [rev_util_actionability|paper_align|Qwen3-0.6B] step=366 epoch=1.8149

                                                 

 60%|██████    | 366/606 [12:13<07:40,  1.92s/it]2026-09-20 21:26:48,052 INFO [rev_util_actionability|paper_align|Qwen3-0.6B] step=366 epoch=1.8149

                                                 

 60%|██████    | 366/606 [12:14<07:40,  1.92s/it]2026-09-20 21:26:48,521 INFO [rev_util_actionability|paper_align|Qwen3-0.6B] step=366 epoch=1.8149

                                                 

 60%|██████    | 366/606 [12:14<07:40,  1.92s/it]2026-09-20 21:26:48,987 INFO [rev_util_actionability|paper_align|Qwen3-0.6B] step=366 epoch=1.8149

                                                 

 60%|██████    | 366/606 [12:15<07:40,  1.92s/it]
 61%|██████    | 367/606 [12:15<07:48,  1.96s/it]2026-09-20 21:26:49,662 INFO [rev_util_actionability|paper_align|Qwen3-0.6B] step=367 epoch=1.8199

                                                 

 61%|██████    | 367/606 [12:15<07:48,  1.96s/it]2026-09-20 21:26:50,132 INFO [rev_util_actionability|paper_align|Qwen3-0.6B] step=367 epoch=1.8199

                                                 

 61%|██████    | 367/606 [12:16<07:48,  1.96s/it]2026-09-20 21:26:50,611 INFO [rev_util_actionability|paper_align|Qwen3-0.6B] step=367 epoch=1.8199

                                                 

 61%|██████    | 367/606 [12:16<07:48,  1.96s/it]2026-09-20 21:26:51,081 INFO [rev_util_actionability|paper_align|Qwen3-0.6B] step=367 epoch=1.8199

                                                 

 61%|██████    | 367/606 [12:17<07:48,  1.96s/it]
 61%|██████    | 368/606 [12:17<07:43,  1.95s/it]2026-09-20 21:26:51,582 INFO [rev_util_actionability|paper_align|Qwen3-0.6B] step=368 epoch=1.8248

                                                 

 61%|██████    | 368/606 [12:17<07:43,  1.95s/it]2026-09-20 21:26:52,042 INFO [rev_util_actionability|paper_align|Qwen3-0.6B] step=368 epoch=1.8248

                                                 

 61%|██████    | 368/606 [12:18<07:43,  1.95s/it]2026-09-20 21:26:52,514 INFO [rev_util_actionability|paper_align|Qwen3-0.6B] step=368 epoch=1.8248

                                                 

 61%|██████    | 368/606 [12:18<07:43,  1.95s/it]2026-09-20 21:26:52,982 INFO [rev_util_actionability|paper_align|Qwen3-0.6B] step=368 epoch=1.8248

                                                 

 61%|██████    | 368/606 [12:19<07:43,  1.95s/it]
 61%|██████    | 369/606 [12:19<07:38,  1.94s/it]2026-09-20 21:26:53,491 INFO [rev_util_actionability|paper_align|Qwen3-0.6B] step=369 epoch=1.8298

                                                 

 61%|██████    | 369/606 [12:19<07:38,  1.94s/it]2026-09-20 21:26:53,952 INFO [rev_util_actionability|paper_align|Qwen3-0.6B] step=369 epoch=1.8298

                                                 

 61%|██████    | 369/606 [12:20<07:38,  1.94s/it]2026-09-20 21:26:54,420 INFO [rev_util_actionability|paper_align|Qwen3-0.6B] step=369 epoch=1.8298

                                                 

 61%|██████    | 369/606 [12:20<07:38,  1.94s/it]2026-09-20 21:26:54,881 INFO [rev_util_actionability|paper_align|Qwen3-0.6B] step=369 epoch=1.8298

                                                 

 61%|██████    | 369/606 [12:20<07:38,  1.94s/it]
 61%|██████    | 370/606 [12:21<07:33,  1.92s/it]2026-09-20 21:26:55,203 INFO [rev_util_actionability|paper_align|Qwen3-0.6B] step=370 loss=1.7520 learning_rate=0.0000 epoch=1.8348

                                                 

 61%|██████    | 370/606 [12:21<07:33,  1.92s/it]2026-09-20 21:26:55,381 INFO [rev_util_actionability|paper_align|Qwen3-0.6B] step=370 epoch=1.8348

                                                 

 61%|██████    | 370/606 [12:21<07:33,  1.92s/it]2026-09-20 21:26:55,846 INFO [rev_util_actionability|paper_align|Qwen3-0.6B] step=370 epoch=1.8348

                                                 

 61%|██████    | 370/606 [12:21<07:33,  1.92s/it]2026-09-20 21:26:56,316 INFO [rev_util_actionability|paper_align|Qwen3-0.6B] step=370 epoch=1.8348

                                                 

 61%|██████    | 370/606 [12:22<07:33,  1.92s/it]2026-09-20 21:26:56,783 INFO [rev_util_actionability|paper_align|Qwen3-0.6B] step=370 epoch=1.8348

                                                 

 61%|██████    | 370/606 [12:22<07:33,  1.92s/it]
 61%|██████    | 371/606 [12:23<07:30,  1.92s/it]2026-09-20 21:26:57,277 INFO [rev_util_actionability|paper_align|Qwen3-0.6B] step=371 epoch=1.8398

                                                 

 61%|██████    | 371/606 [12:23<07:30,  1.92s/it]2026-09-20 21:26:57,734 INFO [rev_util_actionability|paper_align|Qwen3-0.6B] step=371 epoch=1.8398

                                                 

 61%|██████    | 371/606 [12:23<07:30,  1.92s/it]2026-09-20 21:26:58,196 INFO [rev_util_actionability|paper_align|Qwen3-0.6B] step=371 epoch=1.8398

                                                 

 61%|██████    | 371/606 [12:24<07:30,  1.92s/it]2026-09-20 21:26:58,662 INFO [rev_util_actionability|paper_align|Qwen3-0.6B] step=371 epoch=1.8398

                                                 

 61%|██████    | 371/606 [12:24<07:30,  1.92s/it]
 61%|██████▏   | 372/606 [12:25<07:25,  1.91s/it]2026-09-20 21:26:59,167 INFO [rev_util_actionability|paper_align|Qwen3-0.6B] step=372 epoch=1.8447

                                                 

 61%|██████▏   | 372/606 [12:25<07:25,  1.91s/it]2026-09-20 21:26:59,840 INFO [rev_util_actionability|paper_align|Qwen3-0.6B] step=372 epoch=1.8447

                                                 

 61%|██████▏   | 372/606 [12:25<07:25,  1.91s/it]2026-09-20 21:27:00,310 INFO [rev_util_actionability|paper_align|Qwen3-0.6B] step=372 epoch=1.8447

                                                 

 61%|██████▏   | 372/606 [12:26<07:25,  1.91s/it]2026-09-20 21:27:00,781 INFO [rev_util_actionability|paper_align|Qwen3-0.6B] step=372 epoch=1.8447

                                                 
{'paper_align_label_loss': '0.01576', 'paper_align_reason_loss': '0.8638', 'epoch': '1.74'}
{'paper_align_label_loss': '0.006547', 'paper_align_reason_loss': '0.7033', 'epoch': '1.74'}
{'paper_align_label_loss': '0.04217', 'paper_align_reason_loss': '1.03', 'epoch': '1.74'}
{'paper_align_label_loss': '0.01096', 'paper_align_reason_loss': '0.8182', 'epoch': '1.745'}
{'paper_align_label_loss': '0.02084', 'paper_align_reason_loss': '0.9722', 'epoch': '1.745'}
{'paper_align_label_loss': '0.03068', 'paper_align_reason_loss': '0.7636', 'epoch': '1.745'}
{'paper_align_label_loss': '0.0284', 'paper_align_reason_loss': '0.9244', 'epoch': '1.745'}
{'paper_align_label_loss': '0.01683', 'paper_align_reason_loss': '1.083', 'epoch': '1.75'}
{'paper_align_label_loss': '0.04767', 'paper_align_reason_loss': '0.86', 'epoch': '1.75'}
{'paper_align_label_loss': '0.3891', 'paper_align_reason_loss': '0.7355', 'epoch': '1.75'}
{'paper_align_label_loss': '0.01173', 'paper_align_reason_loss': '1.034', 'epoch': '1.75'}
{'paper_align_label_loss': '0.1542', 'paper_align_reason_loss': '0.8466', 'epoch': '1.755'}
{'paper_align_label_loss': '0.02207', 'paper_align_reason_loss': '0.9427', 'epoch': '1.755'}
{'paper_align_label_loss': '0.02646', 'paper_align_reason_loss': '0.9039', 'epoch': '1.755'}
{'paper_align_label_loss': '0.1905', 'paper_align_reason_loss': '0.7882', 'epoch': '1.755'}
{'paper_align_label_loss': '0.001065', 'paper_align_reason_loss': '0.7396', 'epoch': '1.76'}
{'paper_align_label_loss': '0.01652', 'paper_align_reason_loss': '0.7244', 'epoch': '1.76'}
{'paper_align_label_loss': '0.06775', 'paper_align_reason_loss': '0.9549', 'epoch': '1.76'}
{'paper_align_label_loss': '0.05231', 'paper_align_reason_loss': '0.7728', 'epoch': '1.76'}
{'paper_align_label_loss': '0.00166', 'paper_align_reason_loss': '0.9659', 'epoch': '1.765'}
{'paper_align_label_loss': '0.03051', 'paper_align_reason_loss': '0.6467', 'epoch': '1.765'}
{'paper_align_label_loss': '0.0006487', 'paper_align_reason_loss': '0.6865', 'epoch': '1.765'}
{'paper_align_label_loss': '0.006', 'paper_align_reason_loss': '0.8818', 'epoch': '1.765'}
{'paper_align_label_loss': '0.05059', 'paper_align_reason_loss': '0.9234', 'epoch': '1.77'}
{'paper_align_label_loss': '0.01805', 'paper_align_reason_loss': '1.014', 'epoch': '1.77'}
{'paper_align_label_loss': '0.1087', 'paper_align_reason_loss': '0.9508', 'epoch': '1.77'}
{'paper_align_label_loss': '0.009233', 'paper_align_reason_loss': '0.9226', 'epoch': '1.77'}
{'paper_align_label_loss': '0.04081', 'paper_align_reason_loss': '0.7913', 'epoch': '1.775'}
{'paper_align_label_loss': '0.001389', 'paper_align_reason_loss': '0.4429', 'epoch': '1.775'}
{'paper_align_label_loss': '0.08126', 'paper_align_reason_loss': '1.085', 'epoch': '1.775'}
{'paper_align_label_loss': '0.03977', 'paper_align_reason_loss': '0.7378', 'epoch': '1.775'}
{'paper_align_label_loss': '0.03738', 'paper_align_reason_loss': '0.8508', 'epoch': '1.78'}
{'paper_align_label_loss': '0.009239', 'paper_align_reason_loss': '0.995', 'epoch': '1.78'}
{'paper_align_label_loss': '0.005314', 'paper_align_reason_loss': '0.6589', 'epoch': '1.78'}
{'paper_align_label_loss': '0.08934', 'paper_align_reason_loss': '0.9027', 'epoch': '1.78'}
{'loss': '1.777', 'grad_norm': '3.327', 'learning_rate': '3.768e-05', 'epoch': '1.785'}
{'paper_align_label_loss': '0.03662', 'paper_align_reason_loss': '0.8091', 'epoch': '1.785'}
{'paper_align_label_loss': '0.00362', 'paper_align_reason_loss': '0.8708', 'epoch': '1.785'}
{'paper_align_label_loss': '0.006966', 'paper_align_reason_loss': '0.8403', 'epoch': '1.785'}
{'paper_align_label_loss': '0.03672', 'paper_align_reason_loss': '0.7219', 'epoch': '1.785'}
{'paper_align_label_loss': '0.3538', 'paper_align_reason_loss': '1.078', 'epoch': '1.79'}
{'paper_align_label_loss': '0.01763', 'paper_align_reason_loss': '0.8218', 'epoch': '1.79'}
{'paper_align_label_loss': '0.1669', 'paper_align_reason_loss': '0.6133', 'epoch': '1.79'}
{'paper_align_label_loss': '0.1121', 'paper_align_reason_loss': '0.947', 'epoch': '1.79'}
{'paper_align_label_loss': '0.01118', 'paper_align_reason_loss': '1.038', 'epoch': '1.795'}
{'paper_align_label_loss': '0.0374', 'paper_align_reason_loss': '0.6557', 'epoch': '1.795'}
{'paper_align_label_loss': '0.05924', 'paper_align_reason_loss': '0.9666', 'epoch': '1.795'}
{'paper_align_label_loss': '0.01556', 'paper_align_reason_loss': '1.008', 'epoch': '1.795'}
{'paper_align_label_loss': '0.009169', 'paper_align_reason_loss': '0.8324', 'epoch': '1.8'}
{'paper_align_label_loss': '0.01469', 'paper_align_reason_loss': '0.8103', 'epoch': '1.8'}
{'paper_align_label_loss': '0.01005', 'paper_align_reason_loss': '0.6592', 'epoch': '1.8'}
{'paper_align_label_loss': '0.0315', 'paper_align_reason_loss': '0.7936', 'epoch': '1.8'}
{'paper_align_label_loss': '0.1291', 'paper_align_reason_loss': '0.8287', 'epoch': '1.805'}
{'paper_align_label_loss': '0.04447', 'paper_align_reason_loss': '1.014', 'epoch': '1.805'}
{'paper_align_label_loss': '0.00865', 'paper_align_reason_loss': '0.8857', 'epoch': '1.805'}
{'paper_align_label_loss': '0.04312', 'paper_align_reason_loss': '0.786', 'epoch': '1.805'}
{'paper_align_label_loss': '0.1851', 'paper_align_reason_loss': '0.9998', 'epoch': '1.81'}
{'paper_align_label_loss': '0.001989', 'paper_align_reason_loss': '0.7772', 'epoch': '1.81'}
{'paper_align_label_loss': '0.01315', 'paper_align_reason_loss': '0.8304', 'epoch': '1.81'}
{'paper_align_label_loss': '0.04766', 'paper_align_reason_loss': '0.9137', 'epoch': '1.81'}
{'paper_align_label_loss': '0.01991', 'paper_align_reason_loss': '0.8245', 'epoch': '1.815'}
{'paper_align_label_loss': '0.008705', 'paper_align_reason_loss': '0.856', 'epoch': '1.815'}
{'paper_align_label_loss': '0.00496', 'paper_align_reason_loss': '0.5828', 'epoch': '1.815'}
{'paper_align_label_loss': '0.005875', 'paper_align_reason_loss': '0.7793', 'epoch': '1.815'}
{'paper_align_label_loss': '0.04892', 'paper_align_reason_loss': '0.6581', 'epoch': '1.82'}
{'paper_align_label_loss': '0.1005', 'paper_align_reason_loss': '0.996', 'epoch': '1.82'}
{'paper_align_label_loss': '0.03647', 'paper_align_reason_loss': '0.5763', 'epoch': '1.82'}
{'paper_align_label_loss': '0.01636', 'paper_align_reason_loss': '0.7608', 'epoch': '1.82'}
{'paper_align_label_loss': '0.02269', 'paper_align_reason_loss': '0.6329', 'epoch': '1.825'}
{'paper_align_label_loss': '0.005308', 'paper_align_reason_loss': '0.7451', 'epoch': '1.825'}
{'paper_align_label_loss': '0.004834', 'paper_align_reason_loss': '0.6696', 'epoch': '1.825'}
{'paper_align_label_loss': '0.01365', 'paper_align_reason_loss': '0.922', 'epoch': '1.825'}
{'paper_align_label_loss': '0.02245', 'paper_align_reason_loss': '0.7416', 'epoch': '1.83'}
{'paper_align_label_loss': '0.02776', 'paper_align_reason_loss': '1.136', 'epoch': '1.83'}
{'paper_align_label_loss': '0.0005185', 'paper_align_reason_loss': '0.9969', 'epoch': '1.83'}
{'paper_align_label_loss': '0.2369', 'paper_align_reason_loss': '0.6889', 'epoch': '1.83'}
{'loss': '1.752', 'grad_norm': '4.551', 'learning_rate': '3.511e-05', 'epoch': '1.835'}
{'paper_align_label_loss': '0.004142', 'paper_align_reason_loss': '1.064', 'epoch': '1.835'}
{'paper_align_label_loss': '0.01394', 'paper_align_reason_loss': '0.6071', 'epoch': '1.835'}
{'paper_align_label_loss': '0.0085', 'paper_align_reason_loss': '1.076', 'epoch': '1.835'}
{'paper_align_label_loss': '0.04905', 'paper_align_reason_loss': '0.8793', 'epoch': '1.835'}
{'paper_align_label_loss': '0.000809', 'paper_align_reason_loss': '0.83', 'epoch': '1.84'}
{'paper_align_label_loss': '0.09575', 'paper_align_reason_loss': '0.7312', 'epoch': '1.84'}
{'paper_align_label_loss': '0.01601', 'paper_align_reason_loss': '0.8423', 'epoch': '1.84'}
{'paper_align_label_loss': '0.3455', 'paper_align_reason_loss': '0.7472', 'epoch': '1.84'}
{'paper_align_label_loss': '0.01332', 'paper_align_reason_loss': '0.9649', 'epoch': '1.845'}
{'paper_align_label_loss': '0.02401', 'paper_align_reason_loss': '0.6169', 'epoch': '1.845'}
{'paper_align_label_loss': '0.006425', 'paper_align_reason_loss': '1.036', 'epoch': '1.845'}

 61%|██████▏   | 372/606 [12:26<07:25,  1.91s/it]
 62%|██████▏   | 373/606 [12:27<07:39,  1.97s/it]2026-09-20 21:27:01,282 INFO [rev_util_actionability|paper_align|Qwen3-0.6B] step=373 epoch=1.8497

                                                 

 62%|██████▏   | 373/606 [12:27<07:39,  1.97s/it]2026-09-20 21:27:01,749 INFO [rev_util_actionability|paper_align|Qwen3-0.6B] step=373 epoch=1.8497

                                                 

 62%|██████▏   | 373/606 [12:27<07:39,  1.97s/it]2026-09-20 21:27:02,216 INFO [rev_util_actionability|paper_align|Qwen3-0.6B] step=373 epoch=1.8497

                                                 

 62%|██████▏   | 373/606 [12:28<07:39,  1.97s/it]2026-09-20 21:27:02,675 INFO [rev_util_actionability|paper_align|Qwen3-0.6B] step=373 epoch=1.8497

                                                 

 62%|██████▏   | 373/606 [12:28<07:39,  1.97s/it]
 62%|██████▏   | 374/606 [12:29<07:31,  1.95s/it]2026-09-20 21:27:03,169 INFO [rev_util_actionability|paper_align|Qwen3-0.6B] step=374 epoch=1.8547

                                                 

 62%|██████▏   | 374/606 [12:29<07:31,  1.95s/it]2026-09-20 21:27:03,630 INFO [rev_util_actionability|paper_align|Qwen3-0.6B] step=374 epoch=1.8547

                                                 

 62%|██████▏   | 374/606 [12:29<07:31,  1.95s/it]2026-09-20 21:27:04,097 INFO [rev_util_actionability|paper_align|Qwen3-0.6B] step=374 epoch=1.8547

                                                 

 62%|██████▏   | 374/606 [12:30<07:31,  1.95s/it]2026-09-20 21:27:04,563 INFO [rev_util_actionability|paper_align|Qwen3-0.6B] step=374 epoch=1.8547

                                                 

 62%|██████▏   | 374/606 [12:30<07:31,  1.95s/it]
 62%|██████▏   | 375/606 [12:31<07:25,  1.93s/it]2026-09-20 21:27:05,065 INFO [rev_util_actionability|paper_align|Qwen3-0.6B] step=375 epoch=1.8596

                                                 

 62%|██████▏   | 375/606 [12:31<07:25,  1.93s/it]2026-09-20 21:27:05,570 INFO [rev_util_actionability|paper_align|Qwen3-0.6B] step=375 epoch=1.8596

                                                 

 62%|██████▏   | 375/606 [12:31<07:25,  1.93s/it]2026-09-20 21:27:06,043 INFO [rev_util_actionability|paper_align|Qwen3-0.6B] step=375 epoch=1.8596

                                                 

 62%|██████▏   | 375/606 [12:32<07:25,  1.93s/it]2026-09-20 21:27:06,509 INFO [rev_util_actionability|paper_align|Qwen3-0.6B] step=375 epoch=1.8596

                                                 

 62%|██████▏   | 375/606 [12:32<07:25,  1.93s/it]
 62%|██████▏   | 376/606 [12:32<07:25,  1.94s/it]2026-09-20 21:27:07,018 INFO [rev_util_actionability|paper_align|Qwen3-0.6B] step=376 epoch=1.8646

                                                 

 62%|██████▏   | 376/606 [12:33<07:25,  1.94s/it]2026-09-20 21:27:07,487 INFO [rev_util_actionability|paper_align|Qwen3-0.6B] step=376 epoch=1.8646

                                                 

 62%|██████▏   | 376/606 [12:33<07:25,  1.94s/it]2026-09-20 21:27:07,953 INFO [rev_util_actionability|paper_align|Qwen3-0.6B] step=376 epoch=1.8646

                                                 

 62%|██████▏   | 376/606 [12:34<07:25,  1.94s/it]2026-09-20 21:27:08,415 INFO [rev_util_actionability|paper_align|Qwen3-0.6B] step=376 epoch=1.8646

                                                 

 62%|██████▏   | 376/606 [12:34<07:25,  1.94s/it]
 62%|██████▏   | 377/606 [12:34<07:21,  1.93s/it]2026-09-20 21:27:09,093 INFO [rev_util_actionability|paper_align|Qwen3-0.6B] step=377 epoch=1.8696

                                                 

 62%|██████▏   | 377/606 [12:35<07:21,  1.93s/it]2026-09-20 21:27:09,550 INFO [rev_util_actionability|paper_align|Qwen3-0.6B] step=377 epoch=1.8696

                                                 

 62%|██████▏   | 377/606 [12:35<07:21,  1.93s/it]2026-09-20 21:27:10,017 INFO [rev_util_actionability|paper_align|Qwen3-0.6B] step=377 epoch=1.8696

                                                 

 62%|██████▏   | 377/606 [12:36<07:21,  1.93s/it]2026-09-20 21:27:10,493 INFO [rev_util_actionability|paper_align|Qwen3-0.6B] step=377 epoch=1.8696

                                                 

 62%|██████▏   | 377/606 [12:36<07:21,  1.93s/it]
 62%|██████▏   | 378/606 [12:36<07:29,  1.97s/it]2026-09-20 21:27:10,994 INFO [rev_util_actionability|paper_align|Qwen3-0.6B] step=378 epoch=1.8745

                                                 

 62%|██████▏   | 378/606 [12:37<07:29,  1.97s/it]2026-09-20 21:27:11,464 INFO [rev_util_actionability|paper_align|Qwen3-0.6B] step=378 epoch=1.8745

                                                 

 62%|██████▏   | 378/606 [12:37<07:29,  1.97s/it]2026-09-20 21:27:11,934 INFO [rev_util_actionability|paper_align|Qwen3-0.6B] step=378 epoch=1.8745

                                                 

 62%|██████▏   | 378/606 [12:38<07:29,  1.97s/it]2026-09-20 21:27:12,400 INFO [rev_util_actionability|paper_align|Qwen3-0.6B] step=378 epoch=1.8745

                                                 

 62%|██████▏   | 378/606 [12:38<07:29,  1.97s/it]
 63%|██████▎   | 379/606 [12:38<07:23,  1.95s/it]2026-09-20 21:27:12,906 INFO [rev_util_actionability|paper_align|Qwen3-0.6B] step=379 epoch=1.8795

                                                 

 63%|██████▎   | 379/606 [12:39<07:23,  1.95s/it]2026-09-20 21:27:13,366 INFO [rev_util_actionability|paper_align|Qwen3-0.6B] step=379 epoch=1.8795

                                                 

 63%|██████▎   | 379/606 [12:39<07:23,  1.95s/it]2026-09-20 21:27:13,845 INFO [rev_util_actionability|paper_align|Qwen3-0.6B] step=379 epoch=1.8795

                                                 

 63%|██████▎   | 379/606 [12:39<07:23,  1.95s/it]2026-09-20 21:27:14,311 INFO [rev_util_actionability|paper_align|Qwen3-0.6B] step=379 epoch=1.8795

                                                 

 63%|██████▎   | 379/606 [12:40<07:23,  1.95s/it]
 63%|██████▎   | 380/606 [12:40<07:18,  1.94s/it]2026-09-20 21:27:14,637 INFO [rev_util_actionability|paper_align|Qwen3-0.6B] step=380 loss=1.8161 learning_rate=0.0000 epoch=1.8845

                                                 

 63%|██████▎   | 380/606 [12:40<07:18,  1.94s/it]2026-09-20 21:27:14,813 INFO [rev_util_actionability|paper_align|Qwen3-0.6B] step=380 epoch=1.8845

                                                 

 63%|██████▎   | 380/606 [12:40<07:18,  1.94s/it]2026-09-20 21:27:15,281 INFO [rev_util_actionability|paper_align|Qwen3-0.6B] step=380 epoch=1.8845

                                                 

 63%|██████▎   | 380/606 [12:41<07:18,  1.94s/it]2026-09-20 21:27:15,744 INFO [rev_util_actionability|paper_align|Qwen3-0.6B] step=380 epoch=1.8845

                                                 

 63%|██████▎   | 380/606 [12:41<07:18,  1.94s/it]2026-09-20 21:27:16,217 INFO [rev_util_actionability|paper_align|Qwen3-0.6B] step=380 epoch=1.8845

                                                 

 63%|██████▎   | 380/606 [12:42<07:18,  1.94s/it]
 63%|██████▎   | 381/606 [12:42<07:13,  1.93s/it]2026-09-20 21:27:16,710 INFO [rev_util_actionability|paper_align|Qwen3-0.6B] step=381 epoch=1.8894

                                                 

 63%|██████▎   | 381/606 [12:42<07:13,  1.93s/it]2026-09-20 21:27:17,176 INFO [rev_util_actionability|paper_align|Qwen3-0.6B] step=381 epoch=1.8894

                                                 

 63%|██████▎   | 381/606 [12:43<07:13,  1.93s/it]2026-09-20 21:27:17,643 INFO [rev_util_actionability|paper_align|Qwen3-0.6B] step=381 epoch=1.8894

                                                 

 63%|██████▎   | 381/606 [12:43<07:13,  1.93s/it]2026-09-20 21:27:18,113 INFO [rev_util_actionability|paper_align|Qwen3-0.6B] step=381 epoch=1.8894

                                                 

 63%|██████▎   | 381/606 [12:44<07:13,  1.93s/it]
 63%|██████▎   | 382/606 [12:44<07:09,  1.92s/it]2026-09-20 21:27:18,610 INFO [rev_util_actionability|paper_align|Qwen3-0.6B] step=382 epoch=1.8944

                                                 

 63%|██████▎   | 382/606 [12:44<07:09,  1.92s/it]2026-09-20 21:27:19,288 INFO [rev_util_actionability|paper_align|Qwen3-0.6B] step=382 epoch=1.8944

                                                 

 63%|██████▎   | 382/606 [12:45<07:09,  1.92s/it]2026-09-20 21:27:19,785 INFO [rev_util_actionability|paper_align|Qwen3-0.6B] step=382 epoch=1.8944

                                                 

 63%|██████▎   | 382/606 [12:45<07:09,  1.92s/it]2026-09-20 21:27:20,251 INFO [rev_util_actionability|paper_align|Qwen3-0.6B] step=382 epoch=1.8944

                                                 

 63%|██████▎   | 382/606 [12:46<07:09,  1.92s/it]
 63%|██████▎   | 383/606 [12:46<07:23,  1.99s/it]2026-09-20 21:27:20,757 INFO [rev_util_actionability|paper_align|Qwen3-0.6B] step=383 epoch=1.8994

                                                 

 63%|██████▎   | 383/606 [12:46<07:23,  1.99s/it]2026-09-20 21:27:21,237 INFO [rev_util_actionability|paper_align|Qwen3-0.6B] step=383 epoch=1.8994

                                                 

 63%|██████▎   | 383/606 [12:47<07:23,  1.99s/it]2026-09-20 21:27:21,707 INFO [rev_util_actionability|paper_align|Qwen3-0.6B] step=383 epoch=1.8994

                                                 

 63%|██████▎   | 383/606 [12:47<07:23,  1.99s/it]2026-09-20 21:27:22,193 INFO [rev_util_actionability|paper_align|Qwen3-0.6B] step=383 epoch=1.8994

                                                 

 63%|██████▎   | 383/606 [12:48<07:23,  1.99s/it]
 63%|██████▎   | 384/606 [12:48<07:17,  1.97s/it]2026-09-20 21:27:22,697 INFO [rev_util_actionability|paper_align|Qwen3-0.6B] step=384 epoch=1.9043

                                                 

 63%|██████▎   | 384/606 [12:48<07:17,  1.97s/it]2026-09-20 21:27:23,164 INFO [rev_util_actionability|paper_align|Qwen3-0.6B] step=384 epoch=1.9043

                                                 

 63%|██████▎   | 384/606 [12:49<07:17,  1.97s/it]2026-09-20 21:27:23,633 INFO [rev_util_actionability|paper_align|Qwen3-0.6B] step=384 epoch=1.9043

                                                 

 63%|██████▎   | 384/606 [12:49<07:17,  1.97s/it]2026-09-20 21:27:24,109 INFO [rev_util_actionability|paper_align|Qwen3-0.6B] step=384 epoch=1.9043

                                                 

 63%|██████▎   | 384/606 [12:50<07:17,  1.97s/it]
 64%|██████▎   | 385/606 [12:50<07:12,  1.96s/it]2026-09-20 21:27:24,614 INFO [rev_util_actionability|paper_align|Qwen3-0.6B] step=385 epoch=1.9093

                                                 

 64%|██████▎   | 385/606 [12:50<07:12,  1.96s/it]2026-09-20 21:27:25,087 INFO [rev_util_actionability|paper_align|Qwen3-0.6B] step=385 epoch=1.9093

                                                 

 64%|██████▎   | 385/606 [12:51<07:12,  1.96s/it]2026-09-20 21:27:25,565 INFO [rev_util_actionability|paper_align|Qwen3-0.6B] step=385 epoch=1.9093

                                                 

 64%|██████▎   | 385/606 [12:51<07:12,  1.96s/it]2026-09-20 21:27:26,029 INFO [rev_util_actionability|paper_align|Qwen3-0.6B] step=385 epoch=1.9093

                                                 

 64%|██████▎   | 385/606 [12:52<07:12,  1.96s/it]
 64%|██████▎   | 386/606 [12:52<07:07,  1.94s/it]2026-09-20 21:27:26,531 INFO [rev_util_actionability|paper_align|Qwen3-0.6B] step=386 epoch=1.9143

                                                 

 64%|██████▎   | 386/606 [12:52<07:07,  1.94s/it]2026-09-20 21:27:27,002 INFO [rev_util_actionability|paper_align|Qwen3-0.6B] step=386 epoch=1.9143

                                                 

 64%|██████▎   | 386/606 [12:53<07:07,  1.94s/it]2026-09-20 21:27:27,469 INFO [rev_util_actionability|paper_align|Qwen3-0.6B] step=386 epoch=1.9143

                                                 

 64%|██████▎   | 386/606 [12:53<07:07,  1.94s/it]2026-09-20 21:27:27,939 INFO [rev_util_actionability|paper_align|Qwen3-0.6B] step=386 epoch=1.9143

                                                 

 64%|██████▎   | 386/606 [12:54<07:07,  1.94s/it]
 64%|██████▍   | 387/606 [12:54<07:03,  1.93s/it]2026-09-20 21:27:28,441 INFO [rev_util_actionability|paper_align|Qwen3-0.6B] step=387 epoch=1.9193

                                                 

 64%|██████▍   | 387/606 [12:54<07:03,  1.93s/it]2026-09-20 21:27:29,074 INFO [rev_util_actionability|paper_align|Qwen3-0.6B] step=387 epoch=1.9193

                                                 

 64%|██████▍   | 387/606 [12:55<07:03,  1.93s/it]2026-09-20 21:27:29,549 INFO [rev_util_actionability|paper_align|Qwen3-0.6B] step=387 epoch=1.9193

                                                 

 64%|██████▍   | 387/606 [12:55<07:03,  1.93s/it]2026-09-20 21:27:30,021 INFO [rev_util_actionability|paper_align|Qwen3-0.6B] step=387 epoch=1.9193

                                                 

 64%|██████▍   | 387/606 [12:56<07:03,  1.93s/it]
 64%|██████▍   | 388/606 [12:56<07:11,  1.98s/it]2026-09-20 21:27:30,529 INFO [rev_util_actionability|paper_align|Qwen3-0.6B] step=388 epoch=1.9242

                                                 

 64%|██████▍   | 388/606 [12:56<07:11,  1.98s/it]2026-09-20 21:27:30,995 INFO [rev_util_actionability|paper_align|Qwen3-0.6B] step=388 epoch=1.9242

                                                 

 64%|██████▍   | 388/606 [12:57<07:11,  1.98s/it]2026-09-20 21:27:31,465 INFO [rev_util_actionability|paper_align|Qwen3-0.6B] step=388 epoch=1.9242

                                                 

 64%|██████▍   | 388/606 [12:57<07:11,  1.98s/it]2026-09-20 21:27:31,930 INFO [rev_util_actionability|paper_align|Qwen3-0.6B] step=388 epoch=1.9242

                                                 

 64%|██████▍   | 388/606 [12:58<07:11,  1.98s/it]
 64%|██████▍   | 389/606 [12:58<07:04,  1.96s/it]2026-09-20 21:27:32,434 INFO [rev_util_actionability|paper_align|Qwen3-0.6B] step=389 epoch=1.9292

                                                 

 64%|██████▍   | 389/606 [12:58<07:04,  1.96s/it]2026-09-20 21:27:32,902 INFO [rev_util_actionability|paper_align|Qwen3-0.6B] step=389 epoch=1.9292

                                                 

 64%|██████▍   | 389/606 [12:59<07:04,  1.96s/it]2026-09-20 21:27:33,371 INFO [rev_util_actionability|paper_align|Qwen3-0.6B] step=389 epoch=1.9292

                                                 

 64%|██████▍   | 389/606 [12:59<07:04,  1.96s/it]2026-09-20 21:27:33,873 INFO [rev_util_actionability|paper_align|Qwen3-0.6B] step=389 epoch=1.9292

                                                 

 64%|██████▍   | 389/606 [12:59<07:04,  1.96s/it]
 64%|██████▍   | 390/606 [13:00<07:02,  1.95s/it]2026-09-20 21:27:34,202 INFO [rev_util_actionability|paper_align|Qwen3-0.6B] step=390 loss=1.8671 learning_rate=0.0000 epoch=1.9342

                                                 

 64%|██████▍   | 390/606 [13:00<07:02,  1.95s/it]2026-09-20 21:27:34,383 INFO [rev_util_actionability|paper_align|Qwen3-0.6B] step=390 epoch=1.9342

                                                 

 64%|██████▍   | 390/606 [13:00<07:02,  1.95s/it]2026-09-20 21:27:34,855 INFO [rev_util_actionability|paper_align|Qwen3-0.6B] step=390 epoch=1.9342

                                                 

 64%|██████▍   | 390/606 [13:00<07:02,  1.95s/it]2026-09-20 21:27:35,327 INFO [rev_util_actionability|paper_align|Qwen3-0.6B] step=390 epoch=1.9342

                                                 

 64%|██████▍   | 390/606 [13:01<07:02,  1.95s/it]2026-09-20 21:27:35,792 INFO [rev_util_actionability|paper_align|Qwen3-0.6B] step=390 epoch=1.9342

                                                 

 64%|██████▍   | 390/606 [13:01<07:02,  1.95s/it]
 65%|██████▍   | 391/606 [13:02<06:57,  1.94s/it]2026-09-20 21:27:36,297 INFO [rev_util_actionability|paper_align|Qwen3-0.6B] step=391 epoch=1.9391

                                                 

 65%|██████▍   | 391/606 [13:02<06:57,  1.94s/it]2026-09-20 21:27:36,769 INFO [rev_util_actionability|paper_align|Qwen3-0.6B] step=391 epoch=1.9391

                                                 

 65%|██████▍   | 391/606 [13:02<06:57,  1.94s/it]2026-09-20 21:27:37,244 INFO [rev_util_actionability|paper_align|Qwen3-0.6B] step=391 epoch=1.9391

                                                 

 65%|██████▍   | 391/606 [13:03<06:57,  1.94s/it]2026-09-20 21:27:37,716 INFO [rev_util_actionability|paper_align|Qwen3-0.6B] step=391 epoch=1.9391

                                                 

 65%|██████▍   | 391/606 [13:03<06:57,  1.94s/it]
 65%|██████▍   | 392/606 [13:04<06:54,  1.94s/it]2026-09-20 21:27:38,216 INFO [rev_util_actionability|paper_align|Qwen3-0.6B] step=392 epoch=1.9441

                                                 

 65%|██████▍   | 392/606 [13:04<06:54,  1.94s/it]2026-09-20 21:27:38,845 INFO [rev_util_actionability|paper_align|Qwen3-0.6B] step=392 epoch=1.9441

                                                 

 65%|██████▍   | 392/606 [13:04<06:54,  1.94s/it]2026-09-20 21:27:39,309 INFO [rev_util_actionability|paper_align|Qwen3-0.6B] step=392 epoch=1.9441

                                                 

 65%|██████▍   | 392/606 [13:05<06:54,  1.94s/it]2026-09-20 21:27:39,775 INFO [rev_util_actionability|paper_align|Qwen3-0.6B] step=392 epoch=1.9441

                                                 

 65%|██████▍   | 392/606 [13:05<06:54,  1.94s/it]
 65%|██████▍   | 393/606 [13:06<07:00,  1.97s/it]2026-09-20 21:27:40,282 INFO [rev_util_actionability|paper_align|Qwen3-0.6B] step=393 epoch=1.9491

                                                 

 65%|██████▍   | 393/606 [13:06<07:00,  1.97s/it]2026-09-20 21:27:40,748 INFO [rev_util_actionability|paper_align|Qwen3-0.6B] step=393 epoch=1.9491

                                                 

 65%|██████▍   | 393/606 [13:06<07:00,  1.97s/it]2026-09-20 21:27:41,211 INFO [rev_util_actionability|paper_align|Qwen3-0.6B] step=393 epoch=1.9491

                                                 

 65%|██████▍   | 393/606 [13:07<07:00,  1.97s/it]2026-09-20 21:27:41,673 INFO [rev_util_actionability|paper_align|Qwen3-0.6B] step=393 epoch=1.9491

                                                 

 65%|██████▍   | 393/606 [13:07<07:00,  1.97s/it]
 65%|██████▌   | 394/606 [13:08<06:53,  1.95s/it]2026-09-20 21:27:42,172 INFO [rev_util_actionability|paper_align|Qwen3-0.6B] step=394 epoch=1.9540

                                                 

 65%|██████▌   | 394/606 [13:08<06:53,  1.95s/it]2026-09-20 21:27:42,636 INFO [rev_util_actionability|paper_align|Qwen3-0.6B] step=394 epoch=1.9540

                                                 
{'paper_align_label_loss': '0.003462', 'paper_align_reason_loss': '0.776', 'epoch': '1.845'}
{'paper_align_label_loss': '0.005117', 'paper_align_reason_loss': '0.7365', 'epoch': '1.85'}
{'paper_align_label_loss': '0.0372', 'paper_align_reason_loss': '0.6589', 'epoch': '1.85'}
{'paper_align_label_loss': '0.09478', 'paper_align_reason_loss': '0.763', 'epoch': '1.85'}
{'paper_align_label_loss': '0.03665', 'paper_align_reason_loss': '0.7928', 'epoch': '1.85'}
{'paper_align_label_loss': '0.03049', 'paper_align_reason_loss': '0.7315', 'epoch': '1.855'}
{'paper_align_label_loss': '0.04173', 'paper_align_reason_loss': '0.7216', 'epoch': '1.855'}
{'paper_align_label_loss': '0.01534', 'paper_align_reason_loss': '0.7571', 'epoch': '1.855'}
{'paper_align_label_loss': '0.1306', 'paper_align_reason_loss': '0.9556', 'epoch': '1.855'}
{'paper_align_label_loss': '0.3582', 'paper_align_reason_loss': '0.9899', 'epoch': '1.86'}
{'paper_align_label_loss': '0.01078', 'paper_align_reason_loss': '0.948', 'epoch': '1.86'}
{'paper_align_label_loss': '0.006967', 'paper_align_reason_loss': '0.7692', 'epoch': '1.86'}
{'paper_align_label_loss': '0.0006079', 'paper_align_reason_loss': '0.7164', 'epoch': '1.86'}
{'paper_align_label_loss': '0.04347', 'paper_align_reason_loss': '0.8468', 'epoch': '1.865'}
{'paper_align_label_loss': '0.00972', 'paper_align_reason_loss': '1.07', 'epoch': '1.865'}
{'paper_align_label_loss': '0.01', 'paper_align_reason_loss': '0.8773', 'epoch': '1.865'}
{'paper_align_label_loss': '0.04807', 'paper_align_reason_loss': '0.9574', 'epoch': '1.865'}
{'paper_align_label_loss': '0.003935', 'paper_align_reason_loss': '0.7982', 'epoch': '1.87'}
{'paper_align_label_loss': '0.08865', 'paper_align_reason_loss': '0.7997', 'epoch': '1.87'}
{'paper_align_label_loss': '0.0423', 'paper_align_reason_loss': '0.8448', 'epoch': '1.87'}
{'paper_align_label_loss': '0.05737', 'paper_align_reason_loss': '0.7967', 'epoch': '1.87'}
{'paper_align_label_loss': '0.09678', 'paper_align_reason_loss': '0.9695', 'epoch': '1.875'}
{'paper_align_label_loss': '0.08375', 'paper_align_reason_loss': '0.8222', 'epoch': '1.875'}
{'paper_align_label_loss': '0.2364', 'paper_align_reason_loss': '0.7955', 'epoch': '1.875'}
{'paper_align_label_loss': '0.01489', 'paper_align_reason_loss': '0.8056', 'epoch': '1.875'}
{'paper_align_label_loss': '0.2709', 'paper_align_reason_loss': '0.8151', 'epoch': '1.88'}
{'paper_align_label_loss': '0.00435', 'paper_align_reason_loss': '0.8557', 'epoch': '1.88'}
{'paper_align_label_loss': '0.2199', 'paper_align_reason_loss': '0.9633', 'epoch': '1.88'}
{'paper_align_label_loss': '0.06115', 'paper_align_reason_loss': '0.9512', 'epoch': '1.88'}
{'loss': '1.816', 'grad_norm': '5.752', 'learning_rate': '3.258e-05', 'epoch': '1.884'}
{'paper_align_label_loss': '0.05155', 'paper_align_reason_loss': '1.017', 'epoch': '1.884'}
{'paper_align_label_loss': '0.003743', 'paper_align_reason_loss': '0.6476', 'epoch': '1.884'}
{'paper_align_label_loss': '0.3275', 'paper_align_reason_loss': '0.7781', 'epoch': '1.884'}
{'paper_align_label_loss': '0.01739', 'paper_align_reason_loss': '0.9621', 'epoch': '1.884'}
{'paper_align_label_loss': '0.00392', 'paper_align_reason_loss': '0.7414', 'epoch': '1.889'}
{'paper_align_label_loss': '0.000937', 'paper_align_reason_loss': '0.75', 'epoch': '1.889'}
{'paper_align_label_loss': '0.04103', 'paper_align_reason_loss': '0.9841', 'epoch': '1.889'}
{'paper_align_label_loss': '0.01897', 'paper_align_reason_loss': '0.9787', 'epoch': '1.889'}
{'paper_align_label_loss': '0.01403', 'paper_align_reason_loss': '0.9476', 'epoch': '1.894'}
{'paper_align_label_loss': '0.007279', 'paper_align_reason_loss': '1.013', 'epoch': '1.894'}
{'paper_align_label_loss': '0.057', 'paper_align_reason_loss': '1.06', 'epoch': '1.894'}
{'paper_align_label_loss': '0.07729', 'paper_align_reason_loss': '0.6151', 'epoch': '1.894'}
{'paper_align_label_loss': '0.1676', 'paper_align_reason_loss': '0.7744', 'epoch': '1.899'}
{'paper_align_label_loss': '0.3546', 'paper_align_reason_loss': '0.72', 'epoch': '1.899'}
{'paper_align_label_loss': '0.007447', 'paper_align_reason_loss': '0.7087', 'epoch': '1.899'}
{'paper_align_label_loss': '0.05667', 'paper_align_reason_loss': '0.9428', 'epoch': '1.899'}
{'paper_align_label_loss': '0.004642', 'paper_align_reason_loss': '0.9921', 'epoch': '1.904'}
{'paper_align_label_loss': '0.1511', 'paper_align_reason_loss': '0.8814', 'epoch': '1.904'}
{'paper_align_label_loss': '0.02775', 'paper_align_reason_loss': '0.9302', 'epoch': '1.904'}
{'paper_align_label_loss': '0.02788', 'paper_align_reason_loss': '0.9847', 'epoch': '1.904'}
{'paper_align_label_loss': '0.0157', 'paper_align_reason_loss': '0.6168', 'epoch': '1.909'}
{'paper_align_label_loss': '0.002389', 'paper_align_reason_loss': '0.9743', 'epoch': '1.909'}
{'paper_align_label_loss': '0.01897', 'paper_align_reason_loss': '0.9399', 'epoch': '1.909'}
{'paper_align_label_loss': '0.1061', 'paper_align_reason_loss': '0.6879', 'epoch': '1.909'}
{'paper_align_label_loss': '0.01403', 'paper_align_reason_loss': '0.8923', 'epoch': '1.914'}
{'paper_align_label_loss': '0.01386', 'paper_align_reason_loss': '1.363', 'epoch': '1.914'}
{'paper_align_label_loss': '0.08019', 'paper_align_reason_loss': '0.6879', 'epoch': '1.914'}
{'paper_align_label_loss': '0.2206', 'paper_align_reason_loss': '0.7873', 'epoch': '1.914'}
{'paper_align_label_loss': '0.07655', 'paper_align_reason_loss': '0.6411', 'epoch': '1.919'}
{'paper_align_label_loss': '0.1177', 'paper_align_reason_loss': '1.106', 'epoch': '1.919'}
{'paper_align_label_loss': '0.09668', 'paper_align_reason_loss': '0.8505', 'epoch': '1.919'}
{'paper_align_label_loss': '0.0318', 'paper_align_reason_loss': '0.8178', 'epoch': '1.919'}
{'paper_align_label_loss': '0.183', 'paper_align_reason_loss': '1.018', 'epoch': '1.924'}
{'paper_align_label_loss': '0.08376', 'paper_align_reason_loss': '0.8856', 'epoch': '1.924'}
{'paper_align_label_loss': '0.1025', 'paper_align_reason_loss': '0.9384', 'epoch': '1.924'}
{'paper_align_label_loss': '0.06364', 'paper_align_reason_loss': '0.7978', 'epoch': '1.924'}
{'paper_align_label_loss': '0.02015', 'paper_align_reason_loss': '0.8446', 'epoch': '1.929'}
{'paper_align_label_loss': '0.05817', 'paper_align_reason_loss': '0.8353', 'epoch': '1.929'}
{'paper_align_label_loss': '0.003461', 'paper_align_reason_loss': '0.6556', 'epoch': '1.929'}
{'paper_align_label_loss': '0.03354', 'paper_align_reason_loss': '0.8113', 'epoch': '1.929'}
{'loss': '1.867', 'grad_norm': '4.307', 'learning_rate': '3.01e-05', 'epoch': '1.934'}
{'paper_align_label_loss': '0.02257', 'paper_align_reason_loss': '0.6929', 'epoch': '1.934'}
{'paper_align_label_loss': '0.292', 'paper_align_reason_loss': '0.9591', 'epoch': '1.934'}
{'paper_align_label_loss': '0.006332', 'paper_align_reason_loss': '0.8541', 'epoch': '1.934'}
{'paper_align_label_loss': '0.1762', 'paper_align_reason_loss': '1.048', 'epoch': '1.934'}
{'paper_align_label_loss': '0.06472', 'paper_align_reason_loss': '0.8968', 'epoch': '1.939'}
{'paper_align_label_loss': '0.003058', 'paper_align_reason_loss': '0.8176', 'epoch': '1.939'}
{'paper_align_label_loss': '0.01053', 'paper_align_reason_loss': '0.9402', 'epoch': '1.939'}
{'paper_align_label_loss': '0.0792', 'paper_align_reason_loss': '1.155', 'epoch': '1.939'}
{'paper_align_label_loss': '0.03932', 'paper_align_reason_loss': '0.8286', 'epoch': '1.944'}
{'paper_align_label_loss': '0.04791', 'paper_align_reason_loss': '0.6122', 'epoch': '1.944'}
{'paper_align_label_loss': '0.04098', 'paper_align_reason_loss': '0.8214', 'epoch': '1.944'}
{'paper_align_label_loss': '0.02403', 'paper_align_reason_loss': '0.9479', 'epoch': '1.944'}
{'paper_align_label_loss': '0.003695', 'paper_align_reason_loss': '0.8654', 'epoch': '1.949'}
{'paper_align_label_loss': '0.06159', 'paper_align_reason_loss': '0.933', 'epoch': '1.949'}
{'paper_align_label_loss': '0.1395', 'paper_align_reason_loss': '0.7265', 'epoch': '1.949'}
{'paper_align_label_loss': '0.2842', 'paper_align_reason_loss': '0.84', 'epoch': '1.949'}
{'paper_align_label_loss': '0.004274', 'paper_align_reason_loss': '0.6684', 'epoch': '1.954'}

 65%|██████▌   | 394/606 [13:08<06:53,  1.95s/it]2026-09-20 21:27:43,103 INFO [rev_util_actionability|paper_align|Qwen3-0.6B] step=394 epoch=1.9540

                                                 

 65%|██████▌   | 394/606 [13:09<06:53,  1.95s/it]2026-09-20 21:27:43,572 INFO [rev_util_actionability|paper_align|Qwen3-0.6B] step=394 epoch=1.9540

                                                 

 65%|██████▌   | 394/606 [13:09<06:53,  1.95s/it]
 65%|██████▌   | 395/606 [13:10<06:48,  1.94s/it]2026-09-20 21:27:44,075 INFO [rev_util_actionability|paper_align|Qwen3-0.6B] step=395 epoch=1.9590

                                                 

 65%|██████▌   | 395/606 [13:10<06:48,  1.94s/it]2026-09-20 21:27:44,539 INFO [rev_util_actionability|paper_align|Qwen3-0.6B] step=395 epoch=1.9590

                                                 

 65%|██████▌   | 395/606 [13:10<06:48,  1.94s/it]2026-09-20 21:27:45,009 INFO [rev_util_actionability|paper_align|Qwen3-0.6B] step=395 epoch=1.9590

                                                 

 65%|██████▌   | 395/606 [13:11<06:48,  1.94s/it]2026-09-20 21:27:45,470 INFO [rev_util_actionability|paper_align|Qwen3-0.6B] step=395 epoch=1.9590

                                                 

 65%|██████▌   | 395/606 [13:11<06:48,  1.94s/it]
 65%|██████▌   | 396/606 [13:11<06:44,  1.92s/it]2026-09-20 21:27:45,973 INFO [rev_util_actionability|paper_align|Qwen3-0.6B] step=396 epoch=1.9640

                                                 

 65%|██████▌   | 396/606 [13:12<06:44,  1.92s/it]2026-09-20 21:27:46,433 INFO [rev_util_actionability|paper_align|Qwen3-0.6B] step=396 epoch=1.9640

                                                 

 65%|██████▌   | 396/606 [13:12<06:44,  1.92s/it]2026-09-20 21:27:46,897 INFO [rev_util_actionability|paper_align|Qwen3-0.6B] step=396 epoch=1.9640

                                                 

 65%|██████▌   | 396/606 [13:13<06:44,  1.92s/it]2026-09-20 21:27:47,359 INFO [rev_util_actionability|paper_align|Qwen3-0.6B] step=396 epoch=1.9640

                                                 

 65%|██████▌   | 396/606 [13:13<06:44,  1.92s/it]
 66%|██████▌   | 397/606 [13:13<06:39,  1.91s/it]2026-09-20 21:27:47,860 INFO [rev_util_actionability|paper_align|Qwen3-0.6B] step=397 epoch=1.9689

                                                 

 66%|██████▌   | 397/606 [13:13<06:39,  1.91s/it]2026-09-20 21:27:48,494 INFO [rev_util_actionability|paper_align|Qwen3-0.6B] step=397 epoch=1.9689

                                                 

 66%|██████▌   | 397/606 [13:14<06:39,  1.91s/it]2026-09-20 21:27:48,973 INFO [rev_util_actionability|paper_align|Qwen3-0.6B] step=397 epoch=1.9689

                                                 

 66%|██████▌   | 397/606 [13:15<06:39,  1.91s/it]2026-09-20 21:27:49,438 INFO [rev_util_actionability|paper_align|Qwen3-0.6B] step=397 epoch=1.9689

                                                 

 66%|██████▌   | 397/606 [13:15<06:39,  1.91s/it]
 66%|██████▌   | 398/606 [13:15<06:48,  1.96s/it]2026-09-20 21:27:49,940 INFO [rev_util_actionability|paper_align|Qwen3-0.6B] step=398 epoch=1.9739

                                                 

 66%|██████▌   | 398/606 [13:16<06:48,  1.96s/it]2026-09-20 21:27:50,404 INFO [rev_util_actionability|paper_align|Qwen3-0.6B] step=398 epoch=1.9739

                                                 

 66%|██████▌   | 398/606 [13:16<06:48,  1.96s/it]2026-09-20 21:27:50,868 INFO [rev_util_actionability|paper_align|Qwen3-0.6B] step=398 epoch=1.9739

                                                 

 66%|██████▌   | 398/606 [13:16<06:48,  1.96s/it]2026-09-20 21:27:51,334 INFO [rev_util_actionability|paper_align|Qwen3-0.6B] step=398 epoch=1.9739

                                                 

 66%|██████▌   | 398/606 [13:17<06:48,  1.96s/it]
 66%|██████▌   | 399/606 [13:17<06:42,  1.94s/it]2026-09-20 21:27:51,835 INFO [rev_util_actionability|paper_align|Qwen3-0.6B] step=399 epoch=1.9789

                                                 

 66%|██████▌   | 399/606 [13:17<06:42,  1.94s/it]2026-09-20 21:27:52,299 INFO [rev_util_actionability|paper_align|Qwen3-0.6B] step=399 epoch=1.9789

                                                 

 66%|██████▌   | 399/606 [13:18<06:42,  1.94s/it]2026-09-20 21:27:52,765 INFO [rev_util_actionability|paper_align|Qwen3-0.6B] step=399 epoch=1.9789

                                                 

 66%|██████▌   | 399/606 [13:18<06:42,  1.94s/it]2026-09-20 21:27:53,228 INFO [rev_util_actionability|paper_align|Qwen3-0.6B] step=399 epoch=1.9789

                                                 

 66%|██████▌   | 399/606 [13:19<06:42,  1.94s/it]
 66%|██████▌   | 400/606 [13:19<06:37,  1.93s/it]2026-09-20 21:27:53,556 INFO [rev_util_actionability|paper_align|Qwen3-0.6B] step=400 loss=1.7695 learning_rate=0.0000 epoch=1.9839

                                                 

 66%|██████▌   | 400/606 [13:19<06:37,  1.93s/it]2026-09-20 21:27:53,731 INFO [rev_util_actionability|paper_align|Qwen3-0.6B] step=400 epoch=1.9839

                                                 

 66%|██████▌   | 400/606 [13:19<06:37,  1.93s/it]2026-09-20 21:27:54,192 INFO [rev_util_actionability|paper_align|Qwen3-0.6B] step=400 epoch=1.9839

                                                 

 66%|██████▌   | 400/606 [13:20<06:37,  1.93s/it]2026-09-20 21:27:54,659 INFO [rev_util_actionability|paper_align|Qwen3-0.6B] step=400 epoch=1.9839

                                                 

 66%|██████▌   | 400/606 [13:20<06:37,  1.93s/it]2026-09-20 21:27:55,130 INFO [rev_util_actionability|paper_align|Qwen3-0.6B] step=400 epoch=1.9839

                                                 

 66%|██████▌   | 400/606 [13:21<06:37,  1.93s/it]
 66%|██████▌   | 401/606 [13:21<06:33,  1.92s/it]2026-09-20 21:27:55,632 INFO [rev_util_actionability|paper_align|Qwen3-0.6B] step=401 epoch=1.9888

                                                 

 66%|██████▌   | 401/606 [13:21<06:33,  1.92s/it]2026-09-20 21:27:56,100 INFO [rev_util_actionability|paper_align|Qwen3-0.6B] step=401 epoch=1.9888

                                                 

 66%|██████▌   | 401/606 [13:22<06:33,  1.92s/it]2026-09-20 21:27:56,568 INFO [rev_util_actionability|paper_align|Qwen3-0.6B] step=401 epoch=1.9888

                                                 

 66%|██████▌   | 401/606 [13:22<06:33,  1.92s/it]2026-09-20 21:27:57,038 INFO [rev_util_actionability|paper_align|Qwen3-0.6B] step=401 epoch=1.9888

                                                 

 66%|██████▌   | 401/606 [13:23<06:33,  1.92s/it]
 66%|██████▋   | 402/606 [13:23<06:31,  1.92s/it]2026-09-20 21:27:57,538 INFO [rev_util_actionability|paper_align|Qwen3-0.6B] step=402 epoch=1.9938

                                                 

 66%|██████▋   | 402/606 [13:23<06:31,  1.92s/it]2026-09-20 21:27:58,000 INFO [rev_util_actionability|paper_align|Qwen3-0.6B] step=402 epoch=1.9938

                                                 

 66%|██████▋   | 402/606 [13:24<06:31,  1.92s/it]2026-09-20 21:27:58,641 INFO [rev_util_actionability|paper_align|Qwen3-0.6B] step=402 epoch=1.9938

                                                 

 66%|██████▋   | 402/606 [13:24<06:31,  1.92s/it]2026-09-20 21:27:59,108 INFO [rev_util_actionability|paper_align|Qwen3-0.6B] step=402 epoch=1.9938

                                                 

 66%|██████▋   | 402/606 [13:25<06:31,  1.92s/it]
 67%|██████▋   | 403/606 [13:25<06:38,  1.96s/it]2026-09-20 21:27:59,586 INFO [rev_util_actionability|paper_align|Qwen3-0.6B] step=403 epoch=1.9988

                                                 

 67%|██████▋   | 403/606 [13:25<06:38,  1.96s/it]
 67%|██████▋   | 404/606 [13:26<05:05,  1.51s/it]{'paper_align_label_loss': '0.02848', 'paper_align_reason_loss': '0.8221', 'epoch': '1.954'}
{'paper_align_label_loss': '0.01925', 'paper_align_reason_loss': '0.9649', 'epoch': '1.954'}
{'paper_align_label_loss': '0.008235', 'paper_align_reason_loss': '0.913', 'epoch': '1.954'}
{'paper_align_label_loss': '0.01797', 'paper_align_reason_loss': '0.8439', 'epoch': '1.959'}
{'paper_align_label_loss': '0.09155', 'paper_align_reason_loss': '0.9203', 'epoch': '1.959'}
{'paper_align_label_loss': '0.03163', 'paper_align_reason_loss': '0.8118', 'epoch': '1.959'}
{'paper_align_label_loss': '0.001515', 'paper_align_reason_loss': '0.7319', 'epoch': '1.959'}
{'paper_align_label_loss': '0.03592', 'paper_align_reason_loss': '0.7268', 'epoch': '1.964'}
{'paper_align_label_loss': '0.01828', 'paper_align_reason_loss': '0.7385', 'epoch': '1.964'}
{'paper_align_label_loss': '0.005767', 'paper_align_reason_loss': '0.6846', 'epoch': '1.964'}
{'paper_align_label_loss': '0.01336', 'paper_align_reason_loss': '0.6653', 'epoch': '1.964'}
{'paper_align_label_loss': '0.02011', 'paper_align_reason_loss': '0.6245', 'epoch': '1.969'}
{'paper_align_label_loss': '0.06342', 'paper_align_reason_loss': '0.8418', 'epoch': '1.969'}
{'paper_align_label_loss': '0.08247', 'paper_align_reason_loss': '0.8631', 'epoch': '1.969'}
{'paper_align_label_loss': '0.005025', 'paper_align_reason_loss': '0.6611', 'epoch': '1.969'}
{'paper_align_label_loss': '0.08827', 'paper_align_reason_loss': '0.774', 'epoch': '1.974'}
{'paper_align_label_loss': '0.02211', 'paper_align_reason_loss': '0.7596', 'epoch': '1.974'}
{'paper_align_label_loss': '0.01383', 'paper_align_reason_loss': '0.8456', 'epoch': '1.974'}
{'paper_align_label_loss': '0.0003688', 'paper_align_reason_loss': '1.039', 'epoch': '1.974'}
{'paper_align_label_loss': '0.04753', 'paper_align_reason_loss': '0.8993', 'epoch': '1.979'}
{'paper_align_label_loss': '0.005685', 'paper_align_reason_loss': '0.8318', 'epoch': '1.979'}
{'paper_align_label_loss': '0.03467', 'paper_align_reason_loss': '0.7625', 'epoch': '1.979'}
{'paper_align_label_loss': '0.386', 'paper_align_reason_loss': '0.7174', 'epoch': '1.979'}
{'loss': '1.77', 'grad_norm': '4.603', 'learning_rate': '2.767e-05', 'epoch': '1.984'}
{'paper_align_label_loss': '0.003947', 'paper_align_reason_loss': '1.107', 'epoch': '1.984'}
{'paper_align_label_loss': '0.006178', 'paper_align_reason_loss': '0.858', 'epoch': '1.984'}
{'paper_align_label_loss': '0.01068', 'paper_align_reason_loss': '0.9089', 'epoch': '1.984'}
{'paper_align_label_loss': '0.1474', 'paper_align_reason_loss': '0.9632', 'epoch': '1.984'}
{'paper_align_label_loss': '0.02569', 'paper_align_reason_loss': '0.5542', 'epoch': '1.989'}
{'paper_align_label_loss': '0.06304', 'paper_align_reason_loss': '1.252', 'epoch': '1.989'}
{'paper_align_label_loss': '0.2595', 'paper_align_reason_loss': '0.8144', 'epoch': '1.989'}
{'paper_align_label_loss': '0.002403', 'paper_align_reason_loss': '0.7221', 'epoch': '1.989'}
{'paper_align_label_loss': '0.000731', 'paper_align_reason_loss': '0.9845', 'epoch': '1.994'}
{'paper_align_label_loss': '0.02182', 'paper_align_reason_loss': '0.9829', 'epoch': '1.994'}
{'paper_align_label_loss': '0.1444', 'paper_align_reason_loss': '1.003', 'epoch': '1.994'}
{'paper_align_label_loss': '0.07801', 'paper_align_reason_loss': '0.8181', 'epoch': '1.994'}
{'paper_align_label_loss': '0.02912', 'paper_align_reason_loss': '0.9427', 'epoch': '1.999'}


  0%|          | 0/45 [00:00<?, ?it/s][A

  7%|▋         | 3/45 [00:00<00:02, 17.17it/s][A

 11%|█         | 5/45 [00:00<00:02, 13.94it/s][A

 16%|█▌        | 7/45 [00:00<00:02, 12.90it/s][A

 20%|██        | 9/45 [00:00<00:02, 12.40it/s][A

 24%|██▍       | 11/45 [00:00<00:02, 12.16it/s][A

 29%|██▉       | 13/45 [00:01<00:02, 11.96it/s][A

 33%|███▎      | 15/45 [00:01<00:02, 11.87it/s][A

 38%|███▊      | 17/45 [00:01<00:02, 11.79it/s][A

 42%|████▏     | 19/45 [00:01<00:02, 11.79it/s][A

 47%|████▋     | 21/45 [00:01<00:02, 11.79it/s][A

 51%|█████     | 23/45 [00:01<00:01, 11.71it/s][A

 56%|█████▌    | 25/45 [00:02<00:01, 11.70it/s][A

 60%|██████    | 27/45 [00:02<00:01, 11.72it/s][A

 64%|██████▍   | 29/45 [00:02<00:01, 11.77it/s][A

 69%|██████▉   | 31/45 [00:02<00:01, 11.78it/s][A

 73%|███████▎  | 33/45 [00:02<00:01, 11.76it/s][A

 78%|███████▊  | 35/45 [00:02<00:00, 11.80it/s][A

 82%|████████▏ | 37/45 [00:03<00:00, 11.81it/s][A

 87%|████████▋ | 39/45 [00:03<00:00, 11.91it/s][A

 91%|█████████ | 41/45 [00:03<00:00, 12.49it/s][A

 96%|█████████▌| 43/45 [00:03<00:00, 12.86it/s][A

100%|██████████| 45/45 [00:03<00:00, 13.33it/s][A2026-09-20 21:28:03,675 INFO [rev_util_actionability|paper_align|Qwen3-0.6B] step=404 eval_loss=0.0828 epoch=2.0000

                                                 

                                               
[A
 67%|██████▋   | 404/606 [13:29<05:05,  1.51s/it]

100%|██████████| 45/45 [00:03<00:00, 13.33it/s][A

                                               [A2026-09-20 21:28:03,818 INFO Starting generation validation on training device cuda:0: samples=179 batch_size=16
2026-09-20 21:28:04,547 INFO Generation validation progress: 16/179
2026-09-20 21:28:05,207 INFO Generation validation progress: 32/179
2026-09-20 21:28:05,876 INFO Generation validation progress: 48/179
2026-09-20 21:28:06,542 INFO Generation validation progress: 64/179
2026-09-20 21:28:07,212 INFO Generation validation progress: 80/179
2026-09-20 21:28:07,888 INFO Generation validation progress: 96/179
2026-09-20 21:28:08,543 INFO Generation validation progress: 112/179
2026-09-20 21:28:09,202 INFO Generation validation progress: 128/179
2026-09-20 21:28:09,870 INFO Generation validation progress: 144/179
2026-09-20 21:28:10,534 INFO Generation validation progress: 160/179
2026-09-20 21:28:11,183 INFO Generation validation progress: 176/179
2026-09-20 21:28:11,556 INFO Generation validation progress: 179/179
2026-09-20 21:28:11,599 INFO Generation val @ epoch=2.0 step=404: acc=0.7207 macro_f1=0.6158 valid=1.0000 (retaining last checkpoint)
2026-09-20 21:28:11,600 INFO [rev_util_actionability|paper_align|Qwen3-0.6B] step=404 eval_generation_accuracy=0.7207 eval_generation_macro_f1=0.6158 eval_generation_format_valid_rate=1.0000 eval_generation_mae=0.4469 eval_generation_qwk=0.7761 epoch=2.0000

                                                 

 67%|██████▋   | 404/606 [13:37<05:05,  1.51s/it]2026-09-20 21:28:12,112 INFO [rev_util_actionability|paper_align|Qwen3-0.6B] step=404 epoch=2.0000

                                                 

 67%|██████▋   | 404/606 [13:38<05:05,  1.51s/it]2026-09-20 21:28:12,560 INFO [rev_util_actionability|paper_align|Qwen3-0.6B] step=404 epoch=2.0000

                                                 

 67%|██████▋   | 404/606 [13:38<05:05,  1.51s/it]2026-09-20 21:28:13,001 INFO [rev_util_actionability|paper_align|Qwen3-0.6B] step=404 epoch=2.0000

                                                 

 67%|██████▋   | 404/606 [13:39<05:05,  1.51s/it]2026-09-20 21:28:13,436 INFO [rev_util_actionability|paper_align|Qwen3-0.6B] step=404 epoch=2.0000

                                                 

 67%|██████▋   | 404/606 [13:39<05:05,  1.51s/it]
 67%|██████▋   | 405/606 [13:39<17:28,  5.22s/it]2026-09-20 21:28:13,902 INFO [rev_util_actionability|paper_align|Qwen3-0.6B] step=405 epoch=2.0050

                                                 

 67%|██████▋   | 405/606 [13:40<17:28,  5.22s/it]2026-09-20 21:28:14,331 INFO [rev_util_actionability|paper_align|Qwen3-0.6B] step=405 epoch=2.0050

                                                 

 67%|██████▋   | 405/606 [13:40<17:28,  5.22s/it]2026-09-20 21:28:14,788 INFO [rev_util_actionability|paper_align|Qwen3-0.6B] step=405 epoch=2.0050

                                                 

 67%|██████▋   | 405/606 [13:40<17:28,  5.22s/it]2026-09-20 21:28:15,231 INFO [rev_util_actionability|paper_align|Qwen3-0.6B] step=405 epoch=2.0050

                                                 

 67%|██████▋   | 405/606 [13:41<17:28,  5.22s/it]
 67%|██████▋   | 406/606 [13:41<13:58,  4.19s/it]2026-09-20 21:28:15,708 INFO [rev_util_actionability|paper_align|Qwen3-0.6B] step=406 epoch=2.0099

                                                 

 67%|██████▋   | 406/606 [13:41<13:58,  4.19s/it]2026-09-20 21:28:16,146 INFO [rev_util_actionability|paper_align|Qwen3-0.6B] step=406 epoch=2.0099

                                                 

 67%|██████▋   | 406/606 [13:42<13:58,  4.19s/it]2026-09-20 21:28:16,589 INFO [rev_util_actionability|paper_align|Qwen3-0.6B] step=406 epoch=2.0099

                                                 

 67%|██████▋   | 406/606 [13:42<13:58,  4.19s/it]2026-09-20 21:28:17,028 INFO [rev_util_actionability|paper_align|Qwen3-0.6B] step=406 epoch=2.0099

                                                 

 67%|██████▋   | 406/606 [13:43<13:58,  4.19s/it]
 67%|██████▋   | 407/606 [13:43<11:31,  3.47s/it]2026-09-20 21:28:17,504 INFO [rev_util_actionability|paper_align|Qwen3-0.6B] step=407 epoch=2.0149

                                                 

 67%|██████▋   | 407/606 [13:43<11:31,  3.47s/it]2026-09-20 21:28:17,946 INFO [rev_util_actionability|paper_align|Qwen3-0.6B] step=407 epoch=2.0149

                                                 

 67%|██████▋   | 407/606 [13:44<11:31,  3.47s/it]2026-09-20 21:28:18,386 INFO [rev_util_actionability|paper_align|Qwen3-0.6B] step=407 epoch=2.0149

                                                 

 67%|██████▋   | 407/606 [13:44<11:31,  3.47s/it]2026-09-20 21:28:18,832 INFO [rev_util_actionability|paper_align|Qwen3-0.6B] step=407 epoch=2.0149

                                                 

 67%|██████▋   | 407/606 [13:44<11:31,  3.47s/it]
 67%|██████▋   | 408/606 [13:45<09:48,  2.97s/it]2026-09-20 21:28:19,305 INFO [rev_util_actionability|paper_align|Qwen3-0.6B] step=408 epoch=2.0199

                                                 

 67%|██████▋   | 408/606 [13:45<09:48,  2.97s/it]2026-09-20 21:28:19,898 INFO [rev_util_actionability|paper_align|Qwen3-0.6B] step=408 epoch=2.0199

                                                 

 67%|██████▋   | 408/606 [13:46<09:48,  2.97s/it]2026-09-20 21:28:20,344 INFO [rev_util_actionability|paper_align|Qwen3-0.6B] step=408 epoch=2.0199

                                                 

 67%|██████▋   | 408/606 [13:46<09:48,  2.97s/it]2026-09-20 21:28:20,796 INFO [rev_util_actionability|paper_align|Qwen3-0.6B] step=408 epoch=2.0199

                                                 

 67%|██████▋   | 408/606 [13:46<09:48,  2.97s/it]
 67%|██████▋   | 409/606 [13:47<08:45,  2.67s/it]2026-09-20 21:28:21,270 INFO [rev_util_actionability|paper_align|Qwen3-0.6B] step=409 epoch=2.0248

                                                 

 67%|██████▋   | 409/606 [13:47<08:45,  2.67s/it]2026-09-20 21:28:21,706 INFO [rev_util_actionability|paper_align|Qwen3-0.6B] step=409 epoch=2.0248

                                                 

 67%|██████▋   | 409/606 [13:47<08:45,  2.67s/it]2026-09-20 21:28:22,157 INFO [rev_util_actionability|paper_align|Qwen3-0.6B] step=409 epoch=2.0248

                                                 

 67%|██████▋   | 409/606 [13:48<08:45,  2.67s/it]2026-09-20 21:28:22,603 INFO [rev_util_actionability|paper_align|Qwen3-0.6B] step=409 epoch=2.0248

                                                 

 67%|██████▋   | 409/606 [13:48<08:45,  2.67s/it]
 68%|██████▊   | 410/606 [13:49<07:52,  2.41s/it]2026-09-20 21:28:22,929 INFO [rev_util_actionability|paper_align|Qwen3-0.6B] step=410 loss=1.6346 learning_rate=0.0000 epoch=2.0298

                                                 

 68%|██████▊   | 410/606 [13:49<07:52,  2.41s/it]2026-09-20 21:28:23,078 INFO [rev_util_actionability|paper_align|Qwen3-0.6B] step=410 epoch=2.0298

                                                 

 68%|██████▊   | 410/606 [13:49<07:52,  2.41s/it]2026-09-20 21:28:23,514 INFO [rev_util_actionability|paper_align|Qwen3-0.6B] step=410 epoch=2.0298

                                                 

 68%|██████▊   | 410/606 [13:49<07:52,  2.41s/it]2026-09-20 21:28:23,965 INFO [rev_util_actionability|paper_align|Qwen3-0.6B] step=410 epoch=2.0298

                                                 

 68%|██████▊   | 410/606 [13:50<07:52,  2.41s/it]2026-09-20 21:28:24,410 INFO [rev_util_actionability|paper_align|Qwen3-0.6B] step=410 epoch=2.0298

                                                 

 68%|██████▊   | 410/606 [13:50<07:52,  2.41s/it]
 68%|██████▊   | 411/606 [13:50<07:15,  2.23s/it]2026-09-20 21:28:24,943 INFO [rev_util_actionability|paper_align|Qwen3-0.6B] step=411 epoch=2.0348

                                                 

 68%|██████▊   | 411/606 [13:51<07:15,  2.23s/it]2026-09-20 21:28:25,413 INFO [rev_util_actionability|paper_align|Qwen3-0.6B] step=411 epoch=2.0348

                                                 

 68%|██████▊   | 411/606 [13:51<07:15,  2.23s/it]2026-09-20 21:28:25,887 INFO [rev_util_actionability|paper_align|Qwen3-0.6B] step=411 epoch=2.0348

                                                 

 68%|██████▊   | 411/606 [13:52<07:15,  2.23s/it]2026-09-20 21:28:26,362 INFO [rev_util_actionability|paper_align|Qwen3-0.6B] step=411 epoch=2.0348

                                                 

 68%|██████▊   | 411/606 [13:52<07:15,  2.23s/it]
 68%|██████▊   | 412/606 [13:52<06:56,  2.15s/it]2026-09-20 21:28:26,871 INFO [rev_util_actionability|paper_align|Qwen3-0.6B] step=412 epoch=2.0398

                                                 

 68%|██████▊   | 412/606 [13:52<06:56,  2.15s/it]2026-09-20 21:28:27,332 INFO [rev_util_actionability|paper_align|Qwen3-0.6B] step=412 epoch=2.0398

                                                 

 68%|██████▊   | 412/606 [13:53<06:56,  2.15s/it]2026-09-20 21:28:27,803 INFO [rev_util_actionability|paper_align|Qwen3-0.6B] step=412 epoch=2.0398

                                                 

 68%|██████▊   | 412/606 [13:53<06:56,  2.15s/it]2026-09-20 21:28:28,276 INFO [rev_util_actionability|paper_align|Qwen3-0.6B] step=412 epoch=2.0398

                                                 

 68%|██████▊   | 412/606 [13:54<06:56,  2.15s/it]
 68%|██████▊   | 413/606 [13:54<06:40,  2.08s/it]2026-09-20 21:28:28,963 INFO [rev_util_actionability|paper_align|Qwen3-0.6B] step=413 epoch=2.0447

                                                 

 68%|██████▊   | 413/606 [13:55<06:40,  2.08s/it]2026-09-20 21:28:29,433 INFO [rev_util_actionability|paper_align|Qwen3-0.6B] step=413 epoch=2.0447

                                                 

 68%|██████▊   | 413/606 [13:55<06:40,  2.08s/it]2026-09-20 21:28:29,904 INFO [rev_util_actionability|paper_align|Qwen3-0.6B] step=413 epoch=2.0447

                                                 

 68%|██████▊   | 413/606 [13:56<06:40,  2.08s/it]2026-09-20 21:28:30,386 INFO [rev_util_actionability|paper_align|Qwen3-0.6B] step=413 epoch=2.0447

                                                 

 68%|██████▊   | 413/606 [13:56<06:40,  2.08s/it]
 68%|██████▊   | 414/606 [13:56<06:40,  2.09s/it]2026-09-20 21:28:30,894 INFO [rev_util_actionability|paper_align|Qwen3-0.6B] step=414 epoch=2.0497

                                                 

 68%|██████▊   | 414/606 [13:57<06:40,  2.09s/it]2026-09-20 21:28:31,352 INFO [rev_util_actionability|paper_align|Qwen3-0.6B] step=414 epoch=2.0497

                                                 

 68%|██████▊   | 414/606 [13:57<06:40,  2.09s/it]2026-09-20 21:28:31,822 INFO [rev_util_actionability|paper_align|Qwen3-0.6B] step=414 epoch=2.0497

                                                 

 68%|██████▊   | 414/606 [13:57<06:40,  2.09s/it]2026-09-20 21:28:32,289 INFO [rev_util_actionability|paper_align|Qwen3-0.6B] step=414 epoch=2.0497

                                                 

 68%|██████▊   | 414/606 [13:58<06:40,  2.09s/it]
 68%|██████▊   | 415/606 [13:58<06:28,  2.03s/it]2026-09-20 21:28:32,812 INFO [rev_util_actionability|paper_align|Qwen3-0.6B] step=415 epoch=2.0547

                                                 

 68%|██████▊   | 415/606 [13:58<06:28,  2.03s/it]2026-09-20 21:28:33,276 INFO [rev_util_actionability|paper_align|Qwen3-0.6B] step=415 epoch=2.0547

                                                 

 68%|██████▊   | 415/606 [13:59<06:28,  2.03s/it]2026-09-20 21:28:33,745 INFO [rev_util_actionability|paper_align|Qwen3-0.6B] step=415 epoch=2.0547

                                                 

 68%|██████▊   | 415/606 [13:59<06:28,  2.03s/it]2026-09-20 21:28:34,211 INFO [rev_util_actionability|paper_align|Qwen3-0.6B] step=415 epoch=2.0547

                                                 

 68%|██████▊   | 415/606 [14:00<06:28,  2.03s/it]
 69%|██████▊   | 416/606 [14:00<06:19,  2.00s/it]2026-09-20 21:28:34,715 INFO [rev_util_actionability|paper_align|Qwen3-0.6B] step=416 epoch=2.0596

                                                 

 69%|██████▊   | 416/606 [14:00<06:19,  2.00s/it]2026-09-20 21:28:35,189 INFO [rev_util_actionability|paper_align|Qwen3-0.6B] step=416 epoch=2.0596

                                                 

 69%|██████▊   | 416/606 [14:01<06:19,  2.00s/it]2026-09-20 21:28:35,658 INFO [rev_util_actionability|paper_align|Qwen3-0.6B] step=416 epoch=2.0596

                                                 

 69%|██████▊   | 416/606 [14:01<06:19,  2.00s/it]2026-09-20 21:28:36,137 INFO [rev_util_actionability|paper_align|Qwen3-0.6B] step=416 epoch=2.0596

                                                 

 69%|██████▊   | 416/606 [14:02<06:19,  2.00s/it]
 69%|██████▉   | 417/606 [14:02<06:13,  1.98s/it]2026-09-20 21:28:36,645 INFO [rev_util_actionability|paper_align|Qwen3-0.6B] step=417 epoch=2.0646

                                                 

 69%|██████▉   | 417/606 [14:02<06:13,  1.98s/it]2026-09-20 21:28:37,111 INFO [rev_util_actionability|paper_align|Qwen3-0.6B] step=417 epoch=2.0646

                                                 

 69%|██████▉   | 417/606 [14:03<06:13,  1.98s/it]2026-09-20 21:28:37,581 INFO [rev_util_actionability|paper_align|Qwen3-0.6B] step=417 epoch=2.0646

                                                 

 69%|██████▉   | 417/606 [14:03<06:13,  1.98s/it]2026-09-20 21:28:38,049 INFO [rev_util_actionability|paper_align|Qwen3-0.6B] step=417 epoch=2.0646

                                                 

 69%|██████▉   | 417/606 [14:04<06:13,  1.98s/it]
 69%|██████▉   | 418/606 [14:04<06:08,  1.96s/it]2026-09-20 21:28:38,556 INFO [rev_util_actionability|paper_align|Qwen3-0.6B] step=418 epoch=2.0696

                                                 

 69%|██████▉   | 418/606 [14:04<06:08,  1.96s/it]2026-09-20 21:28:39,238 INFO [rev_util_actionability|paper_align|Qwen3-0.6B] step=418 epoch=2.0696

                                                 

 69%|██████▉   | 418/606 [14:05<06:08,  1.96s/it]2026-09-20 21:28:39,703 INFO [rev_util_actionability|paper_align|Qwen3-0.6B] step=418 epoch=2.0696

                                                 

 69%|██████▉   | 418/606 [14:05<06:08,  1.96s/it]2026-09-20 21:28:40,172 INFO [rev_util_actionability|paper_align|Qwen3-0.6B] step=418 epoch=2.0696

                                                 

 69%|██████▉   | 418/606 [14:06<06:08,  1.96s/it]
 69%|██████▉   | 419/606 [14:06<06:15,  2.01s/it]2026-09-20 21:28:40,674 INFO [rev_util_actionability|paper_align|Qwen3-0.6B] step=419 epoch=2.0745

                                                 

 69%|██████▉   | 419/606 [14:06<06:15,  2.01s/it]2026-09-20 21:28:41,152 INFO [rev_util_actionability|paper_align|Qwen3-0.6B] step=419 epoch=2.0745

                                                 

 69%|██████▉   | 419/606 [14:07<06:15,  2.01s/it]2026-09-20 21:28:41,625 INFO [rev_util_actionability|paper_align|Qwen3-0.6B] step=419 epoch=2.0745

                                                 

 69%|██████▉   | 419/606 [14:07<06:15,  2.01s/it]2026-09-20 21:28:42,098 INFO [rev_util_actionability|paper_align|Qwen3-0.6B] step=419 epoch=2.0745

                                                 

 69%|██████▉   | 419/606 [14:08<06:15,  2.01s/it]
 69%|██████▉   | 420/606 [14:08<06:09,  1.99s/it]2026-09-20 21:28:42,435 INFO [rev_util_actionability|paper_align|Qwen3-0.6B] step=420 loss=1.6595 learning_rate=0.0000 epoch=2.0795

                                                 

 69%|██████▉   | 420/606 [14:08<06:09,  1.99s/it]2026-09-20 21:28:42,654 INFO [rev_util_actionability|paper_align|Qwen3-0.6B] step=420 epoch=2.0795

                                                 

 69%|██████▉   | 420/606 [14:08<06:09,  1.99s/it]2026-09-20 21:28:43,227 INFO [rev_util_actionability|paper_align|Qwen3-0.6B] step=420 epoch=2.0795

                                                 

 69%|██████▉   | 420/606 [14:09<06:09,  1.99s/it]2026-09-20 21:28:43,812 INFO [rev_util_actionability|paper_align|Qwen3-0.6B] step=420 epoch=2.0795

                                                 

 69%|██████▉   | 420/606 [14:09<06:09,  1.99s/it]2026-09-20 21:28:44,384 INFO [rev_util_actionability|paper_align|Qwen3-0.6B] step=420 epoch=2.0795

                                                 

 69%|██████▉   | 420/606 [14:10<06:09,  1.99s/it]
 69%|██████▉   | 421/606 [14:10<06:28,  2.10s/it]2026-09-20 21:28:44,982 INFO [rev_util_actionability|paper_align|Qwen3-0.6B] step=421 epoch=2.0845

                                                 

 69%|██████▉   | 421/606 [14:11<06:28,  2.10s/it]2026-09-20 21:28:45,449 INFO [rev_util_actionability|paper_align|Qwen3-0.6B] step=421 epoch=2.0845

                                                 

 69%|██████▉   | 421/606 [14:11<06:28,  2.10s/it]2026-09-20 21:28:45,925 INFO [rev_util_actionability|paper_align|Qwen3-0.6B] step=421 epoch=2.0845

                                                 

 69%|██████▉   | 421/606 [14:12<06:28,  2.10s/it]2026-09-20 21:28:46,400 INFO [rev_util_actionability|paper_align|Qwen3-0.6B] step=421 epoch=2.0845

                                                 

 69%|██████▉   | 421/606 [14:12<06:28,  2.10s/it]
 70%|██████▉   | 422/606 [14:12<06:17,  2.05s/it]2026-09-20 21:28:46,920 INFO [rev_util_actionability|paper_align|Qwen3-0.6B] step=422 epoch=2.0894

                                                 

 70%|██████▉   | 422/606 [14:13<06:17,  2.05s/it]2026-09-20 21:28:47,384 INFO [rev_util_actionability|paper_align|Qwen3-0.6B] step=422 epoch=2.0894

                                                 

 70%|██████▉   | 422/606 [14:13<06:17,  2.05s/it]2026-09-20 21:28:47,853 INFO [rev_util_actionability|paper_align|Qwen3-0.6B] step=422 epoch=2.0894

                                                 

 70%|██████▉   | 422/606 [14:13<06:17,  2.05s/it]2026-09-20 21:28:48,317 INFO [rev_util_actionability|paper_align|Qwen3-0.6B] step=422 epoch=2.0894

                                                 

 70%|██████▉   | 422/606 [14:14<06:17,  2.05s/it]
 70%|██████▉   | 423/606 [14:14<06:07,  2.01s/it]2026-09-20 21:28:48,828 INFO [rev_util_actionability|paper_align|Qwen3-0.6B] step=423 epoch=2.0944

                                                 

 70%|██████▉   | 423/606 [14:14<06:07,  2.01s/it]2026-09-20 21:28:49,469 INFO [rev_util_actionability|paper_align|Qwen3-0.6B] step=423 epoch=2.0944

                                                 

 70%|██████▉   | 423/606 [14:15<06:07,  2.01s/it]2026-09-20 21:28:49,937 INFO [rev_util_actionability|paper_align|Qwen3-0.6B] step=423 epoch=2.0944

                                                 

 70%|██████▉   | 423/606 [14:16<06:07,  2.01s/it]2026-09-20 21:28:50,407 INFO [rev_util_actionability|paper_align|Qwen3-0.6B] step=423 epoch=2.0944

                                                 

 70%|██████▉   | 423/606 [14:16<06:07,  2.01s/it]
 70%|██████▉   | 424/606 [14:16<06:09,  2.03s/it]2026-09-20 21:28:50,910 INFO [rev_util_actionability|paper_align|Qwen3-0.6B] step=424 epoch=2.0994

                                                 

 70%|██████▉   | 424/606 [14:17<06:09,  2.03s/it]2026-09-20 21:28:51,362 INFO [rev_util_actionability|paper_align|Qwen3-0.6B] step=424 epoch=2.0994

                                                 
{'eval_loss': '0.08282', 'eval_runtime': '3.769', 'eval_samples_per_second': '47.49', 'eval_steps_per_second': '11.94', 'eval_entropy': '0.06922', 'eval_num_tokens': '0', 'eval_mean_token_accuracy': '0.9657', 'epoch': '2'}
{'eval_generation_accuracy': '0.7207', 'eval_generation_macro_f1': '0.6158', 'eval_generation_format_valid_rate': '1', 'eval_generation_invalid_outputs': 0, 'eval_generation_mae': '0.4469', 'eval_generation_qwk': '0.7761', 'epoch': '2'}
{'paper_align_label_loss': '0.02733', 'paper_align_reason_loss': '0.7763', 'epoch': '2'}
{'paper_align_label_loss': '0.009366', 'paper_align_reason_loss': '0.8857', 'epoch': '2'}
{'paper_align_label_loss': '0.01598', 'paper_align_reason_loss': '0.7679', 'epoch': '2'}
{'paper_align_label_loss': '0.005871', 'paper_align_reason_loss': '0.6757', 'epoch': '2'}
{'paper_align_label_loss': '0.04221', 'paper_align_reason_loss': '0.7595', 'epoch': '2.005'}
{'paper_align_label_loss': '0.1348', 'paper_align_reason_loss': '0.7659', 'epoch': '2.005'}
{'paper_align_label_loss': '0.02878', 'paper_align_reason_loss': '0.6646', 'epoch': '2.005'}
{'paper_align_label_loss': '0.004863', 'paper_align_reason_loss': '0.7398', 'epoch': '2.005'}
{'paper_align_label_loss': '0.02051', 'paper_align_reason_loss': '0.8521', 'epoch': '2.01'}
{'paper_align_label_loss': '0.2717', 'paper_align_reason_loss': '0.8071', 'epoch': '2.01'}
{'paper_align_label_loss': '0.007353', 'paper_align_reason_loss': '1.017', 'epoch': '2.01'}
{'paper_align_label_loss': '0.01721', 'paper_align_reason_loss': '0.6984', 'epoch': '2.01'}
{'paper_align_label_loss': '0.1915', 'paper_align_reason_loss': '0.8101', 'epoch': '2.015'}
{'paper_align_label_loss': '0.03979', 'paper_align_reason_loss': '0.551', 'epoch': '2.015'}
{'paper_align_label_loss': '0.02662', 'paper_align_reason_loss': '0.7288', 'epoch': '2.015'}
{'paper_align_label_loss': '0.008954', 'paper_align_reason_loss': '0.7172', 'epoch': '2.015'}
{'paper_align_label_loss': '0.02141', 'paper_align_reason_loss': '0.8895', 'epoch': '2.02'}
{'paper_align_label_loss': '0.05731', 'paper_align_reason_loss': '0.7222', 'epoch': '2.02'}
{'paper_align_label_loss': '0.004246', 'paper_align_reason_loss': '0.7189', 'epoch': '2.02'}
{'paper_align_label_loss': '0.01073', 'paper_align_reason_loss': '0.6806', 'epoch': '2.02'}
{'paper_align_label_loss': '0.2085', 'paper_align_reason_loss': '0.7318', 'epoch': '2.025'}
{'paper_align_label_loss': '0.01887', 'paper_align_reason_loss': '0.7974', 'epoch': '2.025'}
{'paper_align_label_loss': '0.008121', 'paper_align_reason_loss': '1.01', 'epoch': '2.025'}
{'paper_align_label_loss': '0.1313', 'paper_align_reason_loss': '0.9074', 'epoch': '2.025'}
{'loss': '1.635', 'grad_norm': '4.278', 'learning_rate': '2.531e-05', 'epoch': '2.03'}
{'paper_align_label_loss': '0.02086', 'paper_align_reason_loss': '1.037', 'epoch': '2.03'}
{'paper_align_label_loss': '0.00939', 'paper_align_reason_loss': '0.7039', 'epoch': '2.03'}
{'paper_align_label_loss': '0.006836', 'paper_align_reason_loss': '0.975', 'epoch': '2.03'}
{'paper_align_label_loss': '0.1908', 'paper_align_reason_loss': '1.061', 'epoch': '2.03'}
{'paper_align_label_loss': '0.07614', 'paper_align_reason_loss': '0.8841', 'epoch': '2.035'}
{'paper_align_label_loss': '0.04708', 'paper_align_reason_loss': '0.8188', 'epoch': '2.035'}
{'paper_align_label_loss': '0.02133', 'paper_align_reason_loss': '0.948', 'epoch': '2.035'}
{'paper_align_label_loss': '0.001801', 'paper_align_reason_loss': '0.8657', 'epoch': '2.035'}
{'paper_align_label_loss': '0.007241', 'paper_align_reason_loss': '0.6261', 'epoch': '2.04'}
{'paper_align_label_loss': '0.07683', 'paper_align_reason_loss': '0.8255', 'epoch': '2.04'}
{'paper_align_label_loss': '0.01555', 'paper_align_reason_loss': '0.7031', 'epoch': '2.04'}
{'paper_align_label_loss': '0.0006648', 'paper_align_reason_loss': '0.4946', 'epoch': '2.04'}
{'paper_align_label_loss': '0.03704', 'paper_align_reason_loss': '0.7412', 'epoch': '2.045'}
{'paper_align_label_loss': '0.03841', 'paper_align_reason_loss': '0.6072', 'epoch': '2.045'}
{'paper_align_label_loss': '0.1053', 'paper_align_reason_loss': '0.7904', 'epoch': '2.045'}
{'paper_align_label_loss': '0.02815', 'paper_align_reason_loss': '0.5633', 'epoch': '2.045'}
{'paper_align_label_loss': '0.01418', 'paper_align_reason_loss': '0.7749', 'epoch': '2.05'}
{'paper_align_label_loss': '0.03964', 'paper_align_reason_loss': '0.8241', 'epoch': '2.05'}
{'paper_align_label_loss': '0.006609', 'paper_align_reason_loss': '0.7247', 'epoch': '2.05'}
{'paper_align_label_loss': '0.068', 'paper_align_reason_loss': '0.7639', 'epoch': '2.05'}
{'paper_align_label_loss': '0.04621', 'paper_align_reason_loss': '0.7885', 'epoch': '2.055'}
{'paper_align_label_loss': '0.2332', 'paper_align_reason_loss': '0.8135', 'epoch': '2.055'}
{'paper_align_label_loss': '0.04771', 'paper_align_reason_loss': '0.7139', 'epoch': '2.055'}
{'paper_align_label_loss': '0.01626', 'paper_align_reason_loss': '1.065', 'epoch': '2.055'}
{'paper_align_label_loss': '0.07967', 'paper_align_reason_loss': '0.9436', 'epoch': '2.06'}
{'paper_align_label_loss': '0.1741', 'paper_align_reason_loss': '0.7953', 'epoch': '2.06'}
{'paper_align_label_loss': '0.03182', 'paper_align_reason_loss': '0.6954', 'epoch': '2.06'}
{'paper_align_label_loss': '0.02226', 'paper_align_reason_loss': '0.9591', 'epoch': '2.06'}
{'paper_align_label_loss': '0.01264', 'paper_align_reason_loss': '0.5599', 'epoch': '2.065'}
{'paper_align_label_loss': '0.04784', 'paper_align_reason_loss': '0.7492', 'epoch': '2.065'}
{'paper_align_label_loss': '0.002309', 'paper_align_reason_loss': '0.9118', 'epoch': '2.065'}
{'paper_align_label_loss': '0.00967', 'paper_align_reason_loss': '0.8813', 'epoch': '2.065'}
{'paper_align_label_loss': '0.01288', 'paper_align_reason_loss': '0.8878', 'epoch': '2.07'}
{'paper_align_label_loss': '0.006974', 'paper_align_reason_loss': '0.6403', 'epoch': '2.07'}
{'paper_align_label_loss': '0.003208', 'paper_align_reason_loss': '0.6427', 'epoch': '2.07'}
{'paper_align_label_loss': '0.06998', 'paper_align_reason_loss': '0.6328', 'epoch': '2.07'}
{'paper_align_label_loss': '0.01009', 'paper_align_reason_loss': '0.8155', 'epoch': '2.075'}
{'paper_align_label_loss': '0.01303', 'paper_align_reason_loss': '0.8054', 'epoch': '2.075'}
{'paper_align_label_loss': '0.002578', 'paper_align_reason_loss': '0.9621', 'epoch': '2.075'}
{'paper_align_label_loss': '0.006154', 'paper_align_reason_loss': '0.5337', 'epoch': '2.075'}
{'loss': '1.659', 'grad_norm': '2.793', 'learning_rate': '2.302e-05', 'epoch': '2.08'}
{'paper_align_label_loss': '0.001894', 'paper_align_reason_loss': '0.8194', 'epoch': '2.08'}
{'paper_align_label_loss': '0.06998', 'paper_align_reason_loss': '0.8572', 'epoch': '2.08'}
{'paper_align_label_loss': '0.0332', 'paper_align_reason_loss': '0.7833', 'epoch': '2.08'}
{'paper_align_label_loss': '0.005201', 'paper_align_reason_loss': '0.6728', 'epoch': '2.08'}
{'paper_align_label_loss': '0.02093', 'paper_align_reason_loss': '0.7476', 'epoch': '2.084'}
{'paper_align_label_loss': '0.08823', 'paper_align_reason_loss': '0.9171', 'epoch': '2.084'}
{'paper_align_label_loss': '0.02964', 'paper_align_reason_loss': '0.8452', 'epoch': '2.084'}
{'paper_align_label_loss': '0.006038', 'paper_align_reason_loss': '0.601', 'epoch': '2.084'}
{'paper_align_label_loss': '0.003978', 'paper_align_reason_loss': '0.9013', 'epoch': '2.089'}
{'paper_align_label_loss': '0.004624', 'paper_align_reason_loss': '0.733', 'epoch': '2.089'}
{'paper_align_label_loss': '0.008669', 'paper_align_reason_loss': '0.8472', 'epoch': '2.089'}
{'paper_align_label_loss': '0.002414', 'paper_align_reason_loss': '0.8339', 'epoch': '2.089'}
{'paper_align_label_loss': '0.1675', 'paper_align_reason_loss': '0.7977', 'epoch': '2.094'}
{'paper_align_label_loss': '0.0004999', 'paper_align_reason_loss': '0.5701', 'epoch': '2.094'}
{'paper_align_label_loss': '0.03996', 'paper_align_reason_loss': '0.9159', 'epoch': '2.094'}
{'paper_align_label_loss': '0.0312', 'paper_align_reason_loss': '0.5791', 'epoch': '2.094'}
{'paper_align_label_loss': '0.07073', 'paper_align_reason_loss': '0.669', 'epoch': '2.099'}

 70%|██████▉   | 424/606 [14:17<06:09,  2.03s/it]2026-09-20 21:28:51,899 INFO [rev_util_actionability|paper_align|Qwen3-0.6B] step=424 epoch=2.0994

                                                 

 70%|██████▉   | 424/606 [14:18<06:09,  2.03s/it]2026-09-20 21:28:52,469 INFO [rev_util_actionability|paper_align|Qwen3-0.6B] step=424 epoch=2.0994

                                                 

 70%|██████▉   | 424/606 [14:18<06:09,  2.03s/it]
 70%|███████   | 425/606 [14:18<06:13,  2.06s/it]2026-09-20 21:28:53,084 INFO [rev_util_actionability|paper_align|Qwen3-0.6B] step=425 epoch=2.1043

                                                 

 70%|███████   | 425/606 [14:19<06:13,  2.06s/it]2026-09-20 21:28:53,591 INFO [rev_util_actionability|paper_align|Qwen3-0.6B] step=425 epoch=2.1043

                                                 

 70%|███████   | 425/606 [14:19<06:13,  2.06s/it]2026-09-20 21:28:54,053 INFO [rev_util_actionability|paper_align|Qwen3-0.6B] step=425 epoch=2.1043

                                                 

 70%|███████   | 425/606 [14:20<06:13,  2.06s/it]2026-09-20 21:28:54,514 INFO [rev_util_actionability|paper_align|Qwen3-0.6B] step=425 epoch=2.1043

                                                 

 70%|███████   | 425/606 [14:20<06:13,  2.06s/it]
 70%|███████   | 426/606 [14:20<06:06,  2.03s/it]2026-09-20 21:28:55,020 INFO [rev_util_actionability|paper_align|Qwen3-0.6B] step=426 epoch=2.1093

                                                 

 70%|███████   | 426/606 [14:21<06:06,  2.03s/it]2026-09-20 21:28:55,494 INFO [rev_util_actionability|paper_align|Qwen3-0.6B] step=426 epoch=2.1093

                                                 

 70%|███████   | 426/606 [14:21<06:06,  2.03s/it]2026-09-20 21:28:55,964 INFO [rev_util_actionability|paper_align|Qwen3-0.6B] step=426 epoch=2.1093

                                                 

 70%|███████   | 426/606 [14:22<06:06,  2.03s/it]2026-09-20 21:28:56,432 INFO [rev_util_actionability|paper_align|Qwen3-0.6B] step=426 epoch=2.1093

                                                 

 70%|███████   | 426/606 [14:22<06:06,  2.03s/it]
 70%|███████   | 427/606 [14:22<05:57,  2.00s/it]2026-09-20 21:28:56,932 INFO [rev_util_actionability|paper_align|Qwen3-0.6B] step=427 epoch=2.1143

                                                 

 70%|███████   | 427/606 [14:23<05:57,  2.00s/it]2026-09-20 21:28:57,401 INFO [rev_util_actionability|paper_align|Qwen3-0.6B] step=427 epoch=2.1143

                                                 

 70%|███████   | 427/606 [14:23<05:57,  2.00s/it]2026-09-20 21:28:57,873 INFO [rev_util_actionability|paper_align|Qwen3-0.6B] step=427 epoch=2.1143

                                                 

 70%|███████   | 427/606 [14:23<05:57,  2.00s/it]2026-09-20 21:28:58,335 INFO [rev_util_actionability|paper_align|Qwen3-0.6B] step=427 epoch=2.1143

                                                 

 70%|███████   | 427/606 [14:24<05:57,  2.00s/it]
 71%|███████   | 428/606 [14:24<05:51,  1.98s/it]2026-09-20 21:28:58,855 INFO [rev_util_actionability|paper_align|Qwen3-0.6B] step=428 epoch=2.1193

                                                 

 71%|███████   | 428/606 [14:24<05:51,  1.98s/it]2026-09-20 21:28:59,520 INFO [rev_util_actionability|paper_align|Qwen3-0.6B] step=428 epoch=2.1193

                                                 

 71%|███████   | 428/606 [14:25<05:51,  1.98s/it]2026-09-20 21:28:59,991 INFO [rev_util_actionability|paper_align|Qwen3-0.6B] step=428 epoch=2.1193

                                                 

 71%|███████   | 428/606 [14:26<05:51,  1.98s/it]2026-09-20 21:29:00,458 INFO [rev_util_actionability|paper_align|Qwen3-0.6B] step=428 epoch=2.1193

                                                 

 71%|███████   | 428/606 [14:26<05:51,  1.98s/it]
 71%|███████   | 429/606 [14:26<05:56,  2.02s/it]2026-09-20 21:29:00,966 INFO [rev_util_actionability|paper_align|Qwen3-0.6B] step=429 epoch=2.1242

                                                 

 71%|███████   | 429/606 [14:27<05:56,  2.02s/it]2026-09-20 21:29:01,435 INFO [rev_util_actionability|paper_align|Qwen3-0.6B] step=429 epoch=2.1242

                                                 

 71%|███████   | 429/606 [14:27<05:56,  2.02s/it]2026-09-20 21:29:01,907 INFO [rev_util_actionability|paper_align|Qwen3-0.6B] step=429 epoch=2.1242

                                                 

 71%|███████   | 429/606 [14:28<05:56,  2.02s/it]2026-09-20 21:29:02,385 INFO [rev_util_actionability|paper_align|Qwen3-0.6B] step=429 epoch=2.1242

                                                 

 71%|███████   | 429/606 [14:28<05:56,  2.02s/it]
 71%|███████   | 430/606 [14:28<05:50,  1.99s/it]2026-09-20 21:29:02,710 INFO [rev_util_actionability|paper_align|Qwen3-0.6B] step=430 loss=1.6495 learning_rate=0.0000 epoch=2.1292

                                                 

 71%|███████   | 430/606 [14:28<05:50,  1.99s/it]2026-09-20 21:29:02,895 INFO [rev_util_actionability|paper_align|Qwen3-0.6B] step=430 epoch=2.1292

                                                 

 71%|███████   | 430/606 [14:29<05:50,  1.99s/it]2026-09-20 21:29:03,349 INFO [rev_util_actionability|paper_align|Qwen3-0.6B] step=430 epoch=2.1292

                                                 

 71%|███████   | 430/606 [14:29<05:50,  1.99s/it]2026-09-20 21:29:03,822 INFO [rev_util_actionability|paper_align|Qwen3-0.6B] step=430 epoch=2.1292

                                                 

 71%|███████   | 430/606 [14:29<05:50,  1.99s/it]2026-09-20 21:29:04,287 INFO [rev_util_actionability|paper_align|Qwen3-0.6B] step=430 epoch=2.1292

                                                 

 71%|███████   | 430/606 [14:30<05:50,  1.99s/it]
 71%|███████   | 431/606 [14:30<05:43,  1.96s/it]2026-09-20 21:29:04,791 INFO [rev_util_actionability|paper_align|Qwen3-0.6B] step=431 epoch=2.1342

                                                 

 71%|███████   | 431/606 [14:30<05:43,  1.96s/it]2026-09-20 21:29:05,257 INFO [rev_util_actionability|paper_align|Qwen3-0.6B] step=431 epoch=2.1342

                                                 

 71%|███████   | 431/606 [14:31<05:43,  1.96s/it]2026-09-20 21:29:05,732 INFO [rev_util_actionability|paper_align|Qwen3-0.6B] step=431 epoch=2.1342

                                                 

 71%|███████   | 431/606 [14:31<05:43,  1.96s/it]2026-09-20 21:29:06,201 INFO [rev_util_actionability|paper_align|Qwen3-0.6B] step=431 epoch=2.1342

                                                 

 71%|███████   | 431/606 [14:32<05:43,  1.96s/it]
 71%|███████▏  | 432/606 [14:32<05:39,  1.95s/it]2026-09-20 21:29:06,709 INFO [rev_util_actionability|paper_align|Qwen3-0.6B] step=432 epoch=2.1391

                                                 

 71%|███████▏  | 432/606 [14:32<05:39,  1.95s/it]2026-09-20 21:29:07,182 INFO [rev_util_actionability|paper_align|Qwen3-0.6B] step=432 epoch=2.1391

                                                 

 71%|███████▏  | 432/606 [14:33<05:39,  1.95s/it]2026-09-20 21:29:07,643 INFO [rev_util_actionability|paper_align|Qwen3-0.6B] step=432 epoch=2.1391

                                                 

 71%|███████▏  | 432/606 [14:33<05:39,  1.95s/it]2026-09-20 21:29:08,108 INFO [rev_util_actionability|paper_align|Qwen3-0.6B] step=432 epoch=2.1391

                                                 

 71%|███████▏  | 432/606 [14:34<05:39,  1.95s/it]
 71%|███████▏  | 433/606 [14:34<05:34,  1.94s/it]2026-09-20 21:29:08,609 INFO [rev_util_actionability|paper_align|Qwen3-0.6B] step=433 epoch=2.1441

                                                 

 71%|███████▏  | 433/606 [14:34<05:34,  1.94s/it]2026-09-20 21:29:09,254 INFO [rev_util_actionability|paper_align|Qwen3-0.6B] step=433 epoch=2.1441

                                                 

 71%|███████▏  | 433/606 [14:35<05:34,  1.94s/it]2026-09-20 21:29:09,726 INFO [rev_util_actionability|paper_align|Qwen3-0.6B] step=433 epoch=2.1441

                                                 

 71%|███████▏  | 433/606 [14:35<05:34,  1.94s/it]2026-09-20 21:29:10,191 INFO [rev_util_actionability|paper_align|Qwen3-0.6B] step=433 epoch=2.1441

                                                 

 71%|███████▏  | 433/606 [14:36<05:34,  1.94s/it]
 72%|███████▏  | 434/606 [14:36<05:40,  1.98s/it]2026-09-20 21:29:10,698 INFO [rev_util_actionability|paper_align|Qwen3-0.6B] step=434 epoch=2.1491

                                                 

 72%|███████▏  | 434/606 [14:36<05:40,  1.98s/it]2026-09-20 21:29:11,165 INFO [rev_util_actionability|paper_align|Qwen3-0.6B] step=434 epoch=2.1491

                                                 

 72%|███████▏  | 434/606 [14:37<05:40,  1.98s/it]2026-09-20 21:29:11,627 INFO [rev_util_actionability|paper_align|Qwen3-0.6B] step=434 epoch=2.1491

                                                 

 72%|███████▏  | 434/606 [14:37<05:40,  1.98s/it]2026-09-20 21:29:12,089 INFO [rev_util_actionability|paper_align|Qwen3-0.6B] step=434 epoch=2.1491

                                                 

 72%|███████▏  | 434/606 [14:38<05:40,  1.98s/it]
 72%|███████▏  | 435/606 [14:38<05:34,  1.96s/it]2026-09-20 21:29:12,590 INFO [rev_util_actionability|paper_align|Qwen3-0.6B] step=435 epoch=2.1540

                                                 

 72%|███████▏  | 435/606 [14:38<05:34,  1.96s/it]2026-09-20 21:29:13,046 INFO [rev_util_actionability|paper_align|Qwen3-0.6B] step=435 epoch=2.1540

                                                 

 72%|███████▏  | 435/606 [14:39<05:34,  1.96s/it]2026-09-20 21:29:13,510 INFO [rev_util_actionability|paper_align|Qwen3-0.6B] step=435 epoch=2.1540

                                                 

 72%|███████▏  | 435/606 [14:39<05:34,  1.96s/it]2026-09-20 21:29:13,972 INFO [rev_util_actionability|paper_align|Qwen3-0.6B] step=435 epoch=2.1540

                                                 

 72%|███████▏  | 435/606 [14:40<05:34,  1.96s/it]
 72%|███████▏  | 436/606 [14:40<05:28,  1.93s/it]2026-09-20 21:29:14,478 INFO [rev_util_actionability|paper_align|Qwen3-0.6B] step=436 epoch=2.1590

                                                 

 72%|███████▏  | 436/606 [14:40<05:28,  1.93s/it]2026-09-20 21:29:14,943 INFO [rev_util_actionability|paper_align|Qwen3-0.6B] step=436 epoch=2.1590

                                                 

 72%|███████▏  | 436/606 [14:41<05:28,  1.93s/it]2026-09-20 21:29:15,414 INFO [rev_util_actionability|paper_align|Qwen3-0.6B] step=436 epoch=2.1590

                                                 

 72%|███████▏  | 436/606 [14:41<05:28,  1.93s/it]2026-09-20 21:29:15,880 INFO [rev_util_actionability|paper_align|Qwen3-0.6B] step=436 epoch=2.1590

                                                 

 72%|███████▏  | 436/606 [14:41<05:28,  1.93s/it]
 72%|███████▏  | 437/606 [14:42<05:25,  1.93s/it]2026-09-20 21:29:16,382 INFO [rev_util_actionability|paper_align|Qwen3-0.6B] step=437 epoch=2.1640

                                                 

 72%|███████▏  | 437/606 [14:42<05:25,  1.93s/it]2026-09-20 21:29:16,845 INFO [rev_util_actionability|paper_align|Qwen3-0.6B] step=437 epoch=2.1640

                                                 

 72%|███████▏  | 437/606 [14:42<05:25,  1.93s/it]2026-09-20 21:29:17,313 INFO [rev_util_actionability|paper_align|Qwen3-0.6B] step=437 epoch=2.1640

                                                 

 72%|███████▏  | 437/606 [14:43<05:25,  1.93s/it]2026-09-20 21:29:17,781 INFO [rev_util_actionability|paper_align|Qwen3-0.6B] step=437 epoch=2.1640

                                                 

 72%|███████▏  | 437/606 [14:43<05:25,  1.93s/it]
 72%|███████▏  | 438/606 [14:44<05:22,  1.92s/it]2026-09-20 21:29:18,283 INFO [rev_util_actionability|paper_align|Qwen3-0.6B] step=438 epoch=2.1689

                                                 

 72%|███████▏  | 438/606 [14:44<05:22,  1.92s/it]2026-09-20 21:29:18,745 INFO [rev_util_actionability|paper_align|Qwen3-0.6B] step=438 epoch=2.1689

                                                 

 72%|███████▏  | 438/606 [14:44<05:22,  1.92s/it]2026-09-20 21:29:19,383 INFO [rev_util_actionability|paper_align|Qwen3-0.6B] step=438 epoch=2.1689

                                                 

 72%|███████▏  | 438/606 [14:45<05:22,  1.92s/it]2026-09-20 21:29:19,850 INFO [rev_util_actionability|paper_align|Qwen3-0.6B] step=438 epoch=2.1689

                                                 

 72%|███████▏  | 438/606 [14:45<05:22,  1.92s/it]
 72%|███████▏  | 439/606 [14:46<05:27,  1.96s/it]2026-09-20 21:29:20,356 INFO [rev_util_actionability|paper_align|Qwen3-0.6B] step=439 epoch=2.1739

                                                 

 72%|███████▏  | 439/606 [14:46<05:27,  1.96s/it]2026-09-20 21:29:20,819 INFO [rev_util_actionability|paper_align|Qwen3-0.6B] step=439 epoch=2.1739

                                                 

 72%|███████▏  | 439/606 [14:46<05:27,  1.96s/it]2026-09-20 21:29:21,291 INFO [rev_util_actionability|paper_align|Qwen3-0.6B] step=439 epoch=2.1739

                                                 

 72%|███████▏  | 439/606 [14:47<05:27,  1.96s/it]2026-09-20 21:29:21,757 INFO [rev_util_actionability|paper_align|Qwen3-0.6B] step=439 epoch=2.1739

                                                 

 72%|███████▏  | 439/606 [14:47<05:27,  1.96s/it]
 73%|███████▎  | 440/606 [14:48<05:23,  1.95s/it]2026-09-20 21:29:22,082 INFO [rev_util_actionability|paper_align|Qwen3-0.6B] step=440 loss=1.5637 learning_rate=0.0000 epoch=2.1789

                                                 

 73%|███████▎  | 440/606 [14:48<05:23,  1.95s/it]2026-09-20 21:29:22,259 INFO [rev_util_actionability|paper_align|Qwen3-0.6B] step=440 epoch=2.1789

                                                 

 73%|███████▎  | 440/606 [14:48<05:23,  1.95s/it]2026-09-20 21:29:22,722 INFO [rev_util_actionability|paper_align|Qwen3-0.6B] step=440 epoch=2.1789

                                                 

 73%|███████▎  | 440/606 [14:48<05:23,  1.95s/it]2026-09-20 21:29:23,186 INFO [rev_util_actionability|paper_align|Qwen3-0.6B] step=440 epoch=2.1789

                                                 

 73%|███████▎  | 440/606 [14:49<05:23,  1.95s/it]2026-09-20 21:29:23,650 INFO [rev_util_actionability|paper_align|Qwen3-0.6B] step=440 epoch=2.1789

                                                 

 73%|███████▎  | 440/606 [14:49<05:23,  1.95s/it]
 73%|███████▎  | 441/606 [14:50<05:18,  1.93s/it]2026-09-20 21:29:24,152 INFO [rev_util_actionability|paper_align|Qwen3-0.6B] step=441 epoch=2.1839

                                                 

 73%|███████▎  | 441/606 [14:50<05:18,  1.93s/it]2026-09-20 21:29:24,609 INFO [rev_util_actionability|paper_align|Qwen3-0.6B] step=441 epoch=2.1839

                                                 

 73%|███████▎  | 441/606 [14:50<05:18,  1.93s/it]2026-09-20 21:29:25,070 INFO [rev_util_actionability|paper_align|Qwen3-0.6B] step=441 epoch=2.1839

                                                 

 73%|███████▎  | 441/606 [14:51<05:18,  1.93s/it]2026-09-20 21:29:25,538 INFO [rev_util_actionability|paper_align|Qwen3-0.6B] step=441 epoch=2.1839

                                                 

 73%|███████▎  | 441/606 [14:51<05:18,  1.93s/it]
 73%|███████▎  | 442/606 [14:51<05:14,  1.92s/it]2026-09-20 21:29:26,039 INFO [rev_util_actionability|paper_align|Qwen3-0.6B] step=442 epoch=2.1888

                                                 

 73%|███████▎  | 442/606 [14:52<05:14,  1.92s/it]2026-09-20 21:29:26,498 INFO [rev_util_actionability|paper_align|Qwen3-0.6B] step=442 epoch=2.1888

                                                 

 73%|███████▎  | 442/606 [14:52<05:14,  1.92s/it]2026-09-20 21:29:26,967 INFO [rev_util_actionability|paper_align|Qwen3-0.6B] step=442 epoch=2.1888

                                                 

 73%|███████▎  | 442/606 [14:53<05:14,  1.92s/it]2026-09-20 21:29:27,443 INFO [rev_util_actionability|paper_align|Qwen3-0.6B] step=442 epoch=2.1888

                                                 

 73%|███████▎  | 442/606 [14:53<05:14,  1.92s/it]
 73%|███████▎  | 443/606 [14:53<05:12,  1.91s/it]2026-09-20 21:29:27,946 INFO [rev_util_actionability|paper_align|Qwen3-0.6B] step=443 epoch=2.1938

                                                 

 73%|███████▎  | 443/606 [14:54<05:12,  1.91s/it]2026-09-20 21:29:28,407 INFO [rev_util_actionability|paper_align|Qwen3-0.6B] step=443 epoch=2.1938

                                                 

 73%|███████▎  | 443/606 [14:54<05:12,  1.91s/it]2026-09-20 21:29:29,045 INFO [rev_util_actionability|paper_align|Qwen3-0.6B] step=443 epoch=2.1938

                                                 

 73%|███████▎  | 443/606 [14:55<05:12,  1.91s/it]2026-09-20 21:29:29,512 INFO [rev_util_actionability|paper_align|Qwen3-0.6B] step=443 epoch=2.1938

                                                 

 73%|███████▎  | 443/606 [14:55<05:12,  1.91s/it]
 73%|███████▎  | 444/606 [14:55<05:18,  1.97s/it]2026-09-20 21:29:30,039 INFO [rev_util_actionability|paper_align|Qwen3-0.6B] step=444 epoch=2.1988

                                                 

 73%|███████▎  | 444/606 [14:56<05:18,  1.97s/it]2026-09-20 21:29:30,525 INFO [rev_util_actionability|paper_align|Qwen3-0.6B] step=444 epoch=2.1988

                                                 

 73%|███████▎  | 444/606 [14:56<05:18,  1.97s/it]2026-09-20 21:29:30,992 INFO [rev_util_actionability|paper_align|Qwen3-0.6B] step=444 epoch=2.1988

                                                 

 73%|███████▎  | 444/606 [14:57<05:18,  1.97s/it]2026-09-20 21:29:31,464 INFO [rev_util_actionability|paper_align|Qwen3-0.6B] step=444 epoch=2.1988

                                                 

 73%|███████▎  | 444/606 [14:57<05:18,  1.97s/it]
 73%|███████▎  | 445/606 [14:57<05:15,  1.96s/it]2026-09-20 21:29:31,968 INFO [rev_util_actionability|paper_align|Qwen3-0.6B] step=445 epoch=2.2037

                                                 

 73%|███████▎  | 445/606 [14:58<05:15,  1.96s/it]2026-09-20 21:29:32,426 INFO [rev_util_actionability|paper_align|Qwen3-0.6B] step=445 epoch=2.2037

                                                 

 73%|███████▎  | 445/606 [14:58<05:15,  1.96s/it]2026-09-20 21:29:32,894 INFO [rev_util_actionability|paper_align|Qwen3-0.6B] step=445 epoch=2.2037

                                                 
{'paper_align_label_loss': '0.0005924', 'paper_align_reason_loss': '0.6219', 'epoch': '2.099'}
{'paper_align_label_loss': '0.02116', 'paper_align_reason_loss': '0.8889', 'epoch': '2.099'}
{'paper_align_label_loss': '0.03749', 'paper_align_reason_loss': '1.045', 'epoch': '2.099'}
{'paper_align_label_loss': '0.002065', 'paper_align_reason_loss': '0.928', 'epoch': '2.104'}
{'paper_align_label_loss': '0.0239', 'paper_align_reason_loss': '0.9056', 'epoch': '2.104'}
{'paper_align_label_loss': '0.003475', 'paper_align_reason_loss': '0.6664', 'epoch': '2.104'}
{'paper_align_label_loss': '0.05678', 'paper_align_reason_loss': '0.6897', 'epoch': '2.104'}
{'paper_align_label_loss': '0.08362', 'paper_align_reason_loss': '0.7901', 'epoch': '2.109'}
{'paper_align_label_loss': '0.002668', 'paper_align_reason_loss': '0.8425', 'epoch': '2.109'}
{'paper_align_label_loss': '0.01149', 'paper_align_reason_loss': '1.011', 'epoch': '2.109'}
{'paper_align_label_loss': '0.009359', 'paper_align_reason_loss': '0.8696', 'epoch': '2.109'}
{'paper_align_label_loss': '0.0009841', 'paper_align_reason_loss': '0.6054', 'epoch': '2.114'}
{'paper_align_label_loss': '0.01067', 'paper_align_reason_loss': '0.8756', 'epoch': '2.114'}
{'paper_align_label_loss': '0.001504', 'paper_align_reason_loss': '0.6459', 'epoch': '2.114'}
{'paper_align_label_loss': '0.0009984', 'paper_align_reason_loss': '0.6813', 'epoch': '2.114'}
{'paper_align_label_loss': '0.005767', 'paper_align_reason_loss': '0.7386', 'epoch': '2.119'}
{'paper_align_label_loss': '0.006124', 'paper_align_reason_loss': '0.9592', 'epoch': '2.119'}
{'paper_align_label_loss': '0.001081', 'paper_align_reason_loss': '0.7724', 'epoch': '2.119'}
{'paper_align_label_loss': '0.1495', 'paper_align_reason_loss': '0.7161', 'epoch': '2.119'}
{'paper_align_label_loss': '0.00762', 'paper_align_reason_loss': '0.8736', 'epoch': '2.124'}
{'paper_align_label_loss': '0.07173', 'paper_align_reason_loss': '0.7837', 'epoch': '2.124'}
{'paper_align_label_loss': '0.07001', 'paper_align_reason_loss': '1.014', 'epoch': '2.124'}
{'paper_align_label_loss': '0.02415', 'paper_align_reason_loss': '0.7878', 'epoch': '2.124'}
{'loss': '1.649', 'grad_norm': '4.015', 'learning_rate': '2.081e-05', 'epoch': '2.129'}
{'paper_align_label_loss': '0.00299', 'paper_align_reason_loss': '0.8412', 'epoch': '2.129'}
{'paper_align_label_loss': '0.01222', 'paper_align_reason_loss': '0.8383', 'epoch': '2.129'}
{'paper_align_label_loss': '0.05593', 'paper_align_reason_loss': '0.8832', 'epoch': '2.129'}
{'paper_align_label_loss': '0.022', 'paper_align_reason_loss': '0.9249', 'epoch': '2.129'}
{'paper_align_label_loss': '0.002355', 'paper_align_reason_loss': '0.6034', 'epoch': '2.134'}
{'paper_align_label_loss': '0.03579', 'paper_align_reason_loss': '0.7892', 'epoch': '2.134'}
{'paper_align_label_loss': '0.0007516', 'paper_align_reason_loss': '0.7652', 'epoch': '2.134'}
{'paper_align_label_loss': '0.0003897', 'paper_align_reason_loss': '0.7065', 'epoch': '2.134'}
{'paper_align_label_loss': '0.002802', 'paper_align_reason_loss': '0.6071', 'epoch': '2.139'}
{'paper_align_label_loss': '0.0005474', 'paper_align_reason_loss': '0.6172', 'epoch': '2.139'}
{'paper_align_label_loss': '0.01641', 'paper_align_reason_loss': '0.5898', 'epoch': '2.139'}
{'paper_align_label_loss': '0.07124', 'paper_align_reason_loss': '0.8419', 'epoch': '2.139'}
{'paper_align_label_loss': '5.607e-05', 'paper_align_reason_loss': '0.6861', 'epoch': '2.144'}
{'paper_align_label_loss': '0.0003483', 'paper_align_reason_loss': '0.7203', 'epoch': '2.144'}
{'paper_align_label_loss': '0.002425', 'paper_align_reason_loss': '0.6693', 'epoch': '2.144'}
{'paper_align_label_loss': '0.04367', 'paper_align_reason_loss': '0.7266', 'epoch': '2.144'}
{'paper_align_label_loss': '0.003822', 'paper_align_reason_loss': '0.8166', 'epoch': '2.149'}
{'paper_align_label_loss': '0.006957', 'paper_align_reason_loss': '0.7683', 'epoch': '2.149'}
{'paper_align_label_loss': '0.01461', 'paper_align_reason_loss': '0.8061', 'epoch': '2.149'}
{'paper_align_label_loss': '0.002988', 'paper_align_reason_loss': '0.807', 'epoch': '2.149'}
{'paper_align_label_loss': '0.075', 'paper_align_reason_loss': '0.6453', 'epoch': '2.154'}
{'paper_align_label_loss': '0.02937', 'paper_align_reason_loss': '0.8638', 'epoch': '2.154'}
{'paper_align_label_loss': '0.001269', 'paper_align_reason_loss': '0.5712', 'epoch': '2.154'}
{'paper_align_label_loss': '0.0009013', 'paper_align_reason_loss': '0.6371', 'epoch': '2.154'}
{'paper_align_label_loss': '0.001569', 'paper_align_reason_loss': '0.5924', 'epoch': '2.159'}
{'paper_align_label_loss': '6.501e-05', 'paper_align_reason_loss': '0.753', 'epoch': '2.159'}
{'paper_align_label_loss': '0.02816', 'paper_align_reason_loss': '0.8561', 'epoch': '2.159'}
{'paper_align_label_loss': '0.03824', 'paper_align_reason_loss': '0.8976', 'epoch': '2.159'}
{'paper_align_label_loss': '0.002695', 'paper_align_reason_loss': '0.744', 'epoch': '2.164'}
{'paper_align_label_loss': '0.006263', 'paper_align_reason_loss': '0.748', 'epoch': '2.164'}
{'paper_align_label_loss': '0.01602', 'paper_align_reason_loss': '0.8625', 'epoch': '2.164'}
{'paper_align_label_loss': '0.0001432', 'paper_align_reason_loss': '0.6799', 'epoch': '2.164'}
{'paper_align_label_loss': '0.01299', 'paper_align_reason_loss': '0.9045', 'epoch': '2.169'}
{'paper_align_label_loss': '0.01194', 'paper_align_reason_loss': '0.7625', 'epoch': '2.169'}
{'paper_align_label_loss': '0.003676', 'paper_align_reason_loss': '0.9894', 'epoch': '2.169'}
{'paper_align_label_loss': '0.02707', 'paper_align_reason_loss': '0.625', 'epoch': '2.169'}
{'paper_align_label_loss': '0.007034', 'paper_align_reason_loss': '1.019', 'epoch': '2.174'}
{'paper_align_label_loss': '0.01755', 'paper_align_reason_loss': '0.7955', 'epoch': '2.174'}
{'paper_align_label_loss': '0.009694', 'paper_align_reason_loss': '0.9405', 'epoch': '2.174'}
{'paper_align_label_loss': '0.0004812', 'paper_align_reason_loss': '0.7906', 'epoch': '2.174'}
{'loss': '1.564', 'grad_norm': '3.248', 'learning_rate': '1.868e-05', 'epoch': '2.179'}
{'paper_align_label_loss': '0.02284', 'paper_align_reason_loss': '0.8975', 'epoch': '2.179'}
{'paper_align_label_loss': '0.07674', 'paper_align_reason_loss': '0.4743', 'epoch': '2.179'}
{'paper_align_label_loss': '0.0002339', 'paper_align_reason_loss': '0.6519', 'epoch': '2.179'}
{'paper_align_label_loss': '0.0001938', 'paper_align_reason_loss': '0.5414', 'epoch': '2.179'}
{'paper_align_label_loss': '0.0006431', 'paper_align_reason_loss': '0.6999', 'epoch': '2.184'}
{'paper_align_label_loss': '0.05179', 'paper_align_reason_loss': '0.8041', 'epoch': '2.184'}
{'paper_align_label_loss': '0.0001393', 'paper_align_reason_loss': '0.9238', 'epoch': '2.184'}
{'paper_align_label_loss': '0.004326', 'paper_align_reason_loss': '0.8982', 'epoch': '2.184'}
{'paper_align_label_loss': '0.002361', 'paper_align_reason_loss': '0.7022', 'epoch': '2.189'}
{'paper_align_label_loss': '0.06763', 'paper_align_reason_loss': '0.8386', 'epoch': '2.189'}
{'paper_align_label_loss': '0.002524', 'paper_align_reason_loss': '0.8718', 'epoch': '2.189'}
{'paper_align_label_loss': '0.001338', 'paper_align_reason_loss': '0.9498', 'epoch': '2.189'}
{'paper_align_label_loss': '0.005089', 'paper_align_reason_loss': '0.837', 'epoch': '2.194'}
{'paper_align_label_loss': '0.009915', 'paper_align_reason_loss': '0.9432', 'epoch': '2.194'}
{'paper_align_label_loss': '0.003747', 'paper_align_reason_loss': '0.604', 'epoch': '2.194'}
{'paper_align_label_loss': '0.2667', 'paper_align_reason_loss': '0.6753', 'epoch': '2.194'}
{'paper_align_label_loss': '0.004096', 'paper_align_reason_loss': '0.8098', 'epoch': '2.199'}
{'paper_align_label_loss': '0.0004389', 'paper_align_reason_loss': '1.056', 'epoch': '2.199'}
{'paper_align_label_loss': '0.1007', 'paper_align_reason_loss': '0.6765', 'epoch': '2.199'}
{'paper_align_label_loss': '0.001299', 'paper_align_reason_loss': '0.8824', 'epoch': '2.199'}
{'paper_align_label_loss': '0.04729', 'paper_align_reason_loss': '0.779', 'epoch': '2.204'}
{'paper_align_label_loss': '0.0001735', 'paper_align_reason_loss': '0.6511', 'epoch': '2.204'}

 73%|███████▎  | 445/606 [14:59<05:15,  1.96s/it]2026-09-20 21:29:33,356 INFO [rev_util_actionability|paper_align|Qwen3-0.6B] step=445 epoch=2.2037

                                                 

 73%|███████▎  | 445/606 [14:59<05:15,  1.96s/it]
 74%|███████▎  | 446/606 [14:59<05:09,  1.94s/it]2026-09-20 21:29:33,857 INFO [rev_util_actionability|paper_align|Qwen3-0.6B] step=446 epoch=2.2087

                                                 

 74%|███████▎  | 446/606 [14:59<05:09,  1.94s/it]2026-09-20 21:29:34,322 INFO [rev_util_actionability|paper_align|Qwen3-0.6B] step=446 epoch=2.2087

                                                 

 74%|███████▎  | 446/606 [15:00<05:09,  1.94s/it]2026-09-20 21:29:34,789 INFO [rev_util_actionability|paper_align|Qwen3-0.6B] step=446 epoch=2.2087

                                                 

 74%|███████▎  | 446/606 [15:00<05:09,  1.94s/it]2026-09-20 21:29:35,253 INFO [rev_util_actionability|paper_align|Qwen3-0.6B] step=446 epoch=2.2087

                                                 

 74%|███████▎  | 446/606 [15:01<05:09,  1.94s/it]
 74%|███████▍  | 447/606 [15:01<05:05,  1.92s/it]2026-09-20 21:29:35,754 INFO [rev_util_actionability|paper_align|Qwen3-0.6B] step=447 epoch=2.2137

                                                 

 74%|███████▍  | 447/606 [15:01<05:05,  1.92s/it]2026-09-20 21:29:36,224 INFO [rev_util_actionability|paper_align|Qwen3-0.6B] step=447 epoch=2.2137

                                                 

 74%|███████▍  | 447/606 [15:02<05:05,  1.92s/it]2026-09-20 21:29:36,688 INFO [rev_util_actionability|paper_align|Qwen3-0.6B] step=447 epoch=2.2137

                                                 

 74%|███████▍  | 447/606 [15:02<05:05,  1.92s/it]2026-09-20 21:29:37,156 INFO [rev_util_actionability|paper_align|Qwen3-0.6B] step=447 epoch=2.2137

                                                 

 74%|███████▍  | 447/606 [15:03<05:05,  1.92s/it]
 74%|███████▍  | 448/606 [15:03<05:02,  1.92s/it]2026-09-20 21:29:37,657 INFO [rev_util_actionability|paper_align|Qwen3-0.6B] step=448 epoch=2.2186

                                                 

 74%|███████▍  | 448/606 [15:03<05:02,  1.92s/it]2026-09-20 21:29:38,122 INFO [rev_util_actionability|paper_align|Qwen3-0.6B] step=448 epoch=2.2186

                                                 

 74%|███████▍  | 448/606 [15:04<05:02,  1.92s/it]2026-09-20 21:29:38,599 INFO [rev_util_actionability|paper_align|Qwen3-0.6B] step=448 epoch=2.2186

                                                 

 74%|███████▍  | 448/606 [15:04<05:02,  1.92s/it]2026-09-20 21:29:39,234 INFO [rev_util_actionability|paper_align|Qwen3-0.6B] step=448 epoch=2.2186

                                                 

 74%|███████▍  | 448/606 [15:05<05:02,  1.92s/it]
 74%|███████▍  | 449/606 [15:05<05:08,  1.97s/it]2026-09-20 21:29:39,743 INFO [rev_util_actionability|paper_align|Qwen3-0.6B] step=449 epoch=2.2236

                                                 

 74%|███████▍  | 449/606 [15:05<05:08,  1.97s/it]2026-09-20 21:29:40,216 INFO [rev_util_actionability|paper_align|Qwen3-0.6B] step=449 epoch=2.2236

                                                 

 74%|███████▍  | 449/606 [15:06<05:08,  1.97s/it]2026-09-20 21:29:40,684 INFO [rev_util_actionability|paper_align|Qwen3-0.6B] step=449 epoch=2.2236

                                                 

 74%|███████▍  | 449/606 [15:06<05:08,  1.97s/it]2026-09-20 21:29:41,183 INFO [rev_util_actionability|paper_align|Qwen3-0.6B] step=449 epoch=2.2236

                                                 

 74%|███████▍  | 449/606 [15:07<05:08,  1.97s/it]
 74%|███████▍  | 450/606 [15:07<05:05,  1.96s/it]2026-09-20 21:29:41,509 INFO [rev_util_actionability|paper_align|Qwen3-0.6B] step=450 loss=1.6691 learning_rate=0.0000 epoch=2.2286

                                                 

 74%|███████▍  | 450/606 [15:07<05:05,  1.96s/it]2026-09-20 21:29:41,688 INFO [rev_util_actionability|paper_align|Qwen3-0.6B] step=450 epoch=2.2286

                                                 

 74%|███████▍  | 450/606 [15:07<05:05,  1.96s/it]2026-09-20 21:29:42,157 INFO [rev_util_actionability|paper_align|Qwen3-0.6B] step=450 epoch=2.2286

                                                 

 74%|███████▍  | 450/606 [15:08<05:05,  1.96s/it]2026-09-20 21:29:42,629 INFO [rev_util_actionability|paper_align|Qwen3-0.6B] step=450 epoch=2.2286

                                                 

 74%|███████▍  | 450/606 [15:08<05:05,  1.96s/it]2026-09-20 21:29:43,108 INFO [rev_util_actionability|paper_align|Qwen3-0.6B] step=450 epoch=2.2286

                                                 

 74%|███████▍  | 450/606 [15:09<05:05,  1.96s/it]
 74%|███████▍  | 451/606 [15:09<05:02,  1.95s/it]2026-09-20 21:29:43,619 INFO [rev_util_actionability|paper_align|Qwen3-0.6B] step=451 epoch=2.2335

                                                 

 74%|███████▍  | 451/606 [15:09<05:02,  1.95s/it]2026-09-20 21:29:44,085 INFO [rev_util_actionability|paper_align|Qwen3-0.6B] step=451 epoch=2.2335

                                                 

 74%|███████▍  | 451/606 [15:10<05:02,  1.95s/it]2026-09-20 21:29:44,553 INFO [rev_util_actionability|paper_align|Qwen3-0.6B] step=451 epoch=2.2335

                                                 

 74%|███████▍  | 451/606 [15:10<05:02,  1.95s/it]2026-09-20 21:29:45,020 INFO [rev_util_actionability|paper_align|Qwen3-0.6B] step=451 epoch=2.2335

                                                 

 74%|███████▍  | 451/606 [15:11<05:02,  1.95s/it]
 75%|███████▍  | 452/606 [15:11<04:58,  1.94s/it]2026-09-20 21:29:45,529 INFO [rev_util_actionability|paper_align|Qwen3-0.6B] step=452 epoch=2.2385

                                                 

 75%|███████▍  | 452/606 [15:11<04:58,  1.94s/it]2026-09-20 21:29:45,997 INFO [rev_util_actionability|paper_align|Qwen3-0.6B] step=452 epoch=2.2385

                                                 

 75%|███████▍  | 452/606 [15:12<04:58,  1.94s/it]2026-09-20 21:29:46,467 INFO [rev_util_actionability|paper_align|Qwen3-0.6B] step=452 epoch=2.2385

                                                 

 75%|███████▍  | 452/606 [15:12<04:58,  1.94s/it]2026-09-20 21:29:46,943 INFO [rev_util_actionability|paper_align|Qwen3-0.6B] step=452 epoch=2.2385

                                                 

 75%|███████▍  | 452/606 [15:13<04:58,  1.94s/it]
 75%|███████▍  | 453/606 [15:13<04:55,  1.93s/it]2026-09-20 21:29:47,452 INFO [rev_util_actionability|paper_align|Qwen3-0.6B] step=453 epoch=2.2435

                                                 

 75%|███████▍  | 453/606 [15:13<04:55,  1.93s/it]2026-09-20 21:29:47,920 INFO [rev_util_actionability|paper_align|Qwen3-0.6B] step=453 epoch=2.2435

                                                 

 75%|███████▍  | 453/606 [15:14<04:55,  1.93s/it]2026-09-20 21:29:48,397 INFO [rev_util_actionability|paper_align|Qwen3-0.6B] step=453 epoch=2.2435

                                                 

 75%|███████▍  | 453/606 [15:14<04:55,  1.93s/it]2026-09-20 21:29:49,245 INFO [rev_util_actionability|paper_align|Qwen3-0.6B] step=453 epoch=2.2435

                                                 

 75%|███████▍  | 453/606 [15:15<04:55,  1.93s/it]
 75%|███████▍  | 454/606 [15:15<05:13,  2.07s/it]2026-09-20 21:29:49,859 INFO [rev_util_actionability|paper_align|Qwen3-0.6B] step=454 epoch=2.2484

                                                 

 75%|███████▍  | 454/606 [15:15<05:13,  2.07s/it]2026-09-20 21:29:50,411 INFO [rev_util_actionability|paper_align|Qwen3-0.6B] step=454 epoch=2.2484

                                                 

 75%|███████▍  | 454/606 [15:16<05:13,  2.07s/it]2026-09-20 21:29:50,995 INFO [rev_util_actionability|paper_align|Qwen3-0.6B] step=454 epoch=2.2484

                                                 

 75%|███████▍  | 454/606 [15:17<05:13,  2.07s/it]2026-09-20 21:29:51,531 INFO [rev_util_actionability|paper_align|Qwen3-0.6B] step=454 epoch=2.2484

                                                 

 75%|███████▍  | 454/606 [15:17<05:13,  2.07s/it]
 75%|███████▌  | 455/606 [15:17<05:18,  2.11s/it]2026-09-20 21:29:52,040 INFO [rev_util_actionability|paper_align|Qwen3-0.6B] step=455 epoch=2.2534

                                                 

 75%|███████▌  | 455/606 [15:18<05:18,  2.11s/it]2026-09-20 21:29:52,505 INFO [rev_util_actionability|paper_align|Qwen3-0.6B] step=455 epoch=2.2534

                                                 

 75%|███████▌  | 455/606 [15:18<05:18,  2.11s/it]2026-09-20 21:29:52,985 INFO [rev_util_actionability|paper_align|Qwen3-0.6B] step=455 epoch=2.2534

                                                 

 75%|███████▌  | 455/606 [15:19<05:18,  2.11s/it]2026-09-20 21:29:53,451 INFO [rev_util_actionability|paper_align|Qwen3-0.6B] step=455 epoch=2.2534

                                                 

 75%|███████▌  | 455/606 [15:19<05:18,  2.11s/it]
 75%|███████▌  | 456/606 [15:19<05:08,  2.05s/it]2026-09-20 21:29:53,961 INFO [rev_util_actionability|paper_align|Qwen3-0.6B] step=456 epoch=2.2584

                                                 

 75%|███████▌  | 456/606 [15:20<05:08,  2.05s/it]2026-09-20 21:29:54,427 INFO [rev_util_actionability|paper_align|Qwen3-0.6B] step=456 epoch=2.2584

                                                 

 75%|███████▌  | 456/606 [15:20<05:08,  2.05s/it]2026-09-20 21:29:54,902 INFO [rev_util_actionability|paper_align|Qwen3-0.6B] step=456 epoch=2.2584

                                                 

 75%|███████▌  | 456/606 [15:21<05:08,  2.05s/it]2026-09-20 21:29:55,369 INFO [rev_util_actionability|paper_align|Qwen3-0.6B] step=456 epoch=2.2584

                                                 

 75%|███████▌  | 456/606 [15:21<05:08,  2.05s/it]
 75%|███████▌  | 457/606 [15:21<04:59,  2.01s/it]2026-09-20 21:29:55,875 INFO [rev_util_actionability|paper_align|Qwen3-0.6B] step=457 epoch=2.2634

                                                 

 75%|███████▌  | 457/606 [15:21<04:59,  2.01s/it]2026-09-20 21:29:56,349 INFO [rev_util_actionability|paper_align|Qwen3-0.6B] step=457 epoch=2.2634

                                                 

 75%|███████▌  | 457/606 [15:22<04:59,  2.01s/it]2026-09-20 21:29:56,821 INFO [rev_util_actionability|paper_align|Qwen3-0.6B] step=457 epoch=2.2634

                                                 

 75%|███████▌  | 457/606 [15:22<04:59,  2.01s/it]2026-09-20 21:29:57,298 INFO [rev_util_actionability|paper_align|Qwen3-0.6B] step=457 epoch=2.2634

                                                 

 75%|███████▌  | 457/606 [15:23<04:59,  2.01s/it]
 76%|███████▌  | 458/606 [15:23<04:54,  1.99s/it]2026-09-20 21:29:57,808 INFO [rev_util_actionability|paper_align|Qwen3-0.6B] step=458 epoch=2.2683

                                                 

 76%|███████▌  | 458/606 [15:23<04:54,  1.99s/it]2026-09-20 21:29:58,272 INFO [rev_util_actionability|paper_align|Qwen3-0.6B] step=458 epoch=2.2683

                                                 

 76%|███████▌  | 458/606 [15:24<04:54,  1.99s/it]2026-09-20 21:29:58,737 INFO [rev_util_actionability|paper_align|Qwen3-0.6B] step=458 epoch=2.2683

                                                 

 76%|███████▌  | 458/606 [15:24<04:54,  1.99s/it]2026-09-20 21:29:59,378 INFO [rev_util_actionability|paper_align|Qwen3-0.6B] step=458 epoch=2.2683

                                                 

 76%|███████▌  | 458/606 [15:25<04:54,  1.99s/it]
 76%|███████▌  | 459/606 [15:25<04:56,  2.02s/it]2026-09-20 21:29:59,880 INFO [rev_util_actionability|paper_align|Qwen3-0.6B] step=459 epoch=2.2733

                                                 

 76%|███████▌  | 459/606 [15:25<04:56,  2.02s/it]2026-09-20 21:30:00,358 INFO [rev_util_actionability|paper_align|Qwen3-0.6B] step=459 epoch=2.2733

                                                 

 76%|███████▌  | 459/606 [15:26<04:56,  2.02s/it]2026-09-20 21:30:00,827 INFO [rev_util_actionability|paper_align|Qwen3-0.6B] step=459 epoch=2.2733

                                                 

 76%|███████▌  | 459/606 [15:26<04:56,  2.02s/it]2026-09-20 21:30:01,293 INFO [rev_util_actionability|paper_align|Qwen3-0.6B] step=459 epoch=2.2733

                                                 

 76%|███████▌  | 459/606 [15:27<04:56,  2.02s/it]
 76%|███████▌  | 460/606 [15:27<04:49,  1.99s/it]2026-09-20 21:30:01,621 INFO [rev_util_actionability|paper_align|Qwen3-0.6B] step=460 loss=1.6885 learning_rate=0.0000 epoch=2.2783

                                                 

 76%|███████▌  | 460/606 [15:27<04:49,  1.99s/it]2026-09-20 21:30:01,799 INFO [rev_util_actionability|paper_align|Qwen3-0.6B] step=460 epoch=2.2783

                                                 

 76%|███████▌  | 460/606 [15:27<04:49,  1.99s/it]2026-09-20 21:30:02,264 INFO [rev_util_actionability|paper_align|Qwen3-0.6B] step=460 epoch=2.2783

                                                 

 76%|███████▌  | 460/606 [15:28<04:49,  1.99s/it]2026-09-20 21:30:02,731 INFO [rev_util_actionability|paper_align|Qwen3-0.6B] step=460 epoch=2.2783

                                                 

 76%|███████▌  | 460/606 [15:28<04:49,  1.99s/it]2026-09-20 21:30:03,200 INFO [rev_util_actionability|paper_align|Qwen3-0.6B] step=460 epoch=2.2783

                                                 

 76%|███████▌  | 460/606 [15:29<04:49,  1.99s/it]
 76%|███████▌  | 461/606 [15:29<04:44,  1.96s/it]2026-09-20 21:30:03,704 INFO [rev_util_actionability|paper_align|Qwen3-0.6B] step=461 epoch=2.2832

                                                 

 76%|███████▌  | 461/606 [15:29<04:44,  1.96s/it]2026-09-20 21:30:04,167 INFO [rev_util_actionability|paper_align|Qwen3-0.6B] step=461 epoch=2.2832

                                                 

 76%|███████▌  | 461/606 [15:30<04:44,  1.96s/it]2026-09-20 21:30:04,634 INFO [rev_util_actionability|paper_align|Qwen3-0.6B] step=461 epoch=2.2832

                                                 

 76%|███████▌  | 461/606 [15:30<04:44,  1.96s/it]2026-09-20 21:30:05,101 INFO [rev_util_actionability|paper_align|Qwen3-0.6B] step=461 epoch=2.2832

                                                 

 76%|███████▌  | 461/606 [15:31<04:44,  1.96s/it]
 76%|███████▌  | 462/606 [15:31<04:39,  1.94s/it]2026-09-20 21:30:05,609 INFO [rev_util_actionability|paper_align|Qwen3-0.6B] step=462 epoch=2.2882

                                                 

 76%|███████▌  | 462/606 [15:31<04:39,  1.94s/it]2026-09-20 21:30:06,078 INFO [rev_util_actionability|paper_align|Qwen3-0.6B] step=462 epoch=2.2882

                                                 

 76%|███████▌  | 462/606 [15:32<04:39,  1.94s/it]2026-09-20 21:30:06,545 INFO [rev_util_actionability|paper_align|Qwen3-0.6B] step=462 epoch=2.2882

                                                 

 76%|███████▌  | 462/606 [15:32<04:39,  1.94s/it]2026-09-20 21:30:07,013 INFO [rev_util_actionability|paper_align|Qwen3-0.6B] step=462 epoch=2.2882

                                                 

 76%|███████▌  | 462/606 [15:33<04:39,  1.94s/it]
 76%|███████▋  | 463/606 [15:33<04:36,  1.93s/it]2026-09-20 21:30:07,516 INFO [rev_util_actionability|paper_align|Qwen3-0.6B] step=463 epoch=2.2932

                                                 

 76%|███████▋  | 463/606 [15:33<04:36,  1.93s/it]2026-09-20 21:30:07,982 INFO [rev_util_actionability|paper_align|Qwen3-0.6B] step=463 epoch=2.2932

                                                 

 76%|███████▋  | 463/606 [15:34<04:36,  1.93s/it]2026-09-20 21:30:08,454 INFO [rev_util_actionability|paper_align|Qwen3-0.6B] step=463 epoch=2.2932

                                                 

 76%|███████▋  | 463/606 [15:34<04:36,  1.93s/it]2026-09-20 21:30:09,101 INFO [rev_util_actionability|paper_align|Qwen3-0.6B] step=463 epoch=2.2932

                                                 

 76%|███████▋  | 463/606 [15:35<04:36,  1.93s/it]
 77%|███████▋  | 464/606 [15:35<04:41,  1.98s/it]2026-09-20 21:30:09,614 INFO [rev_util_actionability|paper_align|Qwen3-0.6B] step=464 epoch=2.2981

                                                 

 77%|███████▋  | 464/606 [15:35<04:41,  1.98s/it]2026-09-20 21:30:10,081 INFO [rev_util_actionability|paper_align|Qwen3-0.6B] step=464 epoch=2.2981

                                                 

 77%|███████▋  | 464/606 [15:36<04:41,  1.98s/it]2026-09-20 21:30:10,545 INFO [rev_util_actionability|paper_align|Qwen3-0.6B] step=464 epoch=2.2981

                                                 

 77%|███████▋  | 464/606 [15:36<04:41,  1.98s/it]2026-09-20 21:30:11,004 INFO [rev_util_actionability|paper_align|Qwen3-0.6B] step=464 epoch=2.2981

                                                 

 77%|███████▋  | 464/606 [15:37<04:41,  1.98s/it]
 77%|███████▋  | 465/606 [15:37<04:35,  1.96s/it]2026-09-20 21:30:11,506 INFO [rev_util_actionability|paper_align|Qwen3-0.6B] step=465 epoch=2.3031

                                                 

 77%|███████▋  | 465/606 [15:37<04:35,  1.96s/it]2026-09-20 21:30:11,974 INFO [rev_util_actionability|paper_align|Qwen3-0.6B] step=465 epoch=2.3031

                                                 

 77%|███████▋  | 465/606 [15:38<04:35,  1.96s/it]2026-09-20 21:30:12,447 INFO [rev_util_actionability|paper_align|Qwen3-0.6B] step=465 epoch=2.3031

                                                 

 77%|███████▋  | 465/606 [15:38<04:35,  1.96s/it]2026-09-20 21:30:12,915 INFO [rev_util_actionability|paper_align|Qwen3-0.6B] step=465 epoch=2.3031

                                                 

 77%|███████▋  | 465/606 [15:39<04:35,  1.96s/it]
 77%|███████▋  | 466/606 [15:39<04:32,  1.94s/it]2026-09-20 21:30:13,417 INFO [rev_util_actionability|paper_align|Qwen3-0.6B] step=466 epoch=2.3081

                                                 

 77%|███████▋  | 466/606 [15:39<04:32,  1.94s/it]2026-09-20 21:30:13,877 INFO [rev_util_actionability|paper_align|Qwen3-0.6B] step=466 epoch=2.3081

                                                 

 77%|███████▋  | 466/606 [15:39<04:32,  1.94s/it]2026-09-20 21:30:14,339 INFO [rev_util_actionability|paper_align|Qwen3-0.6B] step=466 epoch=2.3081

                                                 

 77%|███████▋  | 466/606 [15:40<04:32,  1.94s/it]2026-09-20 21:30:14,800 INFO [rev_util_actionability|paper_align|Qwen3-0.6B] step=466 epoch=2.3081

                                                 
{'paper_align_label_loss': '0.0001632', 'paper_align_reason_loss': '0.7052', 'epoch': '2.204'}
{'paper_align_label_loss': '0.001773', 'paper_align_reason_loss': '0.8181', 'epoch': '2.204'}
{'paper_align_label_loss': '0.002636', 'paper_align_reason_loss': '0.8287', 'epoch': '2.209'}
{'paper_align_label_loss': '0.002483', 'paper_align_reason_loss': '0.7341', 'epoch': '2.209'}
{'paper_align_label_loss': '0.0007845', 'paper_align_reason_loss': '0.964', 'epoch': '2.209'}
{'paper_align_label_loss': '0.007516', 'paper_align_reason_loss': '0.8429', 'epoch': '2.209'}
{'paper_align_label_loss': '0.0459', 'paper_align_reason_loss': '0.817', 'epoch': '2.214'}
{'paper_align_label_loss': '0.4166', 'paper_align_reason_loss': '0.7908', 'epoch': '2.214'}
{'paper_align_label_loss': '0.107', 'paper_align_reason_loss': '1.023', 'epoch': '2.214'}
{'paper_align_label_loss': '0.01281', 'paper_align_reason_loss': '0.7268', 'epoch': '2.214'}
{'paper_align_label_loss': '0.02823', 'paper_align_reason_loss': '0.7261', 'epoch': '2.219'}
{'paper_align_label_loss': '0.01336', 'paper_align_reason_loss': '0.7158', 'epoch': '2.219'}
{'paper_align_label_loss': '0.2101', 'paper_align_reason_loss': '0.9165', 'epoch': '2.219'}
{'paper_align_label_loss': '0.09404', 'paper_align_reason_loss': '0.6372', 'epoch': '2.219'}
{'paper_align_label_loss': '0.000316', 'paper_align_reason_loss': '0.7907', 'epoch': '2.224'}
{'paper_align_label_loss': '0.1164', 'paper_align_reason_loss': '0.8058', 'epoch': '2.224'}
{'paper_align_label_loss': '0.05907', 'paper_align_reason_loss': '0.7451', 'epoch': '2.224'}
{'paper_align_label_loss': '0.0007511', 'paper_align_reason_loss': '0.8364', 'epoch': '2.224'}
{'loss': '1.669', 'grad_norm': '4.497', 'learning_rate': '1.664e-05', 'epoch': '2.229'}
{'paper_align_label_loss': '0.004417', 'paper_align_reason_loss': '0.789', 'epoch': '2.229'}
{'paper_align_label_loss': '0.0009005', 'paper_align_reason_loss': '0.7084', 'epoch': '2.229'}
{'paper_align_label_loss': '0.0001947', 'paper_align_reason_loss': '0.9438', 'epoch': '2.229'}
{'paper_align_label_loss': '0.1538', 'paper_align_reason_loss': '0.9364', 'epoch': '2.229'}
{'paper_align_label_loss': '0.04379', 'paper_align_reason_loss': '0.9463', 'epoch': '2.234'}
{'paper_align_label_loss': '0.006567', 'paper_align_reason_loss': '0.8241', 'epoch': '2.234'}
{'paper_align_label_loss': '0.2459', 'paper_align_reason_loss': '0.6783', 'epoch': '2.234'}
{'paper_align_label_loss': '0.002213', 'paper_align_reason_loss': '0.9234', 'epoch': '2.234'}
{'paper_align_label_loss': '0.06078', 'paper_align_reason_loss': '0.852', 'epoch': '2.239'}
{'paper_align_label_loss': '0.0005584', 'paper_align_reason_loss': '0.724', 'epoch': '2.239'}
{'paper_align_label_loss': '0.006405', 'paper_align_reason_loss': '0.8541', 'epoch': '2.239'}
{'paper_align_label_loss': '0.001126', 'paper_align_reason_loss': '0.8675', 'epoch': '2.239'}
{'paper_align_label_loss': '0.004105', 'paper_align_reason_loss': '0.8009', 'epoch': '2.243'}
{'paper_align_label_loss': '0.006718', 'paper_align_reason_loss': '0.8276', 'epoch': '2.243'}
{'paper_align_label_loss': '0.00521', 'paper_align_reason_loss': '0.8492', 'epoch': '2.243'}
{'paper_align_label_loss': '0.05752', 'paper_align_reason_loss': '0.764', 'epoch': '2.243'}
{'paper_align_label_loss': '0.124', 'paper_align_reason_loss': '0.7007', 'epoch': '2.248'}
{'paper_align_label_loss': '8.461e-05', 'paper_align_reason_loss': '0.5259', 'epoch': '2.248'}
{'paper_align_label_loss': '0.1335', 'paper_align_reason_loss': '0.8771', 'epoch': '2.248'}
{'paper_align_label_loss': '0.008106', 'paper_align_reason_loss': '0.8374', 'epoch': '2.248'}
{'paper_align_label_loss': '0.004535', 'paper_align_reason_loss': '0.8929', 'epoch': '2.253'}
{'paper_align_label_loss': '0.01792', 'paper_align_reason_loss': '0.5518', 'epoch': '2.253'}
{'paper_align_label_loss': '0.2231', 'paper_align_reason_loss': '0.9512', 'epoch': '2.253'}
{'paper_align_label_loss': '0.009993', 'paper_align_reason_loss': '0.8825', 'epoch': '2.253'}
{'paper_align_label_loss': '0.000128', 'paper_align_reason_loss': '0.6885', 'epoch': '2.258'}
{'paper_align_label_loss': '0.04368', 'paper_align_reason_loss': '0.7753', 'epoch': '2.258'}
{'paper_align_label_loss': '0.001586', 'paper_align_reason_loss': '0.7505', 'epoch': '2.258'}
{'paper_align_label_loss': '3.331e-05', 'paper_align_reason_loss': '0.7178', 'epoch': '2.258'}
{'paper_align_label_loss': '0.002791', 'paper_align_reason_loss': '0.713', 'epoch': '2.263'}
{'paper_align_label_loss': '0.003181', 'paper_align_reason_loss': '0.7857', 'epoch': '2.263'}
{'paper_align_label_loss': '0.04633', 'paper_align_reason_loss': '0.7638', 'epoch': '2.263'}
{'paper_align_label_loss': '0.001143', 'paper_align_reason_loss': '0.876', 'epoch': '2.263'}
{'paper_align_label_loss': '0.002372', 'paper_align_reason_loss': '1.354', 'epoch': '2.268'}
{'paper_align_label_loss': '0.001377', 'paper_align_reason_loss': '0.7299', 'epoch': '2.268'}
{'paper_align_label_loss': '0.04879', 'paper_align_reason_loss': '0.7274', 'epoch': '2.268'}
{'paper_align_label_loss': '0.02353', 'paper_align_reason_loss': '0.7256', 'epoch': '2.268'}
{'paper_align_label_loss': '0.2514', 'paper_align_reason_loss': '0.9361', 'epoch': '2.273'}
{'paper_align_label_loss': '0.002424', 'paper_align_reason_loss': '0.8446', 'epoch': '2.273'}
{'paper_align_label_loss': '0.001635', 'paper_align_reason_loss': '0.5956', 'epoch': '2.273'}
{'paper_align_label_loss': '0.006087', 'paper_align_reason_loss': '0.7203', 'epoch': '2.273'}
{'loss': '1.689', 'grad_norm': '4.136', 'learning_rate': '1.469e-05', 'epoch': '2.278'}
{'paper_align_label_loss': '0.00821', 'paper_align_reason_loss': '0.7611', 'epoch': '2.278'}
{'paper_align_label_loss': '0.0004328', 'paper_align_reason_loss': '0.7595', 'epoch': '2.278'}
{'paper_align_label_loss': '0.04371', 'paper_align_reason_loss': '0.6288', 'epoch': '2.278'}
{'paper_align_label_loss': '0.1782', 'paper_align_reason_loss': '0.9572', 'epoch': '2.278'}
{'paper_align_label_loss': '9.256e-05', 'paper_align_reason_loss': '0.818', 'epoch': '2.283'}
{'paper_align_label_loss': '0.004008', 'paper_align_reason_loss': '0.6667', 'epoch': '2.283'}
{'paper_align_label_loss': '0.004471', 'paper_align_reason_loss': '0.7682', 'epoch': '2.283'}
{'paper_align_label_loss': '0.003249', 'paper_align_reason_loss': '0.8714', 'epoch': '2.283'}
{'paper_align_label_loss': '0.01746', 'paper_align_reason_loss': '0.679', 'epoch': '2.288'}
{'paper_align_label_loss': '0.007567', 'paper_align_reason_loss': '0.8451', 'epoch': '2.288'}
{'paper_align_label_loss': '0.008573', 'paper_align_reason_loss': '0.6455', 'epoch': '2.288'}
{'paper_align_label_loss': '0.02339', 'paper_align_reason_loss': '0.8323', 'epoch': '2.288'}
{'paper_align_label_loss': '0.1067', 'paper_align_reason_loss': '0.7606', 'epoch': '2.293'}
{'paper_align_label_loss': '0.0006492', 'paper_align_reason_loss': '0.9506', 'epoch': '2.293'}
{'paper_align_label_loss': '0.001796', 'paper_align_reason_loss': '0.9442', 'epoch': '2.293'}
{'paper_align_label_loss': '0.0001918', 'paper_align_reason_loss': '0.8136', 'epoch': '2.293'}
{'paper_align_label_loss': '0.005104', 'paper_align_reason_loss': '0.8626', 'epoch': '2.298'}
{'paper_align_label_loss': '0.01089', 'paper_align_reason_loss': '0.6587', 'epoch': '2.298'}
{'paper_align_label_loss': '0.0005346', 'paper_align_reason_loss': '0.7175', 'epoch': '2.298'}
{'paper_align_label_loss': '0.005308', 'paper_align_reason_loss': '0.7398', 'epoch': '2.298'}
{'paper_align_label_loss': '0.0002653', 'paper_align_reason_loss': '0.9745', 'epoch': '2.303'}
{'paper_align_label_loss': '0.0205', 'paper_align_reason_loss': '1.075', 'epoch': '2.303'}
{'paper_align_label_loss': '0.0428', 'paper_align_reason_loss': '0.7955', 'epoch': '2.303'}
{'paper_align_label_loss': '0.01336', 'paper_align_reason_loss': '0.9648', 'epoch': '2.303'}
{'paper_align_label_loss': '0.009481', 'paper_align_reason_loss': '0.6262', 'epoch': '2.308'}
{'paper_align_label_loss': '0.0007309', 'paper_align_reason_loss': '0.9308', 'epoch': '2.308'}
{'paper_align_label_loss': '0.0388', 'paper_align_reason_loss': '0.8149', 'epoch': '2.308'}

 77%|███████▋  | 466/606 [15:40<04:32,  1.94s/it]
 77%|███████▋  | 467/606 [15:41<04:27,  1.92s/it]2026-09-20 21:30:15,300 INFO [rev_util_actionability|paper_align|Qwen3-0.6B] step=467 epoch=2.3130

                                                 

 77%|███████▋  | 467/606 [15:41<04:27,  1.92s/it]2026-09-20 21:30:15,761 INFO [rev_util_actionability|paper_align|Qwen3-0.6B] step=467 epoch=2.3130

                                                 

 77%|███████▋  | 467/606 [15:41<04:27,  1.92s/it]2026-09-20 21:30:16,225 INFO [rev_util_actionability|paper_align|Qwen3-0.6B] step=467 epoch=2.3130

                                                 

 77%|███████▋  | 467/606 [15:42<04:27,  1.92s/it]2026-09-20 21:30:16,697 INFO [rev_util_actionability|paper_align|Qwen3-0.6B] step=467 epoch=2.3130

                                                 

 77%|███████▋  | 467/606 [15:42<04:27,  1.92s/it]
 77%|███████▋  | 468/606 [15:43<04:24,  1.92s/it]2026-09-20 21:30:17,202 INFO [rev_util_actionability|paper_align|Qwen3-0.6B] step=468 epoch=2.3180

                                                 

 77%|███████▋  | 468/606 [15:43<04:24,  1.92s/it]2026-09-20 21:30:17,666 INFO [rev_util_actionability|paper_align|Qwen3-0.6B] step=468 epoch=2.3180

                                                 

 77%|███████▋  | 468/606 [15:43<04:24,  1.92s/it]2026-09-20 21:30:18,133 INFO [rev_util_actionability|paper_align|Qwen3-0.6B] step=468 epoch=2.3180

                                                 

 77%|███████▋  | 468/606 [15:44<04:24,  1.92s/it]2026-09-20 21:30:18,593 INFO [rev_util_actionability|paper_align|Qwen3-0.6B] step=468 epoch=2.3180

                                                 

 77%|███████▋  | 468/606 [15:44<04:24,  1.92s/it]
 77%|███████▋  | 469/606 [15:45<04:21,  1.91s/it]2026-09-20 21:30:19,266 INFO [rev_util_actionability|paper_align|Qwen3-0.6B] step=469 epoch=2.3230

                                                 

 77%|███████▋  | 469/606 [15:45<04:21,  1.91s/it]2026-09-20 21:30:19,728 INFO [rev_util_actionability|paper_align|Qwen3-0.6B] step=469 epoch=2.3230

                                                 

 77%|███████▋  | 469/606 [15:45<04:21,  1.91s/it]2026-09-20 21:30:20,194 INFO [rev_util_actionability|paper_align|Qwen3-0.6B] step=469 epoch=2.3230

                                                 

 77%|███████▋  | 469/606 [15:46<04:21,  1.91s/it]2026-09-20 21:30:20,653 INFO [rev_util_actionability|paper_align|Qwen3-0.6B] step=469 epoch=2.3230

                                                 

 77%|███████▋  | 469/606 [15:46<04:21,  1.91s/it]
 78%|███████▊  | 470/606 [15:47<04:25,  1.96s/it]2026-09-20 21:30:20,977 INFO [rev_util_actionability|paper_align|Qwen3-0.6B] step=470 loss=1.6482 learning_rate=0.0000 epoch=2.3280

                                                 

 78%|███████▊  | 470/606 [15:47<04:25,  1.96s/it]2026-09-20 21:30:21,155 INFO [rev_util_actionability|paper_align|Qwen3-0.6B] step=470 epoch=2.3280

                                                 

 78%|███████▊  | 470/606 [15:47<04:25,  1.96s/it]2026-09-20 21:30:21,618 INFO [rev_util_actionability|paper_align|Qwen3-0.6B] step=470 epoch=2.3280

                                                 

 78%|███████▊  | 470/606 [15:47<04:25,  1.96s/it]2026-09-20 21:30:22,089 INFO [rev_util_actionability|paper_align|Qwen3-0.6B] step=470 epoch=2.3280

                                                 

 78%|███████▊  | 470/606 [15:48<04:25,  1.96s/it]2026-09-20 21:30:22,549 INFO [rev_util_actionability|paper_align|Qwen3-0.6B] step=470 epoch=2.3280

                                                 

 78%|███████▊  | 470/606 [15:48<04:25,  1.96s/it]
 78%|███████▊  | 471/606 [15:48<04:21,  1.94s/it]2026-09-20 21:30:23,053 INFO [rev_util_actionability|paper_align|Qwen3-0.6B] step=471 epoch=2.3329

                                                 

 78%|███████▊  | 471/606 [15:49<04:21,  1.94s/it]2026-09-20 21:30:23,519 INFO [rev_util_actionability|paper_align|Qwen3-0.6B] step=471 epoch=2.3329

                                                 

 78%|███████▊  | 471/606 [15:49<04:21,  1.94s/it]2026-09-20 21:30:23,981 INFO [rev_util_actionability|paper_align|Qwen3-0.6B] step=471 epoch=2.3329

                                                 

 78%|███████▊  | 471/606 [15:50<04:21,  1.94s/it]2026-09-20 21:30:24,462 INFO [rev_util_actionability|paper_align|Qwen3-0.6B] step=471 epoch=2.3329

                                                 

 78%|███████▊  | 471/606 [15:50<04:21,  1.94s/it]
 78%|███████▊  | 472/606 [15:50<04:21,  1.95s/it]2026-09-20 21:30:25,072 INFO [rev_util_actionability|paper_align|Qwen3-0.6B] step=472 epoch=2.3379

                                                 

 78%|███████▊  | 472/606 [15:51<04:21,  1.95s/it]2026-09-20 21:30:25,635 INFO [rev_util_actionability|paper_align|Qwen3-0.6B] step=472 epoch=2.3379

                                                 

 78%|███████▊  | 472/606 [15:51<04:21,  1.95s/it]2026-09-20 21:30:26,203 INFO [rev_util_actionability|paper_align|Qwen3-0.6B] step=472 epoch=2.3379

                                                 

 78%|███████▊  | 472/606 [15:52<04:21,  1.95s/it]2026-09-20 21:30:26,758 INFO [rev_util_actionability|paper_align|Qwen3-0.6B] step=472 epoch=2.3379

                                                 

 78%|███████▊  | 472/606 [15:52<04:21,  1.95s/it]
 78%|███████▊  | 473/606 [15:53<04:31,  2.04s/it]2026-09-20 21:30:27,278 INFO [rev_util_actionability|paper_align|Qwen3-0.6B] step=473 epoch=2.3429

                                                 

 78%|███████▊  | 473/606 [15:53<04:31,  2.04s/it]2026-09-20 21:30:27,744 INFO [rev_util_actionability|paper_align|Qwen3-0.6B] step=473 epoch=2.3429

                                                 

 78%|███████▊  | 473/606 [15:53<04:31,  2.04s/it]2026-09-20 21:30:28,212 INFO [rev_util_actionability|paper_align|Qwen3-0.6B] step=473 epoch=2.3429

                                                 

 78%|███████▊  | 473/606 [15:54<04:31,  2.04s/it]2026-09-20 21:30:28,687 INFO [rev_util_actionability|paper_align|Qwen3-0.6B] step=473 epoch=2.3429

                                                 

 78%|███████▊  | 473/606 [15:54<04:31,  2.04s/it]
 78%|███████▊  | 474/606 [15:55<04:24,  2.00s/it]2026-09-20 21:30:29,193 INFO [rev_util_actionability|paper_align|Qwen3-0.6B] step=474 epoch=2.3478

                                                 

 78%|███████▊  | 474/606 [15:55<04:24,  2.00s/it]2026-09-20 21:30:29,870 INFO [rev_util_actionability|paper_align|Qwen3-0.6B] step=474 epoch=2.3478

                                                 

 78%|███████▊  | 474/606 [15:55<04:24,  2.00s/it]2026-09-20 21:30:30,340 INFO [rev_util_actionability|paper_align|Qwen3-0.6B] step=474 epoch=2.3478

                                                 

 78%|███████▊  | 474/606 [15:56<04:24,  2.00s/it]2026-09-20 21:30:30,801 INFO [rev_util_actionability|paper_align|Qwen3-0.6B] step=474 epoch=2.3478

                                                 

 78%|███████▊  | 474/606 [15:56<04:24,  2.00s/it]
 78%|███████▊  | 475/606 [15:57<04:26,  2.03s/it]2026-09-20 21:30:31,301 INFO [rev_util_actionability|paper_align|Qwen3-0.6B] step=475 epoch=2.3528

                                                 

 78%|███████▊  | 475/606 [15:57<04:26,  2.03s/it]2026-09-20 21:30:31,765 INFO [rev_util_actionability|paper_align|Qwen3-0.6B] step=475 epoch=2.3528

                                                 

 78%|███████▊  | 475/606 [15:57<04:26,  2.03s/it]2026-09-20 21:30:32,234 INFO [rev_util_actionability|paper_align|Qwen3-0.6B] step=475 epoch=2.3528

                                                 

 78%|███████▊  | 475/606 [15:58<04:26,  2.03s/it]2026-09-20 21:30:32,702 INFO [rev_util_actionability|paper_align|Qwen3-0.6B] step=475 epoch=2.3528

                                                 

 78%|███████▊  | 475/606 [15:58<04:26,  2.03s/it]
 79%|███████▊  | 476/606 [15:59<04:19,  2.00s/it]2026-09-20 21:30:33,215 INFO [rev_util_actionability|paper_align|Qwen3-0.6B] step=476 epoch=2.3578

                                                 

 79%|███████▊  | 476/606 [15:59<04:19,  2.00s/it]2026-09-20 21:30:33,682 INFO [rev_util_actionability|paper_align|Qwen3-0.6B] step=476 epoch=2.3578

                                                 

 79%|███████▊  | 476/606 [15:59<04:19,  2.00s/it]2026-09-20 21:30:34,156 INFO [rev_util_actionability|paper_align|Qwen3-0.6B] step=476 epoch=2.3578

                                                 

 79%|███████▊  | 476/606 [16:00<04:19,  2.00s/it]2026-09-20 21:30:34,624 INFO [rev_util_actionability|paper_align|Qwen3-0.6B] step=476 epoch=2.3578

                                                 

 79%|███████▊  | 476/606 [16:00<04:19,  2.00s/it]
 79%|███████▊  | 477/606 [16:01<04:14,  1.97s/it]2026-09-20 21:30:35,128 INFO [rev_util_actionability|paper_align|Qwen3-0.6B] step=477 epoch=2.3627

                                                 

 79%|███████▊  | 477/606 [16:01<04:14,  1.97s/it]2026-09-20 21:30:35,589 INFO [rev_util_actionability|paper_align|Qwen3-0.6B] step=477 epoch=2.3627

                                                 

 79%|███████▊  | 477/606 [16:01<04:14,  1.97s/it]2026-09-20 21:30:36,048 INFO [rev_util_actionability|paper_align|Qwen3-0.6B] step=477 epoch=2.3627

                                                 

 79%|███████▊  | 477/606 [16:02<04:14,  1.97s/it]2026-09-20 21:30:36,512 INFO [rev_util_actionability|paper_align|Qwen3-0.6B] step=477 epoch=2.3627

                                                 

 79%|███████▊  | 477/606 [16:02<04:14,  1.97s/it]
 79%|███████▉  | 478/606 [16:02<04:09,  1.95s/it]2026-09-20 21:30:37,013 INFO [rev_util_actionability|paper_align|Qwen3-0.6B] step=478 epoch=2.3677

                                                 

 79%|███████▉  | 478/606 [16:03<04:09,  1.95s/it]2026-09-20 21:30:37,472 INFO [rev_util_actionability|paper_align|Qwen3-0.6B] step=478 epoch=2.3677

                                                 

 79%|███████▉  | 478/606 [16:03<04:09,  1.95s/it]2026-09-20 21:30:37,933 INFO [rev_util_actionability|paper_align|Qwen3-0.6B] step=478 epoch=2.3677

                                                 

 79%|███████▉  | 478/606 [16:04<04:09,  1.95s/it]2026-09-20 21:30:38,398 INFO [rev_util_actionability|paper_align|Qwen3-0.6B] step=478 epoch=2.3677

                                                 

 79%|███████▉  | 478/606 [16:04<04:09,  1.95s/it]
 79%|███████▉  | 479/606 [16:04<04:04,  1.93s/it]2026-09-20 21:30:38,904 INFO [rev_util_actionability|paper_align|Qwen3-0.6B] step=479 epoch=2.3727

                                                 

 79%|███████▉  | 479/606 [16:05<04:04,  1.93s/it]2026-09-20 21:30:39,547 INFO [rev_util_actionability|paper_align|Qwen3-0.6B] step=479 epoch=2.3727

                                                 

 79%|███████▉  | 479/606 [16:05<04:04,  1.93s/it]2026-09-20 21:30:40,009 INFO [rev_util_actionability|paper_align|Qwen3-0.6B] step=479 epoch=2.3727

                                                 

 79%|███████▉  | 479/606 [16:06<04:04,  1.93s/it]2026-09-20 21:30:40,473 INFO [rev_util_actionability|paper_align|Qwen3-0.6B] step=479 epoch=2.3727

                                                 

 79%|███████▉  | 479/606 [16:06<04:04,  1.93s/it]
 79%|███████▉  | 480/606 [16:06<04:08,  1.97s/it]2026-09-20 21:30:40,799 INFO [rev_util_actionability|paper_align|Qwen3-0.6B] step=480 loss=1.6663 learning_rate=0.0000 epoch=2.3776

                                                 

 79%|███████▉  | 480/606 [16:06<04:08,  1.97s/it]2026-09-20 21:30:40,976 INFO [rev_util_actionability|paper_align|Qwen3-0.6B] step=480 epoch=2.3776

                                                 

 79%|███████▉  | 480/606 [16:07<04:08,  1.97s/it]2026-09-20 21:30:41,438 INFO [rev_util_actionability|paper_align|Qwen3-0.6B] step=480 epoch=2.3776

                                                 

 79%|███████▉  | 480/606 [16:07<04:08,  1.97s/it]2026-09-20 21:30:41,901 INFO [rev_util_actionability|paper_align|Qwen3-0.6B] step=480 epoch=2.3776

                                                 

 79%|███████▉  | 480/606 [16:08<04:08,  1.97s/it]2026-09-20 21:30:42,363 INFO [rev_util_actionability|paper_align|Qwen3-0.6B] step=480 epoch=2.3776

                                                 

 79%|███████▉  | 480/606 [16:08<04:08,  1.97s/it]
 79%|███████▉  | 481/606 [16:08<04:03,  1.95s/it]2026-09-20 21:30:42,867 INFO [rev_util_actionability|paper_align|Qwen3-0.6B] step=481 epoch=2.3826

                                                 

 79%|███████▉  | 481/606 [16:08<04:03,  1.95s/it]2026-09-20 21:30:43,332 INFO [rev_util_actionability|paper_align|Qwen3-0.6B] step=481 epoch=2.3826

                                                 

 79%|███████▉  | 481/606 [16:09<04:03,  1.95s/it]2026-09-20 21:30:43,795 INFO [rev_util_actionability|paper_align|Qwen3-0.6B] step=481 epoch=2.3826

                                                 

 79%|███████▉  | 481/606 [16:09<04:03,  1.95s/it]2026-09-20 21:30:44,264 INFO [rev_util_actionability|paper_align|Qwen3-0.6B] step=481 epoch=2.3826

                                                 

 79%|███████▉  | 481/606 [16:10<04:03,  1.95s/it]
 80%|███████▉  | 482/606 [16:10<03:59,  1.93s/it]2026-09-20 21:30:44,773 INFO [rev_util_actionability|paper_align|Qwen3-0.6B] step=482 epoch=2.3876

                                                 

 80%|███████▉  | 482/606 [16:10<03:59,  1.93s/it]2026-09-20 21:30:45,253 INFO [rev_util_actionability|paper_align|Qwen3-0.6B] step=482 epoch=2.3876

                                                 

 80%|███████▉  | 482/606 [16:11<03:59,  1.93s/it]2026-09-20 21:30:45,782 INFO [rev_util_actionability|paper_align|Qwen3-0.6B] step=482 epoch=2.3876

                                                 

 80%|███████▉  | 482/606 [16:11<03:59,  1.93s/it]2026-09-20 21:30:46,345 INFO [rev_util_actionability|paper_align|Qwen3-0.6B] step=482 epoch=2.3876

                                                 

 80%|███████▉  | 482/606 [16:12<03:59,  1.93s/it]
 80%|███████▉  | 483/606 [16:12<04:05,  2.00s/it]2026-09-20 21:30:46,939 INFO [rev_util_actionability|paper_align|Qwen3-0.6B] step=483 epoch=2.3925

                                                 

 80%|███████▉  | 483/606 [16:13<04:05,  2.00s/it]2026-09-20 21:30:47,403 INFO [rev_util_actionability|paper_align|Qwen3-0.6B] step=483 epoch=2.3925

                                                 

 80%|███████▉  | 483/606 [16:13<04:05,  2.00s/it]2026-09-20 21:30:47,866 INFO [rev_util_actionability|paper_align|Qwen3-0.6B] step=483 epoch=2.3925

                                                 

 80%|███████▉  | 483/606 [16:13<04:05,  2.00s/it]2026-09-20 21:30:48,338 INFO [rev_util_actionability|paper_align|Qwen3-0.6B] step=483 epoch=2.3925

                                                 

 80%|███████▉  | 483/606 [16:14<04:05,  2.00s/it]
 80%|███████▉  | 484/606 [16:14<04:00,  1.97s/it]2026-09-20 21:30:48,845 INFO [rev_util_actionability|paper_align|Qwen3-0.6B] step=484 epoch=2.3975

                                                 

 80%|███████▉  | 484/606 [16:14<04:00,  1.97s/it]2026-09-20 21:30:49,315 INFO [rev_util_actionability|paper_align|Qwen3-0.6B] step=484 epoch=2.3975

                                                 

 80%|███████▉  | 484/606 [16:15<04:00,  1.97s/it]2026-09-20 21:30:49,969 INFO [rev_util_actionability|paper_align|Qwen3-0.6B] step=484 epoch=2.3975

                                                 

 80%|███████▉  | 484/606 [16:16<04:00,  1.97s/it]2026-09-20 21:30:50,435 INFO [rev_util_actionability|paper_align|Qwen3-0.6B] step=484 epoch=2.3975

                                                 

 80%|███████▉  | 484/606 [16:16<04:00,  1.97s/it]
 80%|████████  | 485/606 [16:16<04:03,  2.01s/it]2026-09-20 21:30:50,934 INFO [rev_util_actionability|paper_align|Qwen3-0.6B] step=485 epoch=2.4025

                                                 

 80%|████████  | 485/606 [16:17<04:03,  2.01s/it]2026-09-20 21:30:51,399 INFO [rev_util_actionability|paper_align|Qwen3-0.6B] step=485 epoch=2.4025

                                                 

 80%|████████  | 485/606 [16:17<04:03,  2.01s/it]2026-09-20 21:30:51,864 INFO [rev_util_actionability|paper_align|Qwen3-0.6B] step=485 epoch=2.4025

                                                 

 80%|████████  | 485/606 [16:17<04:03,  2.01s/it]2026-09-20 21:30:52,328 INFO [rev_util_actionability|paper_align|Qwen3-0.6B] step=485 epoch=2.4025

                                                 

 80%|████████  | 485/606 [16:18<04:03,  2.01s/it]
 80%|████████  | 486/606 [16:18<03:57,  1.98s/it]2026-09-20 21:30:52,833 INFO [rev_util_actionability|paper_align|Qwen3-0.6B] step=486 epoch=2.4075

                                                 

 80%|████████  | 486/606 [16:18<03:57,  1.98s/it]2026-09-20 21:30:53,298 INFO [rev_util_actionability|paper_align|Qwen3-0.6B] step=486 epoch=2.4075

                                                 

 80%|████████  | 486/606 [16:19<03:57,  1.98s/it]2026-09-20 21:30:53,762 INFO [rev_util_actionability|paper_align|Qwen3-0.6B] step=486 epoch=2.4075

                                                 

 80%|████████  | 486/606 [16:19<03:57,  1.98s/it]2026-09-20 21:30:54,232 INFO [rev_util_actionability|paper_align|Qwen3-0.6B] step=486 epoch=2.4075

                                                 

 80%|████████  | 486/606 [16:20<03:57,  1.98s/it]
 80%|████████  | 487/606 [16:20<03:52,  1.95s/it]2026-09-20 21:30:54,752 INFO [rev_util_actionability|paper_align|Qwen3-0.6B] step=487 epoch=2.4124

                                                 

 80%|████████  | 487/606 [16:20<03:52,  1.95s/it]2026-09-20 21:30:55,229 INFO [rev_util_actionability|paper_align|Qwen3-0.6B] step=487 epoch=2.4124

                                                 

 80%|████████  | 487/606 [16:21<03:52,  1.95s/it]2026-09-20 21:30:55,702 INFO [rev_util_actionability|paper_align|Qwen3-0.6B] step=487 epoch=2.4124

                                                 

 80%|████████  | 487/606 [16:21<03:52,  1.95s/it]2026-09-20 21:30:56,169 INFO [rev_util_actionability|paper_align|Qwen3-0.6B] step=487 epoch=2.4124

                                                 

 80%|████████  | 487/606 [16:22<03:52,  1.95s/it]
 81%|████████  | 488/606 [16:22<03:50,  1.95s/it]2026-09-20 21:30:56,676 INFO [rev_util_actionability|paper_align|Qwen3-0.6B] step=488 epoch=2.4174

                                                 
{'paper_align_label_loss': '0.001726', 'paper_align_reason_loss': '0.9058', 'epoch': '2.308'}
{'paper_align_label_loss': '0.01129', 'paper_align_reason_loss': '0.8058', 'epoch': '2.313'}
{'paper_align_label_loss': '0.007641', 'paper_align_reason_loss': '0.8314', 'epoch': '2.313'}
{'paper_align_label_loss': '0.03101', 'paper_align_reason_loss': '0.9837', 'epoch': '2.313'}
{'paper_align_label_loss': '0.09856', 'paper_align_reason_loss': '0.8923', 'epoch': '2.313'}
{'paper_align_label_loss': '0.1336', 'paper_align_reason_loss': '0.7918', 'epoch': '2.318'}
{'paper_align_label_loss': '0.04568', 'paper_align_reason_loss': '0.9553', 'epoch': '2.318'}
{'paper_align_label_loss': '0.01677', 'paper_align_reason_loss': '0.8345', 'epoch': '2.318'}
{'paper_align_label_loss': '0.001174', 'paper_align_reason_loss': '0.709', 'epoch': '2.318'}
{'paper_align_label_loss': '0.0006675', 'paper_align_reason_loss': '0.6335', 'epoch': '2.323'}
{'paper_align_label_loss': '0.02449', 'paper_align_reason_loss': '0.7528', 'epoch': '2.323'}
{'paper_align_label_loss': '0.0006659', 'paper_align_reason_loss': '0.6357', 'epoch': '2.323'}
{'paper_align_label_loss': '5.369e-05', 'paper_align_reason_loss': '0.44', 'epoch': '2.323'}
{'loss': '1.648', 'grad_norm': '3.288', 'learning_rate': '1.285e-05', 'epoch': '2.328'}
{'paper_align_label_loss': '0.01689', 'paper_align_reason_loss': '0.9422', 'epoch': '2.328'}
{'paper_align_label_loss': '0.1552', 'paper_align_reason_loss': '0.8939', 'epoch': '2.328'}
{'paper_align_label_loss': '0.02836', 'paper_align_reason_loss': '0.9538', 'epoch': '2.328'}
{'paper_align_label_loss': '0.006629', 'paper_align_reason_loss': '0.6333', 'epoch': '2.328'}
{'paper_align_label_loss': '0.001156', 'paper_align_reason_loss': '0.6813', 'epoch': '2.333'}
{'paper_align_label_loss': '0.003543', 'paper_align_reason_loss': '0.6419', 'epoch': '2.333'}
{'paper_align_label_loss': '9.323e-05', 'paper_align_reason_loss': '0.5838', 'epoch': '2.333'}
{'paper_align_label_loss': '0.0009296', 'paper_align_reason_loss': '0.6909', 'epoch': '2.333'}
{'paper_align_label_loss': '0.004457', 'paper_align_reason_loss': '0.7591', 'epoch': '2.338'}
{'paper_align_label_loss': '0.000514', 'paper_align_reason_loss': '0.5484', 'epoch': '2.338'}
{'paper_align_label_loss': '0.02477', 'paper_align_reason_loss': '0.8641', 'epoch': '2.338'}
{'paper_align_label_loss': '0.01376', 'paper_align_reason_loss': '0.7323', 'epoch': '2.338'}
{'paper_align_label_loss': '0.0001054', 'paper_align_reason_loss': '0.7406', 'epoch': '2.343'}
{'paper_align_label_loss': '0.0001629', 'paper_align_reason_loss': '0.6486', 'epoch': '2.343'}
{'paper_align_label_loss': '0.02508', 'paper_align_reason_loss': '0.6424', 'epoch': '2.343'}
{'paper_align_label_loss': '0.03495', 'paper_align_reason_loss': '0.8881', 'epoch': '2.343'}
{'paper_align_label_loss': '0.006433', 'paper_align_reason_loss': '0.9303', 'epoch': '2.348'}
{'paper_align_label_loss': '0.009911', 'paper_align_reason_loss': '0.697', 'epoch': '2.348'}
{'paper_align_label_loss': '0.001574', 'paper_align_reason_loss': '0.8182', 'epoch': '2.348'}
{'paper_align_label_loss': '7.866e-05', 'paper_align_reason_loss': '0.8181', 'epoch': '2.348'}
{'paper_align_label_loss': '0.1113', 'paper_align_reason_loss': '0.7005', 'epoch': '2.353'}
{'paper_align_label_loss': '0.005994', 'paper_align_reason_loss': '1.138', 'epoch': '2.353'}
{'paper_align_label_loss': '0.02948', 'paper_align_reason_loss': '0.687', 'epoch': '2.353'}
{'paper_align_label_loss': '0.06118', 'paper_align_reason_loss': '0.786', 'epoch': '2.353'}
{'paper_align_label_loss': '0.06072', 'paper_align_reason_loss': '0.8352', 'epoch': '2.358'}
{'paper_align_label_loss': '0.00545', 'paper_align_reason_loss': '0.9218', 'epoch': '2.358'}
{'paper_align_label_loss': '0.01326', 'paper_align_reason_loss': '1.01', 'epoch': '2.358'}
{'paper_align_label_loss': '0.1265', 'paper_align_reason_loss': '1.092', 'epoch': '2.358'}
{'paper_align_label_loss': '3.884e-05', 'paper_align_reason_loss': '0.7427', 'epoch': '2.363'}
{'paper_align_label_loss': '0.07164', 'paper_align_reason_loss': '0.8706', 'epoch': '2.363'}
{'paper_align_label_loss': '0.00919', 'paper_align_reason_loss': '0.6106', 'epoch': '2.363'}
{'paper_align_label_loss': '0.002463', 'paper_align_reason_loss': '0.8218', 'epoch': '2.363'}
{'paper_align_label_loss': '0.02217', 'paper_align_reason_loss': '0.7919', 'epoch': '2.368'}
{'paper_align_label_loss': '0.0006271', 'paper_align_reason_loss': '0.6878', 'epoch': '2.368'}
{'paper_align_label_loss': '0.00514', 'paper_align_reason_loss': '0.832', 'epoch': '2.368'}
{'paper_align_label_loss': '0.1158', 'paper_align_reason_loss': '0.8995', 'epoch': '2.368'}
{'paper_align_label_loss': '0.04157', 'paper_align_reason_loss': '0.7974', 'epoch': '2.373'}
{'paper_align_label_loss': '0.0009723', 'paper_align_reason_loss': '1.155', 'epoch': '2.373'}
{'paper_align_label_loss': '0.08915', 'paper_align_reason_loss': '0.877', 'epoch': '2.373'}
{'paper_align_label_loss': '0.001011', 'paper_align_reason_loss': '0.8525', 'epoch': '2.373'}
{'loss': '1.666', 'grad_norm': '5.302', 'learning_rate': '1.111e-05', 'epoch': '2.378'}
{'paper_align_label_loss': '0.0002835', 'paper_align_reason_loss': '0.7575', 'epoch': '2.378'}
{'paper_align_label_loss': '0.002422', 'paper_align_reason_loss': '0.6954', 'epoch': '2.378'}
{'paper_align_label_loss': '0.01912', 'paper_align_reason_loss': '0.8875', 'epoch': '2.378'}
{'paper_align_label_loss': '0.001033', 'paper_align_reason_loss': '0.7989', 'epoch': '2.378'}
{'paper_align_label_loss': '0.07367', 'paper_align_reason_loss': '0.7505', 'epoch': '2.383'}
{'paper_align_label_loss': '0.0003771', 'paper_align_reason_loss': '0.6554', 'epoch': '2.383'}
{'paper_align_label_loss': '1.83e-05', 'paper_align_reason_loss': '0.5416', 'epoch': '2.383'}
{'paper_align_label_loss': '0.001826', 'paper_align_reason_loss': '0.7837', 'epoch': '2.383'}
{'paper_align_label_loss': '0.0003712', 'paper_align_reason_loss': '0.6872', 'epoch': '2.388'}
{'paper_align_label_loss': '0.01237', 'paper_align_reason_loss': '0.8135', 'epoch': '2.388'}
{'paper_align_label_loss': '0.1409', 'paper_align_reason_loss': '0.9053', 'epoch': '2.388'}
{'paper_align_label_loss': '0.163', 'paper_align_reason_loss': '0.8102', 'epoch': '2.388'}
{'paper_align_label_loss': '0.001518', 'paper_align_reason_loss': '0.9635', 'epoch': '2.393'}
{'paper_align_label_loss': '0.0002207', 'paper_align_reason_loss': '0.895', 'epoch': '2.393'}
{'paper_align_label_loss': '0.0004796', 'paper_align_reason_loss': '0.6501', 'epoch': '2.393'}
{'paper_align_label_loss': '0.0003965', 'paper_align_reason_loss': '0.6557', 'epoch': '2.393'}
{'paper_align_label_loss': '0.006709', 'paper_align_reason_loss': '0.8676', 'epoch': '2.398'}
{'paper_align_label_loss': '0.08782', 'paper_align_reason_loss': '0.7339', 'epoch': '2.398'}
{'paper_align_label_loss': '2.967e-05', 'paper_align_reason_loss': '0.8536', 'epoch': '2.398'}
{'paper_align_label_loss': '0.0005706', 'paper_align_reason_loss': '0.648', 'epoch': '2.398'}
{'paper_align_label_loss': '0.01339', 'paper_align_reason_loss': '0.6755', 'epoch': '2.402'}
{'paper_align_label_loss': '0.02896', 'paper_align_reason_loss': '0.7691', 'epoch': '2.402'}
{'paper_align_label_loss': '0.07455', 'paper_align_reason_loss': '0.9373', 'epoch': '2.402'}
{'paper_align_label_loss': '0.001428', 'paper_align_reason_loss': '0.7709', 'epoch': '2.402'}
{'paper_align_label_loss': '0.0004081', 'paper_align_reason_loss': '0.8177', 'epoch': '2.407'}
{'paper_align_label_loss': '0.0003889', 'paper_align_reason_loss': '0.7589', 'epoch': '2.407'}
{'paper_align_label_loss': '0.006022', 'paper_align_reason_loss': '0.7648', 'epoch': '2.407'}
{'paper_align_label_loss': '0.002408', 'paper_align_reason_loss': '0.9245', 'epoch': '2.407'}
{'paper_align_label_loss': '0.001932', 'paper_align_reason_loss': '0.9081', 'epoch': '2.412'}
{'paper_align_label_loss': '0.2399', 'paper_align_reason_loss': '0.9777', 'epoch': '2.412'}
{'paper_align_label_loss': '0.0006706', 'paper_align_reason_loss': '0.7949', 'epoch': '2.412'}
{'paper_align_label_loss': '0.0009165', 'paper_align_reason_loss': '0.8365', 'epoch': '2.412'}

 81%|████████  | 488/606 [16:22<03:50,  1.95s/it]2026-09-20 21:30:57,140 INFO [rev_util_actionability|paper_align|Qwen3-0.6B] step=488 epoch=2.4174

                                                 

 81%|████████  | 488/606 [16:23<03:50,  1.95s/it]2026-09-20 21:30:57,607 INFO [rev_util_actionability|paper_align|Qwen3-0.6B] step=488 epoch=2.4174

                                                 

 81%|████████  | 488/606 [16:23<03:50,  1.95s/it]2026-09-20 21:30:58,081 INFO [rev_util_actionability|paper_align|Qwen3-0.6B] step=488 epoch=2.4174

                                                 

 81%|████████  | 488/606 [16:24<03:50,  1.95s/it]
 81%|████████  | 489/606 [16:24<03:46,  1.94s/it]2026-09-20 21:30:58,583 INFO [rev_util_actionability|paper_align|Qwen3-0.6B] step=489 epoch=2.4224

                                                 

 81%|████████  | 489/606 [16:24<03:46,  1.94s/it]2026-09-20 21:30:59,043 INFO [rev_util_actionability|paper_align|Qwen3-0.6B] step=489 epoch=2.4224

                                                 

 81%|████████  | 489/606 [16:25<03:46,  1.94s/it]2026-09-20 21:30:59,702 INFO [rev_util_actionability|paper_align|Qwen3-0.6B] step=489 epoch=2.4224

                                                 

 81%|████████  | 489/606 [16:25<03:46,  1.94s/it]2026-09-20 21:31:00,167 INFO [rev_util_actionability|paper_align|Qwen3-0.6B] step=489 epoch=2.4224

                                                 

 81%|████████  | 489/606 [16:26<03:46,  1.94s/it]
 81%|████████  | 490/606 [16:26<03:49,  1.98s/it]2026-09-20 21:31:00,493 INFO [rev_util_actionability|paper_align|Qwen3-0.6B] step=490 loss=1.6215 learning_rate=0.0000 epoch=2.4273

                                                 

 81%|████████  | 490/606 [16:26<03:49,  1.98s/it]2026-09-20 21:31:00,670 INFO [rev_util_actionability|paper_align|Qwen3-0.6B] step=490 epoch=2.4273

                                                 

 81%|████████  | 490/606 [16:26<03:49,  1.98s/it]2026-09-20 21:31:01,134 INFO [rev_util_actionability|paper_align|Qwen3-0.6B] step=490 epoch=2.4273

                                                 

 81%|████████  | 490/606 [16:27<03:49,  1.98s/it]2026-09-20 21:31:01,606 INFO [rev_util_actionability|paper_align|Qwen3-0.6B] step=490 epoch=2.4273

                                                 

 81%|████████  | 490/606 [16:27<03:49,  1.98s/it]2026-09-20 21:31:02,070 INFO [rev_util_actionability|paper_align|Qwen3-0.6B] step=490 epoch=2.4273

                                                 

 81%|████████  | 490/606 [16:28<03:49,  1.98s/it]
 81%|████████  | 491/606 [16:28<03:45,  1.96s/it]2026-09-20 21:31:02,575 INFO [rev_util_actionability|paper_align|Qwen3-0.6B] step=491 epoch=2.4323

                                                 

 81%|████████  | 491/606 [16:28<03:45,  1.96s/it]2026-09-20 21:31:03,041 INFO [rev_util_actionability|paper_align|Qwen3-0.6B] step=491 epoch=2.4323

                                                 

 81%|████████  | 491/606 [16:29<03:45,  1.96s/it]2026-09-20 21:31:03,512 INFO [rev_util_actionability|paper_align|Qwen3-0.6B] step=491 epoch=2.4323

                                                 

 81%|████████  | 491/606 [16:29<03:45,  1.96s/it]2026-09-20 21:31:03,976 INFO [rev_util_actionability|paper_align|Qwen3-0.6B] step=491 epoch=2.4323

                                                 

 81%|████████  | 491/606 [16:30<03:45,  1.96s/it]
 81%|████████  | 492/606 [16:30<03:41,  1.94s/it]2026-09-20 21:31:04,480 INFO [rev_util_actionability|paper_align|Qwen3-0.6B] step=492 epoch=2.4373

                                                 

 81%|████████  | 492/606 [16:30<03:41,  1.94s/it]2026-09-20 21:31:04,943 INFO [rev_util_actionability|paper_align|Qwen3-0.6B] step=492 epoch=2.4373

                                                 

 81%|████████  | 492/606 [16:31<03:41,  1.94s/it]2026-09-20 21:31:05,421 INFO [rev_util_actionability|paper_align|Qwen3-0.6B] step=492 epoch=2.4373

                                                 

 81%|████████  | 492/606 [16:31<03:41,  1.94s/it]2026-09-20 21:31:05,895 INFO [rev_util_actionability|paper_align|Qwen3-0.6B] step=492 epoch=2.4373

                                                 

 81%|████████  | 492/606 [16:32<03:41,  1.94s/it]
 81%|████████▏ | 493/606 [16:32<03:38,  1.94s/it]2026-09-20 21:31:06,402 INFO [rev_util_actionability|paper_align|Qwen3-0.6B] step=493 epoch=2.4422

                                                 

 81%|████████▏ | 493/606 [16:32<03:38,  1.94s/it]2026-09-20 21:31:06,871 INFO [rev_util_actionability|paper_align|Qwen3-0.6B] step=493 epoch=2.4422

                                                 

 81%|████████▏ | 493/606 [16:32<03:38,  1.94s/it]2026-09-20 21:31:07,339 INFO [rev_util_actionability|paper_align|Qwen3-0.6B] step=493 epoch=2.4422

                                                 

 81%|████████▏ | 493/606 [16:33<03:38,  1.94s/it]2026-09-20 21:31:07,805 INFO [rev_util_actionability|paper_align|Qwen3-0.6B] step=493 epoch=2.4422

                                                 

 81%|████████▏ | 493/606 [16:33<03:38,  1.94s/it]
 82%|████████▏ | 494/606 [16:34<03:35,  1.93s/it]2026-09-20 21:31:08,308 INFO [rev_util_actionability|paper_align|Qwen3-0.6B] step=494 epoch=2.4472

                                                 

 82%|████████▏ | 494/606 [16:34<03:35,  1.93s/it]2026-09-20 21:31:08,770 INFO [rev_util_actionability|paper_align|Qwen3-0.6B] step=494 epoch=2.4472

                                                 

 82%|████████▏ | 494/606 [16:34<03:35,  1.93s/it]2026-09-20 21:31:09,418 INFO [rev_util_actionability|paper_align|Qwen3-0.6B] step=494 epoch=2.4472

                                                 

 82%|████████▏ | 494/606 [16:35<03:35,  1.93s/it]2026-09-20 21:31:09,889 INFO [rev_util_actionability|paper_align|Qwen3-0.6B] step=494 epoch=2.4472

                                                 

 82%|████████▏ | 494/606 [16:36<03:35,  1.93s/it]
 82%|████████▏ | 495/606 [16:36<03:39,  1.97s/it]2026-09-20 21:31:10,392 INFO [rev_util_actionability|paper_align|Qwen3-0.6B] step=495 epoch=2.4522

                                                 

 82%|████████▏ | 495/606 [16:36<03:39,  1.97s/it]2026-09-20 21:31:10,856 INFO [rev_util_actionability|paper_align|Qwen3-0.6B] step=495 epoch=2.4522

                                                 

 82%|████████▏ | 495/606 [16:36<03:39,  1.97s/it]2026-09-20 21:31:11,322 INFO [rev_util_actionability|paper_align|Qwen3-0.6B] step=495 epoch=2.4522

                                                 

 82%|████████▏ | 495/606 [16:37<03:39,  1.97s/it]2026-09-20 21:31:11,783 INFO [rev_util_actionability|paper_align|Qwen3-0.6B] step=495 epoch=2.4522

                                                 

 82%|████████▏ | 495/606 [16:37<03:39,  1.97s/it]
 82%|████████▏ | 496/606 [16:38<03:34,  1.95s/it]2026-09-20 21:31:12,287 INFO [rev_util_actionability|paper_align|Qwen3-0.6B] step=496 epoch=2.4571

                                                 

 82%|████████▏ | 496/606 [16:38<03:34,  1.95s/it]2026-09-20 21:31:12,749 INFO [rev_util_actionability|paper_align|Qwen3-0.6B] step=496 epoch=2.4571

                                                 

 82%|████████▏ | 496/606 [16:38<03:34,  1.95s/it]2026-09-20 21:31:13,217 INFO [rev_util_actionability|paper_align|Qwen3-0.6B] step=496 epoch=2.4571

                                                 

 82%|████████▏ | 496/606 [16:39<03:34,  1.95s/it]2026-09-20 21:31:13,689 INFO [rev_util_actionability|paper_align|Qwen3-0.6B] step=496 epoch=2.4571

                                                 

 82%|████████▏ | 496/606 [16:39<03:34,  1.95s/it]
 82%|████████▏ | 497/606 [16:40<03:31,  1.94s/it]2026-09-20 21:31:14,195 INFO [rev_util_actionability|paper_align|Qwen3-0.6B] step=497 epoch=2.4621

                                                 

 82%|████████▏ | 497/606 [16:40<03:31,  1.94s/it]2026-09-20 21:31:14,661 INFO [rev_util_actionability|paper_align|Qwen3-0.6B] step=497 epoch=2.4621

                                                 

 82%|████████▏ | 497/606 [16:40<03:31,  1.94s/it]2026-09-20 21:31:15,129 INFO [rev_util_actionability|paper_align|Qwen3-0.6B] step=497 epoch=2.4621

                                                 

 82%|████████▏ | 497/606 [16:41<03:31,  1.94s/it]2026-09-20 21:31:15,598 INFO [rev_util_actionability|paper_align|Qwen3-0.6B] step=497 epoch=2.4621

                                                 

 82%|████████▏ | 497/606 [16:41<03:31,  1.94s/it]
 82%|████████▏ | 498/606 [16:42<03:28,  1.93s/it]2026-09-20 21:31:16,099 INFO [rev_util_actionability|paper_align|Qwen3-0.6B] step=498 epoch=2.4671

                                                 

 82%|████████▏ | 498/606 [16:42<03:28,  1.93s/it]2026-09-20 21:31:16,569 INFO [rev_util_actionability|paper_align|Qwen3-0.6B] step=498 epoch=2.4671

                                                 

 82%|████████▏ | 498/606 [16:42<03:28,  1.93s/it]2026-09-20 21:31:17,039 INFO [rev_util_actionability|paper_align|Qwen3-0.6B] step=498 epoch=2.4671

                                                 

 82%|████████▏ | 498/606 [16:43<03:28,  1.93s/it]2026-09-20 21:31:17,502 INFO [rev_util_actionability|paper_align|Qwen3-0.6B] step=498 epoch=2.4671

                                                 

 82%|████████▏ | 498/606 [16:43<03:28,  1.93s/it]
 82%|████████▏ | 499/606 [16:43<03:25,  1.92s/it]2026-09-20 21:31:17,999 INFO [rev_util_actionability|paper_align|Qwen3-0.6B] step=499 epoch=2.4720

                                                 

 82%|████████▏ | 499/606 [16:44<03:25,  1.92s/it]2026-09-20 21:31:18,459 INFO [rev_util_actionability|paper_align|Qwen3-0.6B] step=499 epoch=2.4720

                                                 

 82%|████████▏ | 499/606 [16:44<03:25,  1.92s/it]2026-09-20 21:31:19,089 INFO [rev_util_actionability|paper_align|Qwen3-0.6B] step=499 epoch=2.4720

                                                 

 82%|████████▏ | 499/606 [16:45<03:25,  1.92s/it]2026-09-20 21:31:19,555 INFO [rev_util_actionability|paper_align|Qwen3-0.6B] step=499 epoch=2.4720

                                                 

 82%|████████▏ | 499/606 [16:45<03:25,  1.92s/it]
 83%|████████▎ | 500/606 [16:45<03:27,  1.96s/it]2026-09-20 21:31:19,879 INFO [rev_util_actionability|paper_align|Qwen3-0.6B] step=500 loss=1.7150 learning_rate=0.0000 epoch=2.4770

                                                 

 83%|████████▎ | 500/606 [16:45<03:27,  1.96s/it]2026-09-20 21:31:20,057 INFO [rev_util_actionability|paper_align|Qwen3-0.6B] step=500 epoch=2.4770

                                                 

 83%|████████▎ | 500/606 [16:46<03:27,  1.96s/it]2026-09-20 21:31:20,516 INFO [rev_util_actionability|paper_align|Qwen3-0.6B] step=500 epoch=2.4770

                                                 

 83%|████████▎ | 500/606 [16:46<03:27,  1.96s/it]2026-09-20 21:31:20,982 INFO [rev_util_actionability|paper_align|Qwen3-0.6B] step=500 epoch=2.4770

                                                 

 83%|████████▎ | 500/606 [16:47<03:27,  1.96s/it]2026-09-20 21:31:21,453 INFO [rev_util_actionability|paper_align|Qwen3-0.6B] step=500 epoch=2.4770

                                                 

 83%|████████▎ | 500/606 [16:47<03:27,  1.96s/it]
 83%|████████▎ | 501/606 [16:47<03:23,  1.94s/it]2026-09-20 21:31:21,963 INFO [rev_util_actionability|paper_align|Qwen3-0.6B] step=501 epoch=2.4820

                                                 

 83%|████████▎ | 501/606 [16:48<03:23,  1.94s/it]2026-09-20 21:31:22,431 INFO [rev_util_actionability|paper_align|Qwen3-0.6B] step=501 epoch=2.4820

                                                 

 83%|████████▎ | 501/606 [16:48<03:23,  1.94s/it]2026-09-20 21:31:22,898 INFO [rev_util_actionability|paper_align|Qwen3-0.6B] step=501 epoch=2.4820

                                                 

 83%|████████▎ | 501/606 [16:49<03:23,  1.94s/it]2026-09-20 21:31:23,363 INFO [rev_util_actionability|paper_align|Qwen3-0.6B] step=501 epoch=2.4820

                                                 

 83%|████████▎ | 501/606 [16:49<03:23,  1.94s/it]
 83%|████████▎ | 502/606 [16:49<03:21,  1.93s/it]2026-09-20 21:31:23,865 INFO [rev_util_actionability|paper_align|Qwen3-0.6B] step=502 epoch=2.4870

                                                 

 83%|████████▎ | 502/606 [16:49<03:21,  1.93s/it]2026-09-20 21:31:24,328 INFO [rev_util_actionability|paper_align|Qwen3-0.6B] step=502 epoch=2.4870

                                                 

 83%|████████▎ | 502/606 [16:50<03:21,  1.93s/it]2026-09-20 21:31:24,796 INFO [rev_util_actionability|paper_align|Qwen3-0.6B] step=502 epoch=2.4870

                                                 

 83%|████████▎ | 502/606 [16:50<03:21,  1.93s/it]2026-09-20 21:31:25,256 INFO [rev_util_actionability|paper_align|Qwen3-0.6B] step=502 epoch=2.4870

                                                 

 83%|████████▎ | 502/606 [16:51<03:21,  1.93s/it]
 83%|████████▎ | 503/606 [16:51<03:17,  1.92s/it]2026-09-20 21:31:25,759 INFO [rev_util_actionability|paper_align|Qwen3-0.6B] step=503 epoch=2.4919

                                                 

 83%|████████▎ | 503/606 [16:51<03:17,  1.92s/it]2026-09-20 21:31:26,225 INFO [rev_util_actionability|paper_align|Qwen3-0.6B] step=503 epoch=2.4919

                                                 

 83%|████████▎ | 503/606 [16:52<03:17,  1.92s/it]2026-09-20 21:31:26,690 INFO [rev_util_actionability|paper_align|Qwen3-0.6B] step=503 epoch=2.4919

                                                 

 83%|████████▎ | 503/606 [16:52<03:17,  1.92s/it]2026-09-20 21:31:27,151 INFO [rev_util_actionability|paper_align|Qwen3-0.6B] step=503 epoch=2.4919

                                                 

 83%|████████▎ | 503/606 [16:53<03:17,  1.92s/it]
 83%|████████▎ | 504/606 [16:53<03:15,  1.91s/it]2026-09-20 21:31:27,649 INFO [rev_util_actionability|paper_align|Qwen3-0.6B] step=504 epoch=2.4969

                                                 

 83%|████████▎ | 504/606 [16:53<03:15,  1.91s/it]2026-09-20 21:31:28,116 INFO [rev_util_actionability|paper_align|Qwen3-0.6B] step=504 epoch=2.4969

                                                 

 83%|████████▎ | 504/606 [16:54<03:15,  1.91s/it]2026-09-20 21:31:28,582 INFO [rev_util_actionability|paper_align|Qwen3-0.6B] step=504 epoch=2.4969

                                                 

 83%|████████▎ | 504/606 [16:54<03:15,  1.91s/it]2026-09-20 21:31:29,050 INFO [rev_util_actionability|paper_align|Qwen3-0.6B] step=504 epoch=2.4969

                                                 

 83%|████████▎ | 504/606 [16:55<03:15,  1.91s/it]
 83%|████████▎ | 505/606 [16:55<03:17,  1.96s/it]2026-09-20 21:31:29,727 INFO [rev_util_actionability|paper_align|Qwen3-0.6B] step=505 epoch=2.5019

                                                 

 83%|████████▎ | 505/606 [16:55<03:17,  1.96s/it]2026-09-20 21:31:30,202 INFO [rev_util_actionability|paper_align|Qwen3-0.6B] step=505 epoch=2.5019

                                                 

 83%|████████▎ | 505/606 [16:56<03:17,  1.96s/it]2026-09-20 21:31:30,669 INFO [rev_util_actionability|paper_align|Qwen3-0.6B] step=505 epoch=2.5019

                                                 

 83%|████████▎ | 505/606 [16:56<03:17,  1.96s/it]2026-09-20 21:31:31,145 INFO [rev_util_actionability|paper_align|Qwen3-0.6B] step=505 epoch=2.5019

                                                 

 83%|████████▎ | 505/606 [16:57<03:17,  1.96s/it]
 83%|████████▎ | 506/606 [16:57<03:15,  1.95s/it]2026-09-20 21:31:31,655 INFO [rev_util_actionability|paper_align|Qwen3-0.6B] step=506 epoch=2.5068

                                                 

 83%|████████▎ | 506/606 [16:57<03:15,  1.95s/it]2026-09-20 21:31:32,119 INFO [rev_util_actionability|paper_align|Qwen3-0.6B] step=506 epoch=2.5068

                                                 

 83%|████████▎ | 506/606 [16:58<03:15,  1.95s/it]2026-09-20 21:31:32,597 INFO [rev_util_actionability|paper_align|Qwen3-0.6B] step=506 epoch=2.5068

                                                 

 83%|████████▎ | 506/606 [16:58<03:15,  1.95s/it]2026-09-20 21:31:33,072 INFO [rev_util_actionability|paper_align|Qwen3-0.6B] step=506 epoch=2.5068

                                                 

 83%|████████▎ | 506/606 [16:59<03:15,  1.95s/it]
 84%|████████▎ | 507/606 [16:59<03:12,  1.95s/it]2026-09-20 21:31:33,581 INFO [rev_util_actionability|paper_align|Qwen3-0.6B] step=507 epoch=2.5118

                                                 

 84%|████████▎ | 507/606 [16:59<03:12,  1.95s/it]2026-09-20 21:31:34,043 INFO [rev_util_actionability|paper_align|Qwen3-0.6B] step=507 epoch=2.5118

                                                 

 84%|████████▎ | 507/606 [17:00<03:12,  1.95s/it]2026-09-20 21:31:34,508 INFO [rev_util_actionability|paper_align|Qwen3-0.6B] step=507 epoch=2.5118

                                                 

 84%|████████▎ | 507/606 [17:00<03:12,  1.95s/it]2026-09-20 21:31:34,980 INFO [rev_util_actionability|paper_align|Qwen3-0.6B] step=507 epoch=2.5118

                                                 

 84%|████████▎ | 507/606 [17:01<03:12,  1.95s/it]
 84%|████████▍ | 508/606 [17:01<03:09,  1.93s/it]2026-09-20 21:31:35,477 INFO [rev_util_actionability|paper_align|Qwen3-0.6B] step=508 epoch=2.5168

                                                 

 84%|████████▍ | 508/606 [17:01<03:09,  1.93s/it]2026-09-20 21:31:35,944 INFO [rev_util_actionability|paper_align|Qwen3-0.6B] step=508 epoch=2.5168

                                                 

 84%|████████▍ | 508/606 [17:02<03:09,  1.93s/it]2026-09-20 21:31:36,416 INFO [rev_util_actionability|paper_align|Qwen3-0.6B] step=508 epoch=2.5168

                                                 

 84%|████████▍ | 508/606 [17:02<03:09,  1.93s/it]2026-09-20 21:31:36,885 INFO [rev_util_actionability|paper_align|Qwen3-0.6B] step=508 epoch=2.5168

                                                 

 84%|████████▍ | 508/606 [17:03<03:09,  1.93s/it]
 84%|████████▍ | 509/606 [17:03<03:06,  1.92s/it]2026-09-20 21:31:37,400 INFO [rev_util_actionability|paper_align|Qwen3-0.6B] step=509 epoch=2.5217

                                                 

 84%|████████▍ | 509/606 [17:03<03:06,  1.92s/it]2026-09-20 21:31:37,866 INFO [rev_util_actionability|paper_align|Qwen3-0.6B] step=509 epoch=2.5217

                                                 
{'paper_align_label_loss': '0.0002014', 'paper_align_reason_loss': '0.9816', 'epoch': '2.417'}
{'paper_align_label_loss': '0.0002361', 'paper_align_reason_loss': '0.6421', 'epoch': '2.417'}
{'paper_align_label_loss': '0.0004566', 'paper_align_reason_loss': '0.7758', 'epoch': '2.417'}
{'paper_align_label_loss': '3.705e-05', 'paper_align_reason_loss': '0.821', 'epoch': '2.417'}
{'paper_align_label_loss': '0.07799', 'paper_align_reason_loss': '0.8255', 'epoch': '2.422'}
{'paper_align_label_loss': '0.01453', 'paper_align_reason_loss': '0.7357', 'epoch': '2.422'}
{'paper_align_label_loss': '0.001338', 'paper_align_reason_loss': '0.6293', 'epoch': '2.422'}
{'paper_align_label_loss': '0.01162', 'paper_align_reason_loss': '0.7382', 'epoch': '2.422'}
{'loss': '1.621', 'grad_norm': '4.046', 'learning_rate': '9.486e-06', 'epoch': '2.427'}
{'paper_align_label_loss': '0.01373', 'paper_align_reason_loss': '0.8188', 'epoch': '2.427'}
{'paper_align_label_loss': '0.0146', 'paper_align_reason_loss': '0.8266', 'epoch': '2.427'}
{'paper_align_label_loss': '0.3675', 'paper_align_reason_loss': '0.8411', 'epoch': '2.427'}
{'paper_align_label_loss': '0.2953', 'paper_align_reason_loss': '0.7311', 'epoch': '2.427'}
{'paper_align_label_loss': '0.001115', 'paper_align_reason_loss': '0.7836', 'epoch': '2.432'}
{'paper_align_label_loss': '0.002776', 'paper_align_reason_loss': '0.8239', 'epoch': '2.432'}
{'paper_align_label_loss': '0.003487', 'paper_align_reason_loss': '0.7145', 'epoch': '2.432'}
{'paper_align_label_loss': '0.001265', 'paper_align_reason_loss': '0.8124', 'epoch': '2.432'}
{'paper_align_label_loss': '0.008623', 'paper_align_reason_loss': '0.7941', 'epoch': '2.437'}
{'paper_align_label_loss': '0.000217', 'paper_align_reason_loss': '0.4401', 'epoch': '2.437'}
{'paper_align_label_loss': '0.0001806', 'paper_align_reason_loss': '0.9146', 'epoch': '2.437'}
{'paper_align_label_loss': '0.1388', 'paper_align_reason_loss': '1.254', 'epoch': '2.437'}
{'paper_align_label_loss': '0.01906', 'paper_align_reason_loss': '1.091', 'epoch': '2.442'}
{'paper_align_label_loss': '0.0009659', 'paper_align_reason_loss': '0.9716', 'epoch': '2.442'}
{'paper_align_label_loss': '0.000297', 'paper_align_reason_loss': '0.7238', 'epoch': '2.442'}
{'paper_align_label_loss': '0.004481', 'paper_align_reason_loss': '0.8522', 'epoch': '2.442'}
{'paper_align_label_loss': '0.08331', 'paper_align_reason_loss': '0.899', 'epoch': '2.447'}
{'paper_align_label_loss': '0.009873', 'paper_align_reason_loss': '0.6042', 'epoch': '2.447'}
{'paper_align_label_loss': '0.1238', 'paper_align_reason_loss': '1.048', 'epoch': '2.447'}
{'paper_align_label_loss': '0.0159', 'paper_align_reason_loss': '0.8251', 'epoch': '2.447'}
{'paper_align_label_loss': '0.0218', 'paper_align_reason_loss': '0.9131', 'epoch': '2.452'}
{'paper_align_label_loss': '0.007526', 'paper_align_reason_loss': '0.9028', 'epoch': '2.452'}
{'paper_align_label_loss': '0.1489', 'paper_align_reason_loss': '0.9454', 'epoch': '2.452'}
{'paper_align_label_loss': '0.006237', 'paper_align_reason_loss': '0.9041', 'epoch': '2.452'}
{'paper_align_label_loss': '0.007473', 'paper_align_reason_loss': '0.7966', 'epoch': '2.457'}
{'paper_align_label_loss': '0.002566', 'paper_align_reason_loss': '0.8019', 'epoch': '2.457'}
{'paper_align_label_loss': '0.007679', 'paper_align_reason_loss': '0.605', 'epoch': '2.457'}
{'paper_align_label_loss': '0.01306', 'paper_align_reason_loss': '0.9414', 'epoch': '2.457'}
{'paper_align_label_loss': '3.154e-05', 'paper_align_reason_loss': '0.7032', 'epoch': '2.462'}
{'paper_align_label_loss': '0.006869', 'paper_align_reason_loss': '0.8656', 'epoch': '2.462'}
{'paper_align_label_loss': '0.003125', 'paper_align_reason_loss': '0.9185', 'epoch': '2.462'}
{'paper_align_label_loss': '0.007378', 'paper_align_reason_loss': '0.7683', 'epoch': '2.462'}
{'paper_align_label_loss': '0.003188', 'paper_align_reason_loss': '0.7922', 'epoch': '2.467'}
{'paper_align_label_loss': '0.00553', 'paper_align_reason_loss': '0.931', 'epoch': '2.467'}
{'paper_align_label_loss': '0.03646', 'paper_align_reason_loss': '0.78', 'epoch': '2.467'}
{'paper_align_label_loss': '0.02314', 'paper_align_reason_loss': '0.7266', 'epoch': '2.467'}
{'paper_align_label_loss': '4.395e-05', 'paper_align_reason_loss': '0.701', 'epoch': '2.472'}
{'paper_align_label_loss': '8.191e-05', 'paper_align_reason_loss': '0.6456', 'epoch': '2.472'}
{'paper_align_label_loss': '0.001627', 'paper_align_reason_loss': '0.5673', 'epoch': '2.472'}
{'paper_align_label_loss': '0.0142', 'paper_align_reason_loss': '0.8993', 'epoch': '2.472'}
{'loss': '1.715', 'grad_norm': '3.162', 'learning_rate': '7.977e-06', 'epoch': '2.477'}
{'paper_align_label_loss': '0.2589', 'paper_align_reason_loss': '0.6408', 'epoch': '2.477'}
{'paper_align_label_loss': '0.0004468', 'paper_align_reason_loss': '0.7108', 'epoch': '2.477'}
{'paper_align_label_loss': '0.005869', 'paper_align_reason_loss': '0.6904', 'epoch': '2.477'}
{'paper_align_label_loss': '0.0009389', 'paper_align_reason_loss': '0.7406', 'epoch': '2.477'}
{'paper_align_label_loss': '0.0009714', 'paper_align_reason_loss': '0.6655', 'epoch': '2.482'}
{'paper_align_label_loss': '0.0007438', 'paper_align_reason_loss': '0.5575', 'epoch': '2.482'}
{'paper_align_label_loss': '0.0001511', 'paper_align_reason_loss': '0.9095', 'epoch': '2.482'}
{'paper_align_label_loss': '0.0006572', 'paper_align_reason_loss': '0.5947', 'epoch': '2.482'}
{'paper_align_label_loss': '0.003708', 'paper_align_reason_loss': '0.6457', 'epoch': '2.487'}
{'paper_align_label_loss': '0.2158', 'paper_align_reason_loss': '0.9283', 'epoch': '2.487'}
{'paper_align_label_loss': '0.001047', 'paper_align_reason_loss': '0.6702', 'epoch': '2.487'}
{'paper_align_label_loss': '0.008999', 'paper_align_reason_loss': '0.7795', 'epoch': '2.487'}
{'paper_align_label_loss': '0.001432', 'paper_align_reason_loss': '0.8395', 'epoch': '2.492'}
{'paper_align_label_loss': '0.04995', 'paper_align_reason_loss': '0.8308', 'epoch': '2.492'}
{'paper_align_label_loss': '0.01779', 'paper_align_reason_loss': '0.733', 'epoch': '2.492'}
{'paper_align_label_loss': '1.035e-05', 'paper_align_reason_loss': '0.5629', 'epoch': '2.492'}
{'paper_align_label_loss': '0.001356', 'paper_align_reason_loss': '0.6991', 'epoch': '2.497'}
{'paper_align_label_loss': '0.006234', 'paper_align_reason_loss': '0.7453', 'epoch': '2.497'}
{'paper_align_label_loss': '0.07239', 'paper_align_reason_loss': '0.7324', 'epoch': '2.497'}
{'paper_align_label_loss': '0.006423', 'paper_align_reason_loss': '0.8399', 'epoch': '2.497'}
{'paper_align_label_loss': '0.003075', 'paper_align_reason_loss': '0.7954', 'epoch': '2.502'}
{'paper_align_label_loss': '0.6322', 'paper_align_reason_loss': '0.9496', 'epoch': '2.502'}
{'paper_align_label_loss': '0.2877', 'paper_align_reason_loss': '0.6661', 'epoch': '2.502'}
{'paper_align_label_loss': '0.000245', 'paper_align_reason_loss': '0.7212', 'epoch': '2.502'}
{'paper_align_label_loss': '0.01901', 'paper_align_reason_loss': '0.8519', 'epoch': '2.507'}
{'paper_align_label_loss': '0.1402', 'paper_align_reason_loss': '0.7344', 'epoch': '2.507'}
{'paper_align_label_loss': '0.002584', 'paper_align_reason_loss': '0.8371', 'epoch': '2.507'}
{'paper_align_label_loss': '0.00255', 'paper_align_reason_loss': '0.8569', 'epoch': '2.507'}
{'paper_align_label_loss': '0.004334', 'paper_align_reason_loss': '0.9644', 'epoch': '2.512'}
{'paper_align_label_loss': '0.05297', 'paper_align_reason_loss': '0.8261', 'epoch': '2.512'}
{'paper_align_label_loss': '0.01109', 'paper_align_reason_loss': '0.724', 'epoch': '2.512'}
{'paper_align_label_loss': '0.01122', 'paper_align_reason_loss': '0.8595', 'epoch': '2.512'}
{'paper_align_label_loss': '0.0002443', 'paper_align_reason_loss': '0.6059', 'epoch': '2.517'}
{'paper_align_label_loss': '5.061e-05', 'paper_align_reason_loss': '0.8056', 'epoch': '2.517'}
{'paper_align_label_loss': '0.0005731', 'paper_align_reason_loss': '1.002', 'epoch': '2.517'}
{'paper_align_label_loss': '0.009413', 'paper_align_reason_loss': '0.9229', 'epoch': '2.517'}
{'paper_align_label_loss': '0.003173', 'paper_align_reason_loss': '0.7673', 'epoch': '2.522'}

 84%|████████▍ | 509/606 [17:03<03:06,  1.92s/it]2026-09-20 21:31:38,336 INFO [rev_util_actionability|paper_align|Qwen3-0.6B] step=509 epoch=2.5217

                                                 

 84%|████████▍ | 509/606 [17:04<03:06,  1.92s/it]2026-09-20 21:31:38,805 INFO [rev_util_actionability|paper_align|Qwen3-0.6B] step=509 epoch=2.5217

                                                 

 84%|████████▍ | 509/606 [17:04<03:06,  1.92s/it]
 84%|████████▍ | 510/606 [17:05<03:04,  1.92s/it]2026-09-20 21:31:39,135 INFO [rev_util_actionability|paper_align|Qwen3-0.6B] step=510 loss=1.6394 learning_rate=0.0000 epoch=2.5267

                                                 

 84%|████████▍ | 510/606 [17:05<03:04,  1.92s/it]2026-09-20 21:31:39,314 INFO [rev_util_actionability|paper_align|Qwen3-0.6B] step=510 epoch=2.5267

                                                 

 84%|████████▍ | 510/606 [17:05<03:04,  1.92s/it]2026-09-20 21:31:39,946 INFO [rev_util_actionability|paper_align|Qwen3-0.6B] step=510 epoch=2.5267

                                                 

 84%|████████▍ | 510/606 [17:06<03:04,  1.92s/it]2026-09-20 21:31:40,414 INFO [rev_util_actionability|paper_align|Qwen3-0.6B] step=510 epoch=2.5267

                                                 

 84%|████████▍ | 510/606 [17:06<03:04,  1.92s/it]2026-09-20 21:31:40,882 INFO [rev_util_actionability|paper_align|Qwen3-0.6B] step=510 epoch=2.5267

                                                 

 84%|████████▍ | 510/606 [17:06<03:04,  1.92s/it]
 84%|████████▍ | 511/606 [17:07<03:06,  1.97s/it]2026-09-20 21:31:41,382 INFO [rev_util_actionability|paper_align|Qwen3-0.6B] step=511 epoch=2.5317

                                                 

 84%|████████▍ | 511/606 [17:07<03:06,  1.97s/it]2026-09-20 21:31:41,845 INFO [rev_util_actionability|paper_align|Qwen3-0.6B] step=511 epoch=2.5317

                                                 

 84%|████████▍ | 511/606 [17:07<03:06,  1.97s/it]2026-09-20 21:31:42,318 INFO [rev_util_actionability|paper_align|Qwen3-0.6B] step=511 epoch=2.5317

                                                 

 84%|████████▍ | 511/606 [17:08<03:06,  1.97s/it]2026-09-20 21:31:42,785 INFO [rev_util_actionability|paper_align|Qwen3-0.6B] step=511 epoch=2.5317

                                                 

 84%|████████▍ | 511/606 [17:08<03:06,  1.97s/it]
 84%|████████▍ | 512/606 [17:09<03:03,  1.95s/it]2026-09-20 21:31:43,293 INFO [rev_util_actionability|paper_align|Qwen3-0.6B] step=512 epoch=2.5366

                                                 

 84%|████████▍ | 512/606 [17:09<03:03,  1.95s/it]2026-09-20 21:31:43,755 INFO [rev_util_actionability|paper_align|Qwen3-0.6B] step=512 epoch=2.5366

                                                 

 84%|████████▍ | 512/606 [17:09<03:03,  1.95s/it]2026-09-20 21:31:44,224 INFO [rev_util_actionability|paper_align|Qwen3-0.6B] step=512 epoch=2.5366

                                                 

 84%|████████▍ | 512/606 [17:10<03:03,  1.95s/it]2026-09-20 21:31:44,689 INFO [rev_util_actionability|paper_align|Qwen3-0.6B] step=512 epoch=2.5366

                                                 

 84%|████████▍ | 512/606 [17:10<03:03,  1.95s/it]
 85%|████████▍ | 513/606 [17:11<03:00,  1.94s/it]2026-09-20 21:31:45,202 INFO [rev_util_actionability|paper_align|Qwen3-0.6B] step=513 epoch=2.5416

                                                 

 85%|████████▍ | 513/606 [17:11<03:00,  1.94s/it]2026-09-20 21:31:45,667 INFO [rev_util_actionability|paper_align|Qwen3-0.6B] step=513 epoch=2.5416

                                                 

 85%|████████▍ | 513/606 [17:11<03:00,  1.94s/it]2026-09-20 21:31:46,164 INFO [rev_util_actionability|paper_align|Qwen3-0.6B] step=513 epoch=2.5416

                                                 

 85%|████████▍ | 513/606 [17:12<03:00,  1.94s/it]2026-09-20 21:31:46,637 INFO [rev_util_actionability|paper_align|Qwen3-0.6B] step=513 epoch=2.5416

                                                 

 85%|████████▍ | 513/606 [17:12<03:00,  1.94s/it]
 85%|████████▍ | 514/606 [17:13<02:58,  1.94s/it]2026-09-20 21:31:47,140 INFO [rev_util_actionability|paper_align|Qwen3-0.6B] step=514 epoch=2.5466

                                                 

 85%|████████▍ | 514/606 [17:13<02:58,  1.94s/it]2026-09-20 21:31:47,643 INFO [rev_util_actionability|paper_align|Qwen3-0.6B] step=514 epoch=2.5466

                                                 

 85%|████████▍ | 514/606 [17:13<02:58,  1.94s/it]2026-09-20 21:31:48,113 INFO [rev_util_actionability|paper_align|Qwen3-0.6B] step=514 epoch=2.5466

                                                 

 85%|████████▍ | 514/606 [17:14<02:58,  1.94s/it]2026-09-20 21:31:48,584 INFO [rev_util_actionability|paper_align|Qwen3-0.6B] step=514 epoch=2.5466

                                                 

 85%|████████▍ | 514/606 [17:14<02:58,  1.94s/it]
 85%|████████▍ | 515/606 [17:15<02:56,  1.94s/it]2026-09-20 21:31:49,267 INFO [rev_util_actionability|paper_align|Qwen3-0.6B] step=515 epoch=2.5516

                                                 

 85%|████████▍ | 515/606 [17:15<02:56,  1.94s/it]2026-09-20 21:31:49,733 INFO [rev_util_actionability|paper_align|Qwen3-0.6B] step=515 epoch=2.5516

                                                 

 85%|████████▍ | 515/606 [17:15<02:56,  1.94s/it]2026-09-20 21:31:50,205 INFO [rev_util_actionability|paper_align|Qwen3-0.6B] step=515 epoch=2.5516

                                                 

 85%|████████▍ | 515/606 [17:16<02:56,  1.94s/it]2026-09-20 21:31:50,720 INFO [rev_util_actionability|paper_align|Qwen3-0.6B] step=515 epoch=2.5516

                                                 

 85%|████████▍ | 515/606 [17:16<02:56,  1.94s/it]
 85%|████████▌ | 516/606 [17:17<03:01,  2.02s/it]2026-09-20 21:31:51,331 INFO [rev_util_actionability|paper_align|Qwen3-0.6B] step=516 epoch=2.5565

                                                 

 85%|████████▌ | 516/606 [17:17<03:01,  2.02s/it]2026-09-20 21:31:51,903 INFO [rev_util_actionability|paper_align|Qwen3-0.6B] step=516 epoch=2.5565

                                                 

 85%|████████▌ | 516/606 [17:18<03:01,  2.02s/it]2026-09-20 21:31:52,493 INFO [rev_util_actionability|paper_align|Qwen3-0.6B] step=516 epoch=2.5565

                                                 

 85%|████████▌ | 516/606 [17:18<03:01,  2.02s/it]2026-09-20 21:31:53,064 INFO [rev_util_actionability|paper_align|Qwen3-0.6B] step=516 epoch=2.5565

                                                 

 85%|████████▌ | 516/606 [17:19<03:01,  2.02s/it]
 85%|████████▌ | 517/606 [17:19<03:08,  2.12s/it]2026-09-20 21:31:53,670 INFO [rev_util_actionability|paper_align|Qwen3-0.6B] step=517 epoch=2.5615

                                                 

 85%|████████▌ | 517/606 [17:19<03:08,  2.12s/it]2026-09-20 21:31:54,233 INFO [rev_util_actionability|paper_align|Qwen3-0.6B] step=517 epoch=2.5615

                                                 

 85%|████████▌ | 517/606 [17:20<03:08,  2.12s/it]2026-09-20 21:31:54,801 INFO [rev_util_actionability|paper_align|Qwen3-0.6B] step=517 epoch=2.5615

                                                 

 85%|████████▌ | 517/606 [17:20<03:08,  2.12s/it]2026-09-20 21:31:55,379 INFO [rev_util_actionability|paper_align|Qwen3-0.6B] step=517 epoch=2.5615

                                                 

 85%|████████▌ | 517/606 [17:21<03:08,  2.12s/it]
 85%|████████▌ | 518/606 [17:21<03:09,  2.16s/it]2026-09-20 21:31:55,881 INFO [rev_util_actionability|paper_align|Qwen3-0.6B] step=518 epoch=2.5665

                                                 

 85%|████████▌ | 518/606 [17:21<03:09,  2.16s/it]2026-09-20 21:31:56,349 INFO [rev_util_actionability|paper_align|Qwen3-0.6B] step=518 epoch=2.5665

                                                 

 85%|████████▌ | 518/606 [17:22<03:09,  2.16s/it]2026-09-20 21:31:56,813 INFO [rev_util_actionability|paper_align|Qwen3-0.6B] step=518 epoch=2.5665

                                                 

 85%|████████▌ | 518/606 [17:22<03:09,  2.16s/it]2026-09-20 21:31:57,282 INFO [rev_util_actionability|paper_align|Qwen3-0.6B] step=518 epoch=2.5665

                                                 

 85%|████████▌ | 518/606 [17:23<03:09,  2.16s/it]
 86%|████████▌ | 519/606 [17:23<03:00,  2.08s/it]2026-09-20 21:31:57,787 INFO [rev_util_actionability|paper_align|Qwen3-0.6B] step=519 epoch=2.5714

                                                 

 86%|████████▌ | 519/606 [17:23<03:00,  2.08s/it]2026-09-20 21:31:58,261 INFO [rev_util_actionability|paper_align|Qwen3-0.6B] step=519 epoch=2.5714

                                                 

 86%|████████▌ | 519/606 [17:24<03:00,  2.08s/it]2026-09-20 21:31:58,735 INFO [rev_util_actionability|paper_align|Qwen3-0.6B] step=519 epoch=2.5714

                                                 

 86%|████████▌ | 519/606 [17:24<03:00,  2.08s/it]2026-09-20 21:31:59,204 INFO [rev_util_actionability|paper_align|Qwen3-0.6B] step=519 epoch=2.5714

                                                 

 86%|████████▌ | 519/606 [17:25<03:00,  2.08s/it]
 86%|████████▌ | 520/606 [17:25<02:54,  2.03s/it]2026-09-20 21:31:59,535 INFO [rev_util_actionability|paper_align|Qwen3-0.6B] step=520 loss=1.5754 learning_rate=0.0000 epoch=2.5764

                                                 

 86%|████████▌ | 520/606 [17:25<02:54,  2.03s/it]2026-09-20 21:31:59,710 INFO [rev_util_actionability|paper_align|Qwen3-0.6B] step=520 epoch=2.5764

                                                 

 86%|████████▌ | 520/606 [17:25<02:54,  2.03s/it]2026-09-20 21:32:00,359 INFO [rev_util_actionability|paper_align|Qwen3-0.6B] step=520 epoch=2.5764

                                                 

 86%|████████▌ | 520/606 [17:26<02:54,  2.03s/it]2026-09-20 21:32:00,831 INFO [rev_util_actionability|paper_align|Qwen3-0.6B] step=520 epoch=2.5764

                                                 

 86%|████████▌ | 520/606 [17:26<02:54,  2.03s/it]2026-09-20 21:32:01,306 INFO [rev_util_actionability|paper_align|Qwen3-0.6B] step=520 epoch=2.5764

                                                 

 86%|████████▌ | 520/606 [17:27<02:54,  2.03s/it]
 86%|████████▌ | 521/606 [17:27<02:54,  2.05s/it]2026-09-20 21:32:01,816 INFO [rev_util_actionability|paper_align|Qwen3-0.6B] step=521 epoch=2.5814

                                                 

 86%|████████▌ | 521/606 [17:27<02:54,  2.05s/it]2026-09-20 21:32:02,287 INFO [rev_util_actionability|paper_align|Qwen3-0.6B] step=521 epoch=2.5814

                                                 

 86%|████████▌ | 521/606 [17:28<02:54,  2.05s/it]2026-09-20 21:32:02,754 INFO [rev_util_actionability|paper_align|Qwen3-0.6B] step=521 epoch=2.5814

                                                 

 86%|████████▌ | 521/606 [17:28<02:54,  2.05s/it]2026-09-20 21:32:03,222 INFO [rev_util_actionability|paper_align|Qwen3-0.6B] step=521 epoch=2.5814

                                                 

 86%|████████▌ | 521/606 [17:29<02:54,  2.05s/it]
 86%|████████▌ | 522/606 [17:29<02:49,  2.01s/it]2026-09-20 21:32:03,729 INFO [rev_util_actionability|paper_align|Qwen3-0.6B] step=522 epoch=2.5863

                                                 

 86%|████████▌ | 522/606 [17:29<02:49,  2.01s/it]2026-09-20 21:32:04,268 INFO [rev_util_actionability|paper_align|Qwen3-0.6B] step=522 epoch=2.5863

                                                 

 86%|████████▌ | 522/606 [17:30<02:49,  2.01s/it]2026-09-20 21:32:04,735 INFO [rev_util_actionability|paper_align|Qwen3-0.6B] step=522 epoch=2.5863

                                                 

 86%|████████▌ | 522/606 [17:30<02:49,  2.01s/it]2026-09-20 21:32:05,217 INFO [rev_util_actionability|paper_align|Qwen3-0.6B] step=522 epoch=2.5863

                                                 

 86%|████████▌ | 522/606 [17:31<02:49,  2.01s/it]
 86%|████████▋ | 523/606 [17:31<02:46,  2.01s/it]2026-09-20 21:32:05,720 INFO [rev_util_actionability|paper_align|Qwen3-0.6B] step=523 epoch=2.5913

                                                 

 86%|████████▋ | 523/606 [17:31<02:46,  2.01s/it]2026-09-20 21:32:06,193 INFO [rev_util_actionability|paper_align|Qwen3-0.6B] step=523 epoch=2.5913

                                                 

 86%|████████▋ | 523/606 [17:32<02:46,  2.01s/it]2026-09-20 21:32:06,672 INFO [rev_util_actionability|paper_align|Qwen3-0.6B] step=523 epoch=2.5913

                                                 

 86%|████████▋ | 523/606 [17:32<02:46,  2.01s/it]2026-09-20 21:32:07,147 INFO [rev_util_actionability|paper_align|Qwen3-0.6B] step=523 epoch=2.5913

                                                 

 86%|████████▋ | 523/606 [17:33<02:46,  2.01s/it]
 86%|████████▋ | 524/606 [17:33<02:42,  1.98s/it]2026-09-20 21:32:07,653 INFO [rev_util_actionability|paper_align|Qwen3-0.6B] step=524 epoch=2.5963

                                                 

 86%|████████▋ | 524/606 [17:33<02:42,  1.98s/it]2026-09-20 21:32:08,125 INFO [rev_util_actionability|paper_align|Qwen3-0.6B] step=524 epoch=2.5963

                                                 

 86%|████████▋ | 524/606 [17:34<02:42,  1.98s/it]2026-09-20 21:32:08,589 INFO [rev_util_actionability|paper_align|Qwen3-0.6B] step=524 epoch=2.5963

                                                 

 86%|████████▋ | 524/606 [17:34<02:42,  1.98s/it]2026-09-20 21:32:09,052 INFO [rev_util_actionability|paper_align|Qwen3-0.6B] step=524 epoch=2.5963

                                                 

 86%|████████▋ | 524/606 [17:35<02:42,  1.98s/it]
 87%|████████▋ | 525/606 [17:35<02:38,  1.96s/it]2026-09-20 21:32:09,560 INFO [rev_util_actionability|paper_align|Qwen3-0.6B] step=525 epoch=2.6012

                                                 

 87%|████████▋ | 525/606 [17:35<02:38,  1.96s/it]2026-09-20 21:32:10,201 INFO [rev_util_actionability|paper_align|Qwen3-0.6B] step=525 epoch=2.6012

                                                 

 87%|████████▋ | 525/606 [17:36<02:38,  1.96s/it]2026-09-20 21:32:10,673 INFO [rev_util_actionability|paper_align|Qwen3-0.6B] step=525 epoch=2.6012

                                                 

 87%|████████▋ | 525/606 [17:36<02:38,  1.96s/it]2026-09-20 21:32:11,143 INFO [rev_util_actionability|paper_align|Qwen3-0.6B] step=525 epoch=2.6012

                                                 

 87%|████████▋ | 525/606 [17:37<02:38,  1.96s/it]
 87%|████████▋ | 526/606 [17:37<02:40,  2.00s/it]2026-09-20 21:32:11,652 INFO [rev_util_actionability|paper_align|Qwen3-0.6B] step=526 epoch=2.6062

                                                 

 87%|████████▋ | 526/606 [17:37<02:40,  2.00s/it]2026-09-20 21:32:12,120 INFO [rev_util_actionability|paper_align|Qwen3-0.6B] step=526 epoch=2.6062

                                                 

 87%|████████▋ | 526/606 [17:38<02:40,  2.00s/it]2026-09-20 21:32:12,587 INFO [rev_util_actionability|paper_align|Qwen3-0.6B] step=526 epoch=2.6062

                                                 

 87%|████████▋ | 526/606 [17:38<02:40,  2.00s/it]2026-09-20 21:32:13,057 INFO [rev_util_actionability|paper_align|Qwen3-0.6B] step=526 epoch=2.6062

                                                 

 87%|████████▋ | 526/606 [17:39<02:40,  2.00s/it]
 87%|████████▋ | 527/606 [17:39<02:35,  1.97s/it]2026-09-20 21:32:13,561 INFO [rev_util_actionability|paper_align|Qwen3-0.6B] step=527 epoch=2.6112

                                                 

 87%|████████▋ | 527/606 [17:39<02:35,  1.97s/it]2026-09-20 21:32:14,032 INFO [rev_util_actionability|paper_align|Qwen3-0.6B] step=527 epoch=2.6112

                                                 

 87%|████████▋ | 527/606 [17:40<02:35,  1.97s/it]2026-09-20 21:32:14,502 INFO [rev_util_actionability|paper_align|Qwen3-0.6B] step=527 epoch=2.6112

                                                 

 87%|████████▋ | 527/606 [17:40<02:35,  1.97s/it]2026-09-20 21:32:14,973 INFO [rev_util_actionability|paper_align|Qwen3-0.6B] step=527 epoch=2.6112

                                                 

 87%|████████▋ | 527/606 [17:41<02:35,  1.97s/it]
 87%|████████▋ | 528/606 [17:41<02:32,  1.96s/it]2026-09-20 21:32:15,492 INFO [rev_util_actionability|paper_align|Qwen3-0.6B] step=528 epoch=2.6161

                                                 

 87%|████████▋ | 528/606 [17:41<02:32,  1.96s/it]2026-09-20 21:32:15,960 INFO [rev_util_actionability|paper_align|Qwen3-0.6B] step=528 epoch=2.6161

                                                 

 87%|████████▋ | 528/606 [17:42<02:32,  1.96s/it]2026-09-20 21:32:16,441 INFO [rev_util_actionability|paper_align|Qwen3-0.6B] step=528 epoch=2.6161

                                                 

 87%|████████▋ | 528/606 [17:42<02:32,  1.96s/it]2026-09-20 21:32:16,922 INFO [rev_util_actionability|paper_align|Qwen3-0.6B] step=528 epoch=2.6161

                                                 

 87%|████████▋ | 528/606 [17:43<02:32,  1.96s/it]
 87%|████████▋ | 529/606 [17:43<02:30,  1.95s/it]2026-09-20 21:32:17,439 INFO [rev_util_actionability|paper_align|Qwen3-0.6B] step=529 epoch=2.6211

                                                 

 87%|████████▋ | 529/606 [17:43<02:30,  1.95s/it]2026-09-20 21:32:17,912 INFO [rev_util_actionability|paper_align|Qwen3-0.6B] step=529 epoch=2.6211

                                                 

 87%|████████▋ | 529/606 [17:44<02:30,  1.95s/it]2026-09-20 21:32:18,379 INFO [rev_util_actionability|paper_align|Qwen3-0.6B] step=529 epoch=2.6211

                                                 

 87%|████████▋ | 529/606 [17:44<02:30,  1.95s/it]2026-09-20 21:32:18,843 INFO [rev_util_actionability|paper_align|Qwen3-0.6B] step=529 epoch=2.6211

                                                 

 87%|████████▋ | 529/606 [17:44<02:30,  1.95s/it]
 87%|████████▋ | 530/606 [17:45<02:27,  1.94s/it]2026-09-20 21:32:19,171 INFO [rev_util_actionability|paper_align|Qwen3-0.6B] step=530 loss=1.6434 learning_rate=0.0000 epoch=2.6261

                                                 

 87%|████████▋ | 530/606 [17:45<02:27,  1.94s/it]2026-09-20 21:32:19,349 INFO [rev_util_actionability|paper_align|Qwen3-0.6B] step=530 epoch=2.6261

                                                 

 87%|████████▋ | 530/606 [17:45<02:27,  1.94s/it]2026-09-20 21:32:19,987 INFO [rev_util_actionability|paper_align|Qwen3-0.6B] step=530 epoch=2.6261

                                                 
{'paper_align_label_loss': '0.06724', 'paper_align_reason_loss': '0.77', 'epoch': '2.522'}
{'paper_align_label_loss': '0.006124', 'paper_align_reason_loss': '0.8695', 'epoch': '2.522'}
{'paper_align_label_loss': '0.06314', 'paper_align_reason_loss': '0.7708', 'epoch': '2.522'}
{'loss': '1.639', 'grad_norm': '7.562', 'learning_rate': '6.588e-06', 'epoch': '2.527'}
{'paper_align_label_loss': '0.01042', 'paper_align_reason_loss': '0.9973', 'epoch': '2.527'}
{'paper_align_label_loss': '0.1083', 'paper_align_reason_loss': '0.6475', 'epoch': '2.527'}
{'paper_align_label_loss': '0.003567', 'paper_align_reason_loss': '0.7605', 'epoch': '2.527'}
{'paper_align_label_loss': '0.002705', 'paper_align_reason_loss': '0.5699', 'epoch': '2.527'}
{'paper_align_label_loss': '0.01024', 'paper_align_reason_loss': '0.6908', 'epoch': '2.532'}
{'paper_align_label_loss': '0.009424', 'paper_align_reason_loss': '0.6276', 'epoch': '2.532'}
{'paper_align_label_loss': '0.0003746', 'paper_align_reason_loss': '0.5292', 'epoch': '2.532'}
{'paper_align_label_loss': '0.0335', 'paper_align_reason_loss': '0.7144', 'epoch': '2.532'}
{'paper_align_label_loss': '0.008966', 'paper_align_reason_loss': '0.7931', 'epoch': '2.537'}
{'paper_align_label_loss': '0.007091', 'paper_align_reason_loss': '0.7658', 'epoch': '2.537'}
{'paper_align_label_loss': '0.001062', 'paper_align_reason_loss': '0.5992', 'epoch': '2.537'}
{'paper_align_label_loss': '0.001708', 'paper_align_reason_loss': '0.6651', 'epoch': '2.537'}
{'paper_align_label_loss': '0.009913', 'paper_align_reason_loss': '0.7458', 'epoch': '2.542'}
{'paper_align_label_loss': '0.06384', 'paper_align_reason_loss': '1.051', 'epoch': '2.542'}
{'paper_align_label_loss': '0.002288', 'paper_align_reason_loss': '0.7104', 'epoch': '2.542'}
{'paper_align_label_loss': '0.06104', 'paper_align_reason_loss': '0.8678', 'epoch': '2.542'}
{'paper_align_label_loss': '0.002705', 'paper_align_reason_loss': '0.7364', 'epoch': '2.547'}
{'paper_align_label_loss': '0.0003496', 'paper_align_reason_loss': '0.7499', 'epoch': '2.547'}
{'paper_align_label_loss': '0.01237', 'paper_align_reason_loss': '0.6212', 'epoch': '2.547'}
{'paper_align_label_loss': '0.05516', 'paper_align_reason_loss': '0.9168', 'epoch': '2.547'}
{'paper_align_label_loss': '0.0435', 'paper_align_reason_loss': '0.8722', 'epoch': '2.552'}
{'paper_align_label_loss': '0.5934', 'paper_align_reason_loss': '0.7758', 'epoch': '2.552'}
{'paper_align_label_loss': '6.87e-05', 'paper_align_reason_loss': '0.5658', 'epoch': '2.552'}
{'paper_align_label_loss': '0.04948', 'paper_align_reason_loss': '0.6615', 'epoch': '2.552'}
{'paper_align_label_loss': '0.005635', 'paper_align_reason_loss': '0.6735', 'epoch': '2.557'}
{'paper_align_label_loss': '0.0005888', 'paper_align_reason_loss': '1.009', 'epoch': '2.557'}
{'paper_align_label_loss': '0.01093', 'paper_align_reason_loss': '0.6395', 'epoch': '2.557'}
{'paper_align_label_loss': '0.03587', 'paper_align_reason_loss': '0.628', 'epoch': '2.557'}
{'paper_align_label_loss': '0.01033', 'paper_align_reason_loss': '0.863', 'epoch': '2.561'}
{'paper_align_label_loss': '0.004078', 'paper_align_reason_loss': '0.5745', 'epoch': '2.561'}
{'paper_align_label_loss': '0.002105', 'paper_align_reason_loss': '0.8164', 'epoch': '2.561'}
{'paper_align_label_loss': '0.009687', 'paper_align_reason_loss': '0.6365', 'epoch': '2.561'}
{'paper_align_label_loss': '0.5529', 'paper_align_reason_loss': '0.7067', 'epoch': '2.566'}
{'paper_align_label_loss': '0.1849', 'paper_align_reason_loss': '0.7218', 'epoch': '2.566'}
{'paper_align_label_loss': '0.03012', 'paper_align_reason_loss': '0.6449', 'epoch': '2.566'}
{'paper_align_label_loss': '0.05631', 'paper_align_reason_loss': '0.6443', 'epoch': '2.566'}
{'paper_align_label_loss': '0.0008961', 'paper_align_reason_loss': '0.6906', 'epoch': '2.571'}
{'paper_align_label_loss': '0.002211', 'paper_align_reason_loss': '0.8288', 'epoch': '2.571'}
{'paper_align_label_loss': '0.09895', 'paper_align_reason_loss': '0.9041', 'epoch': '2.571'}
{'paper_align_label_loss': '0.003004', 'paper_align_reason_loss': '0.792', 'epoch': '2.571'}
{'loss': '1.575', 'grad_norm': '4.35', 'learning_rate': '5.323e-06', 'epoch': '2.576'}
{'paper_align_label_loss': '0.001895', 'paper_align_reason_loss': '0.6021', 'epoch': '2.576'}
{'paper_align_label_loss': '0.001177', 'paper_align_reason_loss': '0.6738', 'epoch': '2.576'}
{'paper_align_label_loss': '0.0105', 'paper_align_reason_loss': '0.9141', 'epoch': '2.576'}
{'paper_align_label_loss': '0.01264', 'paper_align_reason_loss': '0.9388', 'epoch': '2.576'}
{'paper_align_label_loss': '5.363e-05', 'paper_align_reason_loss': '0.7379', 'epoch': '2.581'}
{'paper_align_label_loss': '0.005669', 'paper_align_reason_loss': '1.26', 'epoch': '2.581'}
{'paper_align_label_loss': '0.003969', 'paper_align_reason_loss': '0.6993', 'epoch': '2.581'}
{'paper_align_label_loss': '0.0002606', 'paper_align_reason_loss': '0.677', 'epoch': '2.581'}
{'paper_align_label_loss': '0.01205', 'paper_align_reason_loss': '0.7449', 'epoch': '2.586'}
{'paper_align_label_loss': '0.00019', 'paper_align_reason_loss': '0.5345', 'epoch': '2.586'}
{'paper_align_label_loss': '0.06196', 'paper_align_reason_loss': '0.7264', 'epoch': '2.586'}
{'paper_align_label_loss': '0.002852', 'paper_align_reason_loss': '0.7145', 'epoch': '2.586'}
{'paper_align_label_loss': '0.006286', 'paper_align_reason_loss': '0.9122', 'epoch': '2.591'}
{'paper_align_label_loss': '7.362e-05', 'paper_align_reason_loss': '0.824', 'epoch': '2.591'}
{'paper_align_label_loss': '0.00706', 'paper_align_reason_loss': '0.6622', 'epoch': '2.591'}
{'paper_align_label_loss': '0.0003899', 'paper_align_reason_loss': '0.8269', 'epoch': '2.591'}
{'paper_align_label_loss': '0.005887', 'paper_align_reason_loss': '0.7394', 'epoch': '2.596'}
{'paper_align_label_loss': '0.008111', 'paper_align_reason_loss': '0.693', 'epoch': '2.596'}
{'paper_align_label_loss': '5.297e-05', 'paper_align_reason_loss': '0.6181', 'epoch': '2.596'}
{'paper_align_label_loss': '0.001248', 'paper_align_reason_loss': '0.6324', 'epoch': '2.596'}
{'paper_align_label_loss': '0.001275', 'paper_align_reason_loss': '0.9275', 'epoch': '2.601'}
{'paper_align_label_loss': '0.05714', 'paper_align_reason_loss': '0.7797', 'epoch': '2.601'}
{'paper_align_label_loss': '0.002878', 'paper_align_reason_loss': '0.8448', 'epoch': '2.601'}
{'paper_align_label_loss': '0.1832', 'paper_align_reason_loss': '0.7754', 'epoch': '2.601'}
{'paper_align_label_loss': '0.03013', 'paper_align_reason_loss': '0.6556', 'epoch': '2.606'}
{'paper_align_label_loss': '0.005828', 'paper_align_reason_loss': '0.9739', 'epoch': '2.606'}
{'paper_align_label_loss': '0.02962', 'paper_align_reason_loss': '0.8851', 'epoch': '2.606'}
{'paper_align_label_loss': '0.002649', 'paper_align_reason_loss': '0.6951', 'epoch': '2.606'}
{'paper_align_label_loss': '0.09411', 'paper_align_reason_loss': '0.8004', 'epoch': '2.611'}
{'paper_align_label_loss': '0.01437', 'paper_align_reason_loss': '1.169', 'epoch': '2.611'}
{'paper_align_label_loss': '0.06074', 'paper_align_reason_loss': '0.9329', 'epoch': '2.611'}
{'paper_align_label_loss': '0.01974', 'paper_align_reason_loss': '0.7607', 'epoch': '2.611'}
{'paper_align_label_loss': '0.01055', 'paper_align_reason_loss': '0.7464', 'epoch': '2.616'}
{'paper_align_label_loss': '0.06155', 'paper_align_reason_loss': '0.9398', 'epoch': '2.616'}
{'paper_align_label_loss': '0.04945', 'paper_align_reason_loss': '0.8535', 'epoch': '2.616'}
{'paper_align_label_loss': '0.004979', 'paper_align_reason_loss': '0.9016', 'epoch': '2.616'}
{'paper_align_label_loss': '0.001947', 'paper_align_reason_loss': '0.8402', 'epoch': '2.621'}
{'paper_align_label_loss': '0.01449', 'paper_align_reason_loss': '0.8661', 'epoch': '2.621'}
{'paper_align_label_loss': '0.01497', 'paper_align_reason_loss': '0.7453', 'epoch': '2.621'}
{'paper_align_label_loss': '0.08911', 'paper_align_reason_loss': '0.7525', 'epoch': '2.621'}
{'loss': '1.643', 'grad_norm': '4.043', 'learning_rate': '4.186e-06', 'epoch': '2.626'}
{'paper_align_label_loss': '9.013e-05', 'paper_align_reason_loss': '0.8323', 'epoch': '2.626'}

 87%|████████▋ | 530/606 [17:46<02:27,  1.94s/it]2026-09-20 21:32:20,454 INFO [rev_util_actionability|paper_align|Qwen3-0.6B] step=530 epoch=2.6261

                                                 

 87%|████████▋ | 530/606 [17:46<02:27,  1.94s/it]2026-09-20 21:32:20,921 INFO [rev_util_actionability|paper_align|Qwen3-0.6B] step=530 epoch=2.6261

                                                 

 87%|████████▋ | 530/606 [17:47<02:27,  1.94s/it]
 88%|████████▊ | 531/606 [17:47<02:28,  1.98s/it]2026-09-20 21:32:21,427 INFO [rev_util_actionability|paper_align|Qwen3-0.6B] step=531 epoch=2.6311

                                                 

 88%|████████▊ | 531/606 [17:47<02:28,  1.98s/it]2026-09-20 21:32:21,898 INFO [rev_util_actionability|paper_align|Qwen3-0.6B] step=531 epoch=2.6311

                                                 

 88%|████████▊ | 531/606 [17:48<02:28,  1.98s/it]2026-09-20 21:32:22,369 INFO [rev_util_actionability|paper_align|Qwen3-0.6B] step=531 epoch=2.6311

                                                 

 88%|████████▊ | 531/606 [17:48<02:28,  1.98s/it]2026-09-20 21:32:22,836 INFO [rev_util_actionability|paper_align|Qwen3-0.6B] step=531 epoch=2.6311

                                                 

 88%|████████▊ | 531/606 [17:48<02:28,  1.98s/it]
 88%|████████▊ | 532/606 [17:49<02:25,  1.96s/it]2026-09-20 21:32:23,337 INFO [rev_util_actionability|paper_align|Qwen3-0.6B] step=532 epoch=2.6360

                                                 

 88%|████████▊ | 532/606 [17:49<02:25,  1.96s/it]2026-09-20 21:32:23,800 INFO [rev_util_actionability|paper_align|Qwen3-0.6B] step=532 epoch=2.6360

                                                 

 88%|████████▊ | 532/606 [17:49<02:25,  1.96s/it]2026-09-20 21:32:24,271 INFO [rev_util_actionability|paper_align|Qwen3-0.6B] step=532 epoch=2.6360

                                                 

 88%|████████▊ | 532/606 [17:50<02:25,  1.96s/it]2026-09-20 21:32:24,743 INFO [rev_util_actionability|paper_align|Qwen3-0.6B] step=532 epoch=2.6360

                                                 

 88%|████████▊ | 532/606 [17:50<02:25,  1.96s/it]
 88%|████████▊ | 533/606 [17:51<02:22,  1.95s/it]2026-09-20 21:32:25,274 INFO [rev_util_actionability|paper_align|Qwen3-0.6B] step=533 epoch=2.6410

                                                 

 88%|████████▊ | 533/606 [17:51<02:22,  1.95s/it]2026-09-20 21:32:25,737 INFO [rev_util_actionability|paper_align|Qwen3-0.6B] step=533 epoch=2.6410

                                                 

 88%|████████▊ | 533/606 [17:51<02:22,  1.95s/it]2026-09-20 21:32:26,202 INFO [rev_util_actionability|paper_align|Qwen3-0.6B] step=533 epoch=2.6410

                                                 

 88%|████████▊ | 533/606 [17:52<02:22,  1.95s/it]2026-09-20 21:32:26,676 INFO [rev_util_actionability|paper_align|Qwen3-0.6B] step=533 epoch=2.6410

                                                 

 88%|████████▊ | 533/606 [17:52<02:22,  1.95s/it]
 88%|████████▊ | 534/606 [17:53<02:19,  1.94s/it]2026-09-20 21:32:27,187 INFO [rev_util_actionability|paper_align|Qwen3-0.6B] step=534 epoch=2.6460

                                                 

 88%|████████▊ | 534/606 [17:53<02:19,  1.94s/it]2026-09-20 21:32:27,651 INFO [rev_util_actionability|paper_align|Qwen3-0.6B] step=534 epoch=2.6460

                                                 

 88%|████████▊ | 534/606 [17:53<02:19,  1.94s/it]2026-09-20 21:32:28,119 INFO [rev_util_actionability|paper_align|Qwen3-0.6B] step=534 epoch=2.6460

                                                 

 88%|████████▊ | 534/606 [17:54<02:19,  1.94s/it]2026-09-20 21:32:28,611 INFO [rev_util_actionability|paper_align|Qwen3-0.6B] step=534 epoch=2.6460

                                                 

 88%|████████▊ | 534/606 [17:54<02:19,  1.94s/it]
 88%|████████▊ | 535/606 [17:55<02:17,  1.94s/it]2026-09-20 21:32:29,115 INFO [rev_util_actionability|paper_align|Qwen3-0.6B] step=535 epoch=2.6509

                                                 

 88%|████████▊ | 535/606 [17:55<02:17,  1.94s/it]2026-09-20 21:32:29,749 INFO [rev_util_actionability|paper_align|Qwen3-0.6B] step=535 epoch=2.6509

                                                 

 88%|████████▊ | 535/606 [17:55<02:17,  1.94s/it]2026-09-20 21:32:30,224 INFO [rev_util_actionability|paper_align|Qwen3-0.6B] step=535 epoch=2.6509

                                                 

 88%|████████▊ | 535/606 [17:56<02:17,  1.94s/it]2026-09-20 21:32:30,695 INFO [rev_util_actionability|paper_align|Qwen3-0.6B] step=535 epoch=2.6509

                                                 

 88%|████████▊ | 535/606 [17:56<02:17,  1.94s/it]
 88%|████████▊ | 536/606 [17:57<02:18,  1.98s/it]2026-09-20 21:32:31,210 INFO [rev_util_actionability|paper_align|Qwen3-0.6B] step=536 epoch=2.6559

                                                 

 88%|████████▊ | 536/606 [17:57<02:18,  1.98s/it]2026-09-20 21:32:31,679 INFO [rev_util_actionability|paper_align|Qwen3-0.6B] step=536 epoch=2.6559

                                                 

 88%|████████▊ | 536/606 [17:57<02:18,  1.98s/it]2026-09-20 21:32:32,149 INFO [rev_util_actionability|paper_align|Qwen3-0.6B] step=536 epoch=2.6559

                                                 

 88%|████████▊ | 536/606 [17:58<02:18,  1.98s/it]2026-09-20 21:32:32,621 INFO [rev_util_actionability|paper_align|Qwen3-0.6B] step=536 epoch=2.6559

                                                 

 88%|████████▊ | 536/606 [17:58<02:18,  1.98s/it]
 89%|████████▊ | 537/606 [17:59<02:15,  1.96s/it]2026-09-20 21:32:33,117 INFO [rev_util_actionability|paper_align|Qwen3-0.6B] step=537 epoch=2.6609

                                                 

 89%|████████▊ | 537/606 [17:59<02:15,  1.96s/it]2026-09-20 21:32:33,576 INFO [rev_util_actionability|paper_align|Qwen3-0.6B] step=537 epoch=2.6609

                                                 

 89%|████████▊ | 537/606 [17:59<02:15,  1.96s/it]2026-09-20 21:32:34,035 INFO [rev_util_actionability|paper_align|Qwen3-0.6B] step=537 epoch=2.6609

                                                 

 89%|████████▊ | 537/606 [18:00<02:15,  1.96s/it]2026-09-20 21:32:34,498 INFO [rev_util_actionability|paper_align|Qwen3-0.6B] step=537 epoch=2.6609

                                                 

 89%|████████▊ | 537/606 [18:00<02:15,  1.96s/it]
 89%|████████▉ | 538/606 [18:00<02:11,  1.94s/it]2026-09-20 21:32:34,997 INFO [rev_util_actionability|paper_align|Qwen3-0.6B] step=538 epoch=2.6658

                                                 

 89%|████████▉ | 538/606 [18:01<02:11,  1.94s/it]2026-09-20 21:32:35,462 INFO [rev_util_actionability|paper_align|Qwen3-0.6B] step=538 epoch=2.6658

                                                 

 89%|████████▉ | 538/606 [18:01<02:11,  1.94s/it]2026-09-20 21:32:35,931 INFO [rev_util_actionability|paper_align|Qwen3-0.6B] step=538 epoch=2.6658

                                                 

 89%|████████▉ | 538/606 [18:02<02:11,  1.94s/it]2026-09-20 21:32:36,400 INFO [rev_util_actionability|paper_align|Qwen3-0.6B] step=538 epoch=2.6658

                                                 

 89%|████████▉ | 538/606 [18:02<02:11,  1.94s/it]
 89%|████████▉ | 539/606 [18:02<02:09,  1.93s/it]2026-09-20 21:32:36,902 INFO [rev_util_actionability|paper_align|Qwen3-0.6B] step=539 epoch=2.6708

                                                 

 89%|████████▉ | 539/606 [18:03<02:09,  1.93s/it]2026-09-20 21:32:37,363 INFO [rev_util_actionability|paper_align|Qwen3-0.6B] step=539 epoch=2.6708

                                                 

 89%|████████▉ | 539/606 [18:03<02:09,  1.93s/it]2026-09-20 21:32:37,823 INFO [rev_util_actionability|paper_align|Qwen3-0.6B] step=539 epoch=2.6708

                                                 

 89%|████████▉ | 539/606 [18:03<02:09,  1.93s/it]2026-09-20 21:32:38,292 INFO [rev_util_actionability|paper_align|Qwen3-0.6B] step=539 epoch=2.6708

                                                 

 89%|████████▉ | 539/606 [18:04<02:09,  1.93s/it]
 89%|████████▉ | 540/606 [18:04<02:06,  1.92s/it]2026-09-20 21:32:38,617 INFO [rev_util_actionability|paper_align|Qwen3-0.6B] step=540 loss=1.5689 learning_rate=0.0000 epoch=2.6758

                                                 

 89%|████████▉ | 540/606 [18:04<02:06,  1.92s/it]2026-09-20 21:32:38,796 INFO [rev_util_actionability|paper_align|Qwen3-0.6B] step=540 epoch=2.6758

                                                 

 89%|████████▉ | 540/606 [18:04<02:06,  1.92s/it]2026-09-20 21:32:39,256 INFO [rev_util_actionability|paper_align|Qwen3-0.6B] step=540 epoch=2.6758

                                                 

 89%|████████▉ | 540/606 [18:05<02:06,  1.92s/it]2026-09-20 21:32:39,885 INFO [rev_util_actionability|paper_align|Qwen3-0.6B] step=540 epoch=2.6758

                                                 

 89%|████████▉ | 540/606 [18:06<02:06,  1.92s/it]2026-09-20 21:32:40,354 INFO [rev_util_actionability|paper_align|Qwen3-0.6B] step=540 epoch=2.6758

                                                 

 89%|████████▉ | 540/606 [18:06<02:06,  1.92s/it]
 89%|████████▉ | 541/606 [18:06<02:07,  1.96s/it]2026-09-20 21:32:40,855 INFO [rev_util_actionability|paper_align|Qwen3-0.6B] step=541 epoch=2.6807

                                                 

 89%|████████▉ | 541/606 [18:06<02:07,  1.96s/it]2026-09-20 21:32:41,318 INFO [rev_util_actionability|paper_align|Qwen3-0.6B] step=541 epoch=2.6807

                                                 

 89%|████████▉ | 541/606 [18:07<02:07,  1.96s/it]2026-09-20 21:32:41,787 INFO [rev_util_actionability|paper_align|Qwen3-0.6B] step=541 epoch=2.6807

                                                 

 89%|████████▉ | 541/606 [18:07<02:07,  1.96s/it]2026-09-20 21:32:42,248 INFO [rev_util_actionability|paper_align|Qwen3-0.6B] step=541 epoch=2.6807

                                                 

 89%|████████▉ | 541/606 [18:08<02:07,  1.96s/it]
 89%|████████▉ | 542/606 [18:08<02:04,  1.94s/it]2026-09-20 21:32:42,762 INFO [rev_util_actionability|paper_align|Qwen3-0.6B] step=542 epoch=2.6857

                                                 

 89%|████████▉ | 542/606 [18:08<02:04,  1.94s/it]2026-09-20 21:32:43,228 INFO [rev_util_actionability|paper_align|Qwen3-0.6B] step=542 epoch=2.6857

                                                 

 89%|████████▉ | 542/606 [18:09<02:04,  1.94s/it]2026-09-20 21:32:43,709 INFO [rev_util_actionability|paper_align|Qwen3-0.6B] step=542 epoch=2.6857

                                                 

 89%|████████▉ | 542/606 [18:09<02:04,  1.94s/it]2026-09-20 21:32:44,172 INFO [rev_util_actionability|paper_align|Qwen3-0.6B] step=542 epoch=2.6857

                                                 

 89%|████████▉ | 542/606 [18:10<02:04,  1.94s/it]
 90%|████████▉ | 543/606 [18:10<02:01,  1.94s/it]2026-09-20 21:32:44,675 INFO [rev_util_actionability|paper_align|Qwen3-0.6B] step=543 epoch=2.6907

                                                 

 90%|████████▉ | 543/606 [18:10<02:01,  1.94s/it]2026-09-20 21:32:45,145 INFO [rev_util_actionability|paper_align|Qwen3-0.6B] step=543 epoch=2.6907

                                                 

 90%|████████▉ | 543/606 [18:11<02:01,  1.94s/it]2026-09-20 21:32:45,617 INFO [rev_util_actionability|paper_align|Qwen3-0.6B] step=543 epoch=2.6907

                                                 

 90%|████████▉ | 543/606 [18:11<02:01,  1.94s/it]2026-09-20 21:32:46,089 INFO [rev_util_actionability|paper_align|Qwen3-0.6B] step=543 epoch=2.6907

                                                 

 90%|████████▉ | 543/606 [18:12<02:01,  1.94s/it]
 90%|████████▉ | 544/606 [18:12<01:59,  1.93s/it]2026-09-20 21:32:46,611 INFO [rev_util_actionability|paper_align|Qwen3-0.6B] step=544 epoch=2.6957

                                                 

 90%|████████▉ | 544/606 [18:12<01:59,  1.93s/it]2026-09-20 21:32:47,079 INFO [rev_util_actionability|paper_align|Qwen3-0.6B] step=544 epoch=2.6957

                                                 

 90%|████████▉ | 544/606 [18:13<01:59,  1.93s/it]2026-09-20 21:32:47,549 INFO [rev_util_actionability|paper_align|Qwen3-0.6B] step=544 epoch=2.6957

                                                 

 90%|████████▉ | 544/606 [18:13<01:59,  1.93s/it]2026-09-20 21:32:48,022 INFO [rev_util_actionability|paper_align|Qwen3-0.6B] step=544 epoch=2.6957

                                                 

 90%|████████▉ | 544/606 [18:14<01:59,  1.93s/it]
 90%|████████▉ | 545/606 [18:14<01:57,  1.93s/it]2026-09-20 21:32:48,521 INFO [rev_util_actionability|paper_align|Qwen3-0.6B] step=545 epoch=2.7006

                                                 

 90%|████████▉ | 545/606 [18:14<01:57,  1.93s/it]2026-09-20 21:32:48,982 INFO [rev_util_actionability|paper_align|Qwen3-0.6B] step=545 epoch=2.7006

                                                 

 90%|████████▉ | 545/606 [18:15<01:57,  1.93s/it]2026-09-20 21:32:49,655 INFO [rev_util_actionability|paper_align|Qwen3-0.6B] step=545 epoch=2.7006

                                                 

 90%|████████▉ | 545/606 [18:15<01:57,  1.93s/it]2026-09-20 21:32:50,121 INFO [rev_util_actionability|paper_align|Qwen3-0.6B] step=545 epoch=2.7006

                                                 

 90%|████████▉ | 545/606 [18:16<01:57,  1.93s/it]
 90%|█████████ | 546/606 [18:16<01:58,  1.98s/it]2026-09-20 21:32:50,626 INFO [rev_util_actionability|paper_align|Qwen3-0.6B] step=546 epoch=2.7056

                                                 

 90%|█████████ | 546/606 [18:16<01:58,  1.98s/it]2026-09-20 21:32:51,090 INFO [rev_util_actionability|paper_align|Qwen3-0.6B] step=546 epoch=2.7056

                                                 

 90%|█████████ | 546/606 [18:17<01:58,  1.98s/it]2026-09-20 21:32:51,561 INFO [rev_util_actionability|paper_align|Qwen3-0.6B] step=546 epoch=2.7056

                                                 

 90%|█████████ | 546/606 [18:17<01:58,  1.98s/it]2026-09-20 21:32:52,031 INFO [rev_util_actionability|paper_align|Qwen3-0.6B] step=546 epoch=2.7056

                                                 

 90%|█████████ | 546/606 [18:18<01:58,  1.98s/it]
 90%|█████████ | 547/606 [18:18<01:55,  1.96s/it]2026-09-20 21:32:52,531 INFO [rev_util_actionability|paper_align|Qwen3-0.6B] step=547 epoch=2.7106

                                                 

 90%|█████████ | 547/606 [18:18<01:55,  1.96s/it]2026-09-20 21:32:52,996 INFO [rev_util_actionability|paper_align|Qwen3-0.6B] step=547 epoch=2.7106

                                                 

 90%|█████████ | 547/606 [18:19<01:55,  1.96s/it]2026-09-20 21:32:53,463 INFO [rev_util_actionability|paper_align|Qwen3-0.6B] step=547 epoch=2.7106

                                                 

 90%|█████████ | 547/606 [18:19<01:55,  1.96s/it]2026-09-20 21:32:53,927 INFO [rev_util_actionability|paper_align|Qwen3-0.6B] step=547 epoch=2.7106

                                                 

 90%|█████████ | 547/606 [18:20<01:55,  1.96s/it]
 90%|█████████ | 548/606 [18:20<01:52,  1.94s/it]2026-09-20 21:32:54,429 INFO [rev_util_actionability|paper_align|Qwen3-0.6B] step=548 epoch=2.7155

                                                 

 90%|█████████ | 548/606 [18:20<01:52,  1.94s/it]2026-09-20 21:32:54,892 INFO [rev_util_actionability|paper_align|Qwen3-0.6B] step=548 epoch=2.7155

                                                 

 90%|█████████ | 548/606 [18:21<01:52,  1.94s/it]2026-09-20 21:32:55,372 INFO [rev_util_actionability|paper_align|Qwen3-0.6B] step=548 epoch=2.7155

                                                 

 90%|█████████ | 548/606 [18:21<01:52,  1.94s/it]2026-09-20 21:32:55,842 INFO [rev_util_actionability|paper_align|Qwen3-0.6B] step=548 epoch=2.7155

                                                 

 90%|█████████ | 548/606 [18:21<01:52,  1.94s/it]
 91%|█████████ | 549/606 [18:22<01:50,  1.93s/it]2026-09-20 21:32:56,346 INFO [rev_util_actionability|paper_align|Qwen3-0.6B] step=549 epoch=2.7205

                                                 

 91%|█████████ | 549/606 [18:22<01:50,  1.93s/it]2026-09-20 21:32:56,811 INFO [rev_util_actionability|paper_align|Qwen3-0.6B] step=549 epoch=2.7205

                                                 

 91%|█████████ | 549/606 [18:22<01:50,  1.93s/it]2026-09-20 21:32:57,273 INFO [rev_util_actionability|paper_align|Qwen3-0.6B] step=549 epoch=2.7205

                                                 

 91%|█████████ | 549/606 [18:23<01:50,  1.93s/it]2026-09-20 21:32:57,739 INFO [rev_util_actionability|paper_align|Qwen3-0.6B] step=549 epoch=2.7205

                                                 

 91%|█████████ | 549/606 [18:23<01:50,  1.93s/it]
 91%|█████████ | 550/606 [18:24<01:47,  1.92s/it]2026-09-20 21:32:58,067 INFO [rev_util_actionability|paper_align|Qwen3-0.6B] step=550 loss=1.6714 learning_rate=0.0000 epoch=2.7255

                                                 

 91%|█████████ | 550/606 [18:24<01:47,  1.92s/it]2026-09-20 21:32:58,250 INFO [rev_util_actionability|paper_align|Qwen3-0.6B] step=550 epoch=2.7255

                                                 

 91%|█████████ | 550/606 [18:24<01:47,  1.92s/it]2026-09-20 21:32:58,731 INFO [rev_util_actionability|paper_align|Qwen3-0.6B] step=550 epoch=2.7255

                                                 

 91%|█████████ | 550/606 [18:24<01:47,  1.92s/it]2026-09-20 21:32:59,201 INFO [rev_util_actionability|paper_align|Qwen3-0.6B] step=550 epoch=2.7255

                                                 

 91%|█████████ | 550/606 [18:25<01:47,  1.92s/it]2026-09-20 21:32:59,841 INFO [rev_util_actionability|paper_align|Qwen3-0.6B] step=550 epoch=2.7255

                                                 

 91%|█████████ | 550/606 [18:25<01:47,  1.92s/it]
 91%|█████████ | 551/606 [18:26<01:48,  1.98s/it]2026-09-20 21:33:00,351 INFO [rev_util_actionability|paper_align|Qwen3-0.6B] step=551 epoch=2.7304

                                                 

 91%|█████████ | 551/606 [18:26<01:48,  1.98s/it]2026-09-20 21:33:00,814 INFO [rev_util_actionability|paper_align|Qwen3-0.6B] step=551 epoch=2.7304

                                                 

 91%|█████████ | 551/606 [18:26<01:48,  1.98s/it]2026-09-20 21:33:01,280 INFO [rev_util_actionability|paper_align|Qwen3-0.6B] step=551 epoch=2.7304

                                                 
{'paper_align_label_loss': '0.06751', 'paper_align_reason_loss': '0.7062', 'epoch': '2.626'}
{'paper_align_label_loss': '0.008096', 'paper_align_reason_loss': '0.7175', 'epoch': '2.626'}
{'paper_align_label_loss': '0.2066', 'paper_align_reason_loss': '0.8988', 'epoch': '2.626'}
{'paper_align_label_loss': '0.02912', 'paper_align_reason_loss': '0.7629', 'epoch': '2.631'}
{'paper_align_label_loss': '2.297e-05', 'paper_align_reason_loss': '0.7717', 'epoch': '2.631'}
{'paper_align_label_loss': '0.008971', 'paper_align_reason_loss': '0.9286', 'epoch': '2.631'}
{'paper_align_label_loss': '0.001118', 'paper_align_reason_loss': '0.5414', 'epoch': '2.631'}
{'paper_align_label_loss': '0.00824', 'paper_align_reason_loss': '0.8281', 'epoch': '2.636'}
{'paper_align_label_loss': '0.03041', 'paper_align_reason_loss': '0.6083', 'epoch': '2.636'}
{'paper_align_label_loss': '0.002628', 'paper_align_reason_loss': '0.8561', 'epoch': '2.636'}
{'paper_align_label_loss': '0.001218', 'paper_align_reason_loss': '0.7127', 'epoch': '2.636'}
{'paper_align_label_loss': '0.009104', 'paper_align_reason_loss': '0.802', 'epoch': '2.641'}
{'paper_align_label_loss': '0.0021', 'paper_align_reason_loss': '0.5797', 'epoch': '2.641'}
{'paper_align_label_loss': '0.001308', 'paper_align_reason_loss': '0.6411', 'epoch': '2.641'}
{'paper_align_label_loss': '0.001088', 'paper_align_reason_loss': '0.6748', 'epoch': '2.641'}
{'paper_align_label_loss': '0.003017', 'paper_align_reason_loss': '0.9857', 'epoch': '2.646'}
{'paper_align_label_loss': '0.00966', 'paper_align_reason_loss': '0.7625', 'epoch': '2.646'}
{'paper_align_label_loss': '0.01018', 'paper_align_reason_loss': '0.7384', 'epoch': '2.646'}
{'paper_align_label_loss': '0.193', 'paper_align_reason_loss': '0.7907', 'epoch': '2.646'}
{'paper_align_label_loss': '0.0317', 'paper_align_reason_loss': '0.9091', 'epoch': '2.651'}
{'paper_align_label_loss': '0.1017', 'paper_align_reason_loss': '0.9079', 'epoch': '2.651'}
{'paper_align_label_loss': '0.01577', 'paper_align_reason_loss': '0.9017', 'epoch': '2.651'}
{'paper_align_label_loss': '0.03916', 'paper_align_reason_loss': '0.4462', 'epoch': '2.651'}
{'paper_align_label_loss': '0.0975', 'paper_align_reason_loss': '0.9684', 'epoch': '2.656'}
{'paper_align_label_loss': '0.2404', 'paper_align_reason_loss': '0.8118', 'epoch': '2.656'}
{'paper_align_label_loss': '0.08603', 'paper_align_reason_loss': '0.863', 'epoch': '2.656'}
{'paper_align_label_loss': '1.99e-05', 'paper_align_reason_loss': '0.6663', 'epoch': '2.656'}
{'paper_align_label_loss': '0.000246', 'paper_align_reason_loss': '0.5902', 'epoch': '2.661'}
{'paper_align_label_loss': '0.001164', 'paper_align_reason_loss': '0.8267', 'epoch': '2.661'}
{'paper_align_label_loss': '0.01027', 'paper_align_reason_loss': '0.7468', 'epoch': '2.661'}
{'paper_align_label_loss': '0.0001181', 'paper_align_reason_loss': '0.5386', 'epoch': '2.661'}
{'paper_align_label_loss': '0.01164', 'paper_align_reason_loss': '0.617', 'epoch': '2.666'}
{'paper_align_label_loss': '0.004067', 'paper_align_reason_loss': '0.4532', 'epoch': '2.666'}
{'paper_align_label_loss': '0.0005847', 'paper_align_reason_loss': '0.9548', 'epoch': '2.666'}
{'paper_align_label_loss': '0.004176', 'paper_align_reason_loss': '0.8321', 'epoch': '2.666'}
{'paper_align_label_loss': '0.0181', 'paper_align_reason_loss': '0.8051', 'epoch': '2.671'}
{'paper_align_label_loss': '0.08076', 'paper_align_reason_loss': '0.8732', 'epoch': '2.671'}
{'paper_align_label_loss': '0.0006069', 'paper_align_reason_loss': '0.5517', 'epoch': '2.671'}
{'paper_align_label_loss': '4.362e-05', 'paper_align_reason_loss': '0.6374', 'epoch': '2.671'}
{'loss': '1.569', 'grad_norm': '4.131', 'learning_rate': '3.18e-06', 'epoch': '2.676'}
{'paper_align_label_loss': '0.006136', 'paper_align_reason_loss': '0.758', 'epoch': '2.676'}
{'paper_align_label_loss': '0.004301', 'paper_align_reason_loss': '0.816', 'epoch': '2.676'}
{'paper_align_label_loss': '0.1993', 'paper_align_reason_loss': '0.7492', 'epoch': '2.676'}
{'paper_align_label_loss': '0.007643', 'paper_align_reason_loss': '0.9336', 'epoch': '2.676'}
{'paper_align_label_loss': '0.0002026', 'paper_align_reason_loss': '0.6061', 'epoch': '2.681'}
{'paper_align_label_loss': '0.002761', 'paper_align_reason_loss': '1', 'epoch': '2.681'}
{'paper_align_label_loss': '6.631e-05', 'paper_align_reason_loss': '0.8612', 'epoch': '2.681'}
{'paper_align_label_loss': '0.01574', 'paper_align_reason_loss': '0.9321', 'epoch': '2.681'}
{'paper_align_label_loss': '0.0003506', 'paper_align_reason_loss': '0.6229', 'epoch': '2.686'}
{'paper_align_label_loss': '0.005562', 'paper_align_reason_loss': '1.001', 'epoch': '2.686'}
{'paper_align_label_loss': '0.01041', 'paper_align_reason_loss': '0.6485', 'epoch': '2.686'}
{'paper_align_label_loss': '0.0001233', 'paper_align_reason_loss': '0.6108', 'epoch': '2.686'}
{'paper_align_label_loss': '0.01467', 'paper_align_reason_loss': '0.8581', 'epoch': '2.691'}
{'paper_align_label_loss': '3.857e-05', 'paper_align_reason_loss': '0.8773', 'epoch': '2.691'}
{'paper_align_label_loss': '3.144e-05', 'paper_align_reason_loss': '0.5021', 'epoch': '2.691'}
{'paper_align_label_loss': '0.0008878', 'paper_align_reason_loss': '0.9537', 'epoch': '2.691'}
{'paper_align_label_loss': '0.02761', 'paper_align_reason_loss': '0.8759', 'epoch': '2.696'}
{'paper_align_label_loss': '0.04468', 'paper_align_reason_loss': '0.8795', 'epoch': '2.696'}
{'paper_align_label_loss': '0.000781', 'paper_align_reason_loss': '0.9821', 'epoch': '2.696'}
{'paper_align_label_loss': '0.2606', 'paper_align_reason_loss': '0.7533', 'epoch': '2.696'}
{'paper_align_label_loss': '0.001173', 'paper_align_reason_loss': '0.9071', 'epoch': '2.701'}
{'paper_align_label_loss': '0.004917', 'paper_align_reason_loss': '0.6224', 'epoch': '2.701'}
{'paper_align_label_loss': '0.003642', 'paper_align_reason_loss': '0.7402', 'epoch': '2.701'}
{'paper_align_label_loss': '0.008434', 'paper_align_reason_loss': '0.6853', 'epoch': '2.701'}
{'paper_align_label_loss': '0.033', 'paper_align_reason_loss': '0.7363', 'epoch': '2.706'}
{'paper_align_label_loss': '0.0003145', 'paper_align_reason_loss': '0.6055', 'epoch': '2.706'}
{'paper_align_label_loss': '0.007595', 'paper_align_reason_loss': '0.9884', 'epoch': '2.706'}
{'paper_align_label_loss': '0.02324', 'paper_align_reason_loss': '0.5474', 'epoch': '2.706'}
{'paper_align_label_loss': '0.001263', 'paper_align_reason_loss': '0.623', 'epoch': '2.711'}
{'paper_align_label_loss': '0.2015', 'paper_align_reason_loss': '0.9571', 'epoch': '2.711'}
{'paper_align_label_loss': '0.005527', 'paper_align_reason_loss': '0.7572', 'epoch': '2.711'}
{'paper_align_label_loss': '0.00465', 'paper_align_reason_loss': '0.7421', 'epoch': '2.711'}
{'paper_align_label_loss': '0.1396', 'paper_align_reason_loss': '0.999', 'epoch': '2.716'}
{'paper_align_label_loss': '0.102', 'paper_align_reason_loss': '1.084', 'epoch': '2.716'}
{'paper_align_label_loss': '0.01135', 'paper_align_reason_loss': '0.7791', 'epoch': '2.716'}
{'paper_align_label_loss': '0.0002876', 'paper_align_reason_loss': '0.7939', 'epoch': '2.716'}
{'paper_align_label_loss': '0.004392', 'paper_align_reason_loss': '0.7485', 'epoch': '2.72'}
{'paper_align_label_loss': '0.0001062', 'paper_align_reason_loss': '0.7592', 'epoch': '2.72'}
{'paper_align_label_loss': '0.2087', 'paper_align_reason_loss': '0.9189', 'epoch': '2.72'}
{'paper_align_label_loss': '0.01388', 'paper_align_reason_loss': '0.8358', 'epoch': '2.72'}
{'loss': '1.671', 'grad_norm': '3.706', 'learning_rate': '2.309e-06', 'epoch': '2.725'}
{'paper_align_label_loss': '0.005437', 'paper_align_reason_loss': '0.7367', 'epoch': '2.725'}
{'paper_align_label_loss': '0.03177', 'paper_align_reason_loss': '1.214', 'epoch': '2.725'}
{'paper_align_label_loss': '0.02062', 'paper_align_reason_loss': '0.7724', 'epoch': '2.725'}
{'paper_align_label_loss': '0.00927', 'paper_align_reason_loss': '1.008', 'epoch': '2.725'}
{'paper_align_label_loss': '0.0003465', 'paper_align_reason_loss': '0.7356', 'epoch': '2.73'}
{'paper_align_label_loss': '0.004238', 'paper_align_reason_loss': '0.823', 'epoch': '2.73'}
{'paper_align_label_loss': '0.05155', 'paper_align_reason_loss': '0.787', 'epoch': '2.73'}

 91%|█████████ | 551/606 [18:27<01:48,  1.98s/it]2026-09-20 21:33:01,744 INFO [rev_util_actionability|paper_align|Qwen3-0.6B] step=551 epoch=2.7304

                                                 

 91%|█████████ | 551/606 [18:27<01:48,  1.98s/it]
 91%|█████████ | 552/606 [18:28<01:45,  1.95s/it]2026-09-20 21:33:02,244 INFO [rev_util_actionability|paper_align|Qwen3-0.6B] step=552 epoch=2.7354

                                                 

 91%|█████████ | 552/606 [18:28<01:45,  1.95s/it]2026-09-20 21:33:02,708 INFO [rev_util_actionability|paper_align|Qwen3-0.6B] step=552 epoch=2.7354

                                                 

 91%|█████████ | 552/606 [18:28<01:45,  1.95s/it]2026-09-20 21:33:03,175 INFO [rev_util_actionability|paper_align|Qwen3-0.6B] step=552 epoch=2.7354

                                                 

 91%|█████████ | 552/606 [18:29<01:45,  1.95s/it]2026-09-20 21:33:03,638 INFO [rev_util_actionability|paper_align|Qwen3-0.6B] step=552 epoch=2.7354

                                                 

 91%|█████████ | 552/606 [18:29<01:45,  1.95s/it]
 91%|█████████▏| 553/606 [18:30<01:42,  1.94s/it]2026-09-20 21:33:04,145 INFO [rev_util_actionability|paper_align|Qwen3-0.6B] step=553 epoch=2.7404

                                                 

 91%|█████████▏| 553/606 [18:30<01:42,  1.94s/it]2026-09-20 21:33:04,609 INFO [rev_util_actionability|paper_align|Qwen3-0.6B] step=553 epoch=2.7404

                                                 

 91%|█████████▏| 553/606 [18:30<01:42,  1.94s/it]2026-09-20 21:33:05,076 INFO [rev_util_actionability|paper_align|Qwen3-0.6B] step=553 epoch=2.7404

                                                 

 91%|█████████▏| 553/606 [18:31<01:42,  1.94s/it]2026-09-20 21:33:05,555 INFO [rev_util_actionability|paper_align|Qwen3-0.6B] step=553 epoch=2.7404

                                                 

 91%|█████████▏| 553/606 [18:31<01:42,  1.94s/it]
 91%|█████████▏| 554/606 [18:32<01:40,  1.93s/it]2026-09-20 21:33:06,078 INFO [rev_util_actionability|paper_align|Qwen3-0.6B] step=554 epoch=2.7453

                                                 

 91%|█████████▏| 554/606 [18:32<01:40,  1.93s/it]2026-09-20 21:33:06,544 INFO [rev_util_actionability|paper_align|Qwen3-0.6B] step=554 epoch=2.7453

                                                 

 91%|█████████▏| 554/606 [18:32<01:40,  1.93s/it]2026-09-20 21:33:07,023 INFO [rev_util_actionability|paper_align|Qwen3-0.6B] step=554 epoch=2.7453

                                                 

 91%|█████████▏| 554/606 [18:33<01:40,  1.93s/it]2026-09-20 21:33:07,495 INFO [rev_util_actionability|paper_align|Qwen3-0.6B] step=554 epoch=2.7453

                                                 

 91%|█████████▏| 554/606 [18:33<01:40,  1.93s/it]
 92%|█████████▏| 555/606 [18:33<01:38,  1.93s/it]2026-09-20 21:33:08,000 INFO [rev_util_actionability|paper_align|Qwen3-0.6B] step=555 epoch=2.7503

                                                 

 92%|█████████▏| 555/606 [18:34<01:38,  1.93s/it]2026-09-20 21:33:08,468 INFO [rev_util_actionability|paper_align|Qwen3-0.6B] step=555 epoch=2.7503

                                                 

 92%|█████████▏| 555/606 [18:34<01:38,  1.93s/it]2026-09-20 21:33:08,941 INFO [rev_util_actionability|paper_align|Qwen3-0.6B] step=555 epoch=2.7503

                                                 

 92%|█████████▏| 555/606 [18:35<01:38,  1.93s/it]2026-09-20 21:33:09,593 INFO [rev_util_actionability|paper_align|Qwen3-0.6B] step=555 epoch=2.7503

                                                 

 92%|█████████▏| 555/606 [18:35<01:38,  1.93s/it]
 92%|█████████▏| 556/606 [18:36<01:39,  1.98s/it]2026-09-20 21:33:10,095 INFO [rev_util_actionability|paper_align|Qwen3-0.6B] step=556 epoch=2.7553

                                                 

 92%|█████████▏| 556/606 [18:36<01:39,  1.98s/it]2026-09-20 21:33:10,560 INFO [rev_util_actionability|paper_align|Qwen3-0.6B] step=556 epoch=2.7553

                                                 

 92%|█████████▏| 556/606 [18:36<01:39,  1.98s/it]2026-09-20 21:33:11,019 INFO [rev_util_actionability|paper_align|Qwen3-0.6B] step=556 epoch=2.7553

                                                 

 92%|█████████▏| 556/606 [18:37<01:39,  1.98s/it]2026-09-20 21:33:11,487 INFO [rev_util_actionability|paper_align|Qwen3-0.6B] step=556 epoch=2.7553

                                                 

 92%|█████████▏| 556/606 [18:37<01:39,  1.98s/it]
 92%|█████████▏| 557/606 [18:37<01:35,  1.95s/it]2026-09-20 21:33:11,988 INFO [rev_util_actionability|paper_align|Qwen3-0.6B] step=557 epoch=2.7602

                                                 

 92%|█████████▏| 557/606 [18:38<01:35,  1.95s/it]2026-09-20 21:33:12,451 INFO [rev_util_actionability|paper_align|Qwen3-0.6B] step=557 epoch=2.7602

                                                 

 92%|█████████▏| 557/606 [18:38<01:35,  1.95s/it]2026-09-20 21:33:12,920 INFO [rev_util_actionability|paper_align|Qwen3-0.6B] step=557 epoch=2.7602

                                                 

 92%|█████████▏| 557/606 [18:39<01:35,  1.95s/it]2026-09-20 21:33:13,388 INFO [rev_util_actionability|paper_align|Qwen3-0.6B] step=557 epoch=2.7602

                                                 

 92%|█████████▏| 557/606 [18:39<01:35,  1.95s/it]
 92%|█████████▏| 558/606 [18:39<01:33,  1.94s/it]2026-09-20 21:33:13,884 INFO [rev_util_actionability|paper_align|Qwen3-0.6B] step=558 epoch=2.7652

                                                 

 92%|█████████▏| 558/606 [18:39<01:33,  1.94s/it]2026-09-20 21:33:14,346 INFO [rev_util_actionability|paper_align|Qwen3-0.6B] step=558 epoch=2.7652

                                                 

 92%|█████████▏| 558/606 [18:40<01:33,  1.94s/it]2026-09-20 21:33:14,819 INFO [rev_util_actionability|paper_align|Qwen3-0.6B] step=558 epoch=2.7652

                                                 

 92%|█████████▏| 558/606 [18:40<01:33,  1.94s/it]2026-09-20 21:33:15,289 INFO [rev_util_actionability|paper_align|Qwen3-0.6B] step=558 epoch=2.7652

                                                 

 92%|█████████▏| 558/606 [18:41<01:33,  1.94s/it]
 92%|█████████▏| 559/606 [18:41<01:30,  1.93s/it]2026-09-20 21:33:15,788 INFO [rev_util_actionability|paper_align|Qwen3-0.6B] step=559 epoch=2.7702

                                                 

 92%|█████████▏| 559/606 [18:41<01:30,  1.93s/it]2026-09-20 21:33:16,254 INFO [rev_util_actionability|paper_align|Qwen3-0.6B] step=559 epoch=2.7702

                                                 

 92%|█████████▏| 559/606 [18:42<01:30,  1.93s/it]2026-09-20 21:33:16,720 INFO [rev_util_actionability|paper_align|Qwen3-0.6B] step=559 epoch=2.7702

                                                 

 92%|█████████▏| 559/606 [18:42<01:30,  1.93s/it]2026-09-20 21:33:17,189 INFO [rev_util_actionability|paper_align|Qwen3-0.6B] step=559 epoch=2.7702

                                                 

 92%|█████████▏| 559/606 [18:43<01:30,  1.93s/it]
 92%|█████████▏| 560/606 [18:43<01:28,  1.92s/it]2026-09-20 21:33:17,515 INFO [rev_util_actionability|paper_align|Qwen3-0.6B] step=560 loss=1.6535 learning_rate=0.0000 epoch=2.7752

                                                 

 92%|█████████▏| 560/606 [18:43<01:28,  1.92s/it]2026-09-20 21:33:17,704 INFO [rev_util_actionability|paper_align|Qwen3-0.6B] step=560 epoch=2.7752

                                                 

 92%|█████████▏| 560/606 [18:43<01:28,  1.92s/it]2026-09-20 21:33:18,167 INFO [rev_util_actionability|paper_align|Qwen3-0.6B] step=560 epoch=2.7752

                                                 

 92%|█████████▏| 560/606 [18:44<01:28,  1.92s/it]2026-09-20 21:33:18,632 INFO [rev_util_actionability|paper_align|Qwen3-0.6B] step=560 epoch=2.7752

                                                 

 92%|█████████▏| 560/606 [18:44<01:28,  1.92s/it]2026-09-20 21:33:19,285 INFO [rev_util_actionability|paper_align|Qwen3-0.6B] step=560 epoch=2.7752

                                                 

 92%|█████████▏| 560/606 [18:45<01:28,  1.92s/it]
 93%|█████████▎| 561/606 [18:45<01:28,  1.97s/it]2026-09-20 21:33:19,784 INFO [rev_util_actionability|paper_align|Qwen3-0.6B] step=561 epoch=2.7801

                                                 

 93%|█████████▎| 561/606 [18:45<01:28,  1.97s/it]2026-09-20 21:33:20,250 INFO [rev_util_actionability|paper_align|Qwen3-0.6B] step=561 epoch=2.7801

                                                 

 93%|█████████▎| 561/606 [18:46<01:28,  1.97s/it]2026-09-20 21:33:20,716 INFO [rev_util_actionability|paper_align|Qwen3-0.6B] step=561 epoch=2.7801

                                                 

 93%|█████████▎| 561/606 [18:46<01:28,  1.97s/it]2026-09-20 21:33:21,181 INFO [rev_util_actionability|paper_align|Qwen3-0.6B] step=561 epoch=2.7801

                                                 

 93%|█████████▎| 561/606 [18:47<01:28,  1.97s/it]
 93%|█████████▎| 562/606 [18:47<01:25,  1.95s/it]2026-09-20 21:33:21,674 INFO [rev_util_actionability|paper_align|Qwen3-0.6B] step=562 epoch=2.7851

                                                 

 93%|█████████▎| 562/606 [18:47<01:25,  1.95s/it]2026-09-20 21:33:22,137 INFO [rev_util_actionability|paper_align|Qwen3-0.6B] step=562 epoch=2.7851

                                                 

 93%|█████████▎| 562/606 [18:48<01:25,  1.95s/it]2026-09-20 21:33:22,600 INFO [rev_util_actionability|paper_align|Qwen3-0.6B] step=562 epoch=2.7851

                                                 

 93%|█████████▎| 562/606 [18:48<01:25,  1.95s/it]2026-09-20 21:33:23,069 INFO [rev_util_actionability|paper_align|Qwen3-0.6B] step=562 epoch=2.7851

                                                 

 93%|█████████▎| 562/606 [18:49<01:25,  1.95s/it]
 93%|█████████▎| 563/606 [18:49<01:23,  1.93s/it]2026-09-20 21:33:23,571 INFO [rev_util_actionability|paper_align|Qwen3-0.6B] step=563 epoch=2.7901

                                                 

 93%|█████████▎| 563/606 [18:49<01:23,  1.93s/it]2026-09-20 21:33:24,044 INFO [rev_util_actionability|paper_align|Qwen3-0.6B] step=563 epoch=2.7901

                                                 

 93%|█████████▎| 563/606 [18:50<01:23,  1.93s/it]2026-09-20 21:33:24,516 INFO [rev_util_actionability|paper_align|Qwen3-0.6B] step=563 epoch=2.7901

                                                 

 93%|█████████▎| 563/606 [18:50<01:23,  1.93s/it]2026-09-20 21:33:24,985 INFO [rev_util_actionability|paper_align|Qwen3-0.6B] step=563 epoch=2.7901

                                                 

 93%|█████████▎| 563/606 [18:51<01:23,  1.93s/it]
 93%|█████████▎| 564/606 [18:51<01:20,  1.93s/it]2026-09-20 21:33:25,487 INFO [rev_util_actionability|paper_align|Qwen3-0.6B] step=564 epoch=2.7950

                                                 

 93%|█████████▎| 564/606 [18:51<01:20,  1.93s/it]2026-09-20 21:33:25,951 INFO [rev_util_actionability|paper_align|Qwen3-0.6B] step=564 epoch=2.7950

                                                 

 93%|█████████▎| 564/606 [18:52<01:20,  1.93s/it]2026-09-20 21:33:26,425 INFO [rev_util_actionability|paper_align|Qwen3-0.6B] step=564 epoch=2.7950

                                                 

 93%|█████████▎| 564/606 [18:52<01:20,  1.93s/it]2026-09-20 21:33:26,900 INFO [rev_util_actionability|paper_align|Qwen3-0.6B] step=564 epoch=2.7950

                                                 

 93%|█████████▎| 564/606 [18:53<01:20,  1.93s/it]
 93%|█████████▎| 565/606 [18:53<01:19,  1.93s/it]2026-09-20 21:33:27,429 INFO [rev_util_actionability|paper_align|Qwen3-0.6B] step=565 epoch=2.8000

                                                 

 93%|█████████▎| 565/606 [18:53<01:19,  1.93s/it]2026-09-20 21:33:27,903 INFO [rev_util_actionability|paper_align|Qwen3-0.6B] step=565 epoch=2.8000

                                                 

 93%|█████████▎| 565/606 [18:54<01:19,  1.93s/it]2026-09-20 21:33:28,371 INFO [rev_util_actionability|paper_align|Qwen3-0.6B] step=565 epoch=2.8000

                                                 

 93%|█████████▎| 565/606 [18:54<01:19,  1.93s/it]2026-09-20 21:33:29,005 INFO [rev_util_actionability|paper_align|Qwen3-0.6B] step=565 epoch=2.8000

                                                 

 93%|█████████▎| 565/606 [18:55<01:19,  1.93s/it]
 93%|█████████▎| 566/606 [18:55<01:18,  1.97s/it]2026-09-20 21:33:29,507 INFO [rev_util_actionability|paper_align|Qwen3-0.6B] step=566 epoch=2.8050

                                                 

 93%|█████████▎| 566/606 [18:55<01:18,  1.97s/it]2026-09-20 21:33:29,967 INFO [rev_util_actionability|paper_align|Qwen3-0.6B] step=566 epoch=2.8050

                                                 

 93%|█████████▎| 566/606 [18:56<01:18,  1.97s/it]2026-09-20 21:33:30,439 INFO [rev_util_actionability|paper_align|Qwen3-0.6B] step=566 epoch=2.8050

                                                 

 93%|█████████▎| 566/606 [18:56<01:18,  1.97s/it]2026-09-20 21:33:30,898 INFO [rev_util_actionability|paper_align|Qwen3-0.6B] step=566 epoch=2.8050

                                                 

 93%|█████████▎| 566/606 [18:57<01:18,  1.97s/it]
 94%|█████████▎| 567/606 [18:57<01:16,  1.95s/it]2026-09-20 21:33:31,401 INFO [rev_util_actionability|paper_align|Qwen3-0.6B] step=567 epoch=2.8099

                                                 

 94%|█████████▎| 567/606 [18:57<01:16,  1.95s/it]2026-09-20 21:33:31,861 INFO [rev_util_actionability|paper_align|Qwen3-0.6B] step=567 epoch=2.8099

                                                 

 94%|█████████▎| 567/606 [18:57<01:16,  1.95s/it]2026-09-20 21:33:32,329 INFO [rev_util_actionability|paper_align|Qwen3-0.6B] step=567 epoch=2.8099

                                                 

 94%|█████████▎| 567/606 [18:58<01:16,  1.95s/it]2026-09-20 21:33:32,793 INFO [rev_util_actionability|paper_align|Qwen3-0.6B] step=567 epoch=2.8099

                                                 

 94%|█████████▎| 567/606 [18:58<01:16,  1.95s/it]
 94%|█████████▎| 568/606 [18:59<01:13,  1.93s/it]2026-09-20 21:33:33,288 INFO [rev_util_actionability|paper_align|Qwen3-0.6B] step=568 epoch=2.8149

                                                 

 94%|█████████▎| 568/606 [18:59<01:13,  1.93s/it]2026-09-20 21:33:33,752 INFO [rev_util_actionability|paper_align|Qwen3-0.6B] step=568 epoch=2.8149

                                                 

 94%|█████████▎| 568/606 [18:59<01:13,  1.93s/it]2026-09-20 21:33:34,222 INFO [rev_util_actionability|paper_align|Qwen3-0.6B] step=568 epoch=2.8149

                                                 

 94%|█████████▎| 568/606 [19:00<01:13,  1.93s/it]2026-09-20 21:33:34,699 INFO [rev_util_actionability|paper_align|Qwen3-0.6B] step=568 epoch=2.8149

                                                 

 94%|█████████▎| 568/606 [19:00<01:13,  1.93s/it]
 94%|█████████▍| 569/606 [19:01<01:11,  1.93s/it]2026-09-20 21:33:35,199 INFO [rev_util_actionability|paper_align|Qwen3-0.6B] step=569 epoch=2.8199

                                                 

 94%|█████████▍| 569/606 [19:01<01:11,  1.93s/it]2026-09-20 21:33:35,663 INFO [rev_util_actionability|paper_align|Qwen3-0.6B] step=569 epoch=2.8199

                                                 

 94%|█████████▍| 569/606 [19:01<01:11,  1.93s/it]2026-09-20 21:33:36,128 INFO [rev_util_actionability|paper_align|Qwen3-0.6B] step=569 epoch=2.8199

                                                 

 94%|█████████▍| 569/606 [19:02<01:11,  1.93s/it]2026-09-20 21:33:36,600 INFO [rev_util_actionability|paper_align|Qwen3-0.6B] step=569 epoch=2.8199

                                                 

 94%|█████████▍| 569/606 [19:02<01:11,  1.93s/it]
 94%|█████████▍| 570/606 [19:03<01:09,  1.92s/it]2026-09-20 21:33:36,924 INFO [rev_util_actionability|paper_align|Qwen3-0.6B] step=570 loss=1.5784 learning_rate=0.0000 epoch=2.8248

                                                 

 94%|█████████▍| 570/606 [19:03<01:09,  1.92s/it]2026-09-20 21:33:37,104 INFO [rev_util_actionability|paper_align|Qwen3-0.6B] step=570 epoch=2.8248

                                                 

 94%|█████████▍| 570/606 [19:03<01:09,  1.92s/it]2026-09-20 21:33:37,565 INFO [rev_util_actionability|paper_align|Qwen3-0.6B] step=570 epoch=2.8248

                                                 

 94%|█████████▍| 570/606 [19:03<01:09,  1.92s/it]2026-09-20 21:33:38,034 INFO [rev_util_actionability|paper_align|Qwen3-0.6B] step=570 epoch=2.8248

                                                 

 94%|█████████▍| 570/606 [19:04<01:09,  1.92s/it]2026-09-20 21:33:38,496 INFO [rev_util_actionability|paper_align|Qwen3-0.6B] step=570 epoch=2.8248

                                                 

 94%|█████████▍| 570/606 [19:04<01:09,  1.92s/it]
 94%|█████████▍| 571/606 [19:04<01:06,  1.91s/it]2026-09-20 21:33:39,170 INFO [rev_util_actionability|paper_align|Qwen3-0.6B] step=571 epoch=2.8298

                                                 

 94%|█████████▍| 571/606 [19:05<01:06,  1.91s/it]2026-09-20 21:33:39,644 INFO [rev_util_actionability|paper_align|Qwen3-0.6B] step=571 epoch=2.8298

                                                 

 94%|█████████▍| 571/606 [19:05<01:06,  1.91s/it]2026-09-20 21:33:40,113 INFO [rev_util_actionability|paper_align|Qwen3-0.6B] step=571 epoch=2.8298

                                                 

 94%|█████████▍| 571/606 [19:06<01:06,  1.91s/it]2026-09-20 21:33:40,585 INFO [rev_util_actionability|paper_align|Qwen3-0.6B] step=571 epoch=2.8298

                                                 

 94%|█████████▍| 571/606 [19:06<01:06,  1.91s/it]
 94%|█████████▍| 572/606 [19:07<01:06,  1.97s/it]2026-09-20 21:33:41,095 INFO [rev_util_actionability|paper_align|Qwen3-0.6B] step=572 epoch=2.8348

                                                 

 94%|█████████▍| 572/606 [19:07<01:06,  1.97s/it]2026-09-20 21:33:41,577 INFO [rev_util_actionability|paper_align|Qwen3-0.6B] step=572 epoch=2.8348

                                                 

 94%|█████████▍| 572/606 [19:07<01:06,  1.97s/it]2026-09-20 21:33:42,050 INFO [rev_util_actionability|paper_align|Qwen3-0.6B] step=572 epoch=2.8348

                                                 

 94%|█████████▍| 572/606 [19:08<01:06,  1.97s/it]2026-09-20 21:33:42,524 INFO [rev_util_actionability|paper_align|Qwen3-0.6B] step=572 epoch=2.8348

                                                 

 94%|█████████▍| 572/606 [19:08<01:06,  1.97s/it]
 95%|█████████▍| 573/606 [19:08<01:04,  1.96s/it]2026-09-20 21:33:43,033 INFO [rev_util_actionability|paper_align|Qwen3-0.6B] step=573 epoch=2.8398

                                                 

 95%|█████████▍| 573/606 [19:09<01:04,  1.96s/it]2026-09-20 21:33:43,506 INFO [rev_util_actionability|paper_align|Qwen3-0.6B] step=573 epoch=2.8398

                                                 
{'paper_align_label_loss': '0.03463', 'paper_align_reason_loss': '0.83', 'epoch': '2.73'}
{'paper_align_label_loss': '0.0002479', 'paper_align_reason_loss': '0.8391', 'epoch': '2.735'}
{'paper_align_label_loss': '0.002786', 'paper_align_reason_loss': '0.9856', 'epoch': '2.735'}
{'paper_align_label_loss': '0.007652', 'paper_align_reason_loss': '0.7099', 'epoch': '2.735'}
{'paper_align_label_loss': '0.13', 'paper_align_reason_loss': '0.7237', 'epoch': '2.735'}
{'paper_align_label_loss': '0.02615', 'paper_align_reason_loss': '0.9043', 'epoch': '2.74'}
{'paper_align_label_loss': '0.0402', 'paper_align_reason_loss': '0.7707', 'epoch': '2.74'}
{'paper_align_label_loss': '0.001867', 'paper_align_reason_loss': '0.6852', 'epoch': '2.74'}
{'paper_align_label_loss': '0.006867', 'paper_align_reason_loss': '0.9089', 'epoch': '2.74'}
{'paper_align_label_loss': '3.671e-05', 'paper_align_reason_loss': '0.9452', 'epoch': '2.745'}
{'paper_align_label_loss': '0.008117', 'paper_align_reason_loss': '0.8905', 'epoch': '2.745'}
{'paper_align_label_loss': '5.481e-05', 'paper_align_reason_loss': '0.647', 'epoch': '2.745'}
{'paper_align_label_loss': '0.2354', 'paper_align_reason_loss': '0.6436', 'epoch': '2.745'}
{'paper_align_label_loss': '0.001124', 'paper_align_reason_loss': '0.8075', 'epoch': '2.75'}
{'paper_align_label_loss': '0.06509', 'paper_align_reason_loss': '0.8533', 'epoch': '2.75'}
{'paper_align_label_loss': '0.002814', 'paper_align_reason_loss': '0.7124', 'epoch': '2.75'}
{'paper_align_label_loss': '0.0008015', 'paper_align_reason_loss': '0.6566', 'epoch': '2.75'}
{'paper_align_label_loss': '0.004188', 'paper_align_reason_loss': '0.7442', 'epoch': '2.755'}
{'paper_align_label_loss': '0.00123', 'paper_align_reason_loss': '0.7245', 'epoch': '2.755'}
{'paper_align_label_loss': '0.005816', 'paper_align_reason_loss': '0.7441', 'epoch': '2.755'}
{'paper_align_label_loss': '0.0003207', 'paper_align_reason_loss': '0.5114', 'epoch': '2.755'}
{'paper_align_label_loss': '0.01024', 'paper_align_reason_loss': '0.9178', 'epoch': '2.76'}
{'paper_align_label_loss': '0.002081', 'paper_align_reason_loss': '0.6653', 'epoch': '2.76'}
{'paper_align_label_loss': '0.003091', 'paper_align_reason_loss': '0.9807', 'epoch': '2.76'}
{'paper_align_label_loss': '0.0003259', 'paper_align_reason_loss': '0.8477', 'epoch': '2.76'}
{'paper_align_label_loss': '0.02008', 'paper_align_reason_loss': '0.7996', 'epoch': '2.765'}
{'paper_align_label_loss': '0.08323', 'paper_align_reason_loss': '0.6936', 'epoch': '2.765'}
{'paper_align_label_loss': '0.003658', 'paper_align_reason_loss': '0.8298', 'epoch': '2.765'}
{'paper_align_label_loss': '0.006301', 'paper_align_reason_loss': '0.9871', 'epoch': '2.765'}
{'paper_align_label_loss': '0.05184', 'paper_align_reason_loss': '0.6477', 'epoch': '2.77'}
{'paper_align_label_loss': '3.018e-05', 'paper_align_reason_loss': '0.7282', 'epoch': '2.77'}
{'paper_align_label_loss': '0.05251', 'paper_align_reason_loss': '0.8257', 'epoch': '2.77'}
{'paper_align_label_loss': '0.02236', 'paper_align_reason_loss': '0.8775', 'epoch': '2.77'}
{'loss': '1.653', 'grad_norm': '5.42', 'learning_rate': '1.574e-06', 'epoch': '2.775'}
{'paper_align_label_loss': '0.1946', 'paper_align_reason_loss': '0.9603', 'epoch': '2.775'}
{'paper_align_label_loss': '0.03352', 'paper_align_reason_loss': '0.7926', 'epoch': '2.775'}
{'paper_align_label_loss': '0.04815', 'paper_align_reason_loss': '0.6597', 'epoch': '2.775'}
{'paper_align_label_loss': '0.008309', 'paper_align_reason_loss': '0.8744', 'epoch': '2.775'}
{'paper_align_label_loss': '0.01008', 'paper_align_reason_loss': '0.6738', 'epoch': '2.78'}
{'paper_align_label_loss': '0.5393', 'paper_align_reason_loss': '0.6552', 'epoch': '2.78'}
{'paper_align_label_loss': '0.023', 'paper_align_reason_loss': '0.6945', 'epoch': '2.78'}
{'paper_align_label_loss': '0.05254', 'paper_align_reason_loss': '0.5724', 'epoch': '2.78'}
{'paper_align_label_loss': '0.001726', 'paper_align_reason_loss': '0.9585', 'epoch': '2.785'}
{'paper_align_label_loss': '0.007154', 'paper_align_reason_loss': '0.7614', 'epoch': '2.785'}
{'paper_align_label_loss': '0.004375', 'paper_align_reason_loss': '0.4914', 'epoch': '2.785'}
{'paper_align_label_loss': '0.0004593', 'paper_align_reason_loss': '0.5761', 'epoch': '2.785'}
{'paper_align_label_loss': '0.002614', 'paper_align_reason_loss': '0.8604', 'epoch': '2.79'}
{'paper_align_label_loss': '0.003553', 'paper_align_reason_loss': '0.8757', 'epoch': '2.79'}
{'paper_align_label_loss': '0.0666', 'paper_align_reason_loss': '0.5823', 'epoch': '2.79'}
{'paper_align_label_loss': '0.2907', 'paper_align_reason_loss': '0.9958', 'epoch': '2.79'}
{'paper_align_label_loss': '0.3075', 'paper_align_reason_loss': '0.8613', 'epoch': '2.795'}
{'paper_align_label_loss': '0.0007768', 'paper_align_reason_loss': '0.8238', 'epoch': '2.795'}
{'paper_align_label_loss': '0.009397', 'paper_align_reason_loss': '0.8615', 'epoch': '2.795'}
{'paper_align_label_loss': '0.001404', 'paper_align_reason_loss': '0.6755', 'epoch': '2.795'}
{'paper_align_label_loss': '0.0009464', 'paper_align_reason_loss': '0.7314', 'epoch': '2.8'}
{'paper_align_label_loss': '1.456e-05', 'paper_align_reason_loss': '0.6887', 'epoch': '2.8'}
{'paper_align_label_loss': '0.0008847', 'paper_align_reason_loss': '0.7044', 'epoch': '2.8'}
{'paper_align_label_loss': '0.00116', 'paper_align_reason_loss': '0.6029', 'epoch': '2.8'}
{'paper_align_label_loss': '0.1766', 'paper_align_reason_loss': '0.6987', 'epoch': '2.805'}
{'paper_align_label_loss': '0.005782', 'paper_align_reason_loss': '0.6736', 'epoch': '2.805'}
{'paper_align_label_loss': '0.02231', 'paper_align_reason_loss': '0.5655', 'epoch': '2.805'}
{'paper_align_label_loss': '0.02259', 'paper_align_reason_loss': '0.6242', 'epoch': '2.805'}
{'paper_align_label_loss': '0.0006898', 'paper_align_reason_loss': '0.7757', 'epoch': '2.81'}
{'paper_align_label_loss': '0.003094', 'paper_align_reason_loss': '0.7218', 'epoch': '2.81'}
{'paper_align_label_loss': '0.003503', 'paper_align_reason_loss': '0.7032', 'epoch': '2.81'}
{'paper_align_label_loss': '0.003257', 'paper_align_reason_loss': '0.8019', 'epoch': '2.81'}
{'paper_align_label_loss': '0.0006877', 'paper_align_reason_loss': '0.9143', 'epoch': '2.815'}
{'paper_align_label_loss': '0.09698', 'paper_align_reason_loss': '0.8472', 'epoch': '2.815'}
{'paper_align_label_loss': '5.807e-05', 'paper_align_reason_loss': '0.602', 'epoch': '2.815'}
{'paper_align_label_loss': '0.003683', 'paper_align_reason_loss': '0.6008', 'epoch': '2.815'}
{'paper_align_label_loss': '0.009823', 'paper_align_reason_loss': '0.7447', 'epoch': '2.82'}
{'paper_align_label_loss': '0.001347', 'paper_align_reason_loss': '0.5972', 'epoch': '2.82'}
{'paper_align_label_loss': '0.0006303', 'paper_align_reason_loss': '0.8588', 'epoch': '2.82'}
{'paper_align_label_loss': '0.03349', 'paper_align_reason_loss': '0.9105', 'epoch': '2.82'}
{'loss': '1.578', 'grad_norm': '4.718', 'learning_rate': '9.771e-07', 'epoch': '2.825'}
{'paper_align_label_loss': '0.0004852', 'paper_align_reason_loss': '0.7861', 'epoch': '2.825'}
{'paper_align_label_loss': '0.000252', 'paper_align_reason_loss': '0.8443', 'epoch': '2.825'}
{'paper_align_label_loss': '0.03991', 'paper_align_reason_loss': '0.6975', 'epoch': '2.825'}
{'paper_align_label_loss': '0.0006792', 'paper_align_reason_loss': '0.8224', 'epoch': '2.825'}
{'paper_align_label_loss': '0.003594', 'paper_align_reason_loss': '0.887', 'epoch': '2.83'}
{'paper_align_label_loss': '0.05253', 'paper_align_reason_loss': '0.9568', 'epoch': '2.83'}
{'paper_align_label_loss': '0.002752', 'paper_align_reason_loss': '0.8866', 'epoch': '2.83'}
{'paper_align_label_loss': '0.01031', 'paper_align_reason_loss': '0.7248', 'epoch': '2.83'}
{'paper_align_label_loss': '0.02264', 'paper_align_reason_loss': '0.9118', 'epoch': '2.835'}
{'paper_align_label_loss': '0.0008031', 'paper_align_reason_loss': '0.5935', 'epoch': '2.835'}
{'paper_align_label_loss': '0.0002291', 'paper_align_reason_loss': '0.857', 'epoch': '2.835'}
{'paper_align_label_loss': '0.001167', 'paper_align_reason_loss': '1.029', 'epoch': '2.835'}
{'paper_align_label_loss': '0.007417', 'paper_align_reason_loss': '0.9619', 'epoch': '2.84'}

 95%|█████████▍| 573/606 [19:09<01:04,  1.96s/it]2026-09-20 21:33:43,973 INFO [rev_util_actionability|paper_align|Qwen3-0.6B] step=573 epoch=2.8398

                                                 

 95%|█████████▍| 573/606 [19:10<01:04,  1.96s/it]2026-09-20 21:33:44,443 INFO [rev_util_actionability|paper_align|Qwen3-0.6B] step=573 epoch=2.8398

                                                 

 95%|█████████▍| 573/606 [19:10<01:04,  1.96s/it]
 95%|█████████▍| 574/606 [19:10<01:02,  1.95s/it]2026-09-20 21:33:44,943 INFO [rev_util_actionability|paper_align|Qwen3-0.6B] step=574 epoch=2.8447

                                                 

 95%|█████████▍| 574/606 [19:11<01:02,  1.95s/it]2026-09-20 21:33:45,409 INFO [rev_util_actionability|paper_align|Qwen3-0.6B] step=574 epoch=2.8447

                                                 

 95%|█████████▍| 574/606 [19:11<01:02,  1.95s/it]2026-09-20 21:33:45,881 INFO [rev_util_actionability|paper_align|Qwen3-0.6B] step=574 epoch=2.8447

                                                 

 95%|█████████▍| 574/606 [19:11<01:02,  1.95s/it]2026-09-20 21:33:46,353 INFO [rev_util_actionability|paper_align|Qwen3-0.6B] step=574 epoch=2.8447

                                                 

 95%|█████████▍| 574/606 [19:12<01:02,  1.95s/it]
 95%|█████████▍| 575/606 [19:12<00:59,  1.93s/it]2026-09-20 21:33:46,857 INFO [rev_util_actionability|paper_align|Qwen3-0.6B] step=575 epoch=2.8497

                                                 

 95%|█████████▍| 575/606 [19:12<00:59,  1.93s/it]2026-09-20 21:33:47,321 INFO [rev_util_actionability|paper_align|Qwen3-0.6B] step=575 epoch=2.8497

                                                 

 95%|█████████▍| 575/606 [19:13<00:59,  1.93s/it]2026-09-20 21:33:47,793 INFO [rev_util_actionability|paper_align|Qwen3-0.6B] step=575 epoch=2.8497

                                                 

 95%|█████████▍| 575/606 [19:13<00:59,  1.93s/it]2026-09-20 21:33:48,258 INFO [rev_util_actionability|paper_align|Qwen3-0.6B] step=575 epoch=2.8497

                                                 

 95%|█████████▍| 575/606 [19:14<00:59,  1.93s/it]
 95%|█████████▌| 576/606 [19:14<00:57,  1.93s/it]2026-09-20 21:33:48,758 INFO [rev_util_actionability|paper_align|Qwen3-0.6B] step=576 epoch=2.8547

                                                 

 95%|█████████▌| 576/606 [19:14<00:57,  1.93s/it]2026-09-20 21:33:49,395 INFO [rev_util_actionability|paper_align|Qwen3-0.6B] step=576 epoch=2.8547

                                                 

 95%|█████████▌| 576/606 [19:15<00:57,  1.93s/it]2026-09-20 21:33:49,863 INFO [rev_util_actionability|paper_align|Qwen3-0.6B] step=576 epoch=2.8547

                                                 

 95%|█████████▌| 576/606 [19:15<00:57,  1.93s/it]2026-09-20 21:33:50,325 INFO [rev_util_actionability|paper_align|Qwen3-0.6B] step=576 epoch=2.8547

                                                 

 95%|█████████▌| 576/606 [19:16<00:57,  1.93s/it]
 95%|█████████▌| 577/606 [19:16<00:57,  1.97s/it]2026-09-20 21:33:50,829 INFO [rev_util_actionability|paper_align|Qwen3-0.6B] step=577 epoch=2.8596

                                                 

 95%|█████████▌| 577/606 [19:16<00:57,  1.97s/it]2026-09-20 21:33:51,295 INFO [rev_util_actionability|paper_align|Qwen3-0.6B] step=577 epoch=2.8596

                                                 

 95%|█████████▌| 577/606 [19:17<00:57,  1.97s/it]2026-09-20 21:33:51,769 INFO [rev_util_actionability|paper_align|Qwen3-0.6B] step=577 epoch=2.8596

                                                 

 95%|█████████▌| 577/606 [19:17<00:57,  1.97s/it]2026-09-20 21:33:52,235 INFO [rev_util_actionability|paper_align|Qwen3-0.6B] step=577 epoch=2.8596

                                                 

 95%|█████████▌| 577/606 [19:18<00:57,  1.97s/it]
 95%|█████████▌| 578/606 [19:18<00:54,  1.95s/it]2026-09-20 21:33:52,740 INFO [rev_util_actionability|paper_align|Qwen3-0.6B] step=578 epoch=2.8646

                                                 

 95%|█████████▌| 578/606 [19:18<00:54,  1.95s/it]2026-09-20 21:33:53,203 INFO [rev_util_actionability|paper_align|Qwen3-0.6B] step=578 epoch=2.8646

                                                 

 95%|█████████▌| 578/606 [19:19<00:54,  1.95s/it]2026-09-20 21:33:53,672 INFO [rev_util_actionability|paper_align|Qwen3-0.6B] step=578 epoch=2.8646

                                                 

 95%|█████████▌| 578/606 [19:19<00:54,  1.95s/it]2026-09-20 21:33:54,132 INFO [rev_util_actionability|paper_align|Qwen3-0.6B] step=578 epoch=2.8646

                                                 

 95%|█████████▌| 578/606 [19:20<00:54,  1.95s/it]
 96%|█████████▌| 579/606 [19:20<00:52,  1.93s/it]2026-09-20 21:33:54,640 INFO [rev_util_actionability|paper_align|Qwen3-0.6B] step=579 epoch=2.8696

                                                 

 96%|█████████▌| 579/606 [19:20<00:52,  1.93s/it]2026-09-20 21:33:55,103 INFO [rev_util_actionability|paper_align|Qwen3-0.6B] step=579 epoch=2.8696

                                                 

 96%|█████████▌| 579/606 [19:21<00:52,  1.93s/it]2026-09-20 21:33:55,575 INFO [rev_util_actionability|paper_align|Qwen3-0.6B] step=579 epoch=2.8696

                                                 

 96%|█████████▌| 579/606 [19:21<00:52,  1.93s/it]2026-09-20 21:33:56,043 INFO [rev_util_actionability|paper_align|Qwen3-0.6B] step=579 epoch=2.8696

                                                 

 96%|█████████▌| 579/606 [19:22<00:52,  1.93s/it]
 96%|█████████▌| 580/606 [19:22<00:50,  1.93s/it]2026-09-20 21:33:56,370 INFO [rev_util_actionability|paper_align|Qwen3-0.6B] step=580 loss=1.6327 learning_rate=0.0000 epoch=2.8745

                                                 

 96%|█████████▌| 580/606 [19:22<00:50,  1.93s/it]2026-09-20 21:33:56,549 INFO [rev_util_actionability|paper_align|Qwen3-0.6B] step=580 epoch=2.8745

                                                 

 96%|█████████▌| 580/606 [19:22<00:50,  1.93s/it]2026-09-20 21:33:57,010 INFO [rev_util_actionability|paper_align|Qwen3-0.6B] step=580 epoch=2.8745

                                                 

 96%|█████████▌| 580/606 [19:23<00:50,  1.93s/it]2026-09-20 21:33:57,478 INFO [rev_util_actionability|paper_align|Qwen3-0.6B] step=580 epoch=2.8745

                                                 

 96%|█████████▌| 580/606 [19:23<00:50,  1.93s/it]2026-09-20 21:33:57,948 INFO [rev_util_actionability|paper_align|Qwen3-0.6B] step=580 epoch=2.8745

                                                 

 96%|█████████▌| 580/606 [19:24<00:50,  1.93s/it]
 96%|█████████▌| 581/606 [19:24<00:48,  1.92s/it]2026-09-20 21:33:58,452 INFO [rev_util_actionability|paper_align|Qwen3-0.6B] step=581 epoch=2.8795

                                                 

 96%|█████████▌| 581/606 [19:24<00:48,  1.92s/it]2026-09-20 21:33:59,083 INFO [rev_util_actionability|paper_align|Qwen3-0.6B] step=581 epoch=2.8795

                                                 

 96%|█████████▌| 581/606 [19:25<00:48,  1.92s/it]2026-09-20 21:33:59,551 INFO [rev_util_actionability|paper_align|Qwen3-0.6B] step=581 epoch=2.8795

                                                 

 96%|█████████▌| 581/606 [19:25<00:48,  1.92s/it]2026-09-20 21:34:00,017 INFO [rev_util_actionability|paper_align|Qwen3-0.6B] step=581 epoch=2.8795

                                                 

 96%|█████████▌| 581/606 [19:26<00:48,  1.92s/it]
 96%|█████████▌| 582/606 [19:26<00:47,  1.97s/it]2026-09-20 21:34:00,524 INFO [rev_util_actionability|paper_align|Qwen3-0.6B] step=582 epoch=2.8845

                                                 

 96%|█████████▌| 582/606 [19:26<00:47,  1.97s/it]2026-09-20 21:34:01,011 INFO [rev_util_actionability|paper_align|Qwen3-0.6B] step=582 epoch=2.8845

                                                 

 96%|█████████▌| 582/606 [19:27<00:47,  1.97s/it]2026-09-20 21:34:01,474 INFO [rev_util_actionability|paper_align|Qwen3-0.6B] step=582 epoch=2.8845

                                                 

 96%|█████████▌| 582/606 [19:27<00:47,  1.97s/it]2026-09-20 21:34:01,947 INFO [rev_util_actionability|paper_align|Qwen3-0.6B] step=582 epoch=2.8845

                                                 

 96%|█████████▌| 582/606 [19:28<00:47,  1.97s/it]
 96%|█████████▌| 583/606 [19:28<00:44,  1.96s/it]2026-09-20 21:34:02,454 INFO [rev_util_actionability|paper_align|Qwen3-0.6B] step=583 epoch=2.8894

                                                 

 96%|█████████▌| 583/606 [19:28<00:44,  1.96s/it]2026-09-20 21:34:02,917 INFO [rev_util_actionability|paper_align|Qwen3-0.6B] step=583 epoch=2.8894

                                                 

 96%|█████████▌| 583/606 [19:29<00:44,  1.96s/it]2026-09-20 21:34:03,383 INFO [rev_util_actionability|paper_align|Qwen3-0.6B] step=583 epoch=2.8894

                                                 

 96%|█████████▌| 583/606 [19:29<00:44,  1.96s/it]2026-09-20 21:34:03,861 INFO [rev_util_actionability|paper_align|Qwen3-0.6B] step=583 epoch=2.8894

                                                 

 96%|█████████▌| 583/606 [19:29<00:44,  1.96s/it]
 96%|█████████▋| 584/606 [19:30<00:42,  1.94s/it]2026-09-20 21:34:04,372 INFO [rev_util_actionability|paper_align|Qwen3-0.6B] step=584 epoch=2.8944

                                                 

 96%|█████████▋| 584/606 [19:30<00:42,  1.94s/it]2026-09-20 21:34:04,841 INFO [rev_util_actionability|paper_align|Qwen3-0.6B] step=584 epoch=2.8944

                                                 

 96%|█████████▋| 584/606 [19:30<00:42,  1.94s/it]2026-09-20 21:34:05,314 INFO [rev_util_actionability|paper_align|Qwen3-0.6B] step=584 epoch=2.8944

                                                 

 96%|█████████▋| 584/606 [19:31<00:42,  1.94s/it]2026-09-20 21:34:05,796 INFO [rev_util_actionability|paper_align|Qwen3-0.6B] step=584 epoch=2.8944

                                                 

 96%|█████████▋| 584/606 [19:31<00:42,  1.94s/it]
 97%|█████████▋| 585/606 [19:32<00:40,  1.94s/it]2026-09-20 21:34:06,312 INFO [rev_util_actionability|paper_align|Qwen3-0.6B] step=585 epoch=2.8994

                                                 

 97%|█████████▋| 585/606 [19:32<00:40,  1.94s/it]2026-09-20 21:34:06,787 INFO [rev_util_actionability|paper_align|Qwen3-0.6B] step=585 epoch=2.8994

                                                 

 97%|█████████▋| 585/606 [19:32<00:40,  1.94s/it]2026-09-20 21:34:07,265 INFO [rev_util_actionability|paper_align|Qwen3-0.6B] step=585 epoch=2.8994

                                                 

 97%|█████████▋| 585/606 [19:33<00:40,  1.94s/it]2026-09-20 21:34:07,737 INFO [rev_util_actionability|paper_align|Qwen3-0.6B] step=585 epoch=2.8994

                                                 

 97%|█████████▋| 585/606 [19:33<00:40,  1.94s/it]
 97%|█████████▋| 586/606 [19:34<00:38,  1.94s/it]2026-09-20 21:34:08,252 INFO [rev_util_actionability|paper_align|Qwen3-0.6B] step=586 epoch=2.9043

                                                 

 97%|█████████▋| 586/606 [19:34<00:38,  1.94s/it]2026-09-20 21:34:08,715 INFO [rev_util_actionability|paper_align|Qwen3-0.6B] step=586 epoch=2.9043

                                                 

 97%|█████████▋| 586/606 [19:34<00:38,  1.94s/it]2026-09-20 21:34:09,365 INFO [rev_util_actionability|paper_align|Qwen3-0.6B] step=586 epoch=2.9043

                                                 

 97%|█████████▋| 586/606 [19:35<00:38,  1.94s/it]2026-09-20 21:34:09,839 INFO [rev_util_actionability|paper_align|Qwen3-0.6B] step=586 epoch=2.9043

                                                 

 97%|█████████▋| 586/606 [19:35<00:38,  1.94s/it]
 97%|█████████▋| 587/606 [19:36<00:37,  1.99s/it]2026-09-20 21:34:10,351 INFO [rev_util_actionability|paper_align|Qwen3-0.6B] step=587 epoch=2.9093

                                                 

 97%|█████████▋| 587/606 [19:36<00:37,  1.99s/it]2026-09-20 21:34:10,819 INFO [rev_util_actionability|paper_align|Qwen3-0.6B] step=587 epoch=2.9093

                                                 

 97%|█████████▋| 587/606 [19:36<00:37,  1.99s/it]2026-09-20 21:34:11,290 INFO [rev_util_actionability|paper_align|Qwen3-0.6B] step=587 epoch=2.9093

                                                 

 97%|█████████▋| 587/606 [19:37<00:37,  1.99s/it]2026-09-20 21:34:11,752 INFO [rev_util_actionability|paper_align|Qwen3-0.6B] step=587 epoch=2.9093

                                                 

 97%|█████████▋| 587/606 [19:37<00:37,  1.99s/it]
 97%|█████████▋| 588/606 [19:38<00:35,  1.96s/it]2026-09-20 21:34:12,253 INFO [rev_util_actionability|paper_align|Qwen3-0.6B] step=588 epoch=2.9143

                                                 

 97%|█████████▋| 588/606 [19:38<00:35,  1.96s/it]2026-09-20 21:34:12,718 INFO [rev_util_actionability|paper_align|Qwen3-0.6B] step=588 epoch=2.9143

                                                 

 97%|█████████▋| 588/606 [19:38<00:35,  1.96s/it]2026-09-20 21:34:13,188 INFO [rev_util_actionability|paper_align|Qwen3-0.6B] step=588 epoch=2.9143

                                                 

 97%|█████████▋| 588/606 [19:39<00:35,  1.96s/it]2026-09-20 21:34:13,658 INFO [rev_util_actionability|paper_align|Qwen3-0.6B] step=588 epoch=2.9143

                                                 

 97%|█████████▋| 588/606 [19:39<00:35,  1.96s/it]
 97%|█████████▋| 589/606 [19:40<00:33,  1.95s/it]2026-09-20 21:34:14,158 INFO [rev_util_actionability|paper_align|Qwen3-0.6B] step=589 epoch=2.9193

                                                 

 97%|█████████▋| 589/606 [19:40<00:33,  1.95s/it]2026-09-20 21:34:14,702 INFO [rev_util_actionability|paper_align|Qwen3-0.6B] step=589 epoch=2.9193

                                                 

 97%|█████████▋| 589/606 [19:40<00:33,  1.95s/it]2026-09-20 21:34:15,176 INFO [rev_util_actionability|paper_align|Qwen3-0.6B] step=589 epoch=2.9193

                                                 

 97%|█████████▋| 589/606 [19:41<00:33,  1.95s/it]2026-09-20 21:34:15,652 INFO [rev_util_actionability|paper_align|Qwen3-0.6B] step=589 epoch=2.9193

                                                 

 97%|█████████▋| 589/606 [19:41<00:33,  1.95s/it]
 97%|█████████▋| 590/606 [19:42<00:31,  1.96s/it]2026-09-20 21:34:15,978 INFO [rev_util_actionability|paper_align|Qwen3-0.6B] step=590 loss=1.6191 learning_rate=0.0000 epoch=2.9242

                                                 

 97%|█████████▋| 590/606 [19:42<00:31,  1.96s/it]2026-09-20 21:34:16,167 INFO [rev_util_actionability|paper_align|Qwen3-0.6B] step=590 epoch=2.9242

                                                 

 97%|█████████▋| 590/606 [19:42<00:31,  1.96s/it]2026-09-20 21:34:16,653 INFO [rev_util_actionability|paper_align|Qwen3-0.6B] step=590 epoch=2.9242

                                                 

 97%|█████████▋| 590/606 [19:42<00:31,  1.96s/it]2026-09-20 21:34:17,132 INFO [rev_util_actionability|paper_align|Qwen3-0.6B] step=590 epoch=2.9242

                                                 

 97%|█████████▋| 590/606 [19:43<00:31,  1.96s/it]2026-09-20 21:34:17,687 INFO [rev_util_actionability|paper_align|Qwen3-0.6B] step=590 epoch=2.9242

                                                 

 97%|█████████▋| 590/606 [19:43<00:31,  1.96s/it]
 98%|█████████▊| 591/606 [19:44<00:30,  2.00s/it]2026-09-20 21:34:18,281 INFO [rev_util_actionability|paper_align|Qwen3-0.6B] step=591 epoch=2.9292

                                                 

 98%|█████████▊| 591/606 [19:44<00:30,  2.00s/it]2026-09-20 21:34:18,832 INFO [rev_util_actionability|paper_align|Qwen3-0.6B] step=591 epoch=2.9292

                                                 

 98%|█████████▊| 591/606 [19:44<00:30,  2.00s/it]2026-09-20 21:34:19,685 INFO [rev_util_actionability|paper_align|Qwen3-0.6B] step=591 epoch=2.9292

                                                 

 98%|█████████▊| 591/606 [19:45<00:30,  2.00s/it]2026-09-20 21:34:20,157 INFO [rev_util_actionability|paper_align|Qwen3-0.6B] step=591 epoch=2.9292

                                                 

 98%|█████████▊| 591/606 [19:46<00:30,  2.00s/it]
 98%|█████████▊| 592/606 [19:46<00:29,  2.12s/it]2026-09-20 21:34:20,663 INFO [rev_util_actionability|paper_align|Qwen3-0.6B] step=592 epoch=2.9342

                                                 

 98%|█████████▊| 592/606 [19:46<00:29,  2.12s/it]2026-09-20 21:34:21,127 INFO [rev_util_actionability|paper_align|Qwen3-0.6B] step=592 epoch=2.9342

                                                 

 98%|█████████▊| 592/606 [19:47<00:29,  2.12s/it]2026-09-20 21:34:21,599 INFO [rev_util_actionability|paper_align|Qwen3-0.6B] step=592 epoch=2.9342

                                                 

 98%|█████████▊| 592/606 [19:47<00:29,  2.12s/it]2026-09-20 21:34:22,071 INFO [rev_util_actionability|paper_align|Qwen3-0.6B] step=592 epoch=2.9342

                                                 

 98%|█████████▊| 592/606 [19:48<00:29,  2.12s/it]
 98%|█████████▊| 593/606 [19:48<00:26,  2.06s/it]2026-09-20 21:34:22,584 INFO [rev_util_actionability|paper_align|Qwen3-0.6B] step=593 epoch=2.9391

                                                 

 98%|█████████▊| 593/606 [19:48<00:26,  2.06s/it]2026-09-20 21:34:23,055 INFO [rev_util_actionability|paper_align|Qwen3-0.6B] step=593 epoch=2.9391

                                                 

 98%|█████████▊| 593/606 [19:49<00:26,  2.06s/it]2026-09-20 21:34:23,523 INFO [rev_util_actionability|paper_align|Qwen3-0.6B] step=593 epoch=2.9391

                                                 

 98%|█████████▊| 593/606 [19:49<00:26,  2.06s/it]2026-09-20 21:34:24,003 INFO [rev_util_actionability|paper_align|Qwen3-0.6B] step=593 epoch=2.9391

                                                 

 98%|█████████▊| 593/606 [19:50<00:26,  2.06s/it]
 98%|█████████▊| 594/606 [19:50<00:24,  2.02s/it]2026-09-20 21:34:24,522 INFO [rev_util_actionability|paper_align|Qwen3-0.6B] step=594 epoch=2.9441

                                                 

 98%|█████████▊| 594/606 [19:50<00:24,  2.02s/it]2026-09-20 21:34:24,998 INFO [rev_util_actionability|paper_align|Qwen3-0.6B] step=594 epoch=2.9441

                                                 

 98%|█████████▊| 594/606 [19:51<00:24,  2.02s/it]2026-09-20 21:34:25,471 INFO [rev_util_actionability|paper_align|Qwen3-0.6B] step=594 epoch=2.9441

                                                 

 98%|█████████▊| 594/606 [19:51<00:24,  2.02s/it]2026-09-20 21:34:25,945 INFO [rev_util_actionability|paper_align|Qwen3-0.6B] step=594 epoch=2.9441

                                                 
{'paper_align_label_loss': '0.01348', 'paper_align_reason_loss': '0.6192', 'epoch': '2.84'}
{'paper_align_label_loss': '0.003223', 'paper_align_reason_loss': '0.7381', 'epoch': '2.84'}
{'paper_align_label_loss': '0.04487', 'paper_align_reason_loss': '0.8992', 'epoch': '2.84'}
{'paper_align_label_loss': '0.009051', 'paper_align_reason_loss': '0.5715', 'epoch': '2.845'}
{'paper_align_label_loss': '0.004422', 'paper_align_reason_loss': '0.5419', 'epoch': '2.845'}
{'paper_align_label_loss': '0.0009844', 'paper_align_reason_loss': '0.6491', 'epoch': '2.845'}
{'paper_align_label_loss': '0.09446', 'paper_align_reason_loss': '0.7997', 'epoch': '2.845'}
{'paper_align_label_loss': '2.735e-05', 'paper_align_reason_loss': '0.9453', 'epoch': '2.85'}
{'paper_align_label_loss': '0.1362', 'paper_align_reason_loss': '1.067', 'epoch': '2.85'}
{'paper_align_label_loss': '0.004535', 'paper_align_reason_loss': '0.7962', 'epoch': '2.85'}
{'paper_align_label_loss': '0.009651', 'paper_align_reason_loss': '0.7237', 'epoch': '2.85'}
{'paper_align_label_loss': '0.001155', 'paper_align_reason_loss': '0.8841', 'epoch': '2.855'}
{'paper_align_label_loss': '0.003824', 'paper_align_reason_loss': '0.6291', 'epoch': '2.855'}
{'paper_align_label_loss': '0.00215', 'paper_align_reason_loss': '0.7709', 'epoch': '2.855'}
{'paper_align_label_loss': '0.003493', 'paper_align_reason_loss': '0.7166', 'epoch': '2.855'}
{'paper_align_label_loss': '0.01107', 'paper_align_reason_loss': '0.7106', 'epoch': '2.86'}
{'paper_align_label_loss': '0.02577', 'paper_align_reason_loss': '0.7936', 'epoch': '2.86'}
{'paper_align_label_loss': '0.004609', 'paper_align_reason_loss': '0.6128', 'epoch': '2.86'}
{'paper_align_label_loss': '0.002624', 'paper_align_reason_loss': '0.8944', 'epoch': '2.86'}
{'paper_align_label_loss': '0.03702', 'paper_align_reason_loss': '0.6942', 'epoch': '2.865'}
{'paper_align_label_loss': '0.06258', 'paper_align_reason_loss': '1.07', 'epoch': '2.865'}
{'paper_align_label_loss': '0.0009639', 'paper_align_reason_loss': '0.5234', 'epoch': '2.865'}
{'paper_align_label_loss': '0.001047', 'paper_align_reason_loss': '0.9483', 'epoch': '2.865'}
{'paper_align_label_loss': '0.1045', 'paper_align_reason_loss': '0.805', 'epoch': '2.87'}
{'paper_align_label_loss': '0.01075', 'paper_align_reason_loss': '0.8233', 'epoch': '2.87'}
{'paper_align_label_loss': '0.001961', 'paper_align_reason_loss': '0.875', 'epoch': '2.87'}
{'paper_align_label_loss': '0.00437', 'paper_align_reason_loss': '0.8511', 'epoch': '2.87'}
{'loss': '1.633', 'grad_norm': '4.693', 'learning_rate': '5.211e-07', 'epoch': '2.875'}
{'paper_align_label_loss': '0.002436', 'paper_align_reason_loss': '0.7078', 'epoch': '2.875'}
{'paper_align_label_loss': '0.1064', 'paper_align_reason_loss': '0.815', 'epoch': '2.875'}
{'paper_align_label_loss': '0.04121', 'paper_align_reason_loss': '0.9218', 'epoch': '2.875'}
{'paper_align_label_loss': '0.02982', 'paper_align_reason_loss': '1.053', 'epoch': '2.875'}
{'paper_align_label_loss': '0.005123', 'paper_align_reason_loss': '0.7352', 'epoch': '2.88'}
{'paper_align_label_loss': '0.01294', 'paper_align_reason_loss': '0.5713', 'epoch': '2.88'}
{'paper_align_label_loss': '0.02449', 'paper_align_reason_loss': '0.9385', 'epoch': '2.88'}
{'paper_align_label_loss': '0.01601', 'paper_align_reason_loss': '0.7525', 'epoch': '2.88'}
{'paper_align_label_loss': '0.0252', 'paper_align_reason_loss': '0.6015', 'epoch': '2.884'}
{'paper_align_label_loss': '3.319e-05', 'paper_align_reason_loss': '0.8892', 'epoch': '2.884'}
{'paper_align_label_loss': '0.000731', 'paper_align_reason_loss': '0.8675', 'epoch': '2.884'}
{'paper_align_label_loss': '2.37e-05', 'paper_align_reason_loss': '0.8514', 'epoch': '2.884'}
{'paper_align_label_loss': '0.0246', 'paper_align_reason_loss': '0.5849', 'epoch': '2.889'}
{'paper_align_label_loss': '0.02698', 'paper_align_reason_loss': '0.5924', 'epoch': '2.889'}
{'paper_align_label_loss': '0.005123', 'paper_align_reason_loss': '0.6314', 'epoch': '2.889'}
{'paper_align_label_loss': '0.000313', 'paper_align_reason_loss': '0.7481', 'epoch': '2.889'}
{'paper_align_label_loss': '0.0003944', 'paper_align_reason_loss': '0.8862', 'epoch': '2.894'}
{'paper_align_label_loss': '0.01682', 'paper_align_reason_loss': '0.7854', 'epoch': '2.894'}
{'paper_align_label_loss': '0.01886', 'paper_align_reason_loss': '0.9438', 'epoch': '2.894'}
{'paper_align_label_loss': '0.0005407', 'paper_align_reason_loss': '0.6881', 'epoch': '2.894'}
{'paper_align_label_loss': '9.902e-06', 'paper_align_reason_loss': '0.7785', 'epoch': '2.899'}
{'paper_align_label_loss': '0.00456', 'paper_align_reason_loss': '0.9648', 'epoch': '2.899'}
{'paper_align_label_loss': '0.2408', 'paper_align_reason_loss': '0.6504', 'epoch': '2.899'}
{'paper_align_label_loss': '0.03134', 'paper_align_reason_loss': '0.9202', 'epoch': '2.899'}
{'paper_align_label_loss': '0.01282', 'paper_align_reason_loss': '0.6563', 'epoch': '2.904'}
{'paper_align_label_loss': '0.1001', 'paper_align_reason_loss': '0.9008', 'epoch': '2.904'}
{'paper_align_label_loss': '0.001611', 'paper_align_reason_loss': '0.7589', 'epoch': '2.904'}
{'paper_align_label_loss': '0.03454', 'paper_align_reason_loss': '0.9046', 'epoch': '2.904'}
{'paper_align_label_loss': '0.0001721', 'paper_align_reason_loss': '0.7815', 'epoch': '2.909'}
{'paper_align_label_loss': '4.696e-05', 'paper_align_reason_loss': '0.6533', 'epoch': '2.909'}
{'paper_align_label_loss': '0.003798', 'paper_align_reason_loss': '1.126', 'epoch': '2.909'}
{'paper_align_label_loss': '0.0001118', 'paper_align_reason_loss': '0.7432', 'epoch': '2.909'}
{'paper_align_label_loss': '0.004085', 'paper_align_reason_loss': '0.7339', 'epoch': '2.914'}
{'paper_align_label_loss': '0.135', 'paper_align_reason_loss': '0.8675', 'epoch': '2.914'}
{'paper_align_label_loss': '0.01161', 'paper_align_reason_loss': '0.6586', 'epoch': '2.914'}
{'paper_align_label_loss': '0.008417', 'paper_align_reason_loss': '0.5784', 'epoch': '2.914'}
{'paper_align_label_loss': '0.004507', 'paper_align_reason_loss': '0.7646', 'epoch': '2.919'}
{'paper_align_label_loss': '0.0007247', 'paper_align_reason_loss': '0.8503', 'epoch': '2.919'}
{'paper_align_label_loss': '0.002613', 'paper_align_reason_loss': '0.8411', 'epoch': '2.919'}
{'paper_align_label_loss': '0.01729', 'paper_align_reason_loss': '0.7116', 'epoch': '2.919'}
{'loss': '1.619', 'grad_norm': '3.076', 'learning_rate': '2.068e-07', 'epoch': '2.924'}
{'paper_align_label_loss': '0.02861', 'paper_align_reason_loss': '1.075', 'epoch': '2.924'}
{'paper_align_label_loss': '0.08844', 'paper_align_reason_loss': '0.8531', 'epoch': '2.924'}
{'paper_align_label_loss': '0.02311', 'paper_align_reason_loss': '0.7254', 'epoch': '2.924'}
{'paper_align_label_loss': '0.1077', 'paper_align_reason_loss': '1.075', 'epoch': '2.924'}
{'paper_align_label_loss': '0.1314', 'paper_align_reason_loss': '0.9032', 'epoch': '2.929'}
{'paper_align_label_loss': '0.007147', 'paper_align_reason_loss': '0.5126', 'epoch': '2.929'}
{'paper_align_label_loss': '0.01534', 'paper_align_reason_loss': '0.8087', 'epoch': '2.929'}
{'paper_align_label_loss': '0.0002327', 'paper_align_reason_loss': '0.6023', 'epoch': '2.929'}
{'paper_align_label_loss': '0.1749', 'paper_align_reason_loss': '0.9197', 'epoch': '2.934'}
{'paper_align_label_loss': '0.00347', 'paper_align_reason_loss': '0.5255', 'epoch': '2.934'}
{'paper_align_label_loss': '0.01597', 'paper_align_reason_loss': '0.4847', 'epoch': '2.934'}
{'paper_align_label_loss': '0.1247', 'paper_align_reason_loss': '0.9553', 'epoch': '2.934'}
{'paper_align_label_loss': '0.000701', 'paper_align_reason_loss': '0.6454', 'epoch': '2.939'}
{'paper_align_label_loss': '0.01639', 'paper_align_reason_loss': '0.5829', 'epoch': '2.939'}
{'paper_align_label_loss': '0.397', 'paper_align_reason_loss': '0.6727', 'epoch': '2.939'}
{'paper_align_label_loss': '0.002593', 'paper_align_reason_loss': '0.8368', 'epoch': '2.939'}
{'paper_align_label_loss': '0.2537', 'paper_align_reason_loss': '0.8015', 'epoch': '2.944'}
{'paper_align_label_loss': '0.0473', 'paper_align_reason_loss': '0.865', 'epoch': '2.944'}
{'paper_align_label_loss': '0.01018', 'paper_align_reason_loss': '0.8019', 'epoch': '2.944'}

 98%|█████████▊| 594/606 [19:52<00:24,  2.02s/it]
 98%|█████████▊| 595/606 [19:52<00:21,  1.99s/it]2026-09-20 21:34:26,440 INFO [rev_util_actionability|paper_align|Qwen3-0.6B] step=595 epoch=2.9491

                                                 

 98%|█████████▊| 595/606 [19:52<00:21,  1.99s/it]2026-09-20 21:34:26,905 INFO [rev_util_actionability|paper_align|Qwen3-0.6B] step=595 epoch=2.9491

                                                 

 98%|█████████▊| 595/606 [19:53<00:21,  1.99s/it]2026-09-20 21:34:27,372 INFO [rev_util_actionability|paper_align|Qwen3-0.6B] step=595 epoch=2.9491

                                                 

 98%|█████████▊| 595/606 [19:53<00:21,  1.99s/it]2026-09-20 21:34:27,850 INFO [rev_util_actionability|paper_align|Qwen3-0.6B] step=595 epoch=2.9491

                                                 

 98%|█████████▊| 595/606 [19:53<00:21,  1.99s/it]
 98%|█████████▊| 596/606 [19:54<00:19,  1.98s/it]2026-09-20 21:34:28,403 INFO [rev_util_actionability|paper_align|Qwen3-0.6B] step=596 epoch=2.9540

                                                 

 98%|█████████▊| 596/606 [19:54<00:19,  1.98s/it]2026-09-20 21:34:28,967 INFO [rev_util_actionability|paper_align|Qwen3-0.6B] step=596 epoch=2.9540

                                                 

 98%|█████████▊| 596/606 [19:55<00:19,  1.98s/it]2026-09-20 21:34:29,798 INFO [rev_util_actionability|paper_align|Qwen3-0.6B] step=596 epoch=2.9540

                                                 

 98%|█████████▊| 596/606 [19:55<00:19,  1.98s/it]2026-09-20 21:34:30,367 INFO [rev_util_actionability|paper_align|Qwen3-0.6B] step=596 epoch=2.9540

                                                 

 98%|█████████▊| 596/606 [19:56<00:19,  1.98s/it]
 99%|█████████▊| 597/606 [19:56<00:19,  2.15s/it]2026-09-20 21:34:30,976 INFO [rev_util_actionability|paper_align|Qwen3-0.6B] step=597 epoch=2.9590

                                                 

 99%|█████████▊| 597/606 [19:57<00:19,  2.15s/it]2026-09-20 21:34:31,540 INFO [rev_util_actionability|paper_align|Qwen3-0.6B] step=597 epoch=2.9590

                                                 

 99%|█████████▊| 597/606 [19:57<00:19,  2.15s/it]2026-09-20 21:34:32,140 INFO [rev_util_actionability|paper_align|Qwen3-0.6B] step=597 epoch=2.9590

                                                 

 99%|█████████▊| 597/606 [19:58<00:19,  2.15s/it]2026-09-20 21:34:32,710 INFO [rev_util_actionability|paper_align|Qwen3-0.6B] step=597 epoch=2.9590

                                                 

 99%|█████████▊| 597/606 [19:58<00:19,  2.15s/it]
 99%|█████████▊| 598/606 [19:59<00:17,  2.21s/it]2026-09-20 21:34:33,285 INFO [rev_util_actionability|paper_align|Qwen3-0.6B] step=598 epoch=2.9640

                                                 

 99%|█████████▊| 598/606 [19:59<00:17,  2.21s/it]2026-09-20 21:34:33,754 INFO [rev_util_actionability|paper_align|Qwen3-0.6B] step=598 epoch=2.9640

                                                 

 99%|█████████▊| 598/606 [19:59<00:17,  2.21s/it]2026-09-20 21:34:34,227 INFO [rev_util_actionability|paper_align|Qwen3-0.6B] step=598 epoch=2.9640

                                                 

 99%|█████████▊| 598/606 [20:00<00:17,  2.21s/it]2026-09-20 21:34:34,701 INFO [rev_util_actionability|paper_align|Qwen3-0.6B] step=598 epoch=2.9640

                                                 

 99%|█████████▊| 598/606 [20:00<00:17,  2.21s/it]
 99%|█████████▉| 599/606 [20:01<00:14,  2.13s/it]2026-09-20 21:34:35,214 INFO [rev_util_actionability|paper_align|Qwen3-0.6B] step=599 epoch=2.9689

                                                 

 99%|█████████▉| 599/606 [20:01<00:14,  2.13s/it]2026-09-20 21:34:35,676 INFO [rev_util_actionability|paper_align|Qwen3-0.6B] step=599 epoch=2.9689

                                                 

 99%|█████████▉| 599/606 [20:01<00:14,  2.13s/it]2026-09-20 21:34:36,141 INFO [rev_util_actionability|paper_align|Qwen3-0.6B] step=599 epoch=2.9689

                                                 

 99%|█████████▉| 599/606 [20:02<00:14,  2.13s/it]2026-09-20 21:34:36,613 INFO [rev_util_actionability|paper_align|Qwen3-0.6B] step=599 epoch=2.9689

                                                 

 99%|█████████▉| 599/606 [20:02<00:14,  2.13s/it]
 99%|█████████▉| 600/606 [20:03<00:12,  2.06s/it]2026-09-20 21:34:36,941 INFO [rev_util_actionability|paper_align|Qwen3-0.6B] step=600 loss=1.7007 learning_rate=0.0000 epoch=2.9739

                                                 

 99%|█████████▉| 600/606 [20:03<00:12,  2.06s/it]2026-09-20 21:34:37,125 INFO [rev_util_actionability|paper_align|Qwen3-0.6B] step=600 epoch=2.9739

                                                 

 99%|█████████▉| 600/606 [20:03<00:12,  2.06s/it]2026-09-20 21:34:37,589 INFO [rev_util_actionability|paper_align|Qwen3-0.6B] step=600 epoch=2.9739

                                                 

 99%|█████████▉| 600/606 [20:03<00:12,  2.06s/it]2026-09-20 21:34:38,059 INFO [rev_util_actionability|paper_align|Qwen3-0.6B] step=600 epoch=2.9739

                                                 

 99%|█████████▉| 600/606 [20:04<00:12,  2.06s/it]2026-09-20 21:34:38,533 INFO [rev_util_actionability|paper_align|Qwen3-0.6B] step=600 epoch=2.9739

                                                 

 99%|█████████▉| 600/606 [20:04<00:12,  2.06s/it]
 99%|█████████▉| 601/606 [20:04<00:10,  2.02s/it]2026-09-20 21:34:39,040 INFO [rev_util_actionability|paper_align|Qwen3-0.6B] step=601 epoch=2.9789

                                                 

 99%|█████████▉| 601/606 [20:05<00:10,  2.02s/it]2026-09-20 21:34:39,504 INFO [rev_util_actionability|paper_align|Qwen3-0.6B] step=601 epoch=2.9789

                                                 

 99%|█████████▉| 601/606 [20:05<00:10,  2.02s/it]2026-09-20 21:34:40,204 INFO [rev_util_actionability|paper_align|Qwen3-0.6B] step=601 epoch=2.9789

                                                 

 99%|█████████▉| 601/606 [20:06<00:10,  2.02s/it]2026-09-20 21:34:40,668 INFO [rev_util_actionability|paper_align|Qwen3-0.6B] step=601 epoch=2.9789

                                                 

 99%|█████████▉| 601/606 [20:06<00:10,  2.02s/it]
 99%|█████████▉| 602/606 [20:07<00:08,  2.05s/it]2026-09-20 21:34:41,176 INFO [rev_util_actionability|paper_align|Qwen3-0.6B] step=602 epoch=2.9839

                                                 

 99%|█████████▉| 602/606 [20:07<00:08,  2.05s/it]2026-09-20 21:34:41,637 INFO [rev_util_actionability|paper_align|Qwen3-0.6B] step=602 epoch=2.9839

                                                 

 99%|█████████▉| 602/606 [20:07<00:08,  2.05s/it]2026-09-20 21:34:42,109 INFO [rev_util_actionability|paper_align|Qwen3-0.6B] step=602 epoch=2.9839

                                                 

 99%|█████████▉| 602/606 [20:08<00:08,  2.05s/it]2026-09-20 21:34:42,575 INFO [rev_util_actionability|paper_align|Qwen3-0.6B] step=602 epoch=2.9839

                                                 

 99%|█████████▉| 602/606 [20:08<00:08,  2.05s/it]
100%|█████████▉| 603/606 [20:09<00:06,  2.01s/it]2026-09-20 21:34:43,080 INFO [rev_util_actionability|paper_align|Qwen3-0.6B] step=603 epoch=2.9888

                                                 

100%|█████████▉| 603/606 [20:09<00:06,  2.01s/it]2026-09-20 21:34:43,545 INFO [rev_util_actionability|paper_align|Qwen3-0.6B] step=603 epoch=2.9888

                                                 

100%|█████████▉| 603/606 [20:09<00:06,  2.01s/it]2026-09-20 21:34:44,010 INFO [rev_util_actionability|paper_align|Qwen3-0.6B] step=603 epoch=2.9888

                                                 

100%|█████████▉| 603/606 [20:10<00:06,  2.01s/it]2026-09-20 21:34:44,475 INFO [rev_util_actionability|paper_align|Qwen3-0.6B] step=603 epoch=2.9888

                                                 

100%|█████████▉| 603/606 [20:10<00:06,  2.01s/it]
100%|█████████▉| 604/606 [20:10<00:03,  1.98s/it]2026-09-20 21:34:44,973 INFO [rev_util_actionability|paper_align|Qwen3-0.6B] step=604 epoch=2.9938

                                                 

100%|█████████▉| 604/606 [20:11<00:03,  1.98s/it]2026-09-20 21:34:45,435 INFO [rev_util_actionability|paper_align|Qwen3-0.6B] step=604 epoch=2.9938

                                                 

100%|█████████▉| 604/606 [20:11<00:03,  1.98s/it]2026-09-20 21:34:45,901 INFO [rev_util_actionability|paper_align|Qwen3-0.6B] step=604 epoch=2.9938

                                                 

100%|█████████▉| 604/606 [20:12<00:03,  1.98s/it]2026-09-20 21:34:46,367 INFO [rev_util_actionability|paper_align|Qwen3-0.6B] step=604 epoch=2.9938

                                                 

100%|█████████▉| 604/606 [20:12<00:03,  1.98s/it]
100%|█████████▉| 605/606 [20:12<00:01,  1.95s/it]2026-09-20 21:34:46,841 INFO [rev_util_actionability|paper_align|Qwen3-0.6B] step=605 epoch=2.9988

                                                 

100%|█████████▉| 605/606 [20:12<00:01,  1.95s/it]
100%|██████████| 606/606 [20:13<00:00,  1.51s/it]{'paper_align_label_loss': '0.001841', 'paper_align_reason_loss': '0.8062', 'epoch': '2.944'}
{'paper_align_label_loss': '0.0006039', 'paper_align_reason_loss': '0.7034', 'epoch': '2.949'}
{'paper_align_label_loss': '0.006362', 'paper_align_reason_loss': '0.8315', 'epoch': '2.949'}
{'paper_align_label_loss': '0.00828', 'paper_align_reason_loss': '0.8794', 'epoch': '2.949'}
{'paper_align_label_loss': '0.0006784', 'paper_align_reason_loss': '0.9022', 'epoch': '2.949'}
{'paper_align_label_loss': '0.00962', 'paper_align_reason_loss': '0.793', 'epoch': '2.954'}
{'paper_align_label_loss': '0.1559', 'paper_align_reason_loss': '0.7932', 'epoch': '2.954'}
{'paper_align_label_loss': '0.235', 'paper_align_reason_loss': '0.7644', 'epoch': '2.954'}
{'paper_align_label_loss': '0.0001853', 'paper_align_reason_loss': '0.7377', 'epoch': '2.954'}
{'paper_align_label_loss': '0.01553', 'paper_align_reason_loss': '0.7985', 'epoch': '2.959'}
{'paper_align_label_loss': '0.004449', 'paper_align_reason_loss': '0.5448', 'epoch': '2.959'}
{'paper_align_label_loss': '0.02115', 'paper_align_reason_loss': '0.7201', 'epoch': '2.959'}
{'paper_align_label_loss': '0.003595', 'paper_align_reason_loss': '1.183', 'epoch': '2.959'}
{'paper_align_label_loss': '0.3263', 'paper_align_reason_loss': '0.8423', 'epoch': '2.964'}
{'paper_align_label_loss': '0.01646', 'paper_align_reason_loss': '0.8402', 'epoch': '2.964'}
{'paper_align_label_loss': '0.05353', 'paper_align_reason_loss': '0.6763', 'epoch': '2.964'}
{'paper_align_label_loss': '0.1557', 'paper_align_reason_loss': '0.8033', 'epoch': '2.964'}
{'paper_align_label_loss': '0.00126', 'paper_align_reason_loss': '0.8217', 'epoch': '2.969'}
{'paper_align_label_loss': '0.02463', 'paper_align_reason_loss': '0.9363', 'epoch': '2.969'}
{'paper_align_label_loss': '0.02548', 'paper_align_reason_loss': '0.761', 'epoch': '2.969'}
{'paper_align_label_loss': '0.0002516', 'paper_align_reason_loss': '0.7144', 'epoch': '2.969'}
{'loss': '1.701', 'grad_norm': '3.393', 'learning_rate': '3.508e-08', 'epoch': '2.974'}
{'paper_align_label_loss': '0.000432', 'paper_align_reason_loss': '0.7878', 'epoch': '2.974'}
{'paper_align_label_loss': '0.00797', 'paper_align_reason_loss': '0.5796', 'epoch': '2.974'}
{'paper_align_label_loss': '0.06665', 'paper_align_reason_loss': '0.8412', 'epoch': '2.974'}
{'paper_align_label_loss': '0.009104', 'paper_align_reason_loss': '0.774', 'epoch': '2.974'}
{'paper_align_label_loss': '0.1907', 'paper_align_reason_loss': '0.8187', 'epoch': '2.979'}
{'paper_align_label_loss': '0.05166', 'paper_align_reason_loss': '0.8199', 'epoch': '2.979'}
{'paper_align_label_loss': '0.09184', 'paper_align_reason_loss': '0.8919', 'epoch': '2.979'}
{'paper_align_label_loss': '0.216', 'paper_align_reason_loss': '0.8052', 'epoch': '2.979'}
{'paper_align_label_loss': '0.006986', 'paper_align_reason_loss': '0.9044', 'epoch': '2.984'}
{'paper_align_label_loss': '0.006355', 'paper_align_reason_loss': '0.7027', 'epoch': '2.984'}
{'paper_align_label_loss': '0.03634', 'paper_align_reason_loss': '0.7587', 'epoch': '2.984'}
{'paper_align_label_loss': '0.004125', 'paper_align_reason_loss': '0.788', 'epoch': '2.984'}
{'paper_align_label_loss': '0.009832', 'paper_align_reason_loss': '0.8858', 'epoch': '2.989'}
{'paper_align_label_loss': '0.0009784', 'paper_align_reason_loss': '0.7272', 'epoch': '2.989'}
{'paper_align_label_loss': '0.001043', 'paper_align_reason_loss': '0.6619', 'epoch': '2.989'}
{'paper_align_label_loss': '0.02614', 'paper_align_reason_loss': '0.7151', 'epoch': '2.989'}
{'paper_align_label_loss': '0.01055', 'paper_align_reason_loss': '0.7889', 'epoch': '2.994'}
{'paper_align_label_loss': '0.0004397', 'paper_align_reason_loss': '0.6427', 'epoch': '2.994'}
{'paper_align_label_loss': '0.06609', 'paper_align_reason_loss': '0.7061', 'epoch': '2.994'}
{'paper_align_label_loss': '0.2451', 'paper_align_reason_loss': '0.9353', 'epoch': '2.994'}
{'paper_align_label_loss': '0.008381', 'paper_align_reason_loss': '1.149', 'epoch': '2.999'}


  0%|          | 0/45 [00:00<?, ?it/s][A

  7%|▋         | 3/45 [00:00<00:02, 17.61it/s][A

 11%|█         | 5/45 [00:00<00:02, 14.06it/s][A

 16%|█▌        | 7/45 [00:00<00:02, 12.94it/s][A

 20%|██        | 9/45 [00:00<00:02, 12.33it/s][A

 24%|██▍       | 11/45 [00:00<00:02, 12.12it/s][A

 29%|██▉       | 13/45 [00:01<00:02, 12.00it/s][A

 33%|███▎      | 15/45 [00:01<00:02, 11.85it/s][A

 38%|███▊      | 17/45 [00:01<00:02, 11.72it/s][A

 42%|████▏     | 19/45 [00:01<00:02, 11.72it/s][A

 47%|████▋     | 21/45 [00:01<00:02, 11.73it/s][A

 51%|█████     | 23/45 [00:01<00:01, 11.74it/s][A

 56%|█████▌    | 25/45 [00:02<00:01, 11.70it/s][A

 60%|██████    | 27/45 [00:02<00:01, 11.72it/s][A

 64%|██████▍   | 29/45 [00:02<00:01, 11.78it/s][A

 69%|██████▉   | 31/45 [00:02<00:01, 11.81it/s][A

 73%|███████▎  | 33/45 [00:02<00:01, 11.64it/s][A

 78%|███████▊  | 35/45 [00:02<00:00, 11.57it/s][A

 82%|████████▏ | 37/45 [00:03<00:00, 11.56it/s][A

 87%|████████▋ | 39/45 [00:03<00:00, 11.53it/s][A

 91%|█████████ | 41/45 [00:03<00:00, 11.59it/s][A

 96%|█████████▌| 43/45 [00:03<00:00, 11.67it/s][A

100%|██████████| 45/45 [00:03<00:00, 11.69it/s][A2026-09-20 21:34:51,049 INFO [rev_util_actionability|paper_align|Qwen3-0.6B] step=606 eval_loss=0.0833 epoch=3.0000

                                                 

                                               
[A
100%|██████████| 606/606 [20:17<00:00,  1.51s/it]

100%|██████████| 45/45 [00:03<00:00, 11.69it/s][A

                                               [A2026-09-20 21:34:51,209 INFO Starting generation validation on training device cuda:0: samples=179 batch_size=16
2026-09-20 21:34:52,035 INFO Generation validation progress: 16/179
2026-09-20 21:34:52,683 INFO Generation validation progress: 32/179
2026-09-20 21:34:53,340 INFO Generation validation progress: 48/179
2026-09-20 21:34:54,006 INFO Generation validation progress: 64/179
2026-09-20 21:34:54,675 INFO Generation validation progress: 80/179
2026-09-20 21:34:55,343 INFO Generation validation progress: 96/179
2026-09-20 21:34:55,994 INFO Generation validation progress: 112/179
2026-09-20 21:34:56,633 INFO Generation validation progress: 128/179
2026-09-20 21:34:57,300 INFO Generation validation progress: 144/179
2026-09-20 21:34:57,960 INFO Generation validation progress: 160/179
2026-09-20 21:34:58,610 INFO Generation validation progress: 176/179
2026-09-20 21:34:58,987 INFO Generation validation progress: 179/179
2026-09-20 21:34:59,030 INFO Generation val @ epoch=3.0 step=606: acc=0.7486 macro_f1=0.6169 valid=1.0000 (retaining last checkpoint)
2026-09-20 21:34:59,032 INFO [rev_util_actionability|paper_align|Qwen3-0.6B] step=606 eval_generation_accuracy=0.7486 eval_generation_macro_f1=0.6169 eval_generation_format_valid_rate=1.0000 eval_generation_mae=0.3687 eval_generation_qwk=0.8330 epoch=3.0000

                                                 

100%|██████████| 606/606 [20:25<00:00,  1.51s/it]2026-09-20 21:34:59,396 INFO [rev_util_actionability|paper_align|Qwen3-0.6B] step=606 epoch=3.0000

                                                 

100%|██████████| 606/606 [20:25<00:00,  1.51s/it]
100%|██████████| 606/606 [20:25<00:00,  2.02s/it]
{'eval_loss': '0.08334', 'eval_runtime': '3.883', 'eval_samples_per_second': '46.1', 'eval_steps_per_second': '11.59', 'eval_entropy': '0.03938', 'eval_num_tokens': '0', 'eval_mean_token_accuracy': '0.9685', 'epoch': '3'}
{'eval_generation_accuracy': '0.7486', 'eval_generation_macro_f1': '0.6169', 'eval_generation_format_valid_rate': '1', 'eval_generation_invalid_outputs': 0, 'eval_generation_mae': '0.3687', 'eval_generation_qwk': '0.833', 'epoch': '3'}
{'train_runtime': '1226', 'train_samples_per_second': '3.939', 'train_steps_per_second': '0.494', 'train_loss': '1.949', 'epoch': '3'}

  0%|          | 0/45 [00:00<?, ?it/s]
  7%|▋         | 3/45 [00:00<00:02, 20.49it/s]
 13%|█▎        | 6/45 [00:00<00:02, 16.64it/s]
 18%|█▊        | 8/45 [00:00<00:02, 15.78it/s]
 22%|██▏       | 10/45 [00:00<00:02, 15.00it/s]
 27%|██▋       | 12/45 [00:00<00:02, 14.65it/s]
 31%|███       | 14/45 [00:00<00:02, 14.37it/s]
 36%|███▌      | 16/45 [00:01<00:01, 14.60it/s]
 40%|████      | 18/45 [00:01<00:01, 14.78it/s]
 44%|████▍     | 20/45 [00:01<00:01, 14.88it/s]
 49%|████▉     | 22/45 [00:01<00:01, 14.93it/s]
 53%|█████▎    | 24/45 [00:01<00:01, 14.73it/s]
 58%|█████▊    | 26/45 [00:01<00:01, 14.64it/s]
 62%|██████▏   | 28/45 [00:01<00:01, 14.80it/s]
 67%|██████▋   | 30/45 [00:01<00:01, 14.94it/s]
 71%|███████   | 32/45 [00:02<00:00, 14.84it/s]
 76%|███████▌  | 34/45 [00:02<00:00, 14.88it/s]
 80%|████████  | 36/45 [00:02<00:00, 14.80it/s]
 84%|████████▍ | 38/45 [00:02<00:00, 14.47it/s]
 89%|████████▉ | 40/45 [00:02<00:00, 14.31it/s]
 93%|█████████▎| 42/45 [00:02<00:00, 14.48it/s]
 98%|█████████▊| 44/45 [00:02<00:00, 14.63it/s]2026-09-20 21:35:02,509 INFO [rev_util_actionability|paper_align|Qwen3-0.6B] step=606 eval_loss=0.0833 epoch=3.0000

100%|██████████| 45/45 [00:03<00:00, 14.88it/s]
2026-09-20 21:35:02,536 INFO Starting generation validation on training device cuda:0: samples=179 batch_size=16
2026-09-20 21:35:03,263 INFO Generation validation progress: 16/179
2026-09-20 21:35:03,924 INFO Generation validation progress: 32/179
2026-09-20 21:35:04,615 INFO Generation validation progress: 48/179
2026-09-20 21:35:05,298 INFO Generation validation progress: 64/179
2026-09-20 21:35:05,973 INFO Generation validation progress: 80/179
2026-09-20 21:35:06,638 INFO Generation validation progress: 96/179
2026-09-20 21:35:07,300 INFO Generation validation progress: 112/179
2026-09-20 21:35:07,961 INFO Generation validation progress: 128/179
2026-09-20 21:35:08,632 INFO Generation validation progress: 144/179
2026-09-20 21:35:09,307 INFO Generation validation progress: 160/179
2026-09-20 21:35:09,962 INFO Generation validation progress: 176/179
2026-09-20 21:35:10,359 INFO Generation validation progress: 179/179
2026-09-20 21:35:10,402 INFO Generation val @ epoch=3.0 step=606: acc=0.7486 macro_f1=0.6169 valid=1.0000 (retaining last checkpoint)
2026-09-20 21:35:10,404 INFO [rev_util_actionability|paper_align|Qwen3-0.6B] step=606 eval_generation_accuracy=0.7486 eval_generation_macro_f1=0.6169 eval_generation_format_valid_rate=1.0000 eval_generation_mae=0.3687 eval_generation_qwk=0.8330 epoch=3.0000
2026-09-20 21:35:10,691 INFO [rev_util_actionability|paper_align|Qwen3-0.6B] Completed run rev_util_actionability#qwen3_0.6b#paper_align__seed43__2026-09-20_21-14-25 | final_epoch=3.0 final_acc=0.7486033519553073
2026-09-20 21:35:10,691 INFO [rev_util_actionability|paper_align|Qwen3-0.6B] Validation metrics: {'samples': 179, 'score_sets': [1, 2, 3, 4, 5], 'accuracy': 0.7486033519553073, 'macro_f1': 0.6168681581981389, 'format_valid_rate': 1.0, 'invalid_outputs': 0, 'confusion_matrix': {'1': {'1': 12, '2': 2, '3': 0, '4': 1, '5': 0, 'invalid': 0}, '2': {'1': 3, '2': 27, '3': 6, '4': 0, '5': 0, 'invalid': 0}, '3': {'1': 0, '2': 4, '3': 35, '4': 4, '5': 9, 'invalid': 0}, '4': {'1': 0, '2': 2, '3': 4, '4': 0, '5': 3, 'invalid': 0}, '5': {'1': 1, '2': 0, '3': 5, '4': 1, '5': 60, 'invalid': 0}}, 'per_class': {'1': {'precision': 0.75, 'recall': 0.8, 'f1': 0.7741935483870969, 'support': 15}, '2': {'precision': 0.7714285714285715, 'recall': 0.75, 'f1': 0.7605633802816902, 'support': 36}, '3': {'precision': 0.7, 'recall': 0.6730769230769231, 'f1': 0.6862745098039216, 'support': 52}, '4': {'precision': 0.0, 'recall': 0.0, 'f1': 0.0, 'support': 9}, '5': {'precision': 0.8333333333333334, 'recall': 0.8955223880597015, 'f1': 0.8633093525179857, 'support': 67}}, 'mae': 0.3687150837988827, 'qwk': 0.832995528102178, 'tokens': {'samples': 179, 'avg_output_tokens': 7.0, 'avg_reasoning_tokens': 0.0, 'total_output_tokens': 1253, 'total_reasoning_tokens': 0}}
