{
    "exp_name": "novelty_qwen25_7b",
    "model_name": "/data01/public/yangxin/small-paper/model/Qwen2.5-7B-Instruct",
    "dataset_file": "/data01/public/yangxin/small-paper/eval_data/prompted_novelty_data.json",
    "max_model_len": 16384,
    "max_tokens": 2048,
    "temp": 0.0,
    "top_p": 1.0,
    "rollout": 3,
    "batch_size": 4,
    "seed": 42,
    "enable_thinking": false,
    "output_path": "/data01/public/yangxin/small-paper/eval_data/eval_outputs",
    "recompute_from": "",
    "task": "novelty_eval_updated",
    "results": {
        "coherence": {
            "rollout_reward_dist": [
                {
                    "-0.5": 0,
                    "0.0": 0,
                    "0.25": 0,
                    "0.5": 17,
                    "1.5": 59
                },
                {
                    "-0.5": 0,
                    "0.0": 0,
                    "0.25": 0,
                    "0.5": 15,
                    "1.5": 61
                },
                {
                    "-0.5": 0,
                    "0.0": 0,
                    "0.25": 0,
                    "0.5": 16,
                    "1.5": 60
                }
            ],
            "rollout_sums": [
                97.0,
                99.0,
                98.0
            ],
            "rollout_means": [
                1.2763157894736843,
                1.3026315789473684,
                1.2894736842105263
            ],
            "rollout_stds": [
                0.41948171864897976,
                0.40065735459301594,
                0.41039134083406165
            ],
            "rollout_accuracy": [
                0.7763157894736842,
                0.8026315789473685,
                0.7894736842105263
            ],
            "rollout_f1": [
                0.8571428571428571,
                0.8739495798319328,
                0.8666666666666666
            ],
            "rollout_macro_f1": [
                0.670995670995671,
                0.7097020626432391,
                0.6833333333333333
            ],
            "rollout_weighted_f1": [
                0.759170653907496,
                0.7875035181536729,
                0.7701754385964912
            ],
            "rollout_micro_f1": [
                0.7763157894736842,
                0.8026315789473685,
                0.7894736842105263
            ],
            "rollout_ten_class_accuracy": [
                0.7763157894736842,
                0.8026315789473685,
                0.7894736842105263
            ],
            "rollout_mse": [
                0.2236842105263158,
                0.19736842105263158,
                0.21052631578947367
            ],
            "rollout_pearson": [
                0.3633526079986265,
                0.44270547641211916,
                0.396787696621853
            ],
            "rollout_valid_rate": [
                1.0,
                1.0,
                1.0
            ],
            "rollout_corr_acc": [],
            "rollout_sig_acc": [],
            "rollout_evi_acc": [],
            "rollout_corr_n": [],
            "rollout_sig_n": [],
            "rollout_evi_n": [],
            "rollout_derived_ten_class_accuracy": [],
            "rollout_derived_ten_class_f1": [],
            "rollout_derived_ten_class_macro_f1": [],
            "rollout_derived_ten_class_reachable_accuracy": [],
            "rollout_derived_ten_class_reachable_n": [],
            "overall_aspect_reward_dist": {
                "-0.5": 0,
                "0.0": 0,
                "0.25": 0,
                "0.5": 48,
                "1.5": 180
            },
            "overall_aspect_reward_mean": 1.2894736842105263,
            "aspect_reward_mean_stds": 0.4101768046920191,
            "paper_metrics": {
                "accuracy": "0.7895 \u00b1 0.0132",
                "f1": "0.8659 \u00b1 0.0084",
                "macro_f1": "0.6880 \u00b1 0.0198",
                "weighted_f1": "0.7723 \u00b1 0.0143",
                "micro_f1": "0.7895 \u00b1 0.0132",
                "ten_class_accuracy": "0.7895 \u00b1 0.0132",
                "mse": "0.2105 \u00b1 0.0132",
                "pearson": "0.4009 \u00b1 0.0398"
            },
            "accuracy_mean": 0.7894736842105262,
            "accuracy_std": 0.013157894736842146,
            "f1_mean": 0.8659197012138189,
            "f1_std": 0.008428223414675471,
            "macro_f1_mean": 0.6880103556574145,
            "macro_f1_std": 0.01977250848928119,
            "weighted_f1_mean": 0.7722832035525533,
            "weighted_f1_std": 0.014283550116500269,
            "micro_f1_mean": 0.7894736842105262,
            "micro_f1_std": 0.013157894736842146,
            "ten_class_accuracy_mean": 0.7894736842105262,
            "ten_class_accuracy_std": 0.013157894736842146,
            "mse_mean": 0.21052631578947367,
            "mse_std": 0.013157894736842105,
            "pearson_mean": 0.4009485936775328,
            "pearson_std": 0.03983973179620119,
            "valid_rate_mean": 1.0
        },
        "whole_task": {
            "rollout_reward_dist": [
                {
                    "-0.5": 0,
                    "0.0": 0,
                    "0.25": 0,
                    "0.5": 17,
                    "1.5": 59
                },
                {
                    "-0.5": 0,
                    "0.0": 0,
                    "0.25": 0,
                    "0.5": 15,
                    "1.5": 61
                },
                {
                    "-0.5": 0,
                    "0.0": 0,
                    "0.25": 0,
                    "0.5": 16,
                    "1.5": 60
                }
            ],
            "rollout_sums": [
                97.0,
                99.0,
                98.0
            ],
            "rollout_means": [
                1.2763157894736843,
                1.3026315789473684,
                1.2894736842105263
            ],
            "rollout_stds": [
                0.41948171864897976,
                0.40065735459301594,
                0.41039134083406165
            ],
            "rollout_accuracy": [
                0.7763157894736842,
                0.8026315789473685,
                0.7894736842105263
            ],
            "rollout_f1": [
                0.8571428571428571,
                0.8739495798319328,
                0.8666666666666666
            ],
            "rollout_macro_f1": [
                0.670995670995671,
                0.7097020626432391,
                0.6833333333333333
            ],
            "rollout_weighted_f1": [
                0.759170653907496,
                0.7875035181536729,
                0.7701754385964912
            ],
            "rollout_micro_f1": [
                0.7763157894736842,
                0.8026315789473685,
                0.7894736842105263
            ],
            "rollout_ten_class_accuracy": [
                0.7763157894736842,
                0.8026315789473685,
                0.7894736842105263
            ],
            "rollout_mse": [
                0.2236842105263158,
                0.19736842105263158,
                0.21052631578947367
            ],
            "rollout_pearson": [
                0.3633526079986265,
                0.44270547641211916,
                0.396787696621853
            ],
            "rollout_valid_rate": [
                1.0,
                1.0,
                1.0
            ],
            "rollout_corr_acc": [],
            "rollout_sig_acc": [],
            "rollout_evi_acc": [],
            "rollout_corr_n": [],
            "rollout_sig_n": [],
            "rollout_evi_n": [],
            "rollout_derived_ten_class_accuracy": [],
            "rollout_derived_ten_class_f1": [],
            "rollout_derived_ten_class_macro_f1": [],
            "rollout_derived_ten_class_reachable_accuracy": [],
            "rollout_derived_ten_class_reachable_n": [],