即将向 https://api.openbitfun.com/v1 发送 50 个盲化配对样本
[1/50] 正在评测 grounding_specificity_test_0467 （LC、CC 均错误）
    裁判 glm-5.2：正在发送第一轮请求……
      第一轮已返回（glm-5.2，耗时 43.0 秒）：整体偏好=B 更好 | A={"评分标准理解正确性": 1, "证据依据性": 2, "关键决策信息覆盖度": 2, "无依据陈述控制": 3} | B={"评分标准理解正确性": 3, "证据依据性": 3, "关键决策信息覆盖度": 3, "无依据陈述控制": 3}
      第一轮判断依据：推理理由A错误地将待评价文本中明确提到的“the appendix”视为泛泛而谈，认为作者无法准确指出具体部分，从而得出了较低的分数，这反映了对评分标准中“grounded”定义的误解。推理理由B正确识别了“appendix”作为一个具体的部分，并准确指出评论说明了该部分缺乏贡献这一具体问题，对评分标准的理解和证据的引用都更加准确。
    裁判 glm-5.2：正在发送第二轮请求……
    裁判 glm-5.2 失败：Judge glm-5.2 failed for audit_0001/round2: API request failed: The read operation timed out
    裁判 deepseek-v4-flash：正在发送第一轮请求……
    裁判 deepseek-v4-flash 失败：Judge deepseek-v4-flash failed for audit_0001/round1: initial parse failed: reasoning_content: Response does not contain a JSON object; repair parse failed: reasoning_content: Response does not contain a JSON object
    因主裁判失败，调用第三裁判 MiniMax-M3。
    裁判 MiniMax-M3：正在发送第一轮请求……
      第一轮已返回（MiniMax-M3，耗时 4.5 秒）：整体偏好=A 更好 | A={"评分标准理解正确性": 3, "证据依据性": 2, "关键决策信息覆盖度": 3, "无依据陈述控制": 3} | B={"评分标准理解正确性": 2, "证据依据性": 2, "关键决策信息覆盖度": 2, "无依据陈述控制": 2}
      第一轮判断依据：A正确理解评分标准，区分了'定位具体部分'和'说明问题'两个维度，认为评论虽然未精确定位具体章节，但明确指出了问题所在（方法应用展示不足、附录贡献不够、篇幅分配偏向方法等价性），对应评分3。证据方面，A指出'with limited space'和'appendix'等引用，但部分判断（如'cannot confidently pinpoint'）略带推测。关键信息覆盖较完整。B将'附录'视为精确指向特定部分并给出5分的判断，但实际上评论对附录的指称较为笼统，更像是整体性评论而非精确的局部批评；B认为评论明确指出了附录的问题，但忽略了评论同时指向整篇论文的方法展示和篇幅分配问题，定位不够精准。此外，B声称'it does not explicitly state what is wrong or missing in the appendix'后又自我矛盾地认定满足标准，逻辑不够严谨。整体而言，A的分析更准确、更细致。
    裁判 MiniMax-M3：正在发送第二轮请求……
      第二轮已返回（MiniMax-M3，耗时 4.9 秒）：A=支持 | B=部分支持
      第二轮判断依据：A的推理指出评论没有明确提及具体章节或图表，只能笼统提到'论文'和'附录'，作者无法准确锁定具体部分，但评论清楚指出了方法应用展示不足、附录缺乏贡献、内容重心偏向方法等价性等问题，因此给3分合理。B的推理认为评论提及'附录'即为明确指向具体部分，并指出附录未展示方法应用的具体问题，给5分。但评论中对'appendix'的提及较为笼统，'第一部分'的表述也不够精确，是否能确切指向特定部分存在一定模糊性，因此B的判断仅部分支持。
    有效裁判不足两个，记录失败并继续下一样本。
[2/50] 正在评测 grounding_specificity_test_0326 （仅 CC 正确）
    裁判 glm-5.2：正在发送第一轮请求……
      第一轮已返回（glm-5.2，耗时 38.9 秒）：整体偏好=A 更好 | A={"评分标准理解正确性": 3, "证据依据性": 3, "关键决策信息覆盖度": 3, "无依据陈述控制": 3} | B={"评分标准理解正确性": 1, "证据依据性": 1, "关键决策信息覆盖度": 1, "无依据陈述控制": 1}
      第一轮判断依据：A准确理解了评分标准，正确指出该评论虽然无法精确定位论文具体部分（弱根据），但明确指出了需要解决的问题（具体性强），因此符合3分标准。B错误地认为该评论没有说明需要解决的问题，忽略了文本中关于样本数量指数增长导致计算复杂度增加的具体描述，导致对评分标准的理解和证据提取均出现严重偏差。
    裁判 glm-5.2：正在发送第二轮请求……
      第二轮已返回（glm-5.2，耗时 33.3 秒）：A=支持 | B=不支持
      第二轮判断依据：待评价文本明确指出了需要解决的问题（样本数量呈指数增长导致计算复杂度增加和精度降低），因此并非“不具体”。推理A正确识别了文本的具体性，并认为其定位较弱（属于一般性话题而非具体章节），符合评分为3的逻辑。推理B错误地认为文本没有说明需要解决的问题且不具体，这与待评价文本的实际内容相矛盾，因此不支持其预测分数1。
    裁判 deepseek-v4-flash：正在发送第一轮请求……
    裁判 deepseek-v4-flash 失败：Judge deepseek-v4-flash failed for audit_0002/round1: initial parse failed: reasoning_content: Response does not contain a JSON object; repair parse failed: reasoning_content: Response does not contain a JSON object
    因主裁判失败，调用第三裁判 MiniMax-M3。
    裁判 MiniMax-M3：正在发送第一轮请求……
      第一轮已返回（MiniMax-M3，耗时 3.5 秒）：整体偏好=A 更好 | A={"评分标准理解正确性": 3, "证据依据性": 2, "关键决策信息覆盖度": 3, "无依据陈述控制": 2} | B={"评分标准理解正确性": 2, "证据依据性": 2, "关键决策信息覆盖度": 2, "无依据陈述控制": 2}
      第一轮判断依据：A正确识别了评分标准中的关键区分——评论是否明确指出论文具体部分以及是否具体说明问题。A指出该评论只能让作者'educated guess'定位到GP建模局限性部分，但具体指出了问题所在（样本数量指数增长导致计算复杂度和精度降低），符合评分标准中第3档'弱定位但具体说明问题'的描述。B虽然也指出了评论缺乏具体定位，但其结论'The comment does not specify what needs to be addressed'与待评文本内容不完全匹配——待评文本确实指出了具体问题（指数增长的样本需求、计算复杂度、准确性降低），并提出了未来工作方向的建议，因此B对'具体性'的判断不够准确。在无依据陈述控制方面，A存在一定推断（如说作者'cannot confidently pinpoint'属于合理推断但不完全精确），B也存在类似问题。整体来看，A对评分标准的理解和应用更为准确。
    裁判 MiniMax-M3：正在发送第二轮请求……
      第二轮已返回（MiniMax-M3，耗时 3.0 秒）：A=部分支持 | B=部分支持
      第二轮判断依据：A的推理指出评论提到'Limitations of modeling with GP'是通用主题，没有明确指向论文的特定部分，但评论内容具体说明了问题（样本需求指数增长），因此部分支持其预测分数3。B的推理认为评论未指明具体部分且不具体，但评论实际上明确指出了GP建模的局限性及具体问题（计算复杂度和精度降低），所以B的'不具体'判断有误，其预测分数1不太合理，B的推理部分支持其预测。
    已解盲：A=CC | B=LC | gold=3 | LC 预测=1 | CC 预测=3
    最终汇总：整体偏好=CC 更好 | LC 分数支持度=不支持 | CC 分数支持度=部分支持
      LC 各维度：{"评分标准理解正确性": 1.5, "证据依据性": 1.5, "关键决策信息覆盖度": 1.5, "无依据陈述控制": 1.5}
      CC 各维度：{"评分标准理解正确性": 3, "证据依据性": 2.5, "关键决策信息覆盖度": 3, "无依据陈述控制": 2.5}
[3/50] 正在评测 grounding_specificity_test_0683 （LC、CC 均错误）
    裁判 glm-5.2：正在发送第一轮请求……
      第一轮已返回（glm-5.2，耗时 33.0 秒）：整体偏好=A 更好 | A={"评分标准理解正确性": 3, "证据依据性": 3, "关键决策信息覆盖度": 3, "无依据陈述控制": 3} | B={"评分标准理解正确性": 1, "证据依据性": 2, "关键决策信息覆盖度": 1, "无依据陈述控制": 2}
      第一轮判断依据：A准确理解了评分标准，识别出“2.101”定位模糊但后半句指出了具体问题，符合3分标准；B错误地将“2.101”视为明确定位，且忽视了文本已说明问题，导致错误地给出4分，对评分标准理解有误。
    裁判 glm-5.2：正在发送第二轮请求……
      第二轮已返回（glm-5.2，耗时 18.4 秒）：A=支持 | B=部分支持
      第二轮判断依据：A的推理认为“2.101”指代模糊、作者无法自信定位，但同时指出了具体问题（任务不统一、缺乏统一域），符合3分定义，推理与分数一致。B的推理将“2.101”视为明确的具体部分并认为未清楚说明需解决的问题，从而给出4分；但文本实际上已指出“不是统一域、不适合做模型解释研究”这一具体问题，因此“未说明问题”的判断与文本不完全吻合，推理仅部分支持其分数。
    裁判 deepseek-v4-flash：正在发送第一轮请求……
    裁判 deepseek-v4-flash 失败：Judge deepseek-v4-flash failed for audit_0003/round1: initial parse failed: reasoning_content: Response does not contain a JSON object; repair parse failed: reasoning_content: Response does not contain a JSON object
    因主裁判失败，调用第三裁判 MiniMax-M3。
    裁判 MiniMax-M3：正在发送第一轮请求……
      第一轮已返回（MiniMax-M3，耗时 5.8 秒）：整体偏好=A 更好 | A={"评分标准理解正确性": 3, "证据依据性": 2, "关键决策信息覆盖度": 3, "无依据陈述控制": 3} | B={"评分标准理解正确性": 2, "证据依据性": 2, "关键决策信息覆盖度": 2, "无依据陈述控制": 2}
      第一轮判断依据：A正确理解了评分标准中关于'弱定位+明确指出问题'对应3分的情况，指出待评价文本中'2.101'虽然可能指向特定部分但作者无法确定，并准确识别了'tasks不统一、缺乏统一领域'这一具体批评内容。B虽然提到了section 2.101作为具体定位，但在理解评分标准时出现偏差，错误地认为评分为4（明确提到部分但不说明问题），而实际上'2.101 tasks can be done'后接'it is not a unified domain'已经明确指出了问题所在。B对问题的具体性判断也不够准确。因此A在评分标准理解、关键决策信息覆盖度方面优于B。
    裁判 MiniMax-M3：正在发送第二轮请求……
      第二轮已返回（MiniMax-M3，耗时 3.1 秒）：A=部分支持 | B=不支持
      第二轮判断依据：A的推理指出评论引用了'2.101'但不能确定具体位置，同时指出批评内容（任务不统一）较为具体，因此给3分。但'2.101'看起来更像随机编号而非真实章节引用，且评论内容本身模糊，因此A的推理部分支持其分数。B的推理称引用了具体部分'2.101'，但实际上这是一个不明确的引用，作者无法自信确定指代位置，且B将其归为4分（提到部分但不说明问题），但评论实际上确实提出了'不是统一领域'的批评，B忽视了评论中存在的问题说明，因此B的推理不支持其4分的预测。
    已解盲：A=CC | B=LC | gold=1 | LC 预测=4 | CC 预测=3
    最终汇总：整体偏好=CC 更好 | LC 分数支持度=不支持 | CC 分数支持度=部分支持
      LC 各维度：{"评分标准理解正确性": 1.5, "证据依据性": 2, "关键决策信息覆盖度": 1.5, "无依据陈述控制": 2}
      CC 各维度：{"评分标准理解正确性": 3, "证据依据性": 2.5, "关键决策信息覆盖度": 3, "无依据陈述控制": 3}
[4/50] 正在评测 grounding_specificity_test_0036 （LC、CC 均错误）
    裁判 glm-5.2：正在发送第一轮请求……
      第一轮已返回（glm-5.2，耗时 35.1 秒）：整体偏好=基本相同 | A={"评分标准理解正确性": 3, "证据依据性": 3, "关键决策信息覆盖度": 3, "无依据陈述控制": 3} | B={"评分标准理解正确性": 3, "证据依据性": 3, "关键决策信息覆盖度": 3, "无依据陈述控制": 3}
      第一轮判断依据：A和B都准确理解了评分标准，正确识别出待评价文本中明确指出的具体位置（'the first bullet'和'line 83'）以及具体需要解决的问题（提供例子说明直觉和详细说明最优性）。两者都基于文本证据得出了符合5分的结论，覆盖了关键决策信息，且没有无依据的陈述。两者的推理质量基本一致。
    裁判 glm-5.2：正在发送第二轮请求……
      第二轮已返回（glm-5.2，耗时 27.6 秒）：A=支持 | B=支持
      第二轮判断依据：待评价文本明确指出了论文中的具体位置（“the first bullet”和“line 83”），并且具体说明了需要解决的问题（要求提供例子或简单问题模型来说明FA的发展直觉，并要求详细说明为什么FA是最优的）。这完全符合评分标准中5分的要求。推理理由A和B都准确地指出了这些要素，并正确地给出了5分的预测，因此推理理由完全支持其预测分数。
    裁判 deepseek-v4-flash：正在发送第一轮请求……
      第一轮已返回（deepseek-v4-flash，耗时 5.2 秒）：整体偏好=基本相同 | A={"评分标准理解正确性": 3, "证据依据性": 3, "关键决策信息覆盖度": 3, "无依据陈述控制": 3} | B={"评分标准理解正确性": 3, "证据依据性": 3, "关键决策信息覆盖度": 3, "无依据陈述控制": 3}
      第一轮判断依据：A和B均正确理解了评分标准，准确识别出评论明确提及'first bullet'和'line 83'，具有明确grounding；同时都指出评论要求提供示例和阐述FA最优性，体现了specificity。两者均无无依据陈述，关键信息覆盖完整，因此整体偏好为基本相同。
    裁判 deepseek-v4-flash：正在发送第二轮请求……
      第二轮已返回（deepseek-v4-flash，耗时 3.7 秒）：A=支持 | B=支持
      第二轮判断依据：两者均准确指出评论文本明确提及'first bullet'和'line 83'，对应论文具体部分，且要求提供示例和解释FA最优性的原因，满足5分标准中'明确提及部分'和'说明需解决的具体问题'的要求。因此推理理由均支持预测分数5。
    两个主裁判意见一致，无需调用第三裁判。
    已解盲：A=LC | B=CC | gold=3 | LC 预测=5 | CC 预测=5
    最终汇总：整体偏好=基本相同 | LC 分数支持度=支持 | CC 分数支持度=支持
      LC 各维度：{"评分标准理解正确性": 3, "证据依据性": 3, "关键决策信息覆盖度": 3, "无依据陈述控制": 3}
      CC 各维度：{"评分标准理解正确性": 3, "证据依据性": 3, "关键决策信息覆盖度": 3, "无依据陈述控制": 3}
[5/50] 正在评测 grounding_specificity_test_0408 （仅 CC 正确）
    裁判 glm-5.2：正在发送第一轮请求……
      第一轮已返回（glm-5.2，耗时 47.9 秒）：整体偏好=A 更好 | A={"评分标准理解正确性": 3, "证据依据性": 3, "关键决策信息覆盖度": 3, "无依据陈述控制": 3} | B={"评分标准理解正确性": 2, "证据依据性": 2, "关键决策信息覆盖度": 2, "无依据陈述控制": 2}
      第一轮判断依据：待评文本中明确提到了“the conclusions about the performance gap”，这已经足够让作者确定评论针对的是论文的结论部分。推理理由A正确识别了这一点，并准确应用了评分标准中既指出具体部分又说明问题的最高分要求。推理理由B忽略了文本中“conclusions”这一明确的定位词，错误地认为作者无法确定评论针对的部分，从而得出了3分的结论，存在明显的依据遗漏和判断失误。
    裁判 glm-5.2：正在发送第二轮请求……
      第二轮已返回（glm-5.2，耗时 40.2 秒）：A=支持 | B=不支持
      第二轮判断依据：待评文本中明确提到了“the conclusions”，这属于明确指出了论文的特定部分（结论部分）。A准确识别了这一点，并结合文本具体说明了问题且提供了外部引用，给出5分，推理理由与预测分数一致。B错误地认为文本没有明确提到具体的部分，基于这一错误前提得出3分，其推理理由存在事实偏差，无法支持其预测分数。
    裁判 deepseek-v4-flash：正在发送第一轮请求……
    裁判 deepseek-v4-flash 失败：Judge deepseek-v4-flash failed for audit_0005/round1: initial parse failed: content: Response does not contain a JSON object; reasoning_content: Response does not contain a JSON object; repair parse failed: content: Invalid preference: A优于B; reasoning_content: Invalid preference: A优于B
    因主裁判失败，调用第三裁判 MiniMax-M3。
    裁判 MiniMax-M3：正在发送第一轮请求……
      第一轮已返回（MiniMax-M3，耗时 3.2 秒）：整体偏好=B 更好 | A={"评分标准理解正确性": 2, "证据依据性": 2, "关键决策信息覆盖度": 2, "无依据陈述控制": 3} | B={"评分标准理解正确性": 3, "证据依据性": 3, "关键决策信息覆盖度": 3, "无依据陈述控制": 3}
      第一轮判断依据：B正确指出待评价文本没有明确提及具体段落、表格或图，评分为3分（不能确定具体部分，但清楚说明了需要处理什么问题）；A声称评论明确针对'结论部分'，但待评价文本中并未显式提及'conclusions'，且A在'conclusions'的引用上有推断成分，在评分标准理解上不如B准确。在证据依据性方面，B更严格地基于文本证据进行分析，A则有轻微的过度推断。整体而言，B对评分标准的理解和应用更准确。
    裁判 MiniMax-M3：正在发送第二轮请求……
      第二轮已返回（MiniMax-M3，耗时 3.8 秒）：A=部分支持 | B=支持
      第二轮判断依据：A正确指出评论针对“性能差距结论是否适用于无监督机器翻译”，并具体说明了需要补充或限定讨论的问题，也提供了外部实例；但原文没有明确出现“结论部分”，因此将其认定为明确指向结论部分略有过度。B准确注意到原文未指明具体章节、图表或独特位置，只通过“conclusions”概括相关结论，并正确依据“问题明确但定位较弱”判断为3分。
    已解盲：A=LC | B=CC | gold=3 | LC 预测=5 | CC 预测=3
    最终汇总：整体偏好=未形成多数意见 | LC 分数支持度=部分支持 | CC 分数支持度=部分支持
      LC 各维度：{"评分标准理解正确性": 2.5, "证据依据性": 2.5, "关键决策信息覆盖度": 2.5, "无依据陈述控制": 3}
      CC 各维度：{"评分标准理解正确性": 2.5, "证据依据性": 2.5, "关键决策信息覆盖度": 2.5, "无依据陈述控制": 2.5}
[6/50] 正在评测 grounding_specificity_test_0100 （LC、CC 均正确）
    裁判 glm-5.2：正在发送第一轮请求……
      第一轮已返回（glm-5.2，耗时 41.6 秒）：整体偏好=A 更好 | A={"评分标准理解正确性": 3, "证据依据性": 3, "关键决策信息覆盖度": 3, "无依据陈述控制": 3} | B={"评分标准理解正确性": 2, "证据依据性": 3, "关键决策信息覆盖度": 2, "无依据陈述控制": 3}
      第一轮判断依据：A准确识别了待评文本符合评分标准中的3分条件：无法确定具体部分但清楚说明了需要解决的问题，并明确给出了最终分数。B虽然也提取了文本特征，但用词“somewhat specific”不够准确，且未明确给出对应的分数，在评分标准理解和关键信息覆盖上不如A。
    裁判 glm-5.2：正在发送第二轮请求……
      第二轮已返回（glm-5.2，耗时 63.7 秒）：A=不支持 | B=不支持
      第二轮判断依据：待评文本中明确提到了“motivation”（动机部分）和“figures”（图表），因此作者可以准确识别被评论的具体部分。同时，文本也明确指出了需要改进的内容（需要滤波器的可视化）。根据评分标准，该评论应得5分。A和B的推理理由基于“未提及具体部分”的错误前提，因此不支持其预测的3分。
    裁判 deepseek-v4-flash：正在发送第一轮请求……
    裁判 deepseek-v4-flash 失败：Judge deepseek-v4-flash failed for audit_0006/round1: initial parse failed: reasoning_content: Response does not contain a JSON object; repair parse failed: reasoning_content: Response does not contain a JSON object
    因主裁判失败，调用第三裁判 MiniMax-M3。
    裁判 MiniMax-M3：正在发送第一轮请求……
      第一轮已返回（MiniMax-M3，耗时 4.8 秒）：整体偏好=A 更好 | A={"评分标准理解正确性": 3, "证据依据性": 3, "关键决策信息覆盖度": 3, "无依据陈述控制": 3} | B={"评分标准理解正确性": 2, "证据依据性": 2, "关键决策信息覆盖度": 2, "无依据陈述控制": 3}
      第一轮判断依据：A正确识别出待评文本未明确指出具体章节、表格或图号，因此只能判定为弱定位；同时准确提取了“高斯核动机不足”“缺少低、中、高层滤波器及其训练演化可视化”等具体改进要求，并对应评分标准中的第3档。B对相关证据和缺失内容有所覆盖，但只笼统归为“weakly grounded”，未明确指出其同时满足“定位不清但问题要求具体”这一关键评分条件，因此A更好。
    裁判 MiniMax-M3：正在发送第二轮请求……
      第二轮已返回（MiniMax-M3，耗时 3.4 秒）：A=支持 | B=支持
      第二轮判断依据：A的推理理由指出评论未明确提及具体部分，但清楚指出了需要改进的内容（动机不足、缺少滤波器可视化），符合评分标准中第3档（无法确定具体部分，但明确指出了需要解决的问题）。B的推理理由同样认为评论缺少对特定部分的明确引用，但指出了评论的改进建议，两者在核心判断上一致，均给出了3分预测，与评分标准对应关系相符。
    已解盲：A=CC | B=LC | gold=3 | LC 预测=3 | CC 预测=3
    最终汇总：整体偏好=CC 更好 | LC 分数支持度=部分支持 | CC 分数支持度=部分支持
      LC 各维度：{"评分标准理解正确性": 2, "证据依据性": 2.5, "关键决策信息覆盖度": 2, "无依据陈述控制": 3}
      CC 各维度：{"评分标准理解正确性": 3, "证据依据性": 3, "关键决策信息覆盖度": 3, "无依据陈述控制": 3}
[7/50] 正在评测 grounding_specificity_test_0464 （LC、CC 均正确）
    裁判 glm-5.2：正在发送第一轮请求……
      第一轮已返回（glm-5.2，耗时 36.7 秒）：整体偏好=基本相同 | A={"评分标准理解正确性": 3, "证据依据性": 3, "关键决策信息覆盖度": 3, "无依据陈述控制": 3} | B={"评分标准理解正确性": 3, "证据依据性": 3, "关键决策信息覆盖度": 3, "无依据陈述控制": 3}
      第一轮判断依据：A和B都准确理解了评分标准，正确识别出待评文本既明确指出了论文的具体部分（人脸数据集上规范样本的构建及引用的偏航位移描述），又清楚指出了该部分存在的问题（构建方式不清晰、依赖先验、非纯无监督，并询问其他方法的情况）。两者都基于文本证据得出了符合5分的结论，且无无依据陈述，关键信息覆盖全面。A的表述稍显详细，但B同样准确无误，因此整体表现基本相同。
    裁判 glm-5.2：正在发送第二轮请求……
      第二轮已返回（glm-5.2，耗时 32.7 秒）：A=支持 | B=支持
      第二轮判断依据：待评文本明确指出了论文中的具体部分（即在人脸数据集上构建规范样本的方法“least yaw displacement from a frontal pose”），并且具体说明了存在的问题（该方法不清晰、似乎依赖先验知识、非纯无监督学习，并质疑其他方法是否也需要此类样本）。这完全符合评分标准中5分的定义：明确提及了论文的对应部分，且具体说明了需要解决的问题。推理理由A和B均准确分析了文本的这两个方面，并正确得出了5分的结论，因此均完全支持其预测分数。
    裁判 deepseek-v4-flash：正在发送第一轮请求……
    裁判 deepseek-v4-flash 失败：Judge deepseek-v4-flash failed for audit_0007/round1: initial parse failed: reasoning_content: Response does not contain a JSON object; repair parse failed: reasoning_content: Response does not contain a JSON object
    因主裁判失败，调用第三裁判 MiniMax-M3。
    裁判 MiniMax-M3：正在发送第一轮请求……
      第一轮已返回（MiniMax-M3，耗时 3.9 秒）：整体偏好=基本相同 | A={"评分标准理解正确性": 3, "证据依据性": 3, "关键决策信息覆盖度": 3, "无依据陈述控制": 3} | B={"评分标准理解正确性": 3, "证据依据性": 3, "关键决策信息覆盖度": 3, "无依据陈述控制": 3}
      第一轮判断依据：A和B都正确理解了评分标准，均能对待评价文本中关于'canonical samples的构造方法'和'least yaw displacement from a frontal pose'进行准确引用，指出了评论针对的具体部分（人脸数据集上的规范样本构造），并且明确指出了问题所在（构造方法不清楚、依赖先验、是否其他方法也需要规范样本）。两者在评分标准理解、证据依据、关键决策信息覆盖和无依据陈述控制方面表现基本一致，均给出了5分的合理判断。
    裁判 MiniMax-M3：正在发送第二轮请求……
      第二轮已返回（MiniMax-M3，耗时 5.2 秒）：A=支持 | B=支持
      第二轮判断依据：A和B的推理理由都指出评论明确提及了论文的具体部分（人脸数据集上规范样本的构建方式），并具体说明了该部分存在的问题（构建方法不清晰，似乎依赖于先验知识而非纯无监督学习），同时还提出了关于其他方法是否需要规范示例的问题。两者都认为评论明确指向了论文的特定部分，并清楚指出了需要解决的问题，符合评分标准中5分的要求。两者推理逻辑一致，均支持其预测分数5。
    已解盲：A=CC | B=LC | gold=5 | LC 预测=5 | CC 预测=5
    最终汇总：整体偏好=基本相同 | LC 分数支持度=支持 | CC 分数支持度=支持
      LC 各维度：{"评分标准理解正确性": 3, "证据依据性": 3, "关键决策信息覆盖度": 3, "无依据陈述控制": 3}
      CC 各维度：{"评分标准理解正确性": 3, "证据依据性": 3, "关键决策信息覆盖度": 3, "无依据陈述控制": 3}
[8/50] 正在评测 grounding_specificity_test_0770 （LC、CC 均正确）
    裁判 glm-5.2：正在发送第一轮请求……
      第一轮已返回（glm-5.2，耗时 26.2 秒）：整体偏好=基本相同 | A={"评分标准理解正确性": 3, "证据依据性": 3, "关键决策信息覆盖度": 3, "无依据陈述控制": 3} | B={"评分标准理解正确性": 3, "证据依据性": 3, "关键决策信息覆盖度": 3, "无依据陈述控制": 3}
      第一轮判断依据：A和B都准确理解了评分标准，正确识别出待评价文本明确指出了论文的具体部分（content glyph attention和style glyph attention）以及需要解决的问题（可视化attention map），并据此给出了正确的5分评价。两者都提供了充分的文本证据支持，且没有无依据的陈述。因此两者表现基本相同。
    裁判 glm-5.2：正在发送第二轮请求……
      第二轮已返回（glm-5.2，耗时 26.5 秒）：A=支持 | B=支持
      第二轮判断依据：使用中文简要说明一致性判断依据
    裁判 deepseek-v4-flash：正在发送第一轮请求……
      deepseek-v4-flash 第一轮返回已执行 JSON 格式修复。
      第一轮已返回（deepseek-v4-flash，耗时 13.0 秒）：整体偏好=基本相同 | A={"评分标准理解正确性": 3, "证据依据性": 3, "关键决策信息覆盖度": 3, "无依据陈述控制": 3} | B={"评分标准理解正确性": 3, "证据依据性": 3, "关键决策信息覆盖度": 3, "无依据陈述控制": 3}
      第一轮判断依据：A和B在四个维度上均表现一致，都正确理解评分标准并给出5分，且都基于待评价文本中的具体内容，覆盖关键信息，且无多余陈述。
    裁判 deepseek-v4-flash：正在发送第二轮请求……
      第二轮已返回（deepseek-v4-flash，耗时 3.5 秒）：A=支持 | B=支持
      第二轮判断依据：评分标准中5分要求评论明确指出论文的具体部分并说明需要解决的具体问题。A和B的推理均正确识别了评论明确提到了'content glyph attention'和'style glyph attention'，并准确指出了需要补充注意力图的可视化，符合5分的所有要素，因此推理理由支持预测分数。
    两个主裁判意见一致，无需调用第三裁判。
    已解盲：A=LC | B=CC | gold=5 | LC 预测=5 | CC 预测=5
    最终汇总：整体偏好=基本相同 | LC 分数支持度=支持 | CC 分数支持度=支持
      LC 各维度：{"评分标准理解正确性": 3, "证据依据性": 3, "关键决策信息覆盖度": 3, "无依据陈述控制": 3}
      CC 各维度：{"评分标准理解正确性": 3, "证据依据性": 3, "关键决策信息覆盖度": 3, "无依据陈述控制": 3}
[9/50] 正在评测 grounding_specificity_test_0851 （仅 CC 正确）
    裁判 glm-5.2：正在发送第一轮请求……
      第一轮已返回（glm-5.2，耗时 76.3 秒）：整体偏好=A 更好 | A={"评分标准理解正确性": 1, "证据依据性": 2, "关键决策信息覆盖度": 2, "无依据陈述控制": 1} | B={"评分标准理解正确性": 1, "证据依据性": 1, "关键决策信息覆盖度": 1, "无依据陈述控制": 1}
      第一轮判断依据：两者均未给出正确分数（应为5分），且都存在严重的无依据陈述。A在前半部分正确识别了文本中的“method”和具体问题，但后半部分逻辑自相矛盾，错误地认为没有说明需要解决的问题；B则完全忽略了文本中明确的“method”一词，错误地认为无法确定所指部分。相比之下，A至少引用了更多文本证据，在证据依据性和关键信息覆盖度上略优于B。
    裁判 glm-5.2：正在发送第二轮请求……
      第二轮已返回（glm-5.2，耗时 93.9 秒）：A=不支持 | B=部分支持
      第二轮判断依据：A的推理存在自相矛盾，前文承认评论“clearly identifies the issue”，后文却得出“does not specify what needs to be addressed”的结论，且4分标准要求不指出具体问题，因此推理不支持4分。B的推理逻辑符合3分标准（无法确定具体部分但指出了问题），但其对文本的事实认定有误，忽略了文本中明确提到的“The method”，导致错误地认为无法确定所指部分，因此为部分支持。
    裁判 deepseek-v4-flash：正在发送第一轮请求……
    裁判 deepseek-v4-flash 失败：Judge deepseek-v4-flash failed for audit_0009/round1: initial parse failed: reasoning_content: Response does not contain a JSON object; repair parse failed: reasoning_content: Expecting ',' delimiter: line 13 column 4 (char 174)
    因主裁判失败，调用第三裁判 MiniMax-M3。
    裁判 MiniMax-M3：正在发送第一轮请求……
      第一轮已返回（MiniMax-M3，耗时 6.1 秒）：整体偏好=B 更好 | A={"评分标准理解正确性": 2, "证据依据性": 2, "关键决策信息覆盖度": 2, "无依据陈述控制": 3} | B={"评分标准理解正确性": 2, "证据依据性": 2, "关键决策信息覆盖度": 2, "无依据陈述控制": 3}
      第一轮判断依据：待评文本以'3.'开头，这是一个评论编号而非论文中的具体章节、表格或图。但评论内容指出了方法部分的问题（momentum encoder、queue等需要额外资源），B正确识别了'3.'是评论编号而非论文内部引用，因此判断作者无法确定具体针对论文的哪个部分，但评论本身清楚说明了问题所在，应得3分。A则将其归类为'显式提到了论文的哪一部分'（即'方法'），给予4分，这一判断有误，因为'方法'只是泛指而非显式提及具体章节、表格或图。从评分标准看，B对评分标准的理解更准确，因为'3.'明显是评论列表编号而非论文内部定位。但B将评论归为'弱定位但具体明确'得3分也是合理的。A虽然也指出问题明确，但将定位判断为'显式提及'不够准确。综合来看，B更好。
    裁判 MiniMax-M3：正在发送第二轮请求……
      第二轮已返回（MiniMax-M3，耗时 3.2 秒）：A=部分支持 | B=部分支持
      第二轮判断依据：A的推理认为评论提到了'method'部分，但没有明确指出具体小节、表格或图，且明确指出了存在的问题（需要额外的momentum encoder和queue），这更符合分数5的特征（既明确提到部分又具体说明问题），而非纯4（仅提及部分但未说明问题）。因此A的推理与其预测分数4之间存在不完全一致。B的推理认为'3.'只是评论编号而非论文部分引用，作者无法确定具体部分，但评论清楚说明了问题所在，这符合分数3的定义。然而B的推理中提到'weakly grounded'与评分标准3的描述（无法确定但清楚说明问题）基本对应，因此B的推理与预测分数3之间有一定支持但不完全充分。两者均属于部分支持。
    已解盲：A=LC | B=CC | gold=3 | LC 预测=4 | CC 预测=3
    最终汇总：整体偏好=未形成多数意见 | LC 分数支持度=不支持 | CC 分数支持度=部分支持
      LC 各维度：{"评分标准理解正确性": 1.5, "证据依据性": 2, "关键决策信息覆盖度": 2, "无依据陈述控制": 2}
      CC 各维度：{"评分标准理解正确性": 1.5, "证据依据性": 1.5, "关键决策信息覆盖度": 1.5, "无依据陈述控制": 2}
[10/50] 正在评测 grounding_specificity_test_0496 （仅 CC 正确）
    裁判 glm-5.2：正在发送第一轮请求……
      第一轮已返回（glm-5.2，耗时 42.8 秒）：整体偏好=B 更好 | A={"评分标准理解正确性": 2, "证据依据性": 3, "关键决策信息覆盖度": 2, "无依据陈述控制": 3} | B={"评分标准理解正确性": 3, "证据依据性": 3, "关键决策信息覆盖度": 3, "无依据陈述控制": 3}
      第一轮判断依据：B准确理解并应用了评分标准中3分的定义，正确指出评论虽未明确具体部分但清楚说明了需要解决的问题，并准确识别出“4.”是评论编号而非论文部分。A虽然提取了文本特征，但未能准确将其映射到评分标准上，忽略了“清楚说明问题”这一提升分数的关键点，导致对评分标准的理解不够准确。
    裁判 glm-5.2：正在发送第二轮请求……
      第二轮已返回（glm-5.2，耗时 47.3 秒）：A=不支持 | B=支持
      第二轮判断依据：待评价文本指出了论文缺乏对失败案例的讨论，但没有指明具体哪个部分。根据评分标准，这符合3分（无法确定具体部分，但明确指出了需要解决的问题）。推理理由A虽然承认了指出了问题，但最终给出了2分，而2分要求“未指明需要解决的问题”，因此A的推理与2分矛盾，不支持。推理理由B准确分析了文本无法确定具体部分但明确指出了缺失内容，符合3分标准，完全支持。
    裁判 deepseek-v4-flash：正在发送第一轮请求……
    裁判 deepseek-v4-flash 失败：Judge deepseek-v4-flash failed for audit_0010/round1: initial parse failed: reasoning_content: Response does not contain a JSON object; repair parse failed: reasoning_content: Response does not contain a JSON object
    因主裁判失败，调用第三裁判 MiniMax-M3。
    裁判 MiniMax-M3：正在发送第一轮请求……
      第一轮已返回（MiniMax-M3，耗时 3.7 秒）：整体偏好=B 更好 | A={"评分标准理解正确性": 2, "证据依据性": 2, "关键决策信息覆盖度": 2, "无依据陈述控制": 3} | B={"评分标准理解正确性": 3, "证据依据性": 3, "关键决策信息覆盖度": 3, "无依据陈述控制": 3}
      第一轮判断依据：B正确理解了评分标准中关于'无法确定具体部分但清楚指出需改进内容'对应分数3的判定逻辑，指出待评价文本中'4.'是评论编号而非论文章节，并明确指出评论所要求的改进内容（缺乏失败案例讨论）。A虽然也注意到评论未明确指向特定部分，但其结论'因此评论完全没有依据'过于绝对，没有充分认识到评论内容本身是明确的，且没有匹配到正确的分数档位（应至少给3分而非暗示1分）。B在评分标准理解、证据引用和关键信息覆盖方面均优于A。
    裁判 MiniMax-M3：正在发送第二轮请求……
      第二轮已返回（MiniMax-M3，耗时 4.8 秒）：A=部分支持 | B=部分支持
      第二轮判断依据：A的推理指出评论未明确提及具体部分，但确实指出了'缺少失败案例讨论'这一具体问题，因此评2分有一定依据但忽略了问题本身的具体性，推理与分数之间部分匹配。B的推理正确指出'4.'是评论编号而非论文章节引用，作者无法确定具体位置，但评论清楚指出了缺失内容（失败案例讨论），评3分合理，推理与分数基本一致。两者均部分支持各自的预测。
    已解盲：A=LC | B=CC | gold=3 | LC 预测=2 | CC 预测=3
    最终汇总：整体偏好=CC 更好 | LC 分数支持度=不支持 | CC 分数支持度=部分支持
      LC 各维度：{"评分标准理解正确性": 2, "证据依据性": 2.5, "关键决策信息覆盖度": 2, "无依据陈述控制": 3}
      CC 各维度：{"评分标准理解正确性": 3, "证据依据性": 3, "关键决策信息覆盖度": 3, "无依据陈述控制": 3}
[11/50] 正在评测 grounding_specificity_test_0030 （仅 CC 正确）
    裁判 glm-5.2：正在发送第一轮请求……
      第一轮已返回（glm-5.2，耗时 30.5 秒）：整体偏好=A 更好 | A={"评分标准理解正确性": 3, "证据依据性": 3, "关键决策信息覆盖度": 3, "无依据陈述控制": 3} | B={"评分标准理解正确性": 1, "证据依据性": 1, "关键决策信息覆盖度": 1, "无依据陈述控制": 1}
      第一轮判断依据：待评价文本虽然未明确指出具体章节或图表，但清楚说明了需要改进的内容（理论结果的含义、实际应用及见解），符合评分标准中的3分。推理理由A准确捕捉到了这两点，正确应用了评分标准。而推理理由B错误地认为该评论没有具体说明需要解决的问题，与文本事实不符，导致评分标准理解和证据依据性均存在严重偏差。
    裁判 glm-5.2：正在发送第二轮请求……
      第二轮已返回（glm-5.2，耗时 46.8 秒）：A=支持 | B=不支持
      第二轮判断依据：A的推理准确识别了评论文本未明确指出具体章节但清晰指出了需要改进的内容，符合评分标准中3分的描述；B的推理声称评论文本未具体说明需要解决的问题，这与文本中明确要求解释理论如何应用于实际问题等内容相矛盾，因此B的推理不支持其预测分数。
    裁判 deepseek-v4-flash：正在发送第一轮请求……
      deepseek-v4-flash 第一轮返回已执行 JSON 格式修复。
      第一轮已返回（deepseek-v4-flash，耗时 16.0 秒）：整体偏好=A 更好 | A={"评分标准理解正确性": 3, "证据依据性": 3, "关键决策信息覆盖度": 3, "无依据陈述控制": 3} | B={"评分标准理解正确性": 1, "证据依据性": 1, "关键决策信息覆盖度": 1, "无依据陈述控制": 1}
      第一轮判断依据：A正确理解了评分标准，指出评论中的“2.”可能产生歧义，导致作者无法确定具体部分，但评论明确提出了需要改进的内容，符合3分标准，并引用了文本中的具体表述作为依据。B错误地认为评论完全不接地且不具体，忽略了“2.”可能指向部分以及评论明确要求举例说明理论结果
    裁判 deepseek-v4-flash：正在发送第二轮请求……
      第二轮已返回（deepseek-v4-flash，耗时 6.8 秒）：A=支持 | B=不支持
      第二轮判断依据：A的推理理由正确指出评论无法确定具体部分但明确说明了需改进的内容，与评分标准中3分的描述一致，因此支持其预测分数。B的推理理由认为评论既未识别具体部分又不具体，但评论实际上明确提出了需要澄清理论含义、应用和洞见等内容，属于具体说明，因此B的理由不能支持其预测的1分。
    两个主裁判意见一致，无需调用第三裁判。
    已解盲：A=CC | B=LC | gold=3 | LC 预测=1 | CC 预测=3
    最终汇总：整体偏好=CC 更好 | LC 分数支持度=不支持 | CC 分数支持度=支持
      LC 各维度：{"评分标准理解正确性": 1, "证据依据性": 1, "关键决策信息覆盖度": 1, "无依据陈述控制": 1}
      CC 各维度：{"评分标准理解正确性": 3, "证据依据性": 3, "关键决策信息覆盖度": 3, "无依据陈述控制": 3}
[12/50] 正在评测 grounding_specificity_test_0589 （LC、CC 均正确）
    裁判 glm-5.2：正在发送第一轮请求……
      第一轮已返回（glm-5.2，耗时 28.3 秒）：整体偏好=基本相同 | A={"评分标准理解正确性": 3, "证据依据性": 3, "关键决策信息覆盖度": 3, "无依据陈述控制": 3} | B={"评分标准理解正确性": 3, "证据依据性": 3, "关键决策信息覆盖度": 3, "无依据陈述控制": 3}
      第一轮判断依据：A和B都准确理解了评分标准，正确指出该评论明确提及了“Figure 4B”（满足grounded要求），并详细说明了两个具体问题（满足specificity要求），从而得出5分的结论。两者都提供了充分的证据支持，覆盖了决定分数的关键信息，且没有无依据陈述。两者质量极高且内容基本一致。
    裁判 glm-5.2：正在发送第二轮请求……
      第二轮已返回（glm-5.2，耗时 24.2 秒）：A=支持 | B=支持
      第二轮判断依据：待评价文本明确指出了“Figure 4B”，并详细说明了两个具体问题（缺少相关系数、文本与图内容不一致缺少PFC），完全符合5分标准（明确指出针对的论文部分并说明了需要解决的问题）。推理理由A和B均准确分析了文本的这些特征，因此都支持其预测分数5。
    裁判 deepseek-v4-flash：正在发送第一轮请求……
    裁判 deepseek-v4-flash 失败：Judge deepseek-v4-flash failed for audit_0012/round1: initial parse failed: content: Expecting ',' delimiter: line 3 column 66 (char 134); reasoning_content: Response does not contain a JSON object; repair parse failed: reasoning_content: Invalid control character at: line 4 column 4 (char 139)
    因主裁判失败，调用第三裁判 MiniMax-M3。
    裁判 MiniMax-M3：正在发送第一轮请求……
      第一轮已返回（MiniMax-M3，耗时 3.0 秒）：整体偏好=基本相同 | A={"评分标准理解正确性": 3, "证据依据性": 3, "关键决策信息覆盖度": 3, "无依据陈述控制": 3} | B={"评分标准理解正确性": 3, "证据依据性": 3, "关键决策信息覆盖度": 3, "无依据陈述控制": 3}
      第一轮判断依据：A和B都正确理解了评分标准，识别出待评价文本明确指向Figure 4B并具体指出了两个问题（缺少相关系数、文字描述与图示内容不一致），因此都给出了合理的评分判断。两者在四个维度上表现基本一致，没有明显差异。
    裁判 MiniMax-M3：正在发送第二轮请求……
      第二轮已返回（MiniMax-M3，耗时 5.0 秒）：A=支持 | B=支持
      第二轮判断依据：A和B的推理理由都指出评论明确提到了'Figure 4B'，属于精确定位了具体图表部分，且提出了两个具体问题（缺少相关系数、HC与PFC描述与图不一致），明确了需要改进的内容，符合评分标准中5分的要求，因此都支持其预测分数。
    已解盲：A=CC | B=LC | gold=5 | LC 预测=5 | CC 预测=5
    最终汇总：整体偏好=基本相同 | LC 分数支持度=支持 | CC 分数支持度=支持
      LC 各维度：{"评分标准理解正确性": 3, "证据依据性": 3, "关键决策信息覆盖度": 3, "无依据陈述控制": 3}
      CC 各维度：{"评分标准理解正确性": 3, "证据依据性": 3, "关键决策信息覆盖度": 3, "无依据陈述控制": 3}
[13/50] 正在评测 grounding_specificity_test_0708 （LC、CC 均错误）
    裁判 glm-5.2：正在发送第一轮请求……
      第一轮已返回（glm-5.2，耗时 33.5 秒）：整体偏好=B 更好 | A={"评分标准理解正确性": 1, "证据依据性": 2, "关键决策信息覆盖度": 1, "无依据陈述控制": 3} | B={"评分标准理解正确性": 3, "证据依据性": 3, "关键决策信息覆盖度": 3, "无依据陈述控制": 3}
      第一轮判断依据：B准确理解并应用了评分标准中3分的定义，指出虽然评论未明确指出论文具体部分，但明确说明了需要解决的问题（研究基线模型在配备FRN归一化时的性能）。A未能正确理解3分标准，忽略了评论中明确指出的待解决问题，错误地认为其不满足grounded comment的标准。因此B在评分标准理解和关键决策信息覆盖度上显著优于A。
    裁判 glm-5.2：正在发送第二轮请求……
      第二轮已返回（glm-5.2，耗时 51.1 秒）：A=不支持 | B=支持
      第二轮判断依据：待评价文本虽然没有明确指出论文的具体部分（如表格或章节），但明确指出了需要解决的问题（即探究基线模型在配备FRN归一化后的性能）。根据评分标准，这符合分数3（无法确定具体部分，但明确指出了需要解决的问题）。推理理由B准确识别了这两点，并给出了正确的分数3。推理理由A错误地认为该评论是一个一般性询问而缺乏具体性，忽略了其明确指出了需要解决的问题这一事实，因此其推理不支持分数2。
    裁判 deepseek-v4-flash：正在发送第一轮请求……
    裁判 deepseek-v4-flash 失败：Judge deepseek-v4-flash failed for audit_0013/round1: initial parse failed: reasoning_content: Response does not contain a JSON object; repair parse failed: content: A.rubric_correctness must be 1, 2, or 3; reasoning_content: A.rubric_correctness must be 1, 2, or 3
    因主裁判失败，调用第三裁判 MiniMax-M3。
    裁判 MiniMax-M3：正在发送第一轮请求……
      第一轮已返回（MiniMax-M3，耗时 4.2 秒）：整体偏好=B 更好 | A={"评分标准理解正确性": 2, "证据依据性": 2, "关键决策信息覆盖度": 2, "无依据陈述控制": 2} | B={"评分标准理解正确性": 3, "证据依据性": 3, "关键决策信息覆盖度": 3, "无依据陈述控制": 3}
      第一轮判断依据：A将待评文本归类为'完全没有具体引用论文部分'，倾向于给出低分理由，但未能充分识别该评论提到了具体的基线方法（HardNet和SOSNet）和FRN归一化，这些是论文中的特定技术内容，作者可以合理推断其指向实验对比部分。B则正确认识到评论虽未明确指明章节或图表，但提到了论文中具体的方法名称，且明确指出了需要补充的实验内容（测试基线在FRN归一化下的效果），符合评分标准中'作者可以猜测但无法精确定位'且'评论明确指出需要解决什么'的情况，对应3分水平。B对评分标准的理解和应用更为准确。
    裁判 MiniMax-M3：正在发送第二轮请求……
      第二轮已返回（MiniMax-M3，耗时 4.8 秒）：A=部分支持 | B=支持
      第二轮判断依据：A的推理指出评论未指定具体部分，属于一般性问题，这一判断合理。但A将评论描述为'不是具体批评'，且给出的分数2认为'无法确定评论针对哪个部分且未说明需要解决什么'，而该评论其实明确指出了需要解决的内容（基线方法在FRN归一化下的表现），因此A的推理与其分数2之间存在矛盾，推理部分支持其预测。B的推理准确指出评论未明确提及具体章节/表格/图，但明确指出了需要解决的内容（特定基线方法在FRN归一化下的性能），符合评分标准中分数3的定义，推理支持其预测分数。
    已解盲：A=LC | B=CC | gold=1 | LC 预测=2 | CC 预测=3
    最终汇总：整体偏好=CC 更好 | LC 分数支持度=不支持 | CC 分数支持度=支持
      LC 各维度：{"评分标准理解正确性": 1.5, "证据依据性": 2, "关键决策信息覆盖度": 1.5, "无依据陈述控制": 2.5}
      CC 各维度：{"评分标准理解正确性": 3, "证据依据性": 3, "关键决策信息覆盖度": 3, "无依据陈述控制": 3}
[14/50] 正在评测 grounding_specificity_test_0180 （仅 CC 正确）
    裁判 glm-5.2：正在发送第一轮请求……
      第一轮已返回（glm-5.2，耗时 41.7 秒）：整体偏好=A 更好 | A={"评分标准理解正确性": 3, "证据依据性": 3, "关键决策信息覆盖度": 3, "无依据陈述控制": 3} | B={"评分标准理解正确性": 1, "证据依据性": 2, "关键决策信息覆盖度": 1, "无依据陈述控制": 2}
      第一轮判断依据：A正确理解了评分标准，指出待评文本明确提及了论文的特定部分（methodology和experiments）并具体说明了问题所在，符合5分标准。B对评分标准的理解存在偏差，错误地认为必须明确提及具体的section、table或figure才算明确指出部分，忽略了“methodology”和“experiments”对作者而言已经是显而易见的特定部分，从而得出了错误的3分结论。
    裁判 glm-5.2：正在发送第二轮请求……
      第二轮已返回（glm-5.2，耗时 31.2 秒）：A=支持 | B=不支持
      第二轮判断依据：待评价文本明确提到了“methodology”和“experiments”这两个论文的具体部分，并且指出了具体问题（仅在中文语料上实验，无法保证跨语言功能）。这符合评分标准中5分的要求（明确指出论文部分并具体说明问题）。推理理由A准确识别了这些要素，支持其5分的预测。推理理由B错误地认为该评论没有明确提及具体部分，导致得出了3分的结论，因此不支持其预测分数。
    裁判 deepseek-v4-flash：正在发送第一轮请求……
    裁判 deepseek-v4-flash 失败：Judge deepseek-v4-flash failed for audit_0014/round1: initial parse failed: reasoning_content: Response does not contain a JSON object; repair parse failed: reasoning_content: Response does not contain a JSON object
    因主裁判失败，调用第三裁判 MiniMax-M3。
    裁判 MiniMax-M3：正在发送第一轮请求……
      第一轮已返回（MiniMax-M3，耗时 3.6 秒）：整体偏好=B 更好 | A={"评分标准理解正确性": 2, "证据依据性": 2, "关键决策信息覆盖度": 2, "无依据陈述控制": 2} | B={"评分标准理解正确性": 3, "证据依据性": 3, "关键决策信息覆盖度": 3, "无依据陈述控制": 3}
      第一轮判断依据：待评价文本提到'methodology proposed in this paper'和'experiments are conducted only on Chinese corpora'，并未显式指明具体章节或图表，作者无法自信确定具体对应位置，因此属于弱锚定（weak grounded）。A推理理由中将其判定为'identifies the part of the paper (methodology)'并给出5分，但这仅是评论者的推测，并非论文中明确标注的章节，不符合评分标准中'authors can accurately pinpoint'的要求。B推理理由正确指出评论未明确提及具体部分，但具体说明了问题所在（仅用中文语料验证，未跨语言验证），符合评分标准中第3档的定义。A存在过度推断（无依据陈述），将模糊引用夸大为精确锚定。B对评分标准的理解和应用更为准确，证据依据和关键信息覆盖也更到位。
    裁判 MiniMax-M3：正在发送第二轮请求……
      第二轮已返回（MiniMax-M3，耗时 3.9 秒）：A=部分支持 | B=支持
      第二轮判断依据：待评文本提到'methodology'和'experiments'，但未明确指向具体章节、小节或图表，仅笼统提及论文的方法部分和实验部分，属于弱定位。不过文本确实指出了具体问题（仅用中文语料验证语言无关性）。A认为其明确锁定方法部分并具体指出问题，给出5分，定位程度被高估，所以是部分支持。B认为定位不明确但问题描述清楚，给出3分，符合评分标准中'无法确定具体位置但清楚说明问题'的描述，支持其预测。
    已解盲：A=LC | B=CC | gold=3 | LC 预测=5 | CC 预测=3
    最终汇总：整体偏好=未形成多数意见 | LC 分数支持度=部分支持 | CC 分数支持度=部分支持
      LC 各维度：{"评分标准理解正确性": 2.5, "证据依据性": 2.5, "关键决策信息覆盖度": 2.5, "无依据陈述控制": 2.5}
      CC 各维度：{"评分标准理解正确性": 2, "证据依据性": 2.5, "关键决策信息覆盖度": 2, "无依据陈述控制": 2.5}
[15/50] 正在评测 grounding_specificity_test_0443 （LC、CC 均正确）
    裁判 glm-5.2：正在发送第一轮请求……
      第一轮已返回（glm-5.2，耗时 37.7 秒）：整体偏好=B 更好 | A={"评分标准理解正确性": 3, "证据依据性": 2, "关键决策信息覆盖度": 2, "无依据陈述控制": 3} | B={"评分标准理解正确性": 3, "证据依据性": 3, "关键决策信息覆盖度": 3, "无依据陈述控制": 3}
      第一轮判断依据：B直接引用了待评价文本中的四个要点，并逐一分析了它们为何缺乏具体性和根据，证据更充分，关键决策信息覆盖更全面。A虽然结论正确，但分析较为简略，未直接引用文本细节。
    裁判 glm-5.2：正在发送第二轮请求……
      第二轮已返回（glm-5.2，耗时 24.2 秒）：A=支持 | B=支持
      第二轮判断依据：A和B的推理理由均准确指出了待评价文本没有定位到论文的具体部分，且内容高度不具体，这完全符合评分标准中1分（The comment is not grounded at all... highly unspecific）的描述。因此，两者的推理理由均支持其预测分数。
    裁判 deepseek-v4-flash：正在发送第一轮请求……
      第一轮已返回（deepseek-v4-flash，耗时 3.0 秒）：整体偏好=B 更好 | A={"评分标准理解正确性": 2, "证据依据性": 2, "关键决策信息覆盖度": 2, "无依据陈述控制": 3} | B={"评分标准理解正确性": 3, "证据依据性": 3, "关键决策信息覆盖度": 3, "无依据陈述控制": 3}
      第一轮判断依据：A虽然指出评论未针对具体部分且高度不具体，但对评分标准的理解不够精细，未充分结合评分标准中的维度进行逐条分析；B更全面、准确地应用了评分标准，明确指出评论缺乏具体指向和细节，并给出例子，证据依据性和覆盖度均优于A。两者均无无依据陈述，但B在整体上更符合评分标准的要求。
    裁判 deepseek-v4-flash：正在发送第二轮请求……
      第二轮已返回（deepseek-v4-flash，耗时 3.0 秒）：A=支持 | B=支持
      第二轮判断依据：两者推理均准确指出评论未明确指向论文具体部分，且缺乏细节，完全符合评分标准中1分的描述（不具根据且高度不具体），因此推理理由支持各自预测分数。
    两个主裁判意见一致，无需调用第三裁判。
    已解盲：A=LC | B=CC | gold=1 | LC 预测=1 | CC 预测=1
    最终汇总：整体偏好=CC 更好 | LC 分数支持度=支持 | CC 分数支持度=支持
      LC 各维度：{"评分标准理解正确性": 2.5, "证据依据性": 2, "关键决策信息覆盖度": 2, "无依据陈述控制": 3}
      CC 各维度：{"评分标准理解正确性": 3, "证据依据性": 3, "关键决策信息覆盖度": 3, "无依据陈述控制": 3}
[16/50] 正在评测 grounding_specificity_test_0468 （仅 LC 正确）
    裁判 glm-5.2：正在发送第一轮请求……
      第一轮已返回（glm-5.2，耗时 56.6 秒）：整体偏好=A 更好 | A={"评分标准理解正确性": 3, "证据依据性": 3, "关键决策信息覆盖度": 3, "无依据陈述控制": 3} | B={"评分标准理解正确性": 1, "证据依据性": 2, "关键决策信息覆盖度": 2, "无依据陈述控制": 2}
      第一轮判断依据：A正确理解了评分标准，将“context”概念视为论文的独特方面，并准确指出文本同时满足定位具体部分和说明需解决问题的要求，符合5分标准。B错误地认为“context”概念不属于论文的具体部分，且曲解了文本中提问的意图为“猜测”，导致对评分标准的理解和应用出现严重偏差。
    裁判 glm-5.2：正在发送第二轮请求……
      第二轮已返回（glm-5.2，耗时 42.3 秒）：A=支持 | B=不支持
      第二轮判断依据：评测文本明确指出了论文中“context”这一概念，属于评分标准中的“unique aspect”（独特方面）。同时，文本也明确指出了需要改进的地方（与额外的分布偏移基线方法进行比较）。因此，该评论既明确指出了论文的特定部分，又说明了需要解决的问题，符合5分的标准。推理理由A准确抓住了这两点，支持其5分的预测。推理理由B错误地认为“context”概念不属于特定部分，且认为作者无法确定评论针对的部分，这与事实和评分标准不符，因此不支持其3分的预测。
    裁判 deepseek-v4-flash：正在发送第一轮请求……
    裁判 deepseek-v4-flash 失败：Judge deepseek-v4-flash failed for audit_0016/round1: initial parse failed: reasoning_content: Response does not contain a JSON object; repair parse failed: content: Invalid preference: A优于B; reasoning_content: Response does not contain a JSON object
    因主裁判失败，调用第三裁判 MiniMax-M3。
    裁判 MiniMax-M3：正在发送第一轮请求……
      第一轮已返回（MiniMax-M3，耗时 6.9 秒）：整体偏好=B 更好 | A={"评分标准理解正确性": 3, "证据依据性": 3, "关键决策信息覆盖度": 2, "无依据陈述控制": 3} | B={"评分标准理解正确性": 3, "证据依据性": 3, "关键决策信息覆盖度": 3, "无依据陈述控制": 2}
      第一轮判断依据：A认为评论提到了'context'概念即属于明确指定了论文部分，直接给出5分。这一判断过于乐观，因为'context'是贯穿全文的核心概念，未指明具体章节、表格或图，不符合评分标准中'显式提及论文哪个部分'的要求。B更准确地指出评论未明确指向具体章节/表格/图，同时仍认可评论明确说明了需要改进的内容（与分布偏移相关的额外基线方法比较），但对照评分标准，该评论应得3分（能明确指出需改进的内容，但无法确认具体部分）。B的关键决策信息覆盖更完整，对'context'概念是否构成特定部分的争议有更细致分析。A存在过度推断的倾向，断言'作者可以轻松识别'但未提供充分依据，属于轻微无依据陈述。整体上B的分析更严谨、更贴近评分标准。
    裁判 MiniMax-M3：正在发送第二轮请求……
      第二轮已返回（MiniMax-M3，耗时 3.5 秒）：A=支持 | B=支持
      第二轮判断依据：待评价文本没有明确指出具体的章节、表格、图号或唯一标识，但提到了'context'这一特定概念，读者可以推测其涉及位置。A的推理认为该评价明确指出了论文中'context'概念并清楚说明了需要补充分布偏移相关基线方法的对比，给予5分，基本合理。B的推理认为虽然指出了问题但没有明确指出具体部分，属于无法确定具体位置但清晰说明了问题，给予3分，也基本合理。两个推理各自从不同维度评判，均与其预测分数一致。
    已解盲：A=CC | B=LC | gold=3 | LC 预测=3 | CC 预测=5
    最终汇总：整体偏好=未形成多数意见 | LC 分数支持度=部分支持 | CC 分数支持度=支持
      LC 各维度：{"评分标准理解正确性": 2, "证据依据性": 2.5, "关键决策信息覆盖度": 2.5, "无依据陈述控制": 2}
      CC 各维度：{"评分标准理解正确性": 3, "证据依据性": 3, "关键决策信息覆盖度": 2.5, "无依据陈述控制": 3}
[17/50] 正在评测 grounding_specificity_test_0212 （LC、CC 均正确）
    裁判 glm-5.2：正在发送第一轮请求……
      第一轮已返回（glm-5.2，耗时 35.1 秒）：整体偏好=B 更好 | A={"评分标准理解正确性": 3, "证据依据性": 3, "关键决策信息覆盖度": 2, "无依据陈述控制": 3} | B={"评分标准理解正确性": 3, "证据依据性": 3, "关键决策信息覆盖度": 3, "无依据陈述控制": 3}
      第一轮判断依据：A和B都正确理解了评分标准并准确得出了5分的结论。然而，在关键决策信息覆盖度上，B更全面地提取了待评价文本中指出的三个具体问题（环境简单、LLM必要性不明、提示简化问题），而A仅提及了环境简单和改进建议，遗漏了关于提示简化问题的部分。因此B在细节覆盖上更优。
    裁判 glm-5.2：正在发送第二轮请求……
      第二轮已返回（glm-5.2，耗时 22.6 秒）：A=支持 | B=支持
      第二轮判断依据：待评价文本明确指出了论文的实验验证部分及具体使用的环境，并详细说明了存在的问题（环境过于简单、LLM必要性不明确、提示词简化问题）及改进建议。这完全符合5分标准。推理理由A和B均准确分析了文本的定位和具体性，并正确推导出5分，因此均支持其预测分数。
    裁判 deepseek-v4-flash：正在发送第一轮请求……
      第一轮已返回（deepseek-v4-flash，耗时 5.9 秒）：整体偏好=基本相同 | A={"评分标准理解正确性": 3, "证据依据性": 3, "关键决策信息覆盖度": 3, "无依据陈述控制": 3} | B={"评分标准理解正确性": 3, "证据依据性": 3, "关键决策信息覆盖度": 3, "无依据陈述控制": 3}
      第一轮判断依据：A和B都准确理解了评分标准，正确判断为5分；均引用了待评价文本中关于实验验证部分和具体玩具环境的证据；覆盖了决定分数的关键信息，包括明确指出的部分、具体问题及改进建议；且没有无依据陈述。因此各维度表现相同。
    裁判 deepseek-v4-flash：正在发送第二轮请求……
      第二轮已返回（deepseek-v4-flash，耗时 5.8 秒）：A=支持 | B=支持
      第二轮判断依据：两个推理理由均明确指出该评论文本针对实验验证部分，并具体列举了所提到的环境及问题点，同时提出改进建议，完全符合5分标准中'明确指出部分'和'具体说明问题'的要求。因此，两者的推理理由均支持预测分数5分。
    因主裁判分歧，调用第三裁判 MiniMax-M3。
    裁判 MiniMax-M3：正在发送第一轮请求……
      第一轮已返回（MiniMax-M3，耗时 2.9 秒）：整体偏好=基本相同 | A={"评分标准理解正确性": 3, "证据依据性": 3, "关键决策信息覆盖度": 3, "无依据陈述控制": 3} | B={"评分标准理解正确性": 3, "证据依据性": 3, "关键决策信息覆盖度": 3, "无依据陈述控制": 3}
      第一轮判断依据：A和B都正确理解了评分标准，均指出待评价文本明确提及了实验验证部分及具体玩具领域（game of 24、ALFWorld、BlocksWorld、TicTacToe），并详细指出了问题（环境过于简单、提示词简化问题）以及改进建议（在Minecraft等更复杂任务上测试）。两者在评分标准理解、证据依据、关键信息覆盖和无依据陈述控制方面表现基本一致，最终都得出分数为5的合理结论。
    裁判 MiniMax-M3：正在发送第二轮请求……
      第二轮已返回（MiniMax-M3，耗时 3.9 秒）：A=支持 | B=支持
      第二轮判断依据：A和B的推理理由都明确指出评论针对的是'experimental validation'部分，并具体列举了game of 24、ALFWorld、BlocksWorld和TicTacToe等实验环境，同时指出了具体问题（环境过于简单、传统规划器可能即可解决、提示中包含大量示例简化了问题）以及改进建议（测试更复杂任务如Minecraft）。这些推理充分支持评分为5分（明确指出了论文的具体部分，且评论内容具体说明了需要改进的问题）。
    已解盲：A=LC | B=CC | gold=5 | LC 预测=5 | CC 预测=5
    最终汇总：整体偏好=基本相同 | LC 分数支持度=支持 | CC 分数支持度=支持
      LC 各维度：{"评分标准理解正确性": 3, "证据依据性": 3, "关键决策信息覆盖度": 2.6666666666666665, "无依据陈述控制": 3}
      CC 各维度：{"评分标准理解正确性": 3, "证据依据性": 3, "关键决策信息覆盖度": 3, "无依据陈述控制": 3}
[18/50] 正在评测 grounding_specificity_test_0063 （LC、CC 均正确）
    裁判 glm-5.2：正在发送第一轮请求……
    裁判 glm-5.2 失败：Judge glm-5.2 failed for audit_0018/round1: API request failed: The read operation timed out
    裁判 deepseek-v4-flash：正在发送第一轮请求……
    裁判 deepseek-v4-flash 失败：Judge deepseek-v4-flash failed for audit_0018/round1: initial parse failed: reasoning_content: Response does not contain a JSON object; repair parse failed: reasoning_content: Expecting property name enclosed in double quotes: line 1 column 3 (char 2)
    因主裁判失败，调用第三裁判 MiniMax-M3。
    裁判 MiniMax-M3：正在发送第一轮请求……
      第一轮已返回（MiniMax-M3，耗时 3.5 秒）：整体偏好=基本相同 | A={"评分标准理解正确性": 3, "证据依据性": 3, "关键决策信息覆盖度": 3, "无依据陈述控制": 3} | B={"评分标准理解正确性": 3, "证据依据性": 3, "关键决策信息覆盖度": 3, "无依据陈述控制": 3}
      第一轮判断依据：A和B都正确理解了评分标准，均认为待评价文本提到了具体的行号（line 16），属于明确指向论文特定部分，且评论具体指出了需要解决的问题（为什么在准确聚合之后仍需使用历史嵌入）以及引用了外部工作LLCG进行比较。两者的推理内容在实质上一致，只是在表述细节上略有差异，但在评分标准理解、证据依据、关键信息覆盖和无依据陈述控制四个维度上表现相当，因此整体偏好为'基本相同'。
    裁判 MiniMax-M3：正在发送第二轮请求……
      第二轮已返回（MiniMax-M3，耗时 3.1 秒）：A=支持 | B=支持
      第二轮判断依据：两条推理理由均指出评论明确提到了'line 16'这一具体位置，准确指出了论文中的特定部分；同时评论清楚地说明了需要解决的问题（为什么在精确聚合计算之后还需要使用历史嵌入），并引用了外部工作LLCG进行了具体比较。两条推理都认为评论既有明确的位置定位，又有具体的问题说明，符合评分标准中5分的要求。
    有效裁判不足两个，记录失败并继续下一样本。
[19/50] 正在评测 grounding_specificity_test_0602 （LC、CC 均错误）
    裁判 glm-5.2：正在发送第一轮请求……
      第一轮已返回（glm-5.2，耗时 31.6 秒）：整体偏好=A 更好 | A={"评分标准理解正确性": 3, "证据依据性": 3, "关键决策信息覆盖度": 3, "无依据陈述控制": 3} | B={"评分标准理解正确性": 2, "证据依据性": 2, "关键决策信息覆盖度": 1, "无依据陈述控制": 3}
      第一轮判断依据：A准确理解了评分标准，全面分析了待评价文本的两个方面（未指明具体部分但指明了缺失内容），从而正确得出分数为3。B只分析了未指明具体部分，忽略了文本已经指明了需要补充的内容（训练速度影响的细节），导致对评分标准的理解不完整，遗漏了决定分数为3而非2的关键决策信息。因此A明显优于B。
    裁判 glm-5.2：正在发送第二轮请求……
      第二轮已返回（glm-5.2，耗时 36.3 秒）：A=支持 | B=不支持
      第二轮判断依据：待评价文本指出论文缺少关于训练速度影响的详细讨论，虽然未明确指出具体章节（符合无法确定具体部分），但明确指出了需要补充的内容（符合明确说明需要解决的问题）。根据评分标准，这应得3分。推理理由A准确识别了这两点，支持其3分的预测。推理理由B只关注了未明确具体部分，忽略了文本已明确指出需要补充的内容，导致错误地预测为2分，因此不支持。
    裁判 deepseek-v4-flash：正在发送第一轮请求……
      第一轮已返回（deepseek-v4-flash，耗时 5.7 秒）：整体偏好=A 更好 | A={"评分标准理解正确性": 3, "证据依据性": 3, "关键决策信息覆盖度": 3, "无依据陈述控制": 3} | B={"评分标准理解正确性": 2, "证据依据性": 2, "关键决策信息覆盖度": 2, "无依据陈述控制": 2}
      第一轮判断依据：A正确理解了评分标准，明确指出评论未指明具体部分但清晰说明了缺失内容，从而对应评分标准中的第3级；同时覆盖了groundedness和specificity两个关键维度，且没有无依据陈述。B仅提及groundedness问题，忽略了specificity维度，未给出明确评分，对评分标准的理解不够全面，因此A更好。
    裁判 deepseek-v4-flash：正在发送第二轮请求……
      第二轮已返回（deepseek-v4-flash，耗时 2.7 秒）：A=支持 | B=部分支持
      第二轮判断依据：A的推理理由准确对应了评分标准中的第3档：指出评论未明确具体部分但明确说明了问题（训练速度影响缺乏更多细节），因此支持分数3。B认为评论过于模糊且未指明具体部分，但未充分讨论其是否明确说明了需要解决的问题，与评分标准中第2档和第3档的区分依据不完全吻合，因此部分支持分数2。
    因主裁判分歧，调用第三裁判 MiniMax-M3。
    裁判 MiniMax-M3：正在发送第一轮请求……
      第一轮已返回（MiniMax-M3，耗时 3.1 秒）：整体偏好=A 更好 | A={"评分标准理解正确性": 3, "证据依据性": 2, "关键决策信息覆盖度": 3, "无依据陈述控制": 3} | B={"评分标准理解正确性": 2, "证据依据性": 2, "关键决策信息覆盖度": 2, "无依据陈述控制": 3}
      第一轮判断依据：待评文本未明确指出具体章节、表格或图，因此作者无法确定评论指向的具体部分。但评论明确指出了缺少的内容（训练速度影响的更详细讨论）。A正确识别了这一矛盾——不能确定具体位置但内容明确，因此评分为3。B虽然正确指出评论含糊、未指明具体部分，但在分析时仅考虑了'不能确定部分'这一维度，忽略了评论在'需要解决什么'方面的明确性，评分标准理解不够全面。因此A在评分标准理解正确性和关键决策信息覆盖度上优于B。
    裁判 MiniMax-M3：正在发送第二轮请求……
      第二轮已返回（MiniMax-M3，耗时 3.4 秒）：A=部分支持 | B=部分支持
      第二轮判断依据：待评价文本没有明确指向论文的具体章节、表格或图，而是笼统地提到'论文没有详细讨论训练速度的影响'。A的推理指出评论无法确定具体部分但明确了缺失内容（训练速度影响细节），给3分；B的推理认为评论过于模糊且不清晰指明具体部分，给2分。A和B都合理识别了评论未明确指向具体部分的不足，但A认为'训练速度影响'这一主题词足够明确，B则更强调完全没有指向具体位置的严重性。两者对'明确性'的判断存在分歧。A和B的推理各自部分支持其预测分数，但都存在一定程度的解释空间。
    已解盲：A=CC | B=LC | gold=1 | LC 预测=2 | CC 预测=3
    最终汇总：整体偏好=CC 更好 | LC 分数支持度=部分支持 | CC 分数支持度=支持
      LC 各维度：{"评分标准理解正确性": 2, "证据依据性": 2, "关键决策信息覆盖度": 1.6666666666666667, "无依据陈述控制": 2.6666666666666665}
      CC 各维度：{"评分标准理解正确性": 3, "证据依据性": 2.6666666666666665, "关键决策信息覆盖度": 3, "无依据陈述控制": 3}
[20/50] 正在评测 grounding_specificity_test_0323 （仅 LC 正确）
    裁判 glm-5.2：正在发送第一轮请求……
      第一轮已返回（glm-5.2，耗时 50.3 秒）：整体偏好=A 更好 | A={"评分标准理解正确性": 3, "证据依据性": 3, "关键决策信息覆盖度": 3, "无依据陈述控制": 3} | B={"评分标准理解正确性": 1, "证据依据性": 2, "关键决策信息覆盖度": 2, "无依据陈述控制": 2}
      第一轮判断依据：A正确理解了评分标准中“对作者来说很明显”这一条件，准确判断出评论既指出了针对的论文部分（超参数调整方法），又具体说明了需要补充的内容。B错误地认为必须明确指出节号或图表号才算明确，忽略了“obvious to the authors”的标准，从而错误地低估了评论的根据性并得出3分的结论。
    裁判 glm-5.2：正在发送第二轮请求……
      第二轮已返回（glm-5.2，耗时 52.3 秒）：A=支持 | B=部分支持
      第二轮判断依据：A的推理准确识别了文本中明确提及的部分（超参数调整方法和发布的代码）以及具体需要解决的问题，符合5分标准。B的推理认为作者无法精确识别被评论的部分，但文本中已明确提及“hyper-parameter tuning methodologies”和“released code”，对作者而言应是明显的，B对评分标准中“or it should be obvious to the authors”的理解存在偏差，因此其推理仅部分支持其预测分数。
    裁判 deepseek-v4-flash：正在发送第一轮请求……
      deepseek-v4-flash 第一轮返回已执行 JSON 格式修复。
      第一轮已返回（deepseek-v4-flash，耗时 14.0 秒）：整体偏好=B 更好 | A={"评分标准理解正确性": 1, "证据依据性": 1, "关键决策信息覆盖度": 1, "无依据陈述控制": 1} | B={"评分标准理解正确性": 3, "证据依据性": 3, "关键决策信息覆盖度": 3, "无依据陈述控制": 3}
      第一轮判断依据：A认为评论明确指向论文特定部分，但评论未具体指明章节，属过度解读；B指出grounded不足但问题具体，评分更合理。A的“explicitly mentions”无依据，B更准确。
    裁判 deepseek-v4-flash：正在发送第二轮请求……
    裁判 deepseek-v4-flash 失败：Judge deepseek-v4-flash failed for audit_0020/round2: initial parse failed: reasoning_content: Response does not contain a JSON object; repair parse failed: reasoning_content: Response does not contain a JSON object
    因主裁判失败，调用第三裁判 MiniMax-M3。
    裁判 MiniMax-M3：正在发送第一轮请求……
      第一轮已返回（MiniMax-M3，耗时 4.3 秒）：整体偏好=B 更好 | A={"评分标准理解正确性": 1, "证据依据性": 1, "关键决策信息覆盖度": 1, "无依据陈述控制": 1} | B={"评分标准理解正确性": 3, "证据依据性": 3, "关键决策信息覆盖度": 3, "无依据陈述控制": 3}
      第一轮判断依据：A推理理由将评论打分为5分（完全基于文本且明确指出具体部分和需求），但实际上评论并未引用论文中的具体章节、表格或图，而是泛泛提到'hyper-parameter tuning methodologies'和'released code'。根据评分标准，评论并未显式指出论文的哪一部分，属于弱锚定。B推理理由正确识别了评论未指向具体论文部分，但详细指出了评论的具体内容（关于验证集划分和交叉验证的问题），符合评分标准中第3档（无法确定具体部分但明确指出了需要解决的问题）。B对评分标准的理解和应用更准确，证据引用更贴近原文，逻辑推理更合理。A存在严重无依据陈述（错误地将其评为最高档5分）。
    裁判 MiniMax-M3：正在发送第二轮请求……
      第二轮已返回（MiniMax-M3，耗时 5.1 秒）：A=部分支持 | B=支持
      第二轮判断依据：A的推理认为该评论明确指出了论文中关于超参数调优方法论的部分，并具体说明了需要补充验证集划分和交叉验证的细节，因此给出5分。但实际上，该评论并未明确指向论文的某个具体章节、表格或图，而是泛指'超参数调优方法论'这一主题，论文中可能有多个部分涉及该内容，作者可能无法精确定位到具体位置，因此A的推理过于乐观，5分不完全合理。B的推理认为评论无法精确指向论文的具体部分，但具体说明了需要补充的内容（验证集划分、交叉验证），符合弱定位但具体明确的特征，对应3分，这一判断较为合理。
    已解盲：A=LC | B=CC | gold=5 | LC 预测=5 | CC 预测=3
    最终汇总：整体偏好=未形成多数意见 | LC 分数支持度=部分支持 | CC 分数支持度=部分支持
      LC 各维度：{"评分标准理解正确性": 2, "证据依据性": 2, "关键决策信息覆盖度": 2, "无依据陈述控制": 2}
      CC 各维度：{"评分标准理解正确性": 2, "证据依据性": 2.5, "关键决策信息覆盖度": 2.5, "无依据陈述控制": 2.5}
[21/50] 正在评测 grounding_specificity_test_0477 （仅 CC 正确）
    裁判 glm-5.2：正在发送第一轮请求……
      第一轮已返回（glm-5.2，耗时 38.5 秒）：整体偏好=A 更好 | A={"评分标准理解正确性": 3, "证据依据性": 3, "关键决策信息覆盖度": 3, "无依据陈述控制": 3} | B={"评分标准理解正确性": 1, "证据依据性": 1, "关键决策信息覆盖度": 1, "无依据陈述控制": 1}
      第一轮判断依据：A准确识别了待评价文本未指定具体部分但明确指出了需要补充的内容，正确应用了评分标准中的3分。B错误地认为文本没有指出缺失的内容，与文本证据相悖，导致评分标准应用错误。
    裁判 glm-5.2：正在发送第二轮请求……
      第二轮已返回（glm-5.2，耗时 35.0 秒）：A=支持 | B=不支持
      第二轮判断依据：待评价文本明确指出了需要补充的内容（即LLM组合性在应用中的重要性及好处），但没有指明论文中具体哪个部分需要修改。根据评分标准，这符合分数3的描述（无法确定具体部分，但明确指出了需要解决的问题）。A的推理理由准确识别了这一点，因此支持其预测分数3。B的推理理由错误地认为该评论没有明确指出缺失的内容，这与待评价文本的事实不符，因此不支持其预测分数1。
    裁判 deepseek-v4-flash：正在发送第一轮请求……
      deepseek-v4-flash 第一轮返回已执行 JSON 格式修复。
      第一轮已返回（deepseek-v4-flash，耗时 16.3 秒）：整体偏好=A 更好 | A={"评分标准理解正确性": 3, "证据依据性": 3, "关键决策信息覆盖度": 3, "无依据陈述控制": 3} | B={"评分标准理解正确性": 1, "证据依据性": 1, "关键决策信息覆盖度": 1, "无依据陈述控制": 1}
      第一轮判断依据：A正确理解了评分标准，指出评论未明确指向论文具体部分，但明确说明了需要补充的内容，符合3分标准；B对标准的理解有偏差，且判断错误，因此A更好。
    裁判 deepseek-v4-flash：正在发送第二轮请求……
      第二轮已返回（deepseek-v4-flash，耗时 6.5 秒）：A=支持 | B=不支持
      第二轮判断依据：A的推理准确对应评分标准3：评论未指出具体部分但明确说明了需要补充的内容（LLM组合性在应用中的重要性及好处），因此支持预测分数3。B的推理错误，评论实际指出了需要解决的具体方面，并非不具体，且未正确应用评分标准，因此不支持预测分数1。
    两个主裁判意见一致，无需调用第三裁判。
    已解盲：A=CC | B=LC | gold=3 | LC 预测=1 | CC 预测=3
    最终汇总：整体偏好=CC 更好 | LC 分数支持度=不支持 | CC 分数支持度=支持
      LC 各维度：{"评分标准理解正确性": 1, "证据依据性": 1, "关键决策信息覆盖度": 1, "无依据陈述控制": 1}
      CC 各维度：{"评分标准理解正确性": 3, "证据依据性": 3, "关键决策信息覆盖度": 3, "无依据陈述控制": 3}
[22/50] 正在评测 grounding_specificity_test_0852 （LC、CC 均正确）
    裁判 glm-5.2：正在发送第一轮请求……
      第一轮已返回（glm-5.2，耗时 34.3 秒）：整体偏好=B 更好 | A={"评分标准理解正确性": 3, "证据依据性": 2, "关键决策信息覆盖度": 2, "无依据陈述控制": 3} | B={"评分标准理解正确性": 3, "证据依据性": 3, "关键决策信息覆盖度": 3, "无依据陈述控制": 3}
      第一轮判断依据：A和B都正确理解了评分标准，识别出评论指出了需要解决的问题但未明确指出具体部分。然而，B更准确地指出了文本开头的“3”是评论编号而非论文部分，并明确得出了分数3的结论，覆盖了关键决策信息。A虽然逻辑正确，但未明确给出最终分数，且对“3”的解释不如B充分。
    裁判 glm-5.2：正在发送第二轮请求……
      第二轮已返回（glm-5.2，耗时 47.2 秒）：A=支持 | B=支持
      第二轮判断依据：待评价文本提到“at least one of the plots”，未明确指出具体哪一幅图，作者无法确定具体部分，但明确指出了需要修改的内容（用运行时间代替训练步数）。这符合评分标准中3分的定义。推理理由A和B均正确指出了这一点，因此都支持其预测分数3。
    裁判 deepseek-v4-flash：正在发送第一轮请求……
      第一轮已返回（deepseek-v4-flash，耗时 8.6 秒）：整体偏好=基本相同 | A={"评分标准理解正确性": 3, "证据依据性": 3, "关键决策信息覆盖度": 3, "无依据陈述控制": 3} | B={"评分标准理解正确性": 3, "证据依据性": 3, "关键决策信息覆盖度": 3, "无依据陈述控制": 3}
      第一轮判断依据：A和B都正确理解了评分标准，认为该评论弱落地但具体，对应3分。两者均基于待评价文本指出评论未明确指向具体图或部分，且明确说明了需要改进的内容，覆盖了关键决策信息，且没有无依据陈述。因此基本相同。
    裁判 deepseek-v4-flash：正在发送第二轮请求……
      第二轮已返回（deepseek-v4-flash，耗时 6.5 秒）：A=支持 | B=支持
      第二轮判断依据：A的推理理由明确指出评论虽未指明具体图表，但指出了需要解决的问题（用运行时间代替训练步数），符合评分标准中第3条‘作者无法确定具体部分，但明确指出了需解决内容’的描述，因此支持其预测的3分。B的推理理由同样认为评论未明确提及具体部分，但清晰说明了需要改变的内容，并将其归类为‘弱接地但具体’的评论，也与评分标准中第3条吻合，因此支持其预测的3分。
    因主裁判分歧，调用第三裁判 MiniMax-M3。
    裁判 MiniMax-M3：正在发送第一轮请求……
      第一轮已返回（MiniMax-M3，耗时 5.1 秒）：整体偏好=B 更好 | A={"评分标准理解正确性": 2, "证据依据性": 2, "关键决策信息覆盖度": 2, "无依据陈述控制": 3} | B={"评分标准理解正确性": 3, "证据依据性": 3, "关键决策信息覆盖度": 3, "无依据陈述控制": 3}
      第一轮判断依据：B正确理解了评分标准，指出评论未明确提及具体部分（'3'是评论编号而非论文部分），作者无法确定具体指向哪个图，但评论清晰说明了需要修改的内容（用运行时间替代训练步数），符合评分标准中第3档'无法确定具体部分但明确说明了需要修改的内容'。A虽然在结论上类似，但其分析中对'特定评论但未明确指向论文某部分'的表述不够准确，且未充分利用评分标准中的关键区分点（grounded vs specific）。
    裁判 MiniMax-M3：正在发送第二轮请求……
      第二轮已返回（MiniMax-M3，耗时 4.7 秒）：A=部分支持 | B=支持
      第二轮判断依据：A认为评论提到plots，但未明确指出哪个具体图表，属于'部分定位'。然而评论用了'at least one of the plots'，虽然是复数形式但指代较模糊，B正确指出这个开头数字'3'可能是评论编号而非论文节号，这意味着定位确实不精确。B的推理认为评论内容具体但定位不清，与评分标准中的'3：作者无法确定具体部分，但评论明确指出需修改内容'相符。但B给出3分是基于其推理自洽的结论，核心争议在于：评论是否完全没有定位指向？A和B都同意定位不精确，但都给出3分也是合理的。综合来看，B的推理更准确地对应了评分标准中'不能确定具体部分但评论内容明确'的情况，而A的推理在'部分定位'与3分之间存在一些内在不一致（A说'lacks a direct reference'接近4分的描述，但给出了3分）。总体上B更自洽，给予支持。
    已解盲：A=LC | B=CC | gold=3 | LC 预测=3 | CC 预测=3
    最终汇总：整体偏好=CC 更好 | LC 分数支持度=支持 | CC 分数支持度=支持
      LC 各维度：{"评分标准理解正确性": 2.6666666666666665, "证据依据性": 2.3333333333333335, "关键决策信息覆盖度": 2.3333333333333335, "无依据陈述控制": 3}
      CC 各维度：{"评分标准理解正确性": 3, "证据依据性": 3, "关键决策信息覆盖度": 3, "无依据陈述控制": 3}
[23/50] 正在评测 grounding_specificity_test_0479 （LC、CC 均正确）
    裁判 glm-5.2：正在发送第一轮请求……
      第一轮已返回（glm-5.2，耗时 32.6 秒）：整体偏好=基本相同 | A={"评分标准理解正确性": 3, "证据依据性": 3, "关键决策信息覆盖度": 3, "无依据陈述控制": 3} | B={"评分标准理解正确性": 3, "证据依据性": 3, "关键决策信息覆盖度": 3, "无依据陈述控制": 3}
      第一轮判断依据：A和B都准确识别了待评价文本中明确指出的位置（Line 207和figures 1 and 2）以及具体问题（缺少伪代码和结果难以阅读）。两者都正确应用了评分标准，判断该评论既明确指出了针对的部分，又说明了需要解决的问题，符合5分标准。推理过程均有充分的文本证据支持，覆盖了决定分数的关键信息，且没有无依据的陈述。B明确提及了分数5，而A使用了描述性语言，但两者在核心逻辑上完全一致。
    裁判 glm-5.2：正在发送第二轮请求……
      第二轮已返回（glm-5.2，耗时 16.7 秒）：A=支持 | B=支持
      第二轮判断依据：待评价文本明确指出了论文的具体部分（Line 207、补充材料和图1、图2），并具体说明了存在的问题（缺少伪代码、结果难以阅读且需要更清晰的表示）。这完全符合评分标准中5分的要求，即明确指出论文的对应部分并具体说明需要解决的问题。推理理由A和B均准确指出了这些事实，并合理地推导出5分的预测分数，因此两者的推理理由均支持其预测分数。
    裁判 deepseek-v4-flash：正在发送第一轮请求……
      deepseek-v4-flash 第一轮返回已执行 JSON 格式修复。
      第一轮已返回（deepseek-v4-flash，耗时 11.9 秒）：整体偏好=基本相同 | A={"评分标准理解正确性": 1, "证据依据性": 1, "关键决策信息覆盖度": 1, "无依据陈述控制": 1} | B={"评分标准理解正确性": 1, "证据依据性": 1, "关键决策信息覆盖度": 1, "无依据陈述控制": 1}
      第一轮判断依据：两个推理理由均正确理解评分标准，并基于评论中的具体行号和图号提供证据，覆盖了关键决策信息，且无无依据陈述。两者判断一致，仅表述详略不同，因此整体偏好为基本相同。
    裁判 deepseek-v4-flash：正在发送第二轮请求……
      第二轮已返回（deepseek-v4-flash，耗时 3.2 秒）：A=支持 | B=支持
      第二轮判断依据：A和B的推理理由均明确指出评论具体指向论文的Line 207、补充材料中的伪代码以及图1和图2，并清晰说明了所需解决的问题（伪代码缺失、结果呈现不清晰）。这完全符合评分标准中第5级‘明确提及论文具体部分且清晰说明需处理的问题’的要求，因此推理理由支持各自的5分预测。
    因主裁判分歧，调用第三裁判 MiniMax-M3。
    裁判 MiniMax-M3：正在发送第一轮请求……
      第一轮已返回（MiniMax-M3，耗时 4.6 秒）：整体偏好=B 更好 | A={"评分标准理解正确性": 2, "证据依据性": 3, "关键决策信息覆盖度": 2, "无依据陈述控制": 3} | B={"评分标准理解正确性": 3, "证据依据性": 3, "关键决策信息覆盖度": 3, "无依据陈述控制": 3}
      第一轮判断依据：推理理由A虽然提到了'Line 207'和'figures 1 and 2'，但最终给出的结论是'fully grounded comment'（即对应4-5分的混合表述），没有明确给出具体分数，对评分标准的最终归类不够清晰。推理理由B则明确判断满足'score of 5'的标准，即明确指出了论文的具体部分（Line 207、figures 1 and 2）且清楚说明了问题所在（缺少伪代码、结果表示不够清晰），对评分标准的应用更准确，关键决策信息覆盖更完整。
    裁判 MiniMax-M3：正在发送第二轮请求……
      第二轮已返回（MiniMax-M3，耗时 4.0 秒）：A=支持 | B=支持
      第二轮判断依据：A和B的推理理由都指出待评文本明确提到了'Line 207'、'supplementary material'中的伪代码缺失以及'figures 1 and 2'中结果展示不清晰的问题，既精确指向了论文的具体部分，又明确指出了需要改进的内容，符合评分标准中5分的描述。两者推理与预测分数一致，因此均予以支持。
    已解盲：A=LC | B=CC | gold=5 | LC 预测=5 | CC 预测=5
    最终汇总：整体偏好=基本相同 | LC 分数支持度=支持 | CC 分数支持度=支持
      LC 各维度：{"评分标准理解正确性": 2, "证据依据性": 2.3333333333333335, "关键决策信息覆盖度": 2, "无依据陈述控制": 2.3333333333333335}
      CC 各维度：{"评分标准理解正确性": 2.3333333333333335, "证据依据性": 2.3333333333333335, "关键决策信息覆盖度": 2.3333333333333335, "无依据陈述控制": 2.3333333333333335}
[24/50] 正在评测 grounding_specificity_test_0192 （仅 LC 正确）
    裁判 glm-5.2：正在发送第一轮请求……
      第一轮已返回（glm-5.2，耗时 46.8 秒）：整体偏好=A 更好 | A={"评分标准理解正确性": 3, "证据依据性": 3, "关键决策信息覆盖度": 3, "无依据陈述控制": 3} | B={"评分标准理解正确性": 1, "证据依据性": 1, "关键决策信息覆盖度": 1, "无依据陈述控制": 1}
      第一轮判断依据：推理理由A准确识别了待评价文本中指出的具体问题（redundant or distracting），并依据评分标准合理推导出其符合3分（定位较弱但指出了问题）的逻辑。推理理由B错误地声称文本没有指出问题所在，这与文本中明确提到的“redundant or even distracting”相矛盾，属于严重的无依据陈述和对评分标准的误用。因此A在所有维度上均显著优于B。
    裁判 glm-5.2：正在发送第二轮请求……
      第二轮已返回（glm-5.2，耗时 87.9 秒）：A=支持 | B=不支持
      第二轮判断依据：A的推理正确识别了评论指出了具体问题（冗余或分散注意力），并认为其对论文部分的定位不够明确但问题具体，这符合评分标准中3分的描述，逻辑自洽。B的推理声称评论没有明确指出问题所在，但文本中“redundant or even distracting”已经明确指出了问题，B的推理与待评文本事实不符，因此不支持其预测分数。
    裁判 deepseek-v4-flash：正在发送第一轮请求……
      第一轮已返回（deepseek-v4-flash，耗时 6.6 秒）：整体偏好=A 更好 | A={"评分标准理解正确性": 3, "证据依据性": 3, "关键决策信息覆盖度": 3, "无依据陈述控制": 3} | B={"评分标准理解正确性": 2, "证据依据性": 1, "关键决策信息覆盖度": 1, "无依据陈述控制": 1}
      第一轮判断依据：A正确理解并应用了评分标准，明确指出评论的grounding较弱但specificity足够，因此对应3分，并引用评论原文作为证据，覆盖了grounding和specificity两个关键维度，无无依据陈述。B未准确应用评分标准，错误声称评论未说明问题，且未提及specificity维度，存在无依据陈述，整体质量较差。
    裁判 deepseek-v4-flash：正在发送第二轮请求……
      deepseek-v4-flash 第二轮返回已执行 JSON 格式修复。
      第二轮已返回（deepseek-v4-flash，耗时 14.6 秒）：A=支持 | B=部分支持
      第二轮判断依据：原始回答中认为推理理由A清晰分析了groundedness和specificity，符合3分标准，因此支持；推理理由B虽指出了不具体，但忽略了评论已明确指出的问题，因此部分支持。
    因主裁判分歧，调用第三裁判 MiniMax-M3。
    裁判 MiniMax-M3：正在发送第一轮请求……
      第一轮已返回（MiniMax-M3，耗时 3.8 秒）：整体偏好=A 更好 | A={"评分标准理解正确性": 3, "证据依据性": 2, "关键决策信息覆盖度": 3, "无依据陈述控制": 3} | B={"评分标准理解正确性": 2, "证据依据性": 2, "关键决策信息覆盖度": 2, "无依据陈述控制": 2}
      第一轮判断依据：A正确识别了待评价文本虽然未明确指明具体章节或图表（弱定位），但清晰地指出了问题所在（连接冗余或分散注意力），因此对应评分为3分。B虽然也指出评论缺乏具体定位和细节，但未能进一步分析评论是否在内容层面指出了问题，整体分析不如A深入准确。
    裁判 MiniMax-M3：正在发送第二轮请求……
      第二轮已返回（MiniMax-M3，耗时 5.0 秒）：A=部分支持 | B=不支持
      第二轮判断依据：A的推理认为评论提到'proposed multiplicative update with neural computation'，虽然未指明具体章节或图表，但作者可以大致猜到所指内容，且评论明确指出了问题（冗余或分散注意力），因此定为3分有一定合理性。'部分支持'是因为'无法自信确定'的判断可能过于严格，但总体方向合理。B的推理将评论归类为'不接地'且完全缺乏具体性，给出1分，但其理由中并未充分论证评论完全无法指向任何特定部分，仅说'vague'过于绝对，且评论确实提及了论文中的具体方法（multiplicative update与neural computation的关联），因此B的推理不完全支持其1分的预测。
    已解盲：A=CC | B=LC | gold=1 | LC 预测=1 | CC 预测=3
    最终汇总：整体偏好=CC 更好 | LC 分数支持度=不支持 | CC 分数支持度=支持
      LC 各维度：{"评分标准理解正确性": 1.6666666666666667, "证据依据性": 1.3333333333333333, "关键决策信息覆盖度": 1.3333333333333333, "无依据陈述控制": 1.3333333333333333}
      CC 各维度：{"评分标准理解正确性": 3, "证据依据性": 2.6666666666666665, "关键决策信息覆盖度": 3, "无依据陈述控制": 3}
[25/50] 正在评测 grounding_specificity_test_0568 （LC、CC 均正确）
    裁判 glm-5.2：正在发送第一轮请求……
      glm-5.2 第一轮返回已执行 JSON 格式修复。
      第一轮已返回（glm-5.2，耗时 56.3 秒）：整体偏好=A 更好 | A={"评分标准理解正确性": 3, "证据依据性": 3, "关键决策信息覆盖度": 3, "无依据陈述控制": 3} | B={"评分标准理解正确性": 2, "证据依据性": 3, "关键决策信息覆盖度": 2, "无依据陈述控制": 3}
      第一轮判断依据：A准确理解了评分标准并明确给出了5分的评价，理由充分且覆盖了定位和具体问题两个关键维度。B虽然也提取了文本证据并理解了大致方向，但没有明确给出最终分数，且对评分标准中“明确提及”的理解略显拘泥，关键决策信息覆盖不够完整。
    裁判 glm-5.2：正在发送第二轮请求……
      第二轮已返回（glm-5.2，耗时 59.1 秒）：A=支持 | B=支持
      第二轮判断依据：A和B的推理理由都正确分析了待评价文本：文本指出了论文中关于BPE和Sentencepiece使用的具体问题（是否叠加使用及原因），这属于论文中的独特方面，对作者而言是显而易见的，并且明确指出了需要澄清的内容。这完全符合5分评分标准（明确指出部分且说明了需要解决的问题）。因此，两者的推理理由均支持其预测分数5。
    裁判 deepseek-v4-flash：正在发送第一轮请求……
    裁判 deepseek-v4-flash 失败：Judge deepseek-v4-flash failed for audit_0025/round1: initial parse failed: reasoning_content: Response does not contain a JSON object; repair parse failed: reasoning_content: Response does not contain a JSON object
    因主裁判失败，调用第三裁判 MiniMax-M3。
    裁判 MiniMax-M3：正在发送第一轮请求……
      第一轮已返回（MiniMax-M3，耗时 4.0 秒）：整体偏好=A 更好 | A={"评分标准理解正确性": 3, "证据依据性": 3, "关键决策信息覆盖度": 3, "无依据陈述控制": 3} | B={"评分标准理解正确性": 2, "证据依据性": 2, "关键决策信息覆盖度": 2, "无依据陈述控制": 2}
      第一轮判断依据：A正确识别了该评论针对的是论文中关于BPE和Sentencepiece使用方式的具体内容，明确指出这是方法论部分的问题，并清楚说明了需要解决的内容（是叠加使用还是分别使用，原因是什么）。B虽然也提到了BPE和Sentencepiece，但在是否明确指出论文具体部分上判断犹豫（'does not explicitly mention a specific section'），且最终给出的判断标准逻辑不够清晰，对评分标准的理解不如A准确。此外，B中提到'where these tokenization methods are discussed'带有一定推测性，缺乏直接证据支持。A的整体推理更准确、依据更充分。
    裁判 MiniMax-M3：正在发送第二轮请求……
      第二轮已返回（MiniMax-M3，耗时 2.9 秒）：A=支持 | B=支持
      第二轮判断依据：A的推理认为评论明确提到了BPE和Sentencepiece的使用这一具体方面，并指出了需要解释的问题（是叠加使用还是分别使用以及为什么），认为评论完全落地且具体，给出5分。这一推理逻辑合理，支持5分的预测。B的推理同样认为评论涉及了具体的分词方法，并指出了不清楚的地方（如何组合使用、为什么使用），虽然未明确指出章节名称，但作者可以推断为方法论部分，也给出了5分。推理过程合理，支持其5分的预测。
    已解盲：A=CC | B=LC | gold=5 | LC 预测=5 | CC 预测=5
    最终汇总：整体偏好=CC 更好 | LC 分数支持度=支持 | CC 分数支持度=支持
      LC 各维度：{"评分标准理解正确性": 2, "证据依据性": 2.5, "关键决策信息覆盖度": 2, "无依据陈述控制": 2.5}
      CC 各维度：{"评分标准理解正确性": 3, "证据依据性": 3, "关键决策信息覆盖度": 3, "无依据陈述控制": 3}
[26/50] 正在评测 grounding_specificity_test_0274 （LC、CC 均正确）
    裁判 glm-5.2：正在发送第一轮请求……
      第一轮已返回（glm-5.2，耗时 27.2 秒）：整体偏好=基本相同 | A={"评分标准理解正确性": 3, "证据依据性": 3, "关键决策信息覆盖度": 3, "无依据陈述控制": 3} | B={"评分标准理解正确性": 3, "证据依据性": 3, "关键决策信息覆盖度": 3, "无依据陈述控制": 3}
      第一轮判断依据：A和B都准确理解了评分标准，正确指出待评价文本没有定位到论文的具体部分，也没有具体说明问题所在，因此符合1分标准。两者都从待评价文本中找到了支持判断的证据，覆盖了决定分数的关键信息，且均无无依据陈述。两者质量相当。
    裁判 glm-5.2：正在发送第二轮请求……
      第二轮已返回（glm-5.2，耗时 21.5 秒）：A=支持 | B=支持
      第二轮判断依据：待评价文本仅泛泛地评价了论文整体贡献的新颖性，未指出论文的具体部分（如章节、图表等），也未具体说明该部分存在什么问题，完全符合评分标准中1分的描述。推理理由A和B均准确指出了该文本缺乏具体定位和具体问题描述的特点，因此均支持其预测分数1。
    裁判 deepseek-v4-flash：正在发送第一轮请求……
      deepseek-v4-flash 第一轮返回已执行 JSON 格式修复。
      第一轮已返回（deepseek-v4-flash，耗时 12.5 秒）：整体偏好=基本相同 | A={"评分标准理解正确性": 3, "证据依据性": 3, "关键决策信息覆盖度": 3, "无依据陈述控制": 3} | B={"评分标准理解正确性": 3, "证据依据性": 3, "关键决策信息覆盖度": 3, "无依据陈述控制": 3}
      第一轮判断依据：两者均正确应用评分标准，均基于评论文本指出其未指明具体部分且高度不具体，均无无依据陈述，因此四个维度表现一致。
    裁判 deepseek-v4-flash：正在发送第二轮请求……
      第二轮已返回（deepseek-v4-flash，耗时 3.1 秒）：A=支持 | B=支持
      第二轮判断依据：A和B的推理理由均明确指出该评论未指向论文的具体部分，且内容高度不具体，符合评分标准中1分的描述，即评论完全没有依据且极不具体。因此，两者的推理理由都支持其预测分数1。
    两个主裁判意见一致，无需调用第三裁判。
    已解盲：A=CC | B=LC | gold=1 | LC 预测=1 | CC 预测=1
    最终汇总：整体偏好=基本相同 | LC 分数支持度=支持 | CC 分数支持度=支持
      LC 各维度：{"评分标准理解正确性": 3, "证据依据性": 3, "关键决策信息覆盖度": 3, "无依据陈述控制": 3}
      CC 各维度：{"评分标准理解正确性": 3, "证据依据性": 3, "关键决策信息覆盖度": 3, "无依据陈述控制": 3}
[27/50] 正在评测 grounding_specificity_test_0442 （LC、CC 均正确）
    裁判 glm-5.2：正在发送第一轮请求……
      第一轮已返回（glm-5.2，耗时 27.2 秒）：整体偏好=基本相同 | A={"评分标准理解正确性": 3, "证据依据性": 3, "关键决策信息覆盖度": 3, "无依据陈述控制": 3} | B={"评分标准理解正确性": 3, "证据依据性": 3, "关键决策信息覆盖度": 3, "无依据陈述控制": 3}
      第一轮判断依据：A和B都准确识别了待评价文本中明确指出的部分（Theorem 1）以及具体需要解决的问题（步长影响的讨论及关于有效α、GD/SGD的疑问），正确应用了评分标准5。两者在证据提取和关键信息覆盖上均表现良好，无无依据陈述。
    裁判 glm-5.2：正在发送第二轮请求……
      第二轮已返回（glm-5.2，耗时 24.1 秒）：A=支持 | B=支持
      第二轮判断依据：待评价文本明确指出了论文的具体部分（Theorem 1），并详细说明了该部分存在的问题（步长的影响未清晰讨论，并提出了关于有效α以及GD/SGD的具体疑问）。这完全符合评分标准中5分的要求（明确指出 addressed 的部分，并 specifies what needs to be addressed）。推理理由A和B均准确分析了文本的这些特征，并正确对应了5分的评分标准，因此都支持各自的预测分数。
    裁判 deepseek-v4-flash：正在发送第一轮请求……
      第一轮已返回（deepseek-v4-flash，耗时 6.1 秒）：整体偏好=基本相同 | A={"评分标准理解正确性": 3, "证据依据性": 3, "关键决策信息覆盖度": 3, "无依据陈述控制": 3} | B={"评分标准理解正确性": 3, "证据依据性": 3, "关键决策信息覆盖度": 3, "无依据陈述控制": 3}
      第一轮判断依据：A和B均正确理解并应用了评分标准，准确指出评论明确提及Theorem 1且具体说明了步长影响问题，证据充分，覆盖了关键决策信息，且没有无依据陈述。两者在内容上高度一致，因此整体偏好为基本相同。
    裁判 deepseek-v4-flash：正在发送第二轮请求……
      第二轮已返回（deepseek-v4-flash，耗时 3.6 秒）：A=支持 | B=支持
      第二轮判断依据：两条推理理由均准确指出评论明确提及论文的特定部分（Theorem 1），且具体说明了该部分存在的问题（步长影响未清楚讨论，并对有效α和GD/SGD适用性提出疑问），完全符合评分标准中5分的要求，因此推理理由支持各自的预测分数。
    两个主裁判意见一致，无需调用第三裁判。
    已解盲：A=CC | B=LC | gold=5 | LC 预测=5 | CC 预测=5
    最终汇总：整体偏好=基本相同 | LC 分数支持度=支持 | CC 分数支持度=支持
      LC 各维度：{"评分标准理解正确性": 3, "证据依据性": 3, "关键决策信息覆盖度": 3, "无依据陈述控制": 3}
      CC 各维度：{"评分标准理解正确性": 3, "证据依据性": 3, "关键决策信息覆盖度": 3, "无依据陈述控制": 3}
[28/50] 正在评测 grounding_specificity_test_0247 （LC、CC 均正确）
    裁判 glm-5.2：正在发送第一轮请求……
      第一轮已返回（glm-5.2，耗时 40.6 秒）：整体偏好=B 更好 | A={"评分标准理解正确性": 3, "证据依据性": 3, "关键决策信息覆盖度": 3, "无依据陈述控制": 3} | B={"评分标准理解正确性": 3, "证据依据性": 3, "关键决策信息覆盖度": 3, "无依据陈述控制": 3}
      第一轮判断依据：A和B都正确识别了待评价文本中的定位（Eq 17）和具体问题（符号需要定义/澄清），并正确应用了评分标准。但B对原文意图的把握更准确，指出符号未被定义并询问其含义，且明确提及了对应的分数（score 5），对评分标准的应用展现得更清晰。因此B略优于A。
    裁判 glm-5.2：正在发送第二轮请求……
    裁判 glm-5.2 失败：Judge glm-5.2 failed for audit_0028/round2: initial parse failed: content: Invalid \escape: line 4 column 55 (char 88); reasoning_content: Expecting property name enclosed in double quotes: line 1 column 2 (char 1); repair parse failed: content: Invalid \escape: line 4 column 55 (char 88); reasoning_content: Invalid \escape: line 4 column 55 (char 88)
    裁判 deepseek-v4-flash：正在发送第一轮请求……
      deepseek-v4-flash 第一轮返回已执行 JSON 格式修复。
      第一轮已返回（deepseek-v4-flash，耗时 14.2 秒）：整体偏好=基本相同 | A={"评分标准理解正确性": 3, "证据依据性": 3, "关键决策信息覆盖度": 3, "无依据陈述控制": 3} | B={"评分标准理解正确性": 3, "证据依据性": 3, "关键决策信息覆盖度": 3, "无依据陈述控制": 3}
      第一轮判断依据：两个推理理由都正确理解了评分标准，都引用了文本证据，覆盖了关键决策信息，且没有无依据陈述，因此各项评分相同，整体偏好基本相同。
    裁判 deepseek-v4-flash：正在发送第二轮请求……
      第二轮已返回（deepseek-v4-flash，耗时 4.2 秒）：A=支持 | B=支持
      第二轮判断依据：A和B的推理理由均明确指出评论针对论文中的Eq 17，且具体指出了问题在于符号S·F的定义需要澄清，符合评分标准中5分的要求，即明确提及论文具体部分并清晰说明需要解决的内容。因此两者的推理理由均支持其预测分数。
    因主裁判失败，调用第三裁判 MiniMax-M3。
    裁判 MiniMax-M3：正在发送第一轮请求……
      第一轮已返回（MiniMax-M3，耗时 4.8 秒）：整体偏好=基本相同 | A={"评分标准理解正确性": 3, "证据依据性": 3, "关键决策信息覆盖度": 3, "无依据陈述控制": 3} | B={"评分标准理解正确性": 3, "证据依据性": 3, "关键决策信息覆盖度": 3, "无依据陈述控制": 3}
      第一轮判断依据：A和B均正确理解了评分标准，明确指出待评价文本提到'Eq 17'这一具体公式，且都识别出该评论指出了S·F符号未定义的问题，并推测应为标量-向量乘积。两者在评分标准理解、证据依据、关键决策信息覆盖和无依据陈述控制方面表现一致，均给出了合理的分析并得出相同结论（应评5分）。
    裁判 MiniMax-M3：正在发送第二轮请求……
      第二轮已返回（MiniMax-M3，耗时 4.2 秒）：A=支持 | B=支持
      第二轮判断依据：A和B的推理均指出评论明确提到了'Eq 17'，即论文中的具体公式，属于明确指向了论文的特定部分。同时，评论指出了该公式中'S · F'符号未定义的问题，并提出了可能是标量-向量乘积的疑问，说明了该部分需要解决的问题。两者都充分论证了分数为5的合理性，因此都支持其预测分数。
    已解盲：A=LC | B=CC | gold=5 | LC 预测=5 | CC 预测=5
    最终汇总：整体偏好=基本相同 | LC 分数支持度=支持 | CC 分数支持度=支持
      LC 各维度：{"评分标准理解正确性": 3, "证据依据性": 3, "关键决策信息覆盖度": 3, "无依据陈述控制": 3}
      CC 各维度：{"评分标准理解正确性": 3, "证据依据性": 3, "关键决策信息覆盖度": 3, "无依据陈述控制": 3}
[29/50] 正在评测 grounding_specificity_test_0712 （LC、CC 均错误）
    裁判 glm-5.2：正在发送第一轮请求……
      第一轮已返回（glm-5.2，耗时 50.7 秒）：整体偏好=B 更好 | A={"评分标准理解正确性": 2, "证据依据性": 2, "关键决策信息覆盖度": 2, "无依据陈述控制": 3} | B={"评分标准理解正确性": 3, "证据依据性": 3, "关键决策信息覆盖度": 3, "无依据陈述控制": 3}
      第一轮判断依据：B准确地将待评价文本对应到评分标准中的3分，并详细分析了文本的两个部分，明确指出了“无法确定具体部分”和“具体说明了需要解决的问题”这两个决定分数3的关键条件。A虽然指出了评论缺乏精确定位，但没有明确给出最终分数，且对“说明了需要解决的问题”这一关键信息覆盖不足。因此B在评分标准理解和关键决策信息覆盖度上均优于A。
    裁判 glm-5.2：正在发送第二轮请求……
      第二轮已返回（glm-5.2，耗时 46.0 秒）：A=不支持 | B=支持
      第二轮判断依据：待评文本未明确指出论文的具体部分（如章节、图表），但明确指出了需要解决的问题（需要更好的样本量以及补充局限性讨论）。根据评分标准，这符合“作者无法自信地确定评论针对哪部分，但评论清楚地说明了该部分需要解决什么问题”的3分标准。推理理由A虽然承认了文本中说明了需要解决的问题，却错误地给出了2分，其推理理由与预测分数矛盾，故不支持。推理理由B准确分析了文本特征并正确对应了3分标准，故支持。
    裁判 deepseek-v4-flash：正在发送第一轮请求……
    裁判 deepseek-v4-flash 失败：Judge deepseek-v4-flash failed for audit_0029/round1: initial parse failed: reasoning_content: Response does not contain a JSON object; repair parse failed: reasoning_content: Response does not contain a JSON object
    因主裁判失败，调用第三裁判 MiniMax-M3。
    裁判 MiniMax-M3：正在发送第一轮请求……
      第一轮已返回（MiniMax-M3，耗时 5.0 秒）：整体偏好=B 更好 | A={"评分标准理解正确性": 3, "证据依据性": 2, "关键决策信息覆盖度": 2, "无依据陈述控制": 2} | B={"评分标准理解正确性": 3, "证据依据性": 2, "关键决策信息覆盖度": 3, "无依据陈述控制": 2}
      第一轮判断依据：A和B都正确理解了评分标准的核心逻辑，即区分'定位'和'具体性'。B更准确地覆盖了关键决策信息：它明确区分了评论的两个部分，指出第一部分'2017 Aug'定位不明确，第二部分关于缺乏limitations讨论则明确了'需要解决什么'（缺少讨论）。A虽然也做出了类似判断，但未像B那样清晰区分评论的不同部分。在证据依据性方面，B提到'2017 Aug'可能是参考文献日期，这比A的'不是特定章节'更细致。但在'无依据陈述控制'上，两者都有些推测性内容，A推测该日期非特定章节缺乏直接证据，B推测'2017 Aug'是参考文献日期也属推测。整体B略优，因其对评论结构的分析更精确。
    裁判 MiniMax-M3：正在发送第二轮请求……
      第二轮已返回（MiniMax-M3，耗时 5.2 秒）：A=支持 | B=支持
      第二轮判断依据：A的推理指出评论未明确指向论文的具体部分，仅提及'2017 Aug'这一模糊引用，且关于限制讨论的缺失也未指明具体段落，因此定位能力弱但有一定内容指向，评2分合理，推理支持其预测。B的推理认为评论第一部分定位不明确，第二部分指出了局限性讨论的缺失这一具体问题（明确说明了需要解决的问题），但无法确定具体位置，符合评分标准中第3档（无法确定具体位置但明确指出需要解决的问题），推理支持其预测。
    已解盲：A=LC | B=CC | gold=1 | LC 预测=2 | CC 预测=3
    最终汇总：整体偏好=CC 更好 | LC 分数支持度=部分支持 | CC 分数支持度=支持
      LC 各维度：{"评分标准理解正确性": 2.5, "证据依据性": 2, "关键决策信息覆盖度": 2, "无依据陈述控制": 2.5}
      CC 各维度：{"评分标准理解正确性": 3, "证据依据性": 2.5, "关键决策信息覆盖度": 3, "无依据陈述控制": 2.5}
[30/50] 正在评测 grounding_specificity_test_0526 （仅 CC 正确）
    裁判 glm-5.2：正在发送第一轮请求……
      第一轮已返回（glm-5.2，耗时 38.5 秒）：整体偏好=A 更好 | A={"评分标准理解正确性": 3, "证据依据性": 3, "关键决策信息覆盖度": 3, "无依据陈述控制": 3} | B={"评分标准理解正确性": 1, "证据依据性": 1, "关键决策信息覆盖度": 1, "无依据陈述控制": 2}
      第一轮判断依据：待评价文本以“2.”开头，未明确指向论文具体部分，但明确指出了需要解决的问题（增加标注者数量以避免冲突并标注更多数据），符合评分标准中的3分。推理理由A准确识别了这两点，正确应用了评分标准并得出3分结论。推理理由B错误地认为该评论缺乏具体性，并据此给出了1分，严重违背了评分标准和文本证据。
    裁判 glm-5.2：正在发送第二轮请求……
      第二轮已返回（glm-5.2，耗时 30.2 秒）：A=支持 | B=不支持
      第二轮判断依据：待评价文本未明确指出论文的具体部分（“2.”仅为序号），但明确指出了需要改进的具体内容（增加标注者数量以避免冲突，标注更多数据）。根据评分标准，这符合3分的定义。推理理由A准确识别了这一特征并给出了3分，因此支持其预测分数。推理理由B错误地认为该评论缺乏具体性，从而给出了1分，与评分标准中3分的定义相悖，因此不支持其预测分数。
    裁判 deepseek-v4-flash：正在发送第一轮请求……
    裁判 deepseek-v4-flash 失败：Judge deepseek-v4-flash failed for audit_0030/round1: initial parse failed: reasoning_content: Response does not contain a JSON object; repair parse failed: reasoning_content: Response does not contain a JSON object
    因主裁判失败，调用第三裁判 MiniMax-M3。
    裁判 MiniMax-M3：正在发送第一轮请求……
      第一轮已返回（MiniMax-M3，耗时 4.9 秒）：整体偏好=A 更好 | A={"评分标准理解正确性": 3, "证据依据性": 2, "关键决策信息覆盖度": 3, "无依据陈述控制": 2} | B={"评分标准理解正确性": 2, "证据依据性": 2, "关键决策信息覆盖度": 2, "无依据陈述控制": 2}
      第一轮判断依据：A正确理解了评分标准，指出评论没有明确指向论文的具体章节或图表（不能确定针对哪一部分），但评论内容本身具有明确的具体建议（增加标注者数量以避免冲突、标注更多数据），符合'不能确定针对哪部分，但清楚说明需要解决什么'的3分标准。B将评论判定为'完全不基于论文（not grounded at all）'并给出1分评价，但B忽略了评论中'2.'可能暗示对应论文某一部分的序号，且评论内容确实提出了明确的可操作建议，B的评分标准理解有偏差，关键信息覆盖不足。A在'2.'的解读上存在一定无依据陈述（猜测是评论编号），但整体判断更准确。
    裁判 MiniMax-M3：正在发送第二轮请求……
      MiniMax-M3 第二轮返回已执行 JSON 格式修复。
      第二轮已返回（MiniMax-M3，耗时 7.1 秒）：A=部分支持 | B=部分支持
      第二轮判断依据：待评价文本以'2.'开头，可能是评论编号而非论文中的章节编号，文本本身未明确指向论文的具体部分、表格或图，因此无法确定其指代的具体内容。但该文本确实清楚说明了'增加标注者数量'和'标注更多数据'这两个具体改进建议，具有一定的明确性。推理理由A认为'2.'是评论编号而非论文章节，不能确定指向论文哪一部分，但内容具体明确，因此给3分，这一推理合理。推理理由B认为该评论完全没有指向论文的任何部分，完全不接地气，因此给1分。该文本虽然可能指代某个具体段落（如标注/数据标注部分），但仅凭'2.'确实无法确定具体指代，B的推理过于绝对，因此仅部分支持。
    已解盲：A=CC | B=LC | gold=3 | LC 预测=1 | CC 预测=3
    最终汇总：整体偏好=CC 更好 | LC 分数支持度=不支持 | CC 分数支持度=部分支持
      LC 各维度：{"评分标准理解正确性": 1.5, "证据依据性": 1.5, "关键决策信息覆盖度": 1.5, "无依据陈述控制": 2}
      CC 各维度：{"评分标准理解正确性": 3, "证据依据性": 2.5, "关键决策信息覆盖度": 3, "无依据陈述控制": 2.5}
[31/50] 正在评测 grounding_specificity_test_0086 （仅 CC 正确）
    裁判 glm-5.2：正在发送第一轮请求……
    裁判 glm-5.2 失败：Judge glm-5.2 failed for audit_0031/round1: API request failed: The read operation timed out
    裁判 deepseek-v4-flash：正在发送第一轮请求……
    裁判 deepseek-v4-flash 失败：Judge deepseek-v4-flash failed for audit_0031/round1: initial parse failed: reasoning_content: Response does not contain a JSON object; repair parse failed: reasoning_content: Response does not contain a JSON object
    因主裁判失败，调用第三裁判 MiniMax-M3。
    裁判 MiniMax-M3：正在发送第一轮请求……
      第一轮已返回（MiniMax-M3，耗时 5.6 秒）：整体偏好=B 更好 | A={"评分标准理解正确性": 2, "证据依据性": 2, "关键决策信息覆盖度": 2, "无依据陈述控制": 3} | B={"评分标准理解正确性": 3, "证据依据性": 2, "关键决策信息覆盖度": 3, "无依据陈述控制": 2}
      第一轮判断依据：B对评分标准的理解更准确：'computing the local subgraphs'确实未明确指向特定章节、表格或图，属于需要推测的情况（弱锚定），但评论明确指出了需要解决的问题（最短路径是否在训练前预计算），符合score 3的描述。A将其判定为score 4（明确指向论文某部分），对'具体定位'标准的判断过于宽松。B还指出'1)'编号暗示可能是列表项中的一员，体现了更细致的分析。A虽然结论方向可接受，但标准应用不够严谨。
    裁判 MiniMax-M3：正在发送第二轮请求……
      第二轮已返回（MiniMax-M3，耗时 5.4 秒）：A=部分支持 | B=支持
      第二轮判断依据：A的推理认为该评论指明了'computing the local subgraphs'这一具体部分，且明确提出了问题，这确实符合评分标准中'明确提到哪一部分'的要求，但同时A认为评论'没有充分说明需要解决什么'，这与标准中分数4（提到了部分但未说明需要解决什么）的描述一致，但标准中分数5要求'明确提到部分且说明需要解决什么'，评论确实提出了一个需要解决的问题（是否预先计算最短路径），所以A的归类有一定争议，支持度部分。B的推理认为评论虽未明确标注具体章节或图表，但提及'computing the local subgraphs'可使作者合理猜测所指部分，且具体指出了需要澄清的内容（是否提前计算最短路径），这与分数3（无法确定具体位置但明确说明需要解决什么）较为吻合，B的判断是支持的。
    有效裁判不足两个，记录失败并继续下一样本。
[32/50] 正在评测 grounding_specificity_test_0397 （仅 CC 正确）
    裁判 glm-5.2：正在发送第一轮请求……
      第一轮已返回（glm-5.2，耗时 35.2 秒）：整体偏好=A 更好 | A={"评分标准理解正确性": 3, "证据依据性": 3, "关键决策信息覆盖度": 3, "无依据陈述控制": 3} | B={"评分标准理解正确性": 2, "证据依据性": 2, "关键决策信息覆盖度": 1, "无依据陈述控制": 2}
      第一轮判断依据：A准确理解了评分标准，正确识别出评论虽然无法定位具体部分但指出了具体问题，符合3分标准；B只关注了无法定位具体部分的问题，忽略了评论中明确指出了生成方法速度慢这一具体问题，导致关键决策信息遗漏，对评分标准的理解不全面。
    裁判 glm-5.2：正在发送第二轮请求……
      第二轮已返回（glm-5.2，耗时 41.3 秒）：A=支持 | B=不支持
      第二轮判断依据：A的推理理由准确识别了待评价文本既没有明确指出具体部分，又指出了需要解决的问题（生成方法速度慢），符合评分标准中3分的描述。B的推理理由认为评论过于模糊且没有指出需要解决的问题，但实际上文本明确指出了“生成方法速度慢”的问题，因此B的推理理由与文本事实不符，不能支持其给出的1分。
    裁判 deepseek-v4-flash：正在发送第一轮请求……
    裁判 deepseek-v4-flash 失败：Judge deepseek-v4-flash failed for audit_0032/round1: initial parse failed: reasoning_content: Response does not contain a JSON object; repair parse failed: reasoning_content: Response does not contain a JSON object
    因主裁判失败，调用第三裁判 MiniMax-M3。
    裁判 MiniMax-M3：正在发送第一轮请求……
      第一轮已返回（MiniMax-M3，耗时 3.2 秒）：整体偏好=A 更好 | A={"评分标准理解正确性": 3, "证据依据性": 2, "关键决策信息覆盖度": 3, "无依据陈述控制": 3} | B={"评分标准理解正确性": 2, "证据依据性": 2, "关键决策信息覆盖度": 2, "无依据陈述控制": 3}
      第一轮判断依据：A正确理解了评分标准的核心逻辑——评论虽然未明确指向具体章节或图表，但评论内容（关于渲染速度、生成方法较慢的问题）可以让作者做出有根据的猜测，且评论清楚指出了需要改进的具体内容（生成方法速度慢），因此对应评分标准中的第3档（不能确定指向哪个部分，但清楚说明了需要改进什么）。B虽然也指出评论不够具体、未指向具体部分，但其分析过于笼统，遗漏了评论中实际上明确指出了'需要改进的内容'这一关键信息，对评分标准的理解不够准确。两者在证据依据性方面表现相当，但A在关键决策信息覆盖度和评分标准理解方面优于B。
    裁判 MiniMax-M3：正在发送第二轮请求……
      第二轮已返回（MiniMax-M3，耗时 4.0 秒）：A=支持 | B=部分支持
      第二轮判断依据：A的推理认为评论未明确指向具体章节或图表，但指出了需要解决的问题（生成方法速度慢），对应评分标准中的第3档（不能确定指哪部分，但清楚说明了需要解决的问题），推理逻辑与预测分数一致。B的推理认为评论没有指向论文任何具体部分且过于模糊，但这与评分标准不完全对应：评论虽然未精确指明章节，但明确提出了关于渲染速度的具体问题，因此B对'完全不指向'的判断过于绝对，与第1档（完全不针对、非常不具体）的描述不完全吻合。总体而言，A的推理更准确地对应了评分标准，B过于极端地判定评论完全无指向。
    已解盲：A=CC | B=LC | gold=3 | LC 预测=1 | CC 预测=3
    最终汇总：整体偏好=CC 更好 | LC 分数支持度=不支持 | CC 分数支持度=支持
      LC 各维度：{"评分标准理解正确性": 2, "证据依据性": 2, "关键决策信息覆盖度": 1.5, "无依据陈述控制": 2.5}
      CC 各维度：{"评分标准理解正确性": 3, "证据依据性": 2.5, "关键决策信息覆盖度": 3, "无依据陈述控制": 3}
[33/50] 正在评测 grounding_specificity_test_0572 （LC、CC 均正确）
    裁判 glm-5.2：正在发送第一轮请求……
      第一轮已返回（glm-5.2，耗时 21.3 秒）：整体偏好=基本相同 | A={"评分标准理解正确性": 3, "证据依据性": 3, "关键决策信息覆盖度": 3, "无依据陈述控制": 3} | B={"评分标准理解正确性": 3, "证据依据性": 3, "关键决策信息覆盖度": 3, "无依据陈述控制": 3}
      第一轮判断依据：A和B都准确理解了5分的评分标准，即明确指出了论文的具体部分（Table 1）并详细说明了需要解决的问题（缺乏方差或平均性能）。两者都从待评价文本中提取了准确的证据支持其判断，覆盖了决定分数的关键信息，且没有无依据的陈述。两个推理理由在逻辑和内容上高度一致，质量相当。
    裁判 glm-5.2：正在发送第二轮请求……
      第二轮已返回（glm-5.2，耗时 17.8 秒）：A=支持 | B=支持
      第二轮判断依据：待评文本明确指出了“Table 1”这一具体部分，并详细说明了该部分存在的问题（仅进行一次实验且未提及方差或平均性能），完全符合5分标准。推理理由A和B均准确指出了这两点，逻辑严密且与预测分数5完全一致，因此均完全支持其预测分数。
    裁判 deepseek-v4-flash：正在发送第一轮请求……
      deepseek-v4-flash 第一轮返回已执行 JSON 格式修复。
      第一轮已返回（deepseek-v4-flash，耗时 11.4 秒）：整体偏好=基本相同 | A={"评分标准理解正确性": 3, "证据依据性": 3, "关键决策信息覆盖度": 3, "无依据陈述控制": 3} | B={"评分标准理解正确性": 3, "证据依据性": 3, "关键决策信息覆盖度": 3, "无依据陈述控制": 3}
      第一轮判断依据：A和B均正确理解评分标准，明确引用具体部分和缺失信息，证据充分，覆盖关键决策信息，且无多余陈述，内容几乎一致。
    裁判 deepseek-v4-flash：正在发送第二轮请求……
      第二轮已返回（deepseek-v4-flash，耗时 2.5 秒）：A=支持 | B=支持
      第二轮判断依据：推理理由A和B均明确指出评论针对Table 1，并具体说明问题在于仅进行一次实验且未报告方差或平均性能，完全符合评分标准5的要求。
    两个主裁判意见一致，无需调用第三裁判。
    已解盲：A=LC | B=CC | gold=5 | LC 预测=5 | CC 预测=5
    最终汇总：整体偏好=基本相同 | LC 分数支持度=支持 | CC 分数支持度=支持
      LC 各维度：{"评分标准理解正确性": 3, "证据依据性": 3, "关键决策信息覆盖度": 3, "无依据陈述控制": 3}
      CC 各维度：{"评分标准理解正确性": 3, "证据依据性": 3, "关键决策信息覆盖度": 3, "无依据陈述控制": 3}
[34/50] 正在评测 grounding_specificity_test_0082 （LC、CC 均正确）
    裁判 glm-5.2：正在发送第一轮请求……
      第一轮已返回（glm-5.2，耗时 35.8 秒）：整体偏好=A 更好 | A={"评分标准理解正确性": 3, "证据依据性": 3, "关键决策信息覆盖度": 3, "无依据陈述控制": 3} | B={"评分标准理解正确性": 1, "证据依据性": 1, "关键决策信息覆盖度": 2, "无依据陈述控制": 1}
      第一轮判断依据：推理理由A准确理解了评分标准，正确识别出待评文本属于“无法确定具体部分但明确说明了需要解决的问题”的情况，并给出了合理的3分评价，证据充分且无矛盾。推理理由B在分析过程中出现严重自相矛盾，先错误地声称“没有清楚地说明该部分有什么错误或缺失”，紧接着又承认“确实说明了需要解决的问题（消融实验）”，这表明其对评分标准的理解和证据的提取均存在明显失误。
    裁判 glm-5.2：正在发送第二轮请求……
      第二轮已返回（glm-5.2，耗时 39.3 秒）：A=支持 | B=部分支持
      第二轮判断依据：待评文本未明确指出具体章节，但明确提出了需要增加消融研究的要求，符合评分标准中的3分定义。推理理由A准确指出了这两点，逻辑连贯，完全支持其预测分数3。推理理由B在阐述过程中存在自相矛盾，先声称“does not clearly specify what is wrong or missing in that part”（未清楚说明问题），随后又得出“but the comment does specify what needs to be addressed”（确实说明了需要解决的问题）的结论，这种逻辑断裂使其仅能部分支持预测分数3。
    裁判 deepseek-v4-flash：正在发送第一轮请求……
    裁判 deepseek-v4-flash 失败：Judge deepseek-v4-flash failed for audit_0034/round1: initial parse failed: reasoning_content: Response does not contain a JSON object; repair parse failed: reasoning_content: Response does not contain a JSON object
    因主裁判失败，调用第三裁判 MiniMax-M3。
    裁判 MiniMax-M3：正在发送第一轮请求……
      第一轮已返回（MiniMax-M3，耗时 3.4 秒）：整体偏好=A 更好 | A={"评分标准理解正确性": 3, "证据依据性": 3, "关键决策信息覆盖度": 3, "无依据陈述控制": 3} | B={"评分标准理解正确性": 3, "证据依据性": 2, "关键决策信息覆盖度": 2, "无依据陈述控制": 3}
      第一轮判断依据：A和B都正确理解了评分标准，判断该评论属于'弱定位'类别（分数3），即无法确定具体部分但明确指出了需要解决的问题。A准确指出'the whole method'及其'three components'无法让作者确定具体指向，但'which one is most important'和'add a detailed ablation study'明确说明了需要解决的问题。B的整体判断方向正确，但在关键信息覆盖上不如A精确：B说评论'没有清楚地说明该部分中缺少或错误的内容'，这与评分标准有矛盾——评分标准中分数3正是'评论清楚地说明了需要解决的问题'。此外，B没有像A那样清晰地对应到评分标准中的具体分数层级。因此A在关键决策信息覆盖度和证据依据性上略优于B。
    裁判 MiniMax-M3：正在发送第二轮请求……
      第二轮已返回（MiniMax-M3，耗时 3.0 秒）：A=支持 | B=支持
      第二轮判断依据：A的推理理由正确识别了评论未明确指向具体章节/图表，但清晰指出了需要解决的问题（哪个组件最重要及需消融实验），符合评分标准中分数3的定义（无法确定指向哪个部分，但明确指出了问题）。B的推理理由也得出了相同的结论，即评论虽然模糊但明确指出了问题（需要消融研究），因此也支持分数3。两者的推理与预测一致。
    已解盲：A=CC | B=LC | gold=3 | LC 预测=3 | CC 预测=3
    最终汇总：整体偏好=CC 更好 | LC 分数支持度=部分支持 | CC 分数支持度=支持
      LC 各维度：{"评分标准理解正确性": 2, "证据依据性": 1.5, "关键决策信息覆盖度": 2, "无依据陈述控制": 2}
      CC 各维度：{"评分标准理解正确性": 3, "证据依据性": 3, "关键决策信息覆盖度": 3, "无依据陈述控制": 3}
[35/50] 正在评测 grounding_specificity_test_0816 （LC、CC 均正确）
    裁判 glm-5.2：正在发送第一轮请求……
      第一轮已返回（glm-5.2，耗时 46.8 秒）：整体偏好=A 更好 | A={"评分标准理解正确性": 3, "证据依据性": 3, "关键决策信息覆盖度": 3, "无依据陈述控制": 3} | B={"评分标准理解正确性": 3, "证据依据性": 3, "关键决策信息覆盖度": 3, "无依据陈述控制": 3}
      第一轮判断依据：两者都正确理解了评分标准并得出了符合5分的逻辑结论，且无无依据陈述。但A更详细地引用了文本中的具体证据（如引用了具体句子和提及了Appendix C），并明确对齐了“score 5”，在证据依据性和关键信息覆盖度上表现略胜一筹。
    裁判 glm-5.2：正在发送第二轮请求……
      第二轮已返回（glm-5.2，耗时 23.6 秒）：A=支持 | B=支持
      第二轮判断依据：待评价文本明确指出了论文的“Section 5.2”和“Appendix C”，并提出了关于训练损失与配置之间关系的具体问题，符合评分标准中5分的要求（明确指出论文部分并清楚说明需要解决的问题）。推理理由A和B均准确分析了文本的这些特征，并正确对应了5分的评分标准，因此两者的推理理由均完全支持其预测分数。
    裁判 deepseek-v4-flash：正在发送第一轮请求……
    裁判 deepseek-v4-flash 失败：Judge deepseek-v4-flash failed for audit_0035/round1: initial parse failed: content: Expecting ',' delimiter: line 13 column 4 (char 174); reasoning_content: Response does not contain a JSON object; repair parse failed: reasoning_content: Invalid control character at: line 15 column 8 (char 201)
    因主裁判失败，调用第三裁判 MiniMax-M3。
    裁判 MiniMax-M3：正在发送第一轮请求……
      MiniMax-M3 第一轮返回已执行 JSON 格式修复。
      第一轮已返回（MiniMax-M3，耗时 7.3 秒）：整体偏好=基本相同 | A={"评分标准理解正确性": 3, "证据依据性": 3, "关键决策信息覆盖度": 3, "无依据陈述控制": 3} | B={"评分标准理解正确性": 3, "证据依据性": 3, "关键决策信息覆盖度": 3, "无依据陈述控制": 3}
      第一轮判断依据：A和B均正确理解了评分标准，识别出待评价文本明确提及Section 5.2并引用了具体句子，属于完全定位的情况；同时都指出评论明确提出了需要解决的问题（训练损失与H、RC1、RC2配置之间的关系），两个推理理由在证据引用、评分标准理解和关键决策信息覆盖方面表现一致，无无依据陈述。
    裁判 MiniMax-M3：正在发送第二轮请求……
      第二轮已返回（MiniMax-M3，耗时 2.8 秒）：A=支持 | B=支持
      第二轮判断依据：A和B的推理理由都指出评论明确提及了Section 5.2和具体引文，引用了Appendix C，并明确提出了关于训练损失与H、RC1、RC2配置之间关系的问题，既精确定位了论文的具体部分，也清晰指出了需要解决的具体问题，符合评分标准5的描述，因此均支持其预测分数5。
    已解盲：A=CC | B=LC | gold=5 | LC 预测=5 | CC 预测=5
    最终汇总：整体偏好=未形成多数意见 | LC 分数支持度=支持 | CC 分数支持度=支持
      LC 各维度：{"评分标准理解正确性": 3, "证据依据性": 3, "关键决策信息覆盖度": 3, "无依据陈述控制": 3}
      CC 各维度：{"评分标准理解正确性": 3, "证据依据性": 3, "关键决策信息覆盖度": 3, "无依据陈述控制": 3}
[36/50] 正在评测 grounding_specificity_test_0478 （仅 CC 正确）
    裁判 glm-5.2：正在发送第一轮请求……
      第一轮已返回（glm-5.2，耗时 46.4 秒）：整体偏好=A 更好 | A={"评分标准理解正确性": 3, "证据依据性": 3, "关键决策信息覆盖度": 3, "无依据陈述控制": 3} | B={"评分标准理解正确性": 1, "证据依据性": 2, "关键决策信息覆盖度": 1, "无依据陈述控制": 2}
      第一轮判断依据：推理理由A准确识别了待评文本的两个关键特征：未明确指向论文具体部分（“2”仅为评论编号）以及提出了具体的改进建议（引用Li et al. 2020并提出具体方法），从而正确应用了评分标准中的3分标准。推理理由B虽然正确指出未指向具体部分，但错误地认为评论是“泛泛的”，忽略了评论中明确提出的具体方法和建议，导致对评分标准的理解和关键信息覆盖存在严重缺陷。
    裁判 glm-5.2：正在发送第二轮请求……
      第二轮已返回（glm-5.2，耗时 31.8 秒）：A=支持 | B=不支持
      第二轮判断依据：待评价文本未明确指出论文的具体部分，但提出了具体的改进建议（使用基于音素的模型等），符合评分标准中3的描述。推理理由A准确识别了这两点特征并给出了分数3，故支持。推理理由B错误地认为该评论没有具体说明需要解决的问题，从而给出了分数2，与文本实际表现和评分标准不符，故不支持。
    裁判 deepseek-v4-flash：正在发送第一轮请求……
      deepseek-v4-flash 第一轮返回已执行 JSON 格式修复。
      第一轮已返回（deepseek-v4-flash，耗时 15.5 秒）：整体偏好=A 更好 | A={"评分标准理解正确性": 3, "证据依据性": 3, "关键决策信息覆盖度": 3, "无依据陈述控制": 3} | B={"评分标准理解正确性": 1, "证据依据性": 2, "关键决策信息覆盖度": 1, "无依据陈述控制": 1}
      第一轮判断依据：A准确理解评分标准，完整覆盖groundedness和specificity维度，且无无依据陈述；B错误判断评论为general，忽略specificity维度，且存在无依据陈述，因此A优于B。
    裁判 deepseek-v4-flash：正在发送第二轮请求……
      第二轮已返回（deepseek-v4-flash，耗时 7.1 秒）：A=支持 | B=不支持
      第二轮判断依据：A的推理准确指出评论虽未明确指向论文具体部分（弱grounded），但评论内容具体（提到Li et al. 2020及转化方法），符合评分标准中第3条（弱grounded但明确说明需要处理的内容），因此A支持3分。B的推理同样指出评论未指向具体部分，但错误地认为评论不具体，忽视了评论中明确提出的具体建议，因而其结论2分与推理不一致，B不支持其预测分数。
    两个主裁判意见一致，无需调用第三裁判。
    已解盲：A=CC | B=LC | gold=3 | LC 预测=2 | CC 预测=3
    最终汇总：整体偏好=CC 更好 | LC 分数支持度=不支持 | CC 分数支持度=支持
      LC 各维度：{"评分标准理解正确性": 1, "证据依据性": 2, "关键决策信息覆盖度": 1, "无依据陈述控制": 1.5}
      CC 各维度：{"评分标准理解正确性": 3, "证据依据性": 3, "关键决策信息覆盖度": 3, "无依据陈述控制": 3}
[37/50] 正在评测 grounding_specificity_test_0203 （LC、CC 均正确）
    裁判 glm-5.2：正在发送第一轮请求……
      第一轮已返回（glm-5.2，耗时 36.4 秒）：整体偏好=基本相同 | A={"评分标准理解正确性": 3, "证据依据性": 3, "关键决策信息覆盖度": 3, "无依据陈述控制": 3} | B={"评分标准理解正确性": 3, "证据依据性": 3, "关键决策信息覆盖度": 3, "无依据陈述控制": 3}
      第一轮判断依据：A和B都正确理解了评分标准，准确识别出待评价文本中明确提及了“Algorithm 1”和“scaling σ_k by 0.001”这两个关键证据。两者都清晰地解释了该评论既准确定位了论文的特定部分，又具体指出了需要解决的问题，符合5分标准。两者的推理过程、证据引用和关键信息覆盖度均表现完美，无明显差异。
    裁判 glm-5.2：正在发送第二轮请求……
      第二轮已返回（glm-5.2，耗时 16.9 秒）：A=支持 | B=支持
      第二轮判断依据：待评价文本明确指出了论文中的具体部分（Algorithm 1）以及具体的问题（为什么将σ_k缩放0.001以及如何确定该缩放因子）。这完全符合评分标准中5分的要求：明确提及了论文的对应部分，并且具体说明了需要解决的问题。A和B的推理理由均准确指出了这一点，因此都支持其预测分数5。
    裁判 deepseek-v4-flash：正在发送第一轮请求……
      第一轮已返回（deepseek-v4-flash，耗时 5.6 秒）：整体偏好=基本相同 | A={"评分标准理解正确性": 3, "证据依据性": 3, "关键决策信息覆盖度": 3, "无依据陈述控制": 3} | B={"评分标准理解正确性": 3, "证据依据性": 3, "关键决策信息覆盖度": 3, "无依据陈述控制": 3}
      第一轮判断依据：两者均准确识别了待评价文本中明确提及的Algorithm 1和σ_k缩放0.001这一具体部分，并准确指出该评论询问了缩放的理由和确定方式，符合评分标准中5分的定义。推理理由A和B在证据引用、关键信息覆盖上完全一致，且没有引入任何无依据的额外陈述，因此各维度评分相同，整体表现基本相同。
    裁判 deepseek-v4-flash：正在发送第二轮请求……
      第二轮已返回（deepseek-v4-flash，耗时 2.8 秒）：A=支持 | B=支持
      第二轮判断依据：两个推理理由均准确指出评论明确提及Algorithm 1并针对σ_k的缩放因子提出具体问题，完全符合评分标准5（明确指向具体部分且说明需要解决的问题），因此各自推理与预测分数一致。
    两个主裁判意见一致，无需调用第三裁判。
    已解盲：A=LC | B=CC | gold=5 | LC 预测=5 | CC 预测=5
    最终汇总：整体偏好=基本相同 | LC 分数支持度=支持 | CC 分数支持度=支持
      LC 各维度：{"评分标准理解正确性": 3, "证据依据性": 3, "关键决策信息覆盖度": 3, "无依据陈述控制": 3}
      CC 各维度：{"评分标准理解正确性": 3, "证据依据性": 3, "关键决策信息覆盖度": 3, "无依据陈述控制": 3}
[38/50] 正在评测 grounding_specificity_test_0228 （仅 LC 正确）
    裁判 glm-5.2：正在发送第一轮请求……
      第一轮已返回（glm-5.2，耗时 56.9 秒）：整体偏好=B 更好 | A={"评分标准理解正确性": 2, "证据依据性": 2, "关键决策信息覆盖度": 2, "无依据陈述控制": 2} | B={"评分标准理解正确性": 3, "证据依据性": 3, "关键决策信息覆盖度": 3, "无依据陈述控制": 3}
      第一轮判断依据：待评价文本是一个一般性提问，既未指明论文的具体部分，也未明确指出论文的错误或缺失内容。A将其过度解读为“明确指出了问题”，对评分标准中“明确说明需要解决的问题”的理解过于宽泛且有误。B准确判断了该文本未指明具体部分且未指明缺失内容，更符合评分标准的实际要求，推理依据更充分。
    裁判 glm-5.2：正在发送第二轮请求……
      第二轮已返回（glm-5.2，耗时 47.1 秒）：A=支持 | B=不支持
      第二轮判断依据：A的推理理由准确对应了评分标准中3分的定义（无法确定具体部分，但指出了需要解决的问题），逻辑自洽。B的推理理由描述的是无法确定具体部分且未说明需要解决的问题，这更符合2分的定义，而B却给出了1分，且该评论提到了具体术语并非“高度不具体”，因此B的推理理由与其预测分数不一致。
    裁判 deepseek-v4-flash：正在发送第一轮请求……
    裁判 deepseek-v4-flash 失败：Judge deepseek-v4-flash failed for audit_0038/round1: initial parse failed: content: Expecting ',' delimiter: line 2 column 66 (char 67); reasoning_content: Response does not contain a JSON object; repair parse failed: content: Expecting ',' delimiter: line 2 column 66 (char 67); reasoning_content: Expecting value: line 1 column 27 (char 26)
    因主裁判失败，调用第三裁判 MiniMax-M3。
    裁判 MiniMax-M3：正在发送第一轮请求……
      第一轮已返回（MiniMax-M3，耗时 3.2 秒）：整体偏好=A 更好 | A={"评分标准理解正确性": 3, "证据依据性": 2, "关键决策信息覆盖度": 2, "无依据陈述控制": 3} | B={"评分标准理解正确性": 2, "证据依据性": 2, "关键决策信息覆盖度": 2, "无依据陈述控制": 3}
      第一轮判断依据：A正确理解了评分标准，将该评论归类为弱定位但具体明确（对应3分），指出评论没有明确指向具体章节但清楚指出了需要关注的问题。B虽然正确指出评论未指向特定部分，但错误地认为评论没有指明需要解决的问题——实际上该评论明确询问了关于ab-initio重建方法在class averages上的替代方案，具有一定的具体性。在评分标准理解正确性和关键决策信息覆盖度上A优于B。
    裁判 MiniMax-M3：正在发送第二轮请求……
      第二轮已返回（MiniMax-M3，耗时 5.0 秒）：A=部分支持 | B=部分支持
      第二轮判断依据：A的推理指出评论没有明确指向具体部分，但问题本身比较具体（询问ab-initio重建方法），因此评3分有一定道理但不够充分，因为'是否还有其他方法'这类问题更像是补充性提问而非指出特定部分的不足。B的推理认为评论完全没有指向特定部分且不具体，评1分有一定依据，但该评论至少指出了与ab-initio重建方法相关的主题，并非完全无根据。两者的推理与各自预测分数部分吻合，但不能完全支持。
    已解盲：A=CC | B=LC | gold=1 | LC 预测=1 | CC 预测=3
    最终汇总：整体偏好=未形成多数意见 | LC 分数支持度=不支持 | CC 分数支持度=部分支持
      LC 各维度：{"评分标准理解正确性": 2.5, "证据依据性": 2.5, "关键决策信息覆盖度": 2.5, "无依据陈述控制": 3}
      CC 各维度：{"评分标准理解正确性": 2.5, "证据依据性": 2, "关键决策信息覆盖度": 2, "无依据陈述控制": 2.5}
[39/50] 正在评测 grounding_specificity_test_0976 （仅 CC 正确）
    裁判 glm-5.2：正在发送第一轮请求……
      第一轮已返回（glm-5.2，耗时 42.2 秒）：整体偏好=B 更好 | A={"评分标准理解正确性": 2, "证据依据性": 2, "关键决策信息覆盖度": 2, "无依据陈述控制": 3} | B={"评分标准理解正确性": 3, "证据依据性": 3, "关键决策信息覆盖度": 3, "无依据陈述控制": 3}
      第一轮判断依据：B准确识别了文本开头的“4.”是评论编号而非论文的特定部分，并完美对应了评分标准中的3分规则：作者无法确定具体部分，但评论清楚说明了需要解决的问题（缺少基线模型和数据集）并提供了具体例子。A虽然指出了未明确具体部分，但没有明确对应到具体的评分标准，且未对“4.”进行合理推断，关键决策信息覆盖不够全面。
    裁判 glm-5.2：正在发送第二轮请求……
      第二轮已返回（glm-5.2，耗时 29.6 秒）：A=不支持 | B=支持
      第二轮判断依据：待评文本指出了问题所在（缺少重要基线模型和数据集导致比较不全面）并给出了具体例子，符合评分标准中“清楚地说明了该部分需要解决什么”的要求。推理理由A也承认了这一点，但却给出了2分，而2分的要求是“评论没有说明该部分需要解决什么”，因此A的推理与其预测分数矛盾。推理理由B准确指出文本未明确具体部分但清楚说明了需要解决的问题，符合3分标准，推理与预测分数一致。
    裁判 deepseek-v4-flash：正在发送第一轮请求……
    裁判 deepseek-v4-flash 失败：Judge deepseek-v4-flash failed for audit_0039/round1: initial parse failed: reasoning_content: Response does not contain a JSON object; repair parse failed: reasoning_content: Response does not contain a JSON object
    因主裁判失败，调用第三裁判 MiniMax-M3。
    裁判 MiniMax-M3：正在发送第一轮请求……
      第一轮已返回（MiniMax-M3，耗时 18.2 秒）：整体偏好=B 更好 | A={"评分标准理解正确性": 2, "证据依据性": 2, "关键决策信息覆盖度": 2, "无依据陈述控制": 2} | B={"评分标准理解正确性": 3, "证据依据性": 3, "关键决策信息覆盖度": 3, "无依据陈述控制": 3}
      第一轮判断依据：B正确理解了评分标准中的'cannot confidently determine which part'与'clearly specifies what needs to be addressed'的组合，对应分数3。B指出'4.'只是评论编号而非论文部分引用，作者无法确定具体位置，但评论清楚地指出了问题（缺少重要baseline模型和数据集）并给出了具体例子（SimVLM、OFA），这恰好匹配评分标准中第3档的描述。A虽然也指出了问题不全面，但错误地认为评论缺乏外部引用就是不grounded，且未能正确应用评分标准中关于'cannot confidently determine which part'但'specifies what needs to be addressed'可得3分的关键判断，因此A对评分标准的理解不如B准确。A和B都基于待评价文本的证据进行推理，但B的判断更精确。
    裁判 MiniMax-M3：正在发送第二轮请求……
      第二轮已返回（MiniMax-M3，耗时 5.2 秒）：A=部分支持 | B=支持
      第二轮判断依据：A的推理指出评论未明确指明论文的具体部分（如章节、表格或图），因此认为缺乏具体引用，这部分合理。但A给出2分，理由是评论未明确指明部分且未说明该部分需要什么。然而该评论确实说明了缺少重要基线模型和数据集的问题，并给出了具体外部工作例子，所以A的低估不太合理，只能部分支持。B的推理指出'4.'是评论编号而非论文部分，评论未明确提及论文具体部分，审稿人无法确定指的是哪部分，但评论具体说明了比较不全面的问题并给出了具体外部例子，因此对应3分（无法确定具体部分但内容具体），B的推理与预测分数一致，给予支持。
    已解盲：A=LC | B=CC | gold=3 | LC 预测=2 | CC 预测=3
    最终汇总：整体偏好=CC 更好 | LC 分数支持度=不支持 | CC 分数支持度=支持
      LC 各维度：{"评分标准理解正确性": 2, "证据依据性": 2, "关键决策信息覆盖度": 2, "无依据陈述控制": 2.5}
      CC 各维度：{"评分标准理解正确性": 3, "证据依据性": 3, "关键决策信息覆盖度": 3, "无依据陈述控制": 3}
[40/50] 正在评测 grounding_specificity_test_0724 （LC、CC 均错误）
    裁判 glm-5.2：正在发送第一轮请求……
      第一轮已返回（glm-5.2，耗时 32.7 秒）：整体偏好=B 更好 | A={"评分标准理解正确性": 2, "证据依据性": 3, "关键决策信息覆盖度": 2, "无依据陈述控制": 3} | B={"评分标准理解正确性": 3, "证据依据性": 3, "关键决策信息覆盖度": 3, "无依据陈述控制": 3}
      第一轮判断依据：B准确地将待评文本映射到评分标准中的3分，明确指出了“无法确定具体部分”和“明确说明了需要解决的问题”这两个关键特征。A虽然正确识别出文本缺乏具体定位，但对“具体说明了问题”这一决定3分的关键信息覆盖不足，且未明确对齐评分标准。因此B在评分标准理解和关键决策信息覆盖上表现更优。
    裁判 glm-5.2：正在发送第二轮请求……
      第二轮已返回（glm-5.2，耗时 36.4 秒）：A=不支持 | B=支持
      第二轮判断依据：待评文本指出了方法复杂、组件相互影响且难以调优等具体问题，但未明确指出论文的具体部分（如某节、图表等）。根据评分标准，当无法确定具体部分但清楚说明需要解决的问题时应得3分。A的推理理由认为评论未说明需要解决的问题而给2分，与文本实际内容不符，故不支持。B的推理理由准确识别了文本“弱定位但具体”的特征，符合3分标准，故支持。
    裁判 deepseek-v4-flash：正在发送第一轮请求……
    裁判 deepseek-v4-flash 失败：Judge deepseek-v4-flash failed for audit_0040/round1: initial parse failed: reasoning_content: Response does not contain a JSON object; repair parse failed: reasoning_content: Response does not contain a JSON object
    因主裁判失败，调用第三裁判 MiniMax-M3。
    裁判 MiniMax-M3：正在发送第一轮请求……
      第一轮已返回（MiniMax-M3，耗时 3.8 秒）：整体偏好=B 更好 | A={"评分标准理解正确性": 2, "证据依据性": 2, "关键决策信息覆盖度": 2, "无依据陈述控制": 3} | B={"评分标准理解正确性": 3, "证据依据性": 2, "关键决策信息覆盖度": 3, "无依据陈述控制": 3}
      第一轮判断依据：B更准确地将该评论归类为弱定位但有具体内容（对应评分标准中的3分），明确指出'- W2'并非指向论文的具体部分，且评论虽有具体内容但无法确定具体参考位置。A虽然也认识到缺乏具体定位，但未准确对应到评分标准的具体分数层级，对评分标准的应用不如B精确。
    裁判 MiniMax-M3：正在发送第二轮请求……
      第二轮已返回（MiniMax-M3，耗时 3.8 秒）：A=支持 | B=支持
      第二轮判断依据：A的推理认为评论仅泛指'method'，未指明具体部分，内容虽有一定具体性但缺乏对论文特定区域的精确定位，因此无法确定针对哪个部分，这与分数2（不能确定评论针对哪部分，且未说明该部分需解决什么）一致。A的推理与预测分数2相符。

B的推理认为'- W2.'是审稿人编号，评论未明确提及论文的特定章节、表格或图，定位不明确，但评论具体指出了方法复杂性、组件间相互影响及调参困难等问题，与分数3（不能确定针对哪部分，但清楚说明了需要解决的内容）一致。B的推理与预测分数3相符。
    已解盲：A=LC | B=CC | gold=1 | LC 预测=2 | CC 预测=3
    最终汇总：整体偏好=CC 更好 | LC 分数支持度=部分支持 | CC 分数支持度=支持
      LC 各维度：{"评分标准理解正确性": 2, "证据依据性": 2.5, "关键决策信息覆盖度": 2, "无依据陈述控制": 3}
      CC 各维度：{"评分标准理解正确性": 3, "证据依据性": 2.5, "关键决策信息覆盖度": 3, "无依据陈述控制": 3}
[41/50] 正在评测 grounding_specificity_test_0327 （LC、CC 均正确）
    裁判 glm-5.2：正在发送第一轮请求……
      第一轮已返回（glm-5.2，耗时 29.7 秒）：整体偏好=基本相同 | A={"评分标准理解正确性": 3, "证据依据性": 3, "关键决策信息覆盖度": 3, "无依据陈述控制": 3} | B={"评分标准理解正确性": 3, "证据依据性": 3, "关键决策信息覆盖度": 3, "无依据陈述控制": 3}
      第一轮判断依据：A和B都准确理解了评分标准，正确识别出待评价文本明确指出了具体部分（Tables 5 and 6）以及需要解决的问题（缺少与VeLO-4000的比较及建议增加基线）。两者都从文本中提取了充分的证据支持其判断，覆盖了决定5分的关键信息，且均无无依据陈述。两者推理质量极高，表现基本一致。
    裁判 glm-5.2：正在发送第二轮请求……
      第二轮已返回（glm-5.2，耗时 20.0 秒）：A=支持 | B=支持
      第二轮判断依据：待评价文本明确指出了论文中的具体部分（Tables 5 and 6），并具体说明了该部分存在的问题（缺少与VeLO-4000的比较，并建议增加其他基线）。这完全符合评分标准中5分的定义：明确提及了论文的对应部分，并且具体说明了需要解决的问题。推理理由A和B均准确指出了这些要素，因此都支持其预测分数5。
    裁判 deepseek-v4-flash：正在发送第一轮请求……
    裁判 deepseek-v4-flash 失败：Judge deepseek-v4-flash failed for audit_0041/round1: initial parse failed: reasoning_content: Response does not contain a JSON object; repair parse failed: reasoning_content: Expecting property name enclosed in double quotes: line 1 column 18 (char 17)
    因主裁判失败，调用第三裁判 MiniMax-M3。
    裁判 MiniMax-M3：正在发送第一轮请求……
      第一轮已返回（MiniMax-M3，耗时 3.2 秒）：整体偏好=基本相同 | A={"评分标准理解正确性": 3, "证据依据性": 3, "关键决策信息覆盖度": 3, "无依据陈述控制": 3} | B={"评分标准理解正确性": 3, "证据依据性": 3, "关键决策信息覆盖度": 3, "无依据陈述控制": 3}
      第一轮判断依据：两个推理理由都正确识别了待评价文本中明确提到的'Tables 5 and 6'，并准确指出了缺失VeLO-4000对比的问题以及建议添加的额外基线。A和B的分析逻辑一致，覆盖了评分标准中的关键要素（具体定位和问题说明），最终结论也都指向分数5。两者的表达方式和详细程度略有不同，但核心判断相同，整体质量基本相当。
    裁判 MiniMax-M3：正在发送第二轮请求……
      第二轮已返回（MiniMax-M3，耗时 6.8 秒）：A=支持 | B=支持
      第二轮判断依据：A和B的推理理由都明确指出评论提到了'Tables 5 and 6'，精确定位了论文的具体部分，同时指出了缺失VeLO-4000的比较以及建议增加per-task tuned Adam和μAdam作为基线，评论既明确了位置又说明了需要解决的问题，符合评分标准中5分的描述。
    已解盲：A=CC | B=LC | gold=5 | LC 预测=5 | CC 预测=5
    最终汇总：整体偏好=基本相同 | LC 分数支持度=支持 | CC 分数支持度=支持
      LC 各维度：{"评分标准理解正确性": 3, "证据依据性": 3, "关键决策信息覆盖度": 3, "无依据陈述控制": 3}
      CC 各维度：{"评分标准理解正确性": 3, "证据依据性": 3, "关键决策信息覆盖度": 3, "无依据陈述控制": 3}
[42/50] 正在评测 grounding_specificity_test_0866 （LC、CC 均正确）
    裁判 glm-5.2：正在发送第一轮请求……
      第一轮已返回（glm-5.2，耗时 45.5 秒）：整体偏好=A 更好 | A={"评分标准理解正确性": 3, "证据依据性": 3, "关键决策信息覆盖度": 3, "无依据陈述控制": 3} | B={"评分标准理解正确性": 3, "证据依据性": 3, "关键决策信息覆盖度": 3, "无依据陈述控制": 3}
      第一轮判断依据：两者都准确理解了评分标准，正确识别出待评价文本未明确指出具体章节但清楚说明了需要解决的问题，从而对应评分标准中的3分。两者都提供了文本中的证据支持，且无无依据陈述。A略优于B，因为A明确将分析结论与具体的分数（score 3）对应起来，并且使用了更准确的术语“comment”而非B中的“answer”。
    裁判 glm-5.2：正在发送第二轮请求……
      第二轮已返回（glm-5.2，耗时 44.3 秒）：A=支持 | B=支持
      第二轮判断依据：A和B的推理理由均准确指出待评价文本没有明确提及具体的章节、表格或图表，导致作者无法自信地确定评论针对的具体部分，但同时都指出该评论明确说明了需要解决的问题（两阶段过程及对噪声的敏感性）。这一推理逻辑完全符合评分标准中对3分的定义（无法确定具体部分，但明确指出了需要解决的问题），因此两者的推理理由均支持其预测分数。
    裁判 deepseek-v4-flash：正在发送第一轮请求……
    裁判 deepseek-v4-flash 失败：Judge deepseek-v4-flash failed for audit_0042/round1: initial parse failed: reasoning_content: Response does not contain a JSON object; repair parse failed: reasoning_content: Expecting property name enclosed in double quotes: line 1 column 73 (char 72)
    因主裁判失败，调用第三裁判 MiniMax-M3。
    裁判 MiniMax-M3：正在发送第一轮请求……
      第一轮已返回（MiniMax-M3，耗时 11.0 秒）：整体偏好=A 更好 | A={"评分标准理解正确性": 3, "证据依据性": 3, "关键决策信息覆盖度": 3, "无依据陈述控制": 3} | B={"评分标准理解正确性": 2, "证据依据性": 2, "关键决策信息覆盖度": 2, "无依据陈述控制": 3}
      第一轮判断依据：A正确理解了评分标准，指出待评价文本未明确提及具体章节/表格/图，但明确指出了问题所在（两阶段流程的质疑和扩散过程对噪声的敏感性），与评分标准中'无法确定具体部分但清楚说明需解决的问题'对应分数3的判定一致。B虽然也识别了未指定具体部分和指出了问题，但在评分标准理解上有偏差，错误地将'指出了问题'归结为'what needs to be addressed'，且对分数对应关系的分析不如A准确。B存在一定程度的混淆，将'明确指定问题'和'what needs to be addressed'混为一谈。
    裁判 MiniMax-M3：正在发送第二轮请求……
      第二轮已返回（MiniMax-M3，耗时 2.8 秒）：A=支持 | B=支持
      第二轮判断依据：A和B的推理理由一致指出，待评价文本没有明确提及具体的章节、表格或图，因此无法确定具体指代哪一部分；但文本清楚说明了需要解决的问题（两阶段过程及扩散过程对噪声敏感性的影响），符合评分标准中第3档的定义，即'无法确定具体部分，但明确指出了需要解决的问题'，因此均支持其预测分数3分。
    已解盲：A=CC | B=LC | gold=3 | LC 预测=3 | CC 预测=3
    最终汇总：整体偏好=CC 更好 | LC 分数支持度=支持 | CC 分数支持度=支持
      LC 各维度：{"评分标准理解正确性": 2.5, "证据依据性": 2.5, "关键决策信息覆盖度": 2.5, "无依据陈述控制": 3}
      CC 各维度：{"评分标准理解正确性": 3, "证据依据性": 3, "关键决策信息覆盖度": 3, "无依据陈述控制": 3}
[43/50] 正在评测 grounding_specificity_test_0518 （LC、CC 均正确）
    裁判 glm-5.2：正在发送第一轮请求……
      第一轮已返回（glm-5.2，耗时 37.9 秒）：整体偏好=B 更好 | A={"评分标准理解正确性": 1, "证据依据性": 1, "关键决策信息覆盖度": 1, "无依据陈述控制": 1} | B={"评分标准理解正确性": 3, "证据依据性": 3, "关键决策信息覆盖度": 3, "无依据陈述控制": 3}
      第一轮判断依据：A错误地认为待评文本没有指出具体问题，完全忽略了“would bring more cost during inference”这一明确的问题描述，导致评分标准应用错误。B准确识别了“2.”作为序号可能带来的定位模糊性，并正确提取了文本中关于推理成本增加的具体问题描述，准确应用了“无法确定具体部分但清楚说明问题”的3分标准。因此B在所有维度上均优于A。
    裁判 glm-5.2：正在发送第二轮请求……
      第二轮已返回（glm-5.2，耗时 41.2 秒）：A=不支持 | B=支持
      第二轮判断依据：A的推理理由认为评论指出了特定部分但未说明具体问题，这对应评分标准中的4分，而非其预测的3分（3分要求无法确定部分但说明了问题），因此不支持。B的推理理由认为无法确定评论指向的具体部分，但明确指出了问题，这完全符合评分标准中3分的定义，因此支持。
    裁判 deepseek-v4-flash：正在发送第一轮请求……
      第一轮已返回（deepseek-v4-flash，耗时 8.8 秒）：整体偏好=B 更好 | A={"评分标准理解正确性": 1, "证据依据性": 2, "关键决策信息覆盖度": 1, "无依据陈述控制": 1} | B={"评分标准理解正确性": 3, "证据依据性": 3, "关键决策信息覆盖度": 3, "无依据陈述控制": 3}
      第一轮判断依据：A错误地认为评论未指出具体问题，实际上评论已明确说明'增加推理成本'，因此对评分标准的理解有偏差，且忽略了关键文本证据，存在无依据陈述。B准确识别出评论可能只是编号而非具体章节引用，同时正确应用了标准判断为弱接地但具体，即得分3，并且全面覆盖了关键信息，判断依据充分合理。
    裁判 deepseek-v4-flash：正在发送第二轮请求……
      第二轮已返回（deepseek-v4-flash，耗时 8.9 秒）：A=不支持 | B=支持
      第二轮判断依据：推理理由A认为评论虽然指出了一个具体部分（Image Region Batching），但未明确说明问题，这与评分标准中“明确指出部分但未说明需解决内容”对应分数4，而非其给出的3分，因此不支持。推理理由B认为评论中的“2.”可能并非指论文具体部分，作者难以确定所指，但评论明确指出了新增推理成本的问题，符合评分标准中“无法确定部分但明确说明需解决内容”的分数3，因此支持。
    两个主裁判意见一致，无需调用第三裁判。
    已解盲：A=LC | B=CC | gold=3 | LC 预测=3 | CC 预测=3
    最终汇总：整体偏好=CC 更好 | LC 分数支持度=不支持 | CC 分数支持度=支持
      LC 各维度：{"评分标准理解正确性": 1, "证据依据性": 1.5, "关键决策信息覆盖度": 1, "无依据陈述控制": 1}
      CC 各维度：{"评分标准理解正确性": 3, "证据依据性": 3, "关键决策信息覆盖度": 3, "无依据陈述控制": 3}
[44/50] 正在评测 grounding_specificity_test_0371 （LC、CC 均错误）
    裁判 glm-5.2：正在发送第一轮请求……
      第一轮已返回（glm-5.2，耗时 60.6 秒）：整体偏好=A 更好 | A={"评分标准理解正确性": 2, "证据依据性": 3, "关键决策信息覆盖度": 2, "无依据陈述控制": 2} | B={"评分标准理解正确性": 1, "证据依据性": 2, "关键决策信息覆盖度": 1, "无依据陈述控制": 1}
      第一轮判断依据：待评价文本明确指出了论文的特定部分（proposed parameter selection method）并指出了问题（缺乏创新，仅为RV方法的改编），应得5分。A虽然错误地认为文本未说明需要解决的问题（导致评分为4），但它正确识别了文本中指出的具体部分。B则完全忽略了文本中明确提到的“proposed parameter selection method”，错误地认为文本没有指向任何部分，这是严重的证据遗漏和判断错误。因此A在证据依据和关键信息覆盖上显著优于B。
    裁判 glm-5.2：正在发送第二轮请求……
      第二轮已返回（glm-5.2，耗时 56.2 秒）：A=不支持 | B=不支持
      第二轮判断依据：对于A，推理理由存在自相矛盾：前文承认评论指出了问题，后文却称没有具体说明需要解决的问题，且评论实际上明确指出了缺乏创新这一具体问题，因此不支持打4分的结论。对于B，推理理由错误地声称评论没有明确提及论文的任何部分，而评论中明确提到了“proposed parameter selection method”，因此不支持打3分的结论。
    裁判 deepseek-v4-flash：正在发送第一轮请求……
      第一轮已返回（deepseek-v4-flash，耗时 3.6 秒）：整体偏好=B 更好 | A={"评分标准理解正确性": 2, "证据依据性": 3, "关键决策信息覆盖度": 2, "无依据陈述控制": 2} | B={"评分标准理解正确性": 3, "证据依据性": 3, "关键决策信息覆盖度": 3, "无依据陈述控制": 3}
      第一轮判断依据：理由A将待评价文本中的序号“4.”误认为评论编号，而非论文具体部分，且认为评论未指明需要改进的内容，这导致其对评分标准的理解出现偏差，给出4分并不恰当。理由B正确识别出该评论没有明确指向论文的具体章节或图表，但清晰指出了问题所在（即方法缺乏实质性创新），符合3分的标准。理由B对评分标准的理解更准确，并且基于待评价文本中的证据进行判断，覆盖了关键决策信息，且没有引入无依据的推测。
    裁判 deepseek-v4-flash：正在发送第二轮请求……
      第二轮已返回（deepseek-v4-flash，耗时 5.7 秒）：A=部分支持 | B=不支持
      第二轮判断依据：A的判断认为评论明确提到参数选择方法但未具体说明需要解决的问题，因此给4分。但评论中已指出该方法只是RV方法的直接改编且无实质创新，这实际上已指明具体问题，所以A的评分理由部分成立但不够准确。B的判断认为评论没有明确涉及论文具体部分，但事实上评论明确指出'proposed parameter selection method'，因此B的理由与事实不符，不支持其3分的预测。
    因主裁判分歧，调用第三裁判 MiniMax-M3。
    裁判 MiniMax-M3：正在发送第一轮请求……
      第一轮已返回（MiniMax-M3，耗时 3.1 秒）：整体偏好=B 更好 | A={"评分标准理解正确性": 2, "证据依据性": 2, "关键决策信息覆盖度": 2, "无依据陈述控制": 2} | B={"评分标准理解正确性": 3, "证据依据性": 3, "关键决策信息覆盖度": 3, "无依据陈述控制": 3}
      第一轮判断依据：A将'proposed parameter selection method'视为明确指出了论文的具体部分，给予4分，但该评论实际上并未提及具体章节、表格或图，编号'4.'更像评论序号而非论文部分，因此A的评分标准理解有偏差。B正确指出'4.'是评论编号而非论文章节引用，作者无法确定具体指向哪一部分，但评论清晰指出了问题所在（方法缺乏创新，仅为RV方法的简单改编），符合3分标准。B在评分标准理解、证据依据、关键信息覆盖和无依据陈述控制方面均优于A。
    裁判 MiniMax-M3：正在发送第二轮请求……
      第二轮已返回（MiniMax-M3，耗时 2.9 秒）：A=支持 | B=支持
      第二轮判断依据：待评价文本提到'proposed parameter selection method'，虽然没有明确指出具体的章节、表格或图号，但明确指向了论文中的参数选择方法这一特定部分，并指出了其缺乏方法创新的问题。A的推理认为这符合评分标准4（明确提到论文哪部分但不具体说明需要解决的问题），B的推理认为这符合评分标准3（无法确定具体哪部分，但清楚说明了需要解决的问题）。两个推理各自从不同角度解释了评分标准，逻辑上与各自给出的分数一致，均可视为支持。
    已解盲：A=LC | B=CC | gold=1 | LC 预测=4 | CC 预测=3
    最终汇总：整体偏好=CC 更好 | LC 分数支持度=部分支持 | CC 分数支持度=不支持
      LC 各维度：{"评分标准理解正确性": 2, "证据依据性": 2.6666666666666665, "关键决策信息覆盖度": 2, "无依据陈述控制": 2}
      CC 各维度：{"评分标准理解正确性": 2.3333333333333335, "证据依据性": 2.6666666666666665, "关键决策信息覆盖度": 2.3333333333333335, "无依据陈述控制": 2.3333333333333335}
[45/50] 正在评测 grounding_specificity_test_0845 （LC、CC 均正确）
    裁判 glm-5.2：正在发送第一轮请求……
      第一轮已返回（glm-5.2，耗时 30.4 秒）：整体偏好=A 更好 | A={"评分标准理解正确性": 3, "证据依据性": 3, "关键决策信息覆盖度": 3, "无依据陈述控制": 3} | B={"评分标准理解正确性": 3, "证据依据性": 3, "关键决策信息覆盖度": 3, "无依据陈述控制": 3}
      第一轮判断依据：两者都正确理解了评分标准并得出了正确的分数3。它们都准确指出待评文本未明确指向论文的具体部分，但清楚说明了需要解决的问题。A的理由稍微更好一些，因为它明确解释了文本开头的“3.”是审稿意见的编号而非论文的章节号，这为“无法确定具体部分”提供了更坚实的证据支持。
    裁判 glm-5.2：正在发送第二轮请求……
      第二轮已返回（glm-5.2，耗时 20.7 秒）：A=支持 | B=支持
      第二轮判断依据：待评价文本未明确指出论文的具体部分（如章节、图表等），但明确指出了需要解决的问题（需要更好地说明建模物理耦合的动机）。这完全符合评分标准中3分的定义：“作者无法自信地确定评论针对哪部分。然而，评论明确说明了需要在这部分解决什么问题。”因此，推理理由A和B的分析均准确，且都支持其给出的预测分数3。
    裁判 deepseek-v4-flash：正在发送第一轮请求……
    裁判 deepseek-v4-flash 失败：Judge deepseek-v4-flash failed for audit_0045/round1: initial parse failed: reasoning_content: Response does not contain a JSON object; repair parse failed: reasoning_content: Response does not contain a JSON object
    因主裁判失败，调用第三裁判 MiniMax-M3。
    裁判 MiniMax-M3：正在发送第一轮请求……
      第一轮已返回（MiniMax-M3，耗时 3.2 秒）：整体偏好=基本相同 | A={"评分标准理解正确性": 3, "证据依据性": 3, "关键决策信息覆盖度": 3, "无依据陈述控制": 3} | B={"评分标准理解正确性": 3, "证据依据性": 3, "关键决策信息覆盖度": 3, "无依据陈述控制": 3}
      第一轮判断依据：A和B两个推理理由都正确理解了评分标准，均指出该评论虽然未明确指向论文的具体部分，但清楚地说明了需要解决什么内容（关于物理耦合建模的动机），因此都给出了评分3的结论。两者在四个维度上的表现基本相同，都没有无依据陈述，逻辑一致。
    裁判 MiniMax-M3：正在发送第二轮请求……
      第二轮已返回（MiniMax-M3，耗时 3.8 秒）：A=支持 | B=支持
      第二轮判断依据：A和B的推理理由都指出该评论没有明确引用论文的具体部分（章节、表格、图形等），'3.'只是评论编号而非论文部分的引用，因此作者无法确定评论针对的具体位置。但评论内容本身明确指出了需要解决的问题——需要对多物理场耦合建模的挑战性和重要性提供更好的动机。因此，评论属于'无法确定针对哪个部分，但清楚说明了需要解决的问题'，对应评分标准中的3分。两者的推理理由与预测分数一致。
    已解盲：A=CC | B=LC | gold=3 | LC 预测=3 | CC 预测=3
    最终汇总：整体偏好=未形成多数意见 | LC 分数支持度=支持 | CC 分数支持度=支持
      LC 各维度：{"评分标准理解正确性": 3, "证据依据性": 3, "关键决策信息覆盖度": 3, "无依据陈述控制": 3}
      CC 各维度：{"评分标准理解正确性": 3, "证据依据性": 3, "关键决策信息覆盖度": 3, "无依据陈述控制": 3}
[46/50] 正在评测 grounding_specificity_test_0780 （LC、CC 均正确）
    裁判 glm-5.2：正在发送第一轮请求……
      第一轮已返回（glm-5.2，耗时 40.6 秒）：整体偏好=B 更好 | A={"评分标准理解正确性": 2, "证据依据性": 3, "关键决策信息覆盖度": 2, "无依据陈述控制": 3} | B={"评分标准理解正确性": 3, "证据依据性": 3, "关键决策信息覆盖度": 3, "无依据陈述控制": 3}
      第一轮判断依据：B更准确地理解了评分标准并明确映射到了5分，同时更全面地覆盖了待评文本中提出的具体问题（如集合P的含义、元素的维度归属、状态函数的作用等）。A虽然也提取了证据，但错误地将问题局限于补充材料部分，而原文实际上是要求在主文本中解释这些来自补充材料的细节，且A未明确给出最终评分结论。
    裁判 glm-5.2：正在发送第二轮请求……
      第二轮已返回（glm-5.2，耗时 53.6 秒）：A=支持 | B=支持
      第二轮判断依据：A和B的推理理由都正确识别了待评价文本中明确指出的具体部分（如集合P、状态函数等）以及需要解决的具体问题，符合评分标准中5分的要求（明确指出部分并说明需要解决的问题）。虽然A对问题所在位置（补充材料还是主文）的表述略有偏差，但整体逻辑依然支持5分的预测。
    裁判 deepseek-v4-flash：正在发送第一轮请求……
      deepseek-v4-flash 第一轮返回已执行 JSON 格式修复。
      第一轮已返回（deepseek-v4-flash，耗时 15.1 秒）：整体偏好=基本相同 | A={"评分标准理解正确性": 1, "证据依据性": 1, "关键决策信息覆盖度": 1, "无依据陈述控制": 1} | B={"评分标准理解正确性": 1, "证据依据性": 1, "关键决策信息覆盖度": 1, "无依据陈述控制": 1}
      第一轮判断依据：A和B均正确理解了评分标准，均以文本中的具体证据为依据，覆盖了关键决策信息，且没有无依据陈述，因此整体偏好为基本相同。
    裁判 deepseek-v4-flash：正在发送第二轮请求……
      第二轮已返回（deepseek-v4-flash，耗时 6.2 秒）：A=支持 | B=支持
      第二轮判断依据：两个推理理由均准确指出评论明确提及了具体部分（如补充材料、集合P、状态hat{x}等），且明确说明了需要作者解释的问题，完全符合评分标准中5分的要求：明确指向论文具体部分并具体说明需要解决的内容。因此，两个推理理由均充分支持各自的预测分数。
    因主裁判分歧，调用第三裁判 MiniMax-M3。
    裁判 MiniMax-M3：正在发送第一轮请求……
      MiniMax-M3 第一轮返回已执行 JSON 格式修复。
      第一轮已返回（MiniMax-M3，耗时 6.2 秒）：整体偏好=B 更好 | A={"评分标准理解正确性": 3, "证据依据性": 2, "关键决策信息覆盖度": 2, "无依据陈述控制": 2} | B={"评分标准理解正确性": 3, "证据依据性": 3, "关键决策信息覆盖度": 3, "无依据陈述控制": 3}
      第一轮判断依据：B对评论的定位更准确，明确指出了评论涉及的具体要素（set P、(x,u)的表示、\hat{x}的状态函数等），并且详细说明了每个要素需要解决的具体问题（如set P代表什么、是否包含所有非饱和对、为什么(x,u)属于R^{n*m}等），覆盖了评分标准中'明确提及论文哪部分'和'具体说明需要解决的问题'两个关键维度。A虽然也提到了一些要素，但对'具体需要解决什么'的分析不够详细，证据依据性较弱。因此B整体优于A。
    裁判 MiniMax-M3：正在发送第二轮请求……
      MiniMax-M3 第二轮返回已执行 JSON 格式修复。
      第二轮已返回（MiniMax-M3，耗时 10.8 秒）：A=支持 | B=支持
      第二轮判断依据：A和B的推理理由都正确识别了待评文本中提到的具体内容（如'set P'、'supplementary material'、'\hat{x}的函数'等），并指出这些是论文中可定位的独特方面。两者都认为评论明确指出了需要补充的具体内容，符合评分标准中5分的要求。推理理由与预测分数一致。
    已解盲：A=LC | B=CC | gold=5 | LC 预测=5 | CC 预测=5
    最终汇总：整体偏好=CC 更好 | LC 分数支持度=支持 | CC 分数支持度=支持
      LC 各维度：{"评分标准理解正确性": 2, "证据依据性": 2, "关键决策信息覆盖度": 1.6666666666666667, "无依据陈述控制": 2}
      CC 各维度：{"评分标准理解正确性": 2.3333333333333335, "证据依据性": 2.3333333333333335, "关键决策信息覆盖度": 2.3333333333333335, "无依据陈述控制": 2.3333333333333335}
[47/50] 正在评测 grounding_specificity_test_0489 （LC、CC 均正确）
    裁判 glm-5.2：正在发送第一轮请求……
      第一轮已返回（glm-5.2，耗时 79.9 秒）：整体偏好=基本相同 | A={"评分标准理解正确性": 1, "证据依据性": 2, "关键决策信息覆盖度": 2, "无依据陈述控制": 3} | B={"评分标准理解正确性": 1, "证据依据性": 2, "关键决策信息覆盖度": 2, "无依据陈述控制": 3}
      第一轮判断依据：A和B都犯了相同的评分标准理解错误：二者均认为评论必须明确提到section/table/figure才算grounded，从而判定作者无法确定所指部分并给出3分。然而，评分标准中4分和5分明确包含'or it should be obvious to the authors'这一条件。评论中提到的'buyer valuation is a linear function of a good's features'是一个具体的、独特的模型设定，对论文作者而言应当是明显可识别的，因此该评论实际上应得4分或5分。两者都引用了文本中的具体证据（线性函数假设、相关工作引用），且无无依据陈述，但在关键决策上因对评分标准的误解而导致判断失误。A明确给出了分数3，B虽未明确给分但分析逻辑与A一致，故整体基本相同。
    裁判 glm-5.2：正在发送第二轮请求……
    裁判 glm-5.2 失败：Judge glm-5.2 failed for audit_0047/round2: Remote end closed connection without response
    裁判 deepseek-v4-flash：正在发送第一轮请求……
      deepseek-v4-flash 第一轮返回已执行 JSON 格式修复。
      第一轮已返回（deepseek-v4-flash，耗时 15.1 秒）：整体偏好=基本相同 | A={"评分标准理解正确性": 1, "证据依据性": 1, "关键决策信息覆盖度": 1, "无依据陈述控制": 1} | B={"评分标准理解正确性": 1, "证据依据性": 1, "关键决策信息覆盖度": 1, "无依据陈述控制": 1}
      第一轮判断依据：两者都正确理解了评分标准，基于评论内容提供了具体证据，覆盖了关键决策信息，且没有无依据陈述。
    裁判 deepseek-v4-flash：正在发送第二轮请求……
      第二轮已返回（deepseek-v4-flash，耗时 8.8 秒）：A=支持 | B=支持
      第二轮判断依据：A和B的推理均准确描述了评分标准中得分为3的情形：评论未明确指向具体章节，但清楚说明了需要解决的问题（买家估值线性假设不现实），并引用了相关外部工作。因此，两者均支持预测分数3。
    因主裁判失败，调用第三裁判 MiniMax-M3。
    裁判 MiniMax-M3：正在发送第一轮请求……
      第一轮已返回（MiniMax-M3，耗时 4.8 秒）：整体偏好=基本相同 | A={"评分标准理解正确性": 3, "证据依据性": 3, "关键决策信息覆盖度": 3, "无依据陈述控制": 3} | B={"评分标准理解正确性": 3, "证据依据性": 3, "关键决策信息覆盖度": 3, "无依据陈述控制": 3}
      第一轮判断依据：A和B都正确理解了评分标准的核心：评论未明确指向论文的具体章节或图表，因此无法确定具体位置（对应分数3的关键判断），但评论明确指出了具体问题（线性函数的假设不现实）和具体参考文献。A直接得出'对齐score 3'的结论并给出充分理由；B进行了更详细的分析描述，但最终结论一致。两者在四个维度上表现相当，没有实质差异。
    裁判 MiniMax-M3：正在发送第二轮请求……
      第二轮已返回（MiniMax-M3，耗时 2.7 秒）：A=部分支持 | B=支持
      第二轮判断依据：A和B都正确指出评论没有明确提到具体的章节、表格或图，因此作者无法确定具体被指出的部分。但评论确实清楚说明了问题所在（线性函数假设不现实，并引用了相关具体工作如Mao等人和Leme等人的研究）。这符合评分标准中第3档的定义：作者无法自信确定评论指向哪一部分，但评论清楚地指出了需要处理什么内容。A的推理基本支持其分数判断，B的推理完全支持其分数判断。
    已解盲：A=CC | B=LC | gold=3 | LC 预测=3 | CC 预测=3
    最终汇总：整体偏好=基本相同 | LC 分数支持度=支持 | CC 分数支持度=部分支持
      LC 各维度：{"评分标准理解正确性": 2, "证据依据性": 2, "关键决策信息覆盖度": 2, "无依据陈述控制": 2}
      CC 各维度：{"评分标准理解正确性": 2, "证据依据性": 2, "关键决策信息覆盖度": 2, "无依据陈述控制": 2}
[48/50] 正在评测 grounding_specificity_test_0878 （LC、CC 均错误）
    裁判 glm-5.2：正在发送第一轮请求……
      第一轮已返回（glm-5.2，耗时 28.3 秒）：整体偏好=A 更好 | A={"评分标准理解正确性": 3, "证据依据性": 3, "关键决策信息覆盖度": 3, "无依据陈述控制": 3} | B={"评分标准理解正确性": 1, "证据依据性": 1, "关键决策信息覆盖度": 1, "无依据陈述控制": 1}
      第一轮判断依据：推理理由A准确识别了待评价文本中指出的具体问题（即方法、假设和系统难以理解），并正确应用了评分标准得出3分。而推理理由B错误地声称文本没有说明需要解决的问题，这与待评价文本的实际内容相悖，导致其评分标准理解和证据依据均存在严重错误。
    裁判 glm-5.2：正在发送第二轮请求……
      第二轮已返回（glm-5.2，耗时 26.4 秒）：A=支持 | B=不支持
      第二轮判断依据：待评价文本虽然未明确指出具体章节，但指出了“method, primary assumptions and overall system”难以理解，即指出了需要解决的问题。A的推理理由准确识别了这一点并给出3分，故支持；B的推理理由错误地认为文本未指出需要解决的问题，与事实不符，故不支持。
    裁判 deepseek-v4-flash：正在发送第一轮请求……
      deepseek-v4-flash 第一轮返回已执行 JSON 格式修复。
      第一轮已返回（deepseek-v4-flash，耗时 15.9 秒）：整体偏好=A 更好 | A={"评分标准理解正确性": 3, "证据依据性": 3, "关键决策信息覆盖度": 3, "无依据陈述控制": 3} | B={"评分标准理解正确性": 1, "证据依据性": 1, "关键决策信息覆盖度": 1, "无依据陈述控制": 1}
      第一轮判断依据：推理A正确理解评分标准，指出评论弱有根据但具体，对应3分，且有文本证据支持；推理B误判评论为完全没有根据，且未充分覆盖关键信息。
    裁判 deepseek-v4-flash：正在发送第二轮请求……
      第二轮已返回（deepseek-v4-flash，耗时 7.7 秒）：A=支持 | B=不支持
      第二轮判断依据：A的推理正确指出评论未明确指定具体章节或图表，但明确说明了需要解决的问题（方法、主要假设和整体系统难以理解），符合评分标准3的特征，因此支持其预测分数。B的推理忽略评论中明确指出的'method, primary assumptions, overall system'等具体内容，错误地认为没有说明需要解决的问题，因此不支持其预测分数1。
    两个主裁判意见一致，无需调用第三裁判。
    已解盲：A=CC | B=LC | gold=2 | LC 预测=1 | CC 预测=3
    最终汇总：整体偏好=CC 更好 | LC 分数支持度=不支持 | CC 分数支持度=支持
      LC 各维度：{"评分标准理解正确性": 1, "证据依据性": 1, "关键决策信息覆盖度": 1, "无依据陈述控制": 1}
      CC 各维度：{"评分标准理解正确性": 3, "证据依据性": 3, "关键决策信息覆盖度": 3, "无依据陈述控制": 3}
[49/50] 正在评测 grounding_specificity_test_0675 （仅 CC 正确）
    裁判 glm-5.2：正在发送第一轮请求……
      第一轮已返回（glm-5.2，耗时 60.2 秒）：整体偏好=A 更好 | A={"评分标准理解正确性": 3, "证据依据性": 3, "关键决策信息覆盖度": 3, "无依据陈述控制": 2} | B={"评分标准理解正确性": 1, "证据依据性": 1, "关键决策信息覆盖度": 1, "无依据陈述控制": 1}
      第一轮判断依据：推理理由A准确识别了待评价文本指出了问题所在（缺乏动机和与现有工作的比较），并得出了符合5分标准的结论。尽管A在表述上将外部文献[4]误称为论文的部分，但整体逻辑正确。推理理由B错误地认为该评论没有明确说明需要解决的问题，完全忽略了文本中关于动机和比较的明确疑问，导致对评分标准的理解和最终判断严重失误。
    裁判 glm-5.2：正在发送第二轮请求……
      第二轮已返回（glm-5.2，耗时 66.7 秒）：A=部分支持 | B=不支持
      第二轮判断依据：待评价文本明确指出了论文中的“the framework proposed in this paper”，并具体指出了需要解决的问题（即与已有工作的动机和比较）。因此，该评论符合5分标准。推理A的结论（5分）是正确的，但其理由中错误地认为引用外部文献[4]是定位论文部分的原因，不过其后续关于指出具体问题的分析是合理的，故为部分支持。推理B认为评论没有明确指出论文的具体部分，也没有说明需要解决的问题，这与文本内容相悖，且预测分数3分也不正确，故为不支持。
    裁判 deepseek-v4-flash：正在发送第一轮请求……
    裁判 deepseek-v4-flash 失败：Judge deepseek-v4-flash failed for audit_0049/round1: initial parse failed: reasoning_content: Response does not contain a JSON object; repair parse failed: reasoning_content: Response does not contain a JSON object
    因主裁判失败，调用第三裁判 MiniMax-M3。
    裁判 MiniMax-M3：正在发送第一轮请求……
      第一轮已返回（MiniMax-M3，耗时 5.8 秒）：整体偏好=基本相同 | A={"评分标准理解正确性": 2, "证据依据性": 2, "关键决策信息覆盖度": 2, "无依据陈述控制": 2} | B={"评分标准理解正确性": 2, "证据依据性": 2, "关键决策信息覆盖度": 2, "无依据陈述控制": 2}
      第一轮判断依据：A和B都正确识别了待评评论指向的是论文的动机和对比部分，但两者都存在过度解读的问题。待评评论提到'some works (e.g., [4] Lemma 2.1-2.3)'引用的是外部文献而非论文自身的某个具体章节、表格或图。评论针对的是论文整体的动机贡献部分，并未精确指向论文中某个具体位置。A的评价过于乐观地认为评论精确指出了论文的具体部分；B则正确指出了评论缺乏对论文内部具体部分的明确指向，但仍然认为评论部分地指出了一些问题。两者在核心分析上各有偏差，整体质量基本相同。
    裁判 MiniMax-M3：正在发送第二轮请求……
      第二轮已返回（MiniMax-M3，耗时 4.1 秒）：A=部分支持 | B=部分支持
      第二轮判断依据：A认为评论提到[4] Lemma 2.1-2.3可精确定位，但实际上这是外部文献而非论文内部的具体部分，且未明确指向论文中的哪一节或公式，只是笼统地问框架动机，定位不够精确，因此只能部分支持5分。B指出评论未明确指向论文具体部分，这正确，但B给3分的理由——评论未指定需要解决的内容——与原文实际有一定依据（提出了动机和比较的问题），所以B的推理部分支持其预测分数。
    已解盲：A=CC | B=LC | gold=5 | LC 预测=3 | CC 预测=5
    最终汇总：整体偏好=未形成多数意见 | LC 分数支持度=不支持 | CC 分数支持度=部分支持
      LC 各维度：{"评分标准理解正确性": 1.5, "证据依据性": 1.5, "关键决策信息覆盖度": 1.5, "无依据陈述控制": 1.5}
      CC 各维度：{"评分标准理解正确性": 2.5, "证据依据性": 2.5, "关键决策信息覆盖度": 2.5, "无依据陈述控制": 2}
[50/50] 正在评测 grounding_specificity_test_0939 （LC、CC 均正确）
    裁判 glm-5.2：正在发送第一轮请求……
      第一轮已返回（glm-5.2，耗时 32.3 秒）：整体偏好=A 更好 | A={"评分标准理解正确性": 3, "证据依据性": 3, "关键决策信息覆盖度": 3, "无依据陈述控制": 3} | B={"评分标准理解正确性": 3, "证据依据性": 2, "关键决策信息覆盖度": 2, "无依据陈述控制": 3}
      第一轮判断依据：A和B都正确理解了评分标准并给出了正确的分数5。但A全面覆盖了待评价文本中的两个具体问题（公式1-4中信息使用不明确，以及L175-176中“as an example”含义不明确），而B虽然提到了L175和L176，但在具体说明问题时只提到了公式1-4的问题，遗漏了关于L175-176的具体问题描述，因此在证据依据性和关键决策信息覆盖度上不如A。
    裁判 glm-5.2：正在发送第二轮请求……
      第二轮已返回（glm-5.2，耗时 26.3 秒）：A=支持 | B=支持
      第二轮判断依据：待评价文本明确指出了论文的具体部分（figure 1 caption, equations 1-4, L175和L176），并清楚说明了存在的问题（公式中未体现错误和纠正短语的使用，以及L175-176的表述不清）。这完全符合评分标准中5分的要求。推理理由A和B均准确抓住了文本中定位精准且问题说明清晰的特征，因此都支持其给出的5分预测。
    裁判 deepseek-v4-flash：正在发送第一轮请求……
      第一轮已返回（deepseek-v4-flash，耗时 3.3 秒）：整体偏好=基本相同 | A={"评分标准理解正确性": 3, "证据依据性": 3, "关键决策信息覆盖度": 3, "无依据陈述控制": 3} | B={"评分标准理解正确性": 3, "证据依据性": 3, "关键决策信息覆盖度": 3, "无依据陈述控制": 3}
      第一轮判断依据：A和B均正确理解了评分标准，准确指出了评论文本明确提及图表标题、公式1-4以及具体行号，且具体说明了问题所在，符合5分标准。两者均基于待评价文本中的证据，覆盖了关键决策信息，且没有无依据的陈述。因此四个维度评分相同，整体偏好为基本相同。
    裁判 deepseek-v4-flash：正在发送第二轮请求……
      第二轮已返回（deepseek-v4-flash，耗时 4.0 秒）：A=支持 | B=支持
      第二轮判断依据：两条推理理由均准确指出待评价文本明确提及figure 1 caption、equations 1-4以及L175和L176等具体部分，并详细说明了问题所在：等式未体现错误短语和纠正短语的使用，以及‘as an example’含义不清。这完全符合评分标准中5分的要求，即评论明确指向具体部分且详述了需解决的问题，因此推理理由支持各自的预测分数。
    因主裁判分歧，调用第三裁判 MiniMax-M3。
    裁判 MiniMax-M3：正在发送第一轮请求……
      第一轮已返回（MiniMax-M3，耗时 3.3 秒）：整体偏好=基本相同 | A={"评分标准理解正确性": 3, "证据依据性": 3, "关键决策信息覆盖度": 3, "无依据陈述控制": 3} | B={"评分标准理解正确性": 3, "证据依据性": 3, "关键决策信息覆盖度": 3, "无依据陈述控制": 3}
      第一轮判断依据：A和B均正确理解了评分标准，指出评论明确提及'figure 1 caption'、'equations 1-4'和'L175 and L176'，并具体说明了问题所在（错误短语和纠正短语的使用不清晰、'as an example'的含义不明），均给出了5分的合理判断。两者在四个维度上表现基本相同，均有充分的待评价文本证据支持，无无依据陈述。
    裁判 MiniMax-M3：正在发送第二轮请求……
      第二轮已返回（MiniMax-M3，耗时 3.8 秒）：A=支持 | B=支持
      第二轮判断依据：A和B的推理理由都明确指出待评文本提到了'figure 1 caption'、'equations 1-4'以及'L175 and L176'等具体位置，并且详细说明了存在的问题（公式中未体现错误短语和修正短语的使用，以及'as an example'含义不清）。这说明评论既明确指出了论文的具体部分，也具体说明了需要改进的内容，符合评分标准中5分的要求，因此推理理由均支持其各自的预测分数。
    已解盲：A=CC | B=LC | gold=5 | LC 预测=5 | CC 预测=5
    最终汇总：整体偏好=基本相同 | LC 分数支持度=支持 | CC 分数支持度=支持
      LC 各维度：{"评分标准理解正确性": 3, "证据依据性": 2.6666666666666665, "关键决策信息覆盖度": 2.6666666666666665, "无依据陈述控制": 3}
      CC 各维度：{"评分标准理解正确性": 3, "证据依据性": 3, "关键决策信息覆盖度": 3, "无依据陈述控制": 3}
分析报告已写入 /home/messi/pyprojects/paper/my-small-paper/outputs/rationale_audits/all_tasks_50_seed42_20260824_193234/rev_util_grounding_specificity/analysis.md
即将向 https://api.openbitfun.com/v1 发送 50 个盲化配对样本
[1/50] 正在评测 grounding_specificity_test_0467 （LC、CC 均错误）
    裁判 glm-5.2：正在发送第一轮请求……
      第一轮已返回（glm-5.2，耗时 51.5 秒）：整体偏好=B 更好 | A={"评分标准理解正确性": 1, "证据依据性": 2, "关键决策信息覆盖度": 2, "无依据陈述控制": 1} | B={"评分标准理解正确性": 3, "证据依据性": 3, "关键决策信息覆盖度": 3, "无依据陈述控制": 2}
      第一轮判断依据：A错误地认为“appendix”和“related work”不足以让作者确定评论针对的具体部分，从而将其判定为3分，这严重违背了评分标准中对“明确指出部分”的理解。B正确识别了“appendix”为具体部分，并认为评论指出了具体问题，符合5分的标准。尽管B的表述中存在一处轻微的逻辑矛盾（先说未指出问题，后又说指出了问题），但其对评分标准的整体理解和关键决策的判断明显优于A。
    裁判 glm-5.2：正在发送第二轮请求……
      第二轮已返回（glm-5.2，耗时 37.6 秒）：A=不支持 | B=支持
      第二轮判断依据：待评价文本明确提到了“the appendix of this draft”（草稿的附录）和“Related work”（相关工作）等具体部分，并指出了这些部分存在的问题（如附录未在展示方法应用方面做出贡献）。因此，该评论符合评分标准中5分的定义。推理理由A错误地认为文本没有明确提及具体部分且作者无法确定，其推理与文本事实不符，因此不支持其预测分数3。推理理由B正确识别了文本中提及的具体部分及具体问题，符合5分的评分标准，支持其预测分数5。
    裁判 deepseek-v4-flash：正在发送第一轮请求……
    裁判 deepseek-v4-flash 失败：Judge deepseek-v4-flash failed for audit_0001/round1: initial parse failed: reasoning_content: Response does not contain a JSON object; repair parse failed: reasoning_content: Response does not contain a JSON object
    因主裁判失败，调用第三裁判 MiniMax-M3。
    裁判 MiniMax-M3：正在发送第一轮请求……
      第一轮已返回（MiniMax-M3，耗时 4.3 秒）：整体偏好=A 更好 | A={"评分标准理解正确性": 3, "证据依据性": 2, "关键决策信息覆盖度": 3, "无依据陈述控制": 2} | B={"评分标准理解正确性": 2, "证据依据性": 2, "关键决策信息覆盖度": 2, "无依据陈述控制": 2}
      第一轮判断依据：A正确理解了评分标准，识别出评论虽未精确定位具体部分但有明确指出问题所在（方法应用展示不足、附录贡献不足、贡献重心偏移），符合评分标准中第3档的描述（无法确定具体部分但明确指出需改进之处）。B的评分标准理解有误，将评论归为'明确提及具体部分并指出了问题'，但实际上'appendix of this draft'虽然提到附录，但评论更多是对整篇论文整体结构安排的评价，并非精确指向附录中某个具体内容，且问题描述较为宽泛。同时B在无依据陈述控制上也有不足，对评论的具体性判断缺乏充分依据。
    裁判 MiniMax-M3：正在发送第二轮请求……
      第二轮已返回（MiniMax-M3，耗时 6.1 秒）：A=支持 | B=不支持
      第二轮判断依据：对于A：评论虽然提到了'附录'，但并未明确指向具体的图表或小节，作者难以精确定位，且评论具体指出了论文在展示方法应用方面的不足，符合分数3的特征，推理理由支持预测分数3。对于B：评论确实提到了'附录'，并指出了附录未能展示方法在发现语言演变方面的应用，指定了具体问题，但B的推理理由认为该评论'完全确定地指出了论文的具体部分并指定了需要解决的问题'，将其评为5分。然而，根据评分标准，要达到5分，评论需要明确指出具体部分并且问题明确。A的评估更为合理——虽然提到了附录，但问题指向相对笼统（未明确附录中哪个具体内容缺失），因此B将分数定为5的支持理由不够充分，不支持其预测分数。
    已解盲：A=CC | B=LC | gold=1 | LC 预测=5 | CC 预测=3
    最终汇总：整体偏好=未形成多数意见 | LC 分数支持度=部分支持 | CC 分数支持度=部分支持
      LC 各维度：{"评分标准理解正确性": 2.5, "证据依据性": 2.5, "关键决策信息覆盖度": 2.5, "无依据陈述控制": 2}
      CC 各维度：{"评分标准理解正确性": 2, "证据依据性": 2, "关键决策信息覆盖度": 2.5, "无依据陈述控制": 1.5}
[2/50] 跳过已完成样本 audit_0002
[3/50] 跳过已完成样本 audit_0003
[4/50] 跳过已完成样本 audit_0004
[5/50] 跳过已完成样本 audit_0005
[6/50] 跳过已完成样本 audit_0006
[7/50] 跳过已完成样本 audit_0007
[8/50] 跳过已完成样本 audit_0008
[9/50] 跳过已完成样本 audit_0009
[10/50] 跳过已完成样本 audit_0010
[11/50] 跳过已完成样本 audit_0011
[12/50] 跳过已完成样本 audit_0012
[13/50] 跳过已完成样本 audit_0013
[14/50] 跳过已完成样本 audit_0014
[15/50] 跳过已完成样本 audit_0015
[16/50] 跳过已完成样本 audit_0016
[17/50] 跳过已完成样本 audit_0017
[18/50] 正在评测 grounding_specificity_test_0063 （LC、CC 均正确）
    裁判 glm-5.2：正在发送第一轮请求……
      第一轮已返回（glm-5.2，耗时 41.1 秒）：整体偏好=基本相同 | A={"评分标准理解正确性": 3, "证据依据性": 3, "关键决策信息覆盖度": 3, "无依据陈述控制": 3} | B={"评分标准理解正确性": 3, "证据依据性": 3, "关键决策信息覆盖度": 3, "无依据陈述控制": 3}
      第一轮判断依据：两者都正确理解了评分标准，准确提取了“line 16”、“historical embeddings”和“LLCG”等关键证据，完整覆盖了决定分数的关键信息，且无无依据陈述。B明确指出了分数5，A虽未明确写出分数但逻辑一致，整体表现基本相同。
    裁判 glm-5.2：正在发送第二轮请求……
      第二轮已返回（glm-5.2，耗时 16.2 秒）：A=支持 | B=支持
      第二轮判断依据：待评价文本明确指出了论文的具体部分（line 16），并指出了该部分存在的问题（为何在计算出准确聚合后还需要使用历史嵌入，以及对LLCG性能更好的怀疑）。这完全符合评分标准中5分的要求：明确指出针对的部分，且说明了需要解决的问题。推理理由A和B均准确分析了文本的这些特征，并正确对应了5分的评分标准，因此都支持其预测分数。
    裁判 deepseek-v4-flash：正在发送第一轮请求……
      第一轮已返回（deepseek-v4-flash，耗时 3.6 秒）：整体偏好=基本相同 | A={"评分标准理解正确性": 3, "证据依据性": 3, "关键决策信息覆盖度": 3, "无依据陈述控制": 3} | B={"评分标准理解正确性": 3, "证据依据性": 3, "关键决策信息覆盖度": 3, "无依据陈述控制": 3}
      第一轮判断依据：A和B均正确理解了评分标准，明确指出评论提及‘line 16’作为具体定位，且清晰说明了问题（为何使用历史嵌入）并引用LLCG进行比较，符合完全落地和具体性的满分标准。两者在证据依据、关键信息覆盖和无依据陈述控制方面表现一致，均准确引用了待评价文本中的核心信息，没有添加额外推测。因此整体偏好为基本相同。
    裁判 deepseek-v4-flash：正在发送第二轮请求……
      第二轮已返回（deepseek-v4-flash，耗时 6.3 秒）：A=支持 | B=支持
      第二轮判断依据：两个推理理由都明确指出评论引用了论文的具体行号（line 16），并指出了该部分的问题（为何使用历史嵌入），同时引用了外部工作进行比较，符合评分标准中5分的要求，即明确指示部分并具体说明问题。因此两者都支持预测分数5。
    两个主裁判意见一致，无需调用第三裁判。
    已解盲：A=LC | B=CC | gold=5 | LC 预测=5 | CC 预测=5
    最终汇总：整体偏好=基本相同 | LC 分数支持度=支持 | CC 分数支持度=支持
      LC 各维度：{"评分标准理解正确性": 3, "证据依据性": 3, "关键决策信息覆盖度": 3, "无依据陈述控制": 3}
      CC 各维度：{"评分标准理解正确性": 3, "证据依据性": 3, "关键决策信息覆盖度": 3, "无依据陈述控制": 3}
[19/50] 跳过已完成样本 audit_0019
[20/50] 跳过已完成样本 audit_0020
[21/50] 跳过已完成样本 audit_0021
[22/50] 跳过已完成样本 audit_0022
[23/50] 跳过已完成样本 audit_0023
[24/50] 跳过已完成样本 audit_0024
[25/50] 跳过已完成样本 audit_0025
[26/50] 跳过已完成样本 audit_0026
[27/50] 跳过已完成样本 audit_0027
[28/50] 跳过已完成样本 audit_0028
[29/50] 跳过已完成样本 audit_0029
[30/50] 跳过已完成样本 audit_0030
[31/50] 正在评测 grounding_specificity_test_0086 （仅 CC 正确）
    裁判 glm-5.2：正在发送第一轮请求……
      第一轮已返回（glm-5.2，耗时 44.2 秒）：整体偏好=B 更好 | A={"评分标准理解正确性": 1, "证据依据性": 2, "关键决策信息覆盖度": 2, "无依据陈述控制": 3} | B={"评分标准理解正确性": 2, "证据依据性": 3, "关键决策信息覆盖度": 3, "无依据陈述控制": 3}
      第一轮判断依据：A在理解评分标准时存在明显错误，认为提出澄清问题不属于“specify what needs to be addressed”，这直接导致其评分逻辑出现偏差。B正确理解了提出问题即指出了需要解决的具体内容，并且对“computing the local subgraphs”是否构成明确的定位给出了合理的分析，整体推理质量更高。
    裁判 glm-5.2：正在发送第二轮请求……
      第二轮已返回（glm-5.2，耗时 71.5 秒）：A=部分支持 | B=支持
      第二轮判断依据：A的推理理由内部存在矛盾，既承认“问题已明确陈述”，又认为“没有完全说明需要解决的问题”，这种强行区分导致其推导4分的逻辑不够严密，因此仅为部分支持；B的推理理由逻辑连贯，准确对应了评分标准中3分的描述（无法确定具体部分但说明了需要解决的问题），推理理由充分支持其预测分数。
    裁判 deepseek-v4-flash：正在发送第一轮请求……
    裁判 deepseek-v4-flash 失败：Judge deepseek-v4-flash failed for audit_0031/round1: initial parse failed: reasoning_content: Response does not contain a JSON object; repair parse failed: reasoning_content: Response does not contain a JSON object
    因主裁判失败，调用第三裁判 MiniMax-M3。
    裁判 MiniMax-M3：正在发送第一轮请求……
      第一轮已返回（MiniMax-M3，耗时 8.5 秒）：整体偏好=A 更好 | A={"评分标准理解正确性": 3, "证据依据性": 2, "关键决策信息覆盖度": 2, "无依据陈述控制": 3} | B={"评分标准理解正确性": 2, "证据依据性": 2, "关键决策信息覆盖度": 2, "无依据陈述控制": 2}
      第一轮判断依据：A正确理解了评分标准中关于'明确指出论文哪一部分'和'说明该部分需要解决什么'的区别，并将待评文本归类为'明确指出了论文哪一部分但未充分说明需要解决什么'，即对应4分。B虽然在分析中也涉及到定位和说明需求两个方面，但最终给出的结论（3分）依据不足，且其判断逻辑存在矛盾：一方面说'不能确切定位'，另一方面又说'但具体说明了需要解决的问题'，这更符合3分的逻辑，但B之前已经承认'可以猜测它与计算local subgraphs的部分有关'，说明实际上是可以在一定程度上定位的，B对评分标准的理解不够准确。此外，B中关于'不能自信地确定确切位置'的表述缺乏充分证据支持，因为'computing the local subgraphs'本身就是一个可定位的过程描述。整体上A的推理更清晰、标准理解更准确。
    裁判 MiniMax-M3：正在发送第二轮请求……
      第二轮已返回（MiniMax-M3，耗时 4.9 秒）：A=支持 | B=支持
      第二轮判断依据：A的推理指出评论提到了具体的'computing the local subgraphs'部分，并明确提出了关于最短路径是否预计算的疑问。虽然疑问本身没有完全说明需要解决什么问题，但A认为该评论明确指出了论文的具体部分，因此给予4分，这与评分标准中'评论明确提到了论文的具体部分，但未具体说明需要解决什么问题'的描述一致。B的推理认为该评论没有明确指明具体的章节、表格或图，但提到了'computing the local subgraphs'这一过程，可以推测与论文中相关的部分有关，但无法确定具体位置。同时B认为评论明确了需要解决的问题（澄清最短路径是否预计算），符合评分标准中'作者无法确定评论针对的具体部分，但评论明确说明了需要解决的问题'的3分描述。两者推理均合理地支持各自给出的分数。
    已解盲：A=LC | B=CC | gold=3 | LC 预测=4 | CC 预测=3
    最终汇总：整体偏好=未形成多数意见 | LC 分数支持度=部分支持 | CC 分数支持度=支持
      LC 各维度：{"评分标准理解正确性": 2, "证据依据性": 2, "关键决策信息覆盖度": 2, "无依据陈述控制": 3}
      CC 各维度：{"评分标准理解正确性": 2, "证据依据性": 2.5, "关键决策信息覆盖度": 2.5, "无依据陈述控制": 2.5}
[32/50] 跳过已完成样本 audit_0032
[33/50] 跳过已完成样本 audit_0033
[34/50] 跳过已完成样本 audit_0034
[35/50] 跳过已完成样本 audit_0035
[36/50] 跳过已完成样本 audit_0036
[37/50] 跳过已完成样本 audit_0037
[38/50] 跳过已完成样本 audit_0038
[39/50] 跳过已完成样本 audit_0039
[40/50] 跳过已完成样本 audit_0040
[41/50] 跳过已完成样本 audit_0041
[42/50] 跳过已完成样本 audit_0042
[43/50] 跳过已完成样本 audit_0043
[44/50] 跳过已完成样本 audit_0044
[45/50] 跳过已完成样本 audit_0045
[46/50] 跳过已完成样本 audit_0046
[47/50] 跳过已完成样本 audit_0047
[48/50] 跳过已完成样本 audit_0048
[49/50] 跳过已完成样本 audit_0049
[50/50] 跳过已完成样本 audit_0050
分析报告已写入 /home/messi/pyprojects/paper/my-small-paper/outputs/rationale_audits/all_tasks_50_seed42_20260824_193234/rev_util_grounding_specificity/analysis.md
