{
    "exp_name": "novelty_qwen3_4b",
    "model_name": "/data01/public/yangxin/small-paper/model/Qwen3-4B",
    "dataset_file": "/data01/public/yangxin/small-paper/eval_data/prompted_novelty_data.json",
    "max_model_len": 16384,
    "max_tokens": 2048,
    "temp": 0.0,
    "top_p": 1.0,
    "rollout": 3,
    "batch_size": 4,
    "seed": 42,
    "enable_thinking": false,
    "output_path": "/data01/public/yangxin/small-paper/eval_data/eval_outputs",
    "recompute_from": "",
    "task": "novelty_eval_updated",
    "results": {
        "coherence": {
            "rollout_reward_dist": [
                {
                    "-0.5": 0,
                    "0.0": 0,
                    "0.25": 0,
                    "0.5": 24,
                    "1.5": 52
                },
                {
                    "-0.5": 0,
                    "0.0": 0,
                    "0.25": 0,
                    "0.5": 24,
                    "1.5": 52
                },
                {
                    "-0.5": 0,
                    "0.0": 0,
                    "0.25": 0,
                    "0.5": 23,
                    "1.5": 53
                }
            ],
            "rollout_sums": [
                90.0,
                90.0,
                91.0
            ],
            "rollout_means": [
                1.1842105263157894,
                1.1842105263157894,
                1.1973684210526316
            ],
            "rollout_stds": [
                0.46791812149248146,
                0.46791812149248146,
                0.4624496179291394
            ],
            "rollout_accuracy": [
                0.6842105263157895,
                0.6842105263157895,
                0.6973684210526315
            ],
            "rollout_f1": [
                0.7857142857142857,
                0.7894736842105263,
                0.7964601769911505
            ],
            "rollout_macro_f1": [
                0.5928571428571429,
                0.5789473684210527,
                0.6033582936237804
            ],
            "rollout_weighted_f1": [
                0.6842105263157895,
                0.6786703601108033,
                0.6948276067977978
            ],
            "rollout_micro_f1": [
                0.6842105263157895,
                0.6842105263157895,
                0.6973684210526315
            ],
            "rollout_ten_class_accuracy": [
                0.6842105263157895,
                0.6842105263157895,
                0.6973684210526315
            ],
            "rollout_mse": [
                0.3157894736842105,
                0.3157894736842105,
                0.3026315789473684
            ],
            "rollout_pearson": [
                0.1857142857142859,
                0.15906300624662062,
                0.20701966780270661
            ],
            "rollout_valid_rate": [
                1.0,
                1.0,
                1.0
            ],
            "rollout_corr_acc": [],
            "rollout_sig_acc": [],
            "rollout_evi_acc": [],
            "rollout_corr_n": [],
            "rollout_sig_n": [],
            "rollout_evi_n": [],
            "rollout_derived_ten_class_accuracy": [],
            "rollout_derived_ten_class_f1": [],
            "rollout_derived_ten_class_macro_f1": [],
            "rollout_derived_ten_class_reachable_accuracy": [],
            "rollout_derived_ten_class_reachable_n": [],
            "overall_aspect_reward_dist": {
                "-0.5": 0,
                "0.0": 0,
                "0.25": 0,
                "0.5": 71,
                "1.5": 157
            },
            "overall_aspect_reward_mean": 1.1885964912280702,
            "aspect_reward_mean_stds": 0.46609528697136743,
            "paper_metrics": {
                "accuracy": "0.6886 \u00b1 0.0076",
                "f1": "0.7905 \u00b1 0.0055",
                "macro_f1": "0.5917 \u00b1 0.0122",
                "weighted_f1": "0.6859 \u00b1 0.0082",
                "micro_f1": "0.6886 \u00b1 0.0076",
                "ten_class_accuracy": "0.6886 \u00b1 0.0076",
                "mse": "0.3114 \u00b1 0.0076",
                "pearson": "0.1839 \u00b1 0.0240"
            },
            "accuracy_mean": 0.6885964912280702,
            "accuracy_std": 0.007596714068284509,
            "f1_mean": 0.7905493823053208,
            "f1_std": 0.005453108253730888,
            "macro_f1_mean": 0.5917209349673254,
            "macro_f1_std": 0.012245062008416059,
            "weighted_f1_mean": 0.6859028310747969,
            "weighted_f1_std": 0.008210485775769768,
            "micro_f1_mean": 0.6885964912280702,
            "micro_f1_std": 0.007596714068284509,
            "ten_class_accuracy_mean": 0.6885964912280702,
            "ten_class_accuracy_std": 0.007596714068284509,
            "mse_mean": 0.3114035087719298,
            "mse_std": 0.007596714068284541,
            "pearson_mean": 0.18393231992120437,
            "pearson_std": 0.02402793995470749,
            "valid_rate_mean": 1.0
        },
        "whole_task": {
            "rollout_reward_dist": [
                {
                    "-0.5": 0,
                    "0.0": 0,
                    "0.25": 0,
                    "0.5": 24,
                    "1.5": 52
                },
                {
                    "-0.5": 0,
                    "0.0": 0,
                    "0.25": 0,
                    "0.5": 24,
                    "1.5": 52
                },
                {
                    "-0.5": 0,
                    "0.0": 0,
                    "0.25": 0,
                    "0.5": 23,
                    "1.5": 53
                }
            ],
            "rollout_sums": [
                90.0,
                90.0,
                91.0
            ],
            "rollout_means": [
                1.1842105263157894,
                1.1842105263157894,
                1.1973684210526316
            ],
            "rollout_stds": [
                0.46791812149248146,
                0.46791812149248146,
                0.4624496179291394
            ],
            "rollout_accuracy": [
                0.6842105263157895,
                0.6842105263157895,
                0.6973684210526315
            ],
            "rollout_f1": [
                0.7857142857142857,
                0.7894736842105263,
                0.7964601769911505
            ],
            "rollout_macro_f1": [
                0.5928571428571429,
                0.5789473684210527,
                0.6033582936237804
            ],
            "rollout_weighted_f1": [
                0.6842105263157895,
                0.6786703601108033,
                0.6948276067977978
            ],
            "rollout_micro_f1": [
                0.6842105263157895,
                0.6842105263157895,
                0.6973684210526315
            ],
            "rollout_ten_class_accuracy": [
                0.6842105263157895,
                0.6842105263157895,
                0.6973684210526315
            ],
            "rollout_mse": [
                0.3157894736842105,
                0.3157894736842105,
                0.3026315789473684
            ],
            "rollout_pearson": [
                0.1857142857142859,
                0.15906300624662062,
                0.20701966780270661
            ],
            "rollout_valid_rate": [
                1.0,
                1.0,
                1.0
            ],
            "rollout_corr_acc": [],
            "rollout_sig_acc": [],
            "rollout_evi_acc": [],
            "rollout_corr_n": [],
            "rollout_sig_n": [],
            "rollout_evi_n": [],
            "rollout_derived_ten_class_accuracy": [],
            "rollout_derived_ten_class_f1": [],
            "rollout_derived_ten_class_macro_f1": [],
            "rollout_derived_ten_class_reachable_accuracy": [],
            "rollout_derived_ten_class_reachable_n": [],