
[2026-09-20T08:14:25.361850+00:00] + /root/miniconda3/bin/python scripts/train.py --config configs/training/training-0.6B/rev_util_helpfulness/self_correct_align.yaml --seed 42 --fresh
[transformers] `torch_dtype` is deprecated! Use `dtype` instead!

Loading weights:   0%|          | 0/311 [00:00<?, ?it/s]
Loading weights: 100%|██████████| 311/311 [00:00<00:00, 3520.52it/s]
[transformers] warmup_ratio is deprecated and will be removed in v5.2. Use `warmup_steps` instead.
[transformers] `logging_dir` is deprecated and will be removed in v5.2. Please set `TENSORBOARD_LOGGING_DIR` instead.
2026-09-20 16:14:41,617 WARNING [RANK 0] Detected kernel version 5.4.0, which is below the recommended minimum of 5.5.0; this can cause the process to hang. It is recommended to upgrade the kernel to the minimum version or higher.
2026-09-20 16:14:42,006 INFO [rev_util_helpfulness|paper_align|Qwen3-0.6B] Starting fresh run rev_util_helpfulness#qwen3_0.6b#self_correct_align__seed42__2026-09-20_16-14-34 seed=42 train=2051 val=228 scores=[1, 2, 3, 4, 5] method=paper_align
2026-09-20 16:14:42,007 INFO [rev_util_helpfulness|paper_align|Qwen3-0.6B] Trainable parameters=10092544 (1.6650%); save_strategy=epoch; retaining final checkpoint only
[transformers] The tokenizer has new PAD/BOS/EOS tokens that differ from the model config and generation config. The model config and generation config were aligned accordingly, being updated with the tokenizer's values. Updated tokens: {'bos_token_id': None, 'pad_token_id': 151643}.

  0%|          | 0/771 [00:00<?, ?it/s]2026-09-20 16:14:42,866 INFO [rev_util_helpfulness|paper_align|Qwen3-0.6B] step=0 epoch=0

                                       

  0%|          | 0/771 [00:00<?, ?it/s]2026-09-20 16:14:43,464 INFO [rev_util_helpfulness|paper_align|Qwen3-0.6B] step=0 epoch=0

                                       

  0%|          | 0/771 [00:01<?, ?it/s]2026-09-20 16:14:43,907 INFO [rev_util_helpfulness|paper_align|Qwen3-0.6B] step=0 epoch=0

                                       

  0%|          | 0/771 [00:01<?, ?it/s]2026-09-20 16:14:44,349 INFO [rev_util_helpfulness|paper_align|Qwen3-0.6B] step=0 epoch=0

                                       

  0%|          | 0/771 [00:02<?, ?it/s]
  0%|          | 1/771 [00:02<31:37,  2.46s/it]2026-09-20 16:14:44,888 INFO [rev_util_helpfulness|paper_align|Qwen3-0.6B] step=1 epoch=0.0039

                                               

  0%|          | 1/771 [00:02<31:37,  2.46s/it]2026-09-20 16:14:45,336 INFO [rev_util_helpfulness|paper_align|Qwen3-0.6B] step=1 epoch=0.0039

                                               

  0%|          | 1/771 [00:03<31:37,  2.46s/it]2026-09-20 16:14:45,776 INFO [rev_util_helpfulness|paper_align|Qwen3-0.6B] step=1 epoch=0.0039

                                               

  0%|          | 1/771 [00:03<31:37,  2.46s/it]2026-09-20 16:14:46,223 INFO [rev_util_helpfulness|paper_align|Qwen3-0.6B] step=1 epoch=0.0039

                                               

  0%|          | 1/771 [00:03<31:37,  2.46s/it]
  0%|          | 2/771 [00:04<26:35,  2.07s/it]2026-09-20 16:14:46,692 INFO [rev_util_helpfulness|paper_align|Qwen3-0.6B] step=2 epoch=0.0078

                                               

  0%|          | 2/771 [00:04<26:35,  2.07s/it]2026-09-20 16:14:47,135 INFO [rev_util_helpfulness|paper_align|Qwen3-0.6B] step=2 epoch=0.0078

                                               

  0%|          | 2/771 [00:04<26:35,  2.07s/it]2026-09-20 16:14:47,584 INFO [rev_util_helpfulness|paper_align|Qwen3-0.6B] step=2 epoch=0.0078

                                               

  0%|          | 2/771 [00:05<26:35,  2.07s/it]2026-09-20 16:14:48,044 INFO [rev_util_helpfulness|paper_align|Qwen3-0.6B] step=2 epoch=0.0078

                                               

  0%|          | 2/771 [00:05<26:35,  2.07s/it]
  0%|          | 3/771 [00:06<25:05,  1.96s/it]2026-09-20 16:14:48,510 INFO [rev_util_helpfulness|paper_align|Qwen3-0.6B] step=3 epoch=0.0117

                                               

  0%|          | 3/771 [00:06<25:05,  1.96s/it]2026-09-20 16:14:49,007 INFO [rev_util_helpfulness|paper_align|Qwen3-0.6B] step=3 epoch=0.0117

                                               

  0%|          | 3/771 [00:06<25:05,  1.96s/it]2026-09-20 16:14:49,474 INFO [rev_util_helpfulness|paper_align|Qwen3-0.6B] step=3 epoch=0.0117

                                               

  0%|          | 3/771 [00:07<25:05,  1.96s/it]2026-09-20 16:14:49,937 INFO [rev_util_helpfulness|paper_align|Qwen3-0.6B] step=3 epoch=0.0117

                                               

  0%|          | 3/771 [00:07<25:05,  1.96s/it]
  1%|          | 4/771 [00:07<24:44,  1.94s/it]2026-09-20 16:14:50,446 INFO [rev_util_helpfulness|paper_align|Qwen3-0.6B] step=4 epoch=0.0156

                                               

  1%|          | 4/771 [00:08<24:44,  1.94s/it]2026-09-20 16:14:50,911 INFO [rev_util_helpfulness|paper_align|Qwen3-0.6B] step=4 epoch=0.0156

                                               

  1%|          | 4/771 [00:08<24:44,  1.94s/it]2026-09-20 16:14:51,633 INFO [rev_util_helpfulness|paper_align|Qwen3-0.6B] step=4 epoch=0.0156

                                               

  1%|          | 4/771 [00:09<24:44,  1.94s/it]2026-09-20 16:14:52,099 INFO [rev_util_helpfulness|paper_align|Qwen3-0.6B] step=4 epoch=0.0156

                                               

  1%|          | 4/771 [00:09<24:44,  1.94s/it]
  1%|          | 5/771 [00:10<25:40,  2.01s/it]2026-09-20 16:14:52,588 INFO [rev_util_helpfulness|paper_align|Qwen3-0.6B] step=5 epoch=0.0195

                                               

  1%|          | 5/771 [00:10<25:40,  2.01s/it]2026-09-20 16:14:53,063 INFO [rev_util_helpfulness|paper_align|Qwen3-0.6B] step=5 epoch=0.0195

                                               

  1%|          | 5/771 [00:10<25:40,  2.01s/it]2026-09-20 16:14:53,535 INFO [rev_util_helpfulness|paper_align|Qwen3-0.6B] step=5 epoch=0.0195

                                               

  1%|          | 5/771 [00:11<25:40,  2.01s/it]2026-09-20 16:14:54,003 INFO [rev_util_helpfulness|paper_align|Qwen3-0.6B] step=5 epoch=0.0195

                                               

  1%|          | 5/771 [00:11<25:40,  2.01s/it]
  1%|          | 6/771 [00:12<25:13,  1.98s/it]2026-09-20 16:14:54,498 INFO [rev_util_helpfulness|paper_align|Qwen3-0.6B] step=6 epoch=0.0234

                                               

  1%|          | 6/771 [00:12<25:13,  1.98s/it]2026-09-20 16:14:54,964 INFO [rev_util_helpfulness|paper_align|Qwen3-0.6B] step=6 epoch=0.0234

                                               

  1%|          | 6/771 [00:12<25:13,  1.98s/it]2026-09-20 16:14:55,443 INFO [rev_util_helpfulness|paper_align|Qwen3-0.6B] step=6 epoch=0.0234

                                               

  1%|          | 6/771 [00:13<25:13,  1.98s/it]2026-09-20 16:14:55,901 INFO [rev_util_helpfulness|paper_align|Qwen3-0.6B] step=6 epoch=0.0234

                                               

  1%|          | 6/771 [00:13<25:13,  1.98s/it]
  1%|          | 7/771 [00:13<24:52,  1.95s/it]2026-09-20 16:14:56,405 INFO [rev_util_helpfulness|paper_align|Qwen3-0.6B] step=7 epoch=0.0273

                                               

  1%|          | 7/771 [00:14<24:52,  1.95s/it]2026-09-20 16:14:56,873 INFO [rev_util_helpfulness|paper_align|Qwen3-0.6B] step=7 epoch=0.0273

                                               

  1%|          | 7/771 [00:14<24:52,  1.95s/it]2026-09-20 16:14:57,351 INFO [rev_util_helpfulness|paper_align|Qwen3-0.6B] step=7 epoch=0.0273

                                               

  1%|          | 7/771 [00:15<24:52,  1.95s/it]2026-09-20 16:14:57,835 INFO [rev_util_helpfulness|paper_align|Qwen3-0.6B] step=7 epoch=0.0273

                                               

  1%|          | 7/771 [00:15<24:52,  1.95s/it]
  1%|          | 8/771 [00:15<24:43,  1.94s/it]2026-09-20 16:14:58,330 INFO [rev_util_helpfulness|paper_align|Qwen3-0.6B] step=8 epoch=0.0312

                                               

  1%|          | 8/771 [00:16<24:43,  1.94s/it]2026-09-20 16:14:58,802 INFO [rev_util_helpfulness|paper_align|Qwen3-0.6B] step=8 epoch=0.0312

                                               

  1%|          | 8/771 [00:16<24:43,  1.94s/it]2026-09-20 16:14:59,275 INFO [rev_util_helpfulness|paper_align|Qwen3-0.6B] step=8 epoch=0.0312

                                               

  1%|          | 8/771 [00:16<24:43,  1.94s/it]2026-09-20 16:14:59,738 INFO [rev_util_helpfulness|paper_align|Qwen3-0.6B] step=8 epoch=0.0312

                                               

  1%|          | 8/771 [00:17<24:43,  1.94s/it]
  1%|          | 9/771 [00:17<24:33,  1.93s/it]2026-09-20 16:15:00,247 INFO [rev_util_helpfulness|paper_align|Qwen3-0.6B] step=9 epoch=0.0351

                                               

  1%|          | 9/771 [00:17<24:33,  1.93s/it]2026-09-20 16:15:00,719 INFO [rev_util_helpfulness|paper_align|Qwen3-0.6B] step=9 epoch=0.0351

                                               

  1%|          | 9/771 [00:18<24:33,  1.93s/it]2026-09-20 16:15:01,187 INFO [rev_util_helpfulness|paper_align|Qwen3-0.6B] step=9 epoch=0.0351

                                               

  1%|          | 9/771 [00:18<24:33,  1.93s/it]2026-09-20 16:15:01,669 INFO [rev_util_helpfulness|paper_align|Qwen3-0.6B] step=9 epoch=0.0351

                                               

  1%|          | 9/771 [00:19<24:33,  1.93s/it]
  1%|▏         | 10/771 [00:19<25:14,  1.99s/it]2026-09-20 16:15:02,184 INFO [rev_util_helpfulness|paper_align|Qwen3-0.6B] step=10 loss=3.1254 learning_rate=0.0000 epoch=0.0390

                                                

  1%|▏         | 10/771 [00:19<25:14,  1.99s/it]2026-09-20 16:15:02,365 INFO [rev_util_helpfulness|paper_align|Qwen3-0.6B] step=10 epoch=0.0390

                                                

  1%|▏         | 10/771 [00:20<25:14,  1.99s/it]2026-09-20 16:15:02,838 INFO [rev_util_helpfulness|paper_align|Qwen3-0.6B] step=10 epoch=0.0390

                                                

  1%|▏         | 10/771 [00:20<25:14,  1.99s/it]2026-09-20 16:15:03,316 INFO [rev_util_helpfulness|paper_align|Qwen3-0.6B] step=10 epoch=0.0390

                                                

  1%|▏         | 10/771 [00:21<25:14,  1.99s/it]2026-09-20 16:15:03,789 INFO [rev_util_helpfulness|paper_align|Qwen3-0.6B] step=10 epoch=0.0390

                                                

  1%|▏         | 10/771 [00:21<25:14,  1.99s/it]
  1%|▏         | 11/771 [00:21<24:59,  1.97s/it]2026-09-20 16:15:04,301 INFO [rev_util_helpfulness|paper_align|Qwen3-0.6B] step=11 epoch=0.0429

                                                

  1%|▏         | 11/771 [00:22<24:59,  1.97s/it]2026-09-20 16:15:04,778 INFO [rev_util_helpfulness|paper_align|Qwen3-0.6B] step=11 epoch=0.0429

                                                

  1%|▏         | 11/771 [00:22<24:59,  1.97s/it]2026-09-20 16:15:05,268 INFO [rev_util_helpfulness|paper_align|Qwen3-0.6B] step=11 epoch=0.0429

                                                

  1%|▏         | 11/771 [00:22<24:59,  1.97s/it]2026-09-20 16:15:05,762 INFO [rev_util_helpfulness|paper_align|Qwen3-0.6B] step=11 epoch=0.0429

                                                

  1%|▏         | 11/771 [00:23<24:59,  1.97s/it]
  2%|▏         | 12/771 [00:23<24:56,  1.97s/it]2026-09-20 16:15:06,261 INFO [rev_util_helpfulness|paper_align|Qwen3-0.6B] step=12 epoch=0.0468

                                                

  2%|▏         | 12/771 [00:23<24:56,  1.97s/it]2026-09-20 16:15:06,725 INFO [rev_util_helpfulness|paper_align|Qwen3-0.6B] step=12 epoch=0.0468

                                                

  2%|▏         | 12/771 [00:24<24:56,  1.97s/it]2026-09-20 16:15:07,194 INFO [rev_util_helpfulness|paper_align|Qwen3-0.6B] step=12 epoch=0.0468

                                                

  2%|▏         | 12/771 [00:24<24:56,  1.97s/it]2026-09-20 16:15:07,658 INFO [rev_util_helpfulness|paper_align|Qwen3-0.6B] step=12 epoch=0.0468

                                                

  2%|▏         | 12/771 [00:25<24:56,  1.97s/it]
  2%|▏         | 13/771 [00:25<24:38,  1.95s/it]2026-09-20 16:15:08,162 INFO [rev_util_helpfulness|paper_align|Qwen3-0.6B] step=13 epoch=0.0507

                                                

  2%|▏         | 13/771 [00:25<24:38,  1.95s/it]2026-09-20 16:15:08,648 INFO [rev_util_helpfulness|paper_align|Qwen3-0.6B] step=13 epoch=0.0507

                                                

  2%|▏         | 13/771 [00:26<24:38,  1.95s/it]2026-09-20 16:15:09,123 INFO [rev_util_helpfulness|paper_align|Qwen3-0.6B] step=13 epoch=0.0507

                                                

  2%|▏         | 13/771 [00:26<24:38,  1.95s/it]2026-09-20 16:15:09,600 INFO [rev_util_helpfulness|paper_align|Qwen3-0.6B] step=13 epoch=0.0507

                                                

  2%|▏         | 13/771 [00:27<24:38,  1.95s/it]
  2%|▏         | 14/771 [00:27<24:35,  1.95s/it]2026-09-20 16:15:10,110 INFO [rev_util_helpfulness|paper_align|Qwen3-0.6B] step=14 epoch=0.0546

                                                

  2%|▏         | 14/771 [00:27<24:35,  1.95s/it]2026-09-20 16:15:10,585 INFO [rev_util_helpfulness|paper_align|Qwen3-0.6B] step=14 epoch=0.0546

                                                

  2%|▏         | 14/771 [00:28<24:35,  1.95s/it]2026-09-20 16:15:11,064 INFO [rev_util_helpfulness|paper_align|Qwen3-0.6B] step=14 epoch=0.0546

                                                

  2%|▏         | 14/771 [00:28<24:35,  1.95s/it]2026-09-20 16:15:11,539 INFO [rev_util_helpfulness|paper_align|Qwen3-0.6B] step=14 epoch=0.0546

                                                

  2%|▏         | 14/771 [00:29<24:35,  1.95s/it]
  2%|▏         | 15/771 [00:29<24:30,  1.95s/it]2026-09-20 16:15:12,044 INFO [rev_util_helpfulness|paper_align|Qwen3-0.6B] step=15 epoch=0.0585

                                                

  2%|▏         | 15/771 [00:29<24:30,  1.95s/it]2026-09-20 16:15:12,799 INFO [rev_util_helpfulness|paper_align|Qwen3-0.6B] step=15 epoch=0.0585

                                                

  2%|▏         | 15/771 [00:30<24:30,  1.95s/it]2026-09-20 16:15:13,272 INFO [rev_util_helpfulness|paper_align|Qwen3-0.6B] step=15 epoch=0.0585

                                                

  2%|▏         | 15/771 [00:30<24:30,  1.95s/it]2026-09-20 16:15:13,750 INFO [rev_util_helpfulness|paper_align|Qwen3-0.6B] step=15 epoch=0.0585

                                                

  2%|▏         | 15/771 [00:31<24:30,  1.95s/it]
  2%|▏         | 16/771 [00:31<25:29,  2.03s/it]2026-09-20 16:15:14,258 INFO [rev_util_helpfulness|paper_align|Qwen3-0.6B] step=16 epoch=0.0624

                                                

  2%|▏         | 16/771 [00:31<25:29,  2.03s/it]2026-09-20 16:15:14,733 INFO [rev_util_helpfulness|paper_align|Qwen3-0.6B] step=16 epoch=0.0624

                                                

  2%|▏         | 16/771 [00:32<25:29,  2.03s/it]2026-09-20 16:15:15,208 INFO [rev_util_helpfulness|paper_align|Qwen3-0.6B] step=16 epoch=0.0624

                                                

  2%|▏         | 16/771 [00:32<25:29,  2.03s/it]2026-09-20 16:15:15,702 INFO [rev_util_helpfulness|paper_align|Qwen3-0.6B] step=16 epoch=0.0624

                                                

  2%|▏         | 16/771 [00:33<25:29,  2.03s/it]
  2%|▏         | 17/771 [00:33<25:10,  2.00s/it]2026-09-20 16:15:16,211 INFO [rev_util_helpfulness|paper_align|Qwen3-0.6B] step=17 epoch=0.0663

                                                

  2%|▏         | 17/771 [00:33<25:10,  2.00s/it]2026-09-20 16:15:16,687 INFO [rev_util_helpfulness|paper_align|Qwen3-0.6B] step=17 epoch=0.0663

                                                

  2%|▏         | 17/771 [00:34<25:10,  2.00s/it]2026-09-20 16:15:17,164 INFO [rev_util_helpfulness|paper_align|Qwen3-0.6B] step=17 epoch=0.0663

                                                

  2%|▏         | 17/771 [00:34<25:10,  2.00s/it]2026-09-20 16:15:17,635 INFO [rev_util_helpfulness|paper_align|Qwen3-0.6B] step=17 epoch=0.0663

                                                

  2%|▏         | 17/771 [00:35<25:10,  2.00s/it]
  2%|▏         | 18/771 [00:35<24:52,  1.98s/it]2026-09-20 16:15:18,139 INFO [rev_util_helpfulness|paper_align|Qwen3-0.6B] step=18 epoch=0.0702

                                                

  2%|▏         | 18/771 [00:35<24:52,  1.98s/it]2026-09-20 16:15:18,612 INFO [rev_util_helpfulness|paper_align|Qwen3-0.6B] step=18 epoch=0.0702

                                                

  2%|▏         | 18/771 [00:36<24:52,  1.98s/it]2026-09-20 16:15:19,100 INFO [rev_util_helpfulness|paper_align|Qwen3-0.6B] step=18 epoch=0.0702

                                                

  2%|▏         | 18/771 [00:36<24:52,  1.98s/it]2026-09-20 16:15:19,576 INFO [rev_util_helpfulness|paper_align|Qwen3-0.6B] step=18 epoch=0.0702

                                                

  2%|▏         | 18/771 [00:37<24:52,  1.98s/it]
  2%|▏         | 19/771 [00:37<24:40,  1.97s/it]2026-09-20 16:15:20,097 INFO [rev_util_helpfulness|paper_align|Qwen3-0.6B] step=19 epoch=0.0741

                                                

  2%|▏         | 19/771 [00:37<24:40,  1.97s/it]2026-09-20 16:15:20,573 INFO [rev_util_helpfulness|paper_align|Qwen3-0.6B] step=19 epoch=0.0741

                                                

  2%|▏         | 19/771 [00:38<24:40,  1.97s/it]2026-09-20 16:15:21,047 INFO [rev_util_helpfulness|paper_align|Qwen3-0.6B] step=19 epoch=0.0741

                                                

  2%|▏         | 19/771 [00:38<24:40,  1.97s/it]2026-09-20 16:15:21,528 INFO [rev_util_helpfulness|paper_align|Qwen3-0.6B] step=19 epoch=0.0741

                                                

  2%|▏         | 19/771 [00:39<24:40,  1.97s/it]
  3%|▎         | 20/771 [00:39<24:35,  1.96s/it]2026-09-20 16:15:21,858 INFO [rev_util_helpfulness|paper_align|Qwen3-0.6B] step=20 loss=2.2477 learning_rate=0.0001 epoch=0.0780

                                                

  3%|▎         | 20/771 [00:39<24:35,  1.96s/it]2026-09-20 16:15:22,231 INFO [rev_util_helpfulness|paper_align|Qwen3-0.6B] step=20 epoch=0.0780

                                                

  3%|▎         | 20/771 [00:39<24:35,  1.96s/it]2026-09-20 16:15:22,701 INFO [rev_util_helpfulness|paper_align|Qwen3-0.6B] step=20 epoch=0.0780

                                                

  3%|▎         | 20/771 [00:40<24:35,  1.96s/it]2026-09-20 16:15:23,177 INFO [rev_util_helpfulness|paper_align|Qwen3-0.6B] step=20 epoch=0.0780

                                                

  3%|▎         | 20/771 [00:40<24:35,  1.96s/it]2026-09-20 16:15:23,672 INFO [rev_util_helpfulness|paper_align|Qwen3-0.6B] step=20 epoch=0.0780

                                                

  3%|▎         | 20/771 [00:41<24:35,  1.96s/it]
  3%|▎         | 21/771 [00:41<25:14,  2.02s/it]2026-09-20 16:15:24,182 INFO [rev_util_helpfulness|paper_align|Qwen3-0.6B] step=21 epoch=0.0819

                                                

  3%|▎         | 21/771 [00:41<25:14,  2.02s/it]2026-09-20 16:15:24,657 INFO [rev_util_helpfulness|paper_align|Qwen3-0.6B] step=21 epoch=0.0819

                                                

  3%|▎         | 21/771 [00:42<25:14,  2.02s/it]2026-09-20 16:15:25,133 INFO [rev_util_helpfulness|paper_align|Qwen3-0.6B] step=21 epoch=0.0819

                                                
{'paper_align_label_loss': '0.2148', 'paper_align_reason_loss': '1.439', 'epoch': 0}
{'paper_align_label_loss': '0.07676', 'paper_align_reason_loss': '1.258', 'epoch': 0}
{'paper_align_label_loss': '0.192', 'paper_align_reason_loss': '1.474', 'epoch': 0}
{'paper_align_label_loss': '0.4692', 'paper_align_reason_loss': '1.458', 'epoch': 0}
{'paper_align_label_loss': '0.3806', 'paper_align_reason_loss': '1.529', 'epoch': '0.003899'}
{'paper_align_label_loss': '0.08231', 'paper_align_reason_loss': '1.462', 'epoch': '0.003899'}
{'paper_align_label_loss': '0.1861', 'paper_align_reason_loss': '1.455', 'epoch': '0.003899'}
{'paper_align_label_loss': '0.3713', 'paper_align_reason_loss': '1.353', 'epoch': '0.003899'}
{'paper_align_label_loss': '0.2126', 'paper_align_reason_loss': '1.452', 'epoch': '0.007797'}
{'paper_align_label_loss': '0.1655', 'paper_align_reason_loss': '1.398', 'epoch': '0.007797'}
{'paper_align_label_loss': '0.2077', 'paper_align_reason_loss': '1.421', 'epoch': '0.007797'}
{'paper_align_label_loss': '0.1879', 'paper_align_reason_loss': '1.21', 'epoch': '0.007797'}
{'paper_align_label_loss': '0.2786', 'paper_align_reason_loss': '1.364', 'epoch': '0.0117'}
{'paper_align_label_loss': '0.227', 'paper_align_reason_loss': '1.395', 'epoch': '0.0117'}
{'paper_align_label_loss': '0.4023', 'paper_align_reason_loss': '1.452', 'epoch': '0.0117'}
{'paper_align_label_loss': '0.7661', 'paper_align_reason_loss': '1.408', 'epoch': '0.0117'}
{'paper_align_label_loss': '0.2444', 'paper_align_reason_loss': '1.297', 'epoch': '0.01559'}
{'paper_align_label_loss': '0.1451', 'paper_align_reason_loss': '1.291', 'epoch': '0.01559'}
{'paper_align_label_loss': '0.1926', 'paper_align_reason_loss': '1.279', 'epoch': '0.01559'}
{'paper_align_label_loss': '0.1512', 'paper_align_reason_loss': '1.475', 'epoch': '0.01559'}
{'paper_align_label_loss': '0.4265', 'paper_align_reason_loss': '1.293', 'epoch': '0.01949'}
{'paper_align_label_loss': '0.1242', 'paper_align_reason_loss': '1.437', 'epoch': '0.01949'}
{'paper_align_label_loss': '0.2773', 'paper_align_reason_loss': '1.364', 'epoch': '0.01949'}
{'paper_align_label_loss': '0.0406', 'paper_align_reason_loss': '1.407', 'epoch': '0.01949'}
{'paper_align_label_loss': '0.1733', 'paper_align_reason_loss': '1.312', 'epoch': '0.02339'}
{'paper_align_label_loss': '0.1751', 'paper_align_reason_loss': '1.349', 'epoch': '0.02339'}
{'paper_align_label_loss': '0.2182', 'paper_align_reason_loss': '1.171', 'epoch': '0.02339'}
{'paper_align_label_loss': '0.07803', 'paper_align_reason_loss': '1.312', 'epoch': '0.02339'}
{'paper_align_label_loss': '0.2386', 'paper_align_reason_loss': '1.213', 'epoch': '0.02729'}
{'paper_align_label_loss': '0.1879', 'paper_align_reason_loss': '1.325', 'epoch': '0.02729'}
{'paper_align_label_loss': '0.2168', 'paper_align_reason_loss': '1.234', 'epoch': '0.02729'}
{'paper_align_label_loss': '0.1169', 'paper_align_reason_loss': '1.273', 'epoch': '0.02729'}
{'paper_align_label_loss': '0.129', 'paper_align_reason_loss': '1.482', 'epoch': '0.03119'}
{'paper_align_label_loss': '0.2134', 'paper_align_reason_loss': '1.238', 'epoch': '0.03119'}
{'paper_align_label_loss': '0.116', 'paper_align_reason_loss': '1.518', 'epoch': '0.03119'}
{'paper_align_label_loss': '0.1361', 'paper_align_reason_loss': '1.09', 'epoch': '0.03119'}
{'paper_align_label_loss': '0.2845', 'paper_align_reason_loss': '1.3', 'epoch': '0.03509'}
{'paper_align_label_loss': '0.143', 'paper_align_reason_loss': '1.233', 'epoch': '0.03509'}
{'paper_align_label_loss': '0.1325', 'paper_align_reason_loss': '1.244', 'epoch': '0.03509'}
{'paper_align_label_loss': '0.1368', 'paper_align_reason_loss': '1.127', 'epoch': '0.03509'}
{'loss': '3.125', 'grad_norm': '13.75', 'learning_rate': '3.75e-05', 'epoch': '0.03899'}
{'paper_align_label_loss': '0.1237', 'paper_align_reason_loss': '1.183', 'epoch': '0.03899'}
{'paper_align_label_loss': '0.3381', 'paper_align_reason_loss': '1.016', 'epoch': '0.03899'}
{'paper_align_label_loss': '0.2415', 'paper_align_reason_loss': '0.9559', 'epoch': '0.03899'}
{'paper_align_label_loss': '0.1929', 'paper_align_reason_loss': '1.132', 'epoch': '0.03899'}
{'paper_align_label_loss': '0.2019', 'paper_align_reason_loss': '1.058', 'epoch': '0.04288'}
{'paper_align_label_loss': '0.5021', 'paper_align_reason_loss': '1.134', 'epoch': '0.04288'}
{'paper_align_label_loss': '0.11', 'paper_align_reason_loss': '1.132', 'epoch': '0.04288'}
{'paper_align_label_loss': '0.1548', 'paper_align_reason_loss': '1.037', 'epoch': '0.04288'}
{'paper_align_label_loss': '0.1265', 'paper_align_reason_loss': '1.018', 'epoch': '0.04678'}
{'paper_align_label_loss': '0.1725', 'paper_align_reason_loss': '0.9965', 'epoch': '0.04678'}
{'paper_align_label_loss': '0.1264', 'paper_align_reason_loss': '1.004', 'epoch': '0.04678'}
{'paper_align_label_loss': '0.145', 'paper_align_reason_loss': '0.9262', 'epoch': '0.04678'}
{'paper_align_label_loss': '0.2104', 'paper_align_reason_loss': '0.9897', 'epoch': '0.05068'}
{'paper_align_label_loss': '0.1773', 'paper_align_reason_loss': '0.9856', 'epoch': '0.05068'}
{'paper_align_label_loss': '0.1229', 'paper_align_reason_loss': '1.042', 'epoch': '0.05068'}
{'paper_align_label_loss': '0.08073', 'paper_align_reason_loss': '1.033', 'epoch': '0.05068'}
{'paper_align_label_loss': '0.1112', 'paper_align_reason_loss': '1.034', 'epoch': '0.05458'}
{'paper_align_label_loss': '0.195', 'paper_align_reason_loss': '0.8444', 'epoch': '0.05458'}
{'paper_align_label_loss': '0.1298', 'paper_align_reason_loss': '0.9161', 'epoch': '0.05458'}
{'paper_align_label_loss': '0.213', 'paper_align_reason_loss': '0.9827', 'epoch': '0.05458'}
{'paper_align_label_loss': '0.1456', 'paper_align_reason_loss': '1.011', 'epoch': '0.05848'}
{'paper_align_label_loss': '0.1075', 'paper_align_reason_loss': '0.8945', 'epoch': '0.05848'}
{'paper_align_label_loss': '0.14', 'paper_align_reason_loss': '0.9252', 'epoch': '0.05848'}
{'paper_align_label_loss': '0.1971', 'paper_align_reason_loss': '1.117', 'epoch': '0.05848'}
{'paper_align_label_loss': '0.1908', 'paper_align_reason_loss': '0.9706', 'epoch': '0.06238'}
{'paper_align_label_loss': '0.2088', 'paper_align_reason_loss': '0.7911', 'epoch': '0.06238'}
{'paper_align_label_loss': '0.2047', 'paper_align_reason_loss': '0.7855', 'epoch': '0.06238'}
{'paper_align_label_loss': '0.1535', 'paper_align_reason_loss': '0.9572', 'epoch': '0.06238'}
{'paper_align_label_loss': '0.08464', 'paper_align_reason_loss': '0.8124', 'epoch': '0.06628'}
{'paper_align_label_loss': '0.2148', 'paper_align_reason_loss': '0.929', 'epoch': '0.06628'}
{'paper_align_label_loss': '0.1166', 'paper_align_reason_loss': '0.8623', 'epoch': '0.06628'}
{'paper_align_label_loss': '0.1042', 'paper_align_reason_loss': '0.8622', 'epoch': '0.06628'}
{'paper_align_label_loss': '0.1004', 'paper_align_reason_loss': '0.8176', 'epoch': '0.07018'}
{'paper_align_label_loss': '0.1683', 'paper_align_reason_loss': '0.8094', 'epoch': '0.07018'}
{'paper_align_label_loss': '0.3013', 'paper_align_reason_loss': '0.8924', 'epoch': '0.07018'}
{'paper_align_label_loss': '0.1088', 'paper_align_reason_loss': '0.9419', 'epoch': '0.07018'}
{'paper_align_label_loss': '0.2968', 'paper_align_reason_loss': '0.8618', 'epoch': '0.07407'}
{'paper_align_label_loss': '0.06936', 'paper_align_reason_loss': '0.8018', 'epoch': '0.07407'}
{'paper_align_label_loss': '0.2439', 'paper_align_reason_loss': '0.7474', 'epoch': '0.07407'}
{'paper_align_label_loss': '0.08335', 'paper_align_reason_loss': '0.8267', 'epoch': '0.07407'}
{'loss': '2.248', 'grad_norm': '4.065', 'learning_rate': '7.917e-05', 'epoch': '0.07797'}
{'paper_align_label_loss': '0.1133', 'paper_align_reason_loss': '0.8774', 'epoch': '0.07797'}
{'paper_align_label_loss': '0.1097', 'paper_align_reason_loss': '0.8527', 'epoch': '0.07797'}
{'paper_align_label_loss': '0.3004', 'paper_align_reason_loss': '0.7939', 'epoch': '0.07797'}
{'paper_align_label_loss': '0.1133', 'paper_align_reason_loss': '0.6544', 'epoch': '0.07797'}
{'paper_align_label_loss': '0.2066', 'paper_align_reason_loss': '0.7141', 'epoch': '0.08187'}
{'paper_align_label_loss': '0.162', 'paper_align_reason_loss': '0.6875', 'epoch': '0.08187'}

  3%|▎         | 21/771 [00:42<25:14,  2.02s/it]2026-09-20 16:15:25,610 INFO [rev_util_helpfulness|paper_align|Qwen3-0.6B] step=21 epoch=0.0819

                                                

  3%|▎         | 21/771 [00:43<25:14,  2.02s/it]
  3%|▎         | 22/771 [00:43<24:54,  2.00s/it]2026-09-20 16:15:26,120 INFO [rev_util_helpfulness|paper_align|Qwen3-0.6B] step=22 epoch=0.0858

                                                

  3%|▎         | 22/771 [00:43<24:54,  2.00s/it]2026-09-20 16:15:26,589 INFO [rev_util_helpfulness|paper_align|Qwen3-0.6B] step=22 epoch=0.0858

                                                

  3%|▎         | 22/771 [00:44<24:54,  2.00s/it]2026-09-20 16:15:27,065 INFO [rev_util_helpfulness|paper_align|Qwen3-0.6B] step=22 epoch=0.0858

                                                

  3%|▎         | 22/771 [00:44<24:54,  2.00s/it]2026-09-20 16:15:27,555 INFO [rev_util_helpfulness|paper_align|Qwen3-0.6B] step=22 epoch=0.0858

                                                

  3%|▎         | 22/771 [00:45<24:54,  2.00s/it]
  3%|▎         | 23/771 [00:45<24:42,  1.98s/it]2026-09-20 16:15:28,078 INFO [rev_util_helpfulness|paper_align|Qwen3-0.6B] step=23 epoch=0.0897

                                                

  3%|▎         | 23/771 [00:45<24:42,  1.98s/it]2026-09-20 16:15:28,550 INFO [rev_util_helpfulness|paper_align|Qwen3-0.6B] step=23 epoch=0.0897

                                                

  3%|▎         | 23/771 [00:46<24:42,  1.98s/it]2026-09-20 16:15:29,035 INFO [rev_util_helpfulness|paper_align|Qwen3-0.6B] step=23 epoch=0.0897

                                                

  3%|▎         | 23/771 [00:46<24:42,  1.98s/it]2026-09-20 16:15:29,517 INFO [rev_util_helpfulness|paper_align|Qwen3-0.6B] step=23 epoch=0.0897

                                                

  3%|▎         | 23/771 [00:47<24:42,  1.98s/it]
  3%|▎         | 24/771 [00:47<24:33,  1.97s/it]2026-09-20 16:15:30,028 INFO [rev_util_helpfulness|paper_align|Qwen3-0.6B] step=24 epoch=0.0936

                                                

  3%|▎         | 24/771 [00:47<24:33,  1.97s/it]2026-09-20 16:15:30,513 INFO [rev_util_helpfulness|paper_align|Qwen3-0.6B] step=24 epoch=0.0936

                                                

  3%|▎         | 24/771 [00:48<24:33,  1.97s/it]2026-09-20 16:15:31,005 INFO [rev_util_helpfulness|paper_align|Qwen3-0.6B] step=24 epoch=0.0936

                                                

  3%|▎         | 24/771 [00:48<24:33,  1.97s/it]2026-09-20 16:15:31,481 INFO [rev_util_helpfulness|paper_align|Qwen3-0.6B] step=24 epoch=0.0936

                                                

  3%|▎         | 24/771 [00:49<24:33,  1.97s/it]
  3%|▎         | 25/771 [00:49<24:32,  1.97s/it]2026-09-20 16:15:31,997 INFO [rev_util_helpfulness|paper_align|Qwen3-0.6B] step=25 epoch=0.0975

                                                

  3%|▎         | 25/771 [00:49<24:32,  1.97s/it]2026-09-20 16:15:32,707 INFO [rev_util_helpfulness|paper_align|Qwen3-0.6B] step=25 epoch=0.0975

                                                

  3%|▎         | 25/771 [00:50<24:32,  1.97s/it]2026-09-20 16:15:33,180 INFO [rev_util_helpfulness|paper_align|Qwen3-0.6B] step=25 epoch=0.0975

                                                

  3%|▎         | 25/771 [00:50<24:32,  1.97s/it]2026-09-20 16:15:33,649 INFO [rev_util_helpfulness|paper_align|Qwen3-0.6B] step=25 epoch=0.0975

                                                

  3%|▎         | 25/771 [00:51<24:32,  1.97s/it]
  3%|▎         | 26/771 [00:51<25:09,  2.03s/it]2026-09-20 16:15:34,149 INFO [rev_util_helpfulness|paper_align|Qwen3-0.6B] step=26 epoch=0.1014

                                                

  3%|▎         | 26/771 [00:51<25:09,  2.03s/it]2026-09-20 16:15:34,611 INFO [rev_util_helpfulness|paper_align|Qwen3-0.6B] step=26 epoch=0.1014

                                                

  3%|▎         | 26/771 [00:52<25:09,  2.03s/it]2026-09-20 16:15:35,105 INFO [rev_util_helpfulness|paper_align|Qwen3-0.6B] step=26 epoch=0.1014

                                                

  3%|▎         | 26/771 [00:52<25:09,  2.03s/it]2026-09-20 16:15:35,599 INFO [rev_util_helpfulness|paper_align|Qwen3-0.6B] step=26 epoch=0.1014

                                                

  3%|▎         | 26/771 [00:53<25:09,  2.03s/it]
  4%|▎         | 27/771 [00:53<24:52,  2.01s/it]2026-09-20 16:15:36,105 INFO [rev_util_helpfulness|paper_align|Qwen3-0.6B] step=27 epoch=0.1053

                                                

  4%|▎         | 27/771 [00:53<24:52,  2.01s/it]2026-09-20 16:15:36,591 INFO [rev_util_helpfulness|paper_align|Qwen3-0.6B] step=27 epoch=0.1053

                                                

  4%|▎         | 27/771 [00:54<24:52,  2.01s/it]2026-09-20 16:15:37,104 INFO [rev_util_helpfulness|paper_align|Qwen3-0.6B] step=27 epoch=0.1053

                                                

  4%|▎         | 27/771 [00:54<24:52,  2.01s/it]2026-09-20 16:15:37,620 INFO [rev_util_helpfulness|paper_align|Qwen3-0.6B] step=27 epoch=0.1053

                                                

  4%|▎         | 27/771 [00:55<24:52,  2.01s/it]
  4%|▎         | 28/771 [00:55<24:54,  2.01s/it]2026-09-20 16:15:38,139 INFO [rev_util_helpfulness|paper_align|Qwen3-0.6B] step=28 epoch=0.1092

                                                

  4%|▎         | 28/771 [00:55<24:54,  2.01s/it]2026-09-20 16:15:38,616 INFO [rev_util_helpfulness|paper_align|Qwen3-0.6B] step=28 epoch=0.1092

                                                

  4%|▎         | 28/771 [00:56<24:54,  2.01s/it]2026-09-20 16:15:39,087 INFO [rev_util_helpfulness|paper_align|Qwen3-0.6B] step=28 epoch=0.1092

                                                

  4%|▎         | 28/771 [00:56<24:54,  2.01s/it]2026-09-20 16:15:39,559 INFO [rev_util_helpfulness|paper_align|Qwen3-0.6B] step=28 epoch=0.1092

                                                

  4%|▎         | 28/771 [00:57<24:54,  2.01s/it]
  4%|▍         | 29/771 [00:57<24:37,  1.99s/it]2026-09-20 16:15:40,075 INFO [rev_util_helpfulness|paper_align|Qwen3-0.6B] step=29 epoch=0.1131

                                                

  4%|▍         | 29/771 [00:57<24:37,  1.99s/it]2026-09-20 16:15:40,541 INFO [rev_util_helpfulness|paper_align|Qwen3-0.6B] step=29 epoch=0.1131

                                                

  4%|▍         | 29/771 [00:58<24:37,  1.99s/it]2026-09-20 16:15:41,010 INFO [rev_util_helpfulness|paper_align|Qwen3-0.6B] step=29 epoch=0.1131

                                                

  4%|▍         | 29/771 [00:58<24:37,  1.99s/it]2026-09-20 16:15:41,498 INFO [rev_util_helpfulness|paper_align|Qwen3-0.6B] step=29 epoch=0.1131

                                                

  4%|▍         | 29/771 [00:59<24:37,  1.99s/it]
  4%|▍         | 30/771 [00:59<24:23,  1.98s/it]2026-09-20 16:15:41,837 INFO [rev_util_helpfulness|paper_align|Qwen3-0.6B] step=30 loss=1.7807 learning_rate=0.0001 epoch=0.1170

                                                

  4%|▍         | 30/771 [00:59<24:23,  1.98s/it]2026-09-20 16:15:42,022 INFO [rev_util_helpfulness|paper_align|Qwen3-0.6B] step=30 epoch=0.1170

                                                

  4%|▍         | 30/771 [00:59<24:23,  1.98s/it]2026-09-20 16:15:42,502 INFO [rev_util_helpfulness|paper_align|Qwen3-0.6B] step=30 epoch=0.1170

                                                

  4%|▍         | 30/771 [01:00<24:23,  1.98s/it]2026-09-20 16:15:42,979 INFO [rev_util_helpfulness|paper_align|Qwen3-0.6B] step=30 epoch=0.1170

                                                

  4%|▍         | 30/771 [01:00<24:23,  1.98s/it]2026-09-20 16:15:43,668 INFO [rev_util_helpfulness|paper_align|Qwen3-0.6B] step=30 epoch=0.1170

                                                

  4%|▍         | 30/771 [01:01<24:23,  1.98s/it]
  4%|▍         | 31/771 [01:01<25:04,  2.03s/it]2026-09-20 16:15:44,184 INFO [rev_util_helpfulness|paper_align|Qwen3-0.6B] step=31 epoch=0.1209

                                                

  4%|▍         | 31/771 [01:01<25:04,  2.03s/it]2026-09-20 16:15:44,655 INFO [rev_util_helpfulness|paper_align|Qwen3-0.6B] step=31 epoch=0.1209

                                                

  4%|▍         | 31/771 [01:02<25:04,  2.03s/it]2026-09-20 16:15:45,131 INFO [rev_util_helpfulness|paper_align|Qwen3-0.6B] step=31 epoch=0.1209

                                                

  4%|▍         | 31/771 [01:02<25:04,  2.03s/it]2026-09-20 16:15:45,607 INFO [rev_util_helpfulness|paper_align|Qwen3-0.6B] step=31 epoch=0.1209

                                                

  4%|▍         | 31/771 [01:03<25:04,  2.03s/it]
  4%|▍         | 32/771 [01:03<24:38,  2.00s/it]2026-09-20 16:15:46,111 INFO [rev_util_helpfulness|paper_align|Qwen3-0.6B] step=32 epoch=0.1248

                                                

  4%|▍         | 32/771 [01:03<24:38,  2.00s/it]2026-09-20 16:15:46,584 INFO [rev_util_helpfulness|paper_align|Qwen3-0.6B] step=32 epoch=0.1248

                                                

  4%|▍         | 32/771 [01:04<24:38,  2.00s/it]2026-09-20 16:15:47,056 INFO [rev_util_helpfulness|paper_align|Qwen3-0.6B] step=32 epoch=0.1248

                                                

  4%|▍         | 32/771 [01:04<24:38,  2.00s/it]2026-09-20 16:15:47,527 INFO [rev_util_helpfulness|paper_align|Qwen3-0.6B] step=32 epoch=0.1248

                                                

  4%|▍         | 32/771 [01:05<24:38,  2.00s/it]
  4%|▍         | 33/771 [01:05<24:19,  1.98s/it]2026-09-20 16:15:48,035 INFO [rev_util_helpfulness|paper_align|Qwen3-0.6B] step=33 epoch=0.1287

                                                

  4%|▍         | 33/771 [01:05<24:19,  1.98s/it]2026-09-20 16:15:48,502 INFO [rev_util_helpfulness|paper_align|Qwen3-0.6B] step=33 epoch=0.1287

                                                

  4%|▍         | 33/771 [01:06<24:19,  1.98s/it]2026-09-20 16:15:48,983 INFO [rev_util_helpfulness|paper_align|Qwen3-0.6B] step=33 epoch=0.1287

                                                

  4%|▍         | 33/771 [01:06<24:19,  1.98s/it]2026-09-20 16:15:49,453 INFO [rev_util_helpfulness|paper_align|Qwen3-0.6B] step=33 epoch=0.1287

                                                

  4%|▍         | 33/771 [01:07<24:19,  1.98s/it]
  4%|▍         | 34/771 [01:07<24:07,  1.96s/it]2026-09-20 16:15:49,963 INFO [rev_util_helpfulness|paper_align|Qwen3-0.6B] step=34 epoch=0.1326

                                                

  4%|▍         | 34/771 [01:07<24:07,  1.96s/it]2026-09-20 16:15:50,430 INFO [rev_util_helpfulness|paper_align|Qwen3-0.6B] step=34 epoch=0.1326

                                                

  4%|▍         | 34/771 [01:08<24:07,  1.96s/it]2026-09-20 16:15:50,903 INFO [rev_util_helpfulness|paper_align|Qwen3-0.6B] step=34 epoch=0.1326

                                                

  4%|▍         | 34/771 [01:08<24:07,  1.96s/it]2026-09-20 16:15:51,366 INFO [rev_util_helpfulness|paper_align|Qwen3-0.6B] step=34 epoch=0.1326

                                                

  4%|▍         | 34/771 [01:09<24:07,  1.96s/it]
  5%|▍         | 35/771 [01:09<23:52,  1.95s/it]2026-09-20 16:15:51,878 INFO [rev_util_helpfulness|paper_align|Qwen3-0.6B] step=35 epoch=0.1365

                                                

  5%|▍         | 35/771 [01:09<23:52,  1.95s/it]2026-09-20 16:15:52,349 INFO [rev_util_helpfulness|paper_align|Qwen3-0.6B] step=35 epoch=0.1365

                                                

  5%|▍         | 35/771 [01:10<23:52,  1.95s/it]2026-09-20 16:15:52,836 INFO [rev_util_helpfulness|paper_align|Qwen3-0.6B] step=35 epoch=0.1365

                                                

  5%|▍         | 35/771 [01:10<23:52,  1.95s/it]2026-09-20 16:15:53,301 INFO [rev_util_helpfulness|paper_align|Qwen3-0.6B] step=35 epoch=0.1365

                                                

  5%|▍         | 35/771 [01:11<23:52,  1.95s/it]
  5%|▍         | 36/771 [01:11<23:48,  1.94s/it]2026-09-20 16:15:54,036 INFO [rev_util_helpfulness|paper_align|Qwen3-0.6B] step=36 epoch=0.1404

                                                

  5%|▍         | 36/771 [01:11<23:48,  1.94s/it]2026-09-20 16:15:54,503 INFO [rev_util_helpfulness|paper_align|Qwen3-0.6B] step=36 epoch=0.1404

                                                

  5%|▍         | 36/771 [01:12<23:48,  1.94s/it]2026-09-20 16:15:54,986 INFO [rev_util_helpfulness|paper_align|Qwen3-0.6B] step=36 epoch=0.1404

                                                

  5%|▍         | 36/771 [01:12<23:48,  1.94s/it]2026-09-20 16:15:55,461 INFO [rev_util_helpfulness|paper_align|Qwen3-0.6B] step=36 epoch=0.1404

                                                

  5%|▍         | 36/771 [01:13<23:48,  1.94s/it]
  5%|▍         | 37/771 [01:13<24:33,  2.01s/it]2026-09-20 16:15:55,965 INFO [rev_util_helpfulness|paper_align|Qwen3-0.6B] step=37 epoch=0.1442

                                                

  5%|▍         | 37/771 [01:13<24:33,  2.01s/it]2026-09-20 16:15:56,441 INFO [rev_util_helpfulness|paper_align|Qwen3-0.6B] step=37 epoch=0.1442

                                                

  5%|▍         | 37/771 [01:14<24:33,  2.01s/it]2026-09-20 16:15:56,910 INFO [rev_util_helpfulness|paper_align|Qwen3-0.6B] step=37 epoch=0.1442

                                                

  5%|▍         | 37/771 [01:14<24:33,  2.01s/it]2026-09-20 16:15:57,379 INFO [rev_util_helpfulness|paper_align|Qwen3-0.6B] step=37 epoch=0.1442

                                                

  5%|▍         | 37/771 [01:15<24:33,  2.01s/it]
  5%|▍         | 38/771 [01:15<24:12,  1.98s/it]2026-09-20 16:15:57,889 INFO [rev_util_helpfulness|paper_align|Qwen3-0.6B] step=38 epoch=0.1481

                                                

  5%|▍         | 38/771 [01:15<24:12,  1.98s/it]2026-09-20 16:15:58,366 INFO [rev_util_helpfulness|paper_align|Qwen3-0.6B] step=38 epoch=0.1481

                                                

  5%|▍         | 38/771 [01:16<24:12,  1.98s/it]2026-09-20 16:15:58,831 INFO [rev_util_helpfulness|paper_align|Qwen3-0.6B] step=38 epoch=0.1481

                                                

  5%|▍         | 38/771 [01:16<24:12,  1.98s/it]2026-09-20 16:15:59,298 INFO [rev_util_helpfulness|paper_align|Qwen3-0.6B] step=38 epoch=0.1481

                                                

  5%|▍         | 38/771 [01:17<24:12,  1.98s/it]
  5%|▌         | 39/771 [01:17<23:56,  1.96s/it]2026-09-20 16:15:59,804 INFO [rev_util_helpfulness|paper_align|Qwen3-0.6B] step=39 epoch=0.1520

                                                

  5%|▌         | 39/771 [01:17<23:56,  1.96s/it]2026-09-20 16:16:00,275 INFO [rev_util_helpfulness|paper_align|Qwen3-0.6B] step=39 epoch=0.1520

                                                

  5%|▌         | 39/771 [01:17<23:56,  1.96s/it]2026-09-20 16:16:00,745 INFO [rev_util_helpfulness|paper_align|Qwen3-0.6B] step=39 epoch=0.1520

                                                

  5%|▌         | 39/771 [01:18<23:56,  1.96s/it]2026-09-20 16:16:01,210 INFO [rev_util_helpfulness|paper_align|Qwen3-0.6B] step=39 epoch=0.1520

                                                

  5%|▌         | 39/771 [01:18<23:56,  1.96s/it]
  5%|▌         | 40/771 [01:19<23:43,  1.95s/it]2026-09-20 16:16:01,538 INFO [rev_util_helpfulness|paper_align|Qwen3-0.6B] step=40 loss=1.4392 learning_rate=0.0001 epoch=0.1559

                                                

  5%|▌         | 40/771 [01:19<23:43,  1.95s/it]2026-09-20 16:16:01,716 INFO [rev_util_helpfulness|paper_align|Qwen3-0.6B] step=40 epoch=0.1559

                                                

  5%|▌         | 40/771 [01:19<23:43,  1.95s/it]2026-09-20 16:16:02,176 INFO [rev_util_helpfulness|paper_align|Qwen3-0.6B] step=40 epoch=0.1559

                                                

  5%|▌         | 40/771 [01:19<23:43,  1.95s/it]2026-09-20 16:16:02,639 INFO [rev_util_helpfulness|paper_align|Qwen3-0.6B] step=40 epoch=0.1559

                                                

  5%|▌         | 40/771 [01:20<23:43,  1.95s/it]2026-09-20 16:16:03,316 INFO [rev_util_helpfulness|paper_align|Qwen3-0.6B] step=40 epoch=0.1559

                                                

  5%|▌         | 40/771 [01:21<23:43,  1.95s/it]
  5%|▌         | 41/771 [01:21<24:13,  1.99s/it]2026-09-20 16:16:03,801 INFO [rev_util_helpfulness|paper_align|Qwen3-0.6B] step=41 epoch=0.1598

                                                

  5%|▌         | 41/771 [01:21<24:13,  1.99s/it]2026-09-20 16:16:04,262 INFO [rev_util_helpfulness|paper_align|Qwen3-0.6B] step=41 epoch=0.1598

                                                

  5%|▌         | 41/771 [01:21<24:13,  1.99s/it]2026-09-20 16:16:04,727 INFO [rev_util_helpfulness|paper_align|Qwen3-0.6B] step=41 epoch=0.1598

                                                

  5%|▌         | 41/771 [01:22<24:13,  1.99s/it]2026-09-20 16:16:05,199 INFO [rev_util_helpfulness|paper_align|Qwen3-0.6B] step=41 epoch=0.1598

                                                

  5%|▌         | 41/771 [01:22<24:13,  1.99s/it]
  5%|▌         | 42/771 [01:23<23:51,  1.96s/it]2026-09-20 16:16:05,705 INFO [rev_util_helpfulness|paper_align|Qwen3-0.6B] step=42 epoch=0.1637

                                                

  5%|▌         | 42/771 [01:23<23:51,  1.96s/it]2026-09-20 16:16:06,174 INFO [rev_util_helpfulness|paper_align|Qwen3-0.6B] step=42 epoch=0.1637

                                                

  5%|▌         | 42/771 [01:23<23:51,  1.96s/it]2026-09-20 16:16:06,643 INFO [rev_util_helpfulness|paper_align|Qwen3-0.6B] step=42 epoch=0.1637

                                                

  5%|▌         | 42/771 [01:24<23:51,  1.96s/it]2026-09-20 16:16:07,109 INFO [rev_util_helpfulness|paper_align|Qwen3-0.6B] step=42 epoch=0.1637

                                                

  5%|▌         | 42/771 [01:24<23:51,  1.96s/it]
  6%|▌         | 43/771 [01:25<23:36,  1.95s/it]2026-09-20 16:16:07,616 INFO [rev_util_helpfulness|paper_align|Qwen3-0.6B] step=43 epoch=0.1676

                                                
{'paper_align_label_loss': '0.2561', 'paper_align_reason_loss': '0.9301', 'epoch': '0.08187'}
{'paper_align_label_loss': '0.1431', 'paper_align_reason_loss': '0.7336', 'epoch': '0.08187'}
{'paper_align_label_loss': '0.1324', 'paper_align_reason_loss': '0.7565', 'epoch': '0.08577'}
{'paper_align_label_loss': '0.121', 'paper_align_reason_loss': '0.839', 'epoch': '0.08577'}
{'paper_align_label_loss': '0.1335', 'paper_align_reason_loss': '0.8098', 'epoch': '0.08577'}
{'paper_align_label_loss': '0.1907', 'paper_align_reason_loss': '0.62', 'epoch': '0.08577'}
{'paper_align_label_loss': '0.1291', 'paper_align_reason_loss': '0.7177', 'epoch': '0.08967'}
{'paper_align_label_loss': '0.132', 'paper_align_reason_loss': '0.8227', 'epoch': '0.08967'}
{'paper_align_label_loss': '0.1136', 'paper_align_reason_loss': '0.7009', 'epoch': '0.08967'}
{'paper_align_label_loss': '0.2694', 'paper_align_reason_loss': '0.8588', 'epoch': '0.08967'}
{'paper_align_label_loss': '0.1513', 'paper_align_reason_loss': '0.7989', 'epoch': '0.09357'}
{'paper_align_label_loss': '0.1875', 'paper_align_reason_loss': '0.6823', 'epoch': '0.09357'}
{'paper_align_label_loss': '0.1551', 'paper_align_reason_loss': '0.7411', 'epoch': '0.09357'}
{'paper_align_label_loss': '0.1116', 'paper_align_reason_loss': '0.6845', 'epoch': '0.09357'}
{'paper_align_label_loss': '0.1563', 'paper_align_reason_loss': '0.6569', 'epoch': '0.09747'}
{'paper_align_label_loss': '0.1059', 'paper_align_reason_loss': '0.8443', 'epoch': '0.09747'}
{'paper_align_label_loss': '0.1569', 'paper_align_reason_loss': '0.7233', 'epoch': '0.09747'}
{'paper_align_label_loss': '0.1518', 'paper_align_reason_loss': '0.7897', 'epoch': '0.09747'}
{'paper_align_label_loss': '0.1344', 'paper_align_reason_loss': '0.6418', 'epoch': '0.1014'}
{'paper_align_label_loss': '0.1396', 'paper_align_reason_loss': '0.7446', 'epoch': '0.1014'}
{'paper_align_label_loss': '0.1323', 'paper_align_reason_loss': '0.7457', 'epoch': '0.1014'}
{'paper_align_label_loss': '0.1189', 'paper_align_reason_loss': '0.7786', 'epoch': '0.1014'}
{'paper_align_label_loss': '0.1051', 'paper_align_reason_loss': '0.6852', 'epoch': '0.1053'}
{'paper_align_label_loss': '0.1042', 'paper_align_reason_loss': '0.6485', 'epoch': '0.1053'}
{'paper_align_label_loss': '0.1907', 'paper_align_reason_loss': '0.6648', 'epoch': '0.1053'}
{'paper_align_label_loss': '0.1389', 'paper_align_reason_loss': '0.8541', 'epoch': '0.1053'}
{'paper_align_label_loss': '0.1195', 'paper_align_reason_loss': '0.805', 'epoch': '0.1092'}
{'paper_align_label_loss': '0.1572', 'paper_align_reason_loss': '0.7243', 'epoch': '0.1092'}
{'paper_align_label_loss': '0.132', 'paper_align_reason_loss': '0.6521', 'epoch': '0.1092'}
{'paper_align_label_loss': '0.1838', 'paper_align_reason_loss': '0.6159', 'epoch': '0.1092'}
{'paper_align_label_loss': '0.1035', 'paper_align_reason_loss': '0.6285', 'epoch': '0.1131'}
{'paper_align_label_loss': '0.082', 'paper_align_reason_loss': '0.7059', 'epoch': '0.1131'}
{'paper_align_label_loss': '0.3483', 'paper_align_reason_loss': '0.6677', 'epoch': '0.1131'}
{'paper_align_label_loss': '0.1095', 'paper_align_reason_loss': '0.658', 'epoch': '0.1131'}
{'loss': '1.781', 'grad_norm': '4.684', 'learning_rate': '9.999e-05', 'epoch': '0.117'}
{'paper_align_label_loss': '0.09148', 'paper_align_reason_loss': '0.718', 'epoch': '0.117'}
{'paper_align_label_loss': '0.09439', 'paper_align_reason_loss': '0.5852', 'epoch': '0.117'}
{'paper_align_label_loss': '0.1315', 'paper_align_reason_loss': '0.6617', 'epoch': '0.117'}
{'paper_align_label_loss': '0.1252', 'paper_align_reason_loss': '0.5249', 'epoch': '0.117'}
{'paper_align_label_loss': '0.0998', 'paper_align_reason_loss': '0.6227', 'epoch': '0.1209'}
{'paper_align_label_loss': '0.1844', 'paper_align_reason_loss': '0.6873', 'epoch': '0.1209'}
{'paper_align_label_loss': '0.07486', 'paper_align_reason_loss': '0.7219', 'epoch': '0.1209'}
{'paper_align_label_loss': '0.2781', 'paper_align_reason_loss': '0.6513', 'epoch': '0.1209'}
{'paper_align_label_loss': '0.2036', 'paper_align_reason_loss': '0.4933', 'epoch': '0.1248'}
{'paper_align_label_loss': '0.09153', 'paper_align_reason_loss': '0.6702', 'epoch': '0.1248'}
{'paper_align_label_loss': '0.1498', 'paper_align_reason_loss': '0.648', 'epoch': '0.1248'}
{'paper_align_label_loss': '0.07557', 'paper_align_reason_loss': '0.6625', 'epoch': '0.1248'}
{'paper_align_label_loss': '0.2126', 'paper_align_reason_loss': '0.4818', 'epoch': '0.1287'}
{'paper_align_label_loss': '0.09071', 'paper_align_reason_loss': '0.5396', 'epoch': '0.1287'}
{'paper_align_label_loss': '0.3109', 'paper_align_reason_loss': '0.6017', 'epoch': '0.1287'}
{'paper_align_label_loss': '0.09716', 'paper_align_reason_loss': '0.6888', 'epoch': '0.1287'}
{'paper_align_label_loss': '0.09189', 'paper_align_reason_loss': '0.5595', 'epoch': '0.1326'}
{'paper_align_label_loss': '0.07236', 'paper_align_reason_loss': '0.6904', 'epoch': '0.1326'}
{'paper_align_label_loss': '0.09719', 'paper_align_reason_loss': '0.6029', 'epoch': '0.1326'}
{'paper_align_label_loss': '0.1654', 'paper_align_reason_loss': '0.582', 'epoch': '0.1326'}
{'paper_align_label_loss': '0.1501', 'paper_align_reason_loss': '0.5874', 'epoch': '0.1365'}
{'paper_align_label_loss': '0.2061', 'paper_align_reason_loss': '0.615', 'epoch': '0.1365'}
{'paper_align_label_loss': '0.07705', 'paper_align_reason_loss': '0.4255', 'epoch': '0.1365'}
{'paper_align_label_loss': '0.1106', 'paper_align_reason_loss': '0.5059', 'epoch': '0.1365'}
{'paper_align_label_loss': '0.0808', 'paper_align_reason_loss': '0.5388', 'epoch': '0.1404'}
{'paper_align_label_loss': '0.09989', 'paper_align_reason_loss': '0.6114', 'epoch': '0.1404'}
{'paper_align_label_loss': '0.2758', 'paper_align_reason_loss': '0.5815', 'epoch': '0.1404'}
{'paper_align_label_loss': '0.2762', 'paper_align_reason_loss': '0.6107', 'epoch': '0.1404'}
{'paper_align_label_loss': '0.3491', 'paper_align_reason_loss': '0.5063', 'epoch': '0.1442'}
{'paper_align_label_loss': '0.08317', 'paper_align_reason_loss': '0.5563', 'epoch': '0.1442'}
{'paper_align_label_loss': '0.1757', 'paper_align_reason_loss': '0.4656', 'epoch': '0.1442'}
{'paper_align_label_loss': '0.1568', 'paper_align_reason_loss': '0.5165', 'epoch': '0.1442'}
{'paper_align_label_loss': '0.1117', 'paper_align_reason_loss': '0.5439', 'epoch': '0.1481'}
{'paper_align_label_loss': '0.1173', 'paper_align_reason_loss': '0.5665', 'epoch': '0.1481'}
{'paper_align_label_loss': '0.09348', 'paper_align_reason_loss': '0.461', 'epoch': '0.1481'}
{'paper_align_label_loss': '0.1585', 'paper_align_reason_loss': '0.5405', 'epoch': '0.1481'}
{'paper_align_label_loss': '0.1', 'paper_align_reason_loss': '0.6196', 'epoch': '0.152'}
{'paper_align_label_loss': '0.1041', 'paper_align_reason_loss': '0.4555', 'epoch': '0.152'}
{'paper_align_label_loss': '0.1088', 'paper_align_reason_loss': '0.4404', 'epoch': '0.152'}
{'paper_align_label_loss': '0.07302', 'paper_align_reason_loss': '0.5952', 'epoch': '0.152'}
{'loss': '1.439', 'grad_norm': '3.679', 'learning_rate': '9.99e-05', 'epoch': '0.1559'}
{'paper_align_label_loss': '0.1816', 'paper_align_reason_loss': '0.5101', 'epoch': '0.1559'}
{'paper_align_label_loss': '0.07858', 'paper_align_reason_loss': '0.5835', 'epoch': '0.1559'}
{'paper_align_label_loss': '0.1637', 'paper_align_reason_loss': '0.5456', 'epoch': '0.1559'}
{'paper_align_label_loss': '0.1035', 'paper_align_reason_loss': '0.508', 'epoch': '0.1559'}
{'paper_align_label_loss': '0.08607', 'paper_align_reason_loss': '0.433', 'epoch': '0.1598'}
{'paper_align_label_loss': '0.2815', 'paper_align_reason_loss': '0.5466', 'epoch': '0.1598'}
{'paper_align_label_loss': '0.09786', 'paper_align_reason_loss': '0.5053', 'epoch': '0.1598'}
{'paper_align_label_loss': '0.07667', 'paper_align_reason_loss': '0.4884', 'epoch': '0.1598'}
{'paper_align_label_loss': '0.1548', 'paper_align_reason_loss': '0.4393', 'epoch': '0.1637'}
{'paper_align_label_loss': '0.2403', 'paper_align_reason_loss': '0.4205', 'epoch': '0.1637'}
{'paper_align_label_loss': '0.1272', 'paper_align_reason_loss': '0.6273', 'epoch': '0.1637'}
{'paper_align_label_loss': '0.07902', 'paper_align_reason_loss': '0.4569', 'epoch': '0.1637'}

  6%|▌         | 43/771 [01:25<23:36,  1.95s/it]2026-09-20 16:16:08,092 INFO [rev_util_helpfulness|paper_align|Qwen3-0.6B] step=43 epoch=0.1676

                                                

  6%|▌         | 43/771 [01:25<23:36,  1.95s/it]2026-09-20 16:16:08,564 INFO [rev_util_helpfulness|paper_align|Qwen3-0.6B] step=43 epoch=0.1676

                                                

  6%|▌         | 43/771 [01:26<23:36,  1.95s/it]2026-09-20 16:16:09,036 INFO [rev_util_helpfulness|paper_align|Qwen3-0.6B] step=43 epoch=0.1676

                                                

  6%|▌         | 43/771 [01:26<23:36,  1.95s/it]
  6%|▌         | 44/771 [01:27<23:31,  1.94s/it]2026-09-20 16:16:09,539 INFO [rev_util_helpfulness|paper_align|Qwen3-0.6B] step=44 epoch=0.1715

                                                

  6%|▌         | 44/771 [01:27<23:31,  1.94s/it]2026-09-20 16:16:10,000 INFO [rev_util_helpfulness|paper_align|Qwen3-0.6B] step=44 epoch=0.1715

                                                

  6%|▌         | 44/771 [01:27<23:31,  1.94s/it]2026-09-20 16:16:10,471 INFO [rev_util_helpfulness|paper_align|Qwen3-0.6B] step=44 epoch=0.1715

                                                

  6%|▌         | 44/771 [01:28<23:31,  1.94s/it]2026-09-20 16:16:10,942 INFO [rev_util_helpfulness|paper_align|Qwen3-0.6B] step=44 epoch=0.1715

                                                

  6%|▌         | 44/771 [01:28<23:31,  1.94s/it]
  6%|▌         | 45/771 [01:28<23:21,  1.93s/it]2026-09-20 16:16:11,445 INFO [rev_util_helpfulness|paper_align|Qwen3-0.6B] step=45 epoch=0.1754

                                                

  6%|▌         | 45/771 [01:29<23:21,  1.93s/it]2026-09-20 16:16:11,911 INFO [rev_util_helpfulness|paper_align|Qwen3-0.6B] step=45 epoch=0.1754

                                                

  6%|▌         | 45/771 [01:29<23:21,  1.93s/it]2026-09-20 16:16:12,384 INFO [rev_util_helpfulness|paper_align|Qwen3-0.6B] step=45 epoch=0.1754

                                                

  6%|▌         | 45/771 [01:30<23:21,  1.93s/it]2026-09-20 16:16:13,046 INFO [rev_util_helpfulness|paper_align|Qwen3-0.6B] step=45 epoch=0.1754

                                                

  6%|▌         | 45/771 [01:30<23:21,  1.93s/it]
  6%|▌         | 46/771 [01:31<23:58,  1.98s/it]2026-09-20 16:16:13,554 INFO [rev_util_helpfulness|paper_align|Qwen3-0.6B] step=46 epoch=0.1793

                                                

  6%|▌         | 46/771 [01:31<23:58,  1.98s/it]2026-09-20 16:16:14,019 INFO [rev_util_helpfulness|paper_align|Qwen3-0.6B] step=46 epoch=0.1793

                                                

  6%|▌         | 46/771 [01:31<23:58,  1.98s/it]2026-09-20 16:16:14,511 INFO [rev_util_helpfulness|paper_align|Qwen3-0.6B] step=46 epoch=0.1793

                                                

  6%|▌         | 46/771 [01:32<23:58,  1.98s/it]2026-09-20 16:16:14,978 INFO [rev_util_helpfulness|paper_align|Qwen3-0.6B] step=46 epoch=0.1793

                                                

  6%|▌         | 46/771 [01:32<23:58,  1.98s/it]
  6%|▌         | 47/771 [01:33<23:45,  1.97s/it]2026-09-20 16:16:15,491 INFO [rev_util_helpfulness|paper_align|Qwen3-0.6B] step=47 epoch=0.1832

                                                

  6%|▌         | 47/771 [01:33<23:45,  1.97s/it]2026-09-20 16:16:15,958 INFO [rev_util_helpfulness|paper_align|Qwen3-0.6B] step=47 epoch=0.1832

                                                

  6%|▌         | 47/771 [01:33<23:45,  1.97s/it]2026-09-20 16:16:16,419 INFO [rev_util_helpfulness|paper_align|Qwen3-0.6B] step=47 epoch=0.1832

                                                

  6%|▌         | 47/771 [01:34<23:45,  1.97s/it]2026-09-20 16:16:16,885 INFO [rev_util_helpfulness|paper_align|Qwen3-0.6B] step=47 epoch=0.1832

                                                

  6%|▌         | 47/771 [01:34<23:45,  1.97s/it]
  6%|▌         | 48/771 [01:34<23:28,  1.95s/it]2026-09-20 16:16:17,391 INFO [rev_util_helpfulness|paper_align|Qwen3-0.6B] step=48 epoch=0.1871

                                                

  6%|▌         | 48/771 [01:35<23:28,  1.95s/it]2026-09-20 16:16:17,868 INFO [rev_util_helpfulness|paper_align|Qwen3-0.6B] step=48 epoch=0.1871

                                                

  6%|▌         | 48/771 [01:35<23:28,  1.95s/it]2026-09-20 16:16:18,341 INFO [rev_util_helpfulness|paper_align|Qwen3-0.6B] step=48 epoch=0.1871

                                                

  6%|▌         | 48/771 [01:36<23:28,  1.95s/it]2026-09-20 16:16:18,812 INFO [rev_util_helpfulness|paper_align|Qwen3-0.6B] step=48 epoch=0.1871

                                                

  6%|▌         | 48/771 [01:36<23:28,  1.95s/it]
  6%|▋         | 49/771 [01:36<23:23,  1.94s/it]2026-09-20 16:16:19,319 INFO [rev_util_helpfulness|paper_align|Qwen3-0.6B] step=49 epoch=0.1910

                                                

  6%|▋         | 49/771 [01:37<23:23,  1.94s/it]2026-09-20 16:16:19,782 INFO [rev_util_helpfulness|paper_align|Qwen3-0.6B] step=49 epoch=0.1910

                                                

  6%|▋         | 49/771 [01:37<23:23,  1.94s/it]2026-09-20 16:16:20,248 INFO [rev_util_helpfulness|paper_align|Qwen3-0.6B] step=49 epoch=0.1910

                                                

  6%|▋         | 49/771 [01:37<23:23,  1.94s/it]2026-09-20 16:16:20,710 INFO [rev_util_helpfulness|paper_align|Qwen3-0.6B] step=49 epoch=0.1910

                                                

  6%|▋         | 49/771 [01:38<23:23,  1.94s/it]
  6%|▋         | 50/771 [01:38<23:12,  1.93s/it]2026-09-20 16:16:21,047 INFO [rev_util_helpfulness|paper_align|Qwen3-0.6B] step=50 loss=1.2864 learning_rate=0.0001 epoch=0.1949

                                                

  6%|▋         | 50/771 [01:38<23:12,  1.93s/it]2026-09-20 16:16:21,222 INFO [rev_util_helpfulness|paper_align|Qwen3-0.6B] step=50 epoch=0.1949

                                                

  6%|▋         | 50/771 [01:38<23:12,  1.93s/it]2026-09-20 16:16:21,696 INFO [rev_util_helpfulness|paper_align|Qwen3-0.6B] step=50 epoch=0.1949

                                                

  6%|▋         | 50/771 [01:39<23:12,  1.93s/it]2026-09-20 16:16:22,178 INFO [rev_util_helpfulness|paper_align|Qwen3-0.6B] step=50 epoch=0.1949

                                                

  6%|▋         | 50/771 [01:39<23:12,  1.93s/it]2026-09-20 16:16:22,645 INFO [rev_util_helpfulness|paper_align|Qwen3-0.6B] step=50 epoch=0.1949

                                                

  6%|▋         | 50/771 [01:40<23:12,  1.93s/it]
  7%|▋         | 51/771 [01:40<23:08,  1.93s/it]2026-09-20 16:16:23,326 INFO [rev_util_helpfulness|paper_align|Qwen3-0.6B] step=51 epoch=0.1988

                                                

  7%|▋         | 51/771 [01:41<23:08,  1.93s/it]2026-09-20 16:16:23,786 INFO [rev_util_helpfulness|paper_align|Qwen3-0.6B] step=51 epoch=0.1988

                                                

  7%|▋         | 51/771 [01:41<23:08,  1.93s/it]2026-09-20 16:16:24,254 INFO [rev_util_helpfulness|paper_align|Qwen3-0.6B] step=51 epoch=0.1988

                                                

  7%|▋         | 51/771 [01:41<23:08,  1.93s/it]2026-09-20 16:16:24,723 INFO [rev_util_helpfulness|paper_align|Qwen3-0.6B] step=51 epoch=0.1988

                                                

  7%|▋         | 51/771 [01:42<23:08,  1.93s/it]
  7%|▋         | 52/771 [01:42<23:42,  1.98s/it]2026-09-20 16:16:25,242 INFO [rev_util_helpfulness|paper_align|Qwen3-0.6B] step=52 epoch=0.2027

                                                

  7%|▋         | 52/771 [01:42<23:42,  1.98s/it]2026-09-20 16:16:25,718 INFO [rev_util_helpfulness|paper_align|Qwen3-0.6B] step=52 epoch=0.2027

                                                

  7%|▋         | 52/771 [01:43<23:42,  1.98s/it]2026-09-20 16:16:26,196 INFO [rev_util_helpfulness|paper_align|Qwen3-0.6B] step=52 epoch=0.2027

                                                

  7%|▋         | 52/771 [01:43<23:42,  1.98s/it]2026-09-20 16:16:26,669 INFO [rev_util_helpfulness|paper_align|Qwen3-0.6B] step=52 epoch=0.2027

                                                

  7%|▋         | 52/771 [01:44<23:42,  1.98s/it]
  7%|▋         | 53/771 [01:44<23:28,  1.96s/it]2026-09-20 16:16:27,158 INFO [rev_util_helpfulness|paper_align|Qwen3-0.6B] step=53 epoch=0.2066

                                                

  7%|▋         | 53/771 [01:44<23:28,  1.96s/it]2026-09-20 16:16:27,626 INFO [rev_util_helpfulness|paper_align|Qwen3-0.6B] step=53 epoch=0.2066

                                                

  7%|▋         | 53/771 [01:45<23:28,  1.96s/it]2026-09-20 16:16:28,099 INFO [rev_util_helpfulness|paper_align|Qwen3-0.6B] step=53 epoch=0.2066

                                                

  7%|▋         | 53/771 [01:45<23:28,  1.96s/it]2026-09-20 16:16:28,571 INFO [rev_util_helpfulness|paper_align|Qwen3-0.6B] step=53 epoch=0.2066

                                                

  7%|▋         | 53/771 [01:46<23:28,  1.96s/it]
  7%|▋         | 54/771 [01:46<23:15,  1.95s/it]2026-09-20 16:16:29,071 INFO [rev_util_helpfulness|paper_align|Qwen3-0.6B] step=54 epoch=0.2105

                                                

  7%|▋         | 54/771 [01:46<23:15,  1.95s/it]2026-09-20 16:16:29,521 INFO [rev_util_helpfulness|paper_align|Qwen3-0.6B] step=54 epoch=0.2105

                                                

  7%|▋         | 54/771 [01:47<23:15,  1.95s/it]2026-09-20 16:16:29,995 INFO [rev_util_helpfulness|paper_align|Qwen3-0.6B] step=54 epoch=0.2105

                                                

  7%|▋         | 54/771 [01:47<23:15,  1.95s/it]2026-09-20 16:16:30,475 INFO [rev_util_helpfulness|paper_align|Qwen3-0.6B] step=54 epoch=0.2105

                                                

  7%|▋         | 54/771 [01:48<23:15,  1.95s/it]
  7%|▋         | 55/771 [01:48<23:04,  1.93s/it]2026-09-20 16:16:30,985 INFO [rev_util_helpfulness|paper_align|Qwen3-0.6B] step=55 epoch=0.2144

                                                

  7%|▋         | 55/771 [01:48<23:04,  1.93s/it]2026-09-20 16:16:31,456 INFO [rev_util_helpfulness|paper_align|Qwen3-0.6B] step=55 epoch=0.2144

                                                

  7%|▋         | 55/771 [01:49<23:04,  1.93s/it]2026-09-20 16:16:31,913 INFO [rev_util_helpfulness|paper_align|Qwen3-0.6B] step=55 epoch=0.2144

                                                

  7%|▋         | 55/771 [01:49<23:04,  1.93s/it]2026-09-20 16:16:32,382 INFO [rev_util_helpfulness|paper_align|Qwen3-0.6B] step=55 epoch=0.2144

                                                

  7%|▋         | 55/771 [01:50<23:04,  1.93s/it]
  7%|▋         | 56/771 [01:50<22:56,  1.93s/it]2026-09-20 16:16:33,115 INFO [rev_util_helpfulness|paper_align|Qwen3-0.6B] step=56 epoch=0.2183

                                                

  7%|▋         | 56/771 [01:50<22:56,  1.93s/it]2026-09-20 16:16:33,562 INFO [rev_util_helpfulness|paper_align|Qwen3-0.6B] step=56 epoch=0.2183

                                                

  7%|▋         | 56/771 [01:51<22:56,  1.93s/it]2026-09-20 16:16:34,034 INFO [rev_util_helpfulness|paper_align|Qwen3-0.6B] step=56 epoch=0.2183

                                                

  7%|▋         | 56/771 [01:51<22:56,  1.93s/it]2026-09-20 16:16:34,503 INFO [rev_util_helpfulness|paper_align|Qwen3-0.6B] step=56 epoch=0.2183

                                                

  7%|▋         | 56/771 [01:52<22:56,  1.93s/it]
  7%|▋         | 57/771 [01:52<23:37,  1.99s/it]2026-09-20 16:16:35,008 INFO [rev_util_helpfulness|paper_align|Qwen3-0.6B] step=57 epoch=0.2222

                                                

  7%|▋         | 57/771 [01:52<23:37,  1.99s/it]2026-09-20 16:16:35,486 INFO [rev_util_helpfulness|paper_align|Qwen3-0.6B] step=57 epoch=0.2222

                                                

  7%|▋         | 57/771 [01:53<23:37,  1.99s/it]2026-09-20 16:16:35,992 INFO [rev_util_helpfulness|paper_align|Qwen3-0.6B] step=57 epoch=0.2222

                                                

  7%|▋         | 57/771 [01:53<23:37,  1.99s/it]2026-09-20 16:16:36,486 INFO [rev_util_helpfulness|paper_align|Qwen3-0.6B] step=57 epoch=0.2222

                                                

  7%|▋         | 57/771 [01:54<23:37,  1.99s/it]
  8%|▊         | 58/771 [01:54<23:35,  1.99s/it]2026-09-20 16:16:36,997 INFO [rev_util_helpfulness|paper_align|Qwen3-0.6B] step=58 epoch=0.2261

                                                

  8%|▊         | 58/771 [01:54<23:35,  1.99s/it]2026-09-20 16:16:37,466 INFO [rev_util_helpfulness|paper_align|Qwen3-0.6B] step=58 epoch=0.2261

                                                

  8%|▊         | 58/771 [01:55<23:35,  1.99s/it]2026-09-20 16:16:37,941 INFO [rev_util_helpfulness|paper_align|Qwen3-0.6B] step=58 epoch=0.2261

                                                

  8%|▊         | 58/771 [01:55<23:35,  1.99s/it]2026-09-20 16:16:38,443 INFO [rev_util_helpfulness|paper_align|Qwen3-0.6B] step=58 epoch=0.2261

                                                

  8%|▊         | 58/771 [01:56<23:35,  1.99s/it]
  8%|▊         | 59/771 [01:56<23:32,  1.98s/it]2026-09-20 16:16:38,977 INFO [rev_util_helpfulness|paper_align|Qwen3-0.6B] step=59 epoch=0.2300

                                                

  8%|▊         | 59/771 [01:56<23:32,  1.98s/it]2026-09-20 16:16:39,457 INFO [rev_util_helpfulness|paper_align|Qwen3-0.6B] step=59 epoch=0.2300

                                                

  8%|▊         | 59/771 [01:57<23:32,  1.98s/it]2026-09-20 16:16:39,933 INFO [rev_util_helpfulness|paper_align|Qwen3-0.6B] step=59 epoch=0.2300

                                                

  8%|▊         | 59/771 [01:57<23:32,  1.98s/it]2026-09-20 16:16:40,410 INFO [rev_util_helpfulness|paper_align|Qwen3-0.6B] step=59 epoch=0.2300

                                                

  8%|▊         | 59/771 [01:58<23:32,  1.98s/it]
  8%|▊         | 60/771 [01:58<23:21,  1.97s/it]2026-09-20 16:16:40,741 INFO [rev_util_helpfulness|paper_align|Qwen3-0.6B] step=60 loss=1.0739 learning_rate=0.0001 epoch=0.2339

                                                

  8%|▊         | 60/771 [01:58<23:21,  1.97s/it]2026-09-20 16:16:40,920 INFO [rev_util_helpfulness|paper_align|Qwen3-0.6B] step=60 epoch=0.2339

                                                

  8%|▊         | 60/771 [01:58<23:21,  1.97s/it]2026-09-20 16:16:41,398 INFO [rev_util_helpfulness|paper_align|Qwen3-0.6B] step=60 epoch=0.2339

                                                

  8%|▊         | 60/771 [01:59<23:21,  1.97s/it]2026-09-20 16:16:41,871 INFO [rev_util_helpfulness|paper_align|Qwen3-0.6B] step=60 epoch=0.2339

                                                

  8%|▊         | 60/771 [01:59<23:21,  1.97s/it]2026-09-20 16:16:42,347 INFO [rev_util_helpfulness|paper_align|Qwen3-0.6B] step=60 epoch=0.2339

                                                

  8%|▊         | 60/771 [02:00<23:21,  1.97s/it]
  8%|▊         | 61/771 [02:00<23:14,  1.96s/it]2026-09-20 16:16:43,100 INFO [rev_util_helpfulness|paper_align|Qwen3-0.6B] step=61 epoch=0.2378

                                                

  8%|▊         | 61/771 [02:00<23:14,  1.96s/it]2026-09-20 16:16:43,598 INFO [rev_util_helpfulness|paper_align|Qwen3-0.6B] step=61 epoch=0.2378

                                                

  8%|▊         | 61/771 [02:01<23:14,  1.96s/it]2026-09-20 16:16:44,070 INFO [rev_util_helpfulness|paper_align|Qwen3-0.6B] step=61 epoch=0.2378

                                                

  8%|▊         | 61/771 [02:01<23:14,  1.96s/it]2026-09-20 16:16:44,547 INFO [rev_util_helpfulness|paper_align|Qwen3-0.6B] step=61 epoch=0.2378

                                                

  8%|▊         | 61/771 [02:02<23:14,  1.96s/it]
  8%|▊         | 62/771 [02:02<24:00,  2.03s/it]2026-09-20 16:16:45,062 INFO [rev_util_helpfulness|paper_align|Qwen3-0.6B] step=62 epoch=0.2417

                                                

  8%|▊         | 62/771 [02:02<24:00,  2.03s/it]2026-09-20 16:16:45,537 INFO [rev_util_helpfulness|paper_align|Qwen3-0.6B] step=62 epoch=0.2417

                                                

  8%|▊         | 62/771 [02:03<24:00,  2.03s/it]2026-09-20 16:16:46,023 INFO [rev_util_helpfulness|paper_align|Qwen3-0.6B] step=62 epoch=0.2417

                                                

  8%|▊         | 62/771 [02:03<24:00,  2.03s/it]2026-09-20 16:16:46,497 INFO [rev_util_helpfulness|paper_align|Qwen3-0.6B] step=62 epoch=0.2417

                                                

  8%|▊         | 62/771 [02:04<24:00,  2.03s/it]
  8%|▊         | 63/771 [02:04<23:40,  2.01s/it]2026-09-20 16:16:47,005 INFO [rev_util_helpfulness|paper_align|Qwen3-0.6B] step=63 epoch=0.2456

                                                

  8%|▊         | 63/771 [02:04<23:40,  2.01s/it]2026-09-20 16:16:47,477 INFO [rev_util_helpfulness|paper_align|Qwen3-0.6B] step=63 epoch=0.2456

                                                

  8%|▊         | 63/771 [02:05<23:40,  2.01s/it]2026-09-20 16:16:47,946 INFO [rev_util_helpfulness|paper_align|Qwen3-0.6B] step=63 epoch=0.2456

                                                

  8%|▊         | 63/771 [02:05<23:40,  2.01s/it]2026-09-20 16:16:48,416 INFO [rev_util_helpfulness|paper_align|Qwen3-0.6B] step=63 epoch=0.2456

                                                

  8%|▊         | 63/771 [02:06<23:40,  2.01s/it]
  8%|▊         | 64/771 [02:06<23:20,  1.98s/it]2026-09-20 16:16:48,917 INFO [rev_util_helpfulness|paper_align|Qwen3-0.6B] step=64 epoch=0.2495

                                                

  8%|▊         | 64/771 [02:06<23:20,  1.98s/it]2026-09-20 16:16:49,381 INFO [rev_util_helpfulness|paper_align|Qwen3-0.6B] step=64 epoch=0.2495

                                                

  8%|▊         | 64/771 [02:07<23:20,  1.98s/it]2026-09-20 16:16:49,857 INFO [rev_util_helpfulness|paper_align|Qwen3-0.6B] step=64 epoch=0.2495

                                                
{'paper_align_label_loss': '0.1404', 'paper_align_reason_loss': '0.5409', 'epoch': '0.1676'}
{'paper_align_label_loss': '0.1423', 'paper_align_reason_loss': '0.531', 'epoch': '0.1676'}
{'paper_align_label_loss': '0.1699', 'paper_align_reason_loss': '0.4584', 'epoch': '0.1676'}
{'paper_align_label_loss': '0.2273', 'paper_align_reason_loss': '0.6053', 'epoch': '0.1676'}
{'paper_align_label_loss': '0.11', 'paper_align_reason_loss': '0.5206', 'epoch': '0.1715'}
{'paper_align_label_loss': '0.2853', 'paper_align_reason_loss': '0.5174', 'epoch': '0.1715'}
{'paper_align_label_loss': '0.1738', 'paper_align_reason_loss': '0.4936', 'epoch': '0.1715'}
{'paper_align_label_loss': '0.09014', 'paper_align_reason_loss': '0.5387', 'epoch': '0.1715'}
{'paper_align_label_loss': '0.1249', 'paper_align_reason_loss': '0.4543', 'epoch': '0.1754'}
{'paper_align_label_loss': '0.09806', 'paper_align_reason_loss': '0.5519', 'epoch': '0.1754'}
{'paper_align_label_loss': '0.198', 'paper_align_reason_loss': '0.5996', 'epoch': '0.1754'}
{'paper_align_label_loss': '0.1548', 'paper_align_reason_loss': '0.6093', 'epoch': '0.1754'}
{'paper_align_label_loss': '0.1137', 'paper_align_reason_loss': '0.4776', 'epoch': '0.1793'}
{'paper_align_label_loss': '0.09868', 'paper_align_reason_loss': '0.5798', 'epoch': '0.1793'}
{'paper_align_label_loss': '0.1124', 'paper_align_reason_loss': '0.4625', 'epoch': '0.1793'}
{'paper_align_label_loss': '0.1423', 'paper_align_reason_loss': '0.4509', 'epoch': '0.1793'}
{'paper_align_label_loss': '0.1585', 'paper_align_reason_loss': '0.4514', 'epoch': '0.1832'}
{'paper_align_label_loss': '0.1104', 'paper_align_reason_loss': '0.4304', 'epoch': '0.1832'}
{'paper_align_label_loss': '0.1576', 'paper_align_reason_loss': '0.504', 'epoch': '0.1832'}
{'paper_align_label_loss': '0.127', 'paper_align_reason_loss': '0.433', 'epoch': '0.1832'}
{'paper_align_label_loss': '0.09933', 'paper_align_reason_loss': '0.4986', 'epoch': '0.1871'}
{'paper_align_label_loss': '0.1722', 'paper_align_reason_loss': '0.4795', 'epoch': '0.1871'}
{'paper_align_label_loss': '0.1106', 'paper_align_reason_loss': '0.4624', 'epoch': '0.1871'}
{'paper_align_label_loss': '0.1711', 'paper_align_reason_loss': '0.4058', 'epoch': '0.1871'}
{'paper_align_label_loss': '0.1357', 'paper_align_reason_loss': '0.3766', 'epoch': '0.191'}
{'paper_align_label_loss': '0.09762', 'paper_align_reason_loss': '0.6501', 'epoch': '0.191'}
{'paper_align_label_loss': '0.116', 'paper_align_reason_loss': '0.3967', 'epoch': '0.191'}
{'paper_align_label_loss': '0.1319', 'paper_align_reason_loss': '0.5436', 'epoch': '0.191'}
{'loss': '1.286', 'grad_norm': '3.778', 'learning_rate': '9.972e-05', 'epoch': '0.1949'}
{'paper_align_label_loss': '0.1345', 'paper_align_reason_loss': '0.3889', 'epoch': '0.1949'}
{'paper_align_label_loss': '0.09041', 'paper_align_reason_loss': '0.5067', 'epoch': '0.1949'}
{'paper_align_label_loss': '0.08342', 'paper_align_reason_loss': '0.3734', 'epoch': '0.1949'}
{'paper_align_label_loss': '0.1773', 'paper_align_reason_loss': '0.4177', 'epoch': '0.1949'}
{'paper_align_label_loss': '0.1008', 'paper_align_reason_loss': '0.4177', 'epoch': '0.1988'}
{'paper_align_label_loss': '0.09314', 'paper_align_reason_loss': '0.4267', 'epoch': '0.1988'}
{'paper_align_label_loss': '0.1574', 'paper_align_reason_loss': '0.4634', 'epoch': '0.1988'}
{'paper_align_label_loss': '0.1461', 'paper_align_reason_loss': '0.6536', 'epoch': '0.1988'}
{'paper_align_label_loss': '0.09577', 'paper_align_reason_loss': '0.3604', 'epoch': '0.2027'}
{'paper_align_label_loss': '0.08437', 'paper_align_reason_loss': '0.5363', 'epoch': '0.2027'}
{'paper_align_label_loss': '0.1038', 'paper_align_reason_loss': '0.467', 'epoch': '0.2027'}
{'paper_align_label_loss': '0.1167', 'paper_align_reason_loss': '0.3053', 'epoch': '0.2027'}
{'paper_align_label_loss': '0.07551', 'paper_align_reason_loss': '0.4468', 'epoch': '0.2066'}
{'paper_align_label_loss': '0.07463', 'paper_align_reason_loss': '0.3201', 'epoch': '0.2066'}
{'paper_align_label_loss': '0.1335', 'paper_align_reason_loss': '0.4683', 'epoch': '0.2066'}
{'paper_align_label_loss': '0.2104', 'paper_align_reason_loss': '0.432', 'epoch': '0.2066'}
{'paper_align_label_loss': '0.1896', 'paper_align_reason_loss': '0.3806', 'epoch': '0.2105'}
{'paper_align_label_loss': '0.06461', 'paper_align_reason_loss': '0.3605', 'epoch': '0.2105'}
{'paper_align_label_loss': '0.08417', 'paper_align_reason_loss': '0.5825', 'epoch': '0.2105'}
{'paper_align_label_loss': '0.1649', 'paper_align_reason_loss': '0.5208', 'epoch': '0.2105'}
{'paper_align_label_loss': '0.1129', 'paper_align_reason_loss': '0.4415', 'epoch': '0.2144'}
{'paper_align_label_loss': '0.04497', 'paper_align_reason_loss': '0.5188', 'epoch': '0.2144'}
{'paper_align_label_loss': '0.04966', 'paper_align_reason_loss': '0.4192', 'epoch': '0.2144'}
{'paper_align_label_loss': '0.11', 'paper_align_reason_loss': '0.4094', 'epoch': '0.2144'}
{'paper_align_label_loss': '0.03413', 'paper_align_reason_loss': '0.3809', 'epoch': '0.2183'}
{'paper_align_label_loss': '0.0718', 'paper_align_reason_loss': '0.3146', 'epoch': '0.2183'}
{'paper_align_label_loss': '0.09371', 'paper_align_reason_loss': '0.4629', 'epoch': '0.2183'}
{'paper_align_label_loss': '0.09748', 'paper_align_reason_loss': '0.3908', 'epoch': '0.2183'}
{'paper_align_label_loss': '0.08434', 'paper_align_reason_loss': '0.3955', 'epoch': '0.2222'}
{'paper_align_label_loss': '0.09097', 'paper_align_reason_loss': '0.4794', 'epoch': '0.2222'}
{'paper_align_label_loss': '0.1135', 'paper_align_reason_loss': '0.3889', 'epoch': '0.2222'}
{'paper_align_label_loss': '0.1493', 'paper_align_reason_loss': '0.4792', 'epoch': '0.2222'}
{'paper_align_label_loss': '0.08702', 'paper_align_reason_loss': '0.4808', 'epoch': '0.2261'}
{'paper_align_label_loss': '0.08414', 'paper_align_reason_loss': '0.489', 'epoch': '0.2261'}
{'paper_align_label_loss': '0.08784', 'paper_align_reason_loss': '0.3328', 'epoch': '0.2261'}
{'paper_align_label_loss': '0.04844', 'paper_align_reason_loss': '0.4248', 'epoch': '0.2261'}
{'paper_align_label_loss': '0.2754', 'paper_align_reason_loss': '0.3832', 'epoch': '0.23'}
{'paper_align_label_loss': '0.05308', 'paper_align_reason_loss': '0.4008', 'epoch': '0.23'}
{'paper_align_label_loss': '0.08178', 'paper_align_reason_loss': '0.4468', 'epoch': '0.23'}
{'paper_align_label_loss': '0.07023', 'paper_align_reason_loss': '0.3891', 'epoch': '0.23'}
{'loss': '1.074', 'grad_norm': '4.399', 'learning_rate': '9.946e-05', 'epoch': '0.2339'}
{'paper_align_label_loss': '0.0298', 'paper_align_reason_loss': '0.5776', 'epoch': '0.2339'}
{'paper_align_label_loss': '0.2223', 'paper_align_reason_loss': '0.4227', 'epoch': '0.2339'}
{'paper_align_label_loss': '0.1046', 'paper_align_reason_loss': '0.3927', 'epoch': '0.2339'}
{'paper_align_label_loss': '0.02795', 'paper_align_reason_loss': '0.3964', 'epoch': '0.2339'}
{'paper_align_label_loss': '0.1701', 'paper_align_reason_loss': '0.4334', 'epoch': '0.2378'}
{'paper_align_label_loss': '0.0347', 'paper_align_reason_loss': '0.4317', 'epoch': '0.2378'}
{'paper_align_label_loss': '0.1035', 'paper_align_reason_loss': '0.3127', 'epoch': '0.2378'}
{'paper_align_label_loss': '0.208', 'paper_align_reason_loss': '0.3958', 'epoch': '0.2378'}
{'paper_align_label_loss': '0.1963', 'paper_align_reason_loss': '0.4887', 'epoch': '0.2417'}
{'paper_align_label_loss': '0.132', 'paper_align_reason_loss': '0.4659', 'epoch': '0.2417'}
{'paper_align_label_loss': '0.05809', 'paper_align_reason_loss': '0.4129', 'epoch': '0.2417'}
{'paper_align_label_loss': '0.1096', 'paper_align_reason_loss': '0.4018', 'epoch': '0.2417'}
{'paper_align_label_loss': '0.1622', 'paper_align_reason_loss': '0.2976', 'epoch': '0.2456'}
{'paper_align_label_loss': '0.2612', 'paper_align_reason_loss': '0.346', 'epoch': '0.2456'}
{'paper_align_label_loss': '0.09576', 'paper_align_reason_loss': '0.3184', 'epoch': '0.2456'}
{'paper_align_label_loss': '0.0736', 'paper_align_reason_loss': '0.3504', 'epoch': '0.2456'}
{'paper_align_label_loss': '0.06763', 'paper_align_reason_loss': '0.3581', 'epoch': '0.2495'}
{'paper_align_label_loss': '0.1714', 'paper_align_reason_loss': '0.4904', 'epoch': '0.2495'}

  8%|▊         | 64/771 [02:07<23:20,  1.98s/it]2026-09-20 16:16:50,326 INFO [rev_util_helpfulness|paper_align|Qwen3-0.6B] step=64 epoch=0.2495

                                                

  8%|▊         | 64/771 [02:08<23:20,  1.98s/it]
  8%|▊         | 65/771 [02:08<23:04,  1.96s/it]2026-09-20 16:16:50,837 INFO [rev_util_helpfulness|paper_align|Qwen3-0.6B] step=65 epoch=0.2534

                                                

  8%|▊         | 65/771 [02:08<23:04,  1.96s/it]2026-09-20 16:16:51,309 INFO [rev_util_helpfulness|paper_align|Qwen3-0.6B] step=65 epoch=0.2534

                                                

  8%|▊         | 65/771 [02:09<23:04,  1.96s/it]2026-09-20 16:16:51,789 INFO [rev_util_helpfulness|paper_align|Qwen3-0.6B] step=65 epoch=0.2534

                                                

  8%|▊         | 65/771 [02:09<23:04,  1.96s/it]2026-09-20 16:16:52,264 INFO [rev_util_helpfulness|paper_align|Qwen3-0.6B] step=65 epoch=0.2534

                                                

  8%|▊         | 65/771 [02:09<23:04,  1.96s/it]
  9%|▊         | 66/771 [02:10<22:56,  1.95s/it]2026-09-20 16:16:52,767 INFO [rev_util_helpfulness|paper_align|Qwen3-0.6B] step=66 epoch=0.2573

                                                

  9%|▊         | 66/771 [02:10<22:56,  1.95s/it]2026-09-20 16:16:53,256 INFO [rev_util_helpfulness|paper_align|Qwen3-0.6B] step=66 epoch=0.2573

                                                

  9%|▊         | 66/771 [02:10<22:56,  1.95s/it]2026-09-20 16:16:53,910 INFO [rev_util_helpfulness|paper_align|Qwen3-0.6B] step=66 epoch=0.2573

                                                

  9%|▊         | 66/771 [02:11<22:56,  1.95s/it]2026-09-20 16:16:54,376 INFO [rev_util_helpfulness|paper_align|Qwen3-0.6B] step=66 epoch=0.2573

                                                

  9%|▊         | 66/771 [02:12<22:56,  1.95s/it]
  9%|▊         | 67/771 [02:12<23:29,  2.00s/it]2026-09-20 16:16:54,881 INFO [rev_util_helpfulness|paper_align|Qwen3-0.6B] step=67 epoch=0.2612

                                                

  9%|▊         | 67/771 [02:12<23:29,  2.00s/it]2026-09-20 16:16:55,355 INFO [rev_util_helpfulness|paper_align|Qwen3-0.6B] step=67 epoch=0.2612

                                                

  9%|▊         | 67/771 [02:13<23:29,  2.00s/it]2026-09-20 16:16:55,830 INFO [rev_util_helpfulness|paper_align|Qwen3-0.6B] step=67 epoch=0.2612

                                                

  9%|▊         | 67/771 [02:13<23:29,  2.00s/it]2026-09-20 16:16:56,312 INFO [rev_util_helpfulness|paper_align|Qwen3-0.6B] step=67 epoch=0.2612

                                                

  9%|▊         | 67/771 [02:14<23:29,  2.00s/it]
  9%|▉         | 68/771 [02:14<23:13,  1.98s/it]2026-09-20 16:16:56,818 INFO [rev_util_helpfulness|paper_align|Qwen3-0.6B] step=68 epoch=0.2651

                                                

  9%|▉         | 68/771 [02:14<23:13,  1.98s/it]2026-09-20 16:16:57,315 INFO [rev_util_helpfulness|paper_align|Qwen3-0.6B] step=68 epoch=0.2651

                                                

  9%|▉         | 68/771 [02:15<23:13,  1.98s/it]2026-09-20 16:16:57,789 INFO [rev_util_helpfulness|paper_align|Qwen3-0.6B] step=68 epoch=0.2651

                                                

  9%|▉         | 68/771 [02:15<23:13,  1.98s/it]2026-09-20 16:16:58,261 INFO [rev_util_helpfulness|paper_align|Qwen3-0.6B] step=68 epoch=0.2651

                                                

  9%|▉         | 68/771 [02:15<23:13,  1.98s/it]
  9%|▉         | 69/771 [02:16<23:04,  1.97s/it]2026-09-20 16:16:58,765 INFO [rev_util_helpfulness|paper_align|Qwen3-0.6B] step=69 epoch=0.2690

                                                

  9%|▉         | 69/771 [02:16<23:04,  1.97s/it]2026-09-20 16:16:59,246 INFO [rev_util_helpfulness|paper_align|Qwen3-0.6B] step=69 epoch=0.2690

                                                

  9%|▉         | 69/771 [02:16<23:04,  1.97s/it]2026-09-20 16:16:59,699 INFO [rev_util_helpfulness|paper_align|Qwen3-0.6B] step=69 epoch=0.2690

                                                

  9%|▉         | 69/771 [02:17<23:04,  1.97s/it]2026-09-20 16:17:00,186 INFO [rev_util_helpfulness|paper_align|Qwen3-0.6B] step=69 epoch=0.2690

                                                

  9%|▉         | 69/771 [02:17<23:04,  1.97s/it]
  9%|▉         | 70/771 [02:18<22:51,  1.96s/it]2026-09-20 16:17:00,515 INFO [rev_util_helpfulness|paper_align|Qwen3-0.6B] step=70 loss=1.0835 learning_rate=0.0001 epoch=0.2729

                                                

  9%|▉         | 70/771 [02:18<22:51,  1.96s/it]2026-09-20 16:17:00,692 INFO [rev_util_helpfulness|paper_align|Qwen3-0.6B] step=70 epoch=0.2729

                                                

  9%|▉         | 70/771 [02:18<22:51,  1.96s/it]2026-09-20 16:17:01,169 INFO [rev_util_helpfulness|paper_align|Qwen3-0.6B] step=70 epoch=0.2729

                                                

  9%|▉         | 70/771 [02:18<22:51,  1.96s/it]2026-09-20 16:17:01,664 INFO [rev_util_helpfulness|paper_align|Qwen3-0.6B] step=70 epoch=0.2729

                                                

  9%|▉         | 70/771 [02:19<22:51,  1.96s/it]2026-09-20 16:17:02,130 INFO [rev_util_helpfulness|paper_align|Qwen3-0.6B] step=70 epoch=0.2729

                                                

  9%|▉         | 70/771 [02:19<22:51,  1.96s/it]
  9%|▉         | 71/771 [02:20<22:47,  1.95s/it]2026-09-20 16:17:02,639 INFO [rev_util_helpfulness|paper_align|Qwen3-0.6B] step=71 epoch=0.2768

                                                

  9%|▉         | 71/771 [02:20<22:47,  1.95s/it]2026-09-20 16:17:03,109 INFO [rev_util_helpfulness|paper_align|Qwen3-0.6B] step=71 epoch=0.2768

                                                

  9%|▉         | 71/771 [02:20<22:47,  1.95s/it]2026-09-20 16:17:03,822 INFO [rev_util_helpfulness|paper_align|Qwen3-0.6B] step=71 epoch=0.2768

                                                

  9%|▉         | 71/771 [02:21<22:47,  1.95s/it]2026-09-20 16:17:04,295 INFO [rev_util_helpfulness|paper_align|Qwen3-0.6B] step=71 epoch=0.2768

                                                

  9%|▉         | 71/771 [02:22<22:47,  1.95s/it]
  9%|▉         | 72/771 [02:22<23:29,  2.02s/it]2026-09-20 16:17:04,810 INFO [rev_util_helpfulness|paper_align|Qwen3-0.6B] step=72 epoch=0.2807

                                                

  9%|▉         | 72/771 [02:22<23:29,  2.02s/it]2026-09-20 16:17:05,277 INFO [rev_util_helpfulness|paper_align|Qwen3-0.6B] step=72 epoch=0.2807

                                                

  9%|▉         | 72/771 [02:22<23:29,  2.02s/it]2026-09-20 16:17:05,755 INFO [rev_util_helpfulness|paper_align|Qwen3-0.6B] step=72 epoch=0.2807

                                                

  9%|▉         | 72/771 [02:23<23:29,  2.02s/it]2026-09-20 16:17:06,225 INFO [rev_util_helpfulness|paper_align|Qwen3-0.6B] step=72 epoch=0.2807

                                                

  9%|▉         | 72/771 [02:23<23:29,  2.02s/it]
  9%|▉         | 73/771 [02:24<23:09,  1.99s/it]2026-09-20 16:17:06,729 INFO [rev_util_helpfulness|paper_align|Qwen3-0.6B] step=73 epoch=0.2846

                                                

  9%|▉         | 73/771 [02:24<23:09,  1.99s/it]2026-09-20 16:17:07,192 INFO [rev_util_helpfulness|paper_align|Qwen3-0.6B] step=73 epoch=0.2846

                                                

  9%|▉         | 73/771 [02:24<23:09,  1.99s/it]2026-09-20 16:17:07,659 INFO [rev_util_helpfulness|paper_align|Qwen3-0.6B] step=73 epoch=0.2846

                                                

  9%|▉         | 73/771 [02:25<23:09,  1.99s/it]2026-09-20 16:17:08,125 INFO [rev_util_helpfulness|paper_align|Qwen3-0.6B] step=73 epoch=0.2846

                                                

  9%|▉         | 73/771 [02:25<23:09,  1.99s/it]
 10%|▉         | 74/771 [02:26<22:48,  1.96s/it]2026-09-20 16:17:08,646 INFO [rev_util_helpfulness|paper_align|Qwen3-0.6B] step=74 epoch=0.2885

                                                

 10%|▉         | 74/771 [02:26<22:48,  1.96s/it]2026-09-20 16:17:09,082 INFO [rev_util_helpfulness|paper_align|Qwen3-0.6B] step=74 epoch=0.2885

                                                

 10%|▉         | 74/771 [02:26<22:48,  1.96s/it]2026-09-20 16:17:09,524 INFO [rev_util_helpfulness|paper_align|Qwen3-0.6B] step=74 epoch=0.2885

                                                

 10%|▉         | 74/771 [02:27<22:48,  1.96s/it]2026-09-20 16:17:09,995 INFO [rev_util_helpfulness|paper_align|Qwen3-0.6B] step=74 epoch=0.2885

                                                

 10%|▉         | 74/771 [02:27<22:48,  1.96s/it]
 10%|▉         | 75/771 [02:28<22:26,  1.93s/it]2026-09-20 16:17:10,463 INFO [rev_util_helpfulness|paper_align|Qwen3-0.6B] step=75 epoch=0.2924

                                                

 10%|▉         | 75/771 [02:28<22:26,  1.93s/it]2026-09-20 16:17:10,900 INFO [rev_util_helpfulness|paper_align|Qwen3-0.6B] step=75 epoch=0.2924

                                                

 10%|▉         | 75/771 [02:28<22:26,  1.93s/it]2026-09-20 16:17:11,335 INFO [rev_util_helpfulness|paper_align|Qwen3-0.6B] step=75 epoch=0.2924

                                                

 10%|▉         | 75/771 [02:29<22:26,  1.93s/it]2026-09-20 16:17:11,775 INFO [rev_util_helpfulness|paper_align|Qwen3-0.6B] step=75 epoch=0.2924

                                                

 10%|▉         | 75/771 [02:29<22:26,  1.93s/it]
 10%|▉         | 76/771 [02:29<21:52,  1.89s/it]2026-09-20 16:17:12,246 INFO [rev_util_helpfulness|paper_align|Qwen3-0.6B] step=76 epoch=0.2963

                                                

 10%|▉         | 76/771 [02:29<21:52,  1.89s/it]2026-09-20 16:17:12,681 INFO [rev_util_helpfulness|paper_align|Qwen3-0.6B] step=76 epoch=0.2963

                                                

 10%|▉         | 76/771 [02:30<21:52,  1.89s/it]2026-09-20 16:17:13,290 INFO [rev_util_helpfulness|paper_align|Qwen3-0.6B] step=76 epoch=0.2963

                                                

 10%|▉         | 76/771 [02:31<21:52,  1.89s/it]2026-09-20 16:17:13,735 INFO [rev_util_helpfulness|paper_align|Qwen3-0.6B] step=76 epoch=0.2963

                                                

 10%|▉         | 76/771 [02:31<21:52,  1.89s/it]
 10%|▉         | 77/771 [02:31<22:05,  1.91s/it]2026-09-20 16:17:14,207 INFO [rev_util_helpfulness|paper_align|Qwen3-0.6B] step=77 epoch=0.3002

                                                

 10%|▉         | 77/771 [02:31<22:05,  1.91s/it]2026-09-20 16:17:14,690 INFO [rev_util_helpfulness|paper_align|Qwen3-0.6B] step=77 epoch=0.3002

                                                

 10%|▉         | 77/771 [02:32<22:05,  1.91s/it]2026-09-20 16:17:15,164 INFO [rev_util_helpfulness|paper_align|Qwen3-0.6B] step=77 epoch=0.3002

                                                

 10%|▉         | 77/771 [02:32<22:05,  1.91s/it]2026-09-20 16:17:15,631 INFO [rev_util_helpfulness|paper_align|Qwen3-0.6B] step=77 epoch=0.3002

                                                

 10%|▉         | 77/771 [02:33<22:05,  1.91s/it]
 10%|█         | 78/771 [02:33<22:02,  1.91s/it]2026-09-20 16:17:16,146 INFO [rev_util_helpfulness|paper_align|Qwen3-0.6B] step=78 epoch=0.3041

                                                

 10%|█         | 78/771 [02:33<22:02,  1.91s/it]2026-09-20 16:17:16,613 INFO [rev_util_helpfulness|paper_align|Qwen3-0.6B] step=78 epoch=0.3041

                                                

 10%|█         | 78/771 [02:34<22:02,  1.91s/it]2026-09-20 16:17:17,084 INFO [rev_util_helpfulness|paper_align|Qwen3-0.6B] step=78 epoch=0.3041

                                                

 10%|█         | 78/771 [02:34<22:02,  1.91s/it]2026-09-20 16:17:17,554 INFO [rev_util_helpfulness|paper_align|Qwen3-0.6B] step=78 epoch=0.3041

                                                

 10%|█         | 78/771 [02:35<22:02,  1.91s/it]
 10%|█         | 79/771 [02:35<22:03,  1.91s/it]2026-09-20 16:17:18,074 INFO [rev_util_helpfulness|paper_align|Qwen3-0.6B] step=79 epoch=0.3080

                                                

 10%|█         | 79/771 [02:35<22:03,  1.91s/it]2026-09-20 16:17:18,545 INFO [rev_util_helpfulness|paper_align|Qwen3-0.6B] step=79 epoch=0.3080

                                                

 10%|█         | 79/771 [02:36<22:03,  1.91s/it]2026-09-20 16:17:19,019 INFO [rev_util_helpfulness|paper_align|Qwen3-0.6B] step=79 epoch=0.3080

                                                

 10%|█         | 79/771 [02:36<22:03,  1.91s/it]2026-09-20 16:17:19,495 INFO [rev_util_helpfulness|paper_align|Qwen3-0.6B] step=79 epoch=0.3080

                                                

 10%|█         | 79/771 [02:37<22:03,  1.91s/it]
 10%|█         | 80/771 [02:37<22:11,  1.93s/it]2026-09-20 16:17:19,849 INFO [rev_util_helpfulness|paper_align|Qwen3-0.6B] step=80 loss=1.0001 learning_rate=0.0001 epoch=0.3119

                                                

 10%|█         | 80/771 [02:37<22:11,  1.93s/it]2026-09-20 16:17:20,023 INFO [rev_util_helpfulness|paper_align|Qwen3-0.6B] step=80 epoch=0.3119

                                                

 10%|█         | 80/771 [02:37<22:11,  1.93s/it]2026-09-20 16:17:20,502 INFO [rev_util_helpfulness|paper_align|Qwen3-0.6B] step=80 epoch=0.3119

                                                

 10%|█         | 80/771 [02:38<22:11,  1.93s/it]2026-09-20 16:17:20,973 INFO [rev_util_helpfulness|paper_align|Qwen3-0.6B] step=80 epoch=0.3119

                                                

 10%|█         | 80/771 [02:38<22:11,  1.93s/it]2026-09-20 16:17:21,445 INFO [rev_util_helpfulness|paper_align|Qwen3-0.6B] step=80 epoch=0.3119

                                                

 10%|█         | 80/771 [02:39<22:11,  1.93s/it]
 11%|█         | 81/771 [02:39<22:12,  1.93s/it]2026-09-20 16:17:21,972 INFO [rev_util_helpfulness|paper_align|Qwen3-0.6B] step=81 epoch=0.3158

                                                

 11%|█         | 81/771 [02:39<22:12,  1.93s/it]2026-09-20 16:17:22,444 INFO [rev_util_helpfulness|paper_align|Qwen3-0.6B] step=81 epoch=0.3158

                                                

 11%|█         | 81/771 [02:40<22:12,  1.93s/it]2026-09-20 16:17:22,934 INFO [rev_util_helpfulness|paper_align|Qwen3-0.6B] step=81 epoch=0.3158

                                                

 11%|█         | 81/771 [02:40<22:12,  1.93s/it]2026-09-20 16:17:23,406 INFO [rev_util_helpfulness|paper_align|Qwen3-0.6B] step=81 epoch=0.3158

                                                

 11%|█         | 81/771 [02:41<22:12,  1.93s/it]
 11%|█         | 82/771 [02:41<22:55,  2.00s/it]2026-09-20 16:17:24,116 INFO [rev_util_helpfulness|paper_align|Qwen3-0.6B] step=82 epoch=0.3197

                                                

 11%|█         | 82/771 [02:41<22:55,  2.00s/it]2026-09-20 16:17:24,583 INFO [rev_util_helpfulness|paper_align|Qwen3-0.6B] step=82 epoch=0.3197

                                                

 11%|█         | 82/771 [02:42<22:55,  2.00s/it]2026-09-20 16:17:25,055 INFO [rev_util_helpfulness|paper_align|Qwen3-0.6B] step=82 epoch=0.3197

                                                

 11%|█         | 82/771 [02:42<22:55,  2.00s/it]2026-09-20 16:17:25,536 INFO [rev_util_helpfulness|paper_align|Qwen3-0.6B] step=82 epoch=0.3197

                                                

 11%|█         | 82/771 [02:43<22:55,  2.00s/it]
 11%|█         | 83/771 [02:43<22:40,  1.98s/it]2026-09-20 16:17:26,045 INFO [rev_util_helpfulness|paper_align|Qwen3-0.6B] step=83 epoch=0.3236

                                                

 11%|█         | 83/771 [02:43<22:40,  1.98s/it]2026-09-20 16:17:26,514 INFO [rev_util_helpfulness|paper_align|Qwen3-0.6B] step=83 epoch=0.3236

                                                

 11%|█         | 83/771 [02:44<22:40,  1.98s/it]2026-09-20 16:17:26,986 INFO [rev_util_helpfulness|paper_align|Qwen3-0.6B] step=83 epoch=0.3236

                                                

 11%|█         | 83/771 [02:44<22:40,  1.98s/it]2026-09-20 16:17:27,476 INFO [rev_util_helpfulness|paper_align|Qwen3-0.6B] step=83 epoch=0.3236

                                                

 11%|█         | 83/771 [02:45<22:40,  1.98s/it]
 11%|█         | 84/771 [02:45<22:29,  1.96s/it]2026-09-20 16:17:27,985 INFO [rev_util_helpfulness|paper_align|Qwen3-0.6B] step=84 epoch=0.3275

                                                

 11%|█         | 84/771 [02:45<22:29,  1.96s/it]2026-09-20 16:17:28,457 INFO [rev_util_helpfulness|paper_align|Qwen3-0.6B] step=84 epoch=0.3275

                                                

 11%|█         | 84/771 [02:46<22:29,  1.96s/it]2026-09-20 16:17:28,940 INFO [rev_util_helpfulness|paper_align|Qwen3-0.6B] step=84 epoch=0.3275

                                                

 11%|█         | 84/771 [02:46<22:29,  1.96s/it]2026-09-20 16:17:29,412 INFO [rev_util_helpfulness|paper_align|Qwen3-0.6B] step=84 epoch=0.3275

                                                

 11%|█         | 84/771 [02:47<22:29,  1.96s/it]
 11%|█         | 85/771 [02:47<22:25,  1.96s/it]2026-09-20 16:17:29,931 INFO [rev_util_helpfulness|paper_align|Qwen3-0.6B] step=85 epoch=0.3314

                                                

 11%|█         | 85/771 [02:47<22:25,  1.96s/it]2026-09-20 16:17:30,409 INFO [rev_util_helpfulness|paper_align|Qwen3-0.6B] step=85 epoch=0.3314

                                                

 11%|█         | 85/771 [02:48<22:25,  1.96s/it]2026-09-20 16:17:30,884 INFO [rev_util_helpfulness|paper_align|Qwen3-0.6B] step=85 epoch=0.3314

                                                

 11%|█         | 85/771 [02:48<22:25,  1.96s/it]2026-09-20 16:17:31,358 INFO [rev_util_helpfulness|paper_align|Qwen3-0.6B] step=85 epoch=0.3314

                                                

 11%|█         | 85/771 [02:49<22:25,  1.96s/it]
 11%|█         | 86/771 [02:49<22:14,  1.95s/it]2026-09-20 16:17:31,854 INFO [rev_util_helpfulness|paper_align|Qwen3-0.6B] step=86 epoch=0.3353

                                                
{'paper_align_label_loss': '0.05129', 'paper_align_reason_loss': '0.3929', 'epoch': '0.2495'}
{'paper_align_label_loss': '0.124', 'paper_align_reason_loss': '0.3405', 'epoch': '0.2495'}
{'paper_align_label_loss': '0.101', 'paper_align_reason_loss': '0.3516', 'epoch': '0.2534'}
{'paper_align_label_loss': '0.04394', 'paper_align_reason_loss': '0.3797', 'epoch': '0.2534'}
{'paper_align_label_loss': '0.05794', 'paper_align_reason_loss': '0.4353', 'epoch': '0.2534'}
{'paper_align_label_loss': '0.2097', 'paper_align_reason_loss': '0.3546', 'epoch': '0.2534'}
{'paper_align_label_loss': '0.101', 'paper_align_reason_loss': '0.3327', 'epoch': '0.2573'}
{'paper_align_label_loss': '0.1471', 'paper_align_reason_loss': '0.3834', 'epoch': '0.2573'}
{'paper_align_label_loss': '0.1158', 'paper_align_reason_loss': '0.4278', 'epoch': '0.2573'}
{'paper_align_label_loss': '0.08561', 'paper_align_reason_loss': '0.4948', 'epoch': '0.2573'}
{'paper_align_label_loss': '0.2728', 'paper_align_reason_loss': '0.5316', 'epoch': '0.2612'}
{'paper_align_label_loss': '0.05554', 'paper_align_reason_loss': '0.3795', 'epoch': '0.2612'}
{'paper_align_label_loss': '0.2138', 'paper_align_reason_loss': '0.5354', 'epoch': '0.2612'}
{'paper_align_label_loss': '0.3222', 'paper_align_reason_loss': '0.5373', 'epoch': '0.2612'}
{'paper_align_label_loss': '0.1697', 'paper_align_reason_loss': '0.5484', 'epoch': '0.2651'}
{'paper_align_label_loss': '0.3287', 'paper_align_reason_loss': '0.3988', 'epoch': '0.2651'}
{'paper_align_label_loss': '0.1025', 'paper_align_reason_loss': '0.3845', 'epoch': '0.2651'}
{'paper_align_label_loss': '0.1018', 'paper_align_reason_loss': '0.2821', 'epoch': '0.2651'}
{'paper_align_label_loss': '0.04007', 'paper_align_reason_loss': '0.3683', 'epoch': '0.269'}
{'paper_align_label_loss': '0.1531', 'paper_align_reason_loss': '0.3857', 'epoch': '0.269'}
{'paper_align_label_loss': '0.3111', 'paper_align_reason_loss': '0.3947', 'epoch': '0.269'}
{'paper_align_label_loss': '0.07427', 'paper_align_reason_loss': '0.3261', 'epoch': '0.269'}
{'loss': '1.084', 'grad_norm': '4.746', 'learning_rate': '9.911e-05', 'epoch': '0.2729'}
{'paper_align_label_loss': '0.2137', 'paper_align_reason_loss': '0.4068', 'epoch': '0.2729'}
{'paper_align_label_loss': '0.07787', 'paper_align_reason_loss': '0.3554', 'epoch': '0.2729'}
{'paper_align_label_loss': '0.04814', 'paper_align_reason_loss': '0.3706', 'epoch': '0.2729'}
{'paper_align_label_loss': '0.1497', 'paper_align_reason_loss': '0.3434', 'epoch': '0.2729'}
{'paper_align_label_loss': '0.06032', 'paper_align_reason_loss': '0.3318', 'epoch': '0.2768'}
{'paper_align_label_loss': '0.122', 'paper_align_reason_loss': '0.3869', 'epoch': '0.2768'}
{'paper_align_label_loss': '0.1786', 'paper_align_reason_loss': '0.4434', 'epoch': '0.2768'}
{'paper_align_label_loss': '0.09263', 'paper_align_reason_loss': '0.3879', 'epoch': '0.2768'}
{'paper_align_label_loss': '0.06019', 'paper_align_reason_loss': '0.4689', 'epoch': '0.2807'}
{'paper_align_label_loss': '0.09534', 'paper_align_reason_loss': '0.3632', 'epoch': '0.2807'}
{'paper_align_label_loss': '0.1683', 'paper_align_reason_loss': '0.3383', 'epoch': '0.2807'}
{'paper_align_label_loss': '0.3001', 'paper_align_reason_loss': '0.3758', 'epoch': '0.2807'}
{'paper_align_label_loss': '0.1487', 'paper_align_reason_loss': '0.3736', 'epoch': '0.2846'}
{'paper_align_label_loss': '0.2498', 'paper_align_reason_loss': '0.2569', 'epoch': '0.2846'}
{'paper_align_label_loss': '0.1748', 'paper_align_reason_loss': '0.3676', 'epoch': '0.2846'}
{'paper_align_label_loss': '0.09856', 'paper_align_reason_loss': '0.3612', 'epoch': '0.2846'}
{'paper_align_label_loss': '0.08261', 'paper_align_reason_loss': '0.471', 'epoch': '0.2885'}
{'paper_align_label_loss': '0.09864', 'paper_align_reason_loss': '0.3242', 'epoch': '0.2885'}
{'paper_align_label_loss': '0.08375', 'paper_align_reason_loss': '0.3145', 'epoch': '0.2885'}
{'paper_align_label_loss': '0.1048', 'paper_align_reason_loss': '0.4027', 'epoch': '0.2885'}
{'paper_align_label_loss': '0.09522', 'paper_align_reason_loss': '0.3684', 'epoch': '0.2924'}
{'paper_align_label_loss': '0.2162', 'paper_align_reason_loss': '0.2214', 'epoch': '0.2924'}
{'paper_align_label_loss': '0.07891', 'paper_align_reason_loss': '0.4137', 'epoch': '0.2924'}
{'paper_align_label_loss': '0.1179', 'paper_align_reason_loss': '0.3107', 'epoch': '0.2924'}
{'paper_align_label_loss': '0.1251', 'paper_align_reason_loss': '0.3111', 'epoch': '0.2963'}
{'paper_align_label_loss': '0.09052', 'paper_align_reason_loss': '0.3637', 'epoch': '0.2963'}
{'paper_align_label_loss': '0.08577', 'paper_align_reason_loss': '0.2902', 'epoch': '0.2963'}
{'paper_align_label_loss': '0.191', 'paper_align_reason_loss': '0.4894', 'epoch': '0.2963'}
{'paper_align_label_loss': '0.2606', 'paper_align_reason_loss': '0.3819', 'epoch': '0.3002'}
{'paper_align_label_loss': '0.1364', 'paper_align_reason_loss': '0.4767', 'epoch': '0.3002'}
{'paper_align_label_loss': '0.1331', 'paper_align_reason_loss': '0.4622', 'epoch': '0.3002'}
{'paper_align_label_loss': '0.1313', 'paper_align_reason_loss': '0.2934', 'epoch': '0.3002'}
{'paper_align_label_loss': '0.09365', 'paper_align_reason_loss': '0.2908', 'epoch': '0.3041'}
{'paper_align_label_loss': '0.1271', 'paper_align_reason_loss': '0.3644', 'epoch': '0.3041'}
{'paper_align_label_loss': '0.1', 'paper_align_reason_loss': '0.4434', 'epoch': '0.3041'}
{'paper_align_label_loss': '0.09038', 'paper_align_reason_loss': '0.4283', 'epoch': '0.3041'}
{'paper_align_label_loss': '0.08449', 'paper_align_reason_loss': '0.363', 'epoch': '0.308'}
{'paper_align_label_loss': '0.1456', 'paper_align_reason_loss': '0.4554', 'epoch': '0.308'}
{'paper_align_label_loss': '0.08587', 'paper_align_reason_loss': '0.4433', 'epoch': '0.308'}
{'paper_align_label_loss': '0.08718', 'paper_align_reason_loss': '0.3007', 'epoch': '0.308'}
{'loss': '1', 'grad_norm': '4.481', 'learning_rate': '9.867e-05', 'epoch': '0.3119'}
{'paper_align_label_loss': '0.1202', 'paper_align_reason_loss': '0.3082', 'epoch': '0.3119'}
{'paper_align_label_loss': '0.2082', 'paper_align_reason_loss': '0.3133', 'epoch': '0.3119'}
{'paper_align_label_loss': '0.1673', 'paper_align_reason_loss': '0.3353', 'epoch': '0.3119'}
{'paper_align_label_loss': '0.09111', 'paper_align_reason_loss': '0.3504', 'epoch': '0.3119'}
{'paper_align_label_loss': '0.1039', 'paper_align_reason_loss': '0.3878', 'epoch': '0.3158'}
{'paper_align_label_loss': '0.08049', 'paper_align_reason_loss': '0.2912', 'epoch': '0.3158'}
{'paper_align_label_loss': '0.1855', 'paper_align_reason_loss': '0.3637', 'epoch': '0.3158'}
{'paper_align_label_loss': '0.0705', 'paper_align_reason_loss': '0.3958', 'epoch': '0.3158'}
{'paper_align_label_loss': '0.2226', 'paper_align_reason_loss': '0.3154', 'epoch': '0.3197'}
{'paper_align_label_loss': '0.08541', 'paper_align_reason_loss': '0.388', 'epoch': '0.3197'}
{'paper_align_label_loss': '0.1093', 'paper_align_reason_loss': '0.3306', 'epoch': '0.3197'}
{'paper_align_label_loss': '0.06995', 'paper_align_reason_loss': '0.3362', 'epoch': '0.3197'}
{'paper_align_label_loss': '0.1221', 'paper_align_reason_loss': '0.3408', 'epoch': '0.3236'}
{'paper_align_label_loss': '0.09966', 'paper_align_reason_loss': '0.383', 'epoch': '0.3236'}
{'paper_align_label_loss': '0.1191', 'paper_align_reason_loss': '0.3226', 'epoch': '0.3236'}
{'paper_align_label_loss': '0.1074', 'paper_align_reason_loss': '0.3473', 'epoch': '0.3236'}
{'paper_align_label_loss': '0.08514', 'paper_align_reason_loss': '0.2721', 'epoch': '0.3275'}
{'paper_align_label_loss': '0.08949', 'paper_align_reason_loss': '0.2848', 'epoch': '0.3275'}
{'paper_align_label_loss': '0.08617', 'paper_align_reason_loss': '0.3209', 'epoch': '0.3275'}
{'paper_align_label_loss': '0.1319', 'paper_align_reason_loss': '0.2889', 'epoch': '0.3275'}
{'paper_align_label_loss': '0.06837', 'paper_align_reason_loss': '0.3187', 'epoch': '0.3314'}
{'paper_align_label_loss': '0.0365', 'paper_align_reason_loss': '0.2668', 'epoch': '0.3314'}
{'paper_align_label_loss': '0.06874', 'paper_align_reason_loss': '0.417', 'epoch': '0.3314'}
{'paper_align_label_loss': '0.1899', 'paper_align_reason_loss': '0.4484', 'epoch': '0.3314'}

 11%|█         | 86/771 [02:49<22:14,  1.95s/it]2026-09-20 16:17:32,336 INFO [rev_util_helpfulness|paper_align|Qwen3-0.6B] step=86 epoch=0.3353

                                                

 11%|█         | 86/771 [02:50<22:14,  1.95s/it]2026-09-20 16:17:32,827 INFO [rev_util_helpfulness|paper_align|Qwen3-0.6B] step=86 epoch=0.3353

                                                

 11%|█         | 86/771 [02:50<22:14,  1.95s/it]2026-09-20 16:17:33,297 INFO [rev_util_helpfulness|paper_align|Qwen3-0.6B] step=86 epoch=0.3353

                                                

 11%|█         | 86/771 [02:51<22:14,  1.95s/it]
 11%|█▏        | 87/771 [02:51<22:12,  1.95s/it]2026-09-20 16:17:33,800 INFO [rev_util_helpfulness|paper_align|Qwen3-0.6B] step=87 epoch=0.3392

                                                

 11%|█▏        | 87/771 [02:51<22:12,  1.95s/it]2026-09-20 16:17:34,462 INFO [rev_util_helpfulness|paper_align|Qwen3-0.6B] step=87 epoch=0.3392

                                                

 11%|█▏        | 87/771 [02:52<22:12,  1.95s/it]2026-09-20 16:17:34,930 INFO [rev_util_helpfulness|paper_align|Qwen3-0.6B] step=87 epoch=0.3392

                                                

 11%|█▏        | 87/771 [02:52<22:12,  1.95s/it]2026-09-20 16:17:35,413 INFO [rev_util_helpfulness|paper_align|Qwen3-0.6B] step=87 epoch=0.3392

                                                

 11%|█▏        | 87/771 [02:53<22:12,  1.95s/it]
 11%|█▏        | 88/771 [02:53<22:48,  2.00s/it]2026-09-20 16:17:35,934 INFO [rev_util_helpfulness|paper_align|Qwen3-0.6B] step=88 epoch=0.3431

                                                

 11%|█▏        | 88/771 [02:53<22:48,  2.00s/it]2026-09-20 16:17:36,404 INFO [rev_util_helpfulness|paper_align|Qwen3-0.6B] step=88 epoch=0.3431

                                                

 11%|█▏        | 88/771 [02:54<22:48,  2.00s/it]2026-09-20 16:17:36,878 INFO [rev_util_helpfulness|paper_align|Qwen3-0.6B] step=88 epoch=0.3431

                                                

 11%|█▏        | 88/771 [02:54<22:48,  2.00s/it]2026-09-20 16:17:37,342 INFO [rev_util_helpfulness|paper_align|Qwen3-0.6B] step=88 epoch=0.3431

                                                

 11%|█▏        | 88/771 [02:55<22:48,  2.00s/it]
 12%|█▏        | 89/771 [02:55<22:32,  1.98s/it]2026-09-20 16:17:37,878 INFO [rev_util_helpfulness|paper_align|Qwen3-0.6B] step=89 epoch=0.3470

                                                

 12%|█▏        | 89/771 [02:55<22:32,  1.98s/it]2026-09-20 16:17:38,363 INFO [rev_util_helpfulness|paper_align|Qwen3-0.6B] step=89 epoch=0.3470

                                                

 12%|█▏        | 89/771 [02:56<22:32,  1.98s/it]2026-09-20 16:17:38,838 INFO [rev_util_helpfulness|paper_align|Qwen3-0.6B] step=89 epoch=0.3470

                                                

 12%|█▏        | 89/771 [02:56<22:32,  1.98s/it]2026-09-20 16:17:39,312 INFO [rev_util_helpfulness|paper_align|Qwen3-0.6B] step=89 epoch=0.3470

                                                

 12%|█▏        | 89/771 [02:57<22:32,  1.98s/it]
 12%|█▏        | 90/771 [02:57<22:23,  1.97s/it]2026-09-20 16:17:39,643 INFO [rev_util_helpfulness|paper_align|Qwen3-0.6B] step=90 loss=0.8972 learning_rate=0.0001 epoch=0.3509

                                                

 12%|█▏        | 90/771 [02:57<22:23,  1.97s/it]2026-09-20 16:17:39,820 INFO [rev_util_helpfulness|paper_align|Qwen3-0.6B] step=90 epoch=0.3509

                                                

 12%|█▏        | 90/771 [02:57<22:23,  1.97s/it]2026-09-20 16:17:40,306 INFO [rev_util_helpfulness|paper_align|Qwen3-0.6B] step=90 epoch=0.3509

                                                

 12%|█▏        | 90/771 [02:58<22:23,  1.97s/it]2026-09-20 16:17:40,797 INFO [rev_util_helpfulness|paper_align|Qwen3-0.6B] step=90 epoch=0.3509

                                                

 12%|█▏        | 90/771 [02:58<22:23,  1.97s/it]2026-09-20 16:17:41,274 INFO [rev_util_helpfulness|paper_align|Qwen3-0.6B] step=90 epoch=0.3509

                                                

 12%|█▏        | 90/771 [02:58<22:23,  1.97s/it]
 12%|█▏        | 91/771 [02:59<22:20,  1.97s/it]2026-09-20 16:17:41,781 INFO [rev_util_helpfulness|paper_align|Qwen3-0.6B] step=91 epoch=0.3548

                                                

 12%|█▏        | 91/771 [02:59<22:20,  1.97s/it]2026-09-20 16:17:42,246 INFO [rev_util_helpfulness|paper_align|Qwen3-0.6B] step=91 epoch=0.3548

                                                

 12%|█▏        | 91/771 [02:59<22:20,  1.97s/it]2026-09-20 16:17:42,717 INFO [rev_util_helpfulness|paper_align|Qwen3-0.6B] step=91 epoch=0.3548

                                                

 12%|█▏        | 91/771 [03:00<22:20,  1.97s/it]2026-09-20 16:17:43,175 INFO [rev_util_helpfulness|paper_align|Qwen3-0.6B] step=91 epoch=0.3548

                                                

 12%|█▏        | 91/771 [03:00<22:20,  1.97s/it]
 12%|█▏        | 92/771 [03:01<22:03,  1.95s/it]2026-09-20 16:17:43,886 INFO [rev_util_helpfulness|paper_align|Qwen3-0.6B] step=92 epoch=0.3587

                                                

 12%|█▏        | 92/771 [03:01<22:03,  1.95s/it]2026-09-20 16:17:44,362 INFO [rev_util_helpfulness|paper_align|Qwen3-0.6B] step=92 epoch=0.3587

                                                

 12%|█▏        | 92/771 [03:02<22:03,  1.95s/it]2026-09-20 16:17:44,831 INFO [rev_util_helpfulness|paper_align|Qwen3-0.6B] step=92 epoch=0.3587

                                                

 12%|█▏        | 92/771 [03:02<22:03,  1.95s/it]2026-09-20 16:17:45,306 INFO [rev_util_helpfulness|paper_align|Qwen3-0.6B] step=92 epoch=0.3587

                                                

 12%|█▏        | 92/771 [03:03<22:03,  1.95s/it]
 12%|█▏        | 93/771 [03:03<22:38,  2.00s/it]2026-09-20 16:17:45,817 INFO [rev_util_helpfulness|paper_align|Qwen3-0.6B] step=93 epoch=0.3626

                                                

 12%|█▏        | 93/771 [03:03<22:38,  2.00s/it]2026-09-20 16:17:46,294 INFO [rev_util_helpfulness|paper_align|Qwen3-0.6B] step=93 epoch=0.3626

                                                

 12%|█▏        | 93/771 [03:04<22:38,  2.00s/it]2026-09-20 16:17:46,778 INFO [rev_util_helpfulness|paper_align|Qwen3-0.6B] step=93 epoch=0.3626

                                                

 12%|█▏        | 93/771 [03:04<22:38,  2.00s/it]2026-09-20 16:17:47,259 INFO [rev_util_helpfulness|paper_align|Qwen3-0.6B] step=93 epoch=0.3626

                                                

 12%|█▏        | 93/771 [03:04<22:38,  2.00s/it]
 12%|█▏        | 94/771 [03:05<22:25,  1.99s/it]2026-09-20 16:17:47,771 INFO [rev_util_helpfulness|paper_align|Qwen3-0.6B] step=94 epoch=0.3665

                                                

 12%|█▏        | 94/771 [03:05<22:25,  1.99s/it]2026-09-20 16:17:48,246 INFO [rev_util_helpfulness|paper_align|Qwen3-0.6B] step=94 epoch=0.3665

                                                

 12%|█▏        | 94/771 [03:05<22:25,  1.99s/it]2026-09-20 16:17:48,724 INFO [rev_util_helpfulness|paper_align|Qwen3-0.6B] step=94 epoch=0.3665

                                                

 12%|█▏        | 94/771 [03:06<22:25,  1.99s/it]2026-09-20 16:17:49,216 INFO [rev_util_helpfulness|paper_align|Qwen3-0.6B] step=94 epoch=0.3665

                                                

 12%|█▏        | 94/771 [03:06<22:25,  1.99s/it]
 12%|█▏        | 95/771 [03:07<22:18,  1.98s/it]2026-09-20 16:17:49,740 INFO [rev_util_helpfulness|paper_align|Qwen3-0.6B] step=95 epoch=0.3704

                                                

 12%|█▏        | 95/771 [03:07<22:18,  1.98s/it]2026-09-20 16:17:50,211 INFO [rev_util_helpfulness|paper_align|Qwen3-0.6B] step=95 epoch=0.3704

                                                

 12%|█▏        | 95/771 [03:07<22:18,  1.98s/it]2026-09-20 16:17:50,687 INFO [rev_util_helpfulness|paper_align|Qwen3-0.6B] step=95 epoch=0.3704

                                                

 12%|█▏        | 95/771 [03:08<22:18,  1.98s/it]2026-09-20 16:17:51,152 INFO [rev_util_helpfulness|paper_align|Qwen3-0.6B] step=95 epoch=0.3704

                                                

 12%|█▏        | 95/771 [03:08<22:18,  1.98s/it]
 12%|█▏        | 96/771 [03:09<22:07,  1.97s/it]2026-09-20 16:17:51,665 INFO [rev_util_helpfulness|paper_align|Qwen3-0.6B] step=96 epoch=0.3743

                                                

 12%|█▏        | 96/771 [03:09<22:07,  1.97s/it]2026-09-20 16:17:52,169 INFO [rev_util_helpfulness|paper_align|Qwen3-0.6B] step=96 epoch=0.3743

                                                

 12%|█▏        | 96/771 [03:09<22:07,  1.97s/it]2026-09-20 16:17:52,681 INFO [rev_util_helpfulness|paper_align|Qwen3-0.6B] step=96 epoch=0.3743

                                                

 12%|█▏        | 96/771 [03:10<22:07,  1.97s/it]2026-09-20 16:17:53,160 INFO [rev_util_helpfulness|paper_align|Qwen3-0.6B] step=96 epoch=0.3743

                                                

 12%|█▏        | 96/771 [03:10<22:07,  1.97s/it]
 13%|█▎        | 97/771 [03:11<22:13,  1.98s/it]2026-09-20 16:17:53,674 INFO [rev_util_helpfulness|paper_align|Qwen3-0.6B] step=97 epoch=0.3782

                                                

 13%|█▎        | 97/771 [03:11<22:13,  1.98s/it]2026-09-20 16:17:54,411 INFO [rev_util_helpfulness|paper_align|Qwen3-0.6B] step=97 epoch=0.3782

                                                

 13%|█▎        | 97/771 [03:12<22:13,  1.98s/it]2026-09-20 16:17:54,890 INFO [rev_util_helpfulness|paper_align|Qwen3-0.6B] step=97 epoch=0.3782

                                                

 13%|█▎        | 97/771 [03:12<22:13,  1.98s/it]2026-09-20 16:17:55,380 INFO [rev_util_helpfulness|paper_align|Qwen3-0.6B] step=97 epoch=0.3782

                                                

 13%|█▎        | 97/771 [03:13<22:13,  1.98s/it]
 13%|█▎        | 98/771 [03:13<23:03,  2.06s/it]2026-09-20 16:17:55,909 INFO [rev_util_helpfulness|paper_align|Qwen3-0.6B] step=98 epoch=0.3821

                                                

 13%|█▎        | 98/771 [03:13<23:03,  2.06s/it]2026-09-20 16:17:56,388 INFO [rev_util_helpfulness|paper_align|Qwen3-0.6B] step=98 epoch=0.3821

                                                

 13%|█▎        | 98/771 [03:14<23:03,  2.06s/it]2026-09-20 16:17:56,864 INFO [rev_util_helpfulness|paper_align|Qwen3-0.6B] step=98 epoch=0.3821

                                                

 13%|█▎        | 98/771 [03:14<23:03,  2.06s/it]2026-09-20 16:17:57,344 INFO [rev_util_helpfulness|paper_align|Qwen3-0.6B] step=98 epoch=0.3821

                                                

 13%|█▎        | 98/771 [03:15<23:03,  2.06s/it]
 13%|█▎        | 99/771 [03:15<22:39,  2.02s/it]2026-09-20 16:17:57,851 INFO [rev_util_helpfulness|paper_align|Qwen3-0.6B] step=99 epoch=0.3860

                                                

 13%|█▎        | 99/771 [03:15<22:39,  2.02s/it]2026-09-20 16:17:58,333 INFO [rev_util_helpfulness|paper_align|Qwen3-0.6B] step=99 epoch=0.3860

                                                

 13%|█▎        | 99/771 [03:16<22:39,  2.02s/it]2026-09-20 16:17:58,808 INFO [rev_util_helpfulness|paper_align|Qwen3-0.6B] step=99 epoch=0.3860

                                                

 13%|█▎        | 99/771 [03:16<22:39,  2.02s/it]2026-09-20 16:17:59,281 INFO [rev_util_helpfulness|paper_align|Qwen3-0.6B] step=99 epoch=0.3860

                                                

 13%|█▎        | 99/771 [03:16<22:39,  2.02s/it]
 13%|█▎        | 100/771 [03:17<22:20,  2.00s/it]2026-09-20 16:17:59,617 INFO [rev_util_helpfulness|paper_align|Qwen3-0.6B] step=100 loss=0.8661 learning_rate=0.0001 epoch=0.3899

                                                 

 13%|█▎        | 100/771 [03:17<22:20,  2.00s/it]2026-09-20 16:17:59,800 INFO [rev_util_helpfulness|paper_align|Qwen3-0.6B] step=100 epoch=0.3899

                                                 

 13%|█▎        | 100/771 [03:17<22:20,  2.00s/it]2026-09-20 16:18:00,274 INFO [rev_util_helpfulness|paper_align|Qwen3-0.6B] step=100 epoch=0.3899

                                                 

 13%|█▎        | 100/771 [03:17<22:20,  2.00s/it]2026-09-20 16:18:00,748 INFO [rev_util_helpfulness|paper_align|Qwen3-0.6B] step=100 epoch=0.3899

                                                 

 13%|█▎        | 100/771 [03:18<22:20,  2.00s/it]2026-09-20 16:18:01,219 INFO [rev_util_helpfulness|paper_align|Qwen3-0.6B] step=100 epoch=0.3899

                                                 

 13%|█▎        | 100/771 [03:18<22:20,  2.00s/it]
 13%|█▎        | 101/771 [03:19<22:06,  1.98s/it]2026-09-20 16:18:01,732 INFO [rev_util_helpfulness|paper_align|Qwen3-0.6B] step=101 epoch=0.3938

                                                 

 13%|█▎        | 101/771 [03:19<22:06,  1.98s/it]2026-09-20 16:18:02,210 INFO [rev_util_helpfulness|paper_align|Qwen3-0.6B] step=101 epoch=0.3938

                                                 

 13%|█▎        | 101/771 [03:19<22:06,  1.98s/it]2026-09-20 16:18:02,740 INFO [rev_util_helpfulness|paper_align|Qwen3-0.6B] step=101 epoch=0.3938

                                                 

 13%|█▎        | 101/771 [03:20<22:06,  1.98s/it]2026-09-20 16:18:03,211 INFO [rev_util_helpfulness|paper_align|Qwen3-0.6B] step=101 epoch=0.3938

                                                 

 13%|█▎        | 101/771 [03:20<22:06,  1.98s/it]
 13%|█▎        | 102/771 [03:21<22:05,  1.98s/it]2026-09-20 16:18:03,712 INFO [rev_util_helpfulness|paper_align|Qwen3-0.6B] step=102 epoch=0.3977

                                                 

 13%|█▎        | 102/771 [03:21<22:05,  1.98s/it]2026-09-20 16:18:04,181 INFO [rev_util_helpfulness|paper_align|Qwen3-0.6B] step=102 epoch=0.3977

                                                 

 13%|█▎        | 102/771 [03:21<22:05,  1.98s/it]2026-09-20 16:18:04,664 INFO [rev_util_helpfulness|paper_align|Qwen3-0.6B] step=102 epoch=0.3977

                                                 

 13%|█▎        | 102/771 [03:22<22:05,  1.98s/it]2026-09-20 16:18:05,359 INFO [rev_util_helpfulness|paper_align|Qwen3-0.6B] step=102 epoch=0.3977

                                                 

 13%|█▎        | 102/771 [03:23<22:05,  1.98s/it]
 13%|█▎        | 103/771 [03:23<22:38,  2.03s/it]2026-09-20 16:18:05,867 INFO [rev_util_helpfulness|paper_align|Qwen3-0.6B] step=103 epoch=0.4016

                                                 

 13%|█▎        | 103/771 [03:23<22:38,  2.03s/it]2026-09-20 16:18:06,326 INFO [rev_util_helpfulness|paper_align|Qwen3-0.6B] step=103 epoch=0.4016

                                                 

 13%|█▎        | 103/771 [03:24<22:38,  2.03s/it]2026-09-20 16:18:06,796 INFO [rev_util_helpfulness|paper_align|Qwen3-0.6B] step=103 epoch=0.4016

                                                 

 13%|█▎        | 103/771 [03:24<22:38,  2.03s/it]2026-09-20 16:18:07,267 INFO [rev_util_helpfulness|paper_align|Qwen3-0.6B] step=103 epoch=0.4016

                                                 

 13%|█▎        | 103/771 [03:24<22:38,  2.03s/it]
 13%|█▎        | 104/771 [03:25<22:11,  2.00s/it]2026-09-20 16:18:07,781 INFO [rev_util_helpfulness|paper_align|Qwen3-0.6B] step=104 epoch=0.4055

                                                 

 13%|█▎        | 104/771 [03:25<22:11,  2.00s/it]2026-09-20 16:18:08,250 INFO [rev_util_helpfulness|paper_align|Qwen3-0.6B] step=104 epoch=0.4055

                                                 

 13%|█▎        | 104/771 [03:25<22:11,  2.00s/it]2026-09-20 16:18:08,740 INFO [rev_util_helpfulness|paper_align|Qwen3-0.6B] step=104 epoch=0.4055

                                                 

 13%|█▎        | 104/771 [03:26<22:11,  2.00s/it]2026-09-20 16:18:09,207 INFO [rev_util_helpfulness|paper_align|Qwen3-0.6B] step=104 epoch=0.4055

                                                 

 13%|█▎        | 104/771 [03:26<22:11,  2.00s/it]
 14%|█▎        | 105/771 [03:27<21:56,  1.98s/it]2026-09-20 16:18:09,705 INFO [rev_util_helpfulness|paper_align|Qwen3-0.6B] step=105 epoch=0.4094

                                                 

 14%|█▎        | 105/771 [03:27<21:56,  1.98s/it]2026-09-20 16:18:10,167 INFO [rev_util_helpfulness|paper_align|Qwen3-0.6B] step=105 epoch=0.4094

                                                 

 14%|█▎        | 105/771 [03:27<21:56,  1.98s/it]2026-09-20 16:18:10,646 INFO [rev_util_helpfulness|paper_align|Qwen3-0.6B] step=105 epoch=0.4094

                                                 

 14%|█▎        | 105/771 [03:28<21:56,  1.98s/it]2026-09-20 16:18:11,127 INFO [rev_util_helpfulness|paper_align|Qwen3-0.6B] step=105 epoch=0.4094

                                                 

 14%|█▎        | 105/771 [03:28<21:56,  1.98s/it]
 14%|█▎        | 106/771 [03:29<21:43,  1.96s/it]2026-09-20 16:18:11,634 INFO [rev_util_helpfulness|paper_align|Qwen3-0.6B] step=106 epoch=0.4133

                                                 

 14%|█▎        | 106/771 [03:29<21:43,  1.96s/it]2026-09-20 16:18:12,112 INFO [rev_util_helpfulness|paper_align|Qwen3-0.6B] step=106 epoch=0.4133

                                                 

 14%|█▎        | 106/771 [03:29<21:43,  1.96s/it]2026-09-20 16:18:12,588 INFO [rev_util_helpfulness|paper_align|Qwen3-0.6B] step=106 epoch=0.4133

                                                 

 14%|█▎        | 106/771 [03:30<21:43,  1.96s/it]2026-09-20 16:18:13,087 INFO [rev_util_helpfulness|paper_align|Qwen3-0.6B] step=106 epoch=0.4133

                                                 

 14%|█▎        | 106/771 [03:30<21:43,  1.96s/it]
 14%|█▍        | 107/771 [03:31<21:45,  1.97s/it]2026-09-20 16:18:13,610 INFO [rev_util_helpfulness|paper_align|Qwen3-0.6B] step=107 epoch=0.4172

                                                 

 14%|█▍        | 107/771 [03:31<21:45,  1.97s/it]2026-09-20 16:18:14,107 INFO [rev_util_helpfulness|paper_align|Qwen3-0.6B] step=107 epoch=0.4172

                                                 
{'paper_align_label_loss': '0.09285', 'paper_align_reason_loss': '0.4577', 'epoch': '0.3353'}
{'paper_align_label_loss': '0.07197', 'paper_align_reason_loss': '0.2671', 'epoch': '0.3353'}
{'paper_align_label_loss': '0.1096', 'paper_align_reason_loss': '0.2667', 'epoch': '0.3353'}
{'paper_align_label_loss': '0.02527', 'paper_align_reason_loss': '0.327', 'epoch': '0.3353'}
{'paper_align_label_loss': '0.09741', 'paper_align_reason_loss': '0.4427', 'epoch': '0.3392'}
{'paper_align_label_loss': '0.2503', 'paper_align_reason_loss': '0.3807', 'epoch': '0.3392'}
{'paper_align_label_loss': '0.09591', 'paper_align_reason_loss': '0.3133', 'epoch': '0.3392'}
{'paper_align_label_loss': '0.03314', 'paper_align_reason_loss': '0.3301', 'epoch': '0.3392'}
{'paper_align_label_loss': '0.1146', 'paper_align_reason_loss': '0.362', 'epoch': '0.3431'}
{'paper_align_label_loss': '0.05757', 'paper_align_reason_loss': '0.3441', 'epoch': '0.3431'}
{'paper_align_label_loss': '0.07781', 'paper_align_reason_loss': '0.33', 'epoch': '0.3431'}
{'paper_align_label_loss': '0.1783', 'paper_align_reason_loss': '0.3236', 'epoch': '0.3431'}
{'paper_align_label_loss': '0.1862', 'paper_align_reason_loss': '0.275', 'epoch': '0.347'}
{'paper_align_label_loss': '0.09246', 'paper_align_reason_loss': '0.3179', 'epoch': '0.347'}
{'paper_align_label_loss': '0.1566', 'paper_align_reason_loss': '0.3692', 'epoch': '0.347'}
{'paper_align_label_loss': '0.05316', 'paper_align_reason_loss': '0.2967', 'epoch': '0.347'}
{'loss': '0.8972', 'grad_norm': '6.374', 'learning_rate': '9.814e-05', 'epoch': '0.3509'}
{'paper_align_label_loss': '0.1122', 'paper_align_reason_loss': '0.2894', 'epoch': '0.3509'}
{'paper_align_label_loss': '0.09292', 'paper_align_reason_loss': '0.4216', 'epoch': '0.3509'}
{'paper_align_label_loss': '0.1637', 'paper_align_reason_loss': '0.2988', 'epoch': '0.3509'}
{'paper_align_label_loss': '0.2038', 'paper_align_reason_loss': '0.3581', 'epoch': '0.3509'}
{'paper_align_label_loss': '0.08474', 'paper_align_reason_loss': '0.3151', 'epoch': '0.3548'}
{'paper_align_label_loss': '0.05368', 'paper_align_reason_loss': '0.4474', 'epoch': '0.3548'}
{'paper_align_label_loss': '0.1254', 'paper_align_reason_loss': '0.3938', 'epoch': '0.3548'}
{'paper_align_label_loss': '0.1556', 'paper_align_reason_loss': '0.2839', 'epoch': '0.3548'}
{'paper_align_label_loss': '0.1484', 'paper_align_reason_loss': '0.3321', 'epoch': '0.3587'}
{'paper_align_label_loss': '0.346', 'paper_align_reason_loss': '0.4018', 'epoch': '0.3587'}
{'paper_align_label_loss': '0.1377', 'paper_align_reason_loss': '0.3853', 'epoch': '0.3587'}
{'paper_align_label_loss': '0.04131', 'paper_align_reason_loss': '0.3168', 'epoch': '0.3587'}
{'paper_align_label_loss': '0.05305', 'paper_align_reason_loss': '0.2909', 'epoch': '0.3626'}
{'paper_align_label_loss': '0.1212', 'paper_align_reason_loss': '0.3045', 'epoch': '0.3626'}
{'paper_align_label_loss': '0.1948', 'paper_align_reason_loss': '0.3484', 'epoch': '0.3626'}
{'paper_align_label_loss': '0.0721', 'paper_align_reason_loss': '0.3247', 'epoch': '0.3626'}
{'paper_align_label_loss': '0.08736', 'paper_align_reason_loss': '0.3287', 'epoch': '0.3665'}
{'paper_align_label_loss': '0.1703', 'paper_align_reason_loss': '0.2258', 'epoch': '0.3665'}
{'paper_align_label_loss': '0.06807', 'paper_align_reason_loss': '0.3319', 'epoch': '0.3665'}
{'paper_align_label_loss': '0.05767', 'paper_align_reason_loss': '0.325', 'epoch': '0.3665'}
{'paper_align_label_loss': '0.09359', 'paper_align_reason_loss': '0.3419', 'epoch': '0.3704'}
{'paper_align_label_loss': '0.09485', 'paper_align_reason_loss': '0.2733', 'epoch': '0.3704'}
{'paper_align_label_loss': '0.0418', 'paper_align_reason_loss': '0.284', 'epoch': '0.3704'}
{'paper_align_label_loss': '0.07634', 'paper_align_reason_loss': '0.2745', 'epoch': '0.3704'}
{'paper_align_label_loss': '0.05354', 'paper_align_reason_loss': '0.3385', 'epoch': '0.3743'}
{'paper_align_label_loss': '0.193', 'paper_align_reason_loss': '0.4581', 'epoch': '0.3743'}
{'paper_align_label_loss': '0.134', 'paper_align_reason_loss': '0.4603', 'epoch': '0.3743'}
{'paper_align_label_loss': '0.0889', 'paper_align_reason_loss': '0.2211', 'epoch': '0.3743'}
{'paper_align_label_loss': '0.04339', 'paper_align_reason_loss': '0.2929', 'epoch': '0.3782'}
{'paper_align_label_loss': '0.1023', 'paper_align_reason_loss': '0.4121', 'epoch': '0.3782'}
{'paper_align_label_loss': '0.1407', 'paper_align_reason_loss': '0.3782', 'epoch': '0.3782'}
{'paper_align_label_loss': '0.03217', 'paper_align_reason_loss': '0.2728', 'epoch': '0.3782'}
{'paper_align_label_loss': '0.06993', 'paper_align_reason_loss': '0.2951', 'epoch': '0.3821'}
{'paper_align_label_loss': '0.09725', 'paper_align_reason_loss': '0.3741', 'epoch': '0.3821'}
{'paper_align_label_loss': '0.03479', 'paper_align_reason_loss': '0.2578', 'epoch': '0.3821'}
{'paper_align_label_loss': '0.06186', 'paper_align_reason_loss': '0.2124', 'epoch': '0.3821'}
{'paper_align_label_loss': '0.07798', 'paper_align_reason_loss': '0.2279', 'epoch': '0.386'}
{'paper_align_label_loss': '0.07205', 'paper_align_reason_loss': '0.3125', 'epoch': '0.386'}
{'paper_align_label_loss': '0.2677', 'paper_align_reason_loss': '0.2989', 'epoch': '0.386'}
{'paper_align_label_loss': '0.06389', 'paper_align_reason_loss': '0.2815', 'epoch': '0.386'}
{'loss': '0.8661', 'grad_norm': '4.13', 'learning_rate': '9.753e-05', 'epoch': '0.3899'}
{'paper_align_label_loss': '0.153', 'paper_align_reason_loss': '0.3765', 'epoch': '0.3899'}
{'paper_align_label_loss': '0.04877', 'paper_align_reason_loss': '0.3123', 'epoch': '0.3899'}
{'paper_align_label_loss': '0.22', 'paper_align_reason_loss': '0.3465', 'epoch': '0.3899'}
{'paper_align_label_loss': '0.05275', 'paper_align_reason_loss': '0.4916', 'epoch': '0.3899'}
{'paper_align_label_loss': '0.1473', 'paper_align_reason_loss': '0.2558', 'epoch': '0.3938'}
{'paper_align_label_loss': '0.1205', 'paper_align_reason_loss': '0.3776', 'epoch': '0.3938'}
{'paper_align_label_loss': '0.08778', 'paper_align_reason_loss': '0.2113', 'epoch': '0.3938'}
{'paper_align_label_loss': '0.02401', 'paper_align_reason_loss': '0.3137', 'epoch': '0.3938'}
{'paper_align_label_loss': '0.05535', 'paper_align_reason_loss': '0.2259', 'epoch': '0.3977'}
{'paper_align_label_loss': '0.1644', 'paper_align_reason_loss': '0.3696', 'epoch': '0.3977'}
{'paper_align_label_loss': '0.1699', 'paper_align_reason_loss': '0.3198', 'epoch': '0.3977'}
{'paper_align_label_loss': '0.07544', 'paper_align_reason_loss': '0.3022', 'epoch': '0.3977'}
{'paper_align_label_loss': '0.1035', 'paper_align_reason_loss': '0.2588', 'epoch': '0.4016'}
{'paper_align_label_loss': '0.04601', 'paper_align_reason_loss': '0.2753', 'epoch': '0.4016'}
{'paper_align_label_loss': '0.08288', 'paper_align_reason_loss': '0.239', 'epoch': '0.4016'}
{'paper_align_label_loss': '0.0735', 'paper_align_reason_loss': '0.354', 'epoch': '0.4016'}
{'paper_align_label_loss': '0.07803', 'paper_align_reason_loss': '0.2445', 'epoch': '0.4055'}
{'paper_align_label_loss': '0.0675', 'paper_align_reason_loss': '0.3006', 'epoch': '0.4055'}
{'paper_align_label_loss': '0.06233', 'paper_align_reason_loss': '0.3157', 'epoch': '0.4055'}
{'paper_align_label_loss': '0.2084', 'paper_align_reason_loss': '0.5318', 'epoch': '0.4055'}
{'paper_align_label_loss': '0.07752', 'paper_align_reason_loss': '0.2623', 'epoch': '0.4094'}
{'paper_align_label_loss': '0.05272', 'paper_align_reason_loss': '0.4114', 'epoch': '0.4094'}
{'paper_align_label_loss': '0.03455', 'paper_align_reason_loss': '0.3303', 'epoch': '0.4094'}
{'paper_align_label_loss': '0.2495', 'paper_align_reason_loss': '0.3183', 'epoch': '0.4094'}
{'paper_align_label_loss': '0.105', 'paper_align_reason_loss': '0.2689', 'epoch': '0.4133'}
{'paper_align_label_loss': '0.07554', 'paper_align_reason_loss': '0.3407', 'epoch': '0.4133'}
{'paper_align_label_loss': '0.3169', 'paper_align_reason_loss': '0.3697', 'epoch': '0.4133'}
{'paper_align_label_loss': '0.2229', 'paper_align_reason_loss': '0.3132', 'epoch': '0.4133'}
{'paper_align_label_loss': '0.1245', 'paper_align_reason_loss': '0.295', 'epoch': '0.4172'}

 14%|█▍        | 107/771 [03:31<21:45,  1.97s/it]2026-09-20 16:18:14,584 INFO [rev_util_helpfulness|paper_align|Qwen3-0.6B] step=107 epoch=0.4172

                                                 

 14%|█▍        | 107/771 [03:32<21:45,  1.97s/it]2026-09-20 16:18:15,051 INFO [rev_util_helpfulness|paper_align|Qwen3-0.6B] step=107 epoch=0.4172

                                                 

 14%|█▍        | 107/771 [03:32<21:45,  1.97s/it]
 14%|█▍        | 108/771 [03:33<21:37,  1.96s/it]2026-09-20 16:18:15,727 INFO [rev_util_helpfulness|paper_align|Qwen3-0.6B] step=108 epoch=0.4211

                                                 

 14%|█▍        | 108/771 [03:33<21:37,  1.96s/it]2026-09-20 16:18:16,209 INFO [rev_util_helpfulness|paper_align|Qwen3-0.6B] step=108 epoch=0.4211

                                                 

 14%|█▍        | 108/771 [03:33<21:37,  1.96s/it]2026-09-20 16:18:16,685 INFO [rev_util_helpfulness|paper_align|Qwen3-0.6B] step=108 epoch=0.4211

                                                 

 14%|█▍        | 108/771 [03:34<21:37,  1.96s/it]2026-09-20 16:18:17,161 INFO [rev_util_helpfulness|paper_align|Qwen3-0.6B] step=108 epoch=0.4211

                                                 

 14%|█▍        | 108/771 [03:34<21:37,  1.96s/it]
 14%|█▍        | 109/771 [03:35<22:07,  2.01s/it]2026-09-20 16:18:17,663 INFO [rev_util_helpfulness|paper_align|Qwen3-0.6B] step=109 epoch=0.4250

                                                 

 14%|█▍        | 109/771 [03:35<22:07,  2.01s/it]2026-09-20 16:18:18,126 INFO [rev_util_helpfulness|paper_align|Qwen3-0.6B] step=109 epoch=0.4250

                                                 

 14%|█▍        | 109/771 [03:35<22:07,  2.01s/it]2026-09-20 16:18:18,594 INFO [rev_util_helpfulness|paper_align|Qwen3-0.6B] step=109 epoch=0.4250

                                                 

 14%|█▍        | 109/771 [03:36<22:07,  2.01s/it]2026-09-20 16:18:19,060 INFO [rev_util_helpfulness|paper_align|Qwen3-0.6B] step=109 epoch=0.4250

                                                 

 14%|█▍        | 109/771 [03:36<22:07,  2.01s/it]
 14%|█▍        | 110/771 [03:37<21:46,  1.98s/it]2026-09-20 16:18:19,399 INFO [rev_util_helpfulness|paper_align|Qwen3-0.6B] step=110 loss=0.8392 learning_rate=0.0001 epoch=0.4288

                                                 

 14%|█▍        | 110/771 [03:37<21:46,  1.98s/it]2026-09-20 16:18:19,576 INFO [rev_util_helpfulness|paper_align|Qwen3-0.6B] step=110 epoch=0.4288

                                                 

 14%|█▍        | 110/771 [03:37<21:46,  1.98s/it]2026-09-20 16:18:20,050 INFO [rev_util_helpfulness|paper_align|Qwen3-0.6B] step=110 epoch=0.4288

                                                 

 14%|█▍        | 110/771 [03:37<21:46,  1.98s/it]2026-09-20 16:18:20,516 INFO [rev_util_helpfulness|paper_align|Qwen3-0.6B] step=110 epoch=0.4288

                                                 

 14%|█▍        | 110/771 [03:38<21:46,  1.98s/it]2026-09-20 16:18:20,983 INFO [rev_util_helpfulness|paper_align|Qwen3-0.6B] step=110 epoch=0.4288

                                                 

 14%|█▍        | 110/771 [03:38<21:46,  1.98s/it]
 14%|█▍        | 111/771 [03:39<21:33,  1.96s/it]2026-09-20 16:18:21,493 INFO [rev_util_helpfulness|paper_align|Qwen3-0.6B] step=111 epoch=0.4327

                                                 

 14%|█▍        | 111/771 [03:39<21:33,  1.96s/it]2026-09-20 16:18:21,961 INFO [rev_util_helpfulness|paper_align|Qwen3-0.6B] step=111 epoch=0.4327

                                                 

 14%|█▍        | 111/771 [03:39<21:33,  1.96s/it]2026-09-20 16:18:22,438 INFO [rev_util_helpfulness|paper_align|Qwen3-0.6B] step=111 epoch=0.4327

                                                 

 14%|█▍        | 111/771 [03:40<21:33,  1.96s/it]2026-09-20 16:18:22,904 INFO [rev_util_helpfulness|paper_align|Qwen3-0.6B] step=111 epoch=0.4327

                                                 

 14%|█▍        | 111/771 [03:40<21:33,  1.96s/it]
 15%|█▍        | 112/771 [03:40<21:21,  1.94s/it]2026-09-20 16:18:23,404 INFO [rev_util_helpfulness|paper_align|Qwen3-0.6B] step=112 epoch=0.4366

                                                 

 15%|█▍        | 112/771 [03:41<21:21,  1.94s/it]2026-09-20 16:18:23,858 INFO [rev_util_helpfulness|paper_align|Qwen3-0.6B] step=112 epoch=0.4366

                                                 

 15%|█▍        | 112/771 [03:41<21:21,  1.94s/it]2026-09-20 16:18:24,335 INFO [rev_util_helpfulness|paper_align|Qwen3-0.6B] step=112 epoch=0.4366

                                                 

 15%|█▍        | 112/771 [03:42<21:21,  1.94s/it]2026-09-20 16:18:25,004 INFO [rev_util_helpfulness|paper_align|Qwen3-0.6B] step=112 epoch=0.4366

                                                 

 15%|█▍        | 112/771 [03:42<21:21,  1.94s/it]
 15%|█▍        | 113/771 [03:43<21:50,  1.99s/it]2026-09-20 16:18:25,506 INFO [rev_util_helpfulness|paper_align|Qwen3-0.6B] step=113 epoch=0.4405

                                                 

 15%|█▍        | 113/771 [03:43<21:50,  1.99s/it]2026-09-20 16:18:25,973 INFO [rev_util_helpfulness|paper_align|Qwen3-0.6B] step=113 epoch=0.4405

                                                 

 15%|█▍        | 113/771 [03:43<21:50,  1.99s/it]2026-09-20 16:18:26,447 INFO [rev_util_helpfulness|paper_align|Qwen3-0.6B] step=113 epoch=0.4405

                                                 

 15%|█▍        | 113/771 [03:44<21:50,  1.99s/it]2026-09-20 16:18:26,918 INFO [rev_util_helpfulness|paper_align|Qwen3-0.6B] step=113 epoch=0.4405

                                                 

 15%|█▍        | 113/771 [03:44<21:50,  1.99s/it]
 15%|█▍        | 114/771 [03:44<21:33,  1.97s/it]2026-09-20 16:18:27,419 INFO [rev_util_helpfulness|paper_align|Qwen3-0.6B] step=114 epoch=0.4444

                                                 

 15%|█▍        | 114/771 [03:45<21:33,  1.97s/it]2026-09-20 16:18:27,883 INFO [rev_util_helpfulness|paper_align|Qwen3-0.6B] step=114 epoch=0.4444

                                                 

 15%|█▍        | 114/771 [03:45<21:33,  1.97s/it]2026-09-20 16:18:28,351 INFO [rev_util_helpfulness|paper_align|Qwen3-0.6B] step=114 epoch=0.4444

                                                 

 15%|█▍        | 114/771 [03:46<21:33,  1.97s/it]2026-09-20 16:18:28,814 INFO [rev_util_helpfulness|paper_align|Qwen3-0.6B] step=114 epoch=0.4444

                                                 

 15%|█▍        | 114/771 [03:46<21:33,  1.97s/it]
 15%|█▍        | 115/771 [03:46<21:17,  1.95s/it]2026-09-20 16:18:29,321 INFO [rev_util_helpfulness|paper_align|Qwen3-0.6B] step=115 epoch=0.4483

                                                 

 15%|█▍        | 115/771 [03:47<21:17,  1.95s/it]2026-09-20 16:18:29,791 INFO [rev_util_helpfulness|paper_align|Qwen3-0.6B] step=115 epoch=0.4483

                                                 

 15%|█▍        | 115/771 [03:47<21:17,  1.95s/it]2026-09-20 16:18:30,261 INFO [rev_util_helpfulness|paper_align|Qwen3-0.6B] step=115 epoch=0.4483

                                                 

 15%|█▍        | 115/771 [03:47<21:17,  1.95s/it]2026-09-20 16:18:30,732 INFO [rev_util_helpfulness|paper_align|Qwen3-0.6B] step=115 epoch=0.4483

                                                 

 15%|█▍        | 115/771 [03:48<21:17,  1.95s/it]
 15%|█▌        | 116/771 [03:48<21:10,  1.94s/it]2026-09-20 16:18:31,241 INFO [rev_util_helpfulness|paper_align|Qwen3-0.6B] step=116 epoch=0.4522

                                                 

 15%|█▌        | 116/771 [03:48<21:10,  1.94s/it]2026-09-20 16:18:31,711 INFO [rev_util_helpfulness|paper_align|Qwen3-0.6B] step=116 epoch=0.4522

                                                 

 15%|█▌        | 116/771 [03:49<21:10,  1.94s/it]2026-09-20 16:18:32,197 INFO [rev_util_helpfulness|paper_align|Qwen3-0.6B] step=116 epoch=0.4522

                                                 

 15%|█▌        | 116/771 [03:49<21:10,  1.94s/it]2026-09-20 16:18:32,676 INFO [rev_util_helpfulness|paper_align|Qwen3-0.6B] step=116 epoch=0.4522

                                                 

 15%|█▌        | 116/771 [03:50<21:10,  1.94s/it]
 15%|█▌        | 117/771 [03:50<21:09,  1.94s/it]2026-09-20 16:18:33,188 INFO [rev_util_helpfulness|paper_align|Qwen3-0.6B] step=117 epoch=0.4561

                                                 

 15%|█▌        | 117/771 [03:50<21:09,  1.94s/it]2026-09-20 16:18:33,660 INFO [rev_util_helpfulness|paper_align|Qwen3-0.6B] step=117 epoch=0.4561

                                                 

 15%|█▌        | 117/771 [03:51<21:09,  1.94s/it]2026-09-20 16:18:34,132 INFO [rev_util_helpfulness|paper_align|Qwen3-0.6B] step=117 epoch=0.4561

                                                 

 15%|█▌        | 117/771 [03:51<21:09,  1.94s/it]2026-09-20 16:18:34,795 INFO [rev_util_helpfulness|paper_align|Qwen3-0.6B] step=117 epoch=0.4561

                                                 

 15%|█▌        | 117/771 [03:52<21:09,  1.94s/it]
 15%|█▌        | 118/771 [03:52<21:43,  2.00s/it]2026-09-20 16:18:35,311 INFO [rev_util_helpfulness|paper_align|Qwen3-0.6B] step=118 epoch=0.4600

                                                 

 15%|█▌        | 118/771 [03:53<21:43,  2.00s/it]2026-09-20 16:18:35,778 INFO [rev_util_helpfulness|paper_align|Qwen3-0.6B] step=118 epoch=0.4600

                                                 

 15%|█▌        | 118/771 [03:53<21:43,  2.00s/it]2026-09-20 16:18:36,336 INFO [rev_util_helpfulness|paper_align|Qwen3-0.6B] step=118 epoch=0.4600

                                                 

 15%|█▌        | 118/771 [03:54<21:43,  2.00s/it]2026-09-20 16:18:36,820 INFO [rev_util_helpfulness|paper_align|Qwen3-0.6B] step=118 epoch=0.4600

                                                 

 15%|█▌        | 118/771 [03:54<21:43,  2.00s/it]
 15%|█▌        | 119/771 [03:54<21:46,  2.00s/it]2026-09-20 16:18:37,337 INFO [rev_util_helpfulness|paper_align|Qwen3-0.6B] step=119 epoch=0.4639

                                                 

 15%|█▌        | 119/771 [03:55<21:46,  2.00s/it]2026-09-20 16:18:37,807 INFO [rev_util_helpfulness|paper_align|Qwen3-0.6B] step=119 epoch=0.4639

                                                 

 15%|█▌        | 119/771 [03:55<21:46,  2.00s/it]2026-09-20 16:18:38,277 INFO [rev_util_helpfulness|paper_align|Qwen3-0.6B] step=119 epoch=0.4639

                                                 

 15%|█▌        | 119/771 [03:55<21:46,  2.00s/it]2026-09-20 16:18:38,737 INFO [rev_util_helpfulness|paper_align|Qwen3-0.6B] step=119 epoch=0.4639

                                                 

 15%|█▌        | 119/771 [03:56<21:46,  2.00s/it]
 16%|█▌        | 120/771 [03:56<21:27,  1.98s/it]2026-09-20 16:18:39,073 INFO [rev_util_helpfulness|paper_align|Qwen3-0.6B] step=120 loss=0.8131 learning_rate=0.0001 epoch=0.4678

                                                 

 16%|█▌        | 120/771 [03:56<21:27,  1.98s/it]2026-09-20 16:18:39,252 INFO [rev_util_helpfulness|paper_align|Qwen3-0.6B] step=120 epoch=0.4678

                                                 

 16%|█▌        | 120/771 [03:56<21:27,  1.98s/it]2026-09-20 16:18:39,723 INFO [rev_util_helpfulness|paper_align|Qwen3-0.6B] step=120 epoch=0.4678

                                                 

 16%|█▌        | 120/771 [03:57<21:27,  1.98s/it]2026-09-20 16:18:40,198 INFO [rev_util_helpfulness|paper_align|Qwen3-0.6B] step=120 epoch=0.4678

                                                 

 16%|█▌        | 120/771 [03:57<21:27,  1.98s/it]2026-09-20 16:18:40,665 INFO [rev_util_helpfulness|paper_align|Qwen3-0.6B] step=120 epoch=0.4678

                                                 

 16%|█▌        | 120/771 [03:58<21:27,  1.98s/it]
 16%|█▌        | 121/771 [03:58<21:12,  1.96s/it]2026-09-20 16:18:41,161 INFO [rev_util_helpfulness|paper_align|Qwen3-0.6B] step=121 epoch=0.4717

                                                 

 16%|█▌        | 121/771 [03:58<21:12,  1.96s/it]2026-09-20 16:18:41,637 INFO [rev_util_helpfulness|paper_align|Qwen3-0.6B] step=121 epoch=0.4717

                                                 

 16%|█▌        | 121/771 [03:59<21:12,  1.96s/it]2026-09-20 16:18:42,119 INFO [rev_util_helpfulness|paper_align|Qwen3-0.6B] step=121 epoch=0.4717

                                                 

 16%|█▌        | 121/771 [03:59<21:12,  1.96s/it]2026-09-20 16:18:42,600 INFO [rev_util_helpfulness|paper_align|Qwen3-0.6B] step=121 epoch=0.4717

                                                 

 16%|█▌        | 121/771 [04:00<21:12,  1.96s/it]
 16%|█▌        | 122/771 [04:00<21:08,  1.95s/it]2026-09-20 16:18:43,113 INFO [rev_util_helpfulness|paper_align|Qwen3-0.6B] step=122 epoch=0.4756

                                                 

 16%|█▌        | 122/771 [04:00<21:08,  1.95s/it]2026-09-20 16:18:43,581 INFO [rev_util_helpfulness|paper_align|Qwen3-0.6B] step=122 epoch=0.4756

                                                 

 16%|█▌        | 122/771 [04:01<21:08,  1.95s/it]2026-09-20 16:18:44,061 INFO [rev_util_helpfulness|paper_align|Qwen3-0.6B] step=122 epoch=0.4756

                                                 

 16%|█▌        | 122/771 [04:01<21:08,  1.95s/it]2026-09-20 16:18:44,542 INFO [rev_util_helpfulness|paper_align|Qwen3-0.6B] step=122 epoch=0.4756

                                                 

 16%|█▌        | 122/771 [04:02<21:08,  1.95s/it]
 16%|█▌        | 123/771 [04:02<21:03,  1.95s/it]2026-09-20 16:18:45,249 INFO [rev_util_helpfulness|paper_align|Qwen3-0.6B] step=123 epoch=0.4795

                                                 

 16%|█▌        | 123/771 [04:02<21:03,  1.95s/it]2026-09-20 16:18:45,725 INFO [rev_util_helpfulness|paper_align|Qwen3-0.6B] step=123 epoch=0.4795

                                                 

 16%|█▌        | 123/771 [04:03<21:03,  1.95s/it]2026-09-20 16:18:46,197 INFO [rev_util_helpfulness|paper_align|Qwen3-0.6B] step=123 epoch=0.4795

                                                 

 16%|█▌        | 123/771 [04:03<21:03,  1.95s/it]2026-09-20 16:18:46,675 INFO [rev_util_helpfulness|paper_align|Qwen3-0.6B] step=123 epoch=0.4795

                                                 

 16%|█▌        | 123/771 [04:04<21:03,  1.95s/it]
 16%|█▌        | 124/771 [04:04<21:36,  2.00s/it]2026-09-20 16:18:47,176 INFO [rev_util_helpfulness|paper_align|Qwen3-0.6B] step=124 epoch=0.4834

                                                 

 16%|█▌        | 124/771 [04:04<21:36,  2.00s/it]2026-09-20 16:18:47,652 INFO [rev_util_helpfulness|paper_align|Qwen3-0.6B] step=124 epoch=0.4834

                                                 

 16%|█▌        | 124/771 [04:05<21:36,  2.00s/it]2026-09-20 16:18:48,134 INFO [rev_util_helpfulness|paper_align|Qwen3-0.6B] step=124 epoch=0.4834

                                                 

 16%|█▌        | 124/771 [04:05<21:36,  2.00s/it]2026-09-20 16:18:48,613 INFO [rev_util_helpfulness|paper_align|Qwen3-0.6B] step=124 epoch=0.4834

                                                 

 16%|█▌        | 124/771 [04:06<21:36,  2.00s/it]
 16%|█▌        | 125/771 [04:06<21:23,  1.99s/it]2026-09-20 16:18:49,124 INFO [rev_util_helpfulness|paper_align|Qwen3-0.6B] step=125 epoch=0.4873

                                                 

 16%|█▌        | 125/771 [04:06<21:23,  1.99s/it]2026-09-20 16:18:49,600 INFO [rev_util_helpfulness|paper_align|Qwen3-0.6B] step=125 epoch=0.4873

                                                 

 16%|█▌        | 125/771 [04:07<21:23,  1.99s/it]2026-09-20 16:18:50,073 INFO [rev_util_helpfulness|paper_align|Qwen3-0.6B] step=125 epoch=0.4873

                                                 

 16%|█▌        | 125/771 [04:07<21:23,  1.99s/it]2026-09-20 16:18:50,553 INFO [rev_util_helpfulness|paper_align|Qwen3-0.6B] step=125 epoch=0.4873

                                                 

 16%|█▌        | 125/771 [04:08<21:23,  1.99s/it]
 16%|█▋        | 126/771 [04:08<21:13,  1.98s/it]2026-09-20 16:18:51,075 INFO [rev_util_helpfulness|paper_align|Qwen3-0.6B] step=126 epoch=0.4912

                                                 

 16%|█▋        | 126/771 [04:08<21:13,  1.98s/it]2026-09-20 16:18:51,538 INFO [rev_util_helpfulness|paper_align|Qwen3-0.6B] step=126 epoch=0.4912

                                                 

 16%|█▋        | 126/771 [04:09<21:13,  1.98s/it]2026-09-20 16:18:52,023 INFO [rev_util_helpfulness|paper_align|Qwen3-0.6B] step=126 epoch=0.4912

                                                 

 16%|█▋        | 126/771 [04:09<21:13,  1.98s/it]2026-09-20 16:18:52,496 INFO [rev_util_helpfulness|paper_align|Qwen3-0.6B] step=126 epoch=0.4912

                                                 

 16%|█▋        | 126/771 [04:10<21:13,  1.98s/it]
 16%|█▋        | 127/771 [04:10<21:04,  1.96s/it]2026-09-20 16:18:52,999 INFO [rev_util_helpfulness|paper_align|Qwen3-0.6B] step=127 epoch=0.4951

                                                 

 16%|█▋        | 127/771 [04:10<21:04,  1.96s/it]2026-09-20 16:18:53,462 INFO [rev_util_helpfulness|paper_align|Qwen3-0.6B] step=127 epoch=0.4951

                                                 

 16%|█▋        | 127/771 [04:11<21:04,  1.96s/it]2026-09-20 16:18:53,932 INFO [rev_util_helpfulness|paper_align|Qwen3-0.6B] step=127 epoch=0.4951

                                                 

 16%|█▋        | 127/771 [04:11<21:04,  1.96s/it]2026-09-20 16:18:54,407 INFO [rev_util_helpfulness|paper_align|Qwen3-0.6B] step=127 epoch=0.4951

                                                 

 16%|█▋        | 127/771 [04:12<21:04,  1.96s/it]
 17%|█▋        | 128/771 [04:12<20:50,  1.95s/it]2026-09-20 16:18:55,144 INFO [rev_util_helpfulness|paper_align|Qwen3-0.6B] step=128 epoch=0.4990

                                                 

 17%|█▋        | 128/771 [04:12<20:50,  1.95s/it]2026-09-20 16:18:55,607 INFO [rev_util_helpfulness|paper_align|Qwen3-0.6B] step=128 epoch=0.4990

                                                 

 17%|█▋        | 128/771 [04:13<20:50,  1.95s/it]2026-09-20 16:18:56,095 INFO [rev_util_helpfulness|paper_align|Qwen3-0.6B] step=128 epoch=0.4990

                                                 
{'paper_align_label_loss': '0.07993', 'paper_align_reason_loss': '0.2924', 'epoch': '0.4172'}
{'paper_align_label_loss': '0.05869', 'paper_align_reason_loss': '0.3893', 'epoch': '0.4172'}
{'paper_align_label_loss': '0.07692', 'paper_align_reason_loss': '0.312', 'epoch': '0.4172'}
{'paper_align_label_loss': '0.1206', 'paper_align_reason_loss': '0.3424', 'epoch': '0.4211'}
{'paper_align_label_loss': '0.06258', 'paper_align_reason_loss': '0.3791', 'epoch': '0.4211'}
{'paper_align_label_loss': '0.0791', 'paper_align_reason_loss': '0.2298', 'epoch': '0.4211'}
{'paper_align_label_loss': '0.06213', 'paper_align_reason_loss': '0.2323', 'epoch': '0.4211'}
{'paper_align_label_loss': '0.0275', 'paper_align_reason_loss': '0.2135', 'epoch': '0.425'}
{'paper_align_label_loss': '0.1004', 'paper_align_reason_loss': '0.3211', 'epoch': '0.425'}
{'paper_align_label_loss': '0.08226', 'paper_align_reason_loss': '0.3538', 'epoch': '0.425'}
{'paper_align_label_loss': '0.07332', 'paper_align_reason_loss': '0.2617', 'epoch': '0.425'}
{'loss': '0.8392', 'grad_norm': '4.844', 'learning_rate': '9.684e-05', 'epoch': '0.4288'}
{'paper_align_label_loss': '0.04796', 'paper_align_reason_loss': '0.3013', 'epoch': '0.4288'}
{'paper_align_label_loss': '0.08041', 'paper_align_reason_loss': '0.3035', 'epoch': '0.4288'}
{'paper_align_label_loss': '0.1662', 'paper_align_reason_loss': '0.3409', 'epoch': '0.4288'}
{'paper_align_label_loss': '0.1431', 'paper_align_reason_loss': '0.361', 'epoch': '0.4288'}
{'paper_align_label_loss': '0.1166', 'paper_align_reason_loss': '0.2521', 'epoch': '0.4327'}
{'paper_align_label_loss': '0.07797', 'paper_align_reason_loss': '0.3516', 'epoch': '0.4327'}
{'paper_align_label_loss': '0.07382', 'paper_align_reason_loss': '0.2845', 'epoch': '0.4327'}
{'paper_align_label_loss': '0.1053', 'paper_align_reason_loss': '0.2476', 'epoch': '0.4327'}
{'paper_align_label_loss': '0.07826', 'paper_align_reason_loss': '0.2609', 'epoch': '0.4366'}
{'paper_align_label_loss': '0.1086', 'paper_align_reason_loss': '0.3505', 'epoch': '0.4366'}
{'paper_align_label_loss': '0.1119', 'paper_align_reason_loss': '0.3155', 'epoch': '0.4366'}
{'paper_align_label_loss': '0.06403', 'paper_align_reason_loss': '0.428', 'epoch': '0.4366'}
{'paper_align_label_loss': '0.1574', 'paper_align_reason_loss': '0.3434', 'epoch': '0.4405'}
{'paper_align_label_loss': '0.04353', 'paper_align_reason_loss': '0.2773', 'epoch': '0.4405'}
{'paper_align_label_loss': '0.1199', 'paper_align_reason_loss': '0.376', 'epoch': '0.4405'}
{'paper_align_label_loss': '0.04463', 'paper_align_reason_loss': '0.3169', 'epoch': '0.4405'}
{'paper_align_label_loss': '0.05437', 'paper_align_reason_loss': '0.1679', 'epoch': '0.4444'}
{'paper_align_label_loss': '0.1461', 'paper_align_reason_loss': '0.2464', 'epoch': '0.4444'}
{'paper_align_label_loss': '0.2325', 'paper_align_reason_loss': '0.4011', 'epoch': '0.4444'}
{'paper_align_label_loss': '0.03339', 'paper_align_reason_loss': '0.2203', 'epoch': '0.4444'}
{'paper_align_label_loss': '0.03849', 'paper_align_reason_loss': '0.3648', 'epoch': '0.4483'}
{'paper_align_label_loss': '0.03966', 'paper_align_reason_loss': '0.3376', 'epoch': '0.4483'}
{'paper_align_label_loss': '0.2016', 'paper_align_reason_loss': '0.4043', 'epoch': '0.4483'}
{'paper_align_label_loss': '0.1074', 'paper_align_reason_loss': '0.283', 'epoch': '0.4483'}
{'paper_align_label_loss': '0.09323', 'paper_align_reason_loss': '0.3143', 'epoch': '0.4522'}
{'paper_align_label_loss': '0.3155', 'paper_align_reason_loss': '0.3833', 'epoch': '0.4522'}
{'paper_align_label_loss': '0.0809', 'paper_align_reason_loss': '0.351', 'epoch': '0.4522'}
{'paper_align_label_loss': '0.1074', 'paper_align_reason_loss': '0.2142', 'epoch': '0.4522'}
{'paper_align_label_loss': '0.03739', 'paper_align_reason_loss': '0.2409', 'epoch': '0.4561'}
{'paper_align_label_loss': '0.01261', 'paper_align_reason_loss': '0.1898', 'epoch': '0.4561'}
{'paper_align_label_loss': '0.06409', 'paper_align_reason_loss': '0.4067', 'epoch': '0.4561'}
{'paper_align_label_loss': '0.08838', 'paper_align_reason_loss': '0.2805', 'epoch': '0.4561'}
{'paper_align_label_loss': '0.09499', 'paper_align_reason_loss': '0.3636', 'epoch': '0.46'}
{'paper_align_label_loss': '0.04468', 'paper_align_reason_loss': '0.3112', 'epoch': '0.46'}
{'paper_align_label_loss': '0.08078', 'paper_align_reason_loss': '0.2634', 'epoch': '0.46'}
{'paper_align_label_loss': '0.04029', 'paper_align_reason_loss': '0.3629', 'epoch': '0.46'}
{'paper_align_label_loss': '0.0193', 'paper_align_reason_loss': '0.4662', 'epoch': '0.4639'}
{'paper_align_label_loss': '0.05935', 'paper_align_reason_loss': '0.2817', 'epoch': '0.4639'}
{'paper_align_label_loss': '0.03485', 'paper_align_reason_loss': '0.2492', 'epoch': '0.4639'}
{'paper_align_label_loss': '0.171', 'paper_align_reason_loss': '0.3084', 'epoch': '0.4639'}
{'loss': '0.8131', 'grad_norm': '5.245', 'learning_rate': '9.606e-05', 'epoch': '0.4678'}
{'paper_align_label_loss': '0.06674', 'paper_align_reason_loss': '0.262', 'epoch': '0.4678'}
{'paper_align_label_loss': '0.08249', 'paper_align_reason_loss': '0.2674', 'epoch': '0.4678'}
{'paper_align_label_loss': '0.1274', 'paper_align_reason_loss': '0.5347', 'epoch': '0.4678'}
{'paper_align_label_loss': '0.1113', 'paper_align_reason_loss': '0.2819', 'epoch': '0.4678'}
{'paper_align_label_loss': '0.4021', 'paper_align_reason_loss': '0.3795', 'epoch': '0.4717'}
{'paper_align_label_loss': '0.1278', 'paper_align_reason_loss': '0.3359', 'epoch': '0.4717'}
{'paper_align_label_loss': '0.07779', 'paper_align_reason_loss': '0.3088', 'epoch': '0.4717'}
{'paper_align_label_loss': '0.0396', 'paper_align_reason_loss': '0.3286', 'epoch': '0.4717'}
{'paper_align_label_loss': '0.07113', 'paper_align_reason_loss': '0.2892', 'epoch': '0.4756'}
{'paper_align_label_loss': '0.1363', 'paper_align_reason_loss': '0.2352', 'epoch': '0.4756'}
{'paper_align_label_loss': '0.05884', 'paper_align_reason_loss': '0.2802', 'epoch': '0.4756'}
{'paper_align_label_loss': '0.113', 'paper_align_reason_loss': '0.2655', 'epoch': '0.4756'}
{'paper_align_label_loss': '0.108', 'paper_align_reason_loss': '0.3318', 'epoch': '0.4795'}
{'paper_align_label_loss': '0.08592', 'paper_align_reason_loss': '0.2301', 'epoch': '0.4795'}
{'paper_align_label_loss': '0.04728', 'paper_align_reason_loss': '0.2581', 'epoch': '0.4795'}
{'paper_align_label_loss': '0.0456', 'paper_align_reason_loss': '0.2273', 'epoch': '0.4795'}
{'paper_align_label_loss': '0.017', 'paper_align_reason_loss': '0.2021', 'epoch': '0.4834'}
{'paper_align_label_loss': '0.07439', 'paper_align_reason_loss': '0.2443', 'epoch': '0.4834'}
{'paper_align_label_loss': '0.4323', 'paper_align_reason_loss': '0.2758', 'epoch': '0.4834'}
{'paper_align_label_loss': '0.06145', 'paper_align_reason_loss': '0.3801', 'epoch': '0.4834'}
{'paper_align_label_loss': '0.1485', 'paper_align_reason_loss': '0.2984', 'epoch': '0.4873'}
{'paper_align_label_loss': '0.4702', 'paper_align_reason_loss': '0.3902', 'epoch': '0.4873'}
{'paper_align_label_loss': '0.1258', 'paper_align_reason_loss': '0.3631', 'epoch': '0.4873'}
{'paper_align_label_loss': '0.1781', 'paper_align_reason_loss': '0.337', 'epoch': '0.4873'}
{'paper_align_label_loss': '0.09661', 'paper_align_reason_loss': '0.3085', 'epoch': '0.4912'}
{'paper_align_label_loss': '0.05481', 'paper_align_reason_loss': '0.2431', 'epoch': '0.4912'}
{'paper_align_label_loss': '0.08823', 'paper_align_reason_loss': '0.28', 'epoch': '0.4912'}
{'paper_align_label_loss': '0.06313', 'paper_align_reason_loss': '0.289', 'epoch': '0.4912'}
{'paper_align_label_loss': '0.07747', 'paper_align_reason_loss': '0.2962', 'epoch': '0.4951'}
{'paper_align_label_loss': '0.1605', 'paper_align_reason_loss': '0.1753', 'epoch': '0.4951'}
{'paper_align_label_loss': '0.07054', 'paper_align_reason_loss': '0.2965', 'epoch': '0.4951'}
{'paper_align_label_loss': '0.1801', 'paper_align_reason_loss': '0.4358', 'epoch': '0.4951'}
{'paper_align_label_loss': '0.1288', 'paper_align_reason_loss': '0.2448', 'epoch': '0.499'}
{'paper_align_label_loss': '0.1126', 'paper_align_reason_loss': '0.312', 'epoch': '0.499'}
{'paper_align_label_loss': '0.08708', 'paper_align_reason_loss': '0.3533', 'epoch': '0.499'}
 17%|█▋        | 128/771 [04:13<20:50,  1.95s/it]2026-09-20 16:18:56,574 INFO [rev_util_helpfulness|paper_align|Qwen3-0.6B] step=128 epoch=0.4990

                                                 

 17%|█▋        | 128/771 [04:14<20:50,  1.95s/it]
 17%|█▋        | 129/771 [04:14<21:30,  2.01s/it]2026-09-20 16:18:57,063 INFO [rev_util_helpfulness|paper_align|Qwen3-0.6B] step=129 epoch=0.5029

                                                 

 17%|█▋        | 129/771 [04:14<21:30,  2.01s/it]2026-09-20 16:18:57,534 INFO [rev_util_helpfulness|paper_align|Qwen3-0.6B] step=129 epoch=0.5029

                                                 

 17%|█▋        | 129/771 [04:15<21:30,  2.01s/it]2026-09-20 16:18:57,999 INFO [rev_util_helpfulness|paper_align|Qwen3-0.6B] step=129 epoch=0.5029

                                                 

 17%|█▋        | 129/771 [04:15<21:30,  2.01s/it]2026-09-20 16:18:58,474 INFO [rev_util_helpfulness|paper_align|Qwen3-0.6B] step=129 epoch=0.5029

                                                 

 17%|█▋        | 129/771 [04:16<21:30,  2.01s/it]
 17%|█▋        | 130/771 [04:16<21:09,  1.98s/it]2026-09-20 16:18:58,805 INFO [rev_util_helpfulness|paper_align|Qwen3-0.6B] step=130 loss=0.8250 learning_rate=0.0001 epoch=0.5068

                                                 

 17%|█▋        | 130/771 [04:16<21:09,  1.98s/it]2026-09-20 16:18:58,984 INFO [rev_util_helpfulness|paper_align|Qwen3-0.6B] step=130 epoch=0.5068

                                                 

 17%|█▋        | 130/771 [04:16<21:09,  1.98s/it]2026-09-20 16:18:59,455 INFO [rev_util_helpfulness|paper_align|Qwen3-0.6B] step=130 epoch=0.5068

                                                 

 17%|█▋        | 130/771 [04:17<21:09,  1.98s/it]2026-09-20 16:18:59,923 INFO [rev_util_helpfulness|paper_align|Qwen3-0.6B] step=130 epoch=0.5068

                                                 

 17%|█▋        | 130/771 [04:17<21:09,  1.98s/it]2026-09-20 16:19:00,394 INFO [rev_util_helpfulness|paper_align|Qwen3-0.6B] step=130 epoch=0.5068

                                                 

 17%|█▋        | 130/771 [04:18<21:09,  1.98s/it]
 17%|█▋        | 131/771 [04:18<20:53,  1.96s/it]2026-09-20 16:19:00,893 INFO [rev_util_helpfulness|paper_align|Qwen3-0.6B] step=131 epoch=0.5107

                                                 

 17%|█▋        | 131/771 [04:18<20:53,  1.96s/it]2026-09-20 16:19:01,365 INFO [rev_util_helpfulness|paper_align|Qwen3-0.6B] step=131 epoch=0.5107

                                                 

 17%|█▋        | 131/771 [04:19<20:53,  1.96s/it]2026-09-20 16:19:01,838 INFO [rev_util_helpfulness|paper_align|Qwen3-0.6B] step=131 epoch=0.5107

                                                 

 17%|█▋        | 131/771 [04:19<20:53,  1.96s/it]2026-09-20 16:19:02,305 INFO [rev_util_helpfulness|paper_align|Qwen3-0.6B] step=131 epoch=0.5107

                                                 

 17%|█▋        | 131/771 [04:20<20:53,  1.96s/it]
 17%|█▋        | 132/771 [04:20<20:43,  1.95s/it]2026-09-20 16:19:02,809 INFO [rev_util_helpfulness|paper_align|Qwen3-0.6B] step=132 epoch=0.5146

                                                 

 17%|█▋        | 132/771 [04:20<20:43,  1.95s/it]2026-09-20 16:19:03,263 INFO [rev_util_helpfulness|paper_align|Qwen3-0.6B] step=132 epoch=0.5146

                                                 

 17%|█▋        | 132/771 [04:20<20:43,  1.95s/it]2026-09-20 16:19:03,741 INFO [rev_util_helpfulness|paper_align|Qwen3-0.6B] step=132 epoch=0.5146

                                                 

 17%|█▋        | 132/771 [04:21<20:43,  1.95s/it]2026-09-20 16:19:04,213 INFO [rev_util_helpfulness|paper_align|Qwen3-0.6B] step=132 epoch=0.5146

                                                 

 17%|█▋        | 132/771 [04:21<20:43,  1.95s/it]
 17%|█▋        | 133/771 [04:22<20:34,  1.93s/it]2026-09-20 16:19:04,914 INFO [rev_util_helpfulness|paper_align|Qwen3-0.6B] step=133 epoch=0.5185

                                                 

 17%|█▋        | 133/771 [04:22<20:34,  1.93s/it]2026-09-20 16:19:05,388 INFO [rev_util_helpfulness|paper_align|Qwen3-0.6B] step=133 epoch=0.5185

                                                 

 17%|█▋        | 133/771 [04:23<20:34,  1.93s/it]2026-09-20 16:19:05,855 INFO [rev_util_helpfulness|paper_align|Qwen3-0.6B] step=133 epoch=0.5185

                                                 

 17%|█▋        | 133/771 [04:23<20:34,  1.93s/it]2026-09-20 16:19:06,320 INFO [rev_util_helpfulness|paper_align|Qwen3-0.6B] step=133 epoch=0.5185

                                                 

 17%|█▋        | 133/771 [04:24<20:34,  1.93s/it]
 17%|█▋        | 134/771 [04:24<21:05,  1.99s/it]2026-09-20 16:19:06,823 INFO [rev_util_helpfulness|paper_align|Qwen3-0.6B] step=134 epoch=0.5224

                                                 

 17%|█▋        | 134/771 [04:24<21:05,  1.99s/it]2026-09-20 16:19:07,298 INFO [rev_util_helpfulness|paper_align|Qwen3-0.6B] step=134 epoch=0.5224

                                                 

 17%|█▋        | 134/771 [04:25<21:05,  1.99s/it]2026-09-20 16:19:07,773 INFO [rev_util_helpfulness|paper_align|Qwen3-0.6B] step=134 epoch=0.5224

                                                 

 17%|█▋        | 134/771 [04:25<21:05,  1.99s/it]2026-09-20 16:19:08,240 INFO [rev_util_helpfulness|paper_align|Qwen3-0.6B] step=134 epoch=0.5224

                                                 

 17%|█▋        | 134/771 [04:25<21:05,  1.99s/it]
 18%|█▊        | 135/771 [04:26<20:51,  1.97s/it]2026-09-20 16:19:08,745 INFO [rev_util_helpfulness|paper_align|Qwen3-0.6B] step=135 epoch=0.5263

                                                 

 18%|█▊        | 135/771 [04:26<20:51,  1.97s/it]2026-09-20 16:19:09,203 INFO [rev_util_helpfulness|paper_align|Qwen3-0.6B] step=135 epoch=0.5263

                                                 

 18%|█▊        | 135/771 [04:26<20:51,  1.97s/it]2026-09-20 16:19:09,681 INFO [rev_util_helpfulness|paper_align|Qwen3-0.6B] step=135 epoch=0.5263

                                                 

 18%|█▊        | 135/771 [04:27<20:51,  1.97s/it]2026-09-20 16:19:10,159 INFO [rev_util_helpfulness|paper_align|Qwen3-0.6B] step=135 epoch=0.5263

                                                 

 18%|█▊        | 135/771 [04:27<20:51,  1.97s/it]
 18%|█▊        | 136/771 [04:28<20:39,  1.95s/it]2026-09-20 16:19:10,663 INFO [rev_util_helpfulness|paper_align|Qwen3-0.6B] step=136 epoch=0.5302

                                                 

 18%|█▊        | 136/771 [04:28<20:39,  1.95s/it]2026-09-20 16:19:11,130 INFO [rev_util_helpfulness|paper_align|Qwen3-0.6B] step=136 epoch=0.5302

                                                 

 18%|█▊        | 136/771 [04:28<20:39,  1.95s/it]2026-09-20 16:19:11,598 INFO [rev_util_helpfulness|paper_align|Qwen3-0.6B] step=136 epoch=0.5302

                                                 

 18%|█▊        | 136/771 [04:29<20:39,  1.95s/it]2026-09-20 16:19:12,075 INFO [rev_util_helpfulness|paper_align|Qwen3-0.6B] step=136 epoch=0.5302

                                                 

 18%|█▊        | 136/771 [04:29<20:39,  1.95s/it]
 18%|█▊        | 137/771 [04:30<20:32,  1.94s/it]2026-09-20 16:19:12,587 INFO [rev_util_helpfulness|paper_align|Qwen3-0.6B] step=137 epoch=0.5341

                                                 

 18%|█▊        | 137/771 [04:30<20:32,  1.94s/it]2026-09-20 16:19:13,052 INFO [rev_util_helpfulness|paper_align|Qwen3-0.6B] step=137 epoch=0.5341

                                                 

 18%|█▊        | 137/771 [04:30<20:32,  1.94s/it]2026-09-20 16:19:13,545 INFO [rev_util_helpfulness|paper_align|Qwen3-0.6B] step=137 epoch=0.5341

                                                 

 18%|█▊        | 137/771 [04:31<20:32,  1.94s/it]2026-09-20 16:19:14,017 INFO [rev_util_helpfulness|paper_align|Qwen3-0.6B] step=137 epoch=0.5341

                                                 

 18%|█▊        | 137/771 [04:31<20:32,  1.94s/it]
 18%|█▊        | 138/771 [04:32<20:28,  1.94s/it]2026-09-20 16:19:14,536 INFO [rev_util_helpfulness|paper_align|Qwen3-0.6B] step=138 epoch=0.5380

                                                 

 18%|█▊        | 138/771 [04:32<20:28,  1.94s/it]2026-09-20 16:19:15,004 INFO [rev_util_helpfulness|paper_align|Qwen3-0.6B] step=138 epoch=0.5380

                                                 

 18%|█▊        | 138/771 [04:32<20:28,  1.94s/it]2026-09-20 16:19:15,673 INFO [rev_util_helpfulness|paper_align|Qwen3-0.6B] step=138 epoch=0.5380

                                                 

 18%|█▊        | 138/771 [04:33<20:28,  1.94s/it]2026-09-20 16:19:16,147 INFO [rev_util_helpfulness|paper_align|Qwen3-0.6B] step=138 epoch=0.5380

                                                 

 18%|█▊        | 138/771 [04:33<20:28,  1.94s/it]
 18%|█▊        | 139/771 [04:34<21:03,  2.00s/it]2026-09-20 16:19:16,652 INFO [rev_util_helpfulness|paper_align|Qwen3-0.6B] step=139 epoch=0.5419

                                                 

 18%|█▊        | 139/771 [04:34<21:03,  2.00s/it]2026-09-20 16:19:17,124 INFO [rev_util_helpfulness|paper_align|Qwen3-0.6B] step=139 epoch=0.5419

                                                 

 18%|█▊        | 139/771 [04:34<21:03,  2.00s/it]2026-09-20 16:19:17,597 INFO [rev_util_helpfulness|paper_align|Qwen3-0.6B] step=139 epoch=0.5419

                                                 

 18%|█▊        | 139/771 [04:35<21:03,  2.00s/it]2026-09-20 16:19:18,075 INFO [rev_util_helpfulness|paper_align|Qwen3-0.6B] step=139 epoch=0.5419

                                                 

 18%|█▊        | 139/771 [04:35<21:03,  2.00s/it]
 18%|█▊        | 140/771 [04:36<20:47,  1.98s/it]2026-09-20 16:19:18,401 INFO [rev_util_helpfulness|paper_align|Qwen3-0.6B] step=140 loss=0.7734 learning_rate=0.0001 epoch=0.5458

                                                 

 18%|█▊        | 140/771 [04:36<20:47,  1.98s/it]2026-09-20 16:19:18,583 INFO [rev_util_helpfulness|paper_align|Qwen3-0.6B] step=140 epoch=0.5458

                                                 

 18%|█▊        | 140/771 [04:36<20:47,  1.98s/it]2026-09-20 16:19:19,055 INFO [rev_util_helpfulness|paper_align|Qwen3-0.6B] step=140 epoch=0.5458

                                                 

 18%|█▊        | 140/771 [04:36<20:47,  1.98s/it]2026-09-20 16:19:19,525 INFO [rev_util_helpfulness|paper_align|Qwen3-0.6B] step=140 epoch=0.5458

                                                 

 18%|█▊        | 140/771 [04:37<20:47,  1.98s/it]2026-09-20 16:19:20,017 INFO [rev_util_helpfulness|paper_align|Qwen3-0.6B] step=140 epoch=0.5458

                                                 

 18%|█▊        | 140/771 [04:37<20:47,  1.98s/it]
 18%|█▊        | 141/771 [04:38<20:40,  1.97s/it]2026-09-20 16:19:20,532 INFO [rev_util_helpfulness|paper_align|Qwen3-0.6B] step=141 epoch=0.5497

                                                 

 18%|█▊        | 141/771 [04:38<20:40,  1.97s/it]2026-09-20 16:19:21,004 INFO [rev_util_helpfulness|paper_align|Qwen3-0.6B] step=141 epoch=0.5497

                                                 

 18%|█▊        | 141/771 [04:38<20:40,  1.97s/it]2026-09-20 16:19:21,492 INFO [rev_util_helpfulness|paper_align|Qwen3-0.6B] step=141 epoch=0.5497

                                                 

 18%|█▊        | 141/771 [04:39<20:40,  1.97s/it]2026-09-20 16:19:21,970 INFO [rev_util_helpfulness|paper_align|Qwen3-0.6B] step=141 epoch=0.5497

                                                 

 18%|█▊        | 141/771 [04:39<20:40,  1.97s/it]
 18%|█▊        | 142/771 [04:40<20:33,  1.96s/it]2026-09-20 16:19:22,474 INFO [rev_util_helpfulness|paper_align|Qwen3-0.6B] step=142 epoch=0.5536

                                                 

 18%|█▊        | 142/771 [04:40<20:33,  1.96s/it]2026-09-20 16:19:22,941 INFO [rev_util_helpfulness|paper_align|Qwen3-0.6B] step=142 epoch=0.5536

                                                 

 18%|█▊        | 142/771 [04:40<20:33,  1.96s/it]2026-09-20 16:19:23,427 INFO [rev_util_helpfulness|paper_align|Qwen3-0.6B] step=142 epoch=0.5536

                                                 

 18%|█▊        | 142/771 [04:41<20:33,  1.96s/it]2026-09-20 16:19:23,908 INFO [rev_util_helpfulness|paper_align|Qwen3-0.6B] step=142 epoch=0.5536

                                                 

 18%|█▊        | 142/771 [04:41<20:33,  1.96s/it]
 19%|█▊        | 143/771 [04:41<20:28,  1.96s/it]2026-09-20 16:19:24,430 INFO [rev_util_helpfulness|paper_align|Qwen3-0.6B] step=143 epoch=0.5575

                                                 

 19%|█▊        | 143/771 [04:42<20:28,  1.96s/it]2026-09-20 16:19:24,898 INFO [rev_util_helpfulness|paper_align|Qwen3-0.6B] step=143 epoch=0.5575

                                                 

 19%|█▊        | 143/771 [04:42<20:28,  1.96s/it]2026-09-20 16:19:25,568 INFO [rev_util_helpfulness|paper_align|Qwen3-0.6B] step=143 epoch=0.5575

                                                 

 19%|█▊        | 143/771 [04:43<20:28,  1.96s/it]2026-09-20 16:19:26,042 INFO [rev_util_helpfulness|paper_align|Qwen3-0.6B] step=143 epoch=0.5575

                                                 

 19%|█▊        | 143/771 [04:43<20:28,  1.96s/it]
 19%|█▊        | 144/771 [04:44<20:57,  2.01s/it]2026-09-20 16:19:26,540 INFO [rev_util_helpfulness|paper_align|Qwen3-0.6B] step=144 epoch=0.5614

                                                 

 19%|█▊        | 144/771 [04:44<20:57,  2.01s/it]2026-09-20 16:19:27,005 INFO [rev_util_helpfulness|paper_align|Qwen3-0.6B] step=144 epoch=0.5614

                                                 

 19%|█▊        | 144/771 [04:44<20:57,  2.01s/it]2026-09-20 16:19:27,506 INFO [rev_util_helpfulness|paper_align|Qwen3-0.6B] step=144 epoch=0.5614

                                                 

 19%|█▊        | 144/771 [04:45<20:57,  2.01s/it]2026-09-20 16:19:27,976 INFO [rev_util_helpfulness|paper_align|Qwen3-0.6B] step=144 epoch=0.5614

                                                 

 19%|█▊        | 144/771 [04:45<20:57,  2.01s/it]
 19%|█▉        | 145/771 [04:46<20:43,  1.99s/it]2026-09-20 16:19:28,476 INFO [rev_util_helpfulness|paper_align|Qwen3-0.6B] step=145 epoch=0.5653

                                                 

 19%|█▉        | 145/771 [04:46<20:43,  1.99s/it]2026-09-20 16:19:28,945 INFO [rev_util_helpfulness|paper_align|Qwen3-0.6B] step=145 epoch=0.5653

                                                 

 19%|█▉        | 145/771 [04:46<20:43,  1.99s/it]2026-09-20 16:19:29,422 INFO [rev_util_helpfulness|paper_align|Qwen3-0.6B] step=145 epoch=0.5653

                                                 

 19%|█▉        | 145/771 [04:47<20:43,  1.99s/it]2026-09-20 16:19:29,900 INFO [rev_util_helpfulness|paper_align|Qwen3-0.6B] step=145 epoch=0.5653

                                                 

 19%|█▉        | 145/771 [04:47<20:43,  1.99s/it]
 19%|█▉        | 146/771 [04:47<20:30,  1.97s/it]2026-09-20 16:19:30,407 INFO [rev_util_helpfulness|paper_align|Qwen3-0.6B] step=146 epoch=0.5692

                                                 

 19%|█▉        | 146/771 [04:48<20:30,  1.97s/it]2026-09-20 16:19:30,873 INFO [rev_util_helpfulness|paper_align|Qwen3-0.6B] step=146 epoch=0.5692

                                                 

 19%|█▉        | 146/771 [04:48<20:30,  1.97s/it]2026-09-20 16:19:31,352 INFO [rev_util_helpfulness|paper_align|Qwen3-0.6B] step=146 epoch=0.5692

                                                 

 19%|█▉        | 146/771 [04:49<20:30,  1.97s/it]2026-09-20 16:19:31,822 INFO [rev_util_helpfulness|paper_align|Qwen3-0.6B] step=146 epoch=0.5692

                                                 

 19%|█▉        | 146/771 [04:49<20:30,  1.97s/it]
 19%|█▉        | 147/771 [04:49<20:20,  1.96s/it]2026-09-20 16:19:32,332 INFO [rev_util_helpfulness|paper_align|Qwen3-0.6B] step=147 epoch=0.5731

                                                 

 19%|█▉        | 147/771 [04:50<20:20,  1.96s/it]2026-09-20 16:19:32,804 INFO [rev_util_helpfulness|paper_align|Qwen3-0.6B] step=147 epoch=0.5731

                                                 

 19%|█▉        | 147/771 [04:50<20:20,  1.96s/it]2026-09-20 16:19:33,269 INFO [rev_util_helpfulness|paper_align|Qwen3-0.6B] step=147 epoch=0.5731

                                                 

 19%|█▉        | 147/771 [04:50<20:20,  1.96s/it]2026-09-20 16:19:33,751 INFO [rev_util_helpfulness|paper_align|Qwen3-0.6B] step=147 epoch=0.5731

                                                 

 19%|█▉        | 147/771 [04:51<20:20,  1.96s/it]
 19%|█▉        | 148/771 [04:51<20:15,  1.95s/it]2026-09-20 16:19:34,268 INFO [rev_util_helpfulness|paper_align|Qwen3-0.6B] step=148 epoch=0.5770

                                                 

 19%|█▉        | 148/771 [04:51<20:15,  1.95s/it]2026-09-20 16:19:34,737 INFO [rev_util_helpfulness|paper_align|Qwen3-0.6B] step=148 epoch=0.5770

                                                 

 19%|█▉        | 148/771 [04:52<20:15,  1.95s/it]2026-09-20 16:19:35,410 INFO [rev_util_helpfulness|paper_align|Qwen3-0.6B] step=148 epoch=0.5770

                                                 

 19%|█▉        | 148/771 [04:53<20:15,  1.95s/it]2026-09-20 16:19:35,880 INFO [rev_util_helpfulness|paper_align|Qwen3-0.6B] step=148 epoch=0.5770

                                                 

 19%|█▉        | 148/771 [04:53<20:15,  1.95s/it]
 19%|█▉        | 149/771 [04:53<20:43,  2.00s/it]2026-09-20 16:19:36,381 INFO [rev_util_helpfulness|paper_align|Qwen3-0.6B] step=149 epoch=0.5809

                                                 

 19%|█▉        | 149/771 [04:54<20:43,  2.00s/it]2026-09-20 16:19:36,860 INFO [rev_util_helpfulness|paper_align|Qwen3-0.6B] step=149 epoch=0.5809

                                                 

 19%|█▉        | 149/771 [04:54<20:43,  2.00s/it]2026-09-20 16:19:37,336 INFO [rev_util_helpfulness|paper_align|Qwen3-0.6B] step=149 epoch=0.5809

                                                 

 19%|█▉        | 149/771 [04:55<20:43,  2.00s/it]2026-09-20 16:19:37,810 INFO [rev_util_helpfulness|paper_align|Qwen3-0.6B] step=149 epoch=0.5809

                                                 

 19%|█▉        | 149/771 [04:55<20:43,  2.00s/it]
 19%|█▉        | 150/771 [04:55<20:29,  1.98s/it]2026-09-20 16:19:38,136 INFO [rev_util_helpfulness|paper_align|Qwen3-0.6B] step=150 loss=0.7536 learning_rate=0.0001 epoch=0.5848

                                                 
{'paper_align_label_loss': '0.04757', 'paper_align_reason_loss': '0.3296', 'epoch': '0.499'}
{'paper_align_label_loss': '0.03675', 'paper_align_reason_loss': '0.1689', 'epoch': '0.5029'}
{'paper_align_label_loss': '0.07933', 'paper_align_reason_loss': '0.3223', 'epoch': '0.5029'}
{'paper_align_label_loss': '0.03263', 'paper_align_reason_loss': '0.2353', 'epoch': '0.5029'}
{'paper_align_label_loss': '0.1306', 'paper_align_reason_loss': '0.2458', 'epoch': '0.5029'}
{'loss': '0.825', 'grad_norm': '4.162', 'learning_rate': '9.52e-05', 'epoch': '0.5068'}
{'paper_align_label_loss': '0.06827', 'paper_align_reason_loss': '0.3283', 'epoch': '0.5068'}
{'paper_align_label_loss': '0.06232', 'paper_align_reason_loss': '0.247', 'epoch': '0.5068'}
{'paper_align_label_loss': '0.1669', 'paper_align_reason_loss': '0.2328', 'epoch': '0.5068'}
{'paper_align_label_loss': '0.06498', 'paper_align_reason_loss': '0.3485', 'epoch': '0.5068'}
{'paper_align_label_loss': '0.06372', 'paper_align_reason_loss': '0.2456', 'epoch': '0.5107'}
{'paper_align_label_loss': '0.07226', 'paper_align_reason_loss': '0.2949', 'epoch': '0.5107'}
{'paper_align_label_loss': '0.07935', 'paper_align_reason_loss': '0.274', 'epoch': '0.5107'}
{'paper_align_label_loss': '0.08191', 'paper_align_reason_loss': '0.2412', 'epoch': '0.5107'}
{'paper_align_label_loss': '0.1501', 'paper_align_reason_loss': '0.325', 'epoch': '0.5146'}
{'paper_align_label_loss': '0.1186', 'paper_align_reason_loss': '0.261', 'epoch': '0.5146'}
{'paper_align_label_loss': '0.08141', 'paper_align_reason_loss': '0.2487', 'epoch': '0.5146'}
{'paper_align_label_loss': '0.0391', 'paper_align_reason_loss': '0.3065', 'epoch': '0.5146'}
{'paper_align_label_loss': '0.09518', 'paper_align_reason_loss': '0.3597', 'epoch': '0.5185'}
{'paper_align_label_loss': '0.08159', 'paper_align_reason_loss': '0.2887', 'epoch': '0.5185'}
{'paper_align_label_loss': '0.2742', 'paper_align_reason_loss': '0.2911', 'epoch': '0.5185'}
{'paper_align_label_loss': '0.02843', 'paper_align_reason_loss': '0.264', 'epoch': '0.5185'}
{'paper_align_label_loss': '0.08662', 'paper_align_reason_loss': '0.275', 'epoch': '0.5224'}
{'paper_align_label_loss': '0.06362', 'paper_align_reason_loss': '0.3847', 'epoch': '0.5224'}
{'paper_align_label_loss': '0.04878', 'paper_align_reason_loss': '0.3102', 'epoch': '0.5224'}
{'paper_align_label_loss': '0.03434', 'paper_align_reason_loss': '0.2964', 'epoch': '0.5224'}
{'paper_align_label_loss': '0.1185', 'paper_align_reason_loss': '0.3428', 'epoch': '0.5263'}
{'paper_align_label_loss': '0.1795', 'paper_align_reason_loss': '0.3369', 'epoch': '0.5263'}
{'paper_align_label_loss': '0.1135', 'paper_align_reason_loss': '0.2382', 'epoch': '0.5263'}
{'paper_align_label_loss': '0.1495', 'paper_align_reason_loss': '0.3126', 'epoch': '0.5263'}
{'paper_align_label_loss': '0.03675', 'paper_align_reason_loss': '0.3388', 'epoch': '0.5302'}
{'paper_align_label_loss': '0.06048', 'paper_align_reason_loss': '0.2836', 'epoch': '0.5302'}
{'paper_align_label_loss': '0.06233', 'paper_align_reason_loss': '0.3039', 'epoch': '0.5302'}
{'paper_align_label_loss': '0.09618', 'paper_align_reason_loss': '0.2745', 'epoch': '0.5302'}
{'paper_align_label_loss': '0.2062', 'paper_align_reason_loss': '0.3944', 'epoch': '0.5341'}
{'paper_align_label_loss': '0.03117', 'paper_align_reason_loss': '0.2505', 'epoch': '0.5341'}
{'paper_align_label_loss': '0.01953', 'paper_align_reason_loss': '0.2167', 'epoch': '0.5341'}
{'paper_align_label_loss': '0.1068', 'paper_align_reason_loss': '0.2038', 'epoch': '0.5341'}
{'paper_align_label_loss': '0.1256', 'paper_align_reason_loss': '0.2884', 'epoch': '0.538'}
{'paper_align_label_loss': '0.06361', 'paper_align_reason_loss': '0.3471', 'epoch': '0.538'}
{'paper_align_label_loss': '0.02741', 'paper_align_reason_loss': '0.2435', 'epoch': '0.538'}
{'paper_align_label_loss': '0.05239', 'paper_align_reason_loss': '0.2851', 'epoch': '0.538'}
{'paper_align_label_loss': '0.02963', 'paper_align_reason_loss': '0.2575', 'epoch': '0.5419'}
{'paper_align_label_loss': '0.1643', 'paper_align_reason_loss': '0.4121', 'epoch': '0.5419'}
{'paper_align_label_loss': '0.1169', 'paper_align_reason_loss': '0.2556', 'epoch': '0.5419'}
{'paper_align_label_loss': '0.1864', 'paper_align_reason_loss': '0.3511', 'epoch': '0.5419'}
{'loss': '0.7734', 'grad_norm': '5.636', 'learning_rate': '9.427e-05', 'epoch': '0.5458'}
{'paper_align_label_loss': '0.1548', 'paper_align_reason_loss': '0.4434', 'epoch': '0.5458'}
{'paper_align_label_loss': '0.1006', 'paper_align_reason_loss': '0.3306', 'epoch': '0.5458'}
{'paper_align_label_loss': '0.1047', 'paper_align_reason_loss': '0.3306', 'epoch': '0.5458'}
{'paper_align_label_loss': '0.1072', 'paper_align_reason_loss': '0.3103', 'epoch': '0.5458'}
{'paper_align_label_loss': '0.04423', 'paper_align_reason_loss': '0.2716', 'epoch': '0.5497'}
{'paper_align_label_loss': '0.1352', 'paper_align_reason_loss': '0.2955', 'epoch': '0.5497'}
{'paper_align_label_loss': '0.05484', 'paper_align_reason_loss': '0.2392', 'epoch': '0.5497'}
{'paper_align_label_loss': '0.1024', 'paper_align_reason_loss': '0.2356', 'epoch': '0.5497'}
{'paper_align_label_loss': '0.05981', 'paper_align_reason_loss': '0.3014', 'epoch': '0.5536'}
{'paper_align_label_loss': '0.08834', 'paper_align_reason_loss': '0.3421', 'epoch': '0.5536'}
{'paper_align_label_loss': '0.1794', 'paper_align_reason_loss': '0.3088', 'epoch': '0.5536'}
{'paper_align_label_loss': '0.23', 'paper_align_reason_loss': '0.3802', 'epoch': '0.5536'}
{'paper_align_label_loss': '0.02734', 'paper_align_reason_loss': '0.3118', 'epoch': '0.5575'}
{'paper_align_label_loss': '0.1553', 'paper_align_reason_loss': '0.2132', 'epoch': '0.5575'}
{'paper_align_label_loss': '0.03349', 'paper_align_reason_loss': '0.2589', 'epoch': '0.5575'}
{'paper_align_label_loss': '0.1433', 'paper_align_reason_loss': '0.226', 'epoch': '0.5575'}
{'paper_align_label_loss': '0.0163', 'paper_align_reason_loss': '0.2845', 'epoch': '0.5614'}
{'paper_align_label_loss': '0.0212', 'paper_align_reason_loss': '0.3171', 'epoch': '0.5614'}
{'paper_align_label_loss': '0.2228', 'paper_align_reason_loss': '0.3652', 'epoch': '0.5614'}
{'paper_align_label_loss': '0.1486', 'paper_align_reason_loss': '0.276', 'epoch': '0.5614'}
{'paper_align_label_loss': '0.06312', 'paper_align_reason_loss': '0.2498', 'epoch': '0.5653'}
{'paper_align_label_loss': '0.01896', 'paper_align_reason_loss': '0.2881', 'epoch': '0.5653'}
{'paper_align_label_loss': '0.1808', 'paper_align_reason_loss': '0.2375', 'epoch': '0.5653'}
{'paper_align_label_loss': '0.02118', 'paper_align_reason_loss': '0.3443', 'epoch': '0.5653'}
{'paper_align_label_loss': '0.07782', 'paper_align_reason_loss': '0.3361', 'epoch': '0.5692'}
{'paper_align_label_loss': '0.04061', 'paper_align_reason_loss': '0.2431', 'epoch': '0.5692'}
{'paper_align_label_loss': '0.04073', 'paper_align_reason_loss': '0.2888', 'epoch': '0.5692'}
{'paper_align_label_loss': '0.01604', 'paper_align_reason_loss': '0.1704', 'epoch': '0.5692'}
{'paper_align_label_loss': '0.4', 'paper_align_reason_loss': '0.2207', 'epoch': '0.5731'}
{'paper_align_label_loss': '0.1239', 'paper_align_reason_loss': '0.1857', 'epoch': '0.5731'}
{'paper_align_label_loss': '0.02783', 'paper_align_reason_loss': '0.2146', 'epoch': '0.5731'}
{'paper_align_label_loss': '0.05269', 'paper_align_reason_loss': '0.3269', 'epoch': '0.5731'}
{'paper_align_label_loss': '0.03403', 'paper_align_reason_loss': '0.2541', 'epoch': '0.577'}
{'paper_align_label_loss': '0.133', 'paper_align_reason_loss': '0.2135', 'epoch': '0.577'}
{'paper_align_label_loss': '0.109', 'paper_align_reason_loss': '0.205', 'epoch': '0.577'}
{'paper_align_label_loss': '0.05582', 'paper_align_reason_loss': '0.2077', 'epoch': '0.577'}
{'paper_align_label_loss': '0.03808', 'paper_align_reason_loss': '0.3285', 'epoch': '0.5809'}
{'paper_align_label_loss': '0.09244', 'paper_align_reason_loss': '0.3072', 'epoch': '0.5809'}
{'paper_align_label_loss': '0.0422', 'paper_align_reason_loss': '0.2861', 'epoch': '0.5809'}
{'paper_align_label_loss': '0.1374', 'paper_align_reason_loss': '0.2865', 'epoch': '0.5809'}

 19%|█▉        | 150/771 [04:55<20:29,  1.98s/it]2026-09-20 16:19:38,315 INFO [rev_util_helpfulness|paper_align|Qwen3-0.6B] step=150 epoch=0.5848

                                                 

 19%|█▉        | 150/771 [04:56<20:29,  1.98s/it]2026-09-20 16:19:38,771 INFO [rev_util_helpfulness|paper_align|Qwen3-0.6B] step=150 epoch=0.5848

                                                 

 19%|█▉        | 150/771 [04:56<20:29,  1.98s/it]2026-09-20 16:19:39,250 INFO [rev_util_helpfulness|paper_align|Qwen3-0.6B] step=150 epoch=0.5848

                                                 

 19%|█▉        | 150/771 [04:56<20:29,  1.98s/it]2026-09-20 16:19:39,723 INFO [rev_util_helpfulness|paper_align|Qwen3-0.6B] step=150 epoch=0.5848

                                                 

 19%|█▉        | 150/771 [04:57<20:29,  1.98s/it]
 20%|█▉        | 151/771 [04:57<20:15,  1.96s/it]2026-09-20 16:19:40,225 INFO [rev_util_helpfulness|paper_align|Qwen3-0.6B] step=151 epoch=0.5887

                                                 

 20%|█▉        | 151/771 [04:57<20:15,  1.96s/it]2026-09-20 16:19:40,690 INFO [rev_util_helpfulness|paper_align|Qwen3-0.6B] step=151 epoch=0.5887

                                                 

 20%|█▉        | 151/771 [04:58<20:15,  1.96s/it]2026-09-20 16:19:41,175 INFO [rev_util_helpfulness|paper_align|Qwen3-0.6B] step=151 epoch=0.5887

                                                 

 20%|█▉        | 151/771 [04:58<20:15,  1.96s/it]2026-09-20 16:19:41,654 INFO [rev_util_helpfulness|paper_align|Qwen3-0.6B] step=151 epoch=0.5887

                                                 

 20%|█▉        | 151/771 [04:59<20:15,  1.96s/it]
 20%|█▉        | 152/771 [04:59<20:07,  1.95s/it]2026-09-20 16:19:42,161 INFO [rev_util_helpfulness|paper_align|Qwen3-0.6B] step=152 epoch=0.5926

                                                 

 20%|█▉        | 152/771 [04:59<20:07,  1.95s/it]2026-09-20 16:19:42,628 INFO [rev_util_helpfulness|paper_align|Qwen3-0.6B] step=152 epoch=0.5926

                                                 

 20%|█▉        | 152/771 [05:00<20:07,  1.95s/it]2026-09-20 16:19:43,100 INFO [rev_util_helpfulness|paper_align|Qwen3-0.6B] step=152 epoch=0.5926

                                                 

 20%|█▉        | 152/771 [05:00<20:07,  1.95s/it]2026-09-20 16:19:43,577 INFO [rev_util_helpfulness|paper_align|Qwen3-0.6B] step=152 epoch=0.5926

                                                 

 20%|█▉        | 152/771 [05:01<20:07,  1.95s/it]
 20%|█▉        | 153/771 [05:01<20:01,  1.94s/it]2026-09-20 16:19:44,093 INFO [rev_util_helpfulness|paper_align|Qwen3-0.6B] step=153 epoch=0.5965

                                                 

 20%|█▉        | 153/771 [05:01<20:01,  1.94s/it]2026-09-20 16:19:44,574 INFO [rev_util_helpfulness|paper_align|Qwen3-0.6B] step=153 epoch=0.5965

                                                 

 20%|█▉        | 153/771 [05:02<20:01,  1.94s/it]2026-09-20 16:19:45,056 INFO [rev_util_helpfulness|paper_align|Qwen3-0.6B] step=153 epoch=0.5965

                                                 

 20%|█▉        | 153/771 [05:02<20:01,  1.94s/it]2026-09-20 16:19:45,533 INFO [rev_util_helpfulness|paper_align|Qwen3-0.6B] step=153 epoch=0.5965

                                                 

 20%|█▉        | 153/771 [05:03<20:01,  1.94s/it]
 20%|█▉        | 154/771 [05:03<20:36,  2.00s/it]2026-09-20 16:19:46,234 INFO [rev_util_helpfulness|paper_align|Qwen3-0.6B] step=154 epoch=0.6004

                                                 

 20%|█▉        | 154/771 [05:03<20:36,  2.00s/it]2026-09-20 16:19:46,695 INFO [rev_util_helpfulness|paper_align|Qwen3-0.6B] step=154 epoch=0.6004

                                                 

 20%|█▉        | 154/771 [05:04<20:36,  2.00s/it]2026-09-20 16:19:47,171 INFO [rev_util_helpfulness|paper_align|Qwen3-0.6B] step=154 epoch=0.6004

                                                 

 20%|█▉        | 154/771 [05:04<20:36,  2.00s/it]2026-09-20 16:19:47,652 INFO [rev_util_helpfulness|paper_align|Qwen3-0.6B] step=154 epoch=0.6004

                                                 

 20%|█▉        | 154/771 [05:05<20:36,  2.00s/it]
 20%|██        | 155/771 [05:05<20:21,  1.98s/it]2026-09-20 16:19:48,164 INFO [rev_util_helpfulness|paper_align|Qwen3-0.6B] step=155 epoch=0.6043

                                                 

 20%|██        | 155/771 [05:05<20:21,  1.98s/it]2026-09-20 16:19:48,642 INFO [rev_util_helpfulness|paper_align|Qwen3-0.6B] step=155 epoch=0.6043

                                                 

 20%|██        | 155/771 [05:06<20:21,  1.98s/it]2026-09-20 16:19:49,110 INFO [rev_util_helpfulness|paper_align|Qwen3-0.6B] step=155 epoch=0.6043

                                                 

 20%|██        | 155/771 [05:06<20:21,  1.98s/it]2026-09-20 16:19:49,583 INFO [rev_util_helpfulness|paper_align|Qwen3-0.6B] step=155 epoch=0.6043

                                                 

 20%|██        | 155/771 [05:07<20:21,  1.98s/it]
 20%|██        | 156/771 [05:07<20:08,  1.97s/it]2026-09-20 16:19:50,090 INFO [rev_util_helpfulness|paper_align|Qwen3-0.6B] step=156 epoch=0.6082

                                                 

 20%|██        | 156/771 [05:07<20:08,  1.97s/it]2026-09-20 16:19:50,560 INFO [rev_util_helpfulness|paper_align|Qwen3-0.6B] step=156 epoch=0.6082

                                                 

 20%|██        | 156/771 [05:08<20:08,  1.97s/it]2026-09-20 16:19:51,033 INFO [rev_util_helpfulness|paper_align|Qwen3-0.6B] step=156 epoch=0.6082

                                                 

 20%|██        | 156/771 [05:08<20:08,  1.97s/it]2026-09-20 16:19:51,509 INFO [rev_util_helpfulness|paper_align|Qwen3-0.6B] step=156 epoch=0.6082

                                                 

 20%|██        | 156/771 [05:09<20:08,  1.97s/it]
 20%|██        | 157/771 [05:09<19:57,  1.95s/it]2026-09-20 16:19:52,006 INFO [rev_util_helpfulness|paper_align|Qwen3-0.6B] step=157 epoch=0.6121

                                                 

 20%|██        | 157/771 [05:09<19:57,  1.95s/it]2026-09-20 16:19:52,469 INFO [rev_util_helpfulness|paper_align|Qwen3-0.6B] step=157 epoch=0.6121

                                                 

 20%|██        | 157/771 [05:10<19:57,  1.95s/it]2026-09-20 16:19:52,924 INFO [rev_util_helpfulness|paper_align|Qwen3-0.6B] step=157 epoch=0.6121

                                                 

 20%|██        | 157/771 [05:10<19:57,  1.95s/it]2026-09-20 16:19:53,397 INFO [rev_util_helpfulness|paper_align|Qwen3-0.6B] step=157 epoch=0.6121

                                                 

 20%|██        | 157/771 [05:11<19:57,  1.95s/it]
 20%|██        | 158/771 [05:11<19:46,  1.93s/it]2026-09-20 16:19:53,931 INFO [rev_util_helpfulness|paper_align|Qwen3-0.6B] step=158 epoch=0.6160

                                                 

 20%|██        | 158/771 [05:11<19:46,  1.93s/it]2026-09-20 16:19:54,392 INFO [rev_util_helpfulness|paper_align|Qwen3-0.6B] step=158 epoch=0.6160

                                                 

 20%|██        | 158/771 [05:12<19:46,  1.93s/it]2026-09-20 16:19:54,856 INFO [rev_util_helpfulness|paper_align|Qwen3-0.6B] step=158 epoch=0.6160

                                                 

 20%|██        | 158/771 [05:12<19:46,  1.93s/it]2026-09-20 16:19:55,317 INFO [rev_util_helpfulness|paper_align|Qwen3-0.6B] step=158 epoch=0.6160

                                                 

 20%|██        | 158/771 [05:13<19:46,  1.93s/it]
 21%|██        | 159/771 [05:13<19:44,  1.93s/it]2026-09-20 16:19:55,835 INFO [rev_util_helpfulness|paper_align|Qwen3-0.6B] step=159 epoch=0.6199

                                                 

 21%|██        | 159/771 [05:13<19:44,  1.93s/it]2026-09-20 16:19:56,494 INFO [rev_util_helpfulness|paper_align|Qwen3-0.6B] step=159 epoch=0.6199

                                                 

 21%|██        | 159/771 [05:14<19:44,  1.93s/it]2026-09-20 16:19:56,966 INFO [rev_util_helpfulness|paper_align|Qwen3-0.6B] step=159 epoch=0.6199

                                                 

 21%|██        | 159/771 [05:14<19:44,  1.93s/it]2026-09-20 16:19:57,437 INFO [rev_util_helpfulness|paper_align|Qwen3-0.6B] step=159 epoch=0.6199

                                                 

 21%|██        | 159/771 [05:15<19:44,  1.93s/it]
 21%|██        | 160/771 [05:15<20:14,  1.99s/it]2026-09-20 16:19:57,772 INFO [rev_util_helpfulness|paper_align|Qwen3-0.6B] step=160 loss=0.6781 learning_rate=0.0001 epoch=0.6238

                                                 

 21%|██        | 160/771 [05:15<20:14,  1.99s/it]2026-09-20 16:19:57,971 INFO [rev_util_helpfulness|paper_align|Qwen3-0.6B] step=160 epoch=0.6238

                                                 

 21%|██        | 160/771 [05:15<20:14,  1.99s/it]2026-09-20 16:19:58,444 INFO [rev_util_helpfulness|paper_align|Qwen3-0.6B] step=160 epoch=0.6238

                                                 

 21%|██        | 160/771 [05:16<20:14,  1.99s/it]2026-09-20 16:19:58,916 INFO [rev_util_helpfulness|paper_align|Qwen3-0.6B] step=160 epoch=0.6238

                                                 

 21%|██        | 160/771 [05:16<20:14,  1.99s/it]2026-09-20 16:19:59,397 INFO [rev_util_helpfulness|paper_align|Qwen3-0.6B] step=160 epoch=0.6238

                                                 

 21%|██        | 160/771 [05:17<20:14,  1.99s/it]
 21%|██        | 161/771 [05:17<20:07,  1.98s/it]2026-09-20 16:19:59,906 INFO [rev_util_helpfulness|paper_align|Qwen3-0.6B] step=161 epoch=0.6277

                                                 

 21%|██        | 161/771 [05:17<20:07,  1.98s/it]2026-09-20 16:20:00,385 INFO [rev_util_helpfulness|paper_align|Qwen3-0.6B] step=161 epoch=0.6277

                                                 

 21%|██        | 161/771 [05:18<20:07,  1.98s/it]2026-09-20 16:20:00,855 INFO [rev_util_helpfulness|paper_align|Qwen3-0.6B] step=161 epoch=0.6277

                                                 

 21%|██        | 161/771 [05:18<20:07,  1.98s/it]2026-09-20 16:20:01,332 INFO [rev_util_helpfulness|paper_align|Qwen3-0.6B] step=161 epoch=0.6277

                                                 

 21%|██        | 161/771 [05:19<20:07,  1.98s/it]
 21%|██        | 162/771 [05:19<19:56,  1.96s/it]2026-09-20 16:20:01,842 INFO [rev_util_helpfulness|paper_align|Qwen3-0.6B] step=162 epoch=0.6316

                                                 

 21%|██        | 162/771 [05:19<19:56,  1.96s/it]2026-09-20 16:20:02,310 INFO [rev_util_helpfulness|paper_align|Qwen3-0.6B] step=162 epoch=0.6316

                                                 

 21%|██        | 162/771 [05:20<19:56,  1.96s/it]2026-09-20 16:20:02,780 INFO [rev_util_helpfulness|paper_align|Qwen3-0.6B] step=162 epoch=0.6316

                                                 

 21%|██        | 162/771 [05:20<19:56,  1.96s/it]2026-09-20 16:20:03,249 INFO [rev_util_helpfulness|paper_align|Qwen3-0.6B] step=162 epoch=0.6316

                                                 

 21%|██        | 162/771 [05:20<19:56,  1.96s/it]
 21%|██        | 163/771 [05:21<19:45,  1.95s/it]2026-09-20 16:20:03,752 INFO [rev_util_helpfulness|paper_align|Qwen3-0.6B] step=163 epoch=0.6355

                                                 

 21%|██        | 163/771 [05:21<19:45,  1.95s/it]2026-09-20 16:20:04,222 INFO [rev_util_helpfulness|paper_align|Qwen3-0.6B] step=163 epoch=0.6355

                                                 

 21%|██        | 163/771 [05:21<19:45,  1.95s/it]2026-09-20 16:20:04,706 INFO [rev_util_helpfulness|paper_align|Qwen3-0.6B] step=163 epoch=0.6355

                                                 

 21%|██        | 163/771 [05:22<19:45,  1.95s/it]2026-09-20 16:20:05,182 INFO [rev_util_helpfulness|paper_align|Qwen3-0.6B] step=163 epoch=0.6355

                                                 

 21%|██        | 163/771 [05:22<19:45,  1.95s/it]
 21%|██▏       | 164/771 [05:23<19:41,  1.95s/it]2026-09-20 16:20:05,907 INFO [rev_util_helpfulness|paper_align|Qwen3-0.6B] step=164 epoch=0.6394

                                                 

 21%|██▏       | 164/771 [05:23<19:41,  1.95s/it]2026-09-20 16:20:06,377 INFO [rev_util_helpfulness|paper_align|Qwen3-0.6B] step=164 epoch=0.6394

                                                 

 21%|██▏       | 164/771 [05:24<19:41,  1.95s/it]2026-09-20 16:20:06,854 INFO [rev_util_helpfulness|paper_align|Qwen3-0.6B] step=164 epoch=0.6394

                                                 

 21%|██▏       | 164/771 [05:24<19:41,  1.95s/it]2026-09-20 16:20:07,344 INFO [rev_util_helpfulness|paper_align|Qwen3-0.6B] step=164 epoch=0.6394

                                                 

 21%|██▏       | 164/771 [05:25<19:41,  1.95s/it]
 21%|██▏       | 165/771 [05:25<20:17,  2.01s/it]2026-09-20 16:20:07,850 INFO [rev_util_helpfulness|paper_align|Qwen3-0.6B] step=165 epoch=0.6433

                                                 

 21%|██▏       | 165/771 [05:25<20:17,  2.01s/it]2026-09-20 16:20:08,317 INFO [rev_util_helpfulness|paper_align|Qwen3-0.6B] step=165 epoch=0.6433

                                                 

 21%|██▏       | 165/771 [05:26<20:17,  2.01s/it]2026-09-20 16:20:08,796 INFO [rev_util_helpfulness|paper_align|Qwen3-0.6B] step=165 epoch=0.6433

                                                 

 21%|██▏       | 165/771 [05:26<20:17,  2.01s/it]2026-09-20 16:20:09,292 INFO [rev_util_helpfulness|paper_align|Qwen3-0.6B] step=165 epoch=0.6433

                                                 

 21%|██▏       | 165/771 [05:27<20:17,  2.01s/it]
 22%|██▏       | 166/771 [05:27<20:08,  2.00s/it]2026-09-20 16:20:09,827 INFO [rev_util_helpfulness|paper_align|Qwen3-0.6B] step=166 epoch=0.6472

                                                 

 22%|██▏       | 166/771 [05:27<20:08,  2.00s/it]2026-09-20 16:20:10,304 INFO [rev_util_helpfulness|paper_align|Qwen3-0.6B] step=166 epoch=0.6472

                                                 

 22%|██▏       | 166/771 [05:28<20:08,  2.00s/it]2026-09-20 16:20:10,784 INFO [rev_util_helpfulness|paper_align|Qwen3-0.6B] step=166 epoch=0.6472

                                                 

 22%|██▏       | 166/771 [05:28<20:08,  2.00s/it]2026-09-20 16:20:11,260 INFO [rev_util_helpfulness|paper_align|Qwen3-0.6B] step=166 epoch=0.6472

                                                 

 22%|██▏       | 166/771 [05:28<20:08,  2.00s/it]
 22%|██▏       | 167/771 [05:29<19:58,  1.98s/it]2026-09-20 16:20:11,778 INFO [rev_util_helpfulness|paper_align|Qwen3-0.6B] step=167 epoch=0.6511

                                                 

 22%|██▏       | 167/771 [05:29<19:58,  1.98s/it]2026-09-20 16:20:12,245 INFO [rev_util_helpfulness|paper_align|Qwen3-0.6B] step=167 epoch=0.6511

                                                 

 22%|██▏       | 167/771 [05:29<19:58,  1.98s/it]2026-09-20 16:20:12,732 INFO [rev_util_helpfulness|paper_align|Qwen3-0.6B] step=167 epoch=0.6511

                                                 

 22%|██▏       | 167/771 [05:30<19:58,  1.98s/it]2026-09-20 16:20:13,207 INFO [rev_util_helpfulness|paper_align|Qwen3-0.6B] step=167 epoch=0.6511

                                                 

 22%|██▏       | 167/771 [05:30<19:58,  1.98s/it]
 22%|██▏       | 168/771 [05:31<19:49,  1.97s/it]2026-09-20 16:20:13,720 INFO [rev_util_helpfulness|paper_align|Qwen3-0.6B] step=168 epoch=0.6550

                                                 

 22%|██▏       | 168/771 [05:31<19:49,  1.97s/it]2026-09-20 16:20:14,187 INFO [rev_util_helpfulness|paper_align|Qwen3-0.6B] step=168 epoch=0.6550

                                                 

 22%|██▏       | 168/771 [05:31<19:49,  1.97s/it]2026-09-20 16:20:14,653 INFO [rev_util_helpfulness|paper_align|Qwen3-0.6B] step=168 epoch=0.6550

                                                 

 22%|██▏       | 168/771 [05:32<19:49,  1.97s/it]2026-09-20 16:20:15,124 INFO [rev_util_helpfulness|paper_align|Qwen3-0.6B] step=168 epoch=0.6550

                                                 

 22%|██▏       | 168/771 [05:32<19:49,  1.97s/it]
 22%|██▏       | 169/771 [05:33<19:36,  1.95s/it]2026-09-20 16:20:15,630 INFO [rev_util_helpfulness|paper_align|Qwen3-0.6B] step=169 epoch=0.6589

                                                 

 22%|██▏       | 169/771 [05:33<19:36,  1.95s/it]2026-09-20 16:20:16,312 INFO [rev_util_helpfulness|paper_align|Qwen3-0.6B] step=169 epoch=0.6589

                                                 

 22%|██▏       | 169/771 [05:34<19:36,  1.95s/it]2026-09-20 16:20:16,780 INFO [rev_util_helpfulness|paper_align|Qwen3-0.6B] step=169 epoch=0.6589

                                                 

 22%|██▏       | 169/771 [05:34<19:36,  1.95s/it]2026-09-20 16:20:17,251 INFO [rev_util_helpfulness|paper_align|Qwen3-0.6B] step=169 epoch=0.6589

                                                 

 22%|██▏       | 169/771 [05:34<19:36,  1.95s/it]
 22%|██▏       | 170/771 [05:35<20:06,  2.01s/it]2026-09-20 16:20:17,588 INFO [rev_util_helpfulness|paper_align|Qwen3-0.6B] step=170 loss=0.6999 learning_rate=0.0001 epoch=0.6628

                                                 

 22%|██▏       | 170/771 [05:35<20:06,  2.01s/it]2026-09-20 16:20:17,770 INFO [rev_util_helpfulness|paper_align|Qwen3-0.6B] step=170 epoch=0.6628

                                                 

 22%|██▏       | 170/771 [05:35<20:06,  2.01s/it]2026-09-20 16:20:18,243 INFO [rev_util_helpfulness|paper_align|Qwen3-0.6B] step=170 epoch=0.6628

                                                 

 22%|██▏       | 170/771 [05:35<20:06,  2.01s/it]2026-09-20 16:20:18,719 INFO [rev_util_helpfulness|paper_align|Qwen3-0.6B] step=170 epoch=0.6628

                                                 

 22%|██▏       | 170/771 [05:36<20:06,  2.01s/it]2026-09-20 16:20:19,190 INFO [rev_util_helpfulness|paper_align|Qwen3-0.6B] step=170 epoch=0.6628

                                                 

 22%|██▏       | 170/771 [05:36<20:06,  2.01s/it]
 22%|██▏       | 171/771 [05:37<19:50,  1.98s/it]2026-09-20 16:20:19,694 INFO [rev_util_helpfulness|paper_align|Qwen3-0.6B] step=171 epoch=0.6667

                                                 
{'loss': '0.7536', 'grad_norm': '3.926', 'learning_rate': '9.325e-05', 'epoch': '0.5848'}
{'paper_align_label_loss': '0.03204', 'paper_align_reason_loss': '0.3016', 'epoch': '0.5848'}
{'paper_align_label_loss': '0.03343', 'paper_align_reason_loss': '0.2347', 'epoch': '0.5848'}
{'paper_align_label_loss': '0.07166', 'paper_align_reason_loss': '0.2677', 'epoch': '0.5848'}
{'paper_align_label_loss': '0.02844', 'paper_align_reason_loss': '0.2675', 'epoch': '0.5848'}
{'paper_align_label_loss': '0.04852', 'paper_align_reason_loss': '0.2282', 'epoch': '0.5887'}
{'paper_align_label_loss': '0.02106', 'paper_align_reason_loss': '0.1704', 'epoch': '0.5887'}
{'paper_align_label_loss': '0.09272', 'paper_align_reason_loss': '0.2742', 'epoch': '0.5887'}
{'paper_align_label_loss': '0.08063', 'paper_align_reason_loss': '0.2988', 'epoch': '0.5887'}
{'paper_align_label_loss': '0.06065', 'paper_align_reason_loss': '0.269', 'epoch': '0.5926'}
{'paper_align_label_loss': '0.03137', 'paper_align_reason_loss': '0.1981', 'epoch': '0.5926'}
{'paper_align_label_loss': '0.04079', 'paper_align_reason_loss': '0.338', 'epoch': '0.5926'}
{'paper_align_label_loss': '0.05869', 'paper_align_reason_loss': '0.217', 'epoch': '0.5926'}
{'paper_align_label_loss': '0.03403', 'paper_align_reason_loss': '0.2213', 'epoch': '0.5965'}
{'paper_align_label_loss': '0.1309', 'paper_align_reason_loss': '0.3125', 'epoch': '0.5965'}
{'paper_align_label_loss': '0.3111', 'paper_align_reason_loss': '0.2502', 'epoch': '0.5965'}
{'paper_align_label_loss': '0.01733', 'paper_align_reason_loss': '0.3635', 'epoch': '0.5965'}
{'paper_align_label_loss': '0.0516', 'paper_align_reason_loss': '0.2841', 'epoch': '0.6004'}
{'paper_align_label_loss': '0.1248', 'paper_align_reason_loss': '0.3096', 'epoch': '0.6004'}
{'paper_align_label_loss': '0.04396', 'paper_align_reason_loss': '0.24', 'epoch': '0.6004'}
{'paper_align_label_loss': '0.0623', 'paper_align_reason_loss': '0.3345', 'epoch': '0.6004'}
{'paper_align_label_loss': '0.1854', 'paper_align_reason_loss': '0.2306', 'epoch': '0.6043'}
{'paper_align_label_loss': '0.05661', 'paper_align_reason_loss': '0.3067', 'epoch': '0.6043'}
{'paper_align_label_loss': '0.1265', 'paper_align_reason_loss': '0.2445', 'epoch': '0.6043'}
{'paper_align_label_loss': '0.03129', 'paper_align_reason_loss': '0.3191', 'epoch': '0.6043'}
{'paper_align_label_loss': '0.1059', 'paper_align_reason_loss': '0.1959', 'epoch': '0.6082'}
{'paper_align_label_loss': '0.144', 'paper_align_reason_loss': '0.3139', 'epoch': '0.6082'}
{'paper_align_label_loss': '0.03132', 'paper_align_reason_loss': '0.1774', 'epoch': '0.6082'}
{'paper_align_label_loss': '0.2872', 'paper_align_reason_loss': '0.2451', 'epoch': '0.6082'}
{'paper_align_label_loss': '0.03089', 'paper_align_reason_loss': '0.2708', 'epoch': '0.6121'}
{'paper_align_label_loss': '0.03042', 'paper_align_reason_loss': '0.2942', 'epoch': '0.6121'}
{'paper_align_label_loss': '0.0363', 'paper_align_reason_loss': '0.2069', 'epoch': '0.6121'}
{'paper_align_label_loss': '0.04175', 'paper_align_reason_loss': '0.2291', 'epoch': '0.6121'}
{'paper_align_label_loss': '0.04902', 'paper_align_reason_loss': '0.2752', 'epoch': '0.616'}
{'paper_align_label_loss': '0.1881', 'paper_align_reason_loss': '0.2083', 'epoch': '0.616'}
{'paper_align_label_loss': '0.2194', 'paper_align_reason_loss': '0.2394', 'epoch': '0.616'}
{'paper_align_label_loss': '0.0599', 'paper_align_reason_loss': '0.1687', 'epoch': '0.616'}
{'paper_align_label_loss': '0.02413', 'paper_align_reason_loss': '0.2761', 'epoch': '0.6199'}
{'paper_align_label_loss': '0.02392', 'paper_align_reason_loss': '0.3365', 'epoch': '0.6199'}
{'paper_align_label_loss': '0.07136', 'paper_align_reason_loss': '0.2993', 'epoch': '0.6199'}
{'paper_align_label_loss': '0.02406', 'paper_align_reason_loss': '0.2008', 'epoch': '0.6199'}
{'loss': '0.6781', 'grad_norm': '4.3', 'learning_rate': '9.216e-05', 'epoch': '0.6238'}
{'paper_align_label_loss': '0.04192', 'paper_align_reason_loss': '0.1894', 'epoch': '0.6238'}
{'paper_align_label_loss': '0.0768', 'paper_align_reason_loss': '0.2594', 'epoch': '0.6238'}
{'paper_align_label_loss': '0.09999', 'paper_align_reason_loss': '0.2318', 'epoch': '0.6238'}
{'paper_align_label_loss': '0.07214', 'paper_align_reason_loss': '0.2943', 'epoch': '0.6238'}
{'paper_align_label_loss': '0.03541', 'paper_align_reason_loss': '0.2503', 'epoch': '0.6277'}
{'paper_align_label_loss': '0.02525', 'paper_align_reason_loss': '0.2489', 'epoch': '0.6277'}
{'paper_align_label_loss': '0.04626', 'paper_align_reason_loss': '0.3192', 'epoch': '0.6277'}
{'paper_align_label_loss': '0.03667', 'paper_align_reason_loss': '0.2197', 'epoch': '0.6277'}
{'paper_align_label_loss': '0.1506', 'paper_align_reason_loss': '0.261', 'epoch': '0.6316'}
{'paper_align_label_loss': '0.03208', 'paper_align_reason_loss': '0.2516', 'epoch': '0.6316'}
{'paper_align_label_loss': '0.07192', 'paper_align_reason_loss': '0.2627', 'epoch': '0.6316'}
{'paper_align_label_loss': '0.06603', 'paper_align_reason_loss': '0.2509', 'epoch': '0.6316'}
{'paper_align_label_loss': '0.04404', 'paper_align_reason_loss': '0.2401', 'epoch': '0.6355'}
{'paper_align_label_loss': '0.04831', 'paper_align_reason_loss': '0.3197', 'epoch': '0.6355'}
{'paper_align_label_loss': '0.04014', 'paper_align_reason_loss': '0.2599', 'epoch': '0.6355'}
{'paper_align_label_loss': '0.1446', 'paper_align_reason_loss': '0.2326', 'epoch': '0.6355'}
{'paper_align_label_loss': '0.04733', 'paper_align_reason_loss': '0.2217', 'epoch': '0.6394'}
{'paper_align_label_loss': '0.04543', 'paper_align_reason_loss': '0.215', 'epoch': '0.6394'}
{'paper_align_label_loss': '0.03428', 'paper_align_reason_loss': '0.2877', 'epoch': '0.6394'}
{'paper_align_label_loss': '0.1355', 'paper_align_reason_loss': '0.3416', 'epoch': '0.6394'}
{'paper_align_label_loss': '0.09155', 'paper_align_reason_loss': '0.2585', 'epoch': '0.6433'}
{'paper_align_label_loss': '0.0819', 'paper_align_reason_loss': '0.1861', 'epoch': '0.6433'}
{'paper_align_label_loss': '0.04683', 'paper_align_reason_loss': '0.2235', 'epoch': '0.6433'}
{'paper_align_label_loss': '0.1565', 'paper_align_reason_loss': '0.1924', 'epoch': '0.6433'}
{'paper_align_label_loss': '0.09263', 'paper_align_reason_loss': '0.315', 'epoch': '0.6472'}
{'paper_align_label_loss': '0.02458', 'paper_align_reason_loss': '0.2733', 'epoch': '0.6472'}
{'paper_align_label_loss': '0.3434', 'paper_align_reason_loss': '0.2351', 'epoch': '0.6472'}
{'paper_align_label_loss': '0.07476', 'paper_align_reason_loss': '0.3138', 'epoch': '0.6472'}
{'paper_align_label_loss': '0.01221', 'paper_align_reason_loss': '0.2578', 'epoch': '0.6511'}
{'paper_align_label_loss': '0.04897', 'paper_align_reason_loss': '0.2058', 'epoch': '0.6511'}
{'paper_align_label_loss': '0.2935', 'paper_align_reason_loss': '0.2366', 'epoch': '0.6511'}
{'paper_align_label_loss': '0.2823', 'paper_align_reason_loss': '0.2865', 'epoch': '0.6511'}
{'paper_align_label_loss': '0.1573', 'paper_align_reason_loss': '0.3987', 'epoch': '0.655'}
{'paper_align_label_loss': '0.01256', 'paper_align_reason_loss': '0.2359', 'epoch': '0.655'}
{'paper_align_label_loss': '0.01926', 'paper_align_reason_loss': '0.1643', 'epoch': '0.655'}
{'paper_align_label_loss': '0.03313', 'paper_align_reason_loss': '0.2506', 'epoch': '0.655'}
{'paper_align_label_loss': '0.2345', 'paper_align_reason_loss': '0.2423', 'epoch': '0.6589'}
{'paper_align_label_loss': '0.2862', 'paper_align_reason_loss': '0.2538', 'epoch': '0.6589'}
{'paper_align_label_loss': '0.1785', 'paper_align_reason_loss': '0.3678', 'epoch': '0.6589'}
{'paper_align_label_loss': '0.01199', 'paper_align_reason_loss': '0.166', 'epoch': '0.6589'}
{'loss': '0.6999', 'grad_norm': '6.06', 'learning_rate': '9.099e-05', 'epoch': '0.6628'}
{'paper_align_label_loss': '0.1239', 'paper_align_reason_loss': '0.3142', 'epoch': '0.6628'}
{'paper_align_label_loss': '0.02665', 'paper_align_reason_loss': '0.2387', 'epoch': '0.6628'}
{'paper_align_label_loss': '0.1969', 'paper_align_reason_loss': '0.3295', 'epoch': '0.6628'}
{'paper_align_label_loss': '0.11', 'paper_align_reason_loss': '0.2803', 'epoch': '0.6628'}

 22%|██▏       | 171/771 [05:37<19:50,  1.98s/it]2026-09-20 16:20:20,162 INFO [rev_util_helpfulness|paper_align|Qwen3-0.6B] step=171 epoch=0.6667

                                                 

 22%|██▏       | 171/771 [05:37<19:50,  1.98s/it]2026-09-20 16:20:20,626 INFO [rev_util_helpfulness|paper_align|Qwen3-0.6B] step=171 epoch=0.6667

                                                 

 22%|██▏       | 171/771 [05:38<19:50,  1.98s/it]2026-09-20 16:20:21,092 INFO [rev_util_helpfulness|paper_align|Qwen3-0.6B] step=171 epoch=0.6667

                                                 

 22%|██▏       | 171/771 [05:38<19:50,  1.98s/it]
 22%|██▏       | 172/771 [05:39<19:34,  1.96s/it]2026-09-20 16:20:21,601 INFO [rev_util_helpfulness|paper_align|Qwen3-0.6B] step=172 epoch=0.6706

                                                 

 22%|██▏       | 172/771 [05:39<19:34,  1.96s/it]2026-09-20 16:20:22,071 INFO [rev_util_helpfulness|paper_align|Qwen3-0.6B] step=172 epoch=0.6706

                                                 

 22%|██▏       | 172/771 [05:39<19:34,  1.96s/it]2026-09-20 16:20:22,543 INFO [rev_util_helpfulness|paper_align|Qwen3-0.6B] step=172 epoch=0.6706

                                                 

 22%|██▏       | 172/771 [05:40<19:34,  1.96s/it]2026-09-20 16:20:23,015 INFO [rev_util_helpfulness|paper_align|Qwen3-0.6B] step=172 epoch=0.6706

                                                 

 22%|██▏       | 172/771 [05:40<19:34,  1.96s/it]
 22%|██▏       | 173/771 [05:41<19:26,  1.95s/it]2026-09-20 16:20:23,531 INFO [rev_util_helpfulness|paper_align|Qwen3-0.6B] step=173 epoch=0.6745

                                                 

 22%|██▏       | 173/771 [05:41<19:26,  1.95s/it]2026-09-20 16:20:24,015 INFO [rev_util_helpfulness|paper_align|Qwen3-0.6B] step=173 epoch=0.6745

                                                 

 22%|██▏       | 173/771 [05:41<19:26,  1.95s/it]2026-09-20 16:20:24,488 INFO [rev_util_helpfulness|paper_align|Qwen3-0.6B] step=173 epoch=0.6745

                                                 

 22%|██▏       | 173/771 [05:42<19:26,  1.95s/it]2026-09-20 16:20:24,966 INFO [rev_util_helpfulness|paper_align|Qwen3-0.6B] step=173 epoch=0.6745

                                                 

 22%|██▏       | 173/771 [05:42<19:26,  1.95s/it]
 23%|██▎       | 174/771 [05:43<19:24,  1.95s/it]2026-09-20 16:20:25,479 INFO [rev_util_helpfulness|paper_align|Qwen3-0.6B] step=174 epoch=0.6784

                                                 

 23%|██▎       | 174/771 [05:43<19:24,  1.95s/it]2026-09-20 16:20:25,950 INFO [rev_util_helpfulness|paper_align|Qwen3-0.6B] step=174 epoch=0.6784

                                                 

 23%|██▎       | 174/771 [05:43<19:24,  1.95s/it]2026-09-20 16:20:26,426 INFO [rev_util_helpfulness|paper_align|Qwen3-0.6B] step=174 epoch=0.6784

                                                 

 23%|██▎       | 174/771 [05:44<19:24,  1.95s/it]2026-09-20 16:20:27,072 INFO [rev_util_helpfulness|paper_align|Qwen3-0.6B] step=174 epoch=0.6784

                                                 

 23%|██▎       | 174/771 [05:44<19:24,  1.95s/it]
 23%|██▎       | 175/771 [05:45<19:49,  2.00s/it]2026-09-20 16:20:27,582 INFO [rev_util_helpfulness|paper_align|Qwen3-0.6B] step=175 epoch=0.6823

                                                 

 23%|██▎       | 175/771 [05:45<19:49,  2.00s/it]2026-09-20 16:20:28,049 INFO [rev_util_helpfulness|paper_align|Qwen3-0.6B] step=175 epoch=0.6823

                                                 

 23%|██▎       | 175/771 [05:45<19:49,  2.00s/it]2026-09-20 16:20:28,545 INFO [rev_util_helpfulness|paper_align|Qwen3-0.6B] step=175 epoch=0.6823

                                                 

 23%|██▎       | 175/771 [05:46<19:49,  2.00s/it]2026-09-20 16:20:29,016 INFO [rev_util_helpfulness|paper_align|Qwen3-0.6B] step=175 epoch=0.6823

                                                 

 23%|██▎       | 175/771 [05:46<19:49,  2.00s/it]
 23%|██▎       | 176/771 [05:47<19:38,  1.98s/it]2026-09-20 16:20:29,522 INFO [rev_util_helpfulness|paper_align|Qwen3-0.6B] step=176 epoch=0.6862

                                                 

 23%|██▎       | 176/771 [05:47<19:38,  1.98s/it]2026-09-20 16:20:29,990 INFO [rev_util_helpfulness|paper_align|Qwen3-0.6B] step=176 epoch=0.6862

                                                 

 23%|██▎       | 176/771 [05:47<19:38,  1.98s/it]2026-09-20 16:20:30,457 INFO [rev_util_helpfulness|paper_align|Qwen3-0.6B] step=176 epoch=0.6862

                                                 

 23%|██▎       | 176/771 [05:48<19:38,  1.98s/it]2026-09-20 16:20:30,927 INFO [rev_util_helpfulness|paper_align|Qwen3-0.6B] step=176 epoch=0.6862

                                                 

 23%|██▎       | 176/771 [05:48<19:38,  1.98s/it]
 23%|██▎       | 177/771 [05:48<19:24,  1.96s/it]2026-09-20 16:20:31,437 INFO [rev_util_helpfulness|paper_align|Qwen3-0.6B] step=177 epoch=0.6901

                                                 

 23%|██▎       | 177/771 [05:49<19:24,  1.96s/it]2026-09-20 16:20:31,909 INFO [rev_util_helpfulness|paper_align|Qwen3-0.6B] step=177 epoch=0.6901

                                                 

 23%|██▎       | 177/771 [05:49<19:24,  1.96s/it]2026-09-20 16:20:32,381 INFO [rev_util_helpfulness|paper_align|Qwen3-0.6B] step=177 epoch=0.6901

                                                 

 23%|██▎       | 177/771 [05:50<19:24,  1.96s/it]2026-09-20 16:20:32,852 INFO [rev_util_helpfulness|paper_align|Qwen3-0.6B] step=177 epoch=0.6901

                                                 

 23%|██▎       | 177/771 [05:50<19:24,  1.96s/it]
 23%|██▎       | 178/771 [05:50<19:15,  1.95s/it]2026-09-20 16:20:33,363 INFO [rev_util_helpfulness|paper_align|Qwen3-0.6B] step=178 epoch=0.6940

                                                 

 23%|██▎       | 178/771 [05:51<19:15,  1.95s/it]2026-09-20 16:20:33,832 INFO [rev_util_helpfulness|paper_align|Qwen3-0.6B] step=178 epoch=0.6940

                                                 

 23%|██▎       | 178/771 [05:51<19:15,  1.95s/it]2026-09-20 16:20:34,307 INFO [rev_util_helpfulness|paper_align|Qwen3-0.6B] step=178 epoch=0.6940

                                                 

 23%|██▎       | 178/771 [05:52<19:15,  1.95s/it]2026-09-20 16:20:34,785 INFO [rev_util_helpfulness|paper_align|Qwen3-0.6B] step=178 epoch=0.6940

                                                 

 23%|██▎       | 178/771 [05:52<19:15,  1.95s/it]
 23%|██▎       | 179/771 [05:52<19:10,  1.94s/it]2026-09-20 16:20:35,289 INFO [rev_util_helpfulness|paper_align|Qwen3-0.6B] step=179 epoch=0.6979

                                                 

 23%|██▎       | 179/771 [05:53<19:10,  1.94s/it]2026-09-20 16:20:35,777 INFO [rev_util_helpfulness|paper_align|Qwen3-0.6B] step=179 epoch=0.6979

                                                 

 23%|██▎       | 179/771 [05:53<19:10,  1.94s/it]2026-09-20 16:20:36,249 INFO [rev_util_helpfulness|paper_align|Qwen3-0.6B] step=179 epoch=0.6979

                                                 

 23%|██▎       | 179/771 [05:53<19:10,  1.94s/it]2026-09-20 16:20:36,732 INFO [rev_util_helpfulness|paper_align|Qwen3-0.6B] step=179 epoch=0.6979

                                                 

 23%|██▎       | 179/771 [05:54<19:10,  1.94s/it]
 23%|██▎       | 180/771 [05:54<19:09,  1.95s/it]2026-09-20 16:20:37,063 INFO [rev_util_helpfulness|paper_align|Qwen3-0.6B] step=180 loss=0.7591 learning_rate=0.0001 epoch=0.7018

                                                 

 23%|██▎       | 180/771 [05:54<19:09,  1.95s/it]2026-09-20 16:20:37,416 INFO [rev_util_helpfulness|paper_align|Qwen3-0.6B] step=180 epoch=0.7018

                                                 

 23%|██▎       | 180/771 [05:55<19:09,  1.95s/it]2026-09-20 16:20:37,886 INFO [rev_util_helpfulness|paper_align|Qwen3-0.6B] step=180 epoch=0.7018

                                                 

 23%|██▎       | 180/771 [05:55<19:09,  1.95s/it]2026-09-20 16:20:38,405 INFO [rev_util_helpfulness|paper_align|Qwen3-0.6B] step=180 epoch=0.7018

                                                 

 23%|██▎       | 180/771 [05:56<19:09,  1.95s/it]2026-09-20 16:20:38,881 INFO [rev_util_helpfulness|paper_align|Qwen3-0.6B] step=180 epoch=0.7018

                                                 

 23%|██▎       | 180/771 [05:56<19:09,  1.95s/it]
 23%|██▎       | 181/771 [05:56<19:47,  2.01s/it]2026-09-20 16:20:39,418 INFO [rev_util_helpfulness|paper_align|Qwen3-0.6B] step=181 epoch=0.7057

                                                 

 23%|██▎       | 181/771 [05:57<19:47,  2.01s/it]2026-09-20 16:20:39,897 INFO [rev_util_helpfulness|paper_align|Qwen3-0.6B] step=181 epoch=0.7057

                                                 

 23%|██▎       | 181/771 [05:57<19:47,  2.01s/it]2026-09-20 16:20:40,370 INFO [rev_util_helpfulness|paper_align|Qwen3-0.6B] step=181 epoch=0.7057

                                                 

 23%|██▎       | 181/771 [05:58<19:47,  2.01s/it]2026-09-20 16:20:40,860 INFO [rev_util_helpfulness|paper_align|Qwen3-0.6B] step=181 epoch=0.7057

                                                 

 23%|██▎       | 181/771 [05:58<19:47,  2.01s/it]
 24%|██▎       | 182/771 [05:58<19:35,  2.00s/it]2026-09-20 16:20:41,366 INFO [rev_util_helpfulness|paper_align|Qwen3-0.6B] step=182 epoch=0.7096

                                                 

 24%|██▎       | 182/771 [05:59<19:35,  2.00s/it]2026-09-20 16:20:41,836 INFO [rev_util_helpfulness|paper_align|Qwen3-0.6B] step=182 epoch=0.7096

                                                 

 24%|██▎       | 182/771 [05:59<19:35,  2.00s/it]2026-09-20 16:20:42,305 INFO [rev_util_helpfulness|paper_align|Qwen3-0.6B] step=182 epoch=0.7096

                                                 

 24%|██▎       | 182/771 [06:00<19:35,  2.00s/it]2026-09-20 16:20:42,778 INFO [rev_util_helpfulness|paper_align|Qwen3-0.6B] step=182 epoch=0.7096

                                                 

 24%|██▎       | 182/771 [06:00<19:35,  2.00s/it]
 24%|██▎       | 183/771 [06:00<19:19,  1.97s/it]2026-09-20 16:20:43,281 INFO [rev_util_helpfulness|paper_align|Qwen3-0.6B] step=183 epoch=0.7135

                                                 

 24%|██▎       | 183/771 [06:00<19:19,  1.97s/it]2026-09-20 16:20:43,743 INFO [rev_util_helpfulness|paper_align|Qwen3-0.6B] step=183 epoch=0.7135

                                                 

 24%|██▎       | 183/771 [06:01<19:19,  1.97s/it]2026-09-20 16:20:44,215 INFO [rev_util_helpfulness|paper_align|Qwen3-0.6B] step=183 epoch=0.7135

                                                 

 24%|██▎       | 183/771 [06:01<19:19,  1.97s/it]2026-09-20 16:20:44,685 INFO [rev_util_helpfulness|paper_align|Qwen3-0.6B] step=183 epoch=0.7135

                                                 

 24%|██▎       | 183/771 [06:02<19:19,  1.97s/it]
 24%|██▍       | 184/771 [06:02<19:06,  1.95s/it]2026-09-20 16:20:45,187 INFO [rev_util_helpfulness|paper_align|Qwen3-0.6B] step=184 epoch=0.7173

                                                 

 24%|██▍       | 184/771 [06:02<19:06,  1.95s/it]2026-09-20 16:20:45,649 INFO [rev_util_helpfulness|paper_align|Qwen3-0.6B] step=184 epoch=0.7173

                                                 

 24%|██▍       | 184/771 [06:03<19:06,  1.95s/it]2026-09-20 16:20:46,118 INFO [rev_util_helpfulness|paper_align|Qwen3-0.6B] step=184 epoch=0.7173

                                                 

 24%|██▍       | 184/771 [06:03<19:06,  1.95s/it]2026-09-20 16:20:46,767 INFO [rev_util_helpfulness|paper_align|Qwen3-0.6B] step=184 epoch=0.7173

                                                 

 24%|██▍       | 184/771 [06:04<19:06,  1.95s/it]
 24%|██▍       | 185/771 [06:04<19:27,  1.99s/it]2026-09-20 16:20:47,271 INFO [rev_util_helpfulness|paper_align|Qwen3-0.6B] step=185 epoch=0.7212

                                                 

 24%|██▍       | 185/771 [06:04<19:27,  1.99s/it]2026-09-20 16:20:47,733 INFO [rev_util_helpfulness|paper_align|Qwen3-0.6B] step=185 epoch=0.7212

                                                 

 24%|██▍       | 185/771 [06:05<19:27,  1.99s/it]2026-09-20 16:20:48,200 INFO [rev_util_helpfulness|paper_align|Qwen3-0.6B] step=185 epoch=0.7212

                                                 

 24%|██▍       | 185/771 [06:05<19:27,  1.99s/it]2026-09-20 16:20:48,668 INFO [rev_util_helpfulness|paper_align|Qwen3-0.6B] step=185 epoch=0.7212

                                                 

 24%|██▍       | 185/771 [06:06<19:27,  1.99s/it]
 24%|██▍       | 186/771 [06:06<19:09,  1.96s/it]2026-09-20 16:20:49,173 INFO [rev_util_helpfulness|paper_align|Qwen3-0.6B] step=186 epoch=0.7251

                                                 

 24%|██▍       | 186/771 [06:06<19:09,  1.96s/it]2026-09-20 16:20:49,638 INFO [rev_util_helpfulness|paper_align|Qwen3-0.6B] step=186 epoch=0.7251

                                                 

 24%|██▍       | 186/771 [06:07<19:09,  1.96s/it]2026-09-20 16:20:50,111 INFO [rev_util_helpfulness|paper_align|Qwen3-0.6B] step=186 epoch=0.7251

                                                 

 24%|██▍       | 186/771 [06:07<19:09,  1.96s/it]2026-09-20 16:20:50,579 INFO [rev_util_helpfulness|paper_align|Qwen3-0.6B] step=186 epoch=0.7251

                                                 

 24%|██▍       | 186/771 [06:08<19:09,  1.96s/it]
 24%|██▍       | 187/771 [06:08<18:59,  1.95s/it]2026-09-20 16:20:51,104 INFO [rev_util_helpfulness|paper_align|Qwen3-0.6B] step=187 epoch=0.7290

                                                 

 24%|██▍       | 187/771 [06:08<18:59,  1.95s/it]2026-09-20 16:20:51,570 INFO [rev_util_helpfulness|paper_align|Qwen3-0.6B] step=187 epoch=0.7290

                                                 

 24%|██▍       | 187/771 [06:09<18:59,  1.95s/it]2026-09-20 16:20:52,034 INFO [rev_util_helpfulness|paper_align|Qwen3-0.6B] step=187 epoch=0.7290

                                                 

 24%|██▍       | 187/771 [06:09<18:59,  1.95s/it]2026-09-20 16:20:52,508 INFO [rev_util_helpfulness|paper_align|Qwen3-0.6B] step=187 epoch=0.7290

                                                 

 24%|██▍       | 187/771 [06:10<18:59,  1.95s/it]
 24%|██▍       | 188/771 [06:10<18:51,  1.94s/it]2026-09-20 16:20:53,013 INFO [rev_util_helpfulness|paper_align|Qwen3-0.6B] step=188 epoch=0.7329

                                                 

 24%|██▍       | 188/771 [06:10<18:51,  1.94s/it]2026-09-20 16:20:53,484 INFO [rev_util_helpfulness|paper_align|Qwen3-0.6B] step=188 epoch=0.7329

                                                 

 24%|██▍       | 188/771 [06:11<18:51,  1.94s/it]2026-09-20 16:20:53,953 INFO [rev_util_helpfulness|paper_align|Qwen3-0.6B] step=188 epoch=0.7329

                                                 

 24%|██▍       | 188/771 [06:11<18:51,  1.94s/it]2026-09-20 16:20:54,423 INFO [rev_util_helpfulness|paper_align|Qwen3-0.6B] step=188 epoch=0.7329

                                                 

 24%|██▍       | 188/771 [06:12<18:51,  1.94s/it]
 25%|██▍       | 189/771 [06:12<18:46,  1.94s/it]2026-09-20 16:20:54,932 INFO [rev_util_helpfulness|paper_align|Qwen3-0.6B] step=189 epoch=0.7368

                                                 

 25%|██▍       | 189/771 [06:12<18:46,  1.94s/it]2026-09-20 16:20:55,400 INFO [rev_util_helpfulness|paper_align|Qwen3-0.6B] step=189 epoch=0.7368

                                                 

 25%|██▍       | 189/771 [06:13<18:46,  1.94s/it]2026-09-20 16:20:55,869 INFO [rev_util_helpfulness|paper_align|Qwen3-0.6B] step=189 epoch=0.7368

                                                 

 25%|██▍       | 189/771 [06:13<18:46,  1.94s/it]2026-09-20 16:20:56,533 INFO [rev_util_helpfulness|paper_align|Qwen3-0.6B] step=189 epoch=0.7368

                                                 

 25%|██▍       | 189/771 [06:14<18:46,  1.94s/it]
 25%|██▍       | 190/771 [06:14<19:14,  1.99s/it]2026-09-20 16:20:56,864 INFO [rev_util_helpfulness|paper_align|Qwen3-0.6B] step=190 loss=0.7066 learning_rate=0.0001 epoch=0.7407

                                                 

 25%|██▍       | 190/771 [06:14<19:14,  1.99s/it]2026-09-20 16:20:57,042 INFO [rev_util_helpfulness|paper_align|Qwen3-0.6B] step=190 epoch=0.7407

                                                 

 25%|██▍       | 190/771 [06:14<19:14,  1.99s/it]2026-09-20 16:20:57,543 INFO [rev_util_helpfulness|paper_align|Qwen3-0.6B] step=190 epoch=0.7407

                                                 

 25%|██▍       | 190/771 [06:15<19:14,  1.99s/it]2026-09-20 16:20:58,015 INFO [rev_util_helpfulness|paper_align|Qwen3-0.6B] step=190 epoch=0.7407

                                                 

 25%|██▍       | 190/771 [06:15<19:14,  1.99s/it]2026-09-20 16:20:58,483 INFO [rev_util_helpfulness|paper_align|Qwen3-0.6B] step=190 epoch=0.7407

                                                 

 25%|██▍       | 190/771 [06:16<19:14,  1.99s/it]
 25%|██▍       | 191/771 [06:16<19:04,  1.97s/it]2026-09-20 16:20:58,986 INFO [rev_util_helpfulness|paper_align|Qwen3-0.6B] step=191 epoch=0.7446

                                                 

 25%|██▍       | 191/771 [06:16<19:04,  1.97s/it]2026-09-20 16:20:59,453 INFO [rev_util_helpfulness|paper_align|Qwen3-0.6B] step=191 epoch=0.7446

                                                 

 25%|██▍       | 191/771 [06:17<19:04,  1.97s/it]2026-09-20 16:20:59,926 INFO [rev_util_helpfulness|paper_align|Qwen3-0.6B] step=191 epoch=0.7446

                                                 

 25%|██▍       | 191/771 [06:17<19:04,  1.97s/it]2026-09-20 16:21:00,396 INFO [rev_util_helpfulness|paper_align|Qwen3-0.6B] step=191 epoch=0.7446

                                                 

 25%|██▍       | 191/771 [06:18<19:04,  1.97s/it]
 25%|██▍       | 192/771 [06:18<18:54,  1.96s/it]2026-09-20 16:21:00,908 INFO [rev_util_helpfulness|paper_align|Qwen3-0.6B] step=192 epoch=0.7485

                                                 

 25%|██▍       | 192/771 [06:18<18:54,  1.96s/it]2026-09-20 16:21:01,376 INFO [rev_util_helpfulness|paper_align|Qwen3-0.6B] step=192 epoch=0.7485

                                                 
{'paper_align_label_loss': '0.2103', 'paper_align_reason_loss': '0.2536', 'epoch': '0.6667'}
{'paper_align_label_loss': '0.1139', 'paper_align_reason_loss': '0.2083', 'epoch': '0.6667'}
{'paper_align_label_loss': '0.09125', 'paper_align_reason_loss': '0.2831', 'epoch': '0.6667'}
{'paper_align_label_loss': '0.1524', 'paper_align_reason_loss': '0.2177', 'epoch': '0.6667'}
{'paper_align_label_loss': '0.2359', 'paper_align_reason_loss': '0.3214', 'epoch': '0.6706'}
{'paper_align_label_loss': '0.03685', 'paper_align_reason_loss': '0.2827', 'epoch': '0.6706'}
{'paper_align_label_loss': '0.04088', 'paper_align_reason_loss': '0.2636', 'epoch': '0.6706'}
{'paper_align_label_loss': '0.03221', 'paper_align_reason_loss': '0.2473', 'epoch': '0.6706'}
{'paper_align_label_loss': '0.263', 'paper_align_reason_loss': '0.239', 'epoch': '0.6745'}
{'paper_align_label_loss': '0.01517', 'paper_align_reason_loss': '0.2486', 'epoch': '0.6745'}
{'paper_align_label_loss': '0.1001', 'paper_align_reason_loss': '0.3549', 'epoch': '0.6745'}
{'paper_align_label_loss': '0.06354', 'paper_align_reason_loss': '0.3186', 'epoch': '0.6745'}
{'paper_align_label_loss': '0.07934', 'paper_align_reason_loss': '0.3546', 'epoch': '0.6784'}
{'paper_align_label_loss': '0.08615', 'paper_align_reason_loss': '0.3321', 'epoch': '0.6784'}
{'paper_align_label_loss': '0.1348', 'paper_align_reason_loss': '0.3052', 'epoch': '0.6784'}
{'paper_align_label_loss': '0.1586', 'paper_align_reason_loss': '0.3637', 'epoch': '0.6784'}
{'paper_align_label_loss': '0.08111', 'paper_align_reason_loss': '0.2863', 'epoch': '0.6823'}
{'paper_align_label_loss': '0.03142', 'paper_align_reason_loss': '0.3087', 'epoch': '0.6823'}
{'paper_align_label_loss': '0.1581', 'paper_align_reason_loss': '0.3129', 'epoch': '0.6823'}
{'paper_align_label_loss': '0.2383', 'paper_align_reason_loss': '0.2135', 'epoch': '0.6823'}
{'paper_align_label_loss': '0.08515', 'paper_align_reason_loss': '0.3168', 'epoch': '0.6862'}
{'paper_align_label_loss': '0.1077', 'paper_align_reason_loss': '0.2002', 'epoch': '0.6862'}
{'paper_align_label_loss': '0.04647', 'paper_align_reason_loss': '0.2516', 'epoch': '0.6862'}
{'paper_align_label_loss': '0.09629', 'paper_align_reason_loss': '0.3044', 'epoch': '0.6862'}
{'paper_align_label_loss': '0.149', 'paper_align_reason_loss': '0.2095', 'epoch': '0.6901'}
{'paper_align_label_loss': '0.1073', 'paper_align_reason_loss': '0.3152', 'epoch': '0.6901'}
{'paper_align_label_loss': '0.163', 'paper_align_reason_loss': '0.2392', 'epoch': '0.6901'}
{'paper_align_label_loss': '0.2282', 'paper_align_reason_loss': '0.2013', 'epoch': '0.6901'}
{'paper_align_label_loss': '0.08696', 'paper_align_reason_loss': '0.2295', 'epoch': '0.694'}
{'paper_align_label_loss': '0.1054', 'paper_align_reason_loss': '0.1945', 'epoch': '0.694'}
{'paper_align_label_loss': '0.09656', 'paper_align_reason_loss': '0.2487', 'epoch': '0.694'}
{'paper_align_label_loss': '0.05983', 'paper_align_reason_loss': '0.23', 'epoch': '0.694'}
{'paper_align_label_loss': '0.1405', 'paper_align_reason_loss': '0.2105', 'epoch': '0.6979'}
{'paper_align_label_loss': '0.04542', 'paper_align_reason_loss': '0.2283', 'epoch': '0.6979'}
{'paper_align_label_loss': '0.0443', 'paper_align_reason_loss': '0.2587', 'epoch': '0.6979'}
{'paper_align_label_loss': '0.08055', 'paper_align_reason_loss': '0.2425', 'epoch': '0.6979'}
{'loss': '0.7591', 'grad_norm': '4.374', 'learning_rate': '8.975e-05', 'epoch': '0.7018'}
{'paper_align_label_loss': '0.09321', 'paper_align_reason_loss': '0.239', 'epoch': '0.7018'}
{'paper_align_label_loss': '0.0986', 'paper_align_reason_loss': '0.2299', 'epoch': '0.7018'}
{'paper_align_label_loss': '0.04254', 'paper_align_reason_loss': '0.2527', 'epoch': '0.7018'}
{'paper_align_label_loss': '0.13', 'paper_align_reason_loss': '0.2864', 'epoch': '0.7018'}
{'paper_align_label_loss': '0.1781', 'paper_align_reason_loss': '0.2113', 'epoch': '0.7057'}
{'paper_align_label_loss': '0.07159', 'paper_align_reason_loss': '0.2811', 'epoch': '0.7057'}
{'paper_align_label_loss': '0.06379', 'paper_align_reason_loss': '0.1637', 'epoch': '0.7057'}
{'paper_align_label_loss': '0.06549', 'paper_align_reason_loss': '0.1971', 'epoch': '0.7057'}
{'paper_align_label_loss': '0.07788', 'paper_align_reason_loss': '0.2506', 'epoch': '0.7096'}
{'paper_align_label_loss': '0.06868', 'paper_align_reason_loss': '0.2544', 'epoch': '0.7096'}
{'paper_align_label_loss': '0.06401', 'paper_align_reason_loss': '0.2647', 'epoch': '0.7096'}
{'paper_align_label_loss': '0.09783', 'paper_align_reason_loss': '0.2322', 'epoch': '0.7096'}
{'paper_align_label_loss': '0.04963', 'paper_align_reason_loss': '0.2189', 'epoch': '0.7135'}
{'paper_align_label_loss': '0.09698', 'paper_align_reason_loss': '0.273', 'epoch': '0.7135'}
{'paper_align_label_loss': '0.1164', 'paper_align_reason_loss': '0.3981', 'epoch': '0.7135'}
{'paper_align_label_loss': '0.1767', 'paper_align_reason_loss': '0.3553', 'epoch': '0.7135'}
{'paper_align_label_loss': '0.3584', 'paper_align_reason_loss': '0.2805', 'epoch': '0.7173'}
{'paper_align_label_loss': '0.03263', 'paper_align_reason_loss': '0.1611', 'epoch': '0.7173'}
{'paper_align_label_loss': '0.1634', 'paper_align_reason_loss': '0.2761', 'epoch': '0.7173'}
{'paper_align_label_loss': '0.1056', 'paper_align_reason_loss': '0.2077', 'epoch': '0.7173'}
{'paper_align_label_loss': '0.1399', 'paper_align_reason_loss': '0.3304', 'epoch': '0.7212'}
{'paper_align_label_loss': '0.1636', 'paper_align_reason_loss': '0.2349', 'epoch': '0.7212'}
{'paper_align_label_loss': '0.06675', 'paper_align_reason_loss': '0.2106', 'epoch': '0.7212'}
{'paper_align_label_loss': '0.06331', 'paper_align_reason_loss': '0.2175', 'epoch': '0.7212'}
{'paper_align_label_loss': '0.03022', 'paper_align_reason_loss': '0.2804', 'epoch': '0.7251'}
{'paper_align_label_loss': '0.06671', 'paper_align_reason_loss': '0.2681', 'epoch': '0.7251'}
{'paper_align_label_loss': '0.1703', 'paper_align_reason_loss': '0.2461', 'epoch': '0.7251'}
{'paper_align_label_loss': '0.1606', 'paper_align_reason_loss': '0.1955', 'epoch': '0.7251'}
{'paper_align_label_loss': '0.1723', 'paper_align_reason_loss': '0.2556', 'epoch': '0.729'}
{'paper_align_label_loss': '0.05849', 'paper_align_reason_loss': '0.2349', 'epoch': '0.729'}
{'paper_align_label_loss': '0.09218', 'paper_align_reason_loss': '0.2508', 'epoch': '0.729'}
{'paper_align_label_loss': '0.04399', 'paper_align_reason_loss': '0.296', 'epoch': '0.729'}
{'paper_align_label_loss': '0.1406', 'paper_align_reason_loss': '0.2955', 'epoch': '0.7329'}
{'paper_align_label_loss': '0.07763', 'paper_align_reason_loss': '0.313', 'epoch': '0.7329'}
{'paper_align_label_loss': '0.07282', 'paper_align_reason_loss': '0.2061', 'epoch': '0.7329'}
{'paper_align_label_loss': '0.07193', 'paper_align_reason_loss': '0.208', 'epoch': '0.7329'}
{'paper_align_label_loss': '0.03919', 'paper_align_reason_loss': '0.2672', 'epoch': '0.7368'}
{'paper_align_label_loss': '0.1072', 'paper_align_reason_loss': '0.267', 'epoch': '0.7368'}
{'paper_align_label_loss': '0.08595', 'paper_align_reason_loss': '0.2546', 'epoch': '0.7368'}
{'paper_align_label_loss': '0.0725', 'paper_align_reason_loss': '0.2184', 'epoch': '0.7368'}
{'loss': '0.7066', 'grad_norm': '3.904', 'learning_rate': '8.844e-05', 'epoch': '0.7407'}
{'paper_align_label_loss': '0.02669', 'paper_align_reason_loss': '0.2151', 'epoch': '0.7407'}
{'paper_align_label_loss': '0.04736', 'paper_align_reason_loss': '0.1737', 'epoch': '0.7407'}
{'paper_align_label_loss': '0.07005', 'paper_align_reason_loss': '0.2604', 'epoch': '0.7407'}
{'paper_align_label_loss': '0.1743', 'paper_align_reason_loss': '0.2615', 'epoch': '0.7407'}
{'paper_align_label_loss': '0.1054', 'paper_align_reason_loss': '0.2077', 'epoch': '0.7446'}
{'paper_align_label_loss': '0.06364', 'paper_align_reason_loss': '0.2483', 'epoch': '0.7446'}
{'paper_align_label_loss': '0.02344', 'paper_align_reason_loss': '0.1891', 'epoch': '0.7446'}
{'paper_align_label_loss': '0.07277', 'paper_align_reason_loss': '0.2885', 'epoch': '0.7446'}
{'paper_align_label_loss': '0.07454', 'paper_align_reason_loss': '0.2496', 'epoch': '0.7485'}

 25%|██▍       | 192/771 [06:19<18:54,  1.96s/it]2026-09-20 16:21:01,845 INFO [rev_util_helpfulness|paper_align|Qwen3-0.6B] step=192 epoch=0.7485

                                                 

 25%|██▍       | 192/771 [06:19<18:54,  1.96s/it]2026-09-20 16:21:02,328 INFO [rev_util_helpfulness|paper_align|Qwen3-0.6B] step=192 epoch=0.7485

                                                 

 25%|██▍       | 192/771 [06:20<18:54,  1.96s/it]
 25%|██▌       | 193/771 [06:20<18:50,  1.96s/it]2026-09-20 16:21:02,859 INFO [rev_util_helpfulness|paper_align|Qwen3-0.6B] step=193 epoch=0.7524

                                                 

 25%|██▌       | 193/771 [06:20<18:50,  1.96s/it]2026-09-20 16:21:03,330 INFO [rev_util_helpfulness|paper_align|Qwen3-0.6B] step=193 epoch=0.7524

                                                 

 25%|██▌       | 193/771 [06:21<18:50,  1.96s/it]2026-09-20 16:21:03,806 INFO [rev_util_helpfulness|paper_align|Qwen3-0.6B] step=193 epoch=0.7524

                                                 

 25%|██▌       | 193/771 [06:21<18:50,  1.96s/it]2026-09-20 16:21:04,283 INFO [rev_util_helpfulness|paper_align|Qwen3-0.6B] step=193 epoch=0.7524

                                                 

 25%|██▌       | 193/771 [06:22<18:50,  1.96s/it]
 25%|██▌       | 194/771 [06:22<18:44,  1.95s/it]2026-09-20 16:21:04,790 INFO [rev_util_helpfulness|paper_align|Qwen3-0.6B] step=194 epoch=0.7563

                                                 

 25%|██▌       | 194/771 [06:22<18:44,  1.95s/it]2026-09-20 16:21:05,260 INFO [rev_util_helpfulness|paper_align|Qwen3-0.6B] step=194 epoch=0.7563

                                                 

 25%|██▌       | 194/771 [06:22<18:44,  1.95s/it]2026-09-20 16:21:05,744 INFO [rev_util_helpfulness|paper_align|Qwen3-0.6B] step=194 epoch=0.7563

                                                 

 25%|██▌       | 194/771 [06:23<18:44,  1.95s/it]2026-09-20 16:21:06,222 INFO [rev_util_helpfulness|paper_align|Qwen3-0.6B] step=194 epoch=0.7563

                                                 

 25%|██▌       | 194/771 [06:23<18:44,  1.95s/it]
 25%|██▌       | 195/771 [06:24<18:43,  1.95s/it]2026-09-20 16:21:06,931 INFO [rev_util_helpfulness|paper_align|Qwen3-0.6B] step=195 epoch=0.7602

                                                 

 25%|██▌       | 195/771 [06:24<18:43,  1.95s/it]2026-09-20 16:21:07,401 INFO [rev_util_helpfulness|paper_align|Qwen3-0.6B] step=195 epoch=0.7602

                                                 

 25%|██▌       | 195/771 [06:25<18:43,  1.95s/it]2026-09-20 16:21:07,872 INFO [rev_util_helpfulness|paper_align|Qwen3-0.6B] step=195 epoch=0.7602

                                                 

 25%|██▌       | 195/771 [06:25<18:43,  1.95s/it]2026-09-20 16:21:08,347 INFO [rev_util_helpfulness|paper_align|Qwen3-0.6B] step=195 epoch=0.7602

                                                 

 25%|██▌       | 195/771 [06:26<18:43,  1.95s/it]
 25%|██▌       | 196/771 [06:26<19:09,  2.00s/it]2026-09-20 16:21:08,877 INFO [rev_util_helpfulness|paper_align|Qwen3-0.6B] step=196 epoch=0.7641

                                                 

 25%|██▌       | 196/771 [06:26<19:09,  2.00s/it]2026-09-20 16:21:09,347 INFO [rev_util_helpfulness|paper_align|Qwen3-0.6B] step=196 epoch=0.7641

                                                 

 25%|██▌       | 196/771 [06:27<19:09,  2.00s/it]2026-09-20 16:21:09,830 INFO [rev_util_helpfulness|paper_align|Qwen3-0.6B] step=196 epoch=0.7641

                                                 

 25%|██▌       | 196/771 [06:27<19:09,  2.00s/it]2026-09-20 16:21:10,310 INFO [rev_util_helpfulness|paper_align|Qwen3-0.6B] step=196 epoch=0.7641

                                                 

 25%|██▌       | 196/771 [06:28<19:09,  2.00s/it]
 26%|██▌       | 197/771 [06:28<19:00,  1.99s/it]2026-09-20 16:21:10,818 INFO [rev_util_helpfulness|paper_align|Qwen3-0.6B] step=197 epoch=0.7680

                                                 

 26%|██▌       | 197/771 [06:28<19:00,  1.99s/it]2026-09-20 16:21:11,299 INFO [rev_util_helpfulness|paper_align|Qwen3-0.6B] step=197 epoch=0.7680

                                                 

 26%|██▌       | 197/771 [06:29<19:00,  1.99s/it]2026-09-20 16:21:11,777 INFO [rev_util_helpfulness|paper_align|Qwen3-0.6B] step=197 epoch=0.7680

                                                 

 26%|██▌       | 197/771 [06:29<19:00,  1.99s/it]2026-09-20 16:21:12,252 INFO [rev_util_helpfulness|paper_align|Qwen3-0.6B] step=197 epoch=0.7680

                                                 

 26%|██▌       | 197/771 [06:29<19:00,  1.99s/it]
 26%|██▌       | 198/771 [06:30<18:49,  1.97s/it]2026-09-20 16:21:12,752 INFO [rev_util_helpfulness|paper_align|Qwen3-0.6B] step=198 epoch=0.7719

                                                 

 26%|██▌       | 198/771 [06:30<18:49,  1.97s/it]2026-09-20 16:21:13,231 INFO [rev_util_helpfulness|paper_align|Qwen3-0.6B] step=198 epoch=0.7719

                                                 

 26%|██▌       | 198/771 [06:30<18:49,  1.97s/it]2026-09-20 16:21:13,710 INFO [rev_util_helpfulness|paper_align|Qwen3-0.6B] step=198 epoch=0.7719

                                                 

 26%|██▌       | 198/771 [06:31<18:49,  1.97s/it]2026-09-20 16:21:14,192 INFO [rev_util_helpfulness|paper_align|Qwen3-0.6B] step=198 epoch=0.7719

                                                 

 26%|██▌       | 198/771 [06:31<18:49,  1.97s/it]
 26%|██▌       | 199/771 [06:32<18:45,  1.97s/it]2026-09-20 16:21:14,709 INFO [rev_util_helpfulness|paper_align|Qwen3-0.6B] step=199 epoch=0.7758

                                                 

 26%|██▌       | 199/771 [06:32<18:45,  1.97s/it]2026-09-20 16:21:15,189 INFO [rev_util_helpfulness|paper_align|Qwen3-0.6B] step=199 epoch=0.7758

                                                 

 26%|██▌       | 199/771 [06:32<18:45,  1.97s/it]2026-09-20 16:21:15,678 INFO [rev_util_helpfulness|paper_align|Qwen3-0.6B] step=199 epoch=0.7758

                                                 

 26%|██▌       | 199/771 [06:33<18:45,  1.97s/it]2026-09-20 16:21:16,170 INFO [rev_util_helpfulness|paper_align|Qwen3-0.6B] step=199 epoch=0.7758

                                                 

 26%|██▌       | 199/771 [06:33<18:45,  1.97s/it]
 26%|██▌       | 200/771 [06:34<18:46,  1.97s/it]2026-09-20 16:21:16,515 INFO [rev_util_helpfulness|paper_align|Qwen3-0.6B] step=200 loss=0.6778 learning_rate=0.0001 epoch=0.7797

                                                 

 26%|██▌       | 200/771 [06:34<18:46,  1.97s/it]2026-09-20 16:21:16,885 INFO [rev_util_helpfulness|paper_align|Qwen3-0.6B] step=200 epoch=0.7797

                                                 

 26%|██▌       | 200/771 [06:34<18:46,  1.97s/it]2026-09-20 16:21:17,360 INFO [rev_util_helpfulness|paper_align|Qwen3-0.6B] step=200 epoch=0.7797

                                                 

 26%|██▌       | 200/771 [06:35<18:46,  1.97s/it]2026-09-20 16:21:17,846 INFO [rev_util_helpfulness|paper_align|Qwen3-0.6B] step=200 epoch=0.7797

                                                 

 26%|██▌       | 200/771 [06:35<18:46,  1.97s/it]2026-09-20 16:21:18,349 INFO [rev_util_helpfulness|paper_align|Qwen3-0.6B] step=200 epoch=0.7797

                                                 

 26%|██▌       | 200/771 [06:36<18:46,  1.97s/it]
 26%|██▌       | 201/771 [06:36<19:18,  2.03s/it]2026-09-20 16:21:18,865 INFO [rev_util_helpfulness|paper_align|Qwen3-0.6B] step=201 epoch=0.7836

                                                 

 26%|██▌       | 201/771 [06:36<19:18,  2.03s/it]2026-09-20 16:21:19,347 INFO [rev_util_helpfulness|paper_align|Qwen3-0.6B] step=201 epoch=0.7836

                                                 

 26%|██▌       | 201/771 [06:37<19:18,  2.03s/it]2026-09-20 16:21:19,844 INFO [rev_util_helpfulness|paper_align|Qwen3-0.6B] step=201 epoch=0.7836

                                                 

 26%|██▌       | 201/771 [06:37<19:18,  2.03s/it]2026-09-20 16:21:20,333 INFO [rev_util_helpfulness|paper_align|Qwen3-0.6B] step=201 epoch=0.7836

                                                 

 26%|██▌       | 201/771 [06:38<19:18,  2.03s/it]
 26%|██▌       | 202/771 [06:38<19:08,  2.02s/it]2026-09-20 16:21:20,863 INFO [rev_util_helpfulness|paper_align|Qwen3-0.6B] step=202 epoch=0.7875

                                                 

 26%|██▌       | 202/771 [06:38<19:08,  2.02s/it]2026-09-20 16:21:21,340 INFO [rev_util_helpfulness|paper_align|Qwen3-0.6B] step=202 epoch=0.7875

                                                 

 26%|██▌       | 202/771 [06:39<19:08,  2.02s/it]2026-09-20 16:21:21,823 INFO [rev_util_helpfulness|paper_align|Qwen3-0.6B] step=202 epoch=0.7875

                                                 

 26%|██▌       | 202/771 [06:39<19:08,  2.02s/it]2026-09-20 16:21:22,305 INFO [rev_util_helpfulness|paper_align|Qwen3-0.6B] step=202 epoch=0.7875

                                                 

 26%|██▌       | 202/771 [06:40<19:08,  2.02s/it]
 26%|██▋       | 203/771 [06:40<18:57,  2.00s/it]2026-09-20 16:21:22,816 INFO [rev_util_helpfulness|paper_align|Qwen3-0.6B] step=203 epoch=0.7914

                                                 

 26%|██▋       | 203/771 [06:40<18:57,  2.00s/it]2026-09-20 16:21:23,297 INFO [rev_util_helpfulness|paper_align|Qwen3-0.6B] step=203 epoch=0.7914

                                                 

 26%|██▋       | 203/771 [06:41<18:57,  2.00s/it]2026-09-20 16:21:23,775 INFO [rev_util_helpfulness|paper_align|Qwen3-0.6B] step=203 epoch=0.7914

                                                 

 26%|██▋       | 203/771 [06:41<18:57,  2.00s/it]2026-09-20 16:21:24,256 INFO [rev_util_helpfulness|paper_align|Qwen3-0.6B] step=203 epoch=0.7914

                                                 

 26%|██▋       | 203/771 [06:41<18:57,  2.00s/it]
 26%|██▋       | 204/771 [06:42<18:46,  1.99s/it]2026-09-20 16:21:24,765 INFO [rev_util_helpfulness|paper_align|Qwen3-0.6B] step=204 epoch=0.7953

                                                 

 26%|██▋       | 204/771 [06:42<18:46,  1.99s/it]2026-09-20 16:21:25,243 INFO [rev_util_helpfulness|paper_align|Qwen3-0.6B] step=204 epoch=0.7953

                                                 

 26%|██▋       | 204/771 [06:42<18:46,  1.99s/it]2026-09-20 16:21:25,720 INFO [rev_util_helpfulness|paper_align|Qwen3-0.6B] step=204 epoch=0.7953

                                                 

 26%|██▋       | 204/771 [06:43<18:46,  1.99s/it]2026-09-20 16:21:26,208 INFO [rev_util_helpfulness|paper_align|Qwen3-0.6B] step=204 epoch=0.7953

                                                 

 26%|██▋       | 204/771 [06:43<18:46,  1.99s/it]
 27%|██▋       | 205/771 [06:44<18:38,  1.98s/it]2026-09-20 16:21:26,951 INFO [rev_util_helpfulness|paper_align|Qwen3-0.6B] step=205 epoch=0.7992

                                                 

 27%|██▋       | 205/771 [06:44<18:38,  1.98s/it]2026-09-20 16:21:27,427 INFO [rev_util_helpfulness|paper_align|Qwen3-0.6B] step=205 epoch=0.7992

                                                 

 27%|██▋       | 205/771 [06:45<18:38,  1.98s/it]2026-09-20 16:21:27,909 INFO [rev_util_helpfulness|paper_align|Qwen3-0.6B] step=205 epoch=0.7992

                                                 

 27%|██▋       | 205/771 [06:45<18:38,  1.98s/it]2026-09-20 16:21:28,390 INFO [rev_util_helpfulness|paper_align|Qwen3-0.6B] step=205 epoch=0.7992

                                                 

 27%|██▋       | 205/771 [06:46<18:38,  1.98s/it]
 27%|██▋       | 206/771 [06:46<19:13,  2.04s/it]2026-09-20 16:21:28,914 INFO [rev_util_helpfulness|paper_align|Qwen3-0.6B] step=206 epoch=0.8031

                                                 

 27%|██▋       | 206/771 [06:46<19:13,  2.04s/it]2026-09-20 16:21:29,399 INFO [rev_util_helpfulness|paper_align|Qwen3-0.6B] step=206 epoch=0.8031

                                                 

 27%|██▋       | 206/771 [06:47<19:13,  2.04s/it]2026-09-20 16:21:29,875 INFO [rev_util_helpfulness|paper_align|Qwen3-0.6B] step=206 epoch=0.8031

                                                 

 27%|██▋       | 206/771 [06:47<19:13,  2.04s/it]2026-09-20 16:21:30,363 INFO [rev_util_helpfulness|paper_align|Qwen3-0.6B] step=206 epoch=0.8031

                                                 

 27%|██▋       | 206/771 [06:48<19:13,  2.04s/it]
 27%|██▋       | 207/771 [06:48<18:58,  2.02s/it]2026-09-20 16:21:30,879 INFO [rev_util_helpfulness|paper_align|Qwen3-0.6B] step=207 epoch=0.8070

                                                 

 27%|██▋       | 207/771 [06:48<18:58,  2.02s/it]2026-09-20 16:21:31,363 INFO [rev_util_helpfulness|paper_align|Qwen3-0.6B] step=207 epoch=0.8070

                                                 

 27%|██▋       | 207/771 [06:49<18:58,  2.02s/it]2026-09-20 16:21:31,852 INFO [rev_util_helpfulness|paper_align|Qwen3-0.6B] step=207 epoch=0.8070

                                                 

 27%|██▋       | 207/771 [06:49<18:58,  2.02s/it]2026-09-20 16:21:32,343 INFO [rev_util_helpfulness|paper_align|Qwen3-0.6B] step=207 epoch=0.8070

                                                 

 27%|██▋       | 207/771 [06:50<18:58,  2.02s/it]
 27%|██▋       | 208/771 [06:50<18:50,  2.01s/it]2026-09-20 16:21:32,861 INFO [rev_util_helpfulness|paper_align|Qwen3-0.6B] step=208 epoch=0.8109

                                                 

 27%|██▋       | 208/771 [06:50<18:50,  2.01s/it]2026-09-20 16:21:33,344 INFO [rev_util_helpfulness|paper_align|Qwen3-0.6B] step=208 epoch=0.8109

                                                 

 27%|██▋       | 208/771 [06:51<18:50,  2.01s/it]2026-09-20 16:21:33,829 INFO [rev_util_helpfulness|paper_align|Qwen3-0.6B] step=208 epoch=0.8109

                                                 

 27%|██▋       | 208/771 [06:51<18:50,  2.01s/it]2026-09-20 16:21:34,321 INFO [rev_util_helpfulness|paper_align|Qwen3-0.6B] step=208 epoch=0.8109

                                                 

 27%|██▋       | 208/771 [06:52<18:50,  2.01s/it]
 27%|██▋       | 209/771 [06:52<18:46,  2.00s/it]2026-09-20 16:21:34,853 INFO [rev_util_helpfulness|paper_align|Qwen3-0.6B] step=209 epoch=0.8148

                                                 

 27%|██▋       | 209/771 [06:52<18:46,  2.00s/it]2026-09-20 16:21:35,330 INFO [rev_util_helpfulness|paper_align|Qwen3-0.6B] step=209 epoch=0.8148

                                                 

 27%|██▋       | 209/771 [06:53<18:46,  2.00s/it]2026-09-20 16:21:35,809 INFO [rev_util_helpfulness|paper_align|Qwen3-0.6B] step=209 epoch=0.8148

                                                 

 27%|██▋       | 209/771 [06:53<18:46,  2.00s/it]2026-09-20 16:21:36,283 INFO [rev_util_helpfulness|paper_align|Qwen3-0.6B] step=209 epoch=0.8148

                                                 

 27%|██▋       | 209/771 [06:54<18:46,  2.00s/it]
 27%|██▋       | 210/771 [06:54<18:33,  1.99s/it]2026-09-20 16:21:36,619 INFO [rev_util_helpfulness|paper_align|Qwen3-0.6B] step=210 loss=0.6637 learning_rate=0.0001 epoch=0.8187

                                                 

 27%|██▋       | 210/771 [06:54<18:33,  1.99s/it]2026-09-20 16:21:36,796 INFO [rev_util_helpfulness|paper_align|Qwen3-0.6B] step=210 epoch=0.8187

                                                 

 27%|██▋       | 210/771 [06:54<18:33,  1.99s/it]2026-09-20 16:21:37,276 INFO [rev_util_helpfulness|paper_align|Qwen3-0.6B] step=210 epoch=0.8187

                                                 

 27%|██▋       | 210/771 [06:54<18:33,  1.99s/it]2026-09-20 16:21:37,951 INFO [rev_util_helpfulness|paper_align|Qwen3-0.6B] step=210 epoch=0.8187

                                                 

 27%|██▋       | 210/771 [06:55<18:33,  1.99s/it]2026-09-20 16:21:38,431 INFO [rev_util_helpfulness|paper_align|Qwen3-0.6B] step=210 epoch=0.8187

                                                 

 27%|██▋       | 210/771 [06:56<18:33,  1.99s/it]
 27%|██▋       | 211/771 [06:56<18:59,  2.03s/it]2026-09-20 16:21:38,947 INFO [rev_util_helpfulness|paper_align|Qwen3-0.6B] step=211 epoch=0.8226

                                                 

 27%|██▋       | 211/771 [06:56<18:59,  2.03s/it]2026-09-20 16:21:39,423 INFO [rev_util_helpfulness|paper_align|Qwen3-0.6B] step=211 epoch=0.8226

                                                 

 27%|██▋       | 211/771 [06:57<18:59,  2.03s/it]2026-09-20 16:21:39,898 INFO [rev_util_helpfulness|paper_align|Qwen3-0.6B] step=211 epoch=0.8226

                                                 

 27%|██▋       | 211/771 [06:57<18:59,  2.03s/it]2026-09-20 16:21:40,375 INFO [rev_util_helpfulness|paper_align|Qwen3-0.6B] step=211 epoch=0.8226

                                                 

 27%|██▋       | 211/771 [06:58<18:59,  2.03s/it]
 27%|██▋       | 212/771 [06:58<18:42,  2.01s/it]2026-09-20 16:21:40,888 INFO [rev_util_helpfulness|paper_align|Qwen3-0.6B] step=212 epoch=0.8265

                                                 

 27%|██▋       | 212/771 [06:58<18:42,  2.01s/it]2026-09-20 16:21:41,364 INFO [rev_util_helpfulness|paper_align|Qwen3-0.6B] step=212 epoch=0.8265

                                                 

 27%|██▋       | 212/771 [06:59<18:42,  2.01s/it]2026-09-20 16:21:41,844 INFO [rev_util_helpfulness|paper_align|Qwen3-0.6B] step=212 epoch=0.8265

                                                 

 27%|██▋       | 212/771 [06:59<18:42,  2.01s/it]2026-09-20 16:21:42,315 INFO [rev_util_helpfulness|paper_align|Qwen3-0.6B] step=212 epoch=0.8265

                                                 

 27%|██▋       | 212/771 [07:00<18:42,  2.01s/it]
 28%|██▊       | 213/771 [07:00<18:29,  1.99s/it]2026-09-20 16:21:42,838 INFO [rev_util_helpfulness|paper_align|Qwen3-0.6B] step=213 epoch=0.8304

                                                 

 28%|██▊       | 213/771 [07:00<18:29,  1.99s/it]2026-09-20 16:21:43,320 INFO [rev_util_helpfulness|paper_align|Qwen3-0.6B] step=213 epoch=0.8304

                                                 

 28%|██▊       | 213/771 [07:01<18:29,  1.99s/it]2026-09-20 16:21:43,835 INFO [rev_util_helpfulness|paper_align|Qwen3-0.6B] step=213 epoch=0.8304

                                                 
{'paper_align_label_loss': '0.2111', 'paper_align_reason_loss': '0.2586', 'epoch': '0.7485'}
{'paper_align_label_loss': '0.03837', 'paper_align_reason_loss': '0.3058', 'epoch': '0.7485'}
{'paper_align_label_loss': '0.1841', 'paper_align_reason_loss': '0.2631', 'epoch': '0.7485'}
{'paper_align_label_loss': '0.04969', 'paper_align_reason_loss': '0.1546', 'epoch': '0.7524'}
{'paper_align_label_loss': '0.03449', 'paper_align_reason_loss': '0.2561', 'epoch': '0.7524'}
{'paper_align_label_loss': '0.02661', 'paper_align_reason_loss': '0.2498', 'epoch': '0.7524'}
{'paper_align_label_loss': '0.06313', 'paper_align_reason_loss': '0.1877', 'epoch': '0.7524'}
{'paper_align_label_loss': '0.05931', 'paper_align_reason_loss': '0.1908', 'epoch': '0.7563'}
{'paper_align_label_loss': '0.1738', 'paper_align_reason_loss': '0.1786', 'epoch': '0.7563'}
{'paper_align_label_loss': '0.06144', 'paper_align_reason_loss': '0.2325', 'epoch': '0.7563'}
{'paper_align_label_loss': '0.1921', 'paper_align_reason_loss': '0.259', 'epoch': '0.7563'}
{'paper_align_label_loss': '0.243', 'paper_align_reason_loss': '0.1887', 'epoch': '0.7602'}
{'paper_align_label_loss': '0.08464', 'paper_align_reason_loss': '0.2476', 'epoch': '0.7602'}
{'paper_align_label_loss': '0.04765', 'paper_align_reason_loss': '0.2045', 'epoch': '0.7602'}
{'paper_align_label_loss': '0.0736', 'paper_align_reason_loss': '0.3357', 'epoch': '0.7602'}
{'paper_align_label_loss': '0.3092', 'paper_align_reason_loss': '0.3127', 'epoch': '0.7641'}
{'paper_align_label_loss': '0.08056', 'paper_align_reason_loss': '0.2058', 'epoch': '0.7641'}
{'paper_align_label_loss': '0.09817', 'paper_align_reason_loss': '0.2783', 'epoch': '0.7641'}
{'paper_align_label_loss': '0.1557', 'paper_align_reason_loss': '0.2966', 'epoch': '0.7641'}
{'paper_align_label_loss': '0.08192', 'paper_align_reason_loss': '0.3466', 'epoch': '0.768'}
{'paper_align_label_loss': '0.03411', 'paper_align_reason_loss': '0.2227', 'epoch': '0.768'}
{'paper_align_label_loss': '0.2681', 'paper_align_reason_loss': '0.3272', 'epoch': '0.768'}
{'paper_align_label_loss': '0.0235', 'paper_align_reason_loss': '0.1972', 'epoch': '0.768'}
{'paper_align_label_loss': '0.1151', 'paper_align_reason_loss': '0.3058', 'epoch': '0.7719'}
{'paper_align_label_loss': '0.03753', 'paper_align_reason_loss': '0.2761', 'epoch': '0.7719'}
{'paper_align_label_loss': '0.05308', 'paper_align_reason_loss': '0.316', 'epoch': '0.7719'}
{'paper_align_label_loss': '0.0267', 'paper_align_reason_loss': '0.175', 'epoch': '0.7719'}
{'paper_align_label_loss': '0.08091', 'paper_align_reason_loss': '0.267', 'epoch': '0.7758'}
{'paper_align_label_loss': '0.0597', 'paper_align_reason_loss': '0.2267', 'epoch': '0.7758'}
{'paper_align_label_loss': '0.03285', 'paper_align_reason_loss': '0.1434', 'epoch': '0.7758'}
{'paper_align_label_loss': '0.1553', 'paper_align_reason_loss': '0.2376', 'epoch': '0.7758'}
{'loss': '0.6778', 'grad_norm': '4.164', 'learning_rate': '8.706e-05', 'epoch': '0.7797'}
{'paper_align_label_loss': '0.1954', 'paper_align_reason_loss': '0.1941', 'epoch': '0.7797'}
{'paper_align_label_loss': '0.1364', 'paper_align_reason_loss': '0.1946', 'epoch': '0.7797'}
{'paper_align_label_loss': '0.1017', 'paper_align_reason_loss': '0.2382', 'epoch': '0.7797'}
{'paper_align_label_loss': '0.01055', 'paper_align_reason_loss': '0.1856', 'epoch': '0.7797'}
{'paper_align_label_loss': '0.3827', 'paper_align_reason_loss': '0.2086', 'epoch': '0.7836'}
{'paper_align_label_loss': '0.01748', 'paper_align_reason_loss': '0.1511', 'epoch': '0.7836'}
{'paper_align_label_loss': '0.05546', 'paper_align_reason_loss': '0.2594', 'epoch': '0.7836'}
{'paper_align_label_loss': '0.1192', 'paper_align_reason_loss': '0.211', 'epoch': '0.7836'}
{'paper_align_label_loss': '0.03747', 'paper_align_reason_loss': '0.3131', 'epoch': '0.7875'}
{'paper_align_label_loss': '0.05666', 'paper_align_reason_loss': '0.198', 'epoch': '0.7875'}
{'paper_align_label_loss': '0.05606', 'paper_align_reason_loss': '0.2766', 'epoch': '0.7875'}
{'paper_align_label_loss': '0.07169', 'paper_align_reason_loss': '0.2131', 'epoch': '0.7875'}
{'paper_align_label_loss': '0.02945', 'paper_align_reason_loss': '0.1732', 'epoch': '0.7914'}
{'paper_align_label_loss': '0.03594', 'paper_align_reason_loss': '0.29', 'epoch': '0.7914'}
{'paper_align_label_loss': '0.04857', 'paper_align_reason_loss': '0.2973', 'epoch': '0.7914'}
{'paper_align_label_loss': '0.1121', 'paper_align_reason_loss': '0.243', 'epoch': '0.7914'}
{'paper_align_label_loss': '0.1565', 'paper_align_reason_loss': '0.2154', 'epoch': '0.7953'}
{'paper_align_label_loss': '0.0837', 'paper_align_reason_loss': '0.2251', 'epoch': '0.7953'}
{'paper_align_label_loss': '0.04673', 'paper_align_reason_loss': '0.2859', 'epoch': '0.7953'}
{'paper_align_label_loss': '0.01575', 'paper_align_reason_loss': '0.1954', 'epoch': '0.7953'}
{'paper_align_label_loss': '0.09573', 'paper_align_reason_loss': '0.22', 'epoch': '0.7992'}
{'paper_align_label_loss': '0.05551', 'paper_align_reason_loss': '0.2814', 'epoch': '0.7992'}
{'paper_align_label_loss': '0.07766', 'paper_align_reason_loss': '0.2405', 'epoch': '0.7992'}
{'paper_align_label_loss': '0.05534', 'paper_align_reason_loss': '0.193', 'epoch': '0.7992'}
{'paper_align_label_loss': '0.0362', 'paper_align_reason_loss': '0.2856', 'epoch': '0.8031'}
{'paper_align_label_loss': '0.262', 'paper_align_reason_loss': '0.2916', 'epoch': '0.8031'}
{'paper_align_label_loss': '0.04146', 'paper_align_reason_loss': '0.1988', 'epoch': '0.8031'}
{'paper_align_label_loss': '0.0664', 'paper_align_reason_loss': '0.2886', 'epoch': '0.8031'}
{'paper_align_label_loss': '0.1954', 'paper_align_reason_loss': '0.2057', 'epoch': '0.807'}
{'paper_align_label_loss': '0.1512', 'paper_align_reason_loss': '0.2234', 'epoch': '0.807'}
{'paper_align_label_loss': '0.1177', 'paper_align_reason_loss': '0.3226', 'epoch': '0.807'}
{'paper_align_label_loss': '0.05855', 'paper_align_reason_loss': '0.1867', 'epoch': '0.807'}
{'paper_align_label_loss': '0.1803', 'paper_align_reason_loss': '0.227', 'epoch': '0.8109'}
{'paper_align_label_loss': '0.09525', 'paper_align_reason_loss': '0.2159', 'epoch': '0.8109'}
{'paper_align_label_loss': '0.1434', 'paper_align_reason_loss': '0.1642', 'epoch': '0.8109'}
{'paper_align_label_loss': '0.1016', 'paper_align_reason_loss': '0.3037', 'epoch': '0.8109'}
{'paper_align_label_loss': '0.04111', 'paper_align_reason_loss': '0.3079', 'epoch': '0.8148'}
{'paper_align_label_loss': '0.1818', 'paper_align_reason_loss': '0.2464', 'epoch': '0.8148'}
{'paper_align_label_loss': '0.0572', 'paper_align_reason_loss': '0.1888', 'epoch': '0.8148'}
{'paper_align_label_loss': '0.1391', 'paper_align_reason_loss': '0.1904', 'epoch': '0.8148'}
{'loss': '0.6637', 'grad_norm': '4.862', 'learning_rate': '8.561e-05', 'epoch': '0.8187'}
{'paper_align_label_loss': '0.1662', 'paper_align_reason_loss': '0.1984', 'epoch': '0.8187'}
{'paper_align_label_loss': '0.04806', 'paper_align_reason_loss': '0.148', 'epoch': '0.8187'}
{'paper_align_label_loss': '0.03034', 'paper_align_reason_loss': '0.2083', 'epoch': '0.8187'}
{'paper_align_label_loss': '0.2079', 'paper_align_reason_loss': '0.3203', 'epoch': '0.8187'}
{'paper_align_label_loss': '0.06342', 'paper_align_reason_loss': '0.2556', 'epoch': '0.8226'}
{'paper_align_label_loss': '0.213', 'paper_align_reason_loss': '0.1946', 'epoch': '0.8226'}
{'paper_align_label_loss': '0.03806', 'paper_align_reason_loss': '0.267', 'epoch': '0.8226'}
{'paper_align_label_loss': '0.09482', 'paper_align_reason_loss': '0.2647', 'epoch': '0.8226'}
{'paper_align_label_loss': '0.05423', 'paper_align_reason_loss': '0.2829', 'epoch': '0.8265'}
{'paper_align_label_loss': '0.04318', 'paper_align_reason_loss': '0.1967', 'epoch': '0.8265'}
{'paper_align_label_loss': '0.06964', 'paper_align_reason_loss': '0.3072', 'epoch': '0.8265'}
{'paper_align_label_loss': '0.1034', 'paper_align_reason_loss': '0.2002', 'epoch': '0.8265'}
{'paper_align_label_loss': '0.2149', 'paper_align_reason_loss': '0.3019', 'epoch': '0.8304'}
{'paper_align_label_loss': '0.2204', 'paper_align_reason_loss': '0.2686', 'epoch': '0.8304'}

 28%|██▊       | 213/771 [07:01<18:29,  1.99s/it]2026-09-20 16:21:44,310 INFO [rev_util_helpfulness|paper_align|Qwen3-0.6B] step=213 epoch=0.8304

                                                 

 28%|██▊       | 213/771 [07:02<18:29,  1.99s/it]
 28%|██▊       | 214/771 [07:02<18:27,  1.99s/it]2026-09-20 16:21:44,820 INFO [rev_util_helpfulness|paper_align|Qwen3-0.6B] step=214 epoch=0.8343

                                                 

 28%|██▊       | 214/771 [07:02<18:27,  1.99s/it]2026-09-20 16:21:45,296 INFO [rev_util_helpfulness|paper_align|Qwen3-0.6B] step=214 epoch=0.8343

                                                 

 28%|██▊       | 214/771 [07:03<18:27,  1.99s/it]2026-09-20 16:21:45,788 INFO [rev_util_helpfulness|paper_align|Qwen3-0.6B] step=214 epoch=0.8343

                                                 

 28%|██▊       | 214/771 [07:03<18:27,  1.99s/it]2026-09-20 16:21:46,267 INFO [rev_util_helpfulness|paper_align|Qwen3-0.6B] step=214 epoch=0.8343

                                                 

 28%|██▊       | 214/771 [07:03<18:27,  1.99s/it]
 28%|██▊       | 215/771 [07:04<18:19,  1.98s/it]2026-09-20 16:21:46,772 INFO [rev_util_helpfulness|paper_align|Qwen3-0.6B] step=215 epoch=0.8382

                                                 

 28%|██▊       | 215/771 [07:04<18:19,  1.98s/it]2026-09-20 16:21:47,250 INFO [rev_util_helpfulness|paper_align|Qwen3-0.6B] step=215 epoch=0.8382

                                                 

 28%|██▊       | 215/771 [07:04<18:19,  1.98s/it]2026-09-20 16:21:47,930 INFO [rev_util_helpfulness|paper_align|Qwen3-0.6B] step=215 epoch=0.8382

                                                 

 28%|██▊       | 215/771 [07:05<18:19,  1.98s/it]2026-09-20 16:21:48,410 INFO [rev_util_helpfulness|paper_align|Qwen3-0.6B] step=215 epoch=0.8382

                                                 

 28%|██▊       | 215/771 [07:06<18:19,  1.98s/it]
 28%|██▊       | 216/771 [07:06<18:45,  2.03s/it]2026-09-20 16:21:48,922 INFO [rev_util_helpfulness|paper_align|Qwen3-0.6B] step=216 epoch=0.8421

                                                 

 28%|██▊       | 216/771 [07:06<18:45,  2.03s/it]2026-09-20 16:21:49,403 INFO [rev_util_helpfulness|paper_align|Qwen3-0.6B] step=216 epoch=0.8421

                                                 

 28%|██▊       | 216/771 [07:07<18:45,  2.03s/it]2026-09-20 16:21:49,887 INFO [rev_util_helpfulness|paper_align|Qwen3-0.6B] step=216 epoch=0.8421

                                                 

 28%|██▊       | 216/771 [07:07<18:45,  2.03s/it]2026-09-20 16:21:50,376 INFO [rev_util_helpfulness|paper_align|Qwen3-0.6B] step=216 epoch=0.8421

                                                 

 28%|██▊       | 216/771 [07:08<18:45,  2.03s/it]
 28%|██▊       | 217/771 [07:08<18:36,  2.02s/it]2026-09-20 16:21:50,909 INFO [rev_util_helpfulness|paper_align|Qwen3-0.6B] step=217 epoch=0.8460

                                                 

 28%|██▊       | 217/771 [07:08<18:36,  2.02s/it]2026-09-20 16:21:51,412 INFO [rev_util_helpfulness|paper_align|Qwen3-0.6B] step=217 epoch=0.8460

                                                 

 28%|██▊       | 217/771 [07:09<18:36,  2.02s/it]2026-09-20 16:21:51,901 INFO [rev_util_helpfulness|paper_align|Qwen3-0.6B] step=217 epoch=0.8460

                                                 

 28%|██▊       | 217/771 [07:09<18:36,  2.02s/it]2026-09-20 16:21:52,380 INFO [rev_util_helpfulness|paper_align|Qwen3-0.6B] step=217 epoch=0.8460

                                                 

 28%|██▊       | 217/771 [07:10<18:36,  2.02s/it]
 28%|██▊       | 218/771 [07:10<18:28,  2.01s/it]2026-09-20 16:21:52,888 INFO [rev_util_helpfulness|paper_align|Qwen3-0.6B] step=218 epoch=0.8499

                                                 

 28%|██▊       | 218/771 [07:10<18:28,  2.01s/it]2026-09-20 16:21:53,367 INFO [rev_util_helpfulness|paper_align|Qwen3-0.6B] step=218 epoch=0.8499

                                                 

 28%|██▊       | 218/771 [07:11<18:28,  2.01s/it]2026-09-20 16:21:53,845 INFO [rev_util_helpfulness|paper_align|Qwen3-0.6B] step=218 epoch=0.8499

                                                 

 28%|██▊       | 218/771 [07:11<18:28,  2.01s/it]2026-09-20 16:21:54,326 INFO [rev_util_helpfulness|paper_align|Qwen3-0.6B] step=218 epoch=0.8499

                                                 

 28%|██▊       | 218/771 [07:12<18:28,  2.01s/it]
 28%|██▊       | 219/771 [07:12<18:20,  1.99s/it]2026-09-20 16:21:54,856 INFO [rev_util_helpfulness|paper_align|Qwen3-0.6B] step=219 epoch=0.8538

                                                 

 28%|██▊       | 219/771 [07:12<18:20,  1.99s/it]2026-09-20 16:21:55,325 INFO [rev_util_helpfulness|paper_align|Qwen3-0.6B] step=219 epoch=0.8538

                                                 

 28%|██▊       | 219/771 [07:13<18:20,  1.99s/it]2026-09-20 16:21:55,805 INFO [rev_util_helpfulness|paper_align|Qwen3-0.6B] step=219 epoch=0.8538

                                                 

 28%|██▊       | 219/771 [07:13<18:20,  1.99s/it]2026-09-20 16:21:56,283 INFO [rev_util_helpfulness|paper_align|Qwen3-0.6B] step=219 epoch=0.8538

                                                 

 28%|██▊       | 219/771 [07:14<18:20,  1.99s/it]
 29%|██▊       | 220/771 [07:14<18:10,  1.98s/it]2026-09-20 16:21:56,624 INFO [rev_util_helpfulness|paper_align|Qwen3-0.6B] step=220 loss=0.6682 learning_rate=0.0001 epoch=0.8577

                                                 

 29%|██▊       | 220/771 [07:14<18:10,  1.98s/it]2026-09-20 16:21:56,803 INFO [rev_util_helpfulness|paper_align|Qwen3-0.6B] step=220 epoch=0.8577

                                                 

 29%|██▊       | 220/771 [07:14<18:10,  1.98s/it]2026-09-20 16:21:57,277 INFO [rev_util_helpfulness|paper_align|Qwen3-0.6B] step=220 epoch=0.8577

                                                 

 29%|██▊       | 220/771 [07:14<18:10,  1.98s/it]2026-09-20 16:21:57,940 INFO [rev_util_helpfulness|paper_align|Qwen3-0.6B] step=220 epoch=0.8577

                                                 

 29%|██▊       | 220/771 [07:15<18:10,  1.98s/it]2026-09-20 16:21:58,426 INFO [rev_util_helpfulness|paper_align|Qwen3-0.6B] step=220 epoch=0.8577

                                                 

 29%|██▊       | 220/771 [07:16<18:10,  1.98s/it]
 29%|██▊       | 221/771 [07:16<18:34,  2.03s/it]2026-09-20 16:21:58,938 INFO [rev_util_helpfulness|paper_align|Qwen3-0.6B] step=221 epoch=0.8616

                                                 

 29%|██▊       | 221/771 [07:16<18:34,  2.03s/it]2026-09-20 16:21:59,415 INFO [rev_util_helpfulness|paper_align|Qwen3-0.6B] step=221 epoch=0.8616

                                                 

 29%|██▊       | 221/771 [07:17<18:34,  2.03s/it]2026-09-20 16:21:59,889 INFO [rev_util_helpfulness|paper_align|Qwen3-0.6B] step=221 epoch=0.8616

                                                 

 29%|██▊       | 221/771 [07:17<18:34,  2.03s/it]2026-09-20 16:22:00,375 INFO [rev_util_helpfulness|paper_align|Qwen3-0.6B] step=221 epoch=0.8616

                                                 

 29%|██▊       | 221/771 [07:18<18:34,  2.03s/it]
 29%|██▉       | 222/771 [07:18<18:20,  2.00s/it]2026-09-20 16:22:00,887 INFO [rev_util_helpfulness|paper_align|Qwen3-0.6B] step=222 epoch=0.8655

                                                 

 29%|██▉       | 222/771 [07:18<18:20,  2.00s/it]2026-09-20 16:22:01,364 INFO [rev_util_helpfulness|paper_align|Qwen3-0.6B] step=222 epoch=0.8655

                                                 

 29%|██▉       | 222/771 [07:19<18:20,  2.00s/it]2026-09-20 16:22:01,842 INFO [rev_util_helpfulness|paper_align|Qwen3-0.6B] step=222 epoch=0.8655

                                                 

 29%|██▉       | 222/771 [07:19<18:20,  2.00s/it]2026-09-20 16:22:02,316 INFO [rev_util_helpfulness|paper_align|Qwen3-0.6B] step=222 epoch=0.8655

                                                 

 29%|██▉       | 222/771 [07:20<18:20,  2.00s/it]
 29%|██▉       | 223/771 [07:20<18:07,  1.98s/it]2026-09-20 16:22:02,827 INFO [rev_util_helpfulness|paper_align|Qwen3-0.6B] step=223 epoch=0.8694

                                                 

 29%|██▉       | 223/771 [07:20<18:07,  1.98s/it]2026-09-20 16:22:03,303 INFO [rev_util_helpfulness|paper_align|Qwen3-0.6B] step=223 epoch=0.8694

                                                 

 29%|██▉       | 223/771 [07:21<18:07,  1.98s/it]2026-09-20 16:22:03,780 INFO [rev_util_helpfulness|paper_align|Qwen3-0.6B] step=223 epoch=0.8694

                                                 

 29%|██▉       | 223/771 [07:21<18:07,  1.98s/it]2026-09-20 16:22:04,301 INFO [rev_util_helpfulness|paper_align|Qwen3-0.6B] step=223 epoch=0.8694

                                                 

 29%|██▉       | 223/771 [07:22<18:07,  1.98s/it]
 29%|██▉       | 224/771 [07:22<18:05,  1.98s/it]2026-09-20 16:22:04,809 INFO [rev_util_helpfulness|paper_align|Qwen3-0.6B] step=224 epoch=0.8733

                                                 

 29%|██▉       | 224/771 [07:22<18:05,  1.98s/it]2026-09-20 16:22:05,284 INFO [rev_util_helpfulness|paper_align|Qwen3-0.6B] step=224 epoch=0.8733

                                                 

 29%|██▉       | 224/771 [07:23<18:05,  1.98s/it]2026-09-20 16:22:05,776 INFO [rev_util_helpfulness|paper_align|Qwen3-0.6B] step=224 epoch=0.8733

                                                 

 29%|██▉       | 224/771 [07:23<18:05,  1.98s/it]2026-09-20 16:22:06,253 INFO [rev_util_helpfulness|paper_align|Qwen3-0.6B] step=224 epoch=0.8733

                                                 

 29%|██▉       | 224/771 [07:23<18:05,  1.98s/it]
 29%|██▉       | 225/771 [07:24<17:58,  1.98s/it]2026-09-20 16:22:06,771 INFO [rev_util_helpfulness|paper_align|Qwen3-0.6B] step=225 epoch=0.8772

                                                 

 29%|██▉       | 225/771 [07:24<17:58,  1.98s/it]2026-09-20 16:22:07,248 INFO [rev_util_helpfulness|paper_align|Qwen3-0.6B] step=225 epoch=0.8772

                                                 

 29%|██▉       | 225/771 [07:24<17:58,  1.98s/it]2026-09-20 16:22:07,726 INFO [rev_util_helpfulness|paper_align|Qwen3-0.6B] step=225 epoch=0.8772

                                                 

 29%|██▉       | 225/771 [07:25<17:58,  1.98s/it]2026-09-20 16:22:08,205 INFO [rev_util_helpfulness|paper_align|Qwen3-0.6B] step=225 epoch=0.8772

                                                 

 29%|██▉       | 225/771 [07:25<17:58,  1.98s/it]
 29%|██▉       | 226/771 [07:26<18:25,  2.03s/it]2026-09-20 16:22:08,919 INFO [rev_util_helpfulness|paper_align|Qwen3-0.6B] step=226 epoch=0.8811

                                                 

 29%|██▉       | 226/771 [07:26<18:25,  2.03s/it]2026-09-20 16:22:09,395 INFO [rev_util_helpfulness|paper_align|Qwen3-0.6B] step=226 epoch=0.8811

                                                 

 29%|██▉       | 226/771 [07:27<18:25,  2.03s/it]2026-09-20 16:22:09,882 INFO [rev_util_helpfulness|paper_align|Qwen3-0.6B] step=226 epoch=0.8811

                                                 

 29%|██▉       | 226/771 [07:27<18:25,  2.03s/it]2026-09-20 16:22:10,362 INFO [rev_util_helpfulness|paper_align|Qwen3-0.6B] step=226 epoch=0.8811

                                                 

 29%|██▉       | 226/771 [07:28<18:25,  2.03s/it]
 29%|██▉       | 227/771 [07:28<18:11,  2.01s/it]2026-09-20 16:22:10,871 INFO [rev_util_helpfulness|paper_align|Qwen3-0.6B] step=227 epoch=0.8850

                                                 

 29%|██▉       | 227/771 [07:28<18:11,  2.01s/it]2026-09-20 16:22:11,343 INFO [rev_util_helpfulness|paper_align|Qwen3-0.6B] step=227 epoch=0.8850

                                                 

 29%|██▉       | 227/771 [07:29<18:11,  2.01s/it]2026-09-20 16:22:11,815 INFO [rev_util_helpfulness|paper_align|Qwen3-0.6B] step=227 epoch=0.8850

                                                 

 29%|██▉       | 227/771 [07:29<18:11,  2.01s/it]2026-09-20 16:22:12,297 INFO [rev_util_helpfulness|paper_align|Qwen3-0.6B] step=227 epoch=0.8850

                                                 

 29%|██▉       | 227/771 [07:30<18:11,  2.01s/it]
 30%|██▉       | 228/771 [07:30<17:57,  1.98s/it]2026-09-20 16:22:12,810 INFO [rev_util_helpfulness|paper_align|Qwen3-0.6B] step=228 epoch=0.8889

                                                 

 30%|██▉       | 228/771 [07:30<17:57,  1.98s/it]2026-09-20 16:22:13,287 INFO [rev_util_helpfulness|paper_align|Qwen3-0.6B] step=228 epoch=0.8889

                                                 

 30%|██▉       | 228/771 [07:31<17:57,  1.98s/it]2026-09-20 16:22:13,767 INFO [rev_util_helpfulness|paper_align|Qwen3-0.6B] step=228 epoch=0.8889

                                                 

 30%|██▉       | 228/771 [07:31<17:57,  1.98s/it]2026-09-20 16:22:14,246 INFO [rev_util_helpfulness|paper_align|Qwen3-0.6B] step=228 epoch=0.8889

                                                 

 30%|██▉       | 228/771 [07:31<17:57,  1.98s/it]
 30%|██▉       | 229/771 [07:32<17:50,  1.97s/it]2026-09-20 16:22:14,756 INFO [rev_util_helpfulness|paper_align|Qwen3-0.6B] step=229 epoch=0.8928

                                                 

 30%|██▉       | 229/771 [07:32<17:50,  1.97s/it]2026-09-20 16:22:15,239 INFO [rev_util_helpfulness|paper_align|Qwen3-0.6B] step=229 epoch=0.8928

                                                 

 30%|██▉       | 229/771 [07:32<17:50,  1.97s/it]2026-09-20 16:22:15,719 INFO [rev_util_helpfulness|paper_align|Qwen3-0.6B] step=229 epoch=0.8928

                                                 

 30%|██▉       | 229/771 [07:33<17:50,  1.97s/it]2026-09-20 16:22:16,196 INFO [rev_util_helpfulness|paper_align|Qwen3-0.6B] step=229 epoch=0.8928

                                                 

 30%|██▉       | 229/771 [07:33<17:50,  1.97s/it]
 30%|██▉       | 230/771 [07:34<17:44,  1.97s/it]2026-09-20 16:22:16,533 INFO [rev_util_helpfulness|paper_align|Qwen3-0.6B] step=230 loss=0.6646 learning_rate=0.0001 epoch=0.8967

                                                 

 30%|██▉       | 230/771 [07:34<17:44,  1.97s/it]2026-09-20 16:22:16,707 INFO [rev_util_helpfulness|paper_align|Qwen3-0.6B] step=230 epoch=0.8967

                                                 

 30%|██▉       | 230/771 [07:34<17:44,  1.97s/it]2026-09-20 16:22:17,169 INFO [rev_util_helpfulness|paper_align|Qwen3-0.6B] step=230 epoch=0.8967

                                                 

 30%|██▉       | 230/771 [07:34<17:44,  1.97s/it]2026-09-20 16:22:17,645 INFO [rev_util_helpfulness|paper_align|Qwen3-0.6B] step=230 epoch=0.8967

                                                 

 30%|██▉       | 230/771 [07:35<17:44,  1.97s/it]2026-09-20 16:22:18,127 INFO [rev_util_helpfulness|paper_align|Qwen3-0.6B] step=230 epoch=0.8967

                                                 

 30%|██▉       | 230/771 [07:35<17:44,  1.97s/it]
 30%|██▉       | 231/771 [07:36<17:35,  1.96s/it]2026-09-20 16:22:18,636 INFO [rev_util_helpfulness|paper_align|Qwen3-0.6B] step=231 epoch=0.9006

                                                 

 30%|██▉       | 231/771 [07:36<17:35,  1.96s/it]2026-09-20 16:22:19,294 INFO [rev_util_helpfulness|paper_align|Qwen3-0.6B] step=231 epoch=0.9006

                                                 

 30%|██▉       | 231/771 [07:37<17:35,  1.96s/it]2026-09-20 16:22:19,768 INFO [rev_util_helpfulness|paper_align|Qwen3-0.6B] step=231 epoch=0.9006

                                                 

 30%|██▉       | 231/771 [07:37<17:35,  1.96s/it]2026-09-20 16:22:20,242 INFO [rev_util_helpfulness|paper_align|Qwen3-0.6B] step=231 epoch=0.9006

                                                 

 30%|██▉       | 231/771 [07:37<17:35,  1.96s/it]
 30%|███       | 232/771 [07:38<17:57,  2.00s/it]2026-09-20 16:22:20,743 INFO [rev_util_helpfulness|paper_align|Qwen3-0.6B] step=232 epoch=0.9045

                                                 

 30%|███       | 232/771 [07:38<17:57,  2.00s/it]2026-09-20 16:22:21,223 INFO [rev_util_helpfulness|paper_align|Qwen3-0.6B] step=232 epoch=0.9045

                                                 

 30%|███       | 232/771 [07:38<17:57,  2.00s/it]2026-09-20 16:22:21,708 INFO [rev_util_helpfulness|paper_align|Qwen3-0.6B] step=232 epoch=0.9045

                                                 

 30%|███       | 232/771 [07:39<17:57,  2.00s/it]2026-09-20 16:22:22,195 INFO [rev_util_helpfulness|paper_align|Qwen3-0.6B] step=232 epoch=0.9045

                                                 

 30%|███       | 232/771 [07:39<17:57,  2.00s/it]
 30%|███       | 233/771 [07:40<17:50,  1.99s/it]2026-09-20 16:22:22,703 INFO [rev_util_helpfulness|paper_align|Qwen3-0.6B] step=233 epoch=0.9084

                                                 

 30%|███       | 233/771 [07:40<17:50,  1.99s/it]2026-09-20 16:22:23,171 INFO [rev_util_helpfulness|paper_align|Qwen3-0.6B] step=233 epoch=0.9084

                                                 

 30%|███       | 233/771 [07:40<17:50,  1.99s/it]2026-09-20 16:22:23,664 INFO [rev_util_helpfulness|paper_align|Qwen3-0.6B] step=233 epoch=0.9084

                                                 

 30%|███       | 233/771 [07:41<17:50,  1.99s/it]2026-09-20 16:22:24,151 INFO [rev_util_helpfulness|paper_align|Qwen3-0.6B] step=233 epoch=0.9084

                                                 

 30%|███       | 233/771 [07:41<17:50,  1.99s/it]
 30%|███       | 234/771 [07:42<17:44,  1.98s/it]2026-09-20 16:22:24,673 INFO [rev_util_helpfulness|paper_align|Qwen3-0.6B] step=234 epoch=0.9123

                                                 

 30%|███       | 234/771 [07:42<17:44,  1.98s/it]2026-09-20 16:22:25,142 INFO [rev_util_helpfulness|paper_align|Qwen3-0.6B] step=234 epoch=0.9123

                                                 

 30%|███       | 234/771 [07:42<17:44,  1.98s/it]2026-09-20 16:22:25,611 INFO [rev_util_helpfulness|paper_align|Qwen3-0.6B] step=234 epoch=0.9123

                                                 

 30%|███       | 234/771 [07:43<17:44,  1.98s/it]2026-09-20 16:22:26,079 INFO [rev_util_helpfulness|paper_align|Qwen3-0.6B] step=234 epoch=0.9123

                                                 
{'paper_align_label_loss': '0.03837', 'paper_align_reason_loss': '0.2424', 'epoch': '0.8304'}
{'paper_align_label_loss': '0.0537', 'paper_align_reason_loss': '0.3054', 'epoch': '0.8304'}
{'paper_align_label_loss': '0.04807', 'paper_align_reason_loss': '0.21', 'epoch': '0.8343'}
{'paper_align_label_loss': '0.09548', 'paper_align_reason_loss': '0.2053', 'epoch': '0.8343'}
{'paper_align_label_loss': '0.2208', 'paper_align_reason_loss': '0.2349', 'epoch': '0.8343'}
{'paper_align_label_loss': '0.1261', 'paper_align_reason_loss': '0.3401', 'epoch': '0.8343'}
{'paper_align_label_loss': '0.04694', 'paper_align_reason_loss': '0.2006', 'epoch': '0.8382'}
{'paper_align_label_loss': '0.08372', 'paper_align_reason_loss': '0.27', 'epoch': '0.8382'}
{'paper_align_label_loss': '0.04441', 'paper_align_reason_loss': '0.2851', 'epoch': '0.8382'}
{'paper_align_label_loss': '0.03562', 'paper_align_reason_loss': '0.2678', 'epoch': '0.8382'}
{'paper_align_label_loss': '0.08708', 'paper_align_reason_loss': '0.2765', 'epoch': '0.8421'}
{'paper_align_label_loss': '0.07365', 'paper_align_reason_loss': '0.2669', 'epoch': '0.8421'}
{'paper_align_label_loss': '0.07002', 'paper_align_reason_loss': '0.2957', 'epoch': '0.8421'}
{'paper_align_label_loss': '0.04005', 'paper_align_reason_loss': '0.214', 'epoch': '0.8421'}
{'paper_align_label_loss': '0.03782', 'paper_align_reason_loss': '0.2853', 'epoch': '0.846'}
{'paper_align_label_loss': '0.08821', 'paper_align_reason_loss': '0.1961', 'epoch': '0.846'}
{'paper_align_label_loss': '0.04992', 'paper_align_reason_loss': '0.237', 'epoch': '0.846'}
{'paper_align_label_loss': '0.02942', 'paper_align_reason_loss': '0.2479', 'epoch': '0.846'}
{'paper_align_label_loss': '0.02943', 'paper_align_reason_loss': '0.2317', 'epoch': '0.8499'}
{'paper_align_label_loss': '0.06205', 'paper_align_reason_loss': '0.2903', 'epoch': '0.8499'}
{'paper_align_label_loss': '0.2154', 'paper_align_reason_loss': '0.2266', 'epoch': '0.8499'}
{'paper_align_label_loss': '0.04466', 'paper_align_reason_loss': '0.1571', 'epoch': '0.8499'}
{'paper_align_label_loss': '0.0483', 'paper_align_reason_loss': '0.1793', 'epoch': '0.8538'}
{'paper_align_label_loss': '0.09449', 'paper_align_reason_loss': '0.3192', 'epoch': '0.8538'}
{'paper_align_label_loss': '0.1314', 'paper_align_reason_loss': '0.2063', 'epoch': '0.8538'}
{'paper_align_label_loss': '0.05402', 'paper_align_reason_loss': '0.2424', 'epoch': '0.8538'}
{'loss': '0.6682', 'grad_norm': '3.965', 'learning_rate': '8.411e-05', 'epoch': '0.8577'}
{'paper_align_label_loss': '0.08143', 'paper_align_reason_loss': '0.4227', 'epoch': '0.8577'}
{'paper_align_label_loss': '0.08705', 'paper_align_reason_loss': '0.2312', 'epoch': '0.8577'}
{'paper_align_label_loss': '0.1406', 'paper_align_reason_loss': '0.2751', 'epoch': '0.8577'}
{'paper_align_label_loss': '0.1271', 'paper_align_reason_loss': '0.2711', 'epoch': '0.8577'}
{'paper_align_label_loss': '0.05777', 'paper_align_reason_loss': '0.267', 'epoch': '0.8616'}
{'paper_align_label_loss': '0.08688', 'paper_align_reason_loss': '0.2625', 'epoch': '0.8616'}
{'paper_align_label_loss': '0.07426', 'paper_align_reason_loss': '0.1939', 'epoch': '0.8616'}
{'paper_align_label_loss': '0.01822', 'paper_align_reason_loss': '0.1936', 'epoch': '0.8616'}
{'paper_align_label_loss': '0.02243', 'paper_align_reason_loss': '0.2214', 'epoch': '0.8655'}
{'paper_align_label_loss': '0.03189', 'paper_align_reason_loss': '0.1879', 'epoch': '0.8655'}
{'paper_align_label_loss': '0.1251', 'paper_align_reason_loss': '0.1956', 'epoch': '0.8655'}
{'paper_align_label_loss': '0.1182', 'paper_align_reason_loss': '0.2315', 'epoch': '0.8655'}
{'paper_align_label_loss': '0.1147', 'paper_align_reason_loss': '0.2671', 'epoch': '0.8694'}
{'paper_align_label_loss': '0.09603', 'paper_align_reason_loss': '0.2018', 'epoch': '0.8694'}
{'paper_align_label_loss': '0.1894', 'paper_align_reason_loss': '0.1919', 'epoch': '0.8694'}
{'paper_align_label_loss': '0.007601', 'paper_align_reason_loss': '0.2192', 'epoch': '0.8694'}
{'paper_align_label_loss': '0.02122', 'paper_align_reason_loss': '0.2367', 'epoch': '0.8733'}
{'paper_align_label_loss': '0.0248', 'paper_align_reason_loss': '0.2438', 'epoch': '0.8733'}
{'paper_align_label_loss': '0.04979', 'paper_align_reason_loss': '0.269', 'epoch': '0.8733'}
{'paper_align_label_loss': '0.1555', 'paper_align_reason_loss': '0.2362', 'epoch': '0.8733'}
{'paper_align_label_loss': '0.1161', 'paper_align_reason_loss': '0.2432', 'epoch': '0.8772'}
{'paper_align_label_loss': '0.1195', 'paper_align_reason_loss': '0.1898', 'epoch': '0.8772'}
{'paper_align_label_loss': '0.06738', 'paper_align_reason_loss': '0.2368', 'epoch': '0.8772'}
{'paper_align_label_loss': '0.1039', 'paper_align_reason_loss': '0.2745', 'epoch': '0.8772'}
{'paper_align_label_loss': '0.09052', 'paper_align_reason_loss': '0.2696', 'epoch': '0.8811'}
{'paper_align_label_loss': '0.03625', 'paper_align_reason_loss': '0.2435', 'epoch': '0.8811'}
{'paper_align_label_loss': '0.2179', 'paper_align_reason_loss': '0.4026', 'epoch': '0.8811'}
{'paper_align_label_loss': '0.06041', 'paper_align_reason_loss': '0.1956', 'epoch': '0.8811'}
{'paper_align_label_loss': '0.02897', 'paper_align_reason_loss': '0.1799', 'epoch': '0.885'}
{'paper_align_label_loss': '0.07557', 'paper_align_reason_loss': '0.2777', 'epoch': '0.885'}
{'paper_align_label_loss': '0.02275', 'paper_align_reason_loss': '0.1542', 'epoch': '0.885'}
{'paper_align_label_loss': '0.08956', 'paper_align_reason_loss': '0.3282', 'epoch': '0.885'}
{'paper_align_label_loss': '0.05804', 'paper_align_reason_loss': '0.2502', 'epoch': '0.8889'}
{'paper_align_label_loss': '0.053', 'paper_align_reason_loss': '0.2843', 'epoch': '0.8889'}
{'paper_align_label_loss': '0.07558', 'paper_align_reason_loss': '0.1651', 'epoch': '0.8889'}
{'paper_align_label_loss': '0.4254', 'paper_align_reason_loss': '0.2494', 'epoch': '0.8889'}
{'paper_align_label_loss': '0.04071', 'paper_align_reason_loss': '0.1834', 'epoch': '0.8928'}
{'paper_align_label_loss': '0.05401', 'paper_align_reason_loss': '0.2597', 'epoch': '0.8928'}
{'paper_align_label_loss': '0.1372', 'paper_align_reason_loss': '0.2345', 'epoch': '0.8928'}
{'paper_align_label_loss': '0.1465', 'paper_align_reason_loss': '0.2017', 'epoch': '0.8928'}
{'loss': '0.6646', 'grad_norm': '4.605', 'learning_rate': '8.254e-05', 'epoch': '0.8967'}
{'paper_align_label_loss': '0.1696', 'paper_align_reason_loss': '0.2556', 'epoch': '0.8967'}
{'paper_align_label_loss': '0.02424', 'paper_align_reason_loss': '0.278', 'epoch': '0.8967'}
{'paper_align_label_loss': '0.1473', 'paper_align_reason_loss': '0.2835', 'epoch': '0.8967'}
{'paper_align_label_loss': '0.02559', 'paper_align_reason_loss': '0.2418', 'epoch': '0.8967'}
{'paper_align_label_loss': '0.07715', 'paper_align_reason_loss': '0.2707', 'epoch': '0.9006'}
{'paper_align_label_loss': '0.033', 'paper_align_reason_loss': '0.1969', 'epoch': '0.9006'}
{'paper_align_label_loss': '0.03105', 'paper_align_reason_loss': '0.2106', 'epoch': '0.9006'}
{'paper_align_label_loss': '0.03569', 'paper_align_reason_loss': '0.2299', 'epoch': '0.9006'}
{'paper_align_label_loss': '0.1124', 'paper_align_reason_loss': '0.2314', 'epoch': '0.9045'}
{'paper_align_label_loss': '0.0256', 'paper_align_reason_loss': '0.2369', 'epoch': '0.9045'}
{'paper_align_label_loss': '0.1677', 'paper_align_reason_loss': '0.2572', 'epoch': '0.9045'}
{'paper_align_label_loss': '0.1563', 'paper_align_reason_loss': '0.201', 'epoch': '0.9045'}
{'paper_align_label_loss': '0.04249', 'paper_align_reason_loss': '0.2336', 'epoch': '0.9084'}
{'paper_align_label_loss': '0.1136', 'paper_align_reason_loss': '0.3342', 'epoch': '0.9084'}
{'paper_align_label_loss': '0.05079', 'paper_align_reason_loss': '0.2257', 'epoch': '0.9084'}
{'paper_align_label_loss': '0.1372', 'paper_align_reason_loss': '0.2681', 'epoch': '0.9084'}
{'paper_align_label_loss': '0.1098', 'paper_align_reason_loss': '0.1807', 'epoch': '0.9123'}
{'paper_align_label_loss': '0.1488', 'paper_align_reason_loss': '0.2691', 'epoch': '0.9123'}
{'paper_align_label_loss': '0.03959', 'paper_align_reason_loss': '0.234', 'epoch': '0.9123'}

 30%|███       | 234/771 [07:43<17:44,  1.98s/it]
 30%|███       | 235/771 [07:44<17:33,  1.97s/it]2026-09-20 16:22:26,602 INFO [rev_util_helpfulness|paper_align|Qwen3-0.6B] step=235 epoch=0.9162

                                                 

 30%|███       | 235/771 [07:44<17:33,  1.97s/it]2026-09-20 16:22:27,085 INFO [rev_util_helpfulness|paper_align|Qwen3-0.6B] step=235 epoch=0.9162

                                                 

 30%|███       | 235/771 [07:44<17:33,  1.97s/it]2026-09-20 16:22:27,575 INFO [rev_util_helpfulness|paper_align|Qwen3-0.6B] step=235 epoch=0.9162

                                                 

 30%|███       | 235/771 [07:45<17:33,  1.97s/it]2026-09-20 16:22:28,054 INFO [rev_util_helpfulness|paper_align|Qwen3-0.6B] step=235 epoch=0.9162

                                                 

 30%|███       | 235/771 [07:45<17:33,  1.97s/it]
 31%|███       | 236/771 [07:46<17:31,  1.97s/it]2026-09-20 16:22:28,754 INFO [rev_util_helpfulness|paper_align|Qwen3-0.6B] step=236 epoch=0.9201

                                                 

 31%|███       | 236/771 [07:46<17:31,  1.97s/it]2026-09-20 16:22:29,217 INFO [rev_util_helpfulness|paper_align|Qwen3-0.6B] step=236 epoch=0.9201

                                                 

 31%|███       | 236/771 [07:46<17:31,  1.97s/it]2026-09-20 16:22:29,688 INFO [rev_util_helpfulness|paper_align|Qwen3-0.6B] step=236 epoch=0.9201

                                                 

 31%|███       | 236/771 [07:47<17:31,  1.97s/it]2026-09-20 16:22:30,164 INFO [rev_util_helpfulness|paper_align|Qwen3-0.6B] step=236 epoch=0.9201

                                                 

 31%|███       | 236/771 [07:47<17:31,  1.97s/it]
 31%|███       | 237/771 [07:48<17:54,  2.01s/it]2026-09-20 16:22:30,685 INFO [rev_util_helpfulness|paper_align|Qwen3-0.6B] step=237 epoch=0.9240

                                                 

 31%|███       | 237/771 [07:48<17:54,  2.01s/it]2026-09-20 16:22:31,157 INFO [rev_util_helpfulness|paper_align|Qwen3-0.6B] step=237 epoch=0.9240

                                                 

 31%|███       | 237/771 [07:48<17:54,  2.01s/it]2026-09-20 16:22:31,631 INFO [rev_util_helpfulness|paper_align|Qwen3-0.6B] step=237 epoch=0.9240

                                                 

 31%|███       | 237/771 [07:49<17:54,  2.01s/it]2026-09-20 16:22:32,102 INFO [rev_util_helpfulness|paper_align|Qwen3-0.6B] step=237 epoch=0.9240

                                                 

 31%|███       | 237/771 [07:49<17:54,  2.01s/it]
 31%|███       | 238/771 [07:50<17:37,  1.98s/it]2026-09-20 16:22:32,603 INFO [rev_util_helpfulness|paper_align|Qwen3-0.6B] step=238 epoch=0.9279

                                                 

 31%|███       | 238/771 [07:50<17:37,  1.98s/it]2026-09-20 16:22:33,082 INFO [rev_util_helpfulness|paper_align|Qwen3-0.6B] step=238 epoch=0.9279

                                                 

 31%|███       | 238/771 [07:50<17:37,  1.98s/it]2026-09-20 16:22:33,556 INFO [rev_util_helpfulness|paper_align|Qwen3-0.6B] step=238 epoch=0.9279

                                                 

 31%|███       | 238/771 [07:51<17:37,  1.98s/it]2026-09-20 16:22:34,024 INFO [rev_util_helpfulness|paper_align|Qwen3-0.6B] step=238 epoch=0.9279

                                                 

 31%|███       | 238/771 [07:51<17:37,  1.98s/it]
 31%|███       | 239/771 [07:52<17:26,  1.97s/it]2026-09-20 16:22:34,532 INFO [rev_util_helpfulness|paper_align|Qwen3-0.6B] step=239 epoch=0.9318

                                                 

 31%|███       | 239/771 [07:52<17:26,  1.97s/it]2026-09-20 16:22:35,003 INFO [rev_util_helpfulness|paper_align|Qwen3-0.6B] step=239 epoch=0.9318

                                                 

 31%|███       | 239/771 [07:52<17:26,  1.97s/it]2026-09-20 16:22:35,473 INFO [rev_util_helpfulness|paper_align|Qwen3-0.6B] step=239 epoch=0.9318

                                                 

 31%|███       | 239/771 [07:53<17:26,  1.97s/it]2026-09-20 16:22:35,945 INFO [rev_util_helpfulness|paper_align|Qwen3-0.6B] step=239 epoch=0.9318

                                                 

 31%|███       | 239/771 [07:53<17:26,  1.97s/it]
 31%|███       | 240/771 [07:53<17:17,  1.95s/it]2026-09-20 16:22:36,280 INFO [rev_util_helpfulness|paper_align|Qwen3-0.6B] step=240 loss=0.6341 learning_rate=0.0001 epoch=0.9357

                                                 

 31%|███       | 240/771 [07:53<17:17,  1.95s/it]2026-09-20 16:22:36,460 INFO [rev_util_helpfulness|paper_align|Qwen3-0.6B] step=240 epoch=0.9357

                                                 

 31%|███       | 240/771 [07:54<17:17,  1.95s/it]2026-09-20 16:22:36,939 INFO [rev_util_helpfulness|paper_align|Qwen3-0.6B] step=240 epoch=0.9357

                                                 

 31%|███       | 240/771 [07:54<17:17,  1.95s/it]2026-09-20 16:22:37,418 INFO [rev_util_helpfulness|paper_align|Qwen3-0.6B] step=240 epoch=0.9357

                                                 

 31%|███       | 240/771 [07:55<17:17,  1.95s/it]2026-09-20 16:22:37,894 INFO [rev_util_helpfulness|paper_align|Qwen3-0.6B] step=240 epoch=0.9357

                                                 

 31%|███       | 240/771 [07:55<17:17,  1.95s/it]
 31%|███▏      | 241/771 [07:55<17:16,  1.96s/it]2026-09-20 16:22:38,410 INFO [rev_util_helpfulness|paper_align|Qwen3-0.6B] step=241 epoch=0.9396

                                                 

 31%|███▏      | 241/771 [07:56<17:16,  1.96s/it]2026-09-20 16:22:39,062 INFO [rev_util_helpfulness|paper_align|Qwen3-0.6B] step=241 epoch=0.9396

                                                 

 31%|███▏      | 241/771 [07:56<17:16,  1.96s/it]2026-09-20 16:22:39,537 INFO [rev_util_helpfulness|paper_align|Qwen3-0.6B] step=241 epoch=0.9396

                                                 

 31%|███▏      | 241/771 [07:57<17:16,  1.96s/it]2026-09-20 16:22:40,007 INFO [rev_util_helpfulness|paper_align|Qwen3-0.6B] step=241 epoch=0.9396

                                                 

 31%|███▏      | 241/771 [07:57<17:16,  1.96s/it]
 31%|███▏      | 242/771 [07:58<17:38,  2.00s/it]2026-09-20 16:22:40,521 INFO [rev_util_helpfulness|paper_align|Qwen3-0.6B] step=242 epoch=0.9435

                                                 

 31%|███▏      | 242/771 [07:58<17:38,  2.00s/it]2026-09-20 16:22:40,996 INFO [rev_util_helpfulness|paper_align|Qwen3-0.6B] step=242 epoch=0.9435

                                                 

 31%|███▏      | 242/771 [07:58<17:38,  2.00s/it]2026-09-20 16:22:41,476 INFO [rev_util_helpfulness|paper_align|Qwen3-0.6B] step=242 epoch=0.9435

                                                 

 31%|███▏      | 242/771 [07:59<17:38,  2.00s/it]2026-09-20 16:22:41,963 INFO [rev_util_helpfulness|paper_align|Qwen3-0.6B] step=242 epoch=0.9435

                                                 

 31%|███▏      | 242/771 [07:59<17:38,  2.00s/it]
 32%|███▏      | 243/771 [08:00<17:31,  1.99s/it]2026-09-20 16:22:42,483 INFO [rev_util_helpfulness|paper_align|Qwen3-0.6B] step=243 epoch=0.9474

                                                 

 32%|███▏      | 243/771 [08:00<17:31,  1.99s/it]2026-09-20 16:22:42,954 INFO [rev_util_helpfulness|paper_align|Qwen3-0.6B] step=243 epoch=0.9474

                                                 

 32%|███▏      | 243/771 [08:00<17:31,  1.99s/it]2026-09-20 16:22:43,429 INFO [rev_util_helpfulness|paper_align|Qwen3-0.6B] step=243 epoch=0.9474

                                                 

 32%|███▏      | 243/771 [08:01<17:31,  1.99s/it]2026-09-20 16:22:43,895 INFO [rev_util_helpfulness|paper_align|Qwen3-0.6B] step=243 epoch=0.9474

                                                 

 32%|███▏      | 243/771 [08:01<17:31,  1.99s/it]
 32%|███▏      | 244/771 [08:01<17:18,  1.97s/it]2026-09-20 16:22:44,412 INFO [rev_util_helpfulness|paper_align|Qwen3-0.6B] step=244 epoch=0.9513

                                                 

 32%|███▏      | 244/771 [08:02<17:18,  1.97s/it]2026-09-20 16:22:44,892 INFO [rev_util_helpfulness|paper_align|Qwen3-0.6B] step=244 epoch=0.9513

                                                 

 32%|███▏      | 244/771 [08:02<17:18,  1.97s/it]2026-09-20 16:22:45,369 INFO [rev_util_helpfulness|paper_align|Qwen3-0.6B] step=244 epoch=0.9513

                                                 

 32%|███▏      | 244/771 [08:03<17:18,  1.97s/it]2026-09-20 16:22:45,843 INFO [rev_util_helpfulness|paper_align|Qwen3-0.6B] step=244 epoch=0.9513

                                                 

 32%|███▏      | 244/771 [08:03<17:18,  1.97s/it]
 32%|███▏      | 245/771 [08:03<17:13,  1.96s/it]2026-09-20 16:22:46,356 INFO [rev_util_helpfulness|paper_align|Qwen3-0.6B] step=245 epoch=0.9552

                                                 

 32%|███▏      | 245/771 [08:04<17:13,  1.96s/it]2026-09-20 16:22:46,834 INFO [rev_util_helpfulness|paper_align|Qwen3-0.6B] step=245 epoch=0.9552

                                                 

 32%|███▏      | 245/771 [08:04<17:13,  1.96s/it]2026-09-20 16:22:47,297 INFO [rev_util_helpfulness|paper_align|Qwen3-0.6B] step=245 epoch=0.9552

                                                 

 32%|███▏      | 245/771 [08:05<17:13,  1.96s/it]2026-09-20 16:22:47,794 INFO [rev_util_helpfulness|paper_align|Qwen3-0.6B] step=245 epoch=0.9552

                                                 

 32%|███▏      | 245/771 [08:05<17:13,  1.96s/it]
 32%|███▏      | 246/771 [08:05<17:08,  1.96s/it]2026-09-20 16:22:48,313 INFO [rev_util_helpfulness|paper_align|Qwen3-0.6B] step=246 epoch=0.9591

                                                 

 32%|███▏      | 246/771 [08:06<17:08,  1.96s/it]2026-09-20 16:22:48,795 INFO [rev_util_helpfulness|paper_align|Qwen3-0.6B] step=246 epoch=0.9591

                                                 

 32%|███▏      | 246/771 [08:06<17:08,  1.96s/it]2026-09-20 16:22:49,277 INFO [rev_util_helpfulness|paper_align|Qwen3-0.6B] step=246 epoch=0.9591

                                                 

 32%|███▏      | 246/771 [08:06<17:08,  1.96s/it]2026-09-20 16:22:49,945 INFO [rev_util_helpfulness|paper_align|Qwen3-0.6B] step=246 epoch=0.9591

                                                 

 32%|███▏      | 246/771 [08:07<17:08,  1.96s/it]
 32%|███▏      | 247/771 [08:07<17:33,  2.01s/it]2026-09-20 16:22:50,442 INFO [rev_util_helpfulness|paper_align|Qwen3-0.6B] step=247 epoch=0.9630

                                                 

 32%|███▏      | 247/771 [08:08<17:33,  2.01s/it]2026-09-20 16:22:50,952 INFO [rev_util_helpfulness|paper_align|Qwen3-0.6B] step=247 epoch=0.9630

                                                 

 32%|███▏      | 247/771 [08:08<17:33,  2.01s/it]2026-09-20 16:22:51,435 INFO [rev_util_helpfulness|paper_align|Qwen3-0.6B] step=247 epoch=0.9630

                                                 

 32%|███▏      | 247/771 [08:09<17:33,  2.01s/it]2026-09-20 16:22:51,923 INFO [rev_util_helpfulness|paper_align|Qwen3-0.6B] step=247 epoch=0.9630

                                                 

 32%|███▏      | 247/771 [08:09<17:33,  2.01s/it]
 32%|███▏      | 248/771 [08:09<17:29,  2.01s/it]2026-09-20 16:22:52,434 INFO [rev_util_helpfulness|paper_align|Qwen3-0.6B] step=248 epoch=0.9669

                                                 

 32%|███▏      | 248/771 [08:10<17:29,  2.01s/it]2026-09-20 16:22:52,907 INFO [rev_util_helpfulness|paper_align|Qwen3-0.6B] step=248 epoch=0.9669

                                                 

 32%|███▏      | 248/771 [08:10<17:29,  2.01s/it]2026-09-20 16:22:53,388 INFO [rev_util_helpfulness|paper_align|Qwen3-0.6B] step=248 epoch=0.9669

                                                 

 32%|███▏      | 248/771 [08:11<17:29,  2.01s/it]2026-09-20 16:22:53,874 INFO [rev_util_helpfulness|paper_align|Qwen3-0.6B] step=248 epoch=0.9669

                                                 

 32%|███▏      | 248/771 [08:11<17:29,  2.01s/it]
 32%|███▏      | 249/771 [08:11<17:22,  2.00s/it]2026-09-20 16:22:54,406 INFO [rev_util_helpfulness|paper_align|Qwen3-0.6B] step=249 epoch=0.9708

                                                 

 32%|███▏      | 249/771 [08:12<17:22,  2.00s/it]2026-09-20 16:22:54,895 INFO [rev_util_helpfulness|paper_align|Qwen3-0.6B] step=249 epoch=0.9708

                                                 

 32%|███▏      | 249/771 [08:12<17:22,  2.00s/it]2026-09-20 16:22:55,384 INFO [rev_util_helpfulness|paper_align|Qwen3-0.6B] step=249 epoch=0.9708

                                                 

 32%|███▏      | 249/771 [08:13<17:22,  2.00s/it]2026-09-20 16:22:55,867 INFO [rev_util_helpfulness|paper_align|Qwen3-0.6B] step=249 epoch=0.9708

                                                 

 32%|███▏      | 249/771 [08:13<17:22,  2.00s/it]
 32%|███▏      | 250/771 [08:13<17:14,  1.99s/it]2026-09-20 16:22:56,196 INFO [rev_util_helpfulness|paper_align|Qwen3-0.6B] step=250 loss=0.6344 learning_rate=0.0001 epoch=0.9747

                                                 

 32%|███▏      | 250/771 [08:13<17:14,  1.99s/it]2026-09-20 16:22:56,384 INFO [rev_util_helpfulness|paper_align|Qwen3-0.6B] step=250 epoch=0.9747

                                                 

 32%|███▏      | 250/771 [08:14<17:14,  1.99s/it]2026-09-20 16:22:56,851 INFO [rev_util_helpfulness|paper_align|Qwen3-0.6B] step=250 epoch=0.9747

                                                 

 32%|███▏      | 250/771 [08:14<17:14,  1.99s/it]2026-09-20 16:22:57,326 INFO [rev_util_helpfulness|paper_align|Qwen3-0.6B] step=250 epoch=0.9747

                                                 

 32%|███▏      | 250/771 [08:15<17:14,  1.99s/it]2026-09-20 16:22:57,793 INFO [rev_util_helpfulness|paper_align|Qwen3-0.6B] step=250 epoch=0.9747

                                                 

 32%|███▏      | 250/771 [08:15<17:14,  1.99s/it]
 33%|███▎      | 251/771 [08:15<17:03,  1.97s/it]2026-09-20 16:22:58,311 INFO [rev_util_helpfulness|paper_align|Qwen3-0.6B] step=251 epoch=0.9786

                                                 

 33%|███▎      | 251/771 [08:16<17:03,  1.97s/it]2026-09-20 16:22:58,789 INFO [rev_util_helpfulness|paper_align|Qwen3-0.6B] step=251 epoch=0.9786

                                                 

 33%|███▎      | 251/771 [08:16<17:03,  1.97s/it]2026-09-20 16:22:59,272 INFO [rev_util_helpfulness|paper_align|Qwen3-0.6B] step=251 epoch=0.9786

                                                 

 33%|███▎      | 251/771 [08:16<17:03,  1.97s/it]2026-09-20 16:22:59,756 INFO [rev_util_helpfulness|paper_align|Qwen3-0.6B] step=251 epoch=0.9786

                                                 

 33%|███▎      | 251/771 [08:17<17:03,  1.97s/it]
 33%|███▎      | 252/771 [08:17<17:01,  1.97s/it]2026-09-20 16:23:00,494 INFO [rev_util_helpfulness|paper_align|Qwen3-0.6B] step=252 epoch=0.9825

                                                 

 33%|███▎      | 252/771 [08:18<17:01,  1.97s/it]2026-09-20 16:23:00,962 INFO [rev_util_helpfulness|paper_align|Qwen3-0.6B] step=252 epoch=0.9825

                                                 

 33%|███▎      | 252/771 [08:18<17:01,  1.97s/it]2026-09-20 16:23:01,448 INFO [rev_util_helpfulness|paper_align|Qwen3-0.6B] step=252 epoch=0.9825

                                                 

 33%|███▎      | 252/771 [08:19<17:01,  1.97s/it]2026-09-20 16:23:01,937 INFO [rev_util_helpfulness|paper_align|Qwen3-0.6B] step=252 epoch=0.9825

                                                 

 33%|███▎      | 252/771 [08:19<17:01,  1.97s/it]
 33%|███▎      | 253/771 [08:19<17:33,  2.03s/it]2026-09-20 16:23:02,453 INFO [rev_util_helpfulness|paper_align|Qwen3-0.6B] step=253 epoch=0.9864

                                                 

 33%|███▎      | 253/771 [08:20<17:33,  2.03s/it]2026-09-20 16:23:02,923 INFO [rev_util_helpfulness|paper_align|Qwen3-0.6B] step=253 epoch=0.9864

                                                 

 33%|███▎      | 253/771 [08:20<17:33,  2.03s/it]2026-09-20 16:23:03,399 INFO [rev_util_helpfulness|paper_align|Qwen3-0.6B] step=253 epoch=0.9864

                                                 

 33%|███▎      | 253/771 [08:21<17:33,  2.03s/it]2026-09-20 16:23:03,863 INFO [rev_util_helpfulness|paper_align|Qwen3-0.6B] step=253 epoch=0.9864

                                                 

 33%|███▎      | 253/771 [08:21<17:33,  2.03s/it]
 33%|███▎      | 254/771 [08:21<17:12,  2.00s/it]2026-09-20 16:23:04,379 INFO [rev_util_helpfulness|paper_align|Qwen3-0.6B] step=254 epoch=0.9903

                                                 

 33%|███▎      | 254/771 [08:22<17:12,  2.00s/it]2026-09-20 16:23:04,847 INFO [rev_util_helpfulness|paper_align|Qwen3-0.6B] step=254 epoch=0.9903

                                                 

 33%|███▎      | 254/771 [08:22<17:12,  2.00s/it]2026-09-20 16:23:05,315 INFO [rev_util_helpfulness|paper_align|Qwen3-0.6B] step=254 epoch=0.9903

                                                 

 33%|███▎      | 254/771 [08:23<17:12,  2.00s/it]2026-09-20 16:23:05,780 INFO [rev_util_helpfulness|paper_align|Qwen3-0.6B] step=254 epoch=0.9903

                                                 

 33%|███▎      | 254/771 [08:23<17:12,  2.00s/it]
 33%|███▎      | 255/771 [08:23<16:58,  1.97s/it]2026-09-20 16:23:06,295 INFO [rev_util_helpfulness|paper_align|Qwen3-0.6B] step=255 epoch=0.9942

                                                 

 33%|███▎      | 255/771 [08:24<16:58,  1.97s/it]2026-09-20 16:23:06,764 INFO [rev_util_helpfulness|paper_align|Qwen3-0.6B] step=255 epoch=0.9942

                                                 

 33%|███▎      | 255/771 [08:24<16:58,  1.97s/it]2026-09-20 16:23:07,239 INFO [rev_util_helpfulness|paper_align|Qwen3-0.6B] step=255 epoch=0.9942

                                                 

 33%|███▎      | 255/771 [08:24<16:58,  1.97s/it]2026-09-20 16:23:07,713 INFO [rev_util_helpfulness|paper_align|Qwen3-0.6B] step=255 epoch=0.9942

                                                 

 33%|███▎      | 255/771 [08:25<16:58,  1.97s/it]
 33%|███▎      | 256/771 [08:25<16:49,  1.96s/it]2026-09-20 16:23:08,206 INFO [rev_util_helpfulness|paper_align|Qwen3-0.6B] step=256 epoch=0.9981

                                                 
{'paper_align_label_loss': '0.03207', 'paper_align_reason_loss': '0.2919', 'epoch': '0.9123'}
{'paper_align_label_loss': '0.06893', 'paper_align_reason_loss': '0.2645', 'epoch': '0.9162'}
{'paper_align_label_loss': '0.03447', 'paper_align_reason_loss': '0.248', 'epoch': '0.9162'}
{'paper_align_label_loss': '0.02671', 'paper_align_reason_loss': '0.2394', 'epoch': '0.9162'}
{'paper_align_label_loss': '0.05722', 'paper_align_reason_loss': '0.2643', 'epoch': '0.9162'}
{'paper_align_label_loss': '0.04418', 'paper_align_reason_loss': '0.2537', 'epoch': '0.9201'}
{'paper_align_label_loss': '0.04801', 'paper_align_reason_loss': '0.2354', 'epoch': '0.9201'}
{'paper_align_label_loss': '0.07851', 'paper_align_reason_loss': '0.2519', 'epoch': '0.9201'}
{'paper_align_label_loss': '0.1603', 'paper_align_reason_loss': '0.2151', 'epoch': '0.9201'}
{'paper_align_label_loss': '0.01921', 'paper_align_reason_loss': '0.2705', 'epoch': '0.924'}
{'paper_align_label_loss': '0.1232', 'paper_align_reason_loss': '0.2532', 'epoch': '0.924'}
{'paper_align_label_loss': '0.02399', 'paper_align_reason_loss': '0.2331', 'epoch': '0.924'}
{'paper_align_label_loss': '0.02335', 'paper_align_reason_loss': '0.2173', 'epoch': '0.924'}
{'paper_align_label_loss': '0.07712', 'paper_align_reason_loss': '0.2032', 'epoch': '0.9279'}
{'paper_align_label_loss': '0.05827', 'paper_align_reason_loss': '0.19', 'epoch': '0.9279'}
{'paper_align_label_loss': '0.1456', 'paper_align_reason_loss': '0.2036', 'epoch': '0.9279'}
{'paper_align_label_loss': '0.03257', 'paper_align_reason_loss': '0.242', 'epoch': '0.9279'}
{'paper_align_label_loss': '0.3127', 'paper_align_reason_loss': '0.1535', 'epoch': '0.9318'}
{'paper_align_label_loss': '0.04394', 'paper_align_reason_loss': '0.2044', 'epoch': '0.9318'}
{'paper_align_label_loss': '0.07847', 'paper_align_reason_loss': '0.2725', 'epoch': '0.9318'}
{'paper_align_label_loss': '0.03412', 'paper_align_reason_loss': '0.166', 'epoch': '0.9318'}
{'loss': '0.6341', 'grad_norm': '4.86', 'learning_rate': '8.092e-05', 'epoch': '0.9357'}
{'paper_align_label_loss': '0.06053', 'paper_align_reason_loss': '0.2869', 'epoch': '0.9357'}
{'paper_align_label_loss': '0.02634', 'paper_align_reason_loss': '0.2173', 'epoch': '0.9357'}
{'paper_align_label_loss': '0.06656', 'paper_align_reason_loss': '0.1744', 'epoch': '0.9357'}
{'paper_align_label_loss': '0.0804', 'paper_align_reason_loss': '0.168', 'epoch': '0.9357'}
{'paper_align_label_loss': '0.05201', 'paper_align_reason_loss': '0.2864', 'epoch': '0.9396'}
{'paper_align_label_loss': '0.06509', 'paper_align_reason_loss': '0.1517', 'epoch': '0.9396'}
{'paper_align_label_loss': '0.04463', 'paper_align_reason_loss': '0.1824', 'epoch': '0.9396'}
{'paper_align_label_loss': '0.04831', 'paper_align_reason_loss': '0.1682', 'epoch': '0.9396'}
{'paper_align_label_loss': '0.03521', 'paper_align_reason_loss': '0.2129', 'epoch': '0.9435'}
{'paper_align_label_loss': '0.1194', 'paper_align_reason_loss': '0.2343', 'epoch': '0.9435'}
{'paper_align_label_loss': '0.4516', 'paper_align_reason_loss': '0.2285', 'epoch': '0.9435'}
{'paper_align_label_loss': '0.07118', 'paper_align_reason_loss': '0.2621', 'epoch': '0.9435'}
{'paper_align_label_loss': '0.02802', 'paper_align_reason_loss': '0.2168', 'epoch': '0.9474'}
{'paper_align_label_loss': '0.07099', 'paper_align_reason_loss': '0.1987', 'epoch': '0.9474'}
{'paper_align_label_loss': '0.1498', 'paper_align_reason_loss': '0.1983', 'epoch': '0.9474'}
{'paper_align_label_loss': '0.139', 'paper_align_reason_loss': '0.2652', 'epoch': '0.9474'}
{'paper_align_label_loss': '0.01426', 'paper_align_reason_loss': '0.2584', 'epoch': '0.9513'}
{'paper_align_label_loss': '0.2801', 'paper_align_reason_loss': '0.3015', 'epoch': '0.9513'}
{'paper_align_label_loss': '0.211', 'paper_align_reason_loss': '0.2054', 'epoch': '0.9513'}
{'paper_align_label_loss': '0.04348', 'paper_align_reason_loss': '0.228', 'epoch': '0.9513'}
{'paper_align_label_loss': '0.01128', 'paper_align_reason_loss': '0.2112', 'epoch': '0.9552'}
{'paper_align_label_loss': '0.06637', 'paper_align_reason_loss': '0.1886', 'epoch': '0.9552'}
{'paper_align_label_loss': '0.03917', 'paper_align_reason_loss': '0.2166', 'epoch': '0.9552'}
{'paper_align_label_loss': '0.02073', 'paper_align_reason_loss': '0.1974', 'epoch': '0.9552'}
{'paper_align_label_loss': '0.0209', 'paper_align_reason_loss': '0.3067', 'epoch': '0.9591'}
{'paper_align_label_loss': '0.03473', 'paper_align_reason_loss': '0.2992', 'epoch': '0.9591'}
{'paper_align_label_loss': '0.2054', 'paper_align_reason_loss': '0.295', 'epoch': '0.9591'}
{'paper_align_label_loss': '0.1351', 'paper_align_reason_loss': '0.2807', 'epoch': '0.9591'}
{'paper_align_label_loss': '0.0164', 'paper_align_reason_loss': '0.2223', 'epoch': '0.963'}
{'paper_align_label_loss': '0.135', 'paper_align_reason_loss': '0.2982', 'epoch': '0.963'}
{'paper_align_label_loss': '0.07301', 'paper_align_reason_loss': '0.246', 'epoch': '0.963'}
{'paper_align_label_loss': '0.02693', 'paper_align_reason_loss': '0.2158', 'epoch': '0.963'}
{'paper_align_label_loss': '0.05085', 'paper_align_reason_loss': '0.2132', 'epoch': '0.9669'}
{'paper_align_label_loss': '0.1156', 'paper_align_reason_loss': '0.1679', 'epoch': '0.9669'}
{'paper_align_label_loss': '0.2956', 'paper_align_reason_loss': '0.2187', 'epoch': '0.9669'}
{'paper_align_label_loss': '0.01018', 'paper_align_reason_loss': '0.2115', 'epoch': '0.9669'}
{'paper_align_label_loss': '0.0636', 'paper_align_reason_loss': '0.2405', 'epoch': '0.9708'}
{'paper_align_label_loss': '0.1241', 'paper_align_reason_loss': '0.1662', 'epoch': '0.9708'}
{'paper_align_label_loss': '0.008806', 'paper_align_reason_loss': '0.2884', 'epoch': '0.9708'}
{'paper_align_label_loss': '0.03352', 'paper_align_reason_loss': '0.2138', 'epoch': '0.9708'}
{'loss': '0.6344', 'grad_norm': '5.618', 'learning_rate': '7.924e-05', 'epoch': '0.9747'}
{'paper_align_label_loss': '0.06121', 'paper_align_reason_loss': '0.2591', 'epoch': '0.9747'}
{'paper_align_label_loss': '0.1317', 'paper_align_reason_loss': '0.2801', 'epoch': '0.9747'}
{'paper_align_label_loss': '0.02032', 'paper_align_reason_loss': '0.219', 'epoch': '0.9747'}
{'paper_align_label_loss': '0.07118', 'paper_align_reason_loss': '0.2252', 'epoch': '0.9747'}
{'paper_align_label_loss': '0.09658', 'paper_align_reason_loss': '0.2276', 'epoch': '0.9786'}
{'paper_align_label_loss': '0.2134', 'paper_align_reason_loss': '0.2587', 'epoch': '0.9786'}
{'paper_align_label_loss': '0.1229', 'paper_align_reason_loss': '0.1976', 'epoch': '0.9786'}
{'paper_align_label_loss': '0.2133', 'paper_align_reason_loss': '0.2836', 'epoch': '0.9786'}
{'paper_align_label_loss': '0.07818', 'paper_align_reason_loss': '0.2578', 'epoch': '0.9825'}
{'paper_align_label_loss': '0.05502', 'paper_align_reason_loss': '0.2429', 'epoch': '0.9825'}
{'paper_align_label_loss': '0.02388', 'paper_align_reason_loss': '0.234', 'epoch': '0.9825'}
{'paper_align_label_loss': '0.06924', 'paper_align_reason_loss': '0.2552', 'epoch': '0.9825'}
{'paper_align_label_loss': '0.04301', 'paper_align_reason_loss': '0.1974', 'epoch': '0.9864'}
{'paper_align_label_loss': '0.06894', 'paper_align_reason_loss': '0.255', 'epoch': '0.9864'}
{'paper_align_label_loss': '0.05037', 'paper_align_reason_loss': '0.1578', 'epoch': '0.9864'}
{'paper_align_label_loss': '0.0564', 'paper_align_reason_loss': '0.1987', 'epoch': '0.9864'}
{'paper_align_label_loss': '0.1407', 'paper_align_reason_loss': '0.1971', 'epoch': '0.9903'}
{'paper_align_label_loss': '0.03296', 'paper_align_reason_loss': '0.2351', 'epoch': '0.9903'}
{'paper_align_label_loss': '0.08454', 'paper_align_reason_loss': '0.2807', 'epoch': '0.9903'}
{'paper_align_label_loss': '0.03669', 'paper_align_reason_loss': '0.2493', 'epoch': '0.9903'}
{'paper_align_label_loss': '0.09355', 'paper_align_reason_loss': '0.2275', 'epoch': '0.9942'}
{'paper_align_label_loss': '0.08002', 'paper_align_reason_loss': '0.3003', 'epoch': '0.9942'}
{'paper_align_label_loss': '0.1299', 'paper_align_reason_loss': '0.2209', 'epoch': '0.9942'}
{'paper_align_label_loss': '0.09738', 'paper_align_reason_loss': '0.2191', 'epoch': '0.9942'}

 33%|███▎      | 256/771 [08:25<16:49,  1.96s/it]2026-09-20 16:23:08,667 INFO [rev_util_helpfulness|paper_align|Qwen3-0.6B] step=256 epoch=0.9981

                                                 

 33%|███▎      | 256/771 [08:26<16:49,  1.96s/it]
 33%|███▎      | 257/771 [08:26<14:12,  1.66s/it]{'paper_align_label_loss': '0.02795', 'paper_align_reason_loss': '0.2192', 'epoch': '0.9981'}
{'paper_align_label_loss': '0.1051', 'paper_align_reason_loss': '0.4047', 'epoch': '0.9981'}


  0%|          | 0/57 [00:00<?, ?it/s][A

  5%|▌         | 3/57 [00:00<00:03, 16.62it/s][A

  9%|▉         | 5/57 [00:00<00:03, 13.63it/s][A

 12%|█▏        | 7/57 [00:00<00:03, 12.66it/s][A

 16%|█▌        | 9/57 [00:00<00:03, 12.20it/s][A

 19%|█▉        | 11/57 [00:00<00:03, 11.96it/s][A

 23%|██▎       | 13/57 [00:01<00:03, 11.75it/s][A

 26%|██▋       | 15/57 [00:01<00:03, 11.63it/s][A

 30%|██▉       | 17/57 [00:01<00:03, 11.59it/s][A

 33%|███▎      | 19/57 [00:01<00:03, 11.53it/s][A

 37%|███▋      | 21/57 [00:01<00:03, 11.52it/s][A

 40%|████      | 23/57 [00:01<00:02, 11.51it/s][A

 44%|████▍     | 25/57 [00:02<00:02, 11.50it/s][A

 47%|████▋     | 27/57 [00:02<00:02, 11.50it/s][A

 51%|█████     | 29/57 [00:02<00:02, 11.50it/s][A

 54%|█████▍    | 31/57 [00:02<00:02, 11.48it/s][A

 58%|█████▊    | 33/57 [00:02<00:02, 11.51it/s][A

 61%|██████▏   | 35/57 [00:02<00:01, 11.53it/s][A

 65%|██████▍   | 37/57 [00:03<00:01, 11.52it/s][A

 68%|██████▊   | 39/57 [00:03<00:01, 11.53it/s][A

 72%|███████▏  | 41/57 [00:03<00:01, 11.53it/s][A

 75%|███████▌  | 43/57 [00:03<00:01, 11.52it/s][A

 79%|███████▉  | 45/57 [00:03<00:01, 11.52it/s][A

 82%|████████▏ | 47/57 [00:04<00:00, 11.52it/s][A

 86%|████████▌ | 49/57 [00:04<00:00, 11.52it/s][A

 89%|████████▉ | 51/57 [00:04<00:00, 11.53it/s][A

 93%|█████████▎| 53/57 [00:04<00:00, 11.48it/s][A

 96%|█████████▋| 55/57 [00:04<00:00, 11.50it/s][A

100%|██████████| 57/57 [00:04<00:00, 11.73it/s][A2026-09-20 16:23:14,002 INFO [rev_util_helpfulness|paper_align|Qwen3-0.6B] step=257 eval_loss=0.0983 epoch=1.0000

                                                 

                                               
[A
 33%|███▎      | 257/771 [08:31<14:12,  1.66s/it]

100%|██████████| 57/57 [00:04<00:00, 11.73it/s][A

                                               [A2026-09-20 16:23:14,145 INFO Starting generation validation on training device cuda:0: samples=228 batch_size=16
2026-09-20 16:23:14,791 INFO Generation validation progress: 16/228
2026-09-20 16:23:15,428 INFO Generation validation progress: 32/228
2026-09-20 16:23:16,091 INFO Generation validation progress: 48/228
2026-09-20 16:23:16,694 INFO Generation validation progress: 64/228
2026-09-20 16:23:17,306 INFO Generation validation progress: 80/228
2026-09-20 16:23:17,923 INFO Generation validation progress: 96/228
2026-09-20 16:23:18,579 INFO Generation validation progress: 112/228
2026-09-20 16:23:19,186 INFO Generation validation progress: 128/228
2026-09-20 16:23:19,838 INFO Generation validation progress: 144/228
2026-09-20 16:23:20,461 INFO Generation validation progress: 160/228
2026-09-20 16:23:21,058 INFO Generation validation progress: 176/228
2026-09-20 16:23:21,661 INFO Generation validation progress: 192/228
2026-09-20 16:23:22,287 INFO Generation validation progress: 208/228
2026-09-20 16:23:22,911 INFO Generation validation progress: 224/228
2026-09-20 16:23:23,302 INFO Generation validation progress: 228/228
2026-09-20 16:23:23,346 INFO Generation val @ epoch=1.0 step=257: acc=0.6491 macro_f1=0.6068 valid=1.0000 (retaining last checkpoint)
2026-09-20 16:23:23,348 INFO [rev_util_helpfulness|paper_align|Qwen3-0.6B] step=257 eval_generation_accuracy=0.6491 eval_generation_macro_f1=0.6068 eval_generation_format_valid_rate=1.0000 eval_generation_mae=0.3553 eval_generation_qwk=0.7762 epoch=1.0000

                                                 

 33%|███▎      | 257/771 [08:41<14:12,  1.66s/it]2026-09-20 16:23:24,039 INFO [rev_util_helpfulness|paper_align|Qwen3-0.6B] step=257 epoch=1.0000

                                                 

 33%|███▎      | 257/771 [08:41<14:12,  1.66s/it]2026-09-20 16:23:24,484 INFO [rev_util_helpfulness|paper_align|Qwen3-0.6B] step=257 epoch=1.0000

                                                 

 33%|███▎      | 257/771 [08:42<14:12,  1.66s/it]2026-09-20 16:23:24,935 INFO [rev_util_helpfulness|paper_align|Qwen3-0.6B] step=257 epoch=1.0000

                                                 

 33%|███▎      | 257/771 [08:42<14:12,  1.66s/it]2026-09-20 16:23:25,378 INFO [rev_util_helpfulness|paper_align|Qwen3-0.6B] step=257 epoch=1.0000

                                                 

 33%|███▎      | 257/771 [08:43<14:12,  1.66s/it]
 33%|███▎      | 258/771 [08:43<52:47,  6.18s/it]2026-09-20 16:23:25,861 INFO [rev_util_helpfulness|paper_align|Qwen3-0.6B] step=258 epoch=1.0039

                                                 

 33%|███▎      | 258/771 [08:43<52:47,  6.18s/it]2026-09-20 16:23:26,298 INFO [rev_util_helpfulness|paper_align|Qwen3-0.6B] step=258 epoch=1.0039

                                                 

 33%|███▎      | 258/771 [08:44<52:47,  6.18s/it]2026-09-20 16:23:26,744 INFO [rev_util_helpfulness|paper_align|Qwen3-0.6B] step=258 epoch=1.0039

                                                 

 33%|███▎      | 258/771 [08:44<52:47,  6.18s/it]2026-09-20 16:23:27,198 INFO [rev_util_helpfulness|paper_align|Qwen3-0.6B] step=258 epoch=1.0039

                                                 

 33%|███▎      | 258/771 [08:44<52:47,  6.18s/it]
 34%|███▎      | 259/771 [08:45<41:34,  4.87s/it]2026-09-20 16:23:27,688 INFO [rev_util_helpfulness|paper_align|Qwen3-0.6B] step=259 epoch=1.0078

                                                 

 34%|███▎      | 259/771 [08:45<41:34,  4.87s/it]2026-09-20 16:23:28,149 INFO [rev_util_helpfulness|paper_align|Qwen3-0.6B] step=259 epoch=1.0078

                                                 

 34%|███▎      | 259/771 [08:45<41:34,  4.87s/it]2026-09-20 16:23:28,635 INFO [rev_util_helpfulness|paper_align|Qwen3-0.6B] step=259 epoch=1.0078

                                                 

 34%|███▎      | 259/771 [08:46<41:34,  4.87s/it]2026-09-20 16:23:29,123 INFO [rev_util_helpfulness|paper_align|Qwen3-0.6B] step=259 epoch=1.0078

                                                 

 34%|███▎      | 259/771 [08:46<41:34,  4.87s/it]
 34%|███▎      | 260/771 [08:47<33:57,  3.99s/it]2026-09-20 16:23:29,466 INFO [rev_util_helpfulness|paper_align|Qwen3-0.6B] step=260 loss=0.5871 learning_rate=0.0001 epoch=1.0117

                                                 

 34%|███▎      | 260/771 [08:47<33:57,  3.99s/it]2026-09-20 16:23:29,666 INFO [rev_util_helpfulness|paper_align|Qwen3-0.6B] step=260 epoch=1.0117

                                                 

 34%|███▎      | 260/771 [08:47<33:57,  3.99s/it]2026-09-20 16:23:30,146 INFO [rev_util_helpfulness|paper_align|Qwen3-0.6B] step=260 epoch=1.0117

                                                 

 34%|███▎      | 260/771 [08:47<33:57,  3.99s/it]2026-09-20 16:23:30,624 INFO [rev_util_helpfulness|paper_align|Qwen3-0.6B] step=260 epoch=1.0117

                                                 

 34%|███▎      | 260/771 [08:48<33:57,  3.99s/it]2026-09-20 16:23:31,094 INFO [rev_util_helpfulness|paper_align|Qwen3-0.6B] step=260 epoch=1.0117

                                                 

 34%|███▎      | 260/771 [08:48<33:57,  3.99s/it]
 34%|███▍      | 261/771 [08:49<28:43,  3.38s/it]2026-09-20 16:23:31,607 INFO [rev_util_helpfulness|paper_align|Qwen3-0.6B] step=261 epoch=1.0156

                                                 

 34%|███▍      | 261/771 [08:49<28:43,  3.38s/it]2026-09-20 16:23:32,095 INFO [rev_util_helpfulness|paper_align|Qwen3-0.6B] step=261 epoch=1.0156

                                                 

 34%|███▍      | 261/771 [08:49<28:43,  3.38s/it]2026-09-20 16:23:32,572 INFO [rev_util_helpfulness|paper_align|Qwen3-0.6B] step=261 epoch=1.0156

                                                 

 34%|███▍      | 261/771 [08:50<28:43,  3.38s/it]2026-09-20 16:23:33,047 INFO [rev_util_helpfulness|paper_align|Qwen3-0.6B] step=261 epoch=1.0156

                                                 

 34%|███▍      | 261/771 [08:50<28:43,  3.38s/it]
 34%|███▍      | 262/771 [08:51<25:02,  2.95s/it]2026-09-20 16:23:33,570 INFO [rev_util_helpfulness|paper_align|Qwen3-0.6B] step=262 epoch=1.0195

                                                 

 34%|███▍      | 262/771 [08:51<25:02,  2.95s/it]2026-09-20 16:23:34,050 INFO [rev_util_helpfulness|paper_align|Qwen3-0.6B] step=262 epoch=1.0195

                                                 

 34%|███▍      | 262/771 [08:51<25:02,  2.95s/it]2026-09-20 16:23:34,711 INFO [rev_util_helpfulness|paper_align|Qwen3-0.6B] step=262 epoch=1.0195

                                                 

 34%|███▍      | 262/771 [08:52<25:02,  2.95s/it]2026-09-20 16:23:35,183 INFO [rev_util_helpfulness|paper_align|Qwen3-0.6B] step=262 epoch=1.0195

                                                 

 34%|███▍      | 262/771 [08:52<25:02,  2.95s/it]
 34%|███▍      | 263/771 [08:53<22:55,  2.71s/it]2026-09-20 16:23:35,698 INFO [rev_util_helpfulness|paper_align|Qwen3-0.6B] step=263 epoch=1.0234

                                                 

 34%|███▍      | 263/771 [08:53<22:55,  2.71s/it]2026-09-20 16:23:36,171 INFO [rev_util_helpfulness|paper_align|Qwen3-0.6B] step=263 epoch=1.0234

                                                 

 34%|███▍      | 263/771 [08:53<22:55,  2.71s/it]2026-09-20 16:23:36,649 INFO [rev_util_helpfulness|paper_align|Qwen3-0.6B] step=263 epoch=1.0234

                                                 

 34%|███▍      | 263/771 [08:54<22:55,  2.71s/it]2026-09-20 16:23:37,118 INFO [rev_util_helpfulness|paper_align|Qwen3-0.6B] step=263 epoch=1.0234

                                                 

 34%|███▍      | 263/771 [08:54<22:55,  2.71s/it]
 34%|███▍      | 264/771 [08:55<20:54,  2.47s/it]2026-09-20 16:23:37,633 INFO [rev_util_helpfulness|paper_align|Qwen3-0.6B] step=264 epoch=1.0273

                                                 

 34%|███▍      | 264/771 [08:55<20:54,  2.47s/it]2026-09-20 16:23:38,116 INFO [rev_util_helpfulness|paper_align|Qwen3-0.6B] step=264 epoch=1.0273

                                                 

 34%|███▍      | 264/771 [08:55<20:54,  2.47s/it]2026-09-20 16:23:38,593 INFO [rev_util_helpfulness|paper_align|Qwen3-0.6B] step=264 epoch=1.0273

                                                 

 34%|███▍      | 264/771 [08:56<20:54,  2.47s/it]2026-09-20 16:23:39,076 INFO [rev_util_helpfulness|paper_align|Qwen3-0.6B] step=264 epoch=1.0273

                                                 

 34%|███▍      | 264/771 [08:56<20:54,  2.47s/it]
 34%|███▍      | 265/771 [08:57<19:35,  2.32s/it]2026-09-20 16:23:39,591 INFO [rev_util_helpfulness|paper_align|Qwen3-0.6B] step=265 epoch=1.0312

                                                 

 34%|███▍      | 265/771 [08:57<19:35,  2.32s/it]2026-09-20 16:23:40,057 INFO [rev_util_helpfulness|paper_align|Qwen3-0.6B] step=265 epoch=1.0312

                                                 

 34%|███▍      | 265/771 [08:57<19:35,  2.32s/it]2026-09-20 16:23:40,537 INFO [rev_util_helpfulness|paper_align|Qwen3-0.6B] step=265 epoch=1.0312

                                                 

 34%|███▍      | 265/771 [08:58<19:35,  2.32s/it]2026-09-20 16:23:41,008 INFO [rev_util_helpfulness|paper_align|Qwen3-0.6B] step=265 epoch=1.0312

                                                 

 34%|███▍      | 265/771 [08:58<19:35,  2.32s/it]
 35%|███▍      | 266/771 [08:59<18:33,  2.20s/it]2026-09-20 16:23:41,522 INFO [rev_util_helpfulness|paper_align|Qwen3-0.6B] step=266 epoch=1.0351

                                                 

 35%|███▍      | 266/771 [08:59<18:33,  2.20s/it]2026-09-20 16:23:42,047 INFO [rev_util_helpfulness|paper_align|Qwen3-0.6B] step=266 epoch=1.0351

                                                 

 35%|███▍      | 266/771 [08:59<18:33,  2.20s/it]2026-09-20 16:23:42,521 INFO [rev_util_helpfulness|paper_align|Qwen3-0.6B] step=266 epoch=1.0351

                                                 

 35%|███▍      | 266/771 [09:00<18:33,  2.20s/it]2026-09-20 16:23:42,997 INFO [rev_util_helpfulness|paper_align|Qwen3-0.6B] step=266 epoch=1.0351

                                                 

 35%|███▍      | 266/771 [09:00<18:33,  2.20s/it]
 35%|███▍      | 267/771 [09:01<17:57,  2.14s/it]2026-09-20 16:23:43,503 INFO [rev_util_helpfulness|paper_align|Qwen3-0.6B] step=267 epoch=1.0390

                                                 

 35%|███▍      | 267/771 [09:01<17:57,  2.14s/it]2026-09-20 16:23:44,159 INFO [rev_util_helpfulness|paper_align|Qwen3-0.6B] step=267 epoch=1.0390

                                                 

 35%|███▍      | 267/771 [09:01<17:57,  2.14s/it]2026-09-20 16:23:44,628 INFO [rev_util_helpfulness|paper_align|Qwen3-0.6B] step=267 epoch=1.0390

                                                 

 35%|███▍      | 267/771 [09:02<17:57,  2.14s/it]2026-09-20 16:23:45,100 INFO [rev_util_helpfulness|paper_align|Qwen3-0.6B] step=267 epoch=1.0390

                                                 

 35%|███▍      | 267/771 [09:02<17:57,  2.14s/it]
 35%|███▍      | 268/771 [09:03<17:50,  2.13s/it]2026-09-20 16:23:45,608 INFO [rev_util_helpfulness|paper_align|Qwen3-0.6B] step=268 epoch=1.0429

                                                 

 35%|███▍      | 268/771 [09:03<17:50,  2.13s/it]2026-09-20 16:23:46,093 INFO [rev_util_helpfulness|paper_align|Qwen3-0.6B] step=268 epoch=1.0429

                                                 

 35%|███▍      | 268/771 [09:03<17:50,  2.13s/it]2026-09-20 16:23:46,573 INFO [rev_util_helpfulness|paper_align|Qwen3-0.6B] step=268 epoch=1.0429

                                                 

 35%|███▍      | 268/771 [09:04<17:50,  2.13s/it]2026-09-20 16:23:47,052 INFO [rev_util_helpfulness|paper_align|Qwen3-0.6B] step=268 epoch=1.0429

                                                 

 35%|███▍      | 268/771 [09:04<17:50,  2.13s/it]
 35%|███▍      | 269/771 [09:05<17:21,  2.07s/it]2026-09-20 16:23:47,557 INFO [rev_util_helpfulness|paper_align|Qwen3-0.6B] step=269 epoch=1.0468

                                                 

 35%|███▍      | 269/771 [09:05<17:21,  2.07s/it]2026-09-20 16:23:48,033 INFO [rev_util_helpfulness|paper_align|Qwen3-0.6B] step=269 epoch=1.0468

                                                 

 35%|███▍      | 269/771 [09:05<17:21,  2.07s/it]2026-09-20 16:23:48,523 INFO [rev_util_helpfulness|paper_align|Qwen3-0.6B] step=269 epoch=1.0468

                                                 

 35%|███▍      | 269/771 [09:06<17:21,  2.07s/it]2026-09-20 16:23:49,001 INFO [rev_util_helpfulness|paper_align|Qwen3-0.6B] step=269 epoch=1.0468

                                                 

 35%|███▍      | 269/771 [09:06<17:21,  2.07s/it]
 35%|███▌      | 270/771 [09:07<17:00,  2.04s/it]2026-09-20 16:23:49,330 INFO [rev_util_helpfulness|paper_align|Qwen3-0.6B] step=270 loss=0.4843 learning_rate=0.0001 epoch=1.0507

                                                 

 35%|███▌      | 270/771 [09:07<17:00,  2.04s/it]2026-09-20 16:23:49,509 INFO [rev_util_helpfulness|paper_align|Qwen3-0.6B] step=270 epoch=1.0507

                                                 

 35%|███▌      | 270/771 [09:07<17:00,  2.04s/it]2026-09-20 16:23:49,986 INFO [rev_util_helpfulness|paper_align|Qwen3-0.6B] step=270 epoch=1.0507

                                                 

 35%|███▌      | 270/771 [09:07<17:00,  2.04s/it]2026-09-20 16:23:50,466 INFO [rev_util_helpfulness|paper_align|Qwen3-0.6B] step=270 epoch=1.0507

                                                 

 35%|███▌      | 270/771 [09:08<17:00,  2.04s/it]2026-09-20 16:23:50,942 INFO [rev_util_helpfulness|paper_align|Qwen3-0.6B] step=270 epoch=1.0507

                                                 

 35%|███▌      | 270/771 [09:08<17:00,  2.04s/it]
 35%|███▌      | 271/771 [09:08<16:44,  2.01s/it]2026-09-20 16:23:51,448 INFO [rev_util_helpfulness|paper_align|Qwen3-0.6B] step=271 epoch=1.0546

                                                 

 35%|███▌      | 271/771 [09:09<16:44,  2.01s/it]2026-09-20 16:23:51,930 INFO [rev_util_helpfulness|paper_align|Qwen3-0.6B] step=271 epoch=1.0546

                                                 

 35%|███▌      | 271/771 [09:09<16:44,  2.01s/it]2026-09-20 16:23:52,402 INFO [rev_util_helpfulness|paper_align|Qwen3-0.6B] step=271 epoch=1.0546

                                                 

 35%|███▌      | 271/771 [09:10<16:44,  2.01s/it]2026-09-20 16:23:52,870 INFO [rev_util_helpfulness|paper_align|Qwen3-0.6B] step=271 epoch=1.0546

                                                 

 35%|███▌      | 271/771 [09:10<16:44,  2.01s/it]
 35%|███▌      | 272/771 [09:10<16:29,  1.98s/it]2026-09-20 16:23:53,374 INFO [rev_util_helpfulness|paper_align|Qwen3-0.6B] step=272 epoch=1.0585

                                                 

 35%|███▌      | 272/771 [09:11<16:29,  1.98s/it]2026-09-20 16:23:54,034 INFO [rev_util_helpfulness|paper_align|Qwen3-0.6B] step=272 epoch=1.0585

                                                 

 35%|███▌      | 272/771 [09:11<16:29,  1.98s/it]2026-09-20 16:23:54,512 INFO [rev_util_helpfulness|paper_align|Qwen3-0.6B] step=272 epoch=1.0585

                                                 

 35%|███▌      | 272/771 [09:12<16:29,  1.98s/it]2026-09-20 16:23:54,991 INFO [rev_util_helpfulness|paper_align|Qwen3-0.6B] step=272 epoch=1.0585

                                                 

 35%|███▌      | 272/771 [09:12<16:29,  1.98s/it]
 35%|███▌      | 273/771 [09:13<16:49,  2.03s/it]2026-09-20 16:23:55,508 INFO [rev_util_helpfulness|paper_align|Qwen3-0.6B] step=273 epoch=1.0624

                                                 

 35%|███▌      | 273/771 [09:13<16:49,  2.03s/it]2026-09-20 16:23:55,984 INFO [rev_util_helpfulness|paper_align|Qwen3-0.6B] step=273 epoch=1.0624

                                                 

 35%|███▌      | 273/771 [09:13<16:49,  2.03s/it]2026-09-20 16:23:56,470 INFO [rev_util_helpfulness|paper_align|Qwen3-0.6B] step=273 epoch=1.0624

                                                 

 35%|███▌      | 273/771 [09:14<16:49,  2.03s/it]2026-09-20 16:23:56,947 INFO [rev_util_helpfulness|paper_align|Qwen3-0.6B] step=273 epoch=1.0624

                                                 

 35%|███▌      | 273/771 [09:14<16:49,  2.03s/it]
 36%|███▌      | 274/771 [09:14<16:35,  2.00s/it]2026-09-20 16:23:57,455 INFO [rev_util_helpfulness|paper_align|Qwen3-0.6B] step=274 epoch=1.0663

                                                 

 36%|███▌      | 274/771 [09:15<16:35,  2.00s/it]2026-09-20 16:23:57,940 INFO [rev_util_helpfulness|paper_align|Qwen3-0.6B] step=274 epoch=1.0663

                                                 

 36%|███▌      | 274/771 [09:15<16:35,  2.00s/it]2026-09-20 16:23:58,414 INFO [rev_util_helpfulness|paper_align|Qwen3-0.6B] step=274 epoch=1.0663

                                                 

 36%|███▌      | 274/771 [09:16<16:35,  2.00s/it]2026-09-20 16:23:58,904 INFO [rev_util_helpfulness|paper_align|Qwen3-0.6B] step=274 epoch=1.0663

                                                 

 36%|███▌      | 274/771 [09:16<16:35,  2.00s/it]
 36%|███▌      | 275/771 [09:16<16:28,  1.99s/it]2026-09-20 16:23:59,419 INFO [rev_util_helpfulness|paper_align|Qwen3-0.6B] step=275 epoch=1.0702

                                                 

 36%|███▌      | 275/771 [09:17<16:28,  1.99s/it]2026-09-20 16:23:59,898 INFO [rev_util_helpfulness|paper_align|Qwen3-0.6B] step=275 epoch=1.0702

                                                 

 36%|███▌      | 275/771 [09:17<16:28,  1.99s/it]2026-09-20 16:24:00,373 INFO [rev_util_helpfulness|paper_align|Qwen3-0.6B] step=275 epoch=1.0702

                                                 

 36%|███▌      | 275/771 [09:18<16:28,  1.99s/it]2026-09-20 16:24:00,850 INFO [rev_util_helpfulness|paper_align|Qwen3-0.6B] step=275 epoch=1.0702

                                                 

 36%|███▌      | 275/771 [09:18<16:28,  1.99s/it]
 36%|███▌      | 276/771 [09:18<16:18,  1.98s/it]2026-09-20 16:24:01,360 INFO [rev_util_helpfulness|paper_align|Qwen3-0.6B] step=276 epoch=1.0741

                                                 

 36%|███▌      | 276/771 [09:19<16:18,  1.98s/it]2026-09-20 16:24:01,827 INFO [rev_util_helpfulness|paper_align|Qwen3-0.6B] step=276 epoch=1.0741

                                                 

 36%|███▌      | 276/771 [09:19<16:18,  1.98s/it]2026-09-20 16:24:02,307 INFO [rev_util_helpfulness|paper_align|Qwen3-0.6B] step=276 epoch=1.0741

                                                 

 36%|███▌      | 276/771 [09:20<16:18,  1.98s/it]2026-09-20 16:24:02,780 INFO [rev_util_helpfulness|paper_align|Qwen3-0.6B] step=276 epoch=1.0741

                                                 

 36%|███▌      | 276/771 [09:20<16:18,  1.98s/it]
 36%|███▌      | 277/771 [09:20<16:09,  1.96s/it]2026-09-20 16:24:03,291 INFO [rev_util_helpfulness|paper_align|Qwen3-0.6B] step=277 epoch=1.0780

                                                 

 36%|███▌      | 277/771 [09:21<16:09,  1.96s/it]2026-09-20 16:24:03,768 INFO [rev_util_helpfulness|paper_align|Qwen3-0.6B] step=277 epoch=1.0780

                                                 
{'eval_loss': '0.09834', 'eval_runtime': '5.005', 'eval_samples_per_second': '45.56', 'eval_steps_per_second': '11.39', 'eval_entropy': '0.08475', 'eval_num_tokens': '0', 'eval_mean_token_accuracy': '0.9578', 'epoch': '1'}
{'eval_generation_accuracy': '0.6491', 'eval_generation_macro_f1': '0.6068', 'eval_generation_format_valid_rate': '1', 'eval_generation_invalid_outputs': 0, 'eval_generation_mae': '0.3553', 'eval_generation_qwk': '0.7762', 'epoch': '1'}
{'paper_align_label_loss': '0.1071', 'paper_align_reason_loss': '0.2227', 'epoch': '1'}
{'paper_align_label_loss': '0.1592', 'paper_align_reason_loss': '0.1808', 'epoch': '1'}
{'paper_align_label_loss': '0.04558', 'paper_align_reason_loss': '0.1624', 'epoch': '1'}
{'paper_align_label_loss': '0.06704', 'paper_align_reason_loss': '0.1726', 'epoch': '1'}
{'paper_align_label_loss': '0.03163', 'paper_align_reason_loss': '0.2073', 'epoch': '1.004'}
{'paper_align_label_loss': '0.0275', 'paper_align_reason_loss': '0.1619', 'epoch': '1.004'}
{'paper_align_label_loss': '0.02357', 'paper_align_reason_loss': '0.2037', 'epoch': '1.004'}
{'paper_align_label_loss': '0.02763', 'paper_align_reason_loss': '0.1828', 'epoch': '1.004'}
{'paper_align_label_loss': '0.1155', 'paper_align_reason_loss': '0.1982', 'epoch': '1.008'}
{'paper_align_label_loss': '0.09305', 'paper_align_reason_loss': '0.2247', 'epoch': '1.008'}
{'paper_align_label_loss': '0.02988', 'paper_align_reason_loss': '0.1349', 'epoch': '1.008'}
{'paper_align_label_loss': '0.1958', 'paper_align_reason_loss': '0.258', 'epoch': '1.008'}
{'loss': '0.5871', 'grad_norm': '5.215', 'learning_rate': '7.75e-05', 'epoch': '1.012'}
{'paper_align_label_loss': '0.1567', 'paper_align_reason_loss': '0.1395', 'epoch': '1.012'}
{'paper_align_label_loss': '0.02773', 'paper_align_reason_loss': '0.1043', 'epoch': '1.012'}
{'paper_align_label_loss': '0.1197', 'paper_align_reason_loss': '0.2145', 'epoch': '1.012'}
{'paper_align_label_loss': '0.04332', 'paper_align_reason_loss': '0.1462', 'epoch': '1.012'}
{'paper_align_label_loss': '0.01573', 'paper_align_reason_loss': '0.1909', 'epoch': '1.016'}
{'paper_align_label_loss': '0.0534', 'paper_align_reason_loss': '0.1667', 'epoch': '1.016'}
{'paper_align_label_loss': '0.1343', 'paper_align_reason_loss': '0.2454', 'epoch': '1.016'}
{'paper_align_label_loss': '0.0371', 'paper_align_reason_loss': '0.1496', 'epoch': '1.016'}
{'paper_align_label_loss': '0.0208', 'paper_align_reason_loss': '0.1589', 'epoch': '1.019'}
{'paper_align_label_loss': '0.04405', 'paper_align_reason_loss': '0.1226', 'epoch': '1.019'}
{'paper_align_label_loss': '0.01733', 'paper_align_reason_loss': '0.213', 'epoch': '1.019'}
{'paper_align_label_loss': '0.165', 'paper_align_reason_loss': '0.2011', 'epoch': '1.019'}
{'paper_align_label_loss': '0.06479', 'paper_align_reason_loss': '0.183', 'epoch': '1.023'}
{'paper_align_label_loss': '0.02818', 'paper_align_reason_loss': '0.1971', 'epoch': '1.023'}
{'paper_align_label_loss': '0.0719', 'paper_align_reason_loss': '0.1971', 'epoch': '1.023'}
{'paper_align_label_loss': '0.04983', 'paper_align_reason_loss': '0.1811', 'epoch': '1.023'}
{'paper_align_label_loss': '0.04221', 'paper_align_reason_loss': '0.1708', 'epoch': '1.027'}
{'paper_align_label_loss': '0.0306', 'paper_align_reason_loss': '0.204', 'epoch': '1.027'}
{'paper_align_label_loss': '0.04904', 'paper_align_reason_loss': '0.1666', 'epoch': '1.027'}
{'paper_align_label_loss': '0.05593', 'paper_align_reason_loss': '0.1552', 'epoch': '1.027'}
{'paper_align_label_loss': '0.09332', 'paper_align_reason_loss': '0.1895', 'epoch': '1.031'}
{'paper_align_label_loss': '0.04693', 'paper_align_reason_loss': '0.1933', 'epoch': '1.031'}
{'paper_align_label_loss': '0.04972', 'paper_align_reason_loss': '0.1803', 'epoch': '1.031'}
{'paper_align_label_loss': '0.09139', 'paper_align_reason_loss': '0.2161', 'epoch': '1.031'}
{'paper_align_label_loss': '0.01231', 'paper_align_reason_loss': '0.1465', 'epoch': '1.035'}
{'paper_align_label_loss': '0.1359', 'paper_align_reason_loss': '0.192', 'epoch': '1.035'}
{'paper_align_label_loss': '0.03461', 'paper_align_reason_loss': '0.1643', 'epoch': '1.035'}
{'paper_align_label_loss': '0.03948', 'paper_align_reason_loss': '0.1992', 'epoch': '1.035'}
{'paper_align_label_loss': '0.08862', 'paper_align_reason_loss': '0.2339', 'epoch': '1.039'}
{'paper_align_label_loss': '0.04172', 'paper_align_reason_loss': '0.1832', 'epoch': '1.039'}
{'paper_align_label_loss': '0.02924', 'paper_align_reason_loss': '0.1874', 'epoch': '1.039'}
{'paper_align_label_loss': '0.1751', 'paper_align_reason_loss': '0.1803', 'epoch': '1.039'}
{'paper_align_label_loss': '0.05245', 'paper_align_reason_loss': '0.1341', 'epoch': '1.043'}
{'paper_align_label_loss': '0.07414', 'paper_align_reason_loss': '0.2303', 'epoch': '1.043'}
{'paper_align_label_loss': '0.03701', 'paper_align_reason_loss': '0.1923', 'epoch': '1.043'}
{'paper_align_label_loss': '0.03319', 'paper_align_reason_loss': '0.138', 'epoch': '1.043'}
{'paper_align_label_loss': '0.07274', 'paper_align_reason_loss': '0.1653', 'epoch': '1.047'}
{'paper_align_label_loss': '0.1039', 'paper_align_reason_loss': '0.224', 'epoch': '1.047'}
{'paper_align_label_loss': '0.04166', 'paper_align_reason_loss': '0.1991', 'epoch': '1.047'}
{'paper_align_label_loss': '0.02808', 'paper_align_reason_loss': '0.1204', 'epoch': '1.047'}
{'loss': '0.4843', 'grad_norm': '4.119', 'learning_rate': '7.572e-05', 'epoch': '1.051'}
{'paper_align_label_loss': '0.07977', 'paper_align_reason_loss': '0.1644', 'epoch': '1.051'}
{'paper_align_label_loss': '0.0489', 'paper_align_reason_loss': '0.1866', 'epoch': '1.051'}
{'paper_align_label_loss': '0.06867', 'paper_align_reason_loss': '0.2302', 'epoch': '1.051'}
{'paper_align_label_loss': '0.01602', 'paper_align_reason_loss': '0.1428', 'epoch': '1.051'}
{'paper_align_label_loss': '0.01689', 'paper_align_reason_loss': '0.187', 'epoch': '1.055'}
{'paper_align_label_loss': '0.08816', 'paper_align_reason_loss': '0.3', 'epoch': '1.055'}
{'paper_align_label_loss': '0.08867', 'paper_align_reason_loss': '0.1513', 'epoch': '1.055'}
{'paper_align_label_loss': '0.1102', 'paper_align_reason_loss': '0.1712', 'epoch': '1.055'}
{'paper_align_label_loss': '0.01472', 'paper_align_reason_loss': '0.1159', 'epoch': '1.058'}
{'paper_align_label_loss': '0.2817', 'paper_align_reason_loss': '0.2239', 'epoch': '1.058'}
{'paper_align_label_loss': '0.01017', 'paper_align_reason_loss': '0.2173', 'epoch': '1.058'}
{'paper_align_label_loss': '0.02868', 'paper_align_reason_loss': '0.2355', 'epoch': '1.058'}
{'paper_align_label_loss': '0.0792', 'paper_align_reason_loss': '0.1889', 'epoch': '1.062'}
{'paper_align_label_loss': '0.2733', 'paper_align_reason_loss': '0.2347', 'epoch': '1.062'}
{'paper_align_label_loss': '0.05886', 'paper_align_reason_loss': '0.1789', 'epoch': '1.062'}
{'paper_align_label_loss': '0.03442', 'paper_align_reason_loss': '0.1896', 'epoch': '1.062'}
{'paper_align_label_loss': '0.1821', 'paper_align_reason_loss': '0.1568', 'epoch': '1.066'}
{'paper_align_label_loss': '0.1389', 'paper_align_reason_loss': '0.2031', 'epoch': '1.066'}
{'paper_align_label_loss': '0.04786', 'paper_align_reason_loss': '0.2784', 'epoch': '1.066'}
{'paper_align_label_loss': '0.06911', 'paper_align_reason_loss': '0.1884', 'epoch': '1.066'}
{'paper_align_label_loss': '0.1062', 'paper_align_reason_loss': '0.2446', 'epoch': '1.07'}
{'paper_align_label_loss': '0.01193', 'paper_align_reason_loss': '0.1687', 'epoch': '1.07'}
{'paper_align_label_loss': '0.02125', 'paper_align_reason_loss': '0.1434', 'epoch': '1.07'}
{'paper_align_label_loss': '0.01836', 'paper_align_reason_loss': '0.1695', 'epoch': '1.07'}
{'paper_align_label_loss': '0.01054', 'paper_align_reason_loss': '0.1497', 'epoch': '1.074'}
{'paper_align_label_loss': '0.0879', 'paper_align_reason_loss': '0.1369', 'epoch': '1.074'}
{'paper_align_label_loss': '0.03516', 'paper_align_reason_loss': '0.1512', 'epoch': '1.074'}
{'paper_align_label_loss': '0.09548', 'paper_align_reason_loss': '0.2273', 'epoch': '1.074'}
{'paper_align_label_loss': '0.009773', 'paper_align_reason_loss': '0.1499', 'epoch': '1.078'}

 36%|███▌      | 277/771 [09:21<16:09,  1.96s/it]2026-09-20 16:24:04,453 INFO [rev_util_helpfulness|paper_align|Qwen3-0.6B] step=277 epoch=1.0780

                                                 

 36%|███▌      | 277/771 [09:22<16:09,  1.96s/it]2026-09-20 16:24:04,928 INFO [rev_util_helpfulness|paper_align|Qwen3-0.6B] step=277 epoch=1.0780

                                                 

 36%|███▌      | 277/771 [09:22<16:09,  1.96s/it]
 36%|███▌      | 278/771 [09:22<16:35,  2.02s/it]2026-09-20 16:24:05,438 INFO [rev_util_helpfulness|paper_align|Qwen3-0.6B] step=278 epoch=1.0819

                                                 

 36%|███▌      | 278/771 [09:23<16:35,  2.02s/it]2026-09-20 16:24:05,916 INFO [rev_util_helpfulness|paper_align|Qwen3-0.6B] step=278 epoch=1.0819

                                                 

 36%|███▌      | 278/771 [09:23<16:35,  2.02s/it]2026-09-20 16:24:06,391 INFO [rev_util_helpfulness|paper_align|Qwen3-0.6B] step=278 epoch=1.0819

                                                 

 36%|███▌      | 278/771 [09:24<16:35,  2.02s/it]2026-09-20 16:24:06,869 INFO [rev_util_helpfulness|paper_align|Qwen3-0.6B] step=278 epoch=1.0819

                                                 

 36%|███▌      | 278/771 [09:24<16:35,  2.02s/it]
 36%|███▌      | 279/771 [09:24<16:21,  1.99s/it]2026-09-20 16:24:07,379 INFO [rev_util_helpfulness|paper_align|Qwen3-0.6B] step=279 epoch=1.0858

                                                 

 36%|███▌      | 279/771 [09:25<16:21,  1.99s/it]2026-09-20 16:24:07,850 INFO [rev_util_helpfulness|paper_align|Qwen3-0.6B] step=279 epoch=1.0858

                                                 

 36%|███▌      | 279/771 [09:25<16:21,  1.99s/it]2026-09-20 16:24:08,327 INFO [rev_util_helpfulness|paper_align|Qwen3-0.6B] step=279 epoch=1.0858

                                                 

 36%|███▌      | 279/771 [09:26<16:21,  1.99s/it]2026-09-20 16:24:08,828 INFO [rev_util_helpfulness|paper_align|Qwen3-0.6B] step=279 epoch=1.0858

                                                 

 36%|███▌      | 279/771 [09:26<16:21,  1.99s/it]
 36%|███▋      | 280/771 [09:26<16:13,  1.98s/it]2026-09-20 16:24:09,160 INFO [rev_util_helpfulness|paper_align|Qwen3-0.6B] step=280 loss=0.5086 learning_rate=0.0001 epoch=1.0897

                                                 

 36%|███▋      | 280/771 [09:26<16:13,  1.98s/it]2026-09-20 16:24:09,339 INFO [rev_util_helpfulness|paper_align|Qwen3-0.6B] step=280 epoch=1.0897

                                                 

 36%|███▋      | 280/771 [09:27<16:13,  1.98s/it]2026-09-20 16:24:09,802 INFO [rev_util_helpfulness|paper_align|Qwen3-0.6B] step=280 epoch=1.0897

                                                 

 36%|███▋      | 280/771 [09:27<16:13,  1.98s/it]2026-09-20 16:24:10,283 INFO [rev_util_helpfulness|paper_align|Qwen3-0.6B] step=280 epoch=1.0897

                                                 

 36%|███▋      | 280/771 [09:28<16:13,  1.98s/it]2026-09-20 16:24:10,757 INFO [rev_util_helpfulness|paper_align|Qwen3-0.6B] step=280 epoch=1.0897

                                                 

 36%|███▋      | 280/771 [09:28<16:13,  1.98s/it]
 36%|███▋      | 281/771 [09:28<16:08,  1.98s/it]2026-09-20 16:24:11,298 INFO [rev_util_helpfulness|paper_align|Qwen3-0.6B] step=281 epoch=1.0936

                                                 

 36%|███▋      | 281/771 [09:29<16:08,  1.98s/it]2026-09-20 16:24:11,774 INFO [rev_util_helpfulness|paper_align|Qwen3-0.6B] step=281 epoch=1.0936

                                                 

 36%|███▋      | 281/771 [09:29<16:08,  1.98s/it]2026-09-20 16:24:12,236 INFO [rev_util_helpfulness|paper_align|Qwen3-0.6B] step=281 epoch=1.0936

                                                 

 36%|███▋      | 281/771 [09:29<16:08,  1.98s/it]2026-09-20 16:24:12,713 INFO [rev_util_helpfulness|paper_align|Qwen3-0.6B] step=281 epoch=1.0936

                                                 

 36%|███▋      | 281/771 [09:30<16:08,  1.98s/it]
 37%|███▋      | 282/771 [09:30<15:59,  1.96s/it]2026-09-20 16:24:13,224 INFO [rev_util_helpfulness|paper_align|Qwen3-0.6B] step=282 epoch=1.0975

                                                 

 37%|███▋      | 282/771 [09:30<15:59,  1.96s/it]2026-09-20 16:24:13,710 INFO [rev_util_helpfulness|paper_align|Qwen3-0.6B] step=282 epoch=1.0975

                                                 

 37%|███▋      | 282/771 [09:31<15:59,  1.96s/it]2026-09-20 16:24:14,191 INFO [rev_util_helpfulness|paper_align|Qwen3-0.6B] step=282 epoch=1.0975

                                                 

 37%|███▋      | 282/771 [09:31<15:59,  1.96s/it]2026-09-20 16:24:14,859 INFO [rev_util_helpfulness|paper_align|Qwen3-0.6B] step=282 epoch=1.0975

                                                 

 37%|███▋      | 282/771 [09:32<15:59,  1.96s/it]
 37%|███▋      | 283/771 [09:32<16:25,  2.02s/it]2026-09-20 16:24:15,374 INFO [rev_util_helpfulness|paper_align|Qwen3-0.6B] step=283 epoch=1.1014

                                                 

 37%|███▋      | 283/771 [09:33<16:25,  2.02s/it]2026-09-20 16:24:15,864 INFO [rev_util_helpfulness|paper_align|Qwen3-0.6B] step=283 epoch=1.1014

                                                 

 37%|███▋      | 283/771 [09:33<16:25,  2.02s/it]2026-09-20 16:24:16,338 INFO [rev_util_helpfulness|paper_align|Qwen3-0.6B] step=283 epoch=1.1014

                                                 

 37%|███▋      | 283/771 [09:34<16:25,  2.02s/it]2026-09-20 16:24:16,812 INFO [rev_util_helpfulness|paper_align|Qwen3-0.6B] step=283 epoch=1.1014

                                                 

 37%|███▋      | 283/771 [09:34<16:25,  2.02s/it]
 37%|███▋      | 284/771 [09:34<16:11,  2.00s/it]2026-09-20 16:24:17,322 INFO [rev_util_helpfulness|paper_align|Qwen3-0.6B] step=284 epoch=1.1053

                                                 

 37%|███▋      | 284/771 [09:35<16:11,  2.00s/it]2026-09-20 16:24:17,800 INFO [rev_util_helpfulness|paper_align|Qwen3-0.6B] step=284 epoch=1.1053

                                                 

 37%|███▋      | 284/771 [09:35<16:11,  2.00s/it]2026-09-20 16:24:18,287 INFO [rev_util_helpfulness|paper_align|Qwen3-0.6B] step=284 epoch=1.1053

                                                 

 37%|███▋      | 284/771 [09:36<16:11,  2.00s/it]2026-09-20 16:24:18,762 INFO [rev_util_helpfulness|paper_align|Qwen3-0.6B] step=284 epoch=1.1053

                                                 

 37%|███▋      | 284/771 [09:36<16:11,  2.00s/it]
 37%|███▋      | 285/771 [09:36<16:03,  1.98s/it]2026-09-20 16:24:19,275 INFO [rev_util_helpfulness|paper_align|Qwen3-0.6B] step=285 epoch=1.1092

                                                 

 37%|███▋      | 285/771 [09:36<16:03,  1.98s/it]2026-09-20 16:24:19,752 INFO [rev_util_helpfulness|paper_align|Qwen3-0.6B] step=285 epoch=1.1092

                                                 

 37%|███▋      | 285/771 [09:37<16:03,  1.98s/it]2026-09-20 16:24:20,228 INFO [rev_util_helpfulness|paper_align|Qwen3-0.6B] step=285 epoch=1.1092

                                                 

 37%|███▋      | 285/771 [09:37<16:03,  1.98s/it]2026-09-20 16:24:20,706 INFO [rev_util_helpfulness|paper_align|Qwen3-0.6B] step=285 epoch=1.1092

                                                 

 37%|███▋      | 285/771 [09:38<16:03,  1.98s/it]
 37%|███▋      | 286/771 [09:38<15:56,  1.97s/it]2026-09-20 16:24:21,219 INFO [rev_util_helpfulness|paper_align|Qwen3-0.6B] step=286 epoch=1.1131

                                                 

 37%|███▋      | 286/771 [09:38<15:56,  1.97s/it]2026-09-20 16:24:21,706 INFO [rev_util_helpfulness|paper_align|Qwen3-0.6B] step=286 epoch=1.1131

                                                 

 37%|███▋      | 286/771 [09:39<15:56,  1.97s/it]2026-09-20 16:24:22,192 INFO [rev_util_helpfulness|paper_align|Qwen3-0.6B] step=286 epoch=1.1131

                                                 

 37%|███▋      | 286/771 [09:39<15:56,  1.97s/it]2026-09-20 16:24:22,668 INFO [rev_util_helpfulness|paper_align|Qwen3-0.6B] step=286 epoch=1.1131

                                                 

 37%|███▋      | 286/771 [09:40<15:56,  1.97s/it]
 37%|███▋      | 287/771 [09:40<15:53,  1.97s/it]2026-09-20 16:24:23,193 INFO [rev_util_helpfulness|paper_align|Qwen3-0.6B] step=287 epoch=1.1170

                                                 

 37%|███▋      | 287/771 [09:40<15:53,  1.97s/it]2026-09-20 16:24:23,685 INFO [rev_util_helpfulness|paper_align|Qwen3-0.6B] step=287 epoch=1.1170

                                                 

 37%|███▋      | 287/771 [09:41<15:53,  1.97s/it]2026-09-20 16:24:24,171 INFO [rev_util_helpfulness|paper_align|Qwen3-0.6B] step=287 epoch=1.1170

                                                 

 37%|███▋      | 287/771 [09:41<15:53,  1.97s/it]2026-09-20 16:24:24,891 INFO [rev_util_helpfulness|paper_align|Qwen3-0.6B] step=287 epoch=1.1170

                                                 

 37%|███▋      | 287/771 [09:42<15:53,  1.97s/it]
 37%|███▋      | 288/771 [09:42<16:27,  2.04s/it]2026-09-20 16:24:25,402 INFO [rev_util_helpfulness|paper_align|Qwen3-0.6B] step=288 epoch=1.1209

                                                 

 37%|███▋      | 288/771 [09:43<16:27,  2.04s/it]2026-09-20 16:24:25,858 INFO [rev_util_helpfulness|paper_align|Qwen3-0.6B] step=288 epoch=1.1209

                                                 

 37%|███▋      | 288/771 [09:43<16:27,  2.04s/it]2026-09-20 16:24:26,292 INFO [rev_util_helpfulness|paper_align|Qwen3-0.6B] step=288 epoch=1.1209

                                                 

 37%|███▋      | 288/771 [09:44<16:27,  2.04s/it]2026-09-20 16:24:26,778 INFO [rev_util_helpfulness|paper_align|Qwen3-0.6B] step=288 epoch=1.1209

                                                 

 37%|███▋      | 288/771 [09:44<16:27,  2.04s/it]
 37%|███▋      | 289/771 [09:44<16:03,  2.00s/it]2026-09-20 16:24:27,304 INFO [rev_util_helpfulness|paper_align|Qwen3-0.6B] step=289 epoch=1.1248

                                                 

 37%|███▋      | 289/771 [09:45<16:03,  2.00s/it]2026-09-20 16:24:27,791 INFO [rev_util_helpfulness|paper_align|Qwen3-0.6B] step=289 epoch=1.1248

                                                 

 37%|███▋      | 289/771 [09:45<16:03,  2.00s/it]2026-09-20 16:24:28,272 INFO [rev_util_helpfulness|paper_align|Qwen3-0.6B] step=289 epoch=1.1248

                                                 

 37%|███▋      | 289/771 [09:45<16:03,  2.00s/it]2026-09-20 16:24:28,748 INFO [rev_util_helpfulness|paper_align|Qwen3-0.6B] step=289 epoch=1.1248

                                                 

 37%|███▋      | 289/771 [09:46<16:03,  2.00s/it]
 38%|███▊      | 290/771 [09:46<15:56,  1.99s/it]2026-09-20 16:24:29,081 INFO [rev_util_helpfulness|paper_align|Qwen3-0.6B] step=290 loss=0.5013 learning_rate=0.0001 epoch=1.1287

                                                 

 38%|███▊      | 290/771 [09:46<15:56,  1.99s/it]2026-09-20 16:24:29,259 INFO [rev_util_helpfulness|paper_align|Qwen3-0.6B] step=290 epoch=1.1287

                                                 

 38%|███▊      | 290/771 [09:46<15:56,  1.99s/it]2026-09-20 16:24:29,734 INFO [rev_util_helpfulness|paper_align|Qwen3-0.6B] step=290 epoch=1.1287

                                                 

 38%|███▊      | 290/771 [09:47<15:56,  1.99s/it]2026-09-20 16:24:30,207 INFO [rev_util_helpfulness|paper_align|Qwen3-0.6B] step=290 epoch=1.1287

                                                 

 38%|███▊      | 290/771 [09:47<15:56,  1.99s/it]2026-09-20 16:24:30,685 INFO [rev_util_helpfulness|paper_align|Qwen3-0.6B] step=290 epoch=1.1287

                                                 

 38%|███▊      | 290/771 [09:48<15:56,  1.99s/it]
 38%|███▊      | 291/771 [09:48<15:46,  1.97s/it]2026-09-20 16:24:31,192 INFO [rev_util_helpfulness|paper_align|Qwen3-0.6B] step=291 epoch=1.1326

                                                 

 38%|███▊      | 291/771 [09:48<15:46,  1.97s/it]2026-09-20 16:24:31,663 INFO [rev_util_helpfulness|paper_align|Qwen3-0.6B] step=291 epoch=1.1326

                                                 

 38%|███▊      | 291/771 [09:49<15:46,  1.97s/it]2026-09-20 16:24:32,134 INFO [rev_util_helpfulness|paper_align|Qwen3-0.6B] step=291 epoch=1.1326

                                                 

 38%|███▊      | 291/771 [09:49<15:46,  1.97s/it]2026-09-20 16:24:32,605 INFO [rev_util_helpfulness|paper_align|Qwen3-0.6B] step=291 epoch=1.1326

                                                 

 38%|███▊      | 291/771 [09:50<15:46,  1.97s/it]
 38%|███▊      | 292/771 [09:50<15:37,  1.96s/it]2026-09-20 16:24:33,115 INFO [rev_util_helpfulness|paper_align|Qwen3-0.6B] step=292 epoch=1.1365

                                                 

 38%|███▊      | 292/771 [09:50<15:37,  1.96s/it]2026-09-20 16:24:33,589 INFO [rev_util_helpfulness|paper_align|Qwen3-0.6B] step=292 epoch=1.1365

                                                 

 38%|███▊      | 292/771 [09:51<15:37,  1.96s/it]2026-09-20 16:24:34,064 INFO [rev_util_helpfulness|paper_align|Qwen3-0.6B] step=292 epoch=1.1365

                                                 

 38%|███▊      | 292/771 [09:51<15:37,  1.96s/it]2026-09-20 16:24:34,540 INFO [rev_util_helpfulness|paper_align|Qwen3-0.6B] step=292 epoch=1.1365

                                                 

 38%|███▊      | 292/771 [09:52<15:37,  1.96s/it]
 38%|███▊      | 293/771 [09:52<15:32,  1.95s/it]2026-09-20 16:24:35,237 INFO [rev_util_helpfulness|paper_align|Qwen3-0.6B] step=293 epoch=1.1404

                                                 

 38%|███▊      | 293/771 [09:52<15:32,  1.95s/it]2026-09-20 16:24:35,718 INFO [rev_util_helpfulness|paper_align|Qwen3-0.6B] step=293 epoch=1.1404

                                                 

 38%|███▊      | 293/771 [09:53<15:32,  1.95s/it]2026-09-20 16:24:36,206 INFO [rev_util_helpfulness|paper_align|Qwen3-0.6B] step=293 epoch=1.1404

                                                 

 38%|███▊      | 293/771 [09:53<15:32,  1.95s/it]2026-09-20 16:24:36,689 INFO [rev_util_helpfulness|paper_align|Qwen3-0.6B] step=293 epoch=1.1404

                                                 

 38%|███▊      | 293/771 [09:54<15:32,  1.95s/it]
 38%|███▊      | 294/771 [09:54<15:58,  2.01s/it]2026-09-20 16:24:37,207 INFO [rev_util_helpfulness|paper_align|Qwen3-0.6B] step=294 epoch=1.1442

                                                 

 38%|███▊      | 294/771 [09:54<15:58,  2.01s/it]2026-09-20 16:24:37,680 INFO [rev_util_helpfulness|paper_align|Qwen3-0.6B] step=294 epoch=1.1442

                                                 

 38%|███▊      | 294/771 [09:55<15:58,  2.01s/it]2026-09-20 16:24:38,184 INFO [rev_util_helpfulness|paper_align|Qwen3-0.6B] step=294 epoch=1.1442

                                                 

 38%|███▊      | 294/771 [09:55<15:58,  2.01s/it]2026-09-20 16:24:38,662 INFO [rev_util_helpfulness|paper_align|Qwen3-0.6B] step=294 epoch=1.1442

                                                 

 38%|███▊      | 294/771 [09:56<15:58,  2.01s/it]
 38%|███▊      | 295/771 [09:56<15:51,  2.00s/it]2026-09-20 16:24:39,170 INFO [rev_util_helpfulness|paper_align|Qwen3-0.6B] step=295 epoch=1.1481

                                                 

 38%|███▊      | 295/771 [09:56<15:51,  2.00s/it]2026-09-20 16:24:39,644 INFO [rev_util_helpfulness|paper_align|Qwen3-0.6B] step=295 epoch=1.1481

                                                 

 38%|███▊      | 295/771 [09:57<15:51,  2.00s/it]2026-09-20 16:24:40,125 INFO [rev_util_helpfulness|paper_align|Qwen3-0.6B] step=295 epoch=1.1481

                                                 

 38%|███▊      | 295/771 [09:57<15:51,  2.00s/it]2026-09-20 16:24:40,596 INFO [rev_util_helpfulness|paper_align|Qwen3-0.6B] step=295 epoch=1.1481

                                                 

 38%|███▊      | 295/771 [09:58<15:51,  2.00s/it]
 38%|███▊      | 296/771 [09:58<15:41,  1.98s/it]2026-09-20 16:24:41,115 INFO [rev_util_helpfulness|paper_align|Qwen3-0.6B] step=296 epoch=1.1520

                                                 

 38%|███▊      | 296/771 [09:58<15:41,  1.98s/it]2026-09-20 16:24:41,574 INFO [rev_util_helpfulness|paper_align|Qwen3-0.6B] step=296 epoch=1.1520

                                                 

 38%|███▊      | 296/771 [09:59<15:41,  1.98s/it]2026-09-20 16:24:42,056 INFO [rev_util_helpfulness|paper_align|Qwen3-0.6B] step=296 epoch=1.1520

                                                 

 38%|███▊      | 296/771 [09:59<15:41,  1.98s/it]2026-09-20 16:24:42,538 INFO [rev_util_helpfulness|paper_align|Qwen3-0.6B] step=296 epoch=1.1520

                                                 

 38%|███▊      | 296/771 [10:00<15:41,  1.98s/it]
 39%|███▊      | 297/771 [10:00<15:34,  1.97s/it]2026-09-20 16:24:43,060 INFO [rev_util_helpfulness|paper_align|Qwen3-0.6B] step=297 epoch=1.1559

                                                 

 39%|███▊      | 297/771 [10:00<15:34,  1.97s/it]2026-09-20 16:24:43,534 INFO [rev_util_helpfulness|paper_align|Qwen3-0.6B] step=297 epoch=1.1559

                                                 

 39%|███▊      | 297/771 [10:01<15:34,  1.97s/it]2026-09-20 16:24:44,004 INFO [rev_util_helpfulness|paper_align|Qwen3-0.6B] step=297 epoch=1.1559

                                                 

 39%|███▊      | 297/771 [10:01<15:34,  1.97s/it]2026-09-20 16:24:44,484 INFO [rev_util_helpfulness|paper_align|Qwen3-0.6B] step=297 epoch=1.1559

                                                 

 39%|███▊      | 297/771 [10:02<15:34,  1.97s/it]
 39%|███▊      | 298/771 [10:02<15:27,  1.96s/it]2026-09-20 16:24:45,000 INFO [rev_util_helpfulness|paper_align|Qwen3-0.6B] step=298 epoch=1.1598

                                                 

 39%|███▊      | 298/771 [10:02<15:27,  1.96s/it]2026-09-20 16:24:45,671 INFO [rev_util_helpfulness|paper_align|Qwen3-0.6B] step=298 epoch=1.1598

                                                 

 39%|███▊      | 298/771 [10:03<15:27,  1.96s/it]2026-09-20 16:24:46,143 INFO [rev_util_helpfulness|paper_align|Qwen3-0.6B] step=298 epoch=1.1598

                                                 

 39%|███▊      | 298/771 [10:03<15:27,  1.96s/it]2026-09-20 16:24:46,616 INFO [rev_util_helpfulness|paper_align|Qwen3-0.6B] step=298 epoch=1.1598

                                                 
{'paper_align_label_loss': '0.06101', 'paper_align_reason_loss': '0.2156', 'epoch': '1.078'}
{'paper_align_label_loss': '0.1641', 'paper_align_reason_loss': '0.1879', 'epoch': '1.078'}
{'paper_align_label_loss': '0.08872', 'paper_align_reason_loss': '0.1754', 'epoch': '1.078'}
{'paper_align_label_loss': '0.04562', 'paper_align_reason_loss': '0.1617', 'epoch': '1.082'}
{'paper_align_label_loss': '0.03686', 'paper_align_reason_loss': '0.1457', 'epoch': '1.082'}
{'paper_align_label_loss': '0.0468', 'paper_align_reason_loss': '0.1357', 'epoch': '1.082'}
{'paper_align_label_loss': '0.076', 'paper_align_reason_loss': '0.2042', 'epoch': '1.082'}
{'paper_align_label_loss': '0.011', 'paper_align_reason_loss': '0.1941', 'epoch': '1.086'}
{'paper_align_label_loss': '0.02713', 'paper_align_reason_loss': '0.1826', 'epoch': '1.086'}
{'paper_align_label_loss': '0.005062', 'paper_align_reason_loss': '0.1479', 'epoch': '1.086'}
{'paper_align_label_loss': '0.04285', 'paper_align_reason_loss': '0.196', 'epoch': '1.086'}
{'loss': '0.5086', 'grad_norm': '3.667', 'learning_rate': '7.39e-05', 'epoch': '1.09'}
{'paper_align_label_loss': '0.07385', 'paper_align_reason_loss': '0.1971', 'epoch': '1.09'}
{'paper_align_label_loss': '0.02514', 'paper_align_reason_loss': '0.1869', 'epoch': '1.09'}
{'paper_align_label_loss': '0.03666', 'paper_align_reason_loss': '0.1596', 'epoch': '1.09'}
{'paper_align_label_loss': '0.06693', 'paper_align_reason_loss': '0.1605', 'epoch': '1.09'}
{'paper_align_label_loss': '0.05493', 'paper_align_reason_loss': '0.2009', 'epoch': '1.094'}
{'paper_align_label_loss': '0.2189', 'paper_align_reason_loss': '0.2378', 'epoch': '1.094'}
{'paper_align_label_loss': '0.02511', 'paper_align_reason_loss': '0.1519', 'epoch': '1.094'}
{'paper_align_label_loss': '0.232', 'paper_align_reason_loss': '0.2903', 'epoch': '1.094'}
{'paper_align_label_loss': '0.04837', 'paper_align_reason_loss': '0.1396', 'epoch': '1.097'}
{'paper_align_label_loss': '0.2402', 'paper_align_reason_loss': '0.1906', 'epoch': '1.097'}
{'paper_align_label_loss': '0.1779', 'paper_align_reason_loss': '0.2033', 'epoch': '1.097'}
{'paper_align_label_loss': '0.00527', 'paper_align_reason_loss': '0.1612', 'epoch': '1.097'}
{'paper_align_label_loss': '0.07768', 'paper_align_reason_loss': '0.1513', 'epoch': '1.101'}
{'paper_align_label_loss': '0.1109', 'paper_align_reason_loss': '0.2123', 'epoch': '1.101'}
{'paper_align_label_loss': '0.01835', 'paper_align_reason_loss': '0.1444', 'epoch': '1.101'}
{'paper_align_label_loss': '0.1818', 'paper_align_reason_loss': '0.1895', 'epoch': '1.101'}
{'paper_align_label_loss': '0.004105', 'paper_align_reason_loss': '0.208', 'epoch': '1.105'}
{'paper_align_label_loss': '0.04025', 'paper_align_reason_loss': '0.1592', 'epoch': '1.105'}
{'paper_align_label_loss': '0.1349', 'paper_align_reason_loss': '0.1874', 'epoch': '1.105'}
{'paper_align_label_loss': '0.07313', 'paper_align_reason_loss': '0.1742', 'epoch': '1.105'}
{'paper_align_label_loss': '0.01395', 'paper_align_reason_loss': '0.1652', 'epoch': '1.109'}
{'paper_align_label_loss': '0.01426', 'paper_align_reason_loss': '0.157', 'epoch': '1.109'}
{'paper_align_label_loss': '0.0344', 'paper_align_reason_loss': '0.1374', 'epoch': '1.109'}
{'paper_align_label_loss': '0.04388', 'paper_align_reason_loss': '0.1837', 'epoch': '1.109'}
{'paper_align_label_loss': '0.06289', 'paper_align_reason_loss': '0.1364', 'epoch': '1.113'}
{'paper_align_label_loss': '0.02496', 'paper_align_reason_loss': '0.1534', 'epoch': '1.113'}
{'paper_align_label_loss': '0.3063', 'paper_align_reason_loss': '0.1805', 'epoch': '1.113'}
{'paper_align_label_loss': '0.07078', 'paper_align_reason_loss': '0.1466', 'epoch': '1.113'}
{'paper_align_label_loss': '0.05245', 'paper_align_reason_loss': '0.1877', 'epoch': '1.117'}
{'paper_align_label_loss': '0.01169', 'paper_align_reason_loss': '0.2375', 'epoch': '1.117'}
{'paper_align_label_loss': '0.0218', 'paper_align_reason_loss': '0.1789', 'epoch': '1.117'}
{'paper_align_label_loss': '0.01207', 'paper_align_reason_loss': '0.1862', 'epoch': '1.117'}
{'paper_align_label_loss': '0.01841', 'paper_align_reason_loss': '0.1633', 'epoch': '1.121'}
{'paper_align_label_loss': '0.01084', 'paper_align_reason_loss': '0.154', 'epoch': '1.121'}
{'paper_align_label_loss': '0.02368', 'paper_align_reason_loss': '0.1339', 'epoch': '1.121'}
{'paper_align_label_loss': '0.2161', 'paper_align_reason_loss': '0.1478', 'epoch': '1.121'}
{'paper_align_label_loss': '0.05687', 'paper_align_reason_loss': '0.1752', 'epoch': '1.125'}
{'paper_align_label_loss': '0.1132', 'paper_align_reason_loss': '0.2106', 'epoch': '1.125'}
{'paper_align_label_loss': '0.005165', 'paper_align_reason_loss': '0.1898', 'epoch': '1.125'}
{'paper_align_label_loss': '0.02279', 'paper_align_reason_loss': '0.1131', 'epoch': '1.125'}
{'loss': '0.5013', 'grad_norm': '4.539', 'learning_rate': '7.203e-05', 'epoch': '1.129'}
{'paper_align_label_loss': '0.02888', 'paper_align_reason_loss': '0.1313', 'epoch': '1.129'}
{'paper_align_label_loss': '0.01115', 'paper_align_reason_loss': '0.1757', 'epoch': '1.129'}
{'paper_align_label_loss': '0.1268', 'paper_align_reason_loss': '0.1799', 'epoch': '1.129'}
{'paper_align_label_loss': '0.06382', 'paper_align_reason_loss': '0.193', 'epoch': '1.129'}
{'paper_align_label_loss': '0.04683', 'paper_align_reason_loss': '0.1828', 'epoch': '1.133'}
{'paper_align_label_loss': '0.02411', 'paper_align_reason_loss': '0.1578', 'epoch': '1.133'}
{'paper_align_label_loss': '0.03046', 'paper_align_reason_loss': '0.1916', 'epoch': '1.133'}
{'paper_align_label_loss': '0.08756', 'paper_align_reason_loss': '0.1668', 'epoch': '1.133'}
{'paper_align_label_loss': '0.2864', 'paper_align_reason_loss': '0.2793', 'epoch': '1.136'}
{'paper_align_label_loss': '0.1757', 'paper_align_reason_loss': '0.1867', 'epoch': '1.136'}
{'paper_align_label_loss': '0.04869', 'paper_align_reason_loss': '0.222', 'epoch': '1.136'}
{'paper_align_label_loss': '0.006718', 'paper_align_reason_loss': '0.1097', 'epoch': '1.136'}
{'paper_align_label_loss': '0.07768', 'paper_align_reason_loss': '0.262', 'epoch': '1.14'}
{'paper_align_label_loss': '0.08066', 'paper_align_reason_loss': '0.1734', 'epoch': '1.14'}
{'paper_align_label_loss': '0.06484', 'paper_align_reason_loss': '0.233', 'epoch': '1.14'}
{'paper_align_label_loss': '0.1184', 'paper_align_reason_loss': '0.178', 'epoch': '1.14'}
{'paper_align_label_loss': '0.04159', 'paper_align_reason_loss': '0.1135', 'epoch': '1.144'}
{'paper_align_label_loss': '0.02968', 'paper_align_reason_loss': '0.1553', 'epoch': '1.144'}
{'paper_align_label_loss': '0.303', 'paper_align_reason_loss': '0.1627', 'epoch': '1.144'}
{'paper_align_label_loss': '0.0256', 'paper_align_reason_loss': '0.1265', 'epoch': '1.144'}
{'paper_align_label_loss': '0.2796', 'paper_align_reason_loss': '0.167', 'epoch': '1.148'}
{'paper_align_label_loss': '0.01611', 'paper_align_reason_loss': '0.1688', 'epoch': '1.148'}
{'paper_align_label_loss': '0.05465', 'paper_align_reason_loss': '0.1269', 'epoch': '1.148'}
{'paper_align_label_loss': '0.03414', 'paper_align_reason_loss': '0.1084', 'epoch': '1.148'}
{'paper_align_label_loss': '0.08344', 'paper_align_reason_loss': '0.179', 'epoch': '1.152'}
{'paper_align_label_loss': '0.09204', 'paper_align_reason_loss': '0.1362', 'epoch': '1.152'}
{'paper_align_label_loss': '0.01469', 'paper_align_reason_loss': '0.1676', 'epoch': '1.152'}
{'paper_align_label_loss': '0.2216', 'paper_align_reason_loss': '0.2059', 'epoch': '1.152'}
{'paper_align_label_loss': '0.02345', 'paper_align_reason_loss': '0.1489', 'epoch': '1.156'}
{'paper_align_label_loss': '0.05927', 'paper_align_reason_loss': '0.1713', 'epoch': '1.156'}
{'paper_align_label_loss': '0.1151', 'paper_align_reason_loss': '0.1904', 'epoch': '1.156'}
{'paper_align_label_loss': '0.02592', 'paper_align_reason_loss': '0.1818', 'epoch': '1.156'}
{'paper_align_label_loss': '0.03187', 'paper_align_reason_loss': '0.1562', 'epoch': '1.16'}
{'paper_align_label_loss': '0.1681', 'paper_align_reason_loss': '0.1787', 'epoch': '1.16'}
{'paper_align_label_loss': '0.01792', 'paper_align_reason_loss': '0.1288', 'epoch': '1.16'}

 39%|███▊      | 298/771 [10:04<15:27,  1.96s/it]
 39%|███▉      | 299/771 [10:04<15:49,  2.01s/it]2026-09-20 16:24:47,130 INFO [rev_util_helpfulness|paper_align|Qwen3-0.6B] step=299 epoch=1.1637

                                                 

 39%|███▉      | 299/771 [10:04<15:49,  2.01s/it]2026-09-20 16:24:47,606 INFO [rev_util_helpfulness|paper_align|Qwen3-0.6B] step=299 epoch=1.1637

                                                 

 39%|███▉      | 299/771 [10:05<15:49,  2.01s/it]2026-09-20 16:24:48,080 INFO [rev_util_helpfulness|paper_align|Qwen3-0.6B] step=299 epoch=1.1637

                                                 

 39%|███▉      | 299/771 [10:05<15:49,  2.01s/it]2026-09-20 16:24:48,557 INFO [rev_util_helpfulness|paper_align|Qwen3-0.6B] step=299 epoch=1.1637

                                                 

 39%|███▉      | 299/771 [10:06<15:49,  2.01s/it]
 39%|███▉      | 300/771 [10:06<15:37,  1.99s/it]2026-09-20 16:24:48,889 INFO [rev_util_helpfulness|paper_align|Qwen3-0.6B] step=300 loss=0.5053 learning_rate=0.0001 epoch=1.1676

                                                 

 39%|███▉      | 300/771 [10:06<15:37,  1.99s/it]2026-09-20 16:24:49,070 INFO [rev_util_helpfulness|paper_align|Qwen3-0.6B] step=300 epoch=1.1676

                                                 

 39%|███▉      | 300/771 [10:06<15:37,  1.99s/it]2026-09-20 16:24:49,542 INFO [rev_util_helpfulness|paper_align|Qwen3-0.6B] step=300 epoch=1.1676

                                                 

 39%|███▉      | 300/771 [10:07<15:37,  1.99s/it]2026-09-20 16:24:50,016 INFO [rev_util_helpfulness|paper_align|Qwen3-0.6B] step=300 epoch=1.1676

                                                 

 39%|███▉      | 300/771 [10:07<15:37,  1.99s/it]2026-09-20 16:24:50,488 INFO [rev_util_helpfulness|paper_align|Qwen3-0.6B] step=300 epoch=1.1676

                                                 

 39%|███▉      | 300/771 [10:08<15:37,  1.99s/it]
 39%|███▉      | 301/771 [10:08<15:27,  1.97s/it]2026-09-20 16:24:50,998 INFO [rev_util_helpfulness|paper_align|Qwen3-0.6B] step=301 epoch=1.1715

                                                 

 39%|███▉      | 301/771 [10:08<15:27,  1.97s/it]2026-09-20 16:24:51,469 INFO [rev_util_helpfulness|paper_align|Qwen3-0.6B] step=301 epoch=1.1715

                                                 

 39%|███▉      | 301/771 [10:09<15:27,  1.97s/it]2026-09-20 16:24:51,941 INFO [rev_util_helpfulness|paper_align|Qwen3-0.6B] step=301 epoch=1.1715

                                                 

 39%|███▉      | 301/771 [10:09<15:27,  1.97s/it]2026-09-20 16:24:52,425 INFO [rev_util_helpfulness|paper_align|Qwen3-0.6B] step=301 epoch=1.1715

                                                 

 39%|███▉      | 301/771 [10:10<15:27,  1.97s/it]
 39%|███▉      | 302/771 [10:10<15:20,  1.96s/it]2026-09-20 16:24:52,936 INFO [rev_util_helpfulness|paper_align|Qwen3-0.6B] step=302 epoch=1.1754

                                                 

 39%|███▉      | 302/771 [10:10<15:20,  1.96s/it]2026-09-20 16:24:53,413 INFO [rev_util_helpfulness|paper_align|Qwen3-0.6B] step=302 epoch=1.1754

                                                 

 39%|███▉      | 302/771 [10:11<15:20,  1.96s/it]2026-09-20 16:24:53,889 INFO [rev_util_helpfulness|paper_align|Qwen3-0.6B] step=302 epoch=1.1754

                                                 

 39%|███▉      | 302/771 [10:11<15:20,  1.96s/it]2026-09-20 16:24:54,363 INFO [rev_util_helpfulness|paper_align|Qwen3-0.6B] step=302 epoch=1.1754

                                                 

 39%|███▉      | 302/771 [10:12<15:20,  1.96s/it]
 39%|███▉      | 303/771 [10:12<15:14,  1.95s/it]2026-09-20 16:24:54,872 INFO [rev_util_helpfulness|paper_align|Qwen3-0.6B] step=303 epoch=1.1793

                                                 

 39%|███▉      | 303/771 [10:12<15:14,  1.95s/it]2026-09-20 16:24:55,560 INFO [rev_util_helpfulness|paper_align|Qwen3-0.6B] step=303 epoch=1.1793

                                                 

 39%|███▉      | 303/771 [10:13<15:14,  1.95s/it]2026-09-20 16:24:56,042 INFO [rev_util_helpfulness|paper_align|Qwen3-0.6B] step=303 epoch=1.1793

                                                 

 39%|███▉      | 303/771 [10:13<15:14,  1.95s/it]2026-09-20 16:24:56,518 INFO [rev_util_helpfulness|paper_align|Qwen3-0.6B] step=303 epoch=1.1793

                                                 

 39%|███▉      | 303/771 [10:14<15:14,  1.95s/it]
 39%|███▉      | 304/771 [10:14<15:41,  2.02s/it]2026-09-20 16:24:57,036 INFO [rev_util_helpfulness|paper_align|Qwen3-0.6B] step=304 epoch=1.1832

                                                 

 39%|███▉      | 304/771 [10:14<15:41,  2.02s/it]2026-09-20 16:24:57,508 INFO [rev_util_helpfulness|paper_align|Qwen3-0.6B] step=304 epoch=1.1832

                                                 

 39%|███▉      | 304/771 [10:15<15:41,  2.02s/it]2026-09-20 16:24:57,982 INFO [rev_util_helpfulness|paper_align|Qwen3-0.6B] step=304 epoch=1.1832

                                                 

 39%|███▉      | 304/771 [10:15<15:41,  2.02s/it]2026-09-20 16:24:58,458 INFO [rev_util_helpfulness|paper_align|Qwen3-0.6B] step=304 epoch=1.1832

                                                 

 39%|███▉      | 304/771 [10:16<15:41,  2.02s/it]
 40%|███▉      | 305/771 [10:16<15:29,  1.99s/it]2026-09-20 16:24:59,021 INFO [rev_util_helpfulness|paper_align|Qwen3-0.6B] step=305 epoch=1.1871

                                                 

 40%|███▉      | 305/771 [10:16<15:29,  1.99s/it]2026-09-20 16:24:59,490 INFO [rev_util_helpfulness|paper_align|Qwen3-0.6B] step=305 epoch=1.1871

                                                 

 40%|███▉      | 305/771 [10:17<15:29,  1.99s/it]2026-09-20 16:24:59,988 INFO [rev_util_helpfulness|paper_align|Qwen3-0.6B] step=305 epoch=1.1871

                                                 

 40%|███▉      | 305/771 [10:17<15:29,  1.99s/it]2026-09-20 16:25:00,524 INFO [rev_util_helpfulness|paper_align|Qwen3-0.6B] step=305 epoch=1.1871

                                                 

 40%|███▉      | 305/771 [10:18<15:29,  1.99s/it]
 40%|███▉      | 306/771 [10:18<15:36,  2.01s/it]2026-09-20 16:25:01,033 INFO [rev_util_helpfulness|paper_align|Qwen3-0.6B] step=306 epoch=1.1910

                                                 

 40%|███▉      | 306/771 [10:18<15:36,  2.01s/it]2026-09-20 16:25:01,510 INFO [rev_util_helpfulness|paper_align|Qwen3-0.6B] step=306 epoch=1.1910

                                                 

 40%|███▉      | 306/771 [10:19<15:36,  2.01s/it]2026-09-20 16:25:01,991 INFO [rev_util_helpfulness|paper_align|Qwen3-0.6B] step=306 epoch=1.1910

                                                 

 40%|███▉      | 306/771 [10:19<15:36,  2.01s/it]2026-09-20 16:25:02,476 INFO [rev_util_helpfulness|paper_align|Qwen3-0.6B] step=306 epoch=1.1910

                                                 

 40%|███▉      | 306/771 [10:20<15:36,  2.01s/it]
 40%|███▉      | 307/771 [10:20<15:26,  2.00s/it]2026-09-20 16:25:02,996 INFO [rev_util_helpfulness|paper_align|Qwen3-0.6B] step=307 epoch=1.1949

                                                 

 40%|███▉      | 307/771 [10:20<15:26,  2.00s/it]2026-09-20 16:25:03,477 INFO [rev_util_helpfulness|paper_align|Qwen3-0.6B] step=307 epoch=1.1949

                                                 

 40%|███▉      | 307/771 [10:21<15:26,  2.00s/it]2026-09-20 16:25:03,955 INFO [rev_util_helpfulness|paper_align|Qwen3-0.6B] step=307 epoch=1.1949

                                                 

 40%|███▉      | 307/771 [10:21<15:26,  2.00s/it]2026-09-20 16:25:04,440 INFO [rev_util_helpfulness|paper_align|Qwen3-0.6B] step=307 epoch=1.1949

                                                 

 40%|███▉      | 307/771 [10:22<15:26,  2.00s/it]
 40%|███▉      | 308/771 [10:22<15:19,  1.99s/it]2026-09-20 16:25:04,961 INFO [rev_util_helpfulness|paper_align|Qwen3-0.6B] step=308 epoch=1.1988

                                                 

 40%|███▉      | 308/771 [10:22<15:19,  1.99s/it]2026-09-20 16:25:05,618 INFO [rev_util_helpfulness|paper_align|Qwen3-0.6B] step=308 epoch=1.1988

                                                 

 40%|███▉      | 308/771 [10:23<15:19,  1.99s/it]2026-09-20 16:25:06,101 INFO [rev_util_helpfulness|paper_align|Qwen3-0.6B] step=308 epoch=1.1988

                                                 

 40%|███▉      | 308/771 [10:23<15:19,  1.99s/it]2026-09-20 16:25:06,586 INFO [rev_util_helpfulness|paper_align|Qwen3-0.6B] step=308 epoch=1.1988

                                                 

 40%|███▉      | 308/771 [10:24<15:19,  1.99s/it]
 40%|████      | 309/771 [10:24<15:43,  2.04s/it]2026-09-20 16:25:07,134 INFO [rev_util_helpfulness|paper_align|Qwen3-0.6B] step=309 epoch=1.2027

                                                 

 40%|████      | 309/771 [10:24<15:43,  2.04s/it]2026-09-20 16:25:07,606 INFO [rev_util_helpfulness|paper_align|Qwen3-0.6B] step=309 epoch=1.2027

                                                 

 40%|████      | 309/771 [10:25<15:43,  2.04s/it]2026-09-20 16:25:08,113 INFO [rev_util_helpfulness|paper_align|Qwen3-0.6B] step=309 epoch=1.2027

                                                 

 40%|████      | 309/771 [10:25<15:43,  2.04s/it]2026-09-20 16:25:08,600 INFO [rev_util_helpfulness|paper_align|Qwen3-0.6B] step=309 epoch=1.2027

                                                 

 40%|████      | 309/771 [10:26<15:43,  2.04s/it]
 40%|████      | 310/771 [10:26<15:33,  2.03s/it]2026-09-20 16:25:08,937 INFO [rev_util_helpfulness|paper_align|Qwen3-0.6B] step=310 loss=0.4758 learning_rate=0.0001 epoch=1.2066

                                                 

 40%|████      | 310/771 [10:26<15:33,  2.03s/it]2026-09-20 16:25:09,120 INFO [rev_util_helpfulness|paper_align|Qwen3-0.6B] step=310 epoch=1.2066

                                                 

 40%|████      | 310/771 [10:26<15:33,  2.03s/it]2026-09-20 16:25:09,599 INFO [rev_util_helpfulness|paper_align|Qwen3-0.6B] step=310 epoch=1.2066

                                                 

 40%|████      | 310/771 [10:27<15:33,  2.03s/it]2026-09-20 16:25:10,080 INFO [rev_util_helpfulness|paper_align|Qwen3-0.6B] step=310 epoch=1.2066

                                                 

 40%|████      | 310/771 [10:27<15:33,  2.03s/it]2026-09-20 16:25:10,549 INFO [rev_util_helpfulness|paper_align|Qwen3-0.6B] step=310 epoch=1.2066

                                                 

 40%|████      | 310/771 [10:28<15:33,  2.03s/it]
 40%|████      | 311/771 [10:28<15:22,  2.01s/it]2026-09-20 16:25:11,078 INFO [rev_util_helpfulness|paper_align|Qwen3-0.6B] step=311 epoch=1.2105

                                                 

 40%|████      | 311/771 [10:28<15:22,  2.01s/it]2026-09-20 16:25:11,552 INFO [rev_util_helpfulness|paper_align|Qwen3-0.6B] step=311 epoch=1.2105

                                                 

 40%|████      | 311/771 [10:29<15:22,  2.01s/it]2026-09-20 16:25:12,029 INFO [rev_util_helpfulness|paper_align|Qwen3-0.6B] step=311 epoch=1.2105

                                                 

 40%|████      | 311/771 [10:29<15:22,  2.01s/it]2026-09-20 16:25:12,504 INFO [rev_util_helpfulness|paper_align|Qwen3-0.6B] step=311 epoch=1.2105

                                                 

 40%|████      | 311/771 [10:30<15:22,  2.01s/it]
 40%|████      | 312/771 [10:30<15:11,  1.99s/it]2026-09-20 16:25:13,015 INFO [rev_util_helpfulness|paper_align|Qwen3-0.6B] step=312 epoch=1.2144

                                                 

 40%|████      | 312/771 [10:30<15:11,  1.99s/it]2026-09-20 16:25:13,488 INFO [rev_util_helpfulness|paper_align|Qwen3-0.6B] step=312 epoch=1.2144

                                                 

 40%|████      | 312/771 [10:31<15:11,  1.99s/it]2026-09-20 16:25:13,966 INFO [rev_util_helpfulness|paper_align|Qwen3-0.6B] step=312 epoch=1.2144

                                                 

 40%|████      | 312/771 [10:31<15:11,  1.99s/it]2026-09-20 16:25:14,443 INFO [rev_util_helpfulness|paper_align|Qwen3-0.6B] step=312 epoch=1.2144

                                                 

 40%|████      | 312/771 [10:32<15:11,  1.99s/it]
 41%|████      | 313/771 [10:32<15:03,  1.97s/it]2026-09-20 16:25:14,952 INFO [rev_util_helpfulness|paper_align|Qwen3-0.6B] step=313 epoch=1.2183

                                                 

 41%|████      | 313/771 [10:32<15:03,  1.97s/it]2026-09-20 16:25:15,426 INFO [rev_util_helpfulness|paper_align|Qwen3-0.6B] step=313 epoch=1.2183

                                                 

 41%|████      | 313/771 [10:33<15:03,  1.97s/it]2026-09-20 16:25:15,904 INFO [rev_util_helpfulness|paper_align|Qwen3-0.6B] step=313 epoch=1.2183

                                                 

 41%|████      | 313/771 [10:33<15:03,  1.97s/it]2026-09-20 16:25:16,575 INFO [rev_util_helpfulness|paper_align|Qwen3-0.6B] step=313 epoch=1.2183

                                                 

 41%|████      | 313/771 [10:34<15:03,  1.97s/it]
 41%|████      | 314/771 [10:34<15:23,  2.02s/it]2026-09-20 16:25:17,090 INFO [rev_util_helpfulness|paper_align|Qwen3-0.6B] step=314 epoch=1.2222

                                                 

 41%|████      | 314/771 [10:34<15:23,  2.02s/it]2026-09-20 16:25:17,564 INFO [rev_util_helpfulness|paper_align|Qwen3-0.6B] step=314 epoch=1.2222

                                                 

 41%|████      | 314/771 [10:35<15:23,  2.02s/it]2026-09-20 16:25:18,039 INFO [rev_util_helpfulness|paper_align|Qwen3-0.6B] step=314 epoch=1.2222

                                                 

 41%|████      | 314/771 [10:35<15:23,  2.02s/it]2026-09-20 16:25:18,509 INFO [rev_util_helpfulness|paper_align|Qwen3-0.6B] step=314 epoch=1.2222

                                                 

 41%|████      | 314/771 [10:36<15:23,  2.02s/it]
 41%|████      | 315/771 [10:36<15:09,  1.99s/it]2026-09-20 16:25:19,018 INFO [rev_util_helpfulness|paper_align|Qwen3-0.6B] step=315 epoch=1.2261

                                                 

 41%|████      | 315/771 [10:36<15:09,  1.99s/it]2026-09-20 16:25:19,492 INFO [rev_util_helpfulness|paper_align|Qwen3-0.6B] step=315 epoch=1.2261

                                                 

 41%|████      | 315/771 [10:37<15:09,  1.99s/it]2026-09-20 16:25:19,974 INFO [rev_util_helpfulness|paper_align|Qwen3-0.6B] step=315 epoch=1.2261

                                                 

 41%|████      | 315/771 [10:37<15:09,  1.99s/it]2026-09-20 16:25:20,458 INFO [rev_util_helpfulness|paper_align|Qwen3-0.6B] step=315 epoch=1.2261

                                                 

 41%|████      | 315/771 [10:38<15:09,  1.99s/it]
 41%|████      | 316/771 [10:38<15:01,  1.98s/it]2026-09-20 16:25:20,975 INFO [rev_util_helpfulness|paper_align|Qwen3-0.6B] step=316 epoch=1.2300

                                                 

 41%|████      | 316/771 [10:38<15:01,  1.98s/it]2026-09-20 16:25:21,447 INFO [rev_util_helpfulness|paper_align|Qwen3-0.6B] step=316 epoch=1.2300

                                                 

 41%|████      | 316/771 [10:39<15:01,  1.98s/it]2026-09-20 16:25:21,925 INFO [rev_util_helpfulness|paper_align|Qwen3-0.6B] step=316 epoch=1.2300

                                                 

 41%|████      | 316/771 [10:39<15:01,  1.98s/it]2026-09-20 16:25:22,408 INFO [rev_util_helpfulness|paper_align|Qwen3-0.6B] step=316 epoch=1.2300

                                                 

 41%|████      | 316/771 [10:40<15:01,  1.98s/it]
 41%|████      | 317/771 [10:40<14:54,  1.97s/it]2026-09-20 16:25:22,924 INFO [rev_util_helpfulness|paper_align|Qwen3-0.6B] step=317 epoch=1.2339

                                                 

 41%|████      | 317/771 [10:40<14:54,  1.97s/it]2026-09-20 16:25:23,400 INFO [rev_util_helpfulness|paper_align|Qwen3-0.6B] step=317 epoch=1.2339

                                                 

 41%|████      | 317/771 [10:41<14:54,  1.97s/it]2026-09-20 16:25:23,880 INFO [rev_util_helpfulness|paper_align|Qwen3-0.6B] step=317 epoch=1.2339

                                                 

 41%|████      | 317/771 [10:41<14:54,  1.97s/it]2026-09-20 16:25:24,364 INFO [rev_util_helpfulness|paper_align|Qwen3-0.6B] step=317 epoch=1.2339

                                                 

 41%|████      | 317/771 [10:42<14:54,  1.97s/it]
 41%|████      | 318/771 [10:42<14:50,  1.97s/it]2026-09-20 16:25:24,879 INFO [rev_util_helpfulness|paper_align|Qwen3-0.6B] step=318 epoch=1.2378

                                                 

 41%|████      | 318/771 [10:42<14:50,  1.97s/it]2026-09-20 16:25:25,372 INFO [rev_util_helpfulness|paper_align|Qwen3-0.6B] step=318 epoch=1.2378

                                                 

 41%|████      | 318/771 [10:43<14:50,  1.97s/it]2026-09-20 16:25:25,856 INFO [rev_util_helpfulness|paper_align|Qwen3-0.6B] step=318 epoch=1.2378

                                                 

 41%|████      | 318/771 [10:43<14:50,  1.97s/it]2026-09-20 16:25:26,541 INFO [rev_util_helpfulness|paper_align|Qwen3-0.6B] step=318 epoch=1.2378

                                                 

 41%|████      | 318/771 [10:44<14:50,  1.97s/it]
 41%|████▏     | 319/771 [10:44<15:17,  2.03s/it]2026-09-20 16:25:27,058 INFO [rev_util_helpfulness|paper_align|Qwen3-0.6B] step=319 epoch=1.2417

                                                 

 41%|████▏     | 319/771 [10:44<15:17,  2.03s/it]2026-09-20 16:25:27,553 INFO [rev_util_helpfulness|paper_align|Qwen3-0.6B] step=319 epoch=1.2417

                                                 

 41%|████▏     | 319/771 [10:45<15:17,  2.03s/it]2026-09-20 16:25:28,039 INFO [rev_util_helpfulness|paper_align|Qwen3-0.6B] step=319 epoch=1.2417

                                                 

 41%|████▏     | 319/771 [10:45<15:17,  2.03s/it]2026-09-20 16:25:28,523 INFO [rev_util_helpfulness|paper_align|Qwen3-0.6B] step=319 epoch=1.2417

                                                 

 41%|████▏     | 319/771 [10:46<15:17,  2.03s/it]
 42%|████▏     | 320/771 [10:46<15:11,  2.02s/it]2026-09-20 16:25:28,872 INFO [rev_util_helpfulness|paper_align|Qwen3-0.6B] step=320 loss=0.4701 learning_rate=0.0001 epoch=1.2456

                                                 

 42%|████▏     | 320/771 [10:46<15:11,  2.02s/it]2026-09-20 16:25:29,051 INFO [rev_util_helpfulness|paper_align|Qwen3-0.6B] step=320 epoch=1.2456

                                                 
{'paper_align_label_loss': '0.01752', 'paper_align_reason_loss': '0.1935', 'epoch': '1.16'}
{'paper_align_label_loss': '0.04791', 'paper_align_reason_loss': '0.1994', 'epoch': '1.164'}
{'paper_align_label_loss': '0.1394', 'paper_align_reason_loss': '0.2563', 'epoch': '1.164'}
{'paper_align_label_loss': '0.01829', 'paper_align_reason_loss': '0.1507', 'epoch': '1.164'}
{'paper_align_label_loss': '0.03211', 'paper_align_reason_loss': '0.1365', 'epoch': '1.164'}
{'loss': '0.5053', 'grad_norm': '4.007', 'learning_rate': '7.013e-05', 'epoch': '1.168'}
{'paper_align_label_loss': '0.0261', 'paper_align_reason_loss': '0.143', 'epoch': '1.168'}
{'paper_align_label_loss': '0.1022', 'paper_align_reason_loss': '0.1746', 'epoch': '1.168'}
{'paper_align_label_loss': '0.03796', 'paper_align_reason_loss': '0.1759', 'epoch': '1.168'}
{'paper_align_label_loss': '0.07765', 'paper_align_reason_loss': '0.1457', 'epoch': '1.168'}
{'paper_align_label_loss': '0.04301', 'paper_align_reason_loss': '0.1715', 'epoch': '1.172'}
{'paper_align_label_loss': '0.07292', 'paper_align_reason_loss': '0.1508', 'epoch': '1.172'}
{'paper_align_label_loss': '0.113', 'paper_align_reason_loss': '0.1483', 'epoch': '1.172'}
{'paper_align_label_loss': '0.0223', 'paper_align_reason_loss': '0.1921', 'epoch': '1.172'}
{'paper_align_label_loss': '0.04752', 'paper_align_reason_loss': '0.1926', 'epoch': '1.175'}
{'paper_align_label_loss': '0.09404', 'paper_align_reason_loss': '0.1516', 'epoch': '1.175'}
{'paper_align_label_loss': '0.05394', 'paper_align_reason_loss': '0.1851', 'epoch': '1.175'}
{'paper_align_label_loss': '0.09816', 'paper_align_reason_loss': '0.1776', 'epoch': '1.175'}
{'paper_align_label_loss': '0.03247', 'paper_align_reason_loss': '0.2508', 'epoch': '1.179'}
{'paper_align_label_loss': '0.0519', 'paper_align_reason_loss': '0.2215', 'epoch': '1.179'}
{'paper_align_label_loss': '0.03053', 'paper_align_reason_loss': '0.1395', 'epoch': '1.179'}
{'paper_align_label_loss': '0.06836', 'paper_align_reason_loss': '0.1166', 'epoch': '1.179'}
{'paper_align_label_loss': '0.02634', 'paper_align_reason_loss': '0.1708', 'epoch': '1.183'}
{'paper_align_label_loss': '0.03228', 'paper_align_reason_loss': '0.164', 'epoch': '1.183'}
{'paper_align_label_loss': '0.0181', 'paper_align_reason_loss': '0.1341', 'epoch': '1.183'}
{'paper_align_label_loss': '0.1907', 'paper_align_reason_loss': '0.155', 'epoch': '1.183'}
{'paper_align_label_loss': '0.04302', 'paper_align_reason_loss': '0.1586', 'epoch': '1.187'}
{'paper_align_label_loss': '0.2372', 'paper_align_reason_loss': '0.161', 'epoch': '1.187'}
{'paper_align_label_loss': '0.02054', 'paper_align_reason_loss': '0.1438', 'epoch': '1.187'}
{'paper_align_label_loss': '0.1049', 'paper_align_reason_loss': '0.1775', 'epoch': '1.187'}
{'paper_align_label_loss': '0.07438', 'paper_align_reason_loss': '0.1692', 'epoch': '1.191'}
{'paper_align_label_loss': '0.02712', 'paper_align_reason_loss': '0.1318', 'epoch': '1.191'}
{'paper_align_label_loss': '0.08861', 'paper_align_reason_loss': '0.1669', 'epoch': '1.191'}
{'paper_align_label_loss': '0.07147', 'paper_align_reason_loss': '0.1576', 'epoch': '1.191'}
{'paper_align_label_loss': '0.2994', 'paper_align_reason_loss': '0.2197', 'epoch': '1.195'}
{'paper_align_label_loss': '0.06551', 'paper_align_reason_loss': '0.2054', 'epoch': '1.195'}
{'paper_align_label_loss': '0.009628', 'paper_align_reason_loss': '0.1642', 'epoch': '1.195'}
{'paper_align_label_loss': '0.0299', 'paper_align_reason_loss': '0.1822', 'epoch': '1.195'}
{'paper_align_label_loss': '0.07729', 'paper_align_reason_loss': '0.1804', 'epoch': '1.199'}
{'paper_align_label_loss': '0.05195', 'paper_align_reason_loss': '0.1802', 'epoch': '1.199'}
{'paper_align_label_loss': '0.02235', 'paper_align_reason_loss': '0.1601', 'epoch': '1.199'}
{'paper_align_label_loss': '0.04286', 'paper_align_reason_loss': '0.1558', 'epoch': '1.199'}
{'paper_align_label_loss': '0.05257', 'paper_align_reason_loss': '0.1873', 'epoch': '1.203'}
{'paper_align_label_loss': '0.06309', 'paper_align_reason_loss': '0.1946', 'epoch': '1.203'}
{'paper_align_label_loss': '0.02634', 'paper_align_reason_loss': '0.1364', 'epoch': '1.203'}
{'paper_align_label_loss': '0.06437', 'paper_align_reason_loss': '0.2092', 'epoch': '1.203'}
{'loss': '0.4758', 'grad_norm': '4.587', 'learning_rate': '6.818e-05', 'epoch': '1.207'}
{'paper_align_label_loss': '0.04226', 'paper_align_reason_loss': '0.217', 'epoch': '1.207'}
{'paper_align_label_loss': '0.02287', 'paper_align_reason_loss': '0.1687', 'epoch': '1.207'}
{'paper_align_label_loss': '0.04604', 'paper_align_reason_loss': '0.1088', 'epoch': '1.207'}
{'paper_align_label_loss': '0.04813', 'paper_align_reason_loss': '0.1706', 'epoch': '1.207'}
{'paper_align_label_loss': '0.1023', 'paper_align_reason_loss': '0.189', 'epoch': '1.211'}
{'paper_align_label_loss': '0.11', 'paper_align_reason_loss': '0.1649', 'epoch': '1.211'}
{'paper_align_label_loss': '0.1398', 'paper_align_reason_loss': '0.2778', 'epoch': '1.211'}
{'paper_align_label_loss': '0.1056', 'paper_align_reason_loss': '0.102', 'epoch': '1.211'}
{'paper_align_label_loss': '0.03076', 'paper_align_reason_loss': '0.1714', 'epoch': '1.214'}
{'paper_align_label_loss': '0.06223', 'paper_align_reason_loss': '0.1442', 'epoch': '1.214'}
{'paper_align_label_loss': '0.09713', 'paper_align_reason_loss': '0.2365', 'epoch': '1.214'}
{'paper_align_label_loss': '0.1095', 'paper_align_reason_loss': '0.1137', 'epoch': '1.214'}
{'paper_align_label_loss': '0.01748', 'paper_align_reason_loss': '0.1581', 'epoch': '1.218'}
{'paper_align_label_loss': '0.02575', 'paper_align_reason_loss': '0.1893', 'epoch': '1.218'}
{'paper_align_label_loss': '0.1235', 'paper_align_reason_loss': '0.1381', 'epoch': '1.218'}
{'paper_align_label_loss': '0.01833', 'paper_align_reason_loss': '0.1673', 'epoch': '1.218'}
{'paper_align_label_loss': '0.02821', 'paper_align_reason_loss': '0.1655', 'epoch': '1.222'}
{'paper_align_label_loss': '0.05447', 'paper_align_reason_loss': '0.2016', 'epoch': '1.222'}
{'paper_align_label_loss': '0.06679', 'paper_align_reason_loss': '0.1318', 'epoch': '1.222'}
{'paper_align_label_loss': '0.09559', 'paper_align_reason_loss': '0.1459', 'epoch': '1.222'}
{'paper_align_label_loss': '0.1405', 'paper_align_reason_loss': '0.1706', 'epoch': '1.226'}
{'paper_align_label_loss': '0.05799', 'paper_align_reason_loss': '0.1358', 'epoch': '1.226'}
{'paper_align_label_loss': '0.1315', 'paper_align_reason_loss': '0.1501', 'epoch': '1.226'}
{'paper_align_label_loss': '0.1135', 'paper_align_reason_loss': '0.1714', 'epoch': '1.226'}
{'paper_align_label_loss': '0.02254', 'paper_align_reason_loss': '0.1591', 'epoch': '1.23'}
{'paper_align_label_loss': '0.1857', 'paper_align_reason_loss': '0.1591', 'epoch': '1.23'}
{'paper_align_label_loss': '0.0938', 'paper_align_reason_loss': '0.1689', 'epoch': '1.23'}
{'paper_align_label_loss': '0.01096', 'paper_align_reason_loss': '0.1542', 'epoch': '1.23'}
{'paper_align_label_loss': '0.1534', 'paper_align_reason_loss': '0.1935', 'epoch': '1.234'}
{'paper_align_label_loss': '0.03494', 'paper_align_reason_loss': '0.176', 'epoch': '1.234'}
{'paper_align_label_loss': '0.09903', 'paper_align_reason_loss': '0.1036', 'epoch': '1.234'}
{'paper_align_label_loss': '0.02909', 'paper_align_reason_loss': '0.1957', 'epoch': '1.234'}
{'paper_align_label_loss': '0.03334', 'paper_align_reason_loss': '0.1559', 'epoch': '1.238'}
{'paper_align_label_loss': '0.01554', 'paper_align_reason_loss': '0.1427', 'epoch': '1.238'}
{'paper_align_label_loss': '0.0176', 'paper_align_reason_loss': '0.1938', 'epoch': '1.238'}
{'paper_align_label_loss': '0.04339', 'paper_align_reason_loss': '0.2215', 'epoch': '1.238'}
{'paper_align_label_loss': '0.07953', 'paper_align_reason_loss': '0.1808', 'epoch': '1.242'}
{'paper_align_label_loss': '0.01972', 'paper_align_reason_loss': '0.1274', 'epoch': '1.242'}
{'paper_align_label_loss': '0.1021', 'paper_align_reason_loss': '0.1436', 'epoch': '1.242'}
{'paper_align_label_loss': '0.01309', 'paper_align_reason_loss': '0.1922', 'epoch': '1.242'}
{'loss': '0.4701', 'grad_norm': '3.23', 'learning_rate': '6.621e-05', 'epoch': '1.246'}

 42%|████▏     | 320/771 [10:46<15:11,  2.02s/it]2026-09-20 16:25:29,536 INFO [rev_util_helpfulness|paper_align|Qwen3-0.6B] step=320 epoch=1.2456

                                                 

 42%|████▏     | 320/771 [10:47<15:11,  2.02s/it]2026-09-20 16:25:30,016 INFO [rev_util_helpfulness|paper_align|Qwen3-0.6B] step=320 epoch=1.2456

                                                 

 42%|████▏     | 320/771 [10:47<15:11,  2.02s/it]2026-09-20 16:25:30,490 INFO [rev_util_helpfulness|paper_align|Qwen3-0.6B] step=320 epoch=1.2456

                                                 

 42%|████▏     | 320/771 [10:48<15:11,  2.02s/it]
 42%|████▏     | 321/771 [10:48<14:59,  2.00s/it]2026-09-20 16:25:31,003 INFO [rev_util_helpfulness|paper_align|Qwen3-0.6B] step=321 epoch=1.2495

                                                 

 42%|████▏     | 321/771 [10:48<14:59,  2.00s/it]2026-09-20 16:25:31,487 INFO [rev_util_helpfulness|paper_align|Qwen3-0.6B] step=321 epoch=1.2495

                                                 

 42%|████▏     | 321/771 [10:49<14:59,  2.00s/it]2026-09-20 16:25:31,963 INFO [rev_util_helpfulness|paper_align|Qwen3-0.6B] step=321 epoch=1.2495

                                                 

 42%|████▏     | 321/771 [10:49<14:59,  2.00s/it]2026-09-20 16:25:32,442 INFO [rev_util_helpfulness|paper_align|Qwen3-0.6B] step=321 epoch=1.2495

                                                 

 42%|████▏     | 321/771 [10:50<14:59,  2.00s/it]
 42%|████▏     | 322/771 [10:50<14:50,  1.98s/it]2026-09-20 16:25:32,951 INFO [rev_util_helpfulness|paper_align|Qwen3-0.6B] step=322 epoch=1.2534

                                                 

 42%|████▏     | 322/771 [10:50<14:50,  1.98s/it]2026-09-20 16:25:33,417 INFO [rev_util_helpfulness|paper_align|Qwen3-0.6B] step=322 epoch=1.2534

                                                 

 42%|████▏     | 322/771 [10:51<14:50,  1.98s/it]2026-09-20 16:25:33,830 INFO [rev_util_helpfulness|paper_align|Qwen3-0.6B] step=322 epoch=1.2534

                                                 

 42%|████▏     | 322/771 [10:51<14:50,  1.98s/it]2026-09-20 16:25:34,247 INFO [rev_util_helpfulness|paper_align|Qwen3-0.6B] step=322 epoch=1.2534

                                                 

 42%|████▏     | 322/771 [10:51<14:50,  1.98s/it]
 42%|████▏     | 323/771 [10:52<14:18,  1.92s/it]2026-09-20 16:25:34,707 INFO [rev_util_helpfulness|paper_align|Qwen3-0.6B] step=323 epoch=1.2573

                                                 

 42%|████▏     | 323/771 [10:52<14:18,  1.92s/it]2026-09-20 16:25:35,124 INFO [rev_util_helpfulness|paper_align|Qwen3-0.6B] step=323 epoch=1.2573

                                                 

 42%|████▏     | 323/771 [10:52<14:18,  1.92s/it]2026-09-20 16:25:35,543 INFO [rev_util_helpfulness|paper_align|Qwen3-0.6B] step=323 epoch=1.2573

                                                 

 42%|████▏     | 323/771 [10:53<14:18,  1.92s/it]2026-09-20 16:25:36,163 INFO [rev_util_helpfulness|paper_align|Qwen3-0.6B] step=323 epoch=1.2573

                                                 

 42%|████▏     | 323/771 [10:53<14:18,  1.92s/it]
 42%|████▏     | 324/771 [10:54<14:16,  1.92s/it]2026-09-20 16:25:36,628 INFO [rev_util_helpfulness|paper_align|Qwen3-0.6B] step=324 epoch=1.2612

                                                 

 42%|████▏     | 324/771 [10:54<14:16,  1.92s/it]2026-09-20 16:25:37,111 INFO [rev_util_helpfulness|paper_align|Qwen3-0.6B] step=324 epoch=1.2612

                                                 

 42%|████▏     | 324/771 [10:54<14:16,  1.92s/it]2026-09-20 16:25:37,599 INFO [rev_util_helpfulness|paper_align|Qwen3-0.6B] step=324 epoch=1.2612

                                                 

 42%|████▏     | 324/771 [10:55<14:16,  1.92s/it]2026-09-20 16:25:38,071 INFO [rev_util_helpfulness|paper_align|Qwen3-0.6B] step=324 epoch=1.2612

                                                 

 42%|████▏     | 324/771 [10:55<14:16,  1.92s/it]
 42%|████▏     | 325/771 [10:56<14:19,  1.93s/it]2026-09-20 16:25:38,587 INFO [rev_util_helpfulness|paper_align|Qwen3-0.6B] step=325 epoch=1.2651

                                                 

 42%|████▏     | 325/771 [10:56<14:19,  1.93s/it]2026-09-20 16:25:39,069 INFO [rev_util_helpfulness|paper_align|Qwen3-0.6B] step=325 epoch=1.2651

                                                 

 42%|████▏     | 325/771 [10:56<14:19,  1.93s/it]2026-09-20 16:25:39,557 INFO [rev_util_helpfulness|paper_align|Qwen3-0.6B] step=325 epoch=1.2651

                                                 

 42%|████▏     | 325/771 [10:57<14:19,  1.93s/it]2026-09-20 16:25:40,043 INFO [rev_util_helpfulness|paper_align|Qwen3-0.6B] step=325 epoch=1.2651

                                                 

 42%|████▏     | 325/771 [10:57<14:19,  1.93s/it]
 42%|████▏     | 326/771 [10:58<14:23,  1.94s/it]2026-09-20 16:25:40,558 INFO [rev_util_helpfulness|paper_align|Qwen3-0.6B] step=326 epoch=1.2690

                                                 

 42%|████▏     | 326/771 [10:58<14:23,  1.94s/it]2026-09-20 16:25:41,032 INFO [rev_util_helpfulness|paper_align|Qwen3-0.6B] step=326 epoch=1.2690

                                                 

 42%|████▏     | 326/771 [10:58<14:23,  1.94s/it]2026-09-20 16:25:41,504 INFO [rev_util_helpfulness|paper_align|Qwen3-0.6B] step=326 epoch=1.2690

                                                 

 42%|████▏     | 326/771 [10:59<14:23,  1.94s/it]2026-09-20 16:25:41,988 INFO [rev_util_helpfulness|paper_align|Qwen3-0.6B] step=326 epoch=1.2690

                                                 

 42%|████▏     | 326/771 [10:59<14:23,  1.94s/it]
 42%|████▏     | 327/771 [11:00<14:23,  1.95s/it]2026-09-20 16:25:42,509 INFO [rev_util_helpfulness|paper_align|Qwen3-0.6B] step=327 epoch=1.2729

                                                 

 42%|████▏     | 327/771 [11:00<14:23,  1.95s/it]2026-09-20 16:25:42,990 INFO [rev_util_helpfulness|paper_align|Qwen3-0.6B] step=327 epoch=1.2729

                                                 

 42%|████▏     | 327/771 [11:00<14:23,  1.95s/it]2026-09-20 16:25:43,472 INFO [rev_util_helpfulness|paper_align|Qwen3-0.6B] step=327 epoch=1.2729

                                                 

 42%|████▏     | 327/771 [11:01<14:23,  1.95s/it]2026-09-20 16:25:43,949 INFO [rev_util_helpfulness|paper_align|Qwen3-0.6B] step=327 epoch=1.2729

                                                 

 42%|████▏     | 327/771 [11:01<14:23,  1.95s/it]
 43%|████▎     | 328/771 [11:01<14:22,  1.95s/it]2026-09-20 16:25:44,458 INFO [rev_util_helpfulness|paper_align|Qwen3-0.6B] step=328 epoch=1.2768

                                                 

 43%|████▎     | 328/771 [11:02<14:22,  1.95s/it]2026-09-20 16:25:44,927 INFO [rev_util_helpfulness|paper_align|Qwen3-0.6B] step=328 epoch=1.2768

                                                 

 43%|████▎     | 328/771 [11:02<14:22,  1.95s/it]2026-09-20 16:25:45,407 INFO [rev_util_helpfulness|paper_align|Qwen3-0.6B] step=328 epoch=1.2768

                                                 

 43%|████▎     | 328/771 [11:03<14:22,  1.95s/it]2026-09-20 16:25:45,872 INFO [rev_util_helpfulness|paper_align|Qwen3-0.6B] step=328 epoch=1.2768

                                                 

 43%|████▎     | 328/771 [11:03<14:22,  1.95s/it]
 43%|████▎     | 329/771 [11:03<14:17,  1.94s/it]2026-09-20 16:25:46,581 INFO [rev_util_helpfulness|paper_align|Qwen3-0.6B] step=329 epoch=1.2807

                                                 

 43%|████▎     | 329/771 [11:04<14:17,  1.94s/it]2026-09-20 16:25:47,055 INFO [rev_util_helpfulness|paper_align|Qwen3-0.6B] step=329 epoch=1.2807

                                                 

 43%|████▎     | 329/771 [11:04<14:17,  1.94s/it]2026-09-20 16:25:47,534 INFO [rev_util_helpfulness|paper_align|Qwen3-0.6B] step=329 epoch=1.2807

                                                 

 43%|████▎     | 329/771 [11:05<14:17,  1.94s/it]2026-09-20 16:25:48,013 INFO [rev_util_helpfulness|paper_align|Qwen3-0.6B] step=329 epoch=1.2807

                                                 

 43%|████▎     | 329/771 [11:05<14:17,  1.94s/it]
 43%|████▎     | 330/771 [11:06<14:42,  2.00s/it]2026-09-20 16:25:48,347 INFO [rev_util_helpfulness|paper_align|Qwen3-0.6B] step=330 loss=0.4303 learning_rate=0.0001 epoch=1.2846

                                                 

 43%|████▎     | 330/771 [11:06<14:42,  2.00s/it]2026-09-20 16:25:48,530 INFO [rev_util_helpfulness|paper_align|Qwen3-0.6B] step=330 epoch=1.2846

                                                 

 43%|████▎     | 330/771 [11:06<14:42,  2.00s/it]2026-09-20 16:25:49,005 INFO [rev_util_helpfulness|paper_align|Qwen3-0.6B] step=330 epoch=1.2846

                                                 

 43%|████▎     | 330/771 [11:06<14:42,  2.00s/it]2026-09-20 16:25:49,480 INFO [rev_util_helpfulness|paper_align|Qwen3-0.6B] step=330 epoch=1.2846

                                                 

 43%|████▎     | 330/771 [11:07<14:42,  2.00s/it]2026-09-20 16:25:49,960 INFO [rev_util_helpfulness|paper_align|Qwen3-0.6B] step=330 epoch=1.2846

                                                 

 43%|████▎     | 330/771 [11:07<14:42,  2.00s/it]
 43%|████▎     | 331/771 [11:08<14:33,  1.98s/it]2026-09-20 16:25:50,474 INFO [rev_util_helpfulness|paper_align|Qwen3-0.6B] step=331 epoch=1.2885

                                                 

 43%|████▎     | 331/771 [11:08<14:33,  1.98s/it]2026-09-20 16:25:50,953 INFO [rev_util_helpfulness|paper_align|Qwen3-0.6B] step=331 epoch=1.2885

                                                 

 43%|████▎     | 331/771 [11:08<14:33,  1.98s/it]2026-09-20 16:25:51,431 INFO [rev_util_helpfulness|paper_align|Qwen3-0.6B] step=331 epoch=1.2885

                                                 

 43%|████▎     | 331/771 [11:09<14:33,  1.98s/it]2026-09-20 16:25:51,932 INFO [rev_util_helpfulness|paper_align|Qwen3-0.6B] step=331 epoch=1.2885

                                                 

 43%|████▎     | 331/771 [11:09<14:33,  1.98s/it]
 43%|████▎     | 332/771 [11:09<14:30,  1.98s/it]2026-09-20 16:25:52,455 INFO [rev_util_helpfulness|paper_align|Qwen3-0.6B] step=332 epoch=1.2924

                                                 

 43%|████▎     | 332/771 [11:10<14:30,  1.98s/it]2026-09-20 16:25:52,930 INFO [rev_util_helpfulness|paper_align|Qwen3-0.6B] step=332 epoch=1.2924

                                                 

 43%|████▎     | 332/771 [11:10<14:30,  1.98s/it]2026-09-20 16:25:53,414 INFO [rev_util_helpfulness|paper_align|Qwen3-0.6B] step=332 epoch=1.2924

                                                 

 43%|████▎     | 332/771 [11:11<14:30,  1.98s/it]2026-09-20 16:25:53,891 INFO [rev_util_helpfulness|paper_align|Qwen3-0.6B] step=332 epoch=1.2924

                                                 

 43%|████▎     | 332/771 [11:11<14:30,  1.98s/it]
 43%|████▎     | 333/771 [11:11<14:26,  1.98s/it]2026-09-20 16:25:54,414 INFO [rev_util_helpfulness|paper_align|Qwen3-0.6B] step=333 epoch=1.2963

                                                 

 43%|████▎     | 333/771 [11:12<14:26,  1.98s/it]2026-09-20 16:25:54,896 INFO [rev_util_helpfulness|paper_align|Qwen3-0.6B] step=333 epoch=1.2963

                                                 

 43%|████▎     | 333/771 [11:12<14:26,  1.98s/it]2026-09-20 16:25:55,372 INFO [rev_util_helpfulness|paper_align|Qwen3-0.6B] step=333 epoch=1.2963

                                                 

 43%|████▎     | 333/771 [11:13<14:26,  1.98s/it]2026-09-20 16:25:55,869 INFO [rev_util_helpfulness|paper_align|Qwen3-0.6B] step=333 epoch=1.2963

                                                 

 43%|████▎     | 333/771 [11:13<14:26,  1.98s/it]
 43%|████▎     | 334/771 [11:13<14:23,  1.98s/it]2026-09-20 16:25:56,386 INFO [rev_util_helpfulness|paper_align|Qwen3-0.6B] step=334 epoch=1.3002

                                                 

 43%|████▎     | 334/771 [11:14<14:23,  1.98s/it]2026-09-20 16:25:56,859 INFO [rev_util_helpfulness|paper_align|Qwen3-0.6B] step=334 epoch=1.3002

                                                 

 43%|████▎     | 334/771 [11:14<14:23,  1.98s/it]2026-09-20 16:25:57,529 INFO [rev_util_helpfulness|paper_align|Qwen3-0.6B] step=334 epoch=1.3002

                                                 

 43%|████▎     | 334/771 [11:15<14:23,  1.98s/it]2026-09-20 16:25:58,020 INFO [rev_util_helpfulness|paper_align|Qwen3-0.6B] step=334 epoch=1.3002

                                                 

 43%|████▎     | 334/771 [11:15<14:23,  1.98s/it]
 43%|████▎     | 335/771 [11:16<14:44,  2.03s/it]2026-09-20 16:25:58,538 INFO [rev_util_helpfulness|paper_align|Qwen3-0.6B] step=335 epoch=1.3041

                                                 

 43%|████▎     | 335/771 [11:16<14:44,  2.03s/it]2026-09-20 16:25:59,015 INFO [rev_util_helpfulness|paper_align|Qwen3-0.6B] step=335 epoch=1.3041

                                                 

 43%|████▎     | 335/771 [11:16<14:44,  2.03s/it]2026-09-20 16:25:59,498 INFO [rev_util_helpfulness|paper_align|Qwen3-0.6B] step=335 epoch=1.3041

                                                 

 43%|████▎     | 335/771 [11:17<14:44,  2.03s/it]2026-09-20 16:25:59,983 INFO [rev_util_helpfulness|paper_align|Qwen3-0.6B] step=335 epoch=1.3041

                                                 

 43%|████▎     | 335/771 [11:17<14:44,  2.03s/it]
 44%|████▎     | 336/771 [11:18<14:34,  2.01s/it]2026-09-20 16:26:00,499 INFO [rev_util_helpfulness|paper_align|Qwen3-0.6B] step=336 epoch=1.3080

                                                 

 44%|████▎     | 336/771 [11:18<14:34,  2.01s/it]2026-09-20 16:26:00,974 INFO [rev_util_helpfulness|paper_align|Qwen3-0.6B] step=336 epoch=1.3080

                                                 

 44%|████▎     | 336/771 [11:18<14:34,  2.01s/it]2026-09-20 16:26:01,461 INFO [rev_util_helpfulness|paper_align|Qwen3-0.6B] step=336 epoch=1.3080

                                                 

 44%|████▎     | 336/771 [11:19<14:34,  2.01s/it]2026-09-20 16:26:01,940 INFO [rev_util_helpfulness|paper_align|Qwen3-0.6B] step=336 epoch=1.3080

                                                 

 44%|████▎     | 336/771 [11:19<14:34,  2.01s/it]
 44%|████▎     | 337/771 [11:20<14:25,  1.99s/it]2026-09-20 16:26:02,463 INFO [rev_util_helpfulness|paper_align|Qwen3-0.6B] step=337 epoch=1.3119

                                                 

 44%|████▎     | 337/771 [11:20<14:25,  1.99s/it]2026-09-20 16:26:02,937 INFO [rev_util_helpfulness|paper_align|Qwen3-0.6B] step=337 epoch=1.3119

                                                 

 44%|████▎     | 337/771 [11:20<14:25,  1.99s/it]2026-09-20 16:26:03,432 INFO [rev_util_helpfulness|paper_align|Qwen3-0.6B] step=337 epoch=1.3119

                                                 

 44%|████▎     | 337/771 [11:21<14:25,  1.99s/it]2026-09-20 16:26:03,912 INFO [rev_util_helpfulness|paper_align|Qwen3-0.6B] step=337 epoch=1.3119

                                                 

 44%|████▎     | 337/771 [11:21<14:25,  1.99s/it]
 44%|████▍     | 338/771 [11:21<14:19,  1.99s/it]2026-09-20 16:26:04,432 INFO [rev_util_helpfulness|paper_align|Qwen3-0.6B] step=338 epoch=1.3158

                                                 

 44%|████▍     | 338/771 [11:22<14:19,  1.99s/it]2026-09-20 16:26:04,904 INFO [rev_util_helpfulness|paper_align|Qwen3-0.6B] step=338 epoch=1.3158

                                                 

 44%|████▍     | 338/771 [11:22<14:19,  1.99s/it]2026-09-20 16:26:05,372 INFO [rev_util_helpfulness|paper_align|Qwen3-0.6B] step=338 epoch=1.3158

                                                 

 44%|████▍     | 338/771 [11:23<14:19,  1.99s/it]2026-09-20 16:26:05,858 INFO [rev_util_helpfulness|paper_align|Qwen3-0.6B] step=338 epoch=1.3158

                                                 

 44%|████▍     | 338/771 [11:23<14:19,  1.99s/it]
 44%|████▍     | 339/771 [11:23<14:13,  1.98s/it]2026-09-20 16:26:06,379 INFO [rev_util_helpfulness|paper_align|Qwen3-0.6B] step=339 epoch=1.3197

                                                 

 44%|████▍     | 339/771 [11:24<14:13,  1.98s/it]2026-09-20 16:26:07,055 INFO [rev_util_helpfulness|paper_align|Qwen3-0.6B] step=339 epoch=1.3197

                                                 

 44%|████▍     | 339/771 [11:24<14:13,  1.98s/it]2026-09-20 16:26:07,540 INFO [rev_util_helpfulness|paper_align|Qwen3-0.6B] step=339 epoch=1.3197

                                                 

 44%|████▍     | 339/771 [11:25<14:13,  1.98s/it]2026-09-20 16:26:08,021 INFO [rev_util_helpfulness|paper_align|Qwen3-0.6B] step=339 epoch=1.3197

                                                 

 44%|████▍     | 339/771 [11:25<14:13,  1.98s/it]
 44%|████▍     | 340/771 [11:26<14:33,  2.03s/it]2026-09-20 16:26:08,351 INFO [rev_util_helpfulness|paper_align|Qwen3-0.6B] step=340 loss=0.4489 learning_rate=0.0001 epoch=1.3236

                                                 

 44%|████▍     | 340/771 [11:26<14:33,  2.03s/it]2026-09-20 16:26:08,529 INFO [rev_util_helpfulness|paper_align|Qwen3-0.6B] step=340 epoch=1.3236

                                                 

 44%|████▍     | 340/771 [11:26<14:33,  2.03s/it]2026-09-20 16:26:09,014 INFO [rev_util_helpfulness|paper_align|Qwen3-0.6B] step=340 epoch=1.3236

                                                 

 44%|████▍     | 340/771 [11:26<14:33,  2.03s/it]2026-09-20 16:26:09,509 INFO [rev_util_helpfulness|paper_align|Qwen3-0.6B] step=340 epoch=1.3236

                                                 

 44%|████▍     | 340/771 [11:27<14:33,  2.03s/it]2026-09-20 16:26:09,991 INFO [rev_util_helpfulness|paper_align|Qwen3-0.6B] step=340 epoch=1.3236

                                                 

 44%|████▍     | 340/771 [11:27<14:33,  2.03s/it]
 44%|████▍     | 341/771 [11:28<14:24,  2.01s/it]2026-09-20 16:26:10,503 INFO [rev_util_helpfulness|paper_align|Qwen3-0.6B] step=341 epoch=1.3275

                                                 

 44%|████▍     | 341/771 [11:28<14:24,  2.01s/it]2026-09-20 16:26:10,978 INFO [rev_util_helpfulness|paper_align|Qwen3-0.6B] step=341 epoch=1.3275

                                                 

 44%|████▍     | 341/771 [11:28<14:24,  2.01s/it]2026-09-20 16:26:11,463 INFO [rev_util_helpfulness|paper_align|Qwen3-0.6B] step=341 epoch=1.3275

                                                 
{'paper_align_label_loss': '0.06136', 'paper_align_reason_loss': '0.1736', 'epoch': '1.246'}
{'paper_align_label_loss': '0.03834', 'paper_align_reason_loss': '0.156', 'epoch': '1.246'}
{'paper_align_label_loss': '0.06255', 'paper_align_reason_loss': '0.1446', 'epoch': '1.246'}
{'paper_align_label_loss': '0.1907', 'paper_align_reason_loss': '0.1218', 'epoch': '1.246'}
{'paper_align_label_loss': '0.007928', 'paper_align_reason_loss': '0.1477', 'epoch': '1.25'}
{'paper_align_label_loss': '0.009355', 'paper_align_reason_loss': '0.163', 'epoch': '1.25'}
{'paper_align_label_loss': '0.02831', 'paper_align_reason_loss': '0.1884', 'epoch': '1.25'}
{'paper_align_label_loss': '0.07321', 'paper_align_reason_loss': '0.1446', 'epoch': '1.25'}
{'paper_align_label_loss': '0.1479', 'paper_align_reason_loss': '0.1898', 'epoch': '1.253'}
{'paper_align_label_loss': '0.02325', 'paper_align_reason_loss': '0.1281', 'epoch': '1.253'}
{'paper_align_label_loss': '0.06028', 'paper_align_reason_loss': '0.1243', 'epoch': '1.253'}
{'paper_align_label_loss': '0.04285', 'paper_align_reason_loss': '0.09638', 'epoch': '1.253'}
{'paper_align_label_loss': '0.09955', 'paper_align_reason_loss': '0.202', 'epoch': '1.257'}
{'paper_align_label_loss': '0.07457', 'paper_align_reason_loss': '0.1822', 'epoch': '1.257'}
{'paper_align_label_loss': '0.0182', 'paper_align_reason_loss': '0.1366', 'epoch': '1.257'}
{'paper_align_label_loss': '0.01791', 'paper_align_reason_loss': '0.1567', 'epoch': '1.257'}
{'paper_align_label_loss': '0.01669', 'paper_align_reason_loss': '0.1593', 'epoch': '1.261'}
{'paper_align_label_loss': '0.08215', 'paper_align_reason_loss': '0.1468', 'epoch': '1.261'}
{'paper_align_label_loss': '0.05204', 'paper_align_reason_loss': '0.1846', 'epoch': '1.261'}
{'paper_align_label_loss': '0.03019', 'paper_align_reason_loss': '0.1761', 'epoch': '1.261'}
{'paper_align_label_loss': '0.007168', 'paper_align_reason_loss': '0.1327', 'epoch': '1.265'}
{'paper_align_label_loss': '0.04282', 'paper_align_reason_loss': '0.134', 'epoch': '1.265'}
{'paper_align_label_loss': '0.01748', 'paper_align_reason_loss': '0.1842', 'epoch': '1.265'}
{'paper_align_label_loss': '0.03496', 'paper_align_reason_loss': '0.1381', 'epoch': '1.265'}
{'paper_align_label_loss': '0.09513', 'paper_align_reason_loss': '0.1897', 'epoch': '1.269'}
{'paper_align_label_loss': '0.01377', 'paper_align_reason_loss': '0.1062', 'epoch': '1.269'}
{'paper_align_label_loss': '0.1638', 'paper_align_reason_loss': '0.1898', 'epoch': '1.269'}
{'paper_align_label_loss': '0.02603', 'paper_align_reason_loss': '0.2005', 'epoch': '1.269'}
{'paper_align_label_loss': '0.009831', 'paper_align_reason_loss': '0.1356', 'epoch': '1.273'}
{'paper_align_label_loss': '0.03009', 'paper_align_reason_loss': '0.1626', 'epoch': '1.273'}
{'paper_align_label_loss': '0.03844', 'paper_align_reason_loss': '0.1853', 'epoch': '1.273'}
{'paper_align_label_loss': '0.1275', 'paper_align_reason_loss': '0.1777', 'epoch': '1.273'}
{'paper_align_label_loss': '0.00892', 'paper_align_reason_loss': '0.1792', 'epoch': '1.277'}
{'paper_align_label_loss': '0.09267', 'paper_align_reason_loss': '0.1259', 'epoch': '1.277'}
{'paper_align_label_loss': '0.04045', 'paper_align_reason_loss': '0.172', 'epoch': '1.277'}
{'paper_align_label_loss': '0.04953', 'paper_align_reason_loss': '0.2108', 'epoch': '1.277'}
{'paper_align_label_loss': '0.08963', 'paper_align_reason_loss': '0.2277', 'epoch': '1.281'}
{'paper_align_label_loss': '0.005707', 'paper_align_reason_loss': '0.1647', 'epoch': '1.281'}
{'paper_align_label_loss': '0.0581', 'paper_align_reason_loss': '0.1648', 'epoch': '1.281'}
{'paper_align_label_loss': '0.02333', 'paper_align_reason_loss': '0.1898', 'epoch': '1.281'}
{'loss': '0.4303', 'grad_norm': '5.902', 'learning_rate': '6.421e-05', 'epoch': '1.285'}
{'paper_align_label_loss': '0.0661', 'paper_align_reason_loss': '0.1775', 'epoch': '1.285'}
{'paper_align_label_loss': '0.1982', 'paper_align_reason_loss': '0.1561', 'epoch': '1.285'}
{'paper_align_label_loss': '0.04735', 'paper_align_reason_loss': '0.1938', 'epoch': '1.285'}
{'paper_align_label_loss': '0.005153', 'paper_align_reason_loss': '0.1556', 'epoch': '1.285'}
{'paper_align_label_loss': '0.02511', 'paper_align_reason_loss': '0.2185', 'epoch': '1.288'}
{'paper_align_label_loss': '0.06835', 'paper_align_reason_loss': '0.1246', 'epoch': '1.288'}
{'paper_align_label_loss': '0.04501', 'paper_align_reason_loss': '0.1624', 'epoch': '1.288'}
{'paper_align_label_loss': '0.04022', 'paper_align_reason_loss': '0.1554', 'epoch': '1.288'}
{'paper_align_label_loss': '0.008617', 'paper_align_reason_loss': '0.1742', 'epoch': '1.292'}
{'paper_align_label_loss': '0.03722', 'paper_align_reason_loss': '0.1596', 'epoch': '1.292'}
{'paper_align_label_loss': '0.01038', 'paper_align_reason_loss': '0.2396', 'epoch': '1.292'}
{'paper_align_label_loss': '0.02757', 'paper_align_reason_loss': '0.1966', 'epoch': '1.292'}
{'paper_align_label_loss': '0.1058', 'paper_align_reason_loss': '0.1682', 'epoch': '1.296'}
{'paper_align_label_loss': '0.01052', 'paper_align_reason_loss': '0.1681', 'epoch': '1.296'}
{'paper_align_label_loss': '0.008664', 'paper_align_reason_loss': '0.1739', 'epoch': '1.296'}
{'paper_align_label_loss': '0.01448', 'paper_align_reason_loss': '0.2213', 'epoch': '1.296'}
{'paper_align_label_loss': '0.03143', 'paper_align_reason_loss': '0.1734', 'epoch': '1.3'}
{'paper_align_label_loss': '0.02498', 'paper_align_reason_loss': '0.1304', 'epoch': '1.3'}
{'paper_align_label_loss': '0.09799', 'paper_align_reason_loss': '0.2345', 'epoch': '1.3'}
{'paper_align_label_loss': '0.04457', 'paper_align_reason_loss': '0.1845', 'epoch': '1.3'}
{'paper_align_label_loss': '0.06806', 'paper_align_reason_loss': '0.1225', 'epoch': '1.304'}
{'paper_align_label_loss': '0.01357', 'paper_align_reason_loss': '0.13', 'epoch': '1.304'}
{'paper_align_label_loss': '0.2023', 'paper_align_reason_loss': '0.1626', 'epoch': '1.304'}
{'paper_align_label_loss': '0.0354', 'paper_align_reason_loss': '0.1728', 'epoch': '1.304'}
{'paper_align_label_loss': '0.01797', 'paper_align_reason_loss': '0.1698', 'epoch': '1.308'}
{'paper_align_label_loss': '0.04665', 'paper_align_reason_loss': '0.1505', 'epoch': '1.308'}
{'paper_align_label_loss': '0.109', 'paper_align_reason_loss': '0.1418', 'epoch': '1.308'}
{'paper_align_label_loss': '0.0162', 'paper_align_reason_loss': '0.2239', 'epoch': '1.308'}
{'paper_align_label_loss': '0.1115', 'paper_align_reason_loss': '0.1487', 'epoch': '1.312'}
{'paper_align_label_loss': '0.007793', 'paper_align_reason_loss': '0.1285', 'epoch': '1.312'}
{'paper_align_label_loss': '0.1073', 'paper_align_reason_loss': '0.1901', 'epoch': '1.312'}
{'paper_align_label_loss': '0.1379', 'paper_align_reason_loss': '0.188', 'epoch': '1.312'}
{'paper_align_label_loss': '0.06707', 'paper_align_reason_loss': '0.1296', 'epoch': '1.316'}
{'paper_align_label_loss': '0.03531', 'paper_align_reason_loss': '0.2322', 'epoch': '1.316'}
{'paper_align_label_loss': '0.01129', 'paper_align_reason_loss': '0.1275', 'epoch': '1.316'}
{'paper_align_label_loss': '0.007451', 'paper_align_reason_loss': '0.2006', 'epoch': '1.316'}
{'paper_align_label_loss': '0.1203', 'paper_align_reason_loss': '0.1733', 'epoch': '1.32'}
{'paper_align_label_loss': '0.03442', 'paper_align_reason_loss': '0.1562', 'epoch': '1.32'}
{'paper_align_label_loss': '0.01759', 'paper_align_reason_loss': '0.1722', 'epoch': '1.32'}
{'paper_align_label_loss': '0.0224', 'paper_align_reason_loss': '0.183', 'epoch': '1.32'}
{'loss': '0.4489', 'grad_norm': '5.201', 'learning_rate': '6.218e-05', 'epoch': '1.324'}
{'paper_align_label_loss': '0.05369', 'paper_align_reason_loss': '0.1436', 'epoch': '1.324'}
{'paper_align_label_loss': '0.06594', 'paper_align_reason_loss': '0.1814', 'epoch': '1.324'}
{'paper_align_label_loss': '0.2815', 'paper_align_reason_loss': '0.1505', 'epoch': '1.324'}
{'paper_align_label_loss': '0.06142', 'paper_align_reason_loss': '0.1364', 'epoch': '1.324'}
{'paper_align_label_loss': '0.008608', 'paper_align_reason_loss': '0.1555', 'epoch': '1.327'}
{'paper_align_label_loss': '0.0854', 'paper_align_reason_loss': '0.2122', 'epoch': '1.327'}

 44%|████▍     | 341/771 [11:29<14:24,  2.01s/it]2026-09-20 16:26:11,950 INFO [rev_util_helpfulness|paper_align|Qwen3-0.6B] step=341 epoch=1.3275

                                                 

 44%|████▍     | 341/771 [11:29<14:24,  2.01s/it]
 44%|████▍     | 342/771 [11:30<14:17,  2.00s/it]2026-09-20 16:26:12,475 INFO [rev_util_helpfulness|paper_align|Qwen3-0.6B] step=342 epoch=1.3314

                                                 

 44%|████▍     | 342/771 [11:30<14:17,  2.00s/it]2026-09-20 16:26:12,940 INFO [rev_util_helpfulness|paper_align|Qwen3-0.6B] step=342 epoch=1.3314

                                                 

 44%|████▍     | 342/771 [11:30<14:17,  2.00s/it]2026-09-20 16:26:13,414 INFO [rev_util_helpfulness|paper_align|Qwen3-0.6B] step=342 epoch=1.3314

                                                 

 44%|████▍     | 342/771 [11:31<14:17,  2.00s/it]2026-09-20 16:26:13,896 INFO [rev_util_helpfulness|paper_align|Qwen3-0.6B] step=342 epoch=1.3314

                                                 

 44%|████▍     | 342/771 [11:31<14:17,  2.00s/it]
 44%|████▍     | 343/771 [11:31<14:09,  1.98s/it]2026-09-20 16:26:14,418 INFO [rev_util_helpfulness|paper_align|Qwen3-0.6B] step=343 epoch=1.3353

                                                 

 44%|████▍     | 343/771 [11:32<14:09,  1.98s/it]2026-09-20 16:26:14,913 INFO [rev_util_helpfulness|paper_align|Qwen3-0.6B] step=343 epoch=1.3353

                                                 

 44%|████▍     | 343/771 [11:32<14:09,  1.98s/it]2026-09-20 16:26:15,394 INFO [rev_util_helpfulness|paper_align|Qwen3-0.6B] step=343 epoch=1.3353

                                                 

 44%|████▍     | 343/771 [11:33<14:09,  1.98s/it]2026-09-20 16:26:15,869 INFO [rev_util_helpfulness|paper_align|Qwen3-0.6B] step=343 epoch=1.3353

                                                 

 44%|████▍     | 343/771 [11:33<14:09,  1.98s/it]
 45%|████▍     | 344/771 [11:33<14:04,  1.98s/it]2026-09-20 16:26:16,394 INFO [rev_util_helpfulness|paper_align|Qwen3-0.6B] step=344 epoch=1.3392

                                                 

 45%|████▍     | 344/771 [11:34<14:04,  1.98s/it]2026-09-20 16:26:17,104 INFO [rev_util_helpfulness|paper_align|Qwen3-0.6B] step=344 epoch=1.3392

                                                 

 45%|████▍     | 344/771 [11:34<14:04,  1.98s/it]2026-09-20 16:26:17,583 INFO [rev_util_helpfulness|paper_align|Qwen3-0.6B] step=344 epoch=1.3392

                                                 

 45%|████▍     | 344/771 [11:35<14:04,  1.98s/it]2026-09-20 16:26:18,066 INFO [rev_util_helpfulness|paper_align|Qwen3-0.6B] step=344 epoch=1.3392

                                                 

 45%|████▍     | 344/771 [11:35<14:04,  1.98s/it]
 45%|████▍     | 345/771 [11:36<14:30,  2.04s/it]2026-09-20 16:26:18,584 INFO [rev_util_helpfulness|paper_align|Qwen3-0.6B] step=345 epoch=1.3431

                                                 

 45%|████▍     | 345/771 [11:36<14:30,  2.04s/it]2026-09-20 16:26:19,055 INFO [rev_util_helpfulness|paper_align|Qwen3-0.6B] step=345 epoch=1.3431

                                                 

 45%|████▍     | 345/771 [11:36<14:30,  2.04s/it]2026-09-20 16:26:19,529 INFO [rev_util_helpfulness|paper_align|Qwen3-0.6B] step=345 epoch=1.3431

                                                 

 45%|████▍     | 345/771 [11:37<14:30,  2.04s/it]2026-09-20 16:26:20,014 INFO [rev_util_helpfulness|paper_align|Qwen3-0.6B] step=345 epoch=1.3431

                                                 

 45%|████▍     | 345/771 [11:37<14:30,  2.04s/it]
 45%|████▍     | 346/771 [11:38<14:17,  2.02s/it]2026-09-20 16:26:20,547 INFO [rev_util_helpfulness|paper_align|Qwen3-0.6B] step=346 epoch=1.3470

                                                 

 45%|████▍     | 346/771 [11:38<14:17,  2.02s/it]2026-09-20 16:26:21,013 INFO [rev_util_helpfulness|paper_align|Qwen3-0.6B] step=346 epoch=1.3470

                                                 

 45%|████▍     | 346/771 [11:38<14:17,  2.02s/it]2026-09-20 16:26:21,488 INFO [rev_util_helpfulness|paper_align|Qwen3-0.6B] step=346 epoch=1.3470

                                                 

 45%|████▍     | 346/771 [11:39<14:17,  2.02s/it]2026-09-20 16:26:21,949 INFO [rev_util_helpfulness|paper_align|Qwen3-0.6B] step=346 epoch=1.3470

                                                 

 45%|████▍     | 346/771 [11:39<14:17,  2.02s/it]
 45%|████▌     | 347/771 [11:40<14:04,  1.99s/it]2026-09-20 16:26:22,470 INFO [rev_util_helpfulness|paper_align|Qwen3-0.6B] step=347 epoch=1.3509

                                                 

 45%|████▌     | 347/771 [11:40<14:04,  1.99s/it]2026-09-20 16:26:22,949 INFO [rev_util_helpfulness|paper_align|Qwen3-0.6B] step=347 epoch=1.3509

                                                 

 45%|████▌     | 347/771 [11:40<14:04,  1.99s/it]2026-09-20 16:26:23,431 INFO [rev_util_helpfulness|paper_align|Qwen3-0.6B] step=347 epoch=1.3509

                                                 

 45%|████▌     | 347/771 [11:41<14:04,  1.99s/it]2026-09-20 16:26:23,911 INFO [rev_util_helpfulness|paper_align|Qwen3-0.6B] step=347 epoch=1.3509

                                                 

 45%|████▌     | 347/771 [11:41<14:04,  1.99s/it]
 45%|████▌     | 348/771 [11:41<13:57,  1.98s/it]2026-09-20 16:26:24,421 INFO [rev_util_helpfulness|paper_align|Qwen3-0.6B] step=348 epoch=1.3548

                                                 

 45%|████▌     | 348/771 [11:42<13:57,  1.98s/it]2026-09-20 16:26:24,900 INFO [rev_util_helpfulness|paper_align|Qwen3-0.6B] step=348 epoch=1.3548

                                                 

 45%|████▌     | 348/771 [11:42<13:57,  1.98s/it]2026-09-20 16:26:25,379 INFO [rev_util_helpfulness|paper_align|Qwen3-0.6B] step=348 epoch=1.3548

                                                 

 45%|████▌     | 348/771 [11:43<13:57,  1.98s/it]2026-09-20 16:26:25,855 INFO [rev_util_helpfulness|paper_align|Qwen3-0.6B] step=348 epoch=1.3548

                                                 

 45%|████▌     | 348/771 [11:43<13:57,  1.98s/it]
 45%|████▌     | 349/771 [11:43<13:51,  1.97s/it]2026-09-20 16:26:26,371 INFO [rev_util_helpfulness|paper_align|Qwen3-0.6B] step=349 epoch=1.3587

                                                 

 45%|████▌     | 349/771 [11:44<13:51,  1.97s/it]2026-09-20 16:26:26,847 INFO [rev_util_helpfulness|paper_align|Qwen3-0.6B] step=349 epoch=1.3587

                                                 

 45%|████▌     | 349/771 [11:44<13:51,  1.97s/it]2026-09-20 16:26:27,511 INFO [rev_util_helpfulness|paper_align|Qwen3-0.6B] step=349 epoch=1.3587

                                                 

 45%|████▌     | 349/771 [11:45<13:51,  1.97s/it]2026-09-20 16:26:27,985 INFO [rev_util_helpfulness|paper_align|Qwen3-0.6B] step=349 epoch=1.3587

                                                 

 45%|████▌     | 349/771 [11:45<13:51,  1.97s/it]
 45%|████▌     | 350/771 [11:46<14:09,  2.02s/it]2026-09-20 16:26:28,319 INFO [rev_util_helpfulness|paper_align|Qwen3-0.6B] step=350 loss=0.4717 learning_rate=0.0001 epoch=1.3626

                                                 

 45%|████▌     | 350/771 [11:46<14:09,  2.02s/it]2026-09-20 16:26:28,497 INFO [rev_util_helpfulness|paper_align|Qwen3-0.6B] step=350 epoch=1.3626

                                                 

 45%|████▌     | 350/771 [11:46<14:09,  2.02s/it]2026-09-20 16:26:28,970 INFO [rev_util_helpfulness|paper_align|Qwen3-0.6B] step=350 epoch=1.3626

                                                 

 45%|████▌     | 350/771 [11:46<14:09,  2.02s/it]2026-09-20 16:26:29,448 INFO [rev_util_helpfulness|paper_align|Qwen3-0.6B] step=350 epoch=1.3626

                                                 

 45%|████▌     | 350/771 [11:47<14:09,  2.02s/it]2026-09-20 16:26:29,920 INFO [rev_util_helpfulness|paper_align|Qwen3-0.6B] step=350 epoch=1.3626

                                                 

 45%|████▌     | 350/771 [11:47<14:09,  2.02s/it]
 46%|████▌     | 351/771 [11:47<13:58,  2.00s/it]2026-09-20 16:26:30,435 INFO [rev_util_helpfulness|paper_align|Qwen3-0.6B] step=351 epoch=1.3665

                                                 

 46%|████▌     | 351/771 [11:48<13:58,  2.00s/it]2026-09-20 16:26:30,910 INFO [rev_util_helpfulness|paper_align|Qwen3-0.6B] step=351 epoch=1.3665

                                                 

 46%|████▌     | 351/771 [11:48<13:58,  2.00s/it]2026-09-20 16:26:31,376 INFO [rev_util_helpfulness|paper_align|Qwen3-0.6B] step=351 epoch=1.3665

                                                 

 46%|████▌     | 351/771 [11:49<13:58,  2.00s/it]2026-09-20 16:26:31,845 INFO [rev_util_helpfulness|paper_align|Qwen3-0.6B] step=351 epoch=1.3665

                                                 

 46%|████▌     | 351/771 [11:49<13:58,  2.00s/it]
 46%|████▌     | 352/771 [11:49<13:45,  1.97s/it]2026-09-20 16:26:32,348 INFO [rev_util_helpfulness|paper_align|Qwen3-0.6B] step=352 epoch=1.3704

                                                 

 46%|████▌     | 352/771 [11:50<13:45,  1.97s/it]2026-09-20 16:26:32,823 INFO [rev_util_helpfulness|paper_align|Qwen3-0.6B] step=352 epoch=1.3704

                                                 

 46%|████▌     | 352/771 [11:50<13:45,  1.97s/it]2026-09-20 16:26:33,306 INFO [rev_util_helpfulness|paper_align|Qwen3-0.6B] step=352 epoch=1.3704

                                                 

 46%|████▌     | 352/771 [11:51<13:45,  1.97s/it]2026-09-20 16:26:33,784 INFO [rev_util_helpfulness|paper_align|Qwen3-0.6B] step=352 epoch=1.3704

                                                 

 46%|████▌     | 352/771 [11:51<13:45,  1.97s/it]
 46%|████▌     | 353/771 [11:51<13:39,  1.96s/it]2026-09-20 16:26:34,282 INFO [rev_util_helpfulness|paper_align|Qwen3-0.6B] step=353 epoch=1.3743

                                                 

 46%|████▌     | 353/771 [11:51<13:39,  1.96s/it]2026-09-20 16:26:34,747 INFO [rev_util_helpfulness|paper_align|Qwen3-0.6B] step=353 epoch=1.3743

                                                 

 46%|████▌     | 353/771 [11:52<13:39,  1.96s/it]2026-09-20 16:26:35,221 INFO [rev_util_helpfulness|paper_align|Qwen3-0.6B] step=353 epoch=1.3743

                                                 

 46%|████▌     | 353/771 [11:52<13:39,  1.96s/it]2026-09-20 16:26:35,703 INFO [rev_util_helpfulness|paper_align|Qwen3-0.6B] step=353 epoch=1.3743

                                                 

 46%|████▌     | 353/771 [11:53<13:39,  1.96s/it]
 46%|████▌     | 354/771 [11:53<13:32,  1.95s/it]2026-09-20 16:26:36,208 INFO [rev_util_helpfulness|paper_align|Qwen3-0.6B] step=354 epoch=1.3782

                                                 

 46%|████▌     | 354/771 [11:53<13:32,  1.95s/it]2026-09-20 16:26:36,674 INFO [rev_util_helpfulness|paper_align|Qwen3-0.6B] step=354 epoch=1.3782

                                                 

 46%|████▌     | 354/771 [11:54<13:32,  1.95s/it]2026-09-20 16:26:37,134 INFO [rev_util_helpfulness|paper_align|Qwen3-0.6B] step=354 epoch=1.3782

                                                 

 46%|████▌     | 354/771 [11:54<13:32,  1.95s/it]2026-09-20 16:26:37,819 INFO [rev_util_helpfulness|paper_align|Qwen3-0.6B] step=354 epoch=1.3782

                                                 

 46%|████▌     | 354/771 [11:55<13:32,  1.95s/it]
 46%|████▌     | 355/771 [11:55<13:52,  2.00s/it]2026-09-20 16:26:38,331 INFO [rev_util_helpfulness|paper_align|Qwen3-0.6B] step=355 epoch=1.3821

                                                 

 46%|████▌     | 355/771 [11:56<13:52,  2.00s/it]2026-09-20 16:26:38,823 INFO [rev_util_helpfulness|paper_align|Qwen3-0.6B] step=355 epoch=1.3821

                                                 

 46%|████▌     | 355/771 [11:56<13:52,  2.00s/it]2026-09-20 16:26:39,296 INFO [rev_util_helpfulness|paper_align|Qwen3-0.6B] step=355 epoch=1.3821

                                                 

 46%|████▌     | 355/771 [11:57<13:52,  2.00s/it]2026-09-20 16:26:39,783 INFO [rev_util_helpfulness|paper_align|Qwen3-0.6B] step=355 epoch=1.3821

                                                 

 46%|████▌     | 355/771 [11:57<13:52,  2.00s/it]
 46%|████▌     | 356/771 [11:57<13:45,  1.99s/it]2026-09-20 16:26:40,298 INFO [rev_util_helpfulness|paper_align|Qwen3-0.6B] step=356 epoch=1.3860

                                                 

 46%|████▌     | 356/771 [11:58<13:45,  1.99s/it]2026-09-20 16:26:40,777 INFO [rev_util_helpfulness|paper_align|Qwen3-0.6B] step=356 epoch=1.3860

                                                 

 46%|████▌     | 356/771 [11:58<13:45,  1.99s/it]2026-09-20 16:26:41,260 INFO [rev_util_helpfulness|paper_align|Qwen3-0.6B] step=356 epoch=1.3860

                                                 

 46%|████▌     | 356/771 [11:58<13:45,  1.99s/it]2026-09-20 16:26:41,741 INFO [rev_util_helpfulness|paper_align|Qwen3-0.6B] step=356 epoch=1.3860

                                                 

 46%|████▌     | 356/771 [11:59<13:45,  1.99s/it]
 46%|████▋     | 357/771 [11:59<13:39,  1.98s/it]2026-09-20 16:26:42,255 INFO [rev_util_helpfulness|paper_align|Qwen3-0.6B] step=357 epoch=1.3899

                                                 

 46%|████▋     | 357/771 [11:59<13:39,  1.98s/it]2026-09-20 16:26:42,736 INFO [rev_util_helpfulness|paper_align|Qwen3-0.6B] step=357 epoch=1.3899

                                                 

 46%|████▋     | 357/771 [12:00<13:39,  1.98s/it]2026-09-20 16:26:43,210 INFO [rev_util_helpfulness|paper_align|Qwen3-0.6B] step=357 epoch=1.3899

                                                 

 46%|████▋     | 357/771 [12:00<13:39,  1.98s/it]2026-09-20 16:26:43,690 INFO [rev_util_helpfulness|paper_align|Qwen3-0.6B] step=357 epoch=1.3899

                                                 

 46%|████▋     | 357/771 [12:01<13:39,  1.98s/it]
 46%|████▋     | 358/771 [12:01<13:34,  1.97s/it]2026-09-20 16:26:44,206 INFO [rev_util_helpfulness|paper_align|Qwen3-0.6B] step=358 epoch=1.3938

                                                 

 46%|████▋     | 358/771 [12:01<13:34,  1.97s/it]2026-09-20 16:26:44,675 INFO [rev_util_helpfulness|paper_align|Qwen3-0.6B] step=358 epoch=1.3938

                                                 

 46%|████▋     | 358/771 [12:02<13:34,  1.97s/it]2026-09-20 16:26:45,151 INFO [rev_util_helpfulness|paper_align|Qwen3-0.6B] step=358 epoch=1.3938

                                                 

 46%|████▋     | 358/771 [12:02<13:34,  1.97s/it]2026-09-20 16:26:45,630 INFO [rev_util_helpfulness|paper_align|Qwen3-0.6B] step=358 epoch=1.3938

                                                 

 46%|████▋     | 358/771 [12:03<13:34,  1.97s/it]
 47%|████▋     | 359/771 [12:03<13:28,  1.96s/it]2026-09-20 16:26:46,140 INFO [rev_util_helpfulness|paper_align|Qwen3-0.6B] step=359 epoch=1.3977

                                                 

 47%|████▋     | 359/771 [12:03<13:28,  1.96s/it]2026-09-20 16:26:46,618 INFO [rev_util_helpfulness|paper_align|Qwen3-0.6B] step=359 epoch=1.3977

                                                 

 47%|████▋     | 359/771 [12:04<13:28,  1.96s/it]2026-09-20 16:26:47,098 INFO [rev_util_helpfulness|paper_align|Qwen3-0.6B] step=359 epoch=1.3977

                                                 

 47%|████▋     | 359/771 [12:04<13:28,  1.96s/it]2026-09-20 16:26:47,769 INFO [rev_util_helpfulness|paper_align|Qwen3-0.6B] step=359 epoch=1.3977

                                                 

 47%|████▋     | 359/771 [12:05<13:28,  1.96s/it]
 47%|████▋     | 360/771 [12:05<13:48,  2.01s/it]2026-09-20 16:26:48,104 INFO [rev_util_helpfulness|paper_align|Qwen3-0.6B] step=360 loss=0.5042 learning_rate=0.0001 epoch=1.4016

                                                 

 47%|████▋     | 360/771 [12:05<13:48,  2.01s/it]2026-09-20 16:26:48,284 INFO [rev_util_helpfulness|paper_align|Qwen3-0.6B] step=360 epoch=1.4016

                                                 

 47%|████▋     | 360/771 [12:06<13:48,  2.01s/it]2026-09-20 16:26:48,758 INFO [rev_util_helpfulness|paper_align|Qwen3-0.6B] step=360 epoch=1.4016

                                                 

 47%|████▋     | 360/771 [12:06<13:48,  2.01s/it]2026-09-20 16:26:49,236 INFO [rev_util_helpfulness|paper_align|Qwen3-0.6B] step=360 epoch=1.4016

                                                 

 47%|████▋     | 360/771 [12:06<13:48,  2.01s/it]2026-09-20 16:26:49,712 INFO [rev_util_helpfulness|paper_align|Qwen3-0.6B] step=360 epoch=1.4016

                                                 

 47%|████▋     | 360/771 [12:07<13:48,  2.01s/it]
 47%|████▋     | 361/771 [12:07<13:37,  1.99s/it]2026-09-20 16:26:50,230 INFO [rev_util_helpfulness|paper_align|Qwen3-0.6B] step=361 epoch=1.4055

                                                 

 47%|████▋     | 361/771 [12:07<13:37,  1.99s/it]2026-09-20 16:26:50,702 INFO [rev_util_helpfulness|paper_align|Qwen3-0.6B] step=361 epoch=1.4055

                                                 

 47%|████▋     | 361/771 [12:08<13:37,  1.99s/it]2026-09-20 16:26:51,178 INFO [rev_util_helpfulness|paper_align|Qwen3-0.6B] step=361 epoch=1.4055

                                                 

 47%|████▋     | 361/771 [12:08<13:37,  1.99s/it]2026-09-20 16:26:51,659 INFO [rev_util_helpfulness|paper_align|Qwen3-0.6B] step=361 epoch=1.4055

                                                 

 47%|████▋     | 361/771 [12:09<13:37,  1.99s/it]
 47%|████▋     | 362/771 [12:09<13:29,  1.98s/it]2026-09-20 16:26:52,168 INFO [rev_util_helpfulness|paper_align|Qwen3-0.6B] step=362 epoch=1.4094

                                                 

 47%|████▋     | 362/771 [12:09<13:29,  1.98s/it]2026-09-20 16:26:52,644 INFO [rev_util_helpfulness|paper_align|Qwen3-0.6B] step=362 epoch=1.4094

                                                 

 47%|████▋     | 362/771 [12:10<13:29,  1.98s/it]2026-09-20 16:26:53,118 INFO [rev_util_helpfulness|paper_align|Qwen3-0.6B] step=362 epoch=1.4094

                                                 

 47%|████▋     | 362/771 [12:10<13:29,  1.98s/it]2026-09-20 16:26:53,592 INFO [rev_util_helpfulness|paper_align|Qwen3-0.6B] step=362 epoch=1.4094

                                                 

 47%|████▋     | 362/771 [12:11<13:29,  1.98s/it]
 47%|████▋     | 363/771 [12:11<13:22,  1.97s/it]2026-09-20 16:26:54,107 INFO [rev_util_helpfulness|paper_align|Qwen3-0.6B] step=363 epoch=1.4133

                                                 
{'paper_align_label_loss': '0.04145', 'paper_align_reason_loss': '0.1429', 'epoch': '1.327'}
{'paper_align_label_loss': '0.1188', 'paper_align_reason_loss': '0.1662', 'epoch': '1.327'}
{'paper_align_label_loss': '0.00554', 'paper_align_reason_loss': '0.1177', 'epoch': '1.331'}
{'paper_align_label_loss': '0.04213', 'paper_align_reason_loss': '0.1075', 'epoch': '1.331'}
{'paper_align_label_loss': '0.006712', 'paper_align_reason_loss': '0.1891', 'epoch': '1.331'}
{'paper_align_label_loss': '0.03984', 'paper_align_reason_loss': '0.1954', 'epoch': '1.331'}
{'paper_align_label_loss': '0.002876', 'paper_align_reason_loss': '0.2129', 'epoch': '1.335'}
{'paper_align_label_loss': '0.005211', 'paper_align_reason_loss': '0.117', 'epoch': '1.335'}
{'paper_align_label_loss': '0.03319', 'paper_align_reason_loss': '0.2046', 'epoch': '1.335'}
{'paper_align_label_loss': '0.09737', 'paper_align_reason_loss': '0.192', 'epoch': '1.335'}
{'paper_align_label_loss': '0.004052', 'paper_align_reason_loss': '0.14', 'epoch': '1.339'}
{'paper_align_label_loss': '0.02162', 'paper_align_reason_loss': '0.2062', 'epoch': '1.339'}
{'paper_align_label_loss': '0.3255', 'paper_align_reason_loss': '0.1444', 'epoch': '1.339'}
{'paper_align_label_loss': '0.02702', 'paper_align_reason_loss': '0.1806', 'epoch': '1.339'}
{'paper_align_label_loss': '0.01789', 'paper_align_reason_loss': '0.1603', 'epoch': '1.343'}
{'paper_align_label_loss': '0.004448', 'paper_align_reason_loss': '0.1268', 'epoch': '1.343'}
{'paper_align_label_loss': '0.02398', 'paper_align_reason_loss': '0.1539', 'epoch': '1.343'}
{'paper_align_label_loss': '0.008631', 'paper_align_reason_loss': '0.2009', 'epoch': '1.343'}
{'paper_align_label_loss': '0.03368', 'paper_align_reason_loss': '0.1619', 'epoch': '1.347'}
{'paper_align_label_loss': '0.0108', 'paper_align_reason_loss': '0.2591', 'epoch': '1.347'}
{'paper_align_label_loss': '0.007914', 'paper_align_reason_loss': '0.1228', 'epoch': '1.347'}
{'paper_align_label_loss': '0.2299', 'paper_align_reason_loss': '0.1877', 'epoch': '1.347'}
{'paper_align_label_loss': '0.13', 'paper_align_reason_loss': '0.2064', 'epoch': '1.351'}
{'paper_align_label_loss': '0.03789', 'paper_align_reason_loss': '0.187', 'epoch': '1.351'}
{'paper_align_label_loss': '0.06103', 'paper_align_reason_loss': '0.1667', 'epoch': '1.351'}
{'paper_align_label_loss': '0.02267', 'paper_align_reason_loss': '0.2121', 'epoch': '1.351'}
{'paper_align_label_loss': '0.1496', 'paper_align_reason_loss': '0.2679', 'epoch': '1.355'}
{'paper_align_label_loss': '0.007617', 'paper_align_reason_loss': '0.1934', 'epoch': '1.355'}
{'paper_align_label_loss': '0.09793', 'paper_align_reason_loss': '0.2195', 'epoch': '1.355'}
{'paper_align_label_loss': '0.006508', 'paper_align_reason_loss': '0.2145', 'epoch': '1.355'}
{'paper_align_label_loss': '0.03543', 'paper_align_reason_loss': '0.1883', 'epoch': '1.359'}
{'paper_align_label_loss': '0.006049', 'paper_align_reason_loss': '0.1564', 'epoch': '1.359'}
{'paper_align_label_loss': '0.09974', 'paper_align_reason_loss': '0.1908', 'epoch': '1.359'}
{'paper_align_label_loss': '0.09873', 'paper_align_reason_loss': '0.1427', 'epoch': '1.359'}
{'loss': '0.4717', 'grad_norm': '5.089', 'learning_rate': '6.013e-05', 'epoch': '1.363'}
{'paper_align_label_loss': '0.2715', 'paper_align_reason_loss': '0.1907', 'epoch': '1.363'}
{'paper_align_label_loss': '0.3027', 'paper_align_reason_loss': '0.1885', 'epoch': '1.363'}
{'paper_align_label_loss': '0.0642', 'paper_align_reason_loss': '0.175', 'epoch': '1.363'}
{'paper_align_label_loss': '0.01721', 'paper_align_reason_loss': '0.2511', 'epoch': '1.363'}
{'paper_align_label_loss': '0.1392', 'paper_align_reason_loss': '0.1377', 'epoch': '1.366'}
{'paper_align_label_loss': '0.226', 'paper_align_reason_loss': '0.1912', 'epoch': '1.366'}
{'paper_align_label_loss': '0.1429', 'paper_align_reason_loss': '0.2396', 'epoch': '1.366'}
{'paper_align_label_loss': '0.0326', 'paper_align_reason_loss': '0.15', 'epoch': '1.366'}
{'paper_align_label_loss': '0.1082', 'paper_align_reason_loss': '0.1445', 'epoch': '1.37'}
{'paper_align_label_loss': '0.006536', 'paper_align_reason_loss': '0.1446', 'epoch': '1.37'}
{'paper_align_label_loss': '0.1994', 'paper_align_reason_loss': '0.2282', 'epoch': '1.37'}
{'paper_align_label_loss': '0.04647', 'paper_align_reason_loss': '0.2489', 'epoch': '1.37'}
{'paper_align_label_loss': '0.01252', 'paper_align_reason_loss': '0.1715', 'epoch': '1.374'}
{'paper_align_label_loss': '0.0838', 'paper_align_reason_loss': '0.142', 'epoch': '1.374'}
{'paper_align_label_loss': '0.04543', 'paper_align_reason_loss': '0.1492', 'epoch': '1.374'}
{'paper_align_label_loss': '0.01232', 'paper_align_reason_loss': '0.2265', 'epoch': '1.374'}
{'paper_align_label_loss': '0.02198', 'paper_align_reason_loss': '0.1203', 'epoch': '1.378'}
{'paper_align_label_loss': '0.1413', 'paper_align_reason_loss': '0.1796', 'epoch': '1.378'}
{'paper_align_label_loss': '0.01975', 'paper_align_reason_loss': '0.1756', 'epoch': '1.378'}
{'paper_align_label_loss': '0.196', 'paper_align_reason_loss': '0.182', 'epoch': '1.378'}
{'paper_align_label_loss': '0.06738', 'paper_align_reason_loss': '0.1881', 'epoch': '1.382'}
{'paper_align_label_loss': '0.0178', 'paper_align_reason_loss': '0.1629', 'epoch': '1.382'}
{'paper_align_label_loss': '0.1566', 'paper_align_reason_loss': '0.2158', 'epoch': '1.382'}
{'paper_align_label_loss': '0.1553', 'paper_align_reason_loss': '0.1613', 'epoch': '1.382'}
{'paper_align_label_loss': '0.01109', 'paper_align_reason_loss': '0.1547', 'epoch': '1.386'}
{'paper_align_label_loss': '0.1082', 'paper_align_reason_loss': '0.1059', 'epoch': '1.386'}
{'paper_align_label_loss': '0.01207', 'paper_align_reason_loss': '0.1402', 'epoch': '1.386'}
{'paper_align_label_loss': '0.04258', 'paper_align_reason_loss': '0.1514', 'epoch': '1.386'}
{'paper_align_label_loss': '0.04083', 'paper_align_reason_loss': '0.1713', 'epoch': '1.39'}
{'paper_align_label_loss': '0.03105', 'paper_align_reason_loss': '0.1562', 'epoch': '1.39'}
{'paper_align_label_loss': '0.01154', 'paper_align_reason_loss': '0.1703', 'epoch': '1.39'}
{'paper_align_label_loss': '0.05719', 'paper_align_reason_loss': '0.1444', 'epoch': '1.39'}
{'paper_align_label_loss': '0.05207', 'paper_align_reason_loss': '0.122', 'epoch': '1.394'}
{'paper_align_label_loss': '0.01835', 'paper_align_reason_loss': '0.1577', 'epoch': '1.394'}
{'paper_align_label_loss': '0.02994', 'paper_align_reason_loss': '0.1507', 'epoch': '1.394'}
{'paper_align_label_loss': '0.009837', 'paper_align_reason_loss': '0.09665', 'epoch': '1.394'}
{'paper_align_label_loss': '0.09979', 'paper_align_reason_loss': '0.1709', 'epoch': '1.398'}
{'paper_align_label_loss': '0.1751', 'paper_align_reason_loss': '0.1915', 'epoch': '1.398'}
{'paper_align_label_loss': '0.02971', 'paper_align_reason_loss': '0.207', 'epoch': '1.398'}
{'paper_align_label_loss': '0.0249', 'paper_align_reason_loss': '0.1881', 'epoch': '1.398'}
{'loss': '0.5042', 'grad_norm': '5.128', 'learning_rate': '5.806e-05', 'epoch': '1.402'}
{'paper_align_label_loss': '0.03887', 'paper_align_reason_loss': '0.1664', 'epoch': '1.402'}
{'paper_align_label_loss': '0.03727', 'paper_align_reason_loss': '0.1931', 'epoch': '1.402'}
{'paper_align_label_loss': '0.06243', 'paper_align_reason_loss': '0.161', 'epoch': '1.402'}
{'paper_align_label_loss': '0.06697', 'paper_align_reason_loss': '0.1287', 'epoch': '1.402'}
{'paper_align_label_loss': '0.1461', 'paper_align_reason_loss': '0.1838', 'epoch': '1.405'}
{'paper_align_label_loss': '0.1058', 'paper_align_reason_loss': '0.1572', 'epoch': '1.405'}
{'paper_align_label_loss': '0.02066', 'paper_align_reason_loss': '0.1126', 'epoch': '1.405'}
{'paper_align_label_loss': '0.02223', 'paper_align_reason_loss': '0.1371', 'epoch': '1.405'}
{'paper_align_label_loss': '0.02044', 'paper_align_reason_loss': '0.1834', 'epoch': '1.409'}
{'paper_align_label_loss': '0.0902', 'paper_align_reason_loss': '0.144', 'epoch': '1.409'}
{'paper_align_label_loss': '0.02761', 'paper_align_reason_loss': '0.1893', 'epoch': '1.409'}
{'paper_align_label_loss': '0.1426', 'paper_align_reason_loss': '0.1713', 'epoch': '1.409'}

 47%|████▋     | 363/771 [12:11<13:22,  1.97s/it]2026-09-20 16:26:54,585 INFO [rev_util_helpfulness|paper_align|Qwen3-0.6B] step=363 epoch=1.4133

                                                 

 47%|████▋     | 363/771 [12:12<13:22,  1.97s/it]2026-09-20 16:26:55,068 INFO [rev_util_helpfulness|paper_align|Qwen3-0.6B] step=363 epoch=1.4133

                                                 

 47%|████▋     | 363/771 [12:12<13:22,  1.97s/it]2026-09-20 16:26:55,597 INFO [rev_util_helpfulness|paper_align|Qwen3-0.6B] step=363 epoch=1.4133

                                                 

 47%|████▋     | 363/771 [12:13<13:22,  1.97s/it]
 47%|████▋     | 364/771 [12:13<13:24,  1.98s/it]2026-09-20 16:26:56,112 INFO [rev_util_helpfulness|paper_align|Qwen3-0.6B] step=364 epoch=1.4172

                                                 

 47%|████▋     | 364/771 [12:13<13:24,  1.98s/it]2026-09-20 16:26:56,582 INFO [rev_util_helpfulness|paper_align|Qwen3-0.6B] step=364 epoch=1.4172

                                                 

 47%|████▋     | 364/771 [12:14<13:24,  1.98s/it]2026-09-20 16:26:57,059 INFO [rev_util_helpfulness|paper_align|Qwen3-0.6B] step=364 epoch=1.4172

                                                 

 47%|████▋     | 364/771 [12:14<13:24,  1.98s/it]2026-09-20 16:26:57,536 INFO [rev_util_helpfulness|paper_align|Qwen3-0.6B] step=364 epoch=1.4172

                                                 

 47%|████▋     | 364/771 [12:15<13:24,  1.98s/it]
 47%|████▋     | 365/771 [12:15<13:17,  1.96s/it]2026-09-20 16:26:58,237 INFO [rev_util_helpfulness|paper_align|Qwen3-0.6B] step=365 epoch=1.4211

                                                 

 47%|████▋     | 365/771 [12:15<13:17,  1.96s/it]2026-09-20 16:26:58,707 INFO [rev_util_helpfulness|paper_align|Qwen3-0.6B] step=365 epoch=1.4211

                                                 

 47%|████▋     | 365/771 [12:16<13:17,  1.96s/it]2026-09-20 16:26:59,203 INFO [rev_util_helpfulness|paper_align|Qwen3-0.6B] step=365 epoch=1.4211

                                                 

 47%|████▋     | 365/771 [12:16<13:17,  1.96s/it]2026-09-20 16:26:59,678 INFO [rev_util_helpfulness|paper_align|Qwen3-0.6B] step=365 epoch=1.4211

                                                 

 47%|████▋     | 365/771 [12:17<13:17,  1.96s/it]
 47%|████▋     | 366/771 [12:17<13:38,  2.02s/it]2026-09-20 16:27:00,203 INFO [rev_util_helpfulness|paper_align|Qwen3-0.6B] step=366 epoch=1.4250

                                                 

 47%|████▋     | 366/771 [12:17<13:38,  2.02s/it]2026-09-20 16:27:00,690 INFO [rev_util_helpfulness|paper_align|Qwen3-0.6B] step=366 epoch=1.4250

                                                 

 47%|████▋     | 366/771 [12:18<13:38,  2.02s/it]2026-09-20 16:27:01,164 INFO [rev_util_helpfulness|paper_align|Qwen3-0.6B] step=366 epoch=1.4250

                                                 

 47%|████▋     | 366/771 [12:18<13:38,  2.02s/it]2026-09-20 16:27:01,639 INFO [rev_util_helpfulness|paper_align|Qwen3-0.6B] step=366 epoch=1.4250

                                                 

 47%|████▋     | 366/771 [12:19<13:38,  2.02s/it]
 48%|████▊     | 367/771 [12:19<13:28,  2.00s/it]2026-09-20 16:27:02,150 INFO [rev_util_helpfulness|paper_align|Qwen3-0.6B] step=367 epoch=1.4288

                                                 

 48%|████▊     | 367/771 [12:19<13:28,  2.00s/it]2026-09-20 16:27:02,622 INFO [rev_util_helpfulness|paper_align|Qwen3-0.6B] step=367 epoch=1.4288

                                                 

 48%|████▊     | 367/771 [12:20<13:28,  2.00s/it]2026-09-20 16:27:03,096 INFO [rev_util_helpfulness|paper_align|Qwen3-0.6B] step=367 epoch=1.4288

                                                 

 48%|████▊     | 367/771 [12:20<13:28,  2.00s/it]2026-09-20 16:27:03,573 INFO [rev_util_helpfulness|paper_align|Qwen3-0.6B] step=367 epoch=1.4288

                                                 

 48%|████▊     | 367/771 [12:21<13:28,  2.00s/it]
 48%|████▊     | 368/771 [12:21<13:17,  1.98s/it]2026-09-20 16:27:04,076 INFO [rev_util_helpfulness|paper_align|Qwen3-0.6B] step=368 epoch=1.4327

                                                 

 48%|████▊     | 368/771 [12:21<13:17,  1.98s/it]2026-09-20 16:27:04,550 INFO [rev_util_helpfulness|paper_align|Qwen3-0.6B] step=368 epoch=1.4327

                                                 

 48%|████▊     | 368/771 [12:22<13:17,  1.98s/it]2026-09-20 16:27:05,026 INFO [rev_util_helpfulness|paper_align|Qwen3-0.6B] step=368 epoch=1.4327

                                                 

 48%|████▊     | 368/771 [12:22<13:17,  1.98s/it]2026-09-20 16:27:05,515 INFO [rev_util_helpfulness|paper_align|Qwen3-0.6B] step=368 epoch=1.4327

                                                 

 48%|████▊     | 368/771 [12:23<13:17,  1.98s/it]
 48%|████▊     | 369/771 [12:23<13:11,  1.97s/it]2026-09-20 16:27:06,028 INFO [rev_util_helpfulness|paper_align|Qwen3-0.6B] step=369 epoch=1.4366

                                                 

 48%|████▊     | 369/771 [12:23<13:11,  1.97s/it]2026-09-20 16:27:06,496 INFO [rev_util_helpfulness|paper_align|Qwen3-0.6B] step=369 epoch=1.4366

                                                 

 48%|████▊     | 369/771 [12:24<13:11,  1.97s/it]2026-09-20 16:27:06,975 INFO [rev_util_helpfulness|paper_align|Qwen3-0.6B] step=369 epoch=1.4366

                                                 

 48%|████▊     | 369/771 [12:24<13:11,  1.97s/it]2026-09-20 16:27:07,447 INFO [rev_util_helpfulness|paper_align|Qwen3-0.6B] step=369 epoch=1.4366

                                                 

 48%|████▊     | 369/771 [12:25<13:11,  1.97s/it]
 48%|████▊     | 370/771 [12:25<13:05,  1.96s/it]2026-09-20 16:27:07,778 INFO [rev_util_helpfulness|paper_align|Qwen3-0.6B] step=370 loss=0.4368 learning_rate=0.0001 epoch=1.4405

                                                 

 48%|████▊     | 370/771 [12:25<13:05,  1.96s/it]2026-09-20 16:27:07,973 INFO [rev_util_helpfulness|paper_align|Qwen3-0.6B] step=370 epoch=1.4405

                                                 

 48%|████▊     | 370/771 [12:25<13:05,  1.96s/it]2026-09-20 16:27:08,641 INFO [rev_util_helpfulness|paper_align|Qwen3-0.6B] step=370 epoch=1.4405

                                                 

 48%|████▊     | 370/771 [12:26<13:05,  1.96s/it]2026-09-20 16:27:09,115 INFO [rev_util_helpfulness|paper_align|Qwen3-0.6B] step=370 epoch=1.4405

                                                 

 48%|████▊     | 370/771 [12:26<13:05,  1.96s/it]2026-09-20 16:27:09,588 INFO [rev_util_helpfulness|paper_align|Qwen3-0.6B] step=370 epoch=1.4405

                                                 

 48%|████▊     | 370/771 [12:27<13:05,  1.96s/it]
 48%|████▊     | 371/771 [12:27<13:24,  2.01s/it]2026-09-20 16:27:10,095 INFO [rev_util_helpfulness|paper_align|Qwen3-0.6B] step=371 epoch=1.4444

                                                 

 48%|████▊     | 371/771 [12:27<13:24,  2.01s/it]2026-09-20 16:27:10,564 INFO [rev_util_helpfulness|paper_align|Qwen3-0.6B] step=371 epoch=1.4444

                                                 

 48%|████▊     | 371/771 [12:28<13:24,  2.01s/it]2026-09-20 16:27:11,046 INFO [rev_util_helpfulness|paper_align|Qwen3-0.6B] step=371 epoch=1.4444

                                                 

 48%|████▊     | 371/771 [12:28<13:24,  2.01s/it]2026-09-20 16:27:11,524 INFO [rev_util_helpfulness|paper_align|Qwen3-0.6B] step=371 epoch=1.4444

                                                 

 48%|████▊     | 371/771 [12:29<13:24,  2.01s/it]
 48%|████▊     | 372/771 [12:29<13:14,  1.99s/it]2026-09-20 16:27:12,036 INFO [rev_util_helpfulness|paper_align|Qwen3-0.6B] step=372 epoch=1.4483

                                                 

 48%|████▊     | 372/771 [12:29<13:14,  1.99s/it]2026-09-20 16:27:12,516 INFO [rev_util_helpfulness|paper_align|Qwen3-0.6B] step=372 epoch=1.4483

                                                 

 48%|████▊     | 372/771 [12:30<13:14,  1.99s/it]2026-09-20 16:27:13,005 INFO [rev_util_helpfulness|paper_align|Qwen3-0.6B] step=372 epoch=1.4483

                                                 

 48%|████▊     | 372/771 [12:30<13:14,  1.99s/it]2026-09-20 16:27:13,476 INFO [rev_util_helpfulness|paper_align|Qwen3-0.6B] step=372 epoch=1.4483

                                                 

 48%|████▊     | 372/771 [12:31<13:14,  1.99s/it]
 48%|████▊     | 373/771 [12:31<13:07,  1.98s/it]2026-09-20 16:27:13,990 INFO [rev_util_helpfulness|paper_align|Qwen3-0.6B] step=373 epoch=1.4522

                                                 

 48%|████▊     | 373/771 [12:31<13:07,  1.98s/it]2026-09-20 16:27:14,457 INFO [rev_util_helpfulness|paper_align|Qwen3-0.6B] step=373 epoch=1.4522

                                                 

 48%|████▊     | 373/771 [12:32<13:07,  1.98s/it]2026-09-20 16:27:14,956 INFO [rev_util_helpfulness|paper_align|Qwen3-0.6B] step=373 epoch=1.4522

                                                 

 48%|████▊     | 373/771 [12:32<13:07,  1.98s/it]2026-09-20 16:27:15,441 INFO [rev_util_helpfulness|paper_align|Qwen3-0.6B] step=373 epoch=1.4522

                                                 

 48%|████▊     | 373/771 [12:33<13:07,  1.98s/it]
 49%|████▊     | 374/771 [12:33<13:04,  1.98s/it]2026-09-20 16:27:15,955 INFO [rev_util_helpfulness|paper_align|Qwen3-0.6B] step=374 epoch=1.4561

                                                 

 49%|████▊     | 374/771 [12:33<13:04,  1.98s/it]2026-09-20 16:27:16,422 INFO [rev_util_helpfulness|paper_align|Qwen3-0.6B] step=374 epoch=1.4561

                                                 

 49%|████▊     | 374/771 [12:34<13:04,  1.98s/it]2026-09-20 16:27:16,897 INFO [rev_util_helpfulness|paper_align|Qwen3-0.6B] step=374 epoch=1.4561

                                                 

 49%|████▊     | 374/771 [12:34<13:04,  1.98s/it]2026-09-20 16:27:17,380 INFO [rev_util_helpfulness|paper_align|Qwen3-0.6B] step=374 epoch=1.4561

                                                 

 49%|████▊     | 374/771 [12:35<13:04,  1.98s/it]
 49%|████▊     | 375/771 [12:35<12:58,  1.97s/it]2026-09-20 16:27:17,898 INFO [rev_util_helpfulness|paper_align|Qwen3-0.6B] step=375 epoch=1.4600

                                                 

 49%|████▊     | 375/771 [12:35<12:58,  1.97s/it]2026-09-20 16:27:18,569 INFO [rev_util_helpfulness|paper_align|Qwen3-0.6B] step=375 epoch=1.4600

                                                 

 49%|████▊     | 375/771 [12:36<12:58,  1.97s/it]2026-09-20 16:27:19,038 INFO [rev_util_helpfulness|paper_align|Qwen3-0.6B] step=375 epoch=1.4600

                                                 

 49%|████▊     | 375/771 [12:36<12:58,  1.97s/it]2026-09-20 16:27:19,516 INFO [rev_util_helpfulness|paper_align|Qwen3-0.6B] step=375 epoch=1.4600

                                                 

 49%|████▊     | 375/771 [12:37<12:58,  1.97s/it]
 49%|████▉     | 376/771 [12:37<13:15,  2.01s/it]2026-09-20 16:27:20,022 INFO [rev_util_helpfulness|paper_align|Qwen3-0.6B] step=376 epoch=1.4639

                                                 

 49%|████▉     | 376/771 [12:37<13:15,  2.01s/it]2026-09-20 16:27:20,495 INFO [rev_util_helpfulness|paper_align|Qwen3-0.6B] step=376 epoch=1.4639

                                                 

 49%|████▉     | 376/771 [12:38<13:15,  2.01s/it]2026-09-20 16:27:20,974 INFO [rev_util_helpfulness|paper_align|Qwen3-0.6B] step=376 epoch=1.4639

                                                 

 49%|████▉     | 376/771 [12:38<13:15,  2.01s/it]2026-09-20 16:27:21,441 INFO [rev_util_helpfulness|paper_align|Qwen3-0.6B] step=376 epoch=1.4639

                                                 

 49%|████▉     | 376/771 [12:39<13:15,  2.01s/it]
 49%|████▉     | 377/771 [12:39<13:02,  1.99s/it]2026-09-20 16:27:21,954 INFO [rev_util_helpfulness|paper_align|Qwen3-0.6B] step=377 epoch=1.4678

                                                 

 49%|████▉     | 377/771 [12:39<13:02,  1.99s/it]2026-09-20 16:27:22,423 INFO [rev_util_helpfulness|paper_align|Qwen3-0.6B] step=377 epoch=1.4678

                                                 

 49%|████▉     | 377/771 [12:40<13:02,  1.99s/it]2026-09-20 16:27:22,909 INFO [rev_util_helpfulness|paper_align|Qwen3-0.6B] step=377 epoch=1.4678

                                                 

 49%|████▉     | 377/771 [12:40<13:02,  1.99s/it]2026-09-20 16:27:23,389 INFO [rev_util_helpfulness|paper_align|Qwen3-0.6B] step=377 epoch=1.4678

                                                 

 49%|████▉     | 377/771 [12:41<13:02,  1.99s/it]
 49%|████▉     | 378/771 [12:41<12:56,  1.98s/it]2026-09-20 16:27:23,891 INFO [rev_util_helpfulness|paper_align|Qwen3-0.6B] step=378 epoch=1.4717

                                                 

 49%|████▉     | 378/771 [12:41<12:56,  1.98s/it]2026-09-20 16:27:24,370 INFO [rev_util_helpfulness|paper_align|Qwen3-0.6B] step=378 epoch=1.4717

                                                 

 49%|████▉     | 378/771 [12:42<12:56,  1.98s/it]2026-09-20 16:27:24,860 INFO [rev_util_helpfulness|paper_align|Qwen3-0.6B] step=378 epoch=1.4717

                                                 

 49%|████▉     | 378/771 [12:42<12:56,  1.98s/it]2026-09-20 16:27:25,340 INFO [rev_util_helpfulness|paper_align|Qwen3-0.6B] step=378 epoch=1.4717

                                                 

 49%|████▉     | 378/771 [12:43<12:56,  1.98s/it]
 49%|████▉     | 379/771 [12:43<12:50,  1.97s/it]2026-09-20 16:27:25,836 INFO [rev_util_helpfulness|paper_align|Qwen3-0.6B] step=379 epoch=1.4756

                                                 

 49%|████▉     | 379/771 [12:43<12:50,  1.97s/it]2026-09-20 16:27:26,319 INFO [rev_util_helpfulness|paper_align|Qwen3-0.6B] step=379 epoch=1.4756

                                                 

 49%|████▉     | 379/771 [12:44<12:50,  1.97s/it]2026-09-20 16:27:26,795 INFO [rev_util_helpfulness|paper_align|Qwen3-0.6B] step=379 epoch=1.4756

                                                 

 49%|████▉     | 379/771 [12:44<12:50,  1.97s/it]2026-09-20 16:27:27,269 INFO [rev_util_helpfulness|paper_align|Qwen3-0.6B] step=379 epoch=1.4756

                                                 

 49%|████▉     | 379/771 [12:44<12:50,  1.97s/it]
 49%|████▉     | 380/771 [12:45<12:45,  1.96s/it]2026-09-20 16:27:27,604 INFO [rev_util_helpfulness|paper_align|Qwen3-0.6B] step=380 loss=0.4815 learning_rate=0.0001 epoch=1.4795

                                                 

 49%|████▉     | 380/771 [12:45<12:45,  1.96s/it]2026-09-20 16:27:27,781 INFO [rev_util_helpfulness|paper_align|Qwen3-0.6B] step=380 epoch=1.4795

                                                 

 49%|████▉     | 380/771 [12:45<12:45,  1.96s/it]2026-09-20 16:27:28,442 INFO [rev_util_helpfulness|paper_align|Qwen3-0.6B] step=380 epoch=1.4795

                                                 

 49%|████▉     | 380/771 [12:46<12:45,  1.96s/it]2026-09-20 16:27:28,917 INFO [rev_util_helpfulness|paper_align|Qwen3-0.6B] step=380 epoch=1.4795

                                                 

 49%|████▉     | 380/771 [12:46<12:45,  1.96s/it]2026-09-20 16:27:29,403 INFO [rev_util_helpfulness|paper_align|Qwen3-0.6B] step=380 epoch=1.4795

                                                 

 49%|████▉     | 380/771 [12:47<12:45,  1.96s/it]
 49%|████▉     | 381/771 [12:47<13:03,  2.01s/it]2026-09-20 16:27:29,919 INFO [rev_util_helpfulness|paper_align|Qwen3-0.6B] step=381 epoch=1.4834

                                                 

 49%|████▉     | 381/771 [12:47<13:03,  2.01s/it]2026-09-20 16:27:30,393 INFO [rev_util_helpfulness|paper_align|Qwen3-0.6B] step=381 epoch=1.4834

                                                 

 49%|████▉     | 381/771 [12:48<13:03,  2.01s/it]2026-09-20 16:27:30,869 INFO [rev_util_helpfulness|paper_align|Qwen3-0.6B] step=381 epoch=1.4834

                                                 

 49%|████▉     | 381/771 [12:48<13:03,  2.01s/it]2026-09-20 16:27:31,340 INFO [rev_util_helpfulness|paper_align|Qwen3-0.6B] step=381 epoch=1.4834

                                                 

 49%|████▉     | 381/771 [12:49<13:03,  2.01s/it]
 50%|████▉     | 382/771 [12:49<12:54,  1.99s/it]2026-09-20 16:27:31,849 INFO [rev_util_helpfulness|paper_align|Qwen3-0.6B] step=382 epoch=1.4873

                                                 

 50%|████▉     | 382/771 [12:49<12:54,  1.99s/it]2026-09-20 16:27:32,325 INFO [rev_util_helpfulness|paper_align|Qwen3-0.6B] step=382 epoch=1.4873

                                                 

 50%|████▉     | 382/771 [12:50<12:54,  1.99s/it]2026-09-20 16:27:32,820 INFO [rev_util_helpfulness|paper_align|Qwen3-0.6B] step=382 epoch=1.4873

                                                 

 50%|████▉     | 382/771 [12:50<12:54,  1.99s/it]2026-09-20 16:27:33,291 INFO [rev_util_helpfulness|paper_align|Qwen3-0.6B] step=382 epoch=1.4873

                                                 

 50%|████▉     | 382/771 [12:51<12:54,  1.99s/it]
 50%|████▉     | 383/771 [12:51<12:47,  1.98s/it]2026-09-20 16:27:33,804 INFO [rev_util_helpfulness|paper_align|Qwen3-0.6B] step=383 epoch=1.4912

                                                 

 50%|████▉     | 383/771 [12:51<12:47,  1.98s/it]2026-09-20 16:27:34,285 INFO [rev_util_helpfulness|paper_align|Qwen3-0.6B] step=383 epoch=1.4912

                                                 

 50%|████▉     | 383/771 [12:52<12:47,  1.98s/it]2026-09-20 16:27:34,757 INFO [rev_util_helpfulness|paper_align|Qwen3-0.6B] step=383 epoch=1.4912

                                                 

 50%|████▉     | 383/771 [12:52<12:47,  1.98s/it]2026-09-20 16:27:35,232 INFO [rev_util_helpfulness|paper_align|Qwen3-0.6B] step=383 epoch=1.4912

                                                 

 50%|████▉     | 383/771 [12:52<12:47,  1.98s/it]
 50%|████▉     | 384/771 [12:53<12:41,  1.97s/it]2026-09-20 16:27:35,753 INFO [rev_util_helpfulness|paper_align|Qwen3-0.6B] step=384 epoch=1.4951

                                                 

 50%|████▉     | 384/771 [12:53<12:41,  1.97s/it]2026-09-20 16:27:36,228 INFO [rev_util_helpfulness|paper_align|Qwen3-0.6B] step=384 epoch=1.4951

                                                 

 50%|████▉     | 384/771 [12:53<12:41,  1.97s/it]2026-09-20 16:27:36,704 INFO [rev_util_helpfulness|paper_align|Qwen3-0.6B] step=384 epoch=1.4951

                                                 
{'paper_align_label_loss': '0.01335', 'paper_align_reason_loss': '0.171', 'epoch': '1.413'}
{'paper_align_label_loss': '0.07302', 'paper_align_reason_loss': '0.2267', 'epoch': '1.413'}
{'paper_align_label_loss': '0.009239', 'paper_align_reason_loss': '0.1405', 'epoch': '1.413'}
{'paper_align_label_loss': '0.07403', 'paper_align_reason_loss': '0.1405', 'epoch': '1.413'}
{'paper_align_label_loss': '0.01286', 'paper_align_reason_loss': '0.156', 'epoch': '1.417'}
{'paper_align_label_loss': '0.08676', 'paper_align_reason_loss': '0.15', 'epoch': '1.417'}
{'paper_align_label_loss': '0.01739', 'paper_align_reason_loss': '0.1716', 'epoch': '1.417'}
{'paper_align_label_loss': '0.03515', 'paper_align_reason_loss': '0.1615', 'epoch': '1.417'}
{'paper_align_label_loss': '0.09751', 'paper_align_reason_loss': '0.2461', 'epoch': '1.421'}
{'paper_align_label_loss': '0.01018', 'paper_align_reason_loss': '0.1552', 'epoch': '1.421'}
{'paper_align_label_loss': '0.02424', 'paper_align_reason_loss': '0.1585', 'epoch': '1.421'}
{'paper_align_label_loss': '0.0103', 'paper_align_reason_loss': '0.2', 'epoch': '1.421'}
{'paper_align_label_loss': '0.06311', 'paper_align_reason_loss': '0.1484', 'epoch': '1.425'}
{'paper_align_label_loss': '0.01957', 'paper_align_reason_loss': '0.1412', 'epoch': '1.425'}
{'paper_align_label_loss': '0.01593', 'paper_align_reason_loss': '0.1494', 'epoch': '1.425'}
{'paper_align_label_loss': '0.04367', 'paper_align_reason_loss': '0.1778', 'epoch': '1.425'}
{'paper_align_label_loss': '0.02733', 'paper_align_reason_loss': '0.1451', 'epoch': '1.429'}
{'paper_align_label_loss': '0.02865', 'paper_align_reason_loss': '0.1881', 'epoch': '1.429'}
{'paper_align_label_loss': '0.08414', 'paper_align_reason_loss': '0.1866', 'epoch': '1.429'}
{'paper_align_label_loss': '0.04993', 'paper_align_reason_loss': '0.15', 'epoch': '1.429'}
{'paper_align_label_loss': '0.09998', 'paper_align_reason_loss': '0.1713', 'epoch': '1.433'}
{'paper_align_label_loss': '0.2641', 'paper_align_reason_loss': '0.1292', 'epoch': '1.433'}
{'paper_align_label_loss': '0.0386', 'paper_align_reason_loss': '0.166', 'epoch': '1.433'}
{'paper_align_label_loss': '0.07497', 'paper_align_reason_loss': '0.1914', 'epoch': '1.433'}
{'paper_align_label_loss': '0.07029', 'paper_align_reason_loss': '0.1781', 'epoch': '1.437'}
{'paper_align_label_loss': '0.03081', 'paper_align_reason_loss': '0.1391', 'epoch': '1.437'}
{'paper_align_label_loss': '0.02276', 'paper_align_reason_loss': '0.1146', 'epoch': '1.437'}
{'paper_align_label_loss': '0.016', 'paper_align_reason_loss': '0.1583', 'epoch': '1.437'}
{'loss': '0.4368', 'grad_norm': '3.881', 'learning_rate': '5.598e-05', 'epoch': '1.441'}
{'paper_align_label_loss': '0.01845', 'paper_align_reason_loss': '0.1147', 'epoch': '1.441'}
{'paper_align_label_loss': '0.2229', 'paper_align_reason_loss': '0.1232', 'epoch': '1.441'}
{'paper_align_label_loss': '0.005245', 'paper_align_reason_loss': '0.1682', 'epoch': '1.441'}
{'paper_align_label_loss': '0.08027', 'paper_align_reason_loss': '0.1894', 'epoch': '1.441'}
{'paper_align_label_loss': '0.01559', 'paper_align_reason_loss': '0.1354', 'epoch': '1.444'}
{'paper_align_label_loss': '0.008467', 'paper_align_reason_loss': '0.1411', 'epoch': '1.444'}
{'paper_align_label_loss': '0.05445', 'paper_align_reason_loss': '0.1305', 'epoch': '1.444'}
{'paper_align_label_loss': '0.1492', 'paper_align_reason_loss': '0.2034', 'epoch': '1.444'}
{'paper_align_label_loss': '0.04724', 'paper_align_reason_loss': '0.1706', 'epoch': '1.448'}
{'paper_align_label_loss': '0.01315', 'paper_align_reason_loss': '0.1839', 'epoch': '1.448'}
{'paper_align_label_loss': '0.03865', 'paper_align_reason_loss': '0.172', 'epoch': '1.448'}
{'paper_align_label_loss': '0.02049', 'paper_align_reason_loss': '0.1651', 'epoch': '1.448'}
{'paper_align_label_loss': '0.01579', 'paper_align_reason_loss': '0.1402', 'epoch': '1.452'}
{'paper_align_label_loss': '0.01907', 'paper_align_reason_loss': '0.251', 'epoch': '1.452'}
{'paper_align_label_loss': '0.233', 'paper_align_reason_loss': '0.1421', 'epoch': '1.452'}
{'paper_align_label_loss': '0.008937', 'paper_align_reason_loss': '0.1735', 'epoch': '1.452'}
{'paper_align_label_loss': '0.02209', 'paper_align_reason_loss': '0.1487', 'epoch': '1.456'}
{'paper_align_label_loss': '0.2401', 'paper_align_reason_loss': '0.1722', 'epoch': '1.456'}
{'paper_align_label_loss': '0.007102', 'paper_align_reason_loss': '0.1427', 'epoch': '1.456'}
{'paper_align_label_loss': '0.03448', 'paper_align_reason_loss': '0.2083', 'epoch': '1.456'}
{'paper_align_label_loss': '0.004183', 'paper_align_reason_loss': '0.1586', 'epoch': '1.46'}
{'paper_align_label_loss': '0.05284', 'paper_align_reason_loss': '0.1455', 'epoch': '1.46'}
{'paper_align_label_loss': '0.01311', 'paper_align_reason_loss': '0.2201', 'epoch': '1.46'}
{'paper_align_label_loss': '0.2412', 'paper_align_reason_loss': '0.163', 'epoch': '1.46'}
{'paper_align_label_loss': '0.06942', 'paper_align_reason_loss': '0.2136', 'epoch': '1.464'}
{'paper_align_label_loss': '0.07618', 'paper_align_reason_loss': '0.1464', 'epoch': '1.464'}
{'paper_align_label_loss': '0.1773', 'paper_align_reason_loss': '0.1626', 'epoch': '1.464'}
{'paper_align_label_loss': '0.02169', 'paper_align_reason_loss': '0.1559', 'epoch': '1.464'}
{'paper_align_label_loss': '0.1215', 'paper_align_reason_loss': '0.1553', 'epoch': '1.468'}
{'paper_align_label_loss': '0.09803', 'paper_align_reason_loss': '0.1992', 'epoch': '1.468'}
{'paper_align_label_loss': '0.1036', 'paper_align_reason_loss': '0.1804', 'epoch': '1.468'}
{'paper_align_label_loss': '0.06632', 'paper_align_reason_loss': '0.1599', 'epoch': '1.468'}
{'paper_align_label_loss': '0.05223', 'paper_align_reason_loss': '0.2036', 'epoch': '1.472'}
{'paper_align_label_loss': '0.1422', 'paper_align_reason_loss': '0.1884', 'epoch': '1.472'}
{'paper_align_label_loss': '0.06161', 'paper_align_reason_loss': '0.1725', 'epoch': '1.472'}
{'paper_align_label_loss': '0.1703', 'paper_align_reason_loss': '0.222', 'epoch': '1.472'}
{'paper_align_label_loss': '0.01594', 'paper_align_reason_loss': '0.1183', 'epoch': '1.476'}
{'paper_align_label_loss': '0.09301', 'paper_align_reason_loss': '0.1752', 'epoch': '1.476'}
{'paper_align_label_loss': '0.02547', 'paper_align_reason_loss': '0.2015', 'epoch': '1.476'}
{'paper_align_label_loss': '0.02068', 'paper_align_reason_loss': '0.1309', 'epoch': '1.476'}
{'loss': '0.4815', 'grad_norm': '4.298', 'learning_rate': '5.389e-05', 'epoch': '1.48'}
{'paper_align_label_loss': '0.009365', 'paper_align_reason_loss': '0.1459', 'epoch': '1.48'}
{'paper_align_label_loss': '0.1008', 'paper_align_reason_loss': '0.1653', 'epoch': '1.48'}
{'paper_align_label_loss': '0.05965', 'paper_align_reason_loss': '0.2457', 'epoch': '1.48'}
{'paper_align_label_loss': '0.01932', 'paper_align_reason_loss': '0.1515', 'epoch': '1.48'}
{'paper_align_label_loss': '0.08438', 'paper_align_reason_loss': '0.1319', 'epoch': '1.483'}
{'paper_align_label_loss': '0.0496', 'paper_align_reason_loss': '0.2011', 'epoch': '1.483'}
{'paper_align_label_loss': '0.07196', 'paper_align_reason_loss': '0.1639', 'epoch': '1.483'}
{'paper_align_label_loss': '0.06146', 'paper_align_reason_loss': '0.1634', 'epoch': '1.483'}
{'paper_align_label_loss': '0.01048', 'paper_align_reason_loss': '0.1312', 'epoch': '1.487'}
{'paper_align_label_loss': '0.06391', 'paper_align_reason_loss': '0.1716', 'epoch': '1.487'}
{'paper_align_label_loss': '0.1093', 'paper_align_reason_loss': '0.1479', 'epoch': '1.487'}
{'paper_align_label_loss': '0.2967', 'paper_align_reason_loss': '0.1516', 'epoch': '1.487'}
{'paper_align_label_loss': '0.09407', 'paper_align_reason_loss': '0.2054', 'epoch': '1.491'}
{'paper_align_label_loss': '0.005664', 'paper_align_reason_loss': '0.2062', 'epoch': '1.491'}
{'paper_align_label_loss': '0.01037', 'paper_align_reason_loss': '0.1119', 'epoch': '1.491'}
{'paper_align_label_loss': '0.08167', 'paper_align_reason_loss': '0.1684', 'epoch': '1.491'}
{'paper_align_label_loss': '0.0785', 'paper_align_reason_loss': '0.1259', 'epoch': '1.495'}
{'paper_align_label_loss': '0.03313', 'paper_align_reason_loss': '0.09249', 'epoch': '1.495'}

 50%|████▉     | 384/771 [12:54<12:41,  1.97s/it]2026-09-20 16:27:37,196 INFO [rev_util_helpfulness|paper_align|Qwen3-0.6B] step=384 epoch=1.4951

                                                 

 50%|████▉     | 384/771 [12:54<12:41,  1.97s/it]
 50%|████▉     | 385/771 [12:55<12:38,  1.97s/it]2026-09-20 16:27:37,703 INFO [rev_util_helpfulness|paper_align|Qwen3-0.6B] step=385 epoch=1.4990

                                                 

 50%|████▉     | 385/771 [12:55<12:38,  1.97s/it]2026-09-20 16:27:38,181 INFO [rev_util_helpfulness|paper_align|Qwen3-0.6B] step=385 epoch=1.4990

                                                 

 50%|████▉     | 385/771 [12:55<12:38,  1.97s/it]2026-09-20 16:27:38,665 INFO [rev_util_helpfulness|paper_align|Qwen3-0.6B] step=385 epoch=1.4990

                                                 

 50%|████▉     | 385/771 [12:56<12:38,  1.97s/it]2026-09-20 16:27:39,338 INFO [rev_util_helpfulness|paper_align|Qwen3-0.6B] step=385 epoch=1.4990

                                                 

 50%|████▉     | 385/771 [12:57<12:38,  1.97s/it]
 50%|█████     | 386/771 [12:57<12:58,  2.02s/it]2026-09-20 16:27:39,857 INFO [rev_util_helpfulness|paper_align|Qwen3-0.6B] step=386 epoch=1.5029

                                                 

 50%|█████     | 386/771 [12:57<12:58,  2.02s/it]2026-09-20 16:27:40,332 INFO [rev_util_helpfulness|paper_align|Qwen3-0.6B] step=386 epoch=1.5029

                                                 

 50%|█████     | 386/771 [12:58<12:58,  2.02s/it]2026-09-20 16:27:40,805 INFO [rev_util_helpfulness|paper_align|Qwen3-0.6B] step=386 epoch=1.5029

                                                 

 50%|█████     | 386/771 [12:58<12:58,  2.02s/it]2026-09-20 16:27:41,289 INFO [rev_util_helpfulness|paper_align|Qwen3-0.6B] step=386 epoch=1.5029

                                                 

 50%|█████     | 386/771 [12:59<12:58,  2.02s/it]
 50%|█████     | 387/771 [12:59<12:46,  2.00s/it]2026-09-20 16:27:41,799 INFO [rev_util_helpfulness|paper_align|Qwen3-0.6B] step=387 epoch=1.5068

                                                 

 50%|█████     | 387/771 [12:59<12:46,  2.00s/it]2026-09-20 16:27:42,266 INFO [rev_util_helpfulness|paper_align|Qwen3-0.6B] step=387 epoch=1.5068

                                                 

 50%|█████     | 387/771 [12:59<12:46,  2.00s/it]2026-09-20 16:27:42,739 INFO [rev_util_helpfulness|paper_align|Qwen3-0.6B] step=387 epoch=1.5068

                                                 

 50%|█████     | 387/771 [13:00<12:46,  2.00s/it]2026-09-20 16:27:43,215 INFO [rev_util_helpfulness|paper_align|Qwen3-0.6B] step=387 epoch=1.5068

                                                 

 50%|█████     | 387/771 [13:00<12:46,  2.00s/it]
 50%|█████     | 388/771 [13:01<12:36,  1.98s/it]2026-09-20 16:27:43,733 INFO [rev_util_helpfulness|paper_align|Qwen3-0.6B] step=388 epoch=1.5107

                                                 

 50%|█████     | 388/771 [13:01<12:36,  1.98s/it]2026-09-20 16:27:44,204 INFO [rev_util_helpfulness|paper_align|Qwen3-0.6B] step=388 epoch=1.5107

                                                 

 50%|█████     | 388/771 [13:01<12:36,  1.98s/it]2026-09-20 16:27:44,677 INFO [rev_util_helpfulness|paper_align|Qwen3-0.6B] step=388 epoch=1.5107

                                                 

 50%|█████     | 388/771 [13:02<12:36,  1.98s/it]2026-09-20 16:27:45,152 INFO [rev_util_helpfulness|paper_align|Qwen3-0.6B] step=388 epoch=1.5107

                                                 

 50%|█████     | 388/771 [13:02<12:36,  1.98s/it]
 50%|█████     | 389/771 [13:03<12:30,  1.97s/it]2026-09-20 16:27:45,665 INFO [rev_util_helpfulness|paper_align|Qwen3-0.6B] step=389 epoch=1.5146

                                                 

 50%|█████     | 389/771 [13:03<12:30,  1.97s/it]2026-09-20 16:27:46,145 INFO [rev_util_helpfulness|paper_align|Qwen3-0.6B] step=389 epoch=1.5146

                                                 

 50%|█████     | 389/771 [13:03<12:30,  1.97s/it]2026-09-20 16:27:46,618 INFO [rev_util_helpfulness|paper_align|Qwen3-0.6B] step=389 epoch=1.5146

                                                 

 50%|█████     | 389/771 [13:04<12:30,  1.97s/it]2026-09-20 16:27:47,094 INFO [rev_util_helpfulness|paper_align|Qwen3-0.6B] step=389 epoch=1.5146

                                                 

 50%|█████     | 389/771 [13:04<12:30,  1.97s/it]
 51%|█████     | 390/771 [13:05<12:25,  1.96s/it]2026-09-20 16:27:47,427 INFO [rev_util_helpfulness|paper_align|Qwen3-0.6B] step=390 loss=0.4780 learning_rate=0.0001 epoch=1.5185

                                                 

 51%|█████     | 390/771 [13:05<12:25,  1.96s/it]2026-09-20 16:27:47,603 INFO [rev_util_helpfulness|paper_align|Qwen3-0.6B] step=390 epoch=1.5185

                                                 

 51%|█████     | 390/771 [13:05<12:25,  1.96s/it]2026-09-20 16:27:48,077 INFO [rev_util_helpfulness|paper_align|Qwen3-0.6B] step=390 epoch=1.5185

                                                 

 51%|█████     | 390/771 [13:05<12:25,  1.96s/it]2026-09-20 16:27:48,557 INFO [rev_util_helpfulness|paper_align|Qwen3-0.6B] step=390 epoch=1.5185

                                                 

 51%|█████     | 390/771 [13:06<12:25,  1.96s/it]2026-09-20 16:27:49,232 INFO [rev_util_helpfulness|paper_align|Qwen3-0.6B] step=390 epoch=1.5185

                                                 

 51%|█████     | 390/771 [13:06<12:25,  1.96s/it]
 51%|█████     | 391/771 [13:07<12:44,  2.01s/it]2026-09-20 16:27:49,744 INFO [rev_util_helpfulness|paper_align|Qwen3-0.6B] step=391 epoch=1.5224

                                                 

 51%|█████     | 391/771 [13:07<12:44,  2.01s/it]2026-09-20 16:27:50,212 INFO [rev_util_helpfulness|paper_align|Qwen3-0.6B] step=391 epoch=1.5224

                                                 

 51%|█████     | 391/771 [13:07<12:44,  2.01s/it]2026-09-20 16:27:50,699 INFO [rev_util_helpfulness|paper_align|Qwen3-0.6B] step=391 epoch=1.5224

                                                 

 51%|█████     | 391/771 [13:08<12:44,  2.01s/it]2026-09-20 16:27:51,185 INFO [rev_util_helpfulness|paper_align|Qwen3-0.6B] step=391 epoch=1.5224

                                                 

 51%|█████     | 391/771 [13:08<12:44,  2.01s/it]
 51%|█████     | 392/771 [13:09<12:36,  2.00s/it]2026-09-20 16:27:51,703 INFO [rev_util_helpfulness|paper_align|Qwen3-0.6B] step=392 epoch=1.5263

                                                 

 51%|█████     | 392/771 [13:09<12:36,  2.00s/it]2026-09-20 16:27:52,177 INFO [rev_util_helpfulness|paper_align|Qwen3-0.6B] step=392 epoch=1.5263

                                                 

 51%|█████     | 392/771 [13:09<12:36,  2.00s/it]2026-09-20 16:27:52,651 INFO [rev_util_helpfulness|paper_align|Qwen3-0.6B] step=392 epoch=1.5263

                                                 

 51%|█████     | 392/771 [13:10<12:36,  2.00s/it]2026-09-20 16:27:53,136 INFO [rev_util_helpfulness|paper_align|Qwen3-0.6B] step=392 epoch=1.5263

                                                 

 51%|█████     | 392/771 [13:10<12:36,  2.00s/it]
 51%|█████     | 393/771 [13:11<12:29,  1.98s/it]2026-09-20 16:27:53,656 INFO [rev_util_helpfulness|paper_align|Qwen3-0.6B] step=393 epoch=1.5302

                                                 

 51%|█████     | 393/771 [13:11<12:29,  1.98s/it]2026-09-20 16:27:54,120 INFO [rev_util_helpfulness|paper_align|Qwen3-0.6B] step=393 epoch=1.5302

                                                 

 51%|█████     | 393/771 [13:11<12:29,  1.98s/it]2026-09-20 16:27:54,610 INFO [rev_util_helpfulness|paper_align|Qwen3-0.6B] step=393 epoch=1.5302

                                                 

 51%|█████     | 393/771 [13:12<12:29,  1.98s/it]2026-09-20 16:27:55,099 INFO [rev_util_helpfulness|paper_align|Qwen3-0.6B] step=393 epoch=1.5302

                                                 

 51%|█████     | 393/771 [13:12<12:29,  1.98s/it]
 51%|█████     | 394/771 [13:13<12:25,  1.98s/it]2026-09-20 16:27:55,616 INFO [rev_util_helpfulness|paper_align|Qwen3-0.6B] step=394 epoch=1.5341

                                                 

 51%|█████     | 394/771 [13:13<12:25,  1.98s/it]2026-09-20 16:27:56,087 INFO [rev_util_helpfulness|paper_align|Qwen3-0.6B] step=394 epoch=1.5341

                                                 

 51%|█████     | 394/771 [13:13<12:25,  1.98s/it]2026-09-20 16:27:56,579 INFO [rev_util_helpfulness|paper_align|Qwen3-0.6B] step=394 epoch=1.5341

                                                 

 51%|█████     | 394/771 [13:14<12:25,  1.98s/it]2026-09-20 16:27:57,061 INFO [rev_util_helpfulness|paper_align|Qwen3-0.6B] step=394 epoch=1.5341

                                                 

 51%|█████     | 394/771 [13:14<12:25,  1.98s/it]
 51%|█████     | 395/771 [13:15<12:21,  1.97s/it]2026-09-20 16:27:57,579 INFO [rev_util_helpfulness|paper_align|Qwen3-0.6B] step=395 epoch=1.5380

                                                 

 51%|█████     | 395/771 [13:15<12:21,  1.97s/it]2026-09-20 16:27:58,054 INFO [rev_util_helpfulness|paper_align|Qwen3-0.6B] step=395 epoch=1.5380

                                                 

 51%|█████     | 395/771 [13:15<12:21,  1.97s/it]2026-09-20 16:27:58,535 INFO [rev_util_helpfulness|paper_align|Qwen3-0.6B] step=395 epoch=1.5380

                                                 

 51%|█████     | 395/771 [13:16<12:21,  1.97s/it]2026-09-20 16:27:59,256 INFO [rev_util_helpfulness|paper_align|Qwen3-0.6B] step=395 epoch=1.5380

                                                 

 51%|█████     | 395/771 [13:16<12:21,  1.97s/it]
 51%|█████▏    | 396/771 [13:17<12:44,  2.04s/it]2026-09-20 16:27:59,770 INFO [rev_util_helpfulness|paper_align|Qwen3-0.6B] step=396 epoch=1.5419

                                                 

 51%|█████▏    | 396/771 [13:17<12:44,  2.04s/it]2026-09-20 16:28:00,243 INFO [rev_util_helpfulness|paper_align|Qwen3-0.6B] step=396 epoch=1.5419

                                                 

 51%|█████▏    | 396/771 [13:17<12:44,  2.04s/it]2026-09-20 16:28:00,720 INFO [rev_util_helpfulness|paper_align|Qwen3-0.6B] step=396 epoch=1.5419

                                                 

 51%|█████▏    | 396/771 [13:18<12:44,  2.04s/it]2026-09-20 16:28:01,199 INFO [rev_util_helpfulness|paper_align|Qwen3-0.6B] step=396 epoch=1.5419

                                                 

 51%|█████▏    | 396/771 [13:18<12:44,  2.04s/it]
 51%|█████▏    | 397/771 [13:19<12:31,  2.01s/it]2026-09-20 16:28:01,706 INFO [rev_util_helpfulness|paper_align|Qwen3-0.6B] step=397 epoch=1.5458

                                                 

 51%|█████▏    | 397/771 [13:19<12:31,  2.01s/it]2026-09-20 16:28:02,178 INFO [rev_util_helpfulness|paper_align|Qwen3-0.6B] step=397 epoch=1.5458

                                                 

 51%|█████▏    | 397/771 [13:19<12:31,  2.01s/it]2026-09-20 16:28:02,647 INFO [rev_util_helpfulness|paper_align|Qwen3-0.6B] step=397 epoch=1.5458

                                                 

 51%|█████▏    | 397/771 [13:20<12:31,  2.01s/it]2026-09-20 16:28:03,122 INFO [rev_util_helpfulness|paper_align|Qwen3-0.6B] step=397 epoch=1.5458

                                                 

 51%|█████▏    | 397/771 [13:20<12:31,  2.01s/it]
 52%|█████▏    | 398/771 [13:21<12:20,  1.98s/it]2026-09-20 16:28:03,636 INFO [rev_util_helpfulness|paper_align|Qwen3-0.6B] step=398 epoch=1.5497

                                                 

 52%|█████▏    | 398/771 [13:21<12:20,  1.98s/it]2026-09-20 16:28:04,114 INFO [rev_util_helpfulness|paper_align|Qwen3-0.6B] step=398 epoch=1.5497

                                                 

 52%|█████▏    | 398/771 [13:21<12:20,  1.98s/it]2026-09-20 16:28:04,588 INFO [rev_util_helpfulness|paper_align|Qwen3-0.6B] step=398 epoch=1.5497

                                                 

 52%|█████▏    | 398/771 [13:22<12:20,  1.98s/it]2026-09-20 16:28:05,065 INFO [rev_util_helpfulness|paper_align|Qwen3-0.6B] step=398 epoch=1.5497

                                                 

 52%|█████▏    | 398/771 [13:22<12:20,  1.98s/it]
 52%|█████▏    | 399/771 [13:23<12:13,  1.97s/it]2026-09-20 16:28:05,578 INFO [rev_util_helpfulness|paper_align|Qwen3-0.6B] step=399 epoch=1.5536

                                                 

 52%|█████▏    | 399/771 [13:23<12:13,  1.97s/it]2026-09-20 16:28:06,051 INFO [rev_util_helpfulness|paper_align|Qwen3-0.6B] step=399 epoch=1.5536

                                                 

 52%|█████▏    | 399/771 [13:23<12:13,  1.97s/it]2026-09-20 16:28:06,520 INFO [rev_util_helpfulness|paper_align|Qwen3-0.6B] step=399 epoch=1.5536

                                                 

 52%|█████▏    | 399/771 [13:24<12:13,  1.97s/it]2026-09-20 16:28:07,000 INFO [rev_util_helpfulness|paper_align|Qwen3-0.6B] step=399 epoch=1.5536

                                                 

 52%|█████▏    | 399/771 [13:24<12:13,  1.97s/it]
 52%|█████▏    | 400/771 [13:25<12:06,  1.96s/it]2026-09-20 16:28:07,327 INFO [rev_util_helpfulness|paper_align|Qwen3-0.6B] step=400 loss=0.4112 learning_rate=0.0000 epoch=1.5575

                                                 

 52%|█████▏    | 400/771 [13:25<12:06,  1.96s/it]2026-09-20 16:28:07,504 INFO [rev_util_helpfulness|paper_align|Qwen3-0.6B] step=400 epoch=1.5575

                                                 

 52%|█████▏    | 400/771 [13:25<12:06,  1.96s/it]2026-09-20 16:28:07,976 INFO [rev_util_helpfulness|paper_align|Qwen3-0.6B] step=400 epoch=1.5575

                                                 

 52%|█████▏    | 400/771 [13:25<12:06,  1.96s/it]2026-09-20 16:28:08,448 INFO [rev_util_helpfulness|paper_align|Qwen3-0.6B] step=400 epoch=1.5575

                                                 

 52%|█████▏    | 400/771 [13:26<12:06,  1.96s/it]2026-09-20 16:28:08,915 INFO [rev_util_helpfulness|paper_align|Qwen3-0.6B] step=400 epoch=1.5575

                                                 

 52%|█████▏    | 400/771 [13:26<12:06,  1.96s/it]
 52%|█████▏    | 401/771 [13:26<12:00,  1.95s/it]2026-09-20 16:28:09,626 INFO [rev_util_helpfulness|paper_align|Qwen3-0.6B] step=401 epoch=1.5614

                                                 

 52%|█████▏    | 401/771 [13:27<12:00,  1.95s/it]2026-09-20 16:28:10,100 INFO [rev_util_helpfulness|paper_align|Qwen3-0.6B] step=401 epoch=1.5614

                                                 

 52%|█████▏    | 401/771 [13:27<12:00,  1.95s/it]2026-09-20 16:28:10,582 INFO [rev_util_helpfulness|paper_align|Qwen3-0.6B] step=401 epoch=1.5614

                                                 

 52%|█████▏    | 401/771 [13:28<12:00,  1.95s/it]2026-09-20 16:28:11,052 INFO [rev_util_helpfulness|paper_align|Qwen3-0.6B] step=401 epoch=1.5614

                                                 

 52%|█████▏    | 401/771 [13:28<12:00,  1.95s/it]
 52%|█████▏    | 402/771 [13:29<12:19,  2.00s/it]2026-09-20 16:28:11,564 INFO [rev_util_helpfulness|paper_align|Qwen3-0.6B] step=402 epoch=1.5653

                                                 

 52%|█████▏    | 402/771 [13:29<12:19,  2.00s/it]2026-09-20 16:28:12,043 INFO [rev_util_helpfulness|paper_align|Qwen3-0.6B] step=402 epoch=1.5653

                                                 

 52%|█████▏    | 402/771 [13:29<12:19,  2.00s/it]2026-09-20 16:28:12,522 INFO [rev_util_helpfulness|paper_align|Qwen3-0.6B] step=402 epoch=1.5653

                                                 

 52%|█████▏    | 402/771 [13:30<12:19,  2.00s/it]2026-09-20 16:28:13,003 INFO [rev_util_helpfulness|paper_align|Qwen3-0.6B] step=402 epoch=1.5653

                                                 

 52%|█████▏    | 402/771 [13:30<12:19,  2.00s/it]
 52%|█████▏    | 403/771 [13:31<12:11,  1.99s/it]2026-09-20 16:28:13,519 INFO [rev_util_helpfulness|paper_align|Qwen3-0.6B] step=403 epoch=1.5692

                                                 

 52%|█████▏    | 403/771 [13:31<12:11,  1.99s/it]2026-09-20 16:28:13,994 INFO [rev_util_helpfulness|paper_align|Qwen3-0.6B] step=403 epoch=1.5692

                                                 

 52%|█████▏    | 403/771 [13:31<12:11,  1.99s/it]2026-09-20 16:28:14,474 INFO [rev_util_helpfulness|paper_align|Qwen3-0.6B] step=403 epoch=1.5692

                                                 

 52%|█████▏    | 403/771 [13:32<12:11,  1.99s/it]2026-09-20 16:28:14,954 INFO [rev_util_helpfulness|paper_align|Qwen3-0.6B] step=403 epoch=1.5692

                                                 

 52%|█████▏    | 403/771 [13:32<12:11,  1.99s/it]
 52%|█████▏    | 404/771 [13:33<12:05,  1.98s/it]2026-09-20 16:28:15,467 INFO [rev_util_helpfulness|paper_align|Qwen3-0.6B] step=404 epoch=1.5731

                                                 

 52%|█████▏    | 404/771 [13:33<12:05,  1.98s/it]2026-09-20 16:28:15,938 INFO [rev_util_helpfulness|paper_align|Qwen3-0.6B] step=404 epoch=1.5731

                                                 

 52%|█████▏    | 404/771 [13:33<12:05,  1.98s/it]2026-09-20 16:28:16,418 INFO [rev_util_helpfulness|paper_align|Qwen3-0.6B] step=404 epoch=1.5731

                                                 

 52%|█████▏    | 404/771 [13:34<12:05,  1.98s/it]2026-09-20 16:28:16,893 INFO [rev_util_helpfulness|paper_align|Qwen3-0.6B] step=404 epoch=1.5731

                                                 

 52%|█████▏    | 404/771 [13:34<12:05,  1.98s/it]
 53%|█████▎    | 405/771 [13:34<11:59,  1.97s/it]2026-09-20 16:28:17,409 INFO [rev_util_helpfulness|paper_align|Qwen3-0.6B] step=405 epoch=1.5770

                                                 

 53%|█████▎    | 405/771 [13:35<11:59,  1.97s/it]2026-09-20 16:28:17,886 INFO [rev_util_helpfulness|paper_align|Qwen3-0.6B] step=405 epoch=1.5770

                                                 

 53%|█████▎    | 405/771 [13:35<11:59,  1.97s/it]2026-09-20 16:28:18,369 INFO [rev_util_helpfulness|paper_align|Qwen3-0.6B] step=405 epoch=1.5770

                                                 

 53%|█████▎    | 405/771 [13:36<11:59,  1.97s/it]2026-09-20 16:28:18,847 INFO [rev_util_helpfulness|paper_align|Qwen3-0.6B] step=405 epoch=1.5770

                                                 

 53%|█████▎    | 405/771 [13:36<11:59,  1.97s/it]
 53%|█████▎    | 406/771 [13:36<11:57,  1.97s/it]2026-09-20 16:28:19,373 INFO [rev_util_helpfulness|paper_align|Qwen3-0.6B] step=406 epoch=1.5809

                                                 
{'paper_align_label_loss': '0.01096', 'paper_align_reason_loss': '0.1399', 'epoch': '1.495'}
{'paper_align_label_loss': '0.01586', 'paper_align_reason_loss': '0.1923', 'epoch': '1.495'}
{'paper_align_label_loss': '0.1036', 'paper_align_reason_loss': '0.128', 'epoch': '1.499'}
{'paper_align_label_loss': '0.0417', 'paper_align_reason_loss': '0.124', 'epoch': '1.499'}
{'paper_align_label_loss': '0.009458', 'paper_align_reason_loss': '0.1855', 'epoch': '1.499'}
{'paper_align_label_loss': '0.04449', 'paper_align_reason_loss': '0.1453', 'epoch': '1.499'}
{'paper_align_label_loss': '0.02324', 'paper_align_reason_loss': '0.2235', 'epoch': '1.503'}
{'paper_align_label_loss': '0.06679', 'paper_align_reason_loss': '0.1406', 'epoch': '1.503'}
{'paper_align_label_loss': '0.0915', 'paper_align_reason_loss': '0.228', 'epoch': '1.503'}
{'paper_align_label_loss': '0.1043', 'paper_align_reason_loss': '0.1926', 'epoch': '1.503'}
{'paper_align_label_loss': '0.08795', 'paper_align_reason_loss': '0.2013', 'epoch': '1.507'}
{'paper_align_label_loss': '0.2127', 'paper_align_reason_loss': '0.1688', 'epoch': '1.507'}
{'paper_align_label_loss': '0.01794', 'paper_align_reason_loss': '0.1149', 'epoch': '1.507'}
{'paper_align_label_loss': '0.008375', 'paper_align_reason_loss': '0.1653', 'epoch': '1.507'}
{'paper_align_label_loss': '0.03707', 'paper_align_reason_loss': '0.1527', 'epoch': '1.511'}
{'paper_align_label_loss': '0.02063', 'paper_align_reason_loss': '0.1722', 'epoch': '1.511'}
{'paper_align_label_loss': '0.03083', 'paper_align_reason_loss': '0.1634', 'epoch': '1.511'}
{'paper_align_label_loss': '0.2029', 'paper_align_reason_loss': '0.199', 'epoch': '1.511'}
{'paper_align_label_loss': '0.3554', 'paper_align_reason_loss': '0.1751', 'epoch': '1.515'}
{'paper_align_label_loss': '0.05827', 'paper_align_reason_loss': '0.2328', 'epoch': '1.515'}
{'paper_align_label_loss': '0.04356', 'paper_align_reason_loss': '0.2225', 'epoch': '1.515'}
{'paper_align_label_loss': '0.03143', 'paper_align_reason_loss': '0.1518', 'epoch': '1.515'}
{'loss': '0.478', 'grad_norm': '6.785', 'learning_rate': '5.179e-05', 'epoch': '1.519'}
{'paper_align_label_loss': '0.007994', 'paper_align_reason_loss': '0.2091', 'epoch': '1.519'}
{'paper_align_label_loss': '0.0293', 'paper_align_reason_loss': '0.1109', 'epoch': '1.519'}
{'paper_align_label_loss': '0.02782', 'paper_align_reason_loss': '0.2025', 'epoch': '1.519'}
{'paper_align_label_loss': '0.0276', 'paper_align_reason_loss': '0.1116', 'epoch': '1.519'}
{'paper_align_label_loss': '0.1303', 'paper_align_reason_loss': '0.2046', 'epoch': '1.522'}
{'paper_align_label_loss': '0.0232', 'paper_align_reason_loss': '0.108', 'epoch': '1.522'}
{'paper_align_label_loss': '0.01357', 'paper_align_reason_loss': '0.1377', 'epoch': '1.522'}
{'paper_align_label_loss': '0.2222', 'paper_align_reason_loss': '0.233', 'epoch': '1.522'}
{'paper_align_label_loss': '0.03036', 'paper_align_reason_loss': '0.1702', 'epoch': '1.526'}
{'paper_align_label_loss': '0.01933', 'paper_align_reason_loss': '0.2342', 'epoch': '1.526'}
{'paper_align_label_loss': '0.01739', 'paper_align_reason_loss': '0.1443', 'epoch': '1.526'}
{'paper_align_label_loss': '0.007181', 'paper_align_reason_loss': '0.145', 'epoch': '1.526'}
{'paper_align_label_loss': '0.127', 'paper_align_reason_loss': '0.1188', 'epoch': '1.53'}
{'paper_align_label_loss': '0.02015', 'paper_align_reason_loss': '0.1352', 'epoch': '1.53'}
{'paper_align_label_loss': '0.02421', 'paper_align_reason_loss': '0.1229', 'epoch': '1.53'}
{'paper_align_label_loss': '0.04766', 'paper_align_reason_loss': '0.1239', 'epoch': '1.53'}
{'paper_align_label_loss': '0.1469', 'paper_align_reason_loss': '0.1875', 'epoch': '1.534'}
{'paper_align_label_loss': '0.05164', 'paper_align_reason_loss': '0.1682', 'epoch': '1.534'}
{'paper_align_label_loss': '0.02219', 'paper_align_reason_loss': '0.2003', 'epoch': '1.534'}
{'paper_align_label_loss': '0.01436', 'paper_align_reason_loss': '0.1278', 'epoch': '1.534'}
{'paper_align_label_loss': '0.02199', 'paper_align_reason_loss': '0.2114', 'epoch': '1.538'}
{'paper_align_label_loss': '0.02888', 'paper_align_reason_loss': '0.1443', 'epoch': '1.538'}
{'paper_align_label_loss': '0.1643', 'paper_align_reason_loss': '0.1811', 'epoch': '1.538'}
{'paper_align_label_loss': '0.01481', 'paper_align_reason_loss': '0.1194', 'epoch': '1.538'}
{'paper_align_label_loss': '0.01456', 'paper_align_reason_loss': '0.1636', 'epoch': '1.542'}
{'paper_align_label_loss': '0.06742', 'paper_align_reason_loss': '0.1351', 'epoch': '1.542'}
{'paper_align_label_loss': '0.03042', 'paper_align_reason_loss': '0.1436', 'epoch': '1.542'}
{'paper_align_label_loss': '0.03695', 'paper_align_reason_loss': '0.2113', 'epoch': '1.542'}
{'paper_align_label_loss': '0.03213', 'paper_align_reason_loss': '0.1904', 'epoch': '1.546'}
{'paper_align_label_loss': '0.009692', 'paper_align_reason_loss': '0.1902', 'epoch': '1.546'}
{'paper_align_label_loss': '0.01564', 'paper_align_reason_loss': '0.1528', 'epoch': '1.546'}
{'paper_align_label_loss': '0.01955', 'paper_align_reason_loss': '0.1744', 'epoch': '1.546'}
{'paper_align_label_loss': '0.1298', 'paper_align_reason_loss': '0.2108', 'epoch': '1.55'}
{'paper_align_label_loss': '0.03079', 'paper_align_reason_loss': '0.1842', 'epoch': '1.55'}
{'paper_align_label_loss': '0.07062', 'paper_align_reason_loss': '0.1725', 'epoch': '1.55'}
{'paper_align_label_loss': '0.01', 'paper_align_reason_loss': '0.1551', 'epoch': '1.55'}
{'paper_align_label_loss': '0.01892', 'paper_align_reason_loss': '0.115', 'epoch': '1.554'}
{'paper_align_label_loss': '0.004327', 'paper_align_reason_loss': '0.07781', 'epoch': '1.554'}
{'paper_align_label_loss': '0.01355', 'paper_align_reason_loss': '0.1004', 'epoch': '1.554'}
{'paper_align_label_loss': '0.07008', 'paper_align_reason_loss': '0.18', 'epoch': '1.554'}
{'loss': '0.4112', 'grad_norm': '3.944', 'learning_rate': '4.968e-05', 'epoch': '1.558'}
{'paper_align_label_loss': '0.1501', 'paper_align_reason_loss': '0.2246', 'epoch': '1.558'}
{'paper_align_label_loss': '0.01476', 'paper_align_reason_loss': '0.09907', 'epoch': '1.558'}
{'paper_align_label_loss': '0.0716', 'paper_align_reason_loss': '0.1191', 'epoch': '1.558'}
{'paper_align_label_loss': '0.009015', 'paper_align_reason_loss': '0.1375', 'epoch': '1.558'}
{'paper_align_label_loss': '0.01512', 'paper_align_reason_loss': '0.1083', 'epoch': '1.561'}
{'paper_align_label_loss': '0.08332', 'paper_align_reason_loss': '0.1728', 'epoch': '1.561'}
{'paper_align_label_loss': '0.08058', 'paper_align_reason_loss': '0.1689', 'epoch': '1.561'}
{'paper_align_label_loss': '0.2424', 'paper_align_reason_loss': '0.1364', 'epoch': '1.561'}
{'paper_align_label_loss': '0.02057', 'paper_align_reason_loss': '0.1401', 'epoch': '1.565'}
{'paper_align_label_loss': '0.09191', 'paper_align_reason_loss': '0.1043', 'epoch': '1.565'}
{'paper_align_label_loss': '0.02062', 'paper_align_reason_loss': '0.1393', 'epoch': '1.565'}
{'paper_align_label_loss': '0.008511', 'paper_align_reason_loss': '0.2269', 'epoch': '1.565'}
{'paper_align_label_loss': '0.01359', 'paper_align_reason_loss': '0.2204', 'epoch': '1.569'}
{'paper_align_label_loss': '0.02081', 'paper_align_reason_loss': '0.1626', 'epoch': '1.569'}
{'paper_align_label_loss': '0.01173', 'paper_align_reason_loss': '0.1768', 'epoch': '1.569'}
{'paper_align_label_loss': '0.1213', 'paper_align_reason_loss': '0.1598', 'epoch': '1.569'}
{'paper_align_label_loss': '0.02409', 'paper_align_reason_loss': '0.1437', 'epoch': '1.573'}
{'paper_align_label_loss': '0.03539', 'paper_align_reason_loss': '0.1511', 'epoch': '1.573'}
{'paper_align_label_loss': '0.03385', 'paper_align_reason_loss': '0.1292', 'epoch': '1.573'}
{'paper_align_label_loss': '0.05571', 'paper_align_reason_loss': '0.1755', 'epoch': '1.573'}
{'paper_align_label_loss': '0.04204', 'paper_align_reason_loss': '0.1785', 'epoch': '1.577'}
{'paper_align_label_loss': '0.01403', 'paper_align_reason_loss': '0.1512', 'epoch': '1.577'}
{'paper_align_label_loss': '0.001585', 'paper_align_reason_loss': '0.2052', 'epoch': '1.577'}
{'paper_align_label_loss': '0.2417', 'paper_align_reason_loss': '0.2163', 'epoch': '1.577'}

 53%|█████▎    | 406/771 [13:37<11:57,  1.97s/it]2026-09-20 16:28:19,852 INFO [rev_util_helpfulness|paper_align|Qwen3-0.6B] step=406 epoch=1.5809

                                                 

 53%|█████▎    | 406/771 [13:37<11:57,  1.97s/it]2026-09-20 16:28:20,547 INFO [rev_util_helpfulness|paper_align|Qwen3-0.6B] step=406 epoch=1.5809

                                                 

 53%|█████▎    | 406/771 [13:38<11:57,  1.97s/it]2026-09-20 16:28:21,043 INFO [rev_util_helpfulness|paper_align|Qwen3-0.6B] step=406 epoch=1.5809

                                                 

 53%|█████▎    | 406/771 [13:38<11:57,  1.97s/it]
 53%|█████▎    | 407/771 [13:39<12:20,  2.03s/it]2026-09-20 16:28:21,565 INFO [rev_util_helpfulness|paper_align|Qwen3-0.6B] step=407 epoch=1.5848

                                                 

 53%|█████▎    | 407/771 [13:39<12:20,  2.03s/it]2026-09-20 16:28:22,063 INFO [rev_util_helpfulness|paper_align|Qwen3-0.6B] step=407 epoch=1.5848

                                                 

 53%|█████▎    | 407/771 [13:39<12:20,  2.03s/it]2026-09-20 16:28:22,545 INFO [rev_util_helpfulness|paper_align|Qwen3-0.6B] step=407 epoch=1.5848

                                                 

 53%|█████▎    | 407/771 [13:40<12:20,  2.03s/it]2026-09-20 16:28:23,046 INFO [rev_util_helpfulness|paper_align|Qwen3-0.6B] step=407 epoch=1.5848

                                                 

 53%|█████▎    | 407/771 [13:40<12:20,  2.03s/it]
 53%|█████▎    | 408/771 [13:41<12:14,  2.02s/it]2026-09-20 16:28:23,563 INFO [rev_util_helpfulness|paper_align|Qwen3-0.6B] step=408 epoch=1.5887

                                                 

 53%|█████▎    | 408/771 [13:41<12:14,  2.02s/it]2026-09-20 16:28:24,043 INFO [rev_util_helpfulness|paper_align|Qwen3-0.6B] step=408 epoch=1.5887

                                                 

 53%|█████▎    | 408/771 [13:41<12:14,  2.02s/it]2026-09-20 16:28:24,514 INFO [rev_util_helpfulness|paper_align|Qwen3-0.6B] step=408 epoch=1.5887

                                                 

 53%|█████▎    | 408/771 [13:42<12:14,  2.02s/it]2026-09-20 16:28:24,998 INFO [rev_util_helpfulness|paper_align|Qwen3-0.6B] step=408 epoch=1.5887

                                                 

 53%|█████▎    | 408/771 [13:42<12:14,  2.02s/it]
 53%|█████▎    | 409/771 [13:43<12:04,  2.00s/it]2026-09-20 16:28:25,510 INFO [rev_util_helpfulness|paper_align|Qwen3-0.6B] step=409 epoch=1.5926

                                                 

 53%|█████▎    | 409/771 [13:43<12:04,  2.00s/it]2026-09-20 16:28:25,990 INFO [rev_util_helpfulness|paper_align|Qwen3-0.6B] step=409 epoch=1.5926

                                                 

 53%|█████▎    | 409/771 [13:43<12:04,  2.00s/it]2026-09-20 16:28:26,458 INFO [rev_util_helpfulness|paper_align|Qwen3-0.6B] step=409 epoch=1.5926

                                                 

 53%|█████▎    | 409/771 [13:44<12:04,  2.00s/it]2026-09-20 16:28:26,932 INFO [rev_util_helpfulness|paper_align|Qwen3-0.6B] step=409 epoch=1.5926

                                                 

 53%|█████▎    | 409/771 [13:44<12:04,  2.00s/it]
 53%|█████▎    | 410/771 [13:44<11:55,  1.98s/it]2026-09-20 16:28:27,269 INFO [rev_util_helpfulness|paper_align|Qwen3-0.6B] step=410 loss=0.4224 learning_rate=0.0000 epoch=1.5965

                                                 

 53%|█████▎    | 410/771 [13:44<11:55,  1.98s/it]2026-09-20 16:28:27,444 INFO [rev_util_helpfulness|paper_align|Qwen3-0.6B] step=410 epoch=1.5965

                                                 

 53%|█████▎    | 410/771 [13:45<11:55,  1.98s/it]2026-09-20 16:28:27,899 INFO [rev_util_helpfulness|paper_align|Qwen3-0.6B] step=410 epoch=1.5965

                                                 

 53%|█████▎    | 410/771 [13:45<11:55,  1.98s/it]2026-09-20 16:28:28,372 INFO [rev_util_helpfulness|paper_align|Qwen3-0.6B] step=410 epoch=1.5965

                                                 

 53%|█████▎    | 410/771 [13:46<11:55,  1.98s/it]2026-09-20 16:28:28,839 INFO [rev_util_helpfulness|paper_align|Qwen3-0.6B] step=410 epoch=1.5965

                                                 

 53%|█████▎    | 410/771 [13:46<11:55,  1.98s/it]
 53%|█████▎    | 411/771 [13:46<11:44,  1.96s/it]2026-09-20 16:28:29,342 INFO [rev_util_helpfulness|paper_align|Qwen3-0.6B] step=411 epoch=1.6004

                                                 

 53%|█████▎    | 411/771 [13:47<11:44,  1.96s/it]2026-09-20 16:28:29,992 INFO [rev_util_helpfulness|paper_align|Qwen3-0.6B] step=411 epoch=1.6004

                                                 

 53%|█████▎    | 411/771 [13:47<11:44,  1.96s/it]2026-09-20 16:28:30,461 INFO [rev_util_helpfulness|paper_align|Qwen3-0.6B] step=411 epoch=1.6004

                                                 

 53%|█████▎    | 411/771 [13:48<11:44,  1.96s/it]2026-09-20 16:28:30,927 INFO [rev_util_helpfulness|paper_align|Qwen3-0.6B] step=411 epoch=1.6004

                                                 

 53%|█████▎    | 411/771 [13:48<11:44,  1.96s/it]
 53%|█████▎    | 412/771 [13:48<11:56,  2.00s/it]2026-09-20 16:28:31,436 INFO [rev_util_helpfulness|paper_align|Qwen3-0.6B] step=412 epoch=1.6043

                                                 

 53%|█████▎    | 412/771 [13:49<11:56,  2.00s/it]2026-09-20 16:28:31,903 INFO [rev_util_helpfulness|paper_align|Qwen3-0.6B] step=412 epoch=1.6043

                                                 

 53%|█████▎    | 412/771 [13:49<11:56,  2.00s/it]2026-09-20 16:28:32,375 INFO [rev_util_helpfulness|paper_align|Qwen3-0.6B] step=412 epoch=1.6043

                                                 

 53%|█████▎    | 412/771 [13:50<11:56,  2.00s/it]2026-09-20 16:28:32,850 INFO [rev_util_helpfulness|paper_align|Qwen3-0.6B] step=412 epoch=1.6043

                                                 

 53%|█████▎    | 412/771 [13:50<11:56,  2.00s/it]
 54%|█████▎    | 413/771 [13:50<11:46,  1.97s/it]2026-09-20 16:28:33,353 INFO [rev_util_helpfulness|paper_align|Qwen3-0.6B] step=413 epoch=1.6082

                                                 

 54%|█████▎    | 413/771 [13:51<11:46,  1.97s/it]2026-09-20 16:28:33,822 INFO [rev_util_helpfulness|paper_align|Qwen3-0.6B] step=413 epoch=1.6082

                                                 

 54%|█████▎    | 413/771 [13:51<11:46,  1.97s/it]2026-09-20 16:28:34,292 INFO [rev_util_helpfulness|paper_align|Qwen3-0.6B] step=413 epoch=1.6082

                                                 

 54%|█████▎    | 413/771 [13:52<11:46,  1.97s/it]2026-09-20 16:28:34,765 INFO [rev_util_helpfulness|paper_align|Qwen3-0.6B] step=413 epoch=1.6082

                                                 

 54%|█████▎    | 413/771 [13:52<11:46,  1.97s/it]
 54%|█████▎    | 414/771 [13:52<11:38,  1.96s/it]2026-09-20 16:28:35,273 INFO [rev_util_helpfulness|paper_align|Qwen3-0.6B] step=414 epoch=1.6121

                                                 

 54%|█████▎    | 414/771 [13:52<11:38,  1.96s/it]2026-09-20 16:28:35,740 INFO [rev_util_helpfulness|paper_align|Qwen3-0.6B] step=414 epoch=1.6121

                                                 

 54%|█████▎    | 414/771 [13:53<11:38,  1.96s/it]2026-09-20 16:28:36,223 INFO [rev_util_helpfulness|paper_align|Qwen3-0.6B] step=414 epoch=1.6121

                                                 

 54%|█████▎    | 414/771 [13:53<11:38,  1.96s/it]2026-09-20 16:28:36,706 INFO [rev_util_helpfulness|paper_align|Qwen3-0.6B] step=414 epoch=1.6121

                                                 

 54%|█████▎    | 414/771 [13:54<11:38,  1.96s/it]
 54%|█████▍    | 415/771 [13:54<11:34,  1.95s/it]2026-09-20 16:28:37,208 INFO [rev_util_helpfulness|paper_align|Qwen3-0.6B] step=415 epoch=1.6160

                                                 

 54%|█████▍    | 415/771 [13:54<11:34,  1.95s/it]2026-09-20 16:28:37,677 INFO [rev_util_helpfulness|paper_align|Qwen3-0.6B] step=415 epoch=1.6160

                                                 

 54%|█████▍    | 415/771 [13:55<11:34,  1.95s/it]2026-09-20 16:28:38,151 INFO [rev_util_helpfulness|paper_align|Qwen3-0.6B] step=415 epoch=1.6160

                                                 

 54%|█████▍    | 415/771 [13:55<11:34,  1.95s/it]2026-09-20 16:28:38,620 INFO [rev_util_helpfulness|paper_align|Qwen3-0.6B] step=415 epoch=1.6160

                                                 

 54%|█████▍    | 415/771 [13:56<11:34,  1.95s/it]
 54%|█████▍    | 416/771 [13:56<11:28,  1.94s/it]2026-09-20 16:28:39,128 INFO [rev_util_helpfulness|paper_align|Qwen3-0.6B] step=416 epoch=1.6199

                                                 

 54%|█████▍    | 416/771 [13:56<11:28,  1.94s/it]2026-09-20 16:28:39,786 INFO [rev_util_helpfulness|paper_align|Qwen3-0.6B] step=416 epoch=1.6199

                                                 

 54%|█████▍    | 416/771 [13:57<11:28,  1.94s/it]2026-09-20 16:28:40,261 INFO [rev_util_helpfulness|paper_align|Qwen3-0.6B] step=416 epoch=1.6199

                                                 

 54%|█████▍    | 416/771 [13:57<11:28,  1.94s/it]2026-09-20 16:28:40,739 INFO [rev_util_helpfulness|paper_align|Qwen3-0.6B] step=416 epoch=1.6199

                                                 

 54%|█████▍    | 416/771 [13:58<11:28,  1.94s/it]
 54%|█████▍    | 417/771 [13:58<11:46,  2.00s/it]2026-09-20 16:28:41,253 INFO [rev_util_helpfulness|paper_align|Qwen3-0.6B] step=417 epoch=1.6238

                                                 

 54%|█████▍    | 417/771 [13:58<11:46,  2.00s/it]2026-09-20 16:28:41,726 INFO [rev_util_helpfulness|paper_align|Qwen3-0.6B] step=417 epoch=1.6238

                                                 

 54%|█████▍    | 417/771 [13:59<11:46,  2.00s/it]2026-09-20 16:28:42,204 INFO [rev_util_helpfulness|paper_align|Qwen3-0.6B] step=417 epoch=1.6238

                                                 

 54%|█████▍    | 417/771 [13:59<11:46,  2.00s/it]2026-09-20 16:28:42,685 INFO [rev_util_helpfulness|paper_align|Qwen3-0.6B] step=417 epoch=1.6238

                                                 

 54%|█████▍    | 417/771 [14:00<11:46,  2.00s/it]
 54%|█████▍    | 418/771 [14:00<11:39,  1.98s/it]2026-09-20 16:28:43,212 INFO [rev_util_helpfulness|paper_align|Qwen3-0.6B] step=418 epoch=1.6277

                                                 

 54%|█████▍    | 418/771 [14:00<11:39,  1.98s/it]2026-09-20 16:28:43,689 INFO [rev_util_helpfulness|paper_align|Qwen3-0.6B] step=418 epoch=1.6277

                                                 

 54%|█████▍    | 418/771 [14:01<11:39,  1.98s/it]2026-09-20 16:28:44,167 INFO [rev_util_helpfulness|paper_align|Qwen3-0.6B] step=418 epoch=1.6277

                                                 

 54%|█████▍    | 418/771 [14:01<11:39,  1.98s/it]2026-09-20 16:28:44,643 INFO [rev_util_helpfulness|paper_align|Qwen3-0.6B] step=418 epoch=1.6277

                                                 

 54%|█████▍    | 418/771 [14:02<11:39,  1.98s/it]
 54%|█████▍    | 419/771 [14:02<11:34,  1.97s/it]2026-09-20 16:28:45,160 INFO [rev_util_helpfulness|paper_align|Qwen3-0.6B] step=419 epoch=1.6316

                                                 

 54%|█████▍    | 419/771 [14:02<11:34,  1.97s/it]2026-09-20 16:28:45,638 INFO [rev_util_helpfulness|paper_align|Qwen3-0.6B] step=419 epoch=1.6316

                                                 

 54%|█████▍    | 419/771 [14:03<11:34,  1.97s/it]2026-09-20 16:28:46,115 INFO [rev_util_helpfulness|paper_align|Qwen3-0.6B] step=419 epoch=1.6316

                                                 

 54%|█████▍    | 419/771 [14:03<11:34,  1.97s/it]2026-09-20 16:28:46,595 INFO [rev_util_helpfulness|paper_align|Qwen3-0.6B] step=419 epoch=1.6316

                                                 

 54%|█████▍    | 419/771 [14:04<11:34,  1.97s/it]
 54%|█████▍    | 420/771 [14:04<11:32,  1.97s/it]2026-09-20 16:28:46,944 INFO [rev_util_helpfulness|paper_align|Qwen3-0.6B] step=420 loss=0.4784 learning_rate=0.0000 epoch=1.6355

                                                 

 54%|█████▍    | 420/771 [14:04<11:32,  1.97s/it]2026-09-20 16:28:47,125 INFO [rev_util_helpfulness|paper_align|Qwen3-0.6B] step=420 epoch=1.6355

                                                 

 54%|█████▍    | 420/771 [14:04<11:32,  1.97s/it]2026-09-20 16:28:47,601 INFO [rev_util_helpfulness|paper_align|Qwen3-0.6B] step=420 epoch=1.6355

                                                 

 54%|█████▍    | 420/771 [14:05<11:32,  1.97s/it]2026-09-20 16:28:48,081 INFO [rev_util_helpfulness|paper_align|Qwen3-0.6B] step=420 epoch=1.6355

                                                 

 54%|█████▍    | 420/771 [14:05<11:32,  1.97s/it]2026-09-20 16:28:48,557 INFO [rev_util_helpfulness|paper_align|Qwen3-0.6B] step=420 epoch=1.6355

                                                 

 54%|█████▍    | 420/771 [14:06<11:32,  1.97s/it]
 55%|█████▍    | 421/771 [14:06<11:27,  1.96s/it]2026-09-20 16:28:49,072 INFO [rev_util_helpfulness|paper_align|Qwen3-0.6B] step=421 epoch=1.6394

                                                 

 55%|█████▍    | 421/771 [14:06<11:27,  1.96s/it]2026-09-20 16:28:49,554 INFO [rev_util_helpfulness|paper_align|Qwen3-0.6B] step=421 epoch=1.6394

                                                 

 55%|█████▍    | 421/771 [14:07<11:27,  1.96s/it]2026-09-20 16:28:50,232 INFO [rev_util_helpfulness|paper_align|Qwen3-0.6B] step=421 epoch=1.6394

                                                 

 55%|█████▍    | 421/771 [14:07<11:27,  1.96s/it]2026-09-20 16:28:50,716 INFO [rev_util_helpfulness|paper_align|Qwen3-0.6B] step=421 epoch=1.6394

                                                 

 55%|█████▍    | 421/771 [14:08<11:27,  1.96s/it]
 55%|█████▍    | 422/771 [14:08<11:46,  2.02s/it]2026-09-20 16:28:51,235 INFO [rev_util_helpfulness|paper_align|Qwen3-0.6B] step=422 epoch=1.6433

                                                 

 55%|█████▍    | 422/771 [14:08<11:46,  2.02s/it]2026-09-20 16:28:51,710 INFO [rev_util_helpfulness|paper_align|Qwen3-0.6B] step=422 epoch=1.6433

                                                 

 55%|█████▍    | 422/771 [14:09<11:46,  2.02s/it]2026-09-20 16:28:52,192 INFO [rev_util_helpfulness|paper_align|Qwen3-0.6B] step=422 epoch=1.6433

                                                 

 55%|█████▍    | 422/771 [14:09<11:46,  2.02s/it]2026-09-20 16:28:52,667 INFO [rev_util_helpfulness|paper_align|Qwen3-0.6B] step=422 epoch=1.6433

                                                 

 55%|█████▍    | 422/771 [14:10<11:46,  2.02s/it]
 55%|█████▍    | 423/771 [14:10<11:35,  2.00s/it]2026-09-20 16:28:53,177 INFO [rev_util_helpfulness|paper_align|Qwen3-0.6B] step=423 epoch=1.6472

                                                 

 55%|█████▍    | 423/771 [14:10<11:35,  2.00s/it]2026-09-20 16:28:53,644 INFO [rev_util_helpfulness|paper_align|Qwen3-0.6B] step=423 epoch=1.6472

                                                 

 55%|█████▍    | 423/771 [14:11<11:35,  2.00s/it]2026-09-20 16:28:54,120 INFO [rev_util_helpfulness|paper_align|Qwen3-0.6B] step=423 epoch=1.6472

                                                 

 55%|█████▍    | 423/771 [14:11<11:35,  2.00s/it]2026-09-20 16:28:54,594 INFO [rev_util_helpfulness|paper_align|Qwen3-0.6B] step=423 epoch=1.6472

                                                 

 55%|█████▍    | 423/771 [14:12<11:35,  2.00s/it]
 55%|█████▍    | 424/771 [14:12<11:26,  1.98s/it]2026-09-20 16:28:55,109 INFO [rev_util_helpfulness|paper_align|Qwen3-0.6B] step=424 epoch=1.6511

                                                 

 55%|█████▍    | 424/771 [14:12<11:26,  1.98s/it]2026-09-20 16:28:55,589 INFO [rev_util_helpfulness|paper_align|Qwen3-0.6B] step=424 epoch=1.6511

                                                 

 55%|█████▍    | 424/771 [14:13<11:26,  1.98s/it]2026-09-20 16:28:56,065 INFO [rev_util_helpfulness|paper_align|Qwen3-0.6B] step=424 epoch=1.6511

                                                 

 55%|█████▍    | 424/771 [14:13<11:26,  1.98s/it]2026-09-20 16:28:56,535 INFO [rev_util_helpfulness|paper_align|Qwen3-0.6B] step=424 epoch=1.6511

                                                 

 55%|█████▍    | 424/771 [14:14<11:26,  1.98s/it]
 55%|█████▌    | 425/771 [14:14<11:20,  1.97s/it]2026-09-20 16:28:57,043 INFO [rev_util_helpfulness|paper_align|Qwen3-0.6B] step=425 epoch=1.6550

                                                 

 55%|█████▌    | 425/771 [14:14<11:20,  1.97s/it]2026-09-20 16:28:57,521 INFO [rev_util_helpfulness|paper_align|Qwen3-0.6B] step=425 epoch=1.6550

                                                 

 55%|█████▌    | 425/771 [14:15<11:20,  1.97s/it]2026-09-20 16:28:57,994 INFO [rev_util_helpfulness|paper_align|Qwen3-0.6B] step=425 epoch=1.6550

                                                 

 55%|█████▌    | 425/771 [14:15<11:20,  1.97s/it]2026-09-20 16:28:58,464 INFO [rev_util_helpfulness|paper_align|Qwen3-0.6B] step=425 epoch=1.6550

                                                 

 55%|█████▌    | 425/771 [14:16<11:20,  1.97s/it]
 55%|█████▌    | 426/771 [14:16<11:14,  1.96s/it]2026-09-20 16:28:58,971 INFO [rev_util_helpfulness|paper_align|Qwen3-0.6B] step=426 epoch=1.6589

                                                 

 55%|█████▌    | 426/771 [14:16<11:14,  1.96s/it]2026-09-20 16:28:59,434 INFO [rev_util_helpfulness|paper_align|Qwen3-0.6B] step=426 epoch=1.6589

                                                 

 55%|█████▌    | 426/771 [14:17<11:14,  1.96s/it]2026-09-20 16:28:59,897 INFO [rev_util_helpfulness|paper_align|Qwen3-0.6B] step=426 epoch=1.6589

                                                 

 55%|█████▌    | 426/771 [14:17<11:14,  1.96s/it]2026-09-20 16:29:00,559 INFO [rev_util_helpfulness|paper_align|Qwen3-0.6B] step=426 epoch=1.6589

                                                 

 55%|█████▌    | 426/771 [14:18<11:14,  1.96s/it]
 55%|█████▌    | 427/771 [14:18<11:27,  2.00s/it]2026-09-20 16:29:01,070 INFO [rev_util_helpfulness|paper_align|Qwen3-0.6B] step=427 epoch=1.6628

                                                 

 55%|█████▌    | 427/771 [14:18<11:27,  2.00s/it]2026-09-20 16:29:01,543 INFO [rev_util_helpfulness|paper_align|Qwen3-0.6B] step=427 epoch=1.6628

                                                 

 55%|█████▌    | 427/771 [14:19<11:27,  2.00s/it]2026-09-20 16:29:02,056 INFO [rev_util_helpfulness|paper_align|Qwen3-0.6B] step=427 epoch=1.6628

                                                 
{'paper_align_label_loss': '0.1262', 'paper_align_reason_loss': '0.1208', 'epoch': '1.581'}
{'paper_align_label_loss': '0.00646', 'paper_align_reason_loss': '0.1824', 'epoch': '1.581'}
{'paper_align_label_loss': '0.07833', 'paper_align_reason_loss': '0.1735', 'epoch': '1.581'}
{'paper_align_label_loss': '0.03057', 'paper_align_reason_loss': '0.1617', 'epoch': '1.581'}
{'paper_align_label_loss': '0.0064', 'paper_align_reason_loss': '0.2038', 'epoch': '1.585'}
{'paper_align_label_loss': '0.01154', 'paper_align_reason_loss': '0.1449', 'epoch': '1.585'}
{'paper_align_label_loss': '0.09855', 'paper_align_reason_loss': '0.1583', 'epoch': '1.585'}
{'paper_align_label_loss': '0.02915', 'paper_align_reason_loss': '0.1505', 'epoch': '1.585'}
{'paper_align_label_loss': '0.03991', 'paper_align_reason_loss': '0.1688', 'epoch': '1.589'}
{'paper_align_label_loss': '0.006191', 'paper_align_reason_loss': '0.1505', 'epoch': '1.589'}
{'paper_align_label_loss': '0.01609', 'paper_align_reason_loss': '0.1155', 'epoch': '1.589'}
{'paper_align_label_loss': '0.09374', 'paper_align_reason_loss': '0.1338', 'epoch': '1.589'}
{'paper_align_label_loss': '0.03524', 'paper_align_reason_loss': '0.1404', 'epoch': '1.593'}
{'paper_align_label_loss': '0.04249', 'paper_align_reason_loss': '0.1629', 'epoch': '1.593'}
{'paper_align_label_loss': '0.08908', 'paper_align_reason_loss': '0.1286', 'epoch': '1.593'}
{'paper_align_label_loss': '0.01071', 'paper_align_reason_loss': '0.16', 'epoch': '1.593'}
{'loss': '0.4224', 'grad_norm': '5.438', 'learning_rate': '4.758e-05', 'epoch': '1.596'}
{'paper_align_label_loss': '0.1747', 'paper_align_reason_loss': '0.1692', 'epoch': '1.596'}
{'paper_align_label_loss': '0.1521', 'paper_align_reason_loss': '0.1391', 'epoch': '1.596'}
{'paper_align_label_loss': '0.0426', 'paper_align_reason_loss': '0.1833', 'epoch': '1.596'}
{'paper_align_label_loss': '0.09243', 'paper_align_reason_loss': '0.1731', 'epoch': '1.596'}
{'paper_align_label_loss': '0.1376', 'paper_align_reason_loss': '0.1972', 'epoch': '1.6'}
{'paper_align_label_loss': '0.088', 'paper_align_reason_loss': '0.2421', 'epoch': '1.6'}
{'paper_align_label_loss': '0.08855', 'paper_align_reason_loss': '0.1049', 'epoch': '1.6'}
{'paper_align_label_loss': '0.1055', 'paper_align_reason_loss': '0.2198', 'epoch': '1.6'}
{'paper_align_label_loss': '0.01558', 'paper_align_reason_loss': '0.1628', 'epoch': '1.604'}
{'paper_align_label_loss': '0.008797', 'paper_align_reason_loss': '0.1802', 'epoch': '1.604'}
{'paper_align_label_loss': '0.04344', 'paper_align_reason_loss': '0.2174', 'epoch': '1.604'}
{'paper_align_label_loss': '0.03446', 'paper_align_reason_loss': '0.1004', 'epoch': '1.604'}
{'paper_align_label_loss': '0.01197', 'paper_align_reason_loss': '0.1265', 'epoch': '1.608'}
{'paper_align_label_loss': '0.1738', 'paper_align_reason_loss': '0.1226', 'epoch': '1.608'}
{'paper_align_label_loss': '0.01525', 'paper_align_reason_loss': '0.1057', 'epoch': '1.608'}
{'paper_align_label_loss': '0.02529', 'paper_align_reason_loss': '0.1515', 'epoch': '1.608'}
{'paper_align_label_loss': '0.1319', 'paper_align_reason_loss': '0.1602', 'epoch': '1.612'}
{'paper_align_label_loss': '0.07693', 'paper_align_reason_loss': '0.1581', 'epoch': '1.612'}
{'paper_align_label_loss': '0.0156', 'paper_align_reason_loss': '0.1638', 'epoch': '1.612'}
{'paper_align_label_loss': '0.05334', 'paper_align_reason_loss': '0.1646', 'epoch': '1.612'}
{'paper_align_label_loss': '0.173', 'paper_align_reason_loss': '0.15', 'epoch': '1.616'}
{'paper_align_label_loss': '0.003685', 'paper_align_reason_loss': '0.1451', 'epoch': '1.616'}
{'paper_align_label_loss': '0.1102', 'paper_align_reason_loss': '0.1544', 'epoch': '1.616'}
{'paper_align_label_loss': '0.06949', 'paper_align_reason_loss': '0.1205', 'epoch': '1.616'}
{'paper_align_label_loss': '0.01145', 'paper_align_reason_loss': '0.1722', 'epoch': '1.62'}
{'paper_align_label_loss': '0.09903', 'paper_align_reason_loss': '0.1739', 'epoch': '1.62'}
{'paper_align_label_loss': '0.08402', 'paper_align_reason_loss': '0.2717', 'epoch': '1.62'}
{'paper_align_label_loss': '0.009265', 'paper_align_reason_loss': '0.1733', 'epoch': '1.62'}
{'paper_align_label_loss': '0.01464', 'paper_align_reason_loss': '0.2382', 'epoch': '1.624'}
{'paper_align_label_loss': '0.01348', 'paper_align_reason_loss': '0.158', 'epoch': '1.624'}
{'paper_align_label_loss': '0.1361', 'paper_align_reason_loss': '0.2132', 'epoch': '1.624'}
{'paper_align_label_loss': '0.272', 'paper_align_reason_loss': '0.1778', 'epoch': '1.624'}
{'paper_align_label_loss': '0.008859', 'paper_align_reason_loss': '0.1947', 'epoch': '1.628'}
{'paper_align_label_loss': '0.0265', 'paper_align_reason_loss': '0.1314', 'epoch': '1.628'}
{'paper_align_label_loss': '0.07561', 'paper_align_reason_loss': '0.1673', 'epoch': '1.628'}
{'paper_align_label_loss': '0.01398', 'paper_align_reason_loss': '0.1727', 'epoch': '1.628'}
{'paper_align_label_loss': '0.04926', 'paper_align_reason_loss': '0.1934', 'epoch': '1.632'}
{'paper_align_label_loss': '0.03204', 'paper_align_reason_loss': '0.2665', 'epoch': '1.632'}
{'paper_align_label_loss': '0.02681', 'paper_align_reason_loss': '0.1497', 'epoch': '1.632'}
{'paper_align_label_loss': '0.009892', 'paper_align_reason_loss': '0.1752', 'epoch': '1.632'}
{'loss': '0.4784', 'grad_norm': '4.438', 'learning_rate': '4.549e-05', 'epoch': '1.635'}
{'paper_align_label_loss': '0.02785', 'paper_align_reason_loss': '0.2607', 'epoch': '1.635'}
{'paper_align_label_loss': '0.06379', 'paper_align_reason_loss': '0.1965', 'epoch': '1.635'}
{'paper_align_label_loss': '0.3514', 'paper_align_reason_loss': '0.1847', 'epoch': '1.635'}
{'paper_align_label_loss': '0.05975', 'paper_align_reason_loss': '0.2262', 'epoch': '1.635'}
{'paper_align_label_loss': '0.02439', 'paper_align_reason_loss': '0.2622', 'epoch': '1.639'}
{'paper_align_label_loss': '0.1094', 'paper_align_reason_loss': '0.1201', 'epoch': '1.639'}
{'paper_align_label_loss': '0.01789', 'paper_align_reason_loss': '0.1945', 'epoch': '1.639'}
{'paper_align_label_loss': '0.05261', 'paper_align_reason_loss': '0.1271', 'epoch': '1.639'}
{'paper_align_label_loss': '0.02338', 'paper_align_reason_loss': '0.1379', 'epoch': '1.643'}
{'paper_align_label_loss': '0.1287', 'paper_align_reason_loss': '0.1593', 'epoch': '1.643'}
{'paper_align_label_loss': '0.0273', 'paper_align_reason_loss': '0.196', 'epoch': '1.643'}
{'paper_align_label_loss': '0.02321', 'paper_align_reason_loss': '0.09563', 'epoch': '1.643'}
{'paper_align_label_loss': '0.02821', 'paper_align_reason_loss': '0.1688', 'epoch': '1.647'}
{'paper_align_label_loss': '0.009573', 'paper_align_reason_loss': '0.1499', 'epoch': '1.647'}
{'paper_align_label_loss': '0.01393', 'paper_align_reason_loss': '0.1909', 'epoch': '1.647'}
{'paper_align_label_loss': '0.1755', 'paper_align_reason_loss': '0.1729', 'epoch': '1.647'}
{'paper_align_label_loss': '0.03149', 'paper_align_reason_loss': '0.1345', 'epoch': '1.651'}
{'paper_align_label_loss': '0.01671', 'paper_align_reason_loss': '0.236', 'epoch': '1.651'}
{'paper_align_label_loss': '0.007402', 'paper_align_reason_loss': '0.1501', 'epoch': '1.651'}
{'paper_align_label_loss': '0.07711', 'paper_align_reason_loss': '0.191', 'epoch': '1.651'}
{'paper_align_label_loss': '0.1437', 'paper_align_reason_loss': '0.1348', 'epoch': '1.655'}
{'paper_align_label_loss': '0.07273', 'paper_align_reason_loss': '0.1527', 'epoch': '1.655'}
{'paper_align_label_loss': '0.02431', 'paper_align_reason_loss': '0.1417', 'epoch': '1.655'}
{'paper_align_label_loss': '0.01126', 'paper_align_reason_loss': '0.1363', 'epoch': '1.655'}
{'paper_align_label_loss': '0.2019', 'paper_align_reason_loss': '0.2003', 'epoch': '1.659'}
{'paper_align_label_loss': '0.09359', 'paper_align_reason_loss': '0.1613', 'epoch': '1.659'}
{'paper_align_label_loss': '0.1175', 'paper_align_reason_loss': '0.2192', 'epoch': '1.659'}
{'paper_align_label_loss': '0.01297', 'paper_align_reason_loss': '0.05143', 'epoch': '1.659'}
{'paper_align_label_loss': '0.09436', 'paper_align_reason_loss': '0.1337', 'epoch': '1.663'}
{'paper_align_label_loss': '0.1408', 'paper_align_reason_loss': '0.1954', 'epoch': '1.663'}

 55%|█████▌    | 427/771 [14:19<11:27,  2.00s/it]2026-09-20 16:29:02,538 INFO [rev_util_helpfulness|paper_align|Qwen3-0.6B] step=427 epoch=1.6628

                                                 

 55%|█████▌    | 427/771 [14:20<11:27,  2.00s/it]
 56%|█████▌    | 428/771 [14:20<11:22,  1.99s/it]2026-09-20 16:29:03,037 INFO [rev_util_helpfulness|paper_align|Qwen3-0.6B] step=428 epoch=1.6667

                                                 

 56%|█████▌    | 428/771 [14:20<11:22,  1.99s/it]2026-09-20 16:29:03,518 INFO [rev_util_helpfulness|paper_align|Qwen3-0.6B] step=428 epoch=1.6667

                                                 

 56%|█████▌    | 428/771 [14:21<11:22,  1.99s/it]2026-09-20 16:29:04,003 INFO [rev_util_helpfulness|paper_align|Qwen3-0.6B] step=428 epoch=1.6667

                                                 

 56%|█████▌    | 428/771 [14:21<11:22,  1.99s/it]2026-09-20 16:29:04,479 INFO [rev_util_helpfulness|paper_align|Qwen3-0.6B] step=428 epoch=1.6667

                                                 

 56%|█████▌    | 428/771 [14:22<11:22,  1.99s/it]
 56%|█████▌    | 429/771 [14:22<11:16,  1.98s/it]2026-09-20 16:29:04,990 INFO [rev_util_helpfulness|paper_align|Qwen3-0.6B] step=429 epoch=1.6706

                                                 

 56%|█████▌    | 429/771 [14:22<11:16,  1.98s/it]2026-09-20 16:29:05,466 INFO [rev_util_helpfulness|paper_align|Qwen3-0.6B] step=429 epoch=1.6706

                                                 

 56%|█████▌    | 429/771 [14:23<11:16,  1.98s/it]2026-09-20 16:29:05,955 INFO [rev_util_helpfulness|paper_align|Qwen3-0.6B] step=429 epoch=1.6706

                                                 

 56%|█████▌    | 429/771 [14:23<11:16,  1.98s/it]2026-09-20 16:29:06,438 INFO [rev_util_helpfulness|paper_align|Qwen3-0.6B] step=429 epoch=1.6706

                                                 

 56%|█████▌    | 429/771 [14:24<11:16,  1.98s/it]
 56%|█████▌    | 430/771 [14:24<11:12,  1.97s/it]2026-09-20 16:29:06,774 INFO [rev_util_helpfulness|paper_align|Qwen3-0.6B] step=430 loss=0.5027 learning_rate=0.0000 epoch=1.6745

                                                 

 56%|█████▌    | 430/771 [14:24<11:12,  1.97s/it]2026-09-20 16:29:06,950 INFO [rev_util_helpfulness|paper_align|Qwen3-0.6B] step=430 epoch=1.6745

                                                 

 56%|█████▌    | 430/771 [14:24<11:12,  1.97s/it]2026-09-20 16:29:07,423 INFO [rev_util_helpfulness|paper_align|Qwen3-0.6B] step=430 epoch=1.6745

                                                 

 56%|█████▌    | 430/771 [14:25<11:12,  1.97s/it]2026-09-20 16:29:07,919 INFO [rev_util_helpfulness|paper_align|Qwen3-0.6B] step=430 epoch=1.6745

                                                 

 56%|█████▌    | 430/771 [14:25<11:12,  1.97s/it]2026-09-20 16:29:08,401 INFO [rev_util_helpfulness|paper_align|Qwen3-0.6B] step=430 epoch=1.6745

                                                 

 56%|█████▌    | 430/771 [14:26<11:12,  1.97s/it]
 56%|█████▌    | 431/771 [14:26<11:09,  1.97s/it]2026-09-20 16:29:08,908 INFO [rev_util_helpfulness|paper_align|Qwen3-0.6B] step=431 epoch=1.6784

                                                 

 56%|█████▌    | 431/771 [14:26<11:09,  1.97s/it]2026-09-20 16:29:09,377 INFO [rev_util_helpfulness|paper_align|Qwen3-0.6B] step=431 epoch=1.6784

                                                 

 56%|█████▌    | 431/771 [14:27<11:09,  1.97s/it]2026-09-20 16:29:09,839 INFO [rev_util_helpfulness|paper_align|Qwen3-0.6B] step=431 epoch=1.6784

                                                 

 56%|█████▌    | 431/771 [14:27<11:09,  1.97s/it]2026-09-20 16:29:10,516 INFO [rev_util_helpfulness|paper_align|Qwen3-0.6B] step=431 epoch=1.6784

                                                 

 56%|█████▌    | 431/771 [14:28<11:09,  1.97s/it]
 56%|█████▌    | 432/771 [14:28<11:23,  2.01s/it]2026-09-20 16:29:11,033 INFO [rev_util_helpfulness|paper_align|Qwen3-0.6B] step=432 epoch=1.6823

                                                 

 56%|█████▌    | 432/771 [14:28<11:23,  2.01s/it]2026-09-20 16:29:11,517 INFO [rev_util_helpfulness|paper_align|Qwen3-0.6B] step=432 epoch=1.6823

                                                 

 56%|█████▌    | 432/771 [14:29<11:23,  2.01s/it]2026-09-20 16:29:11,999 INFO [rev_util_helpfulness|paper_align|Qwen3-0.6B] step=432 epoch=1.6823

                                                 

 56%|█████▌    | 432/771 [14:29<11:23,  2.01s/it]2026-09-20 16:29:12,469 INFO [rev_util_helpfulness|paper_align|Qwen3-0.6B] step=432 epoch=1.6823

                                                 

 56%|█████▌    | 432/771 [14:30<11:23,  2.01s/it]
 56%|█████▌    | 433/771 [14:30<11:14,  2.00s/it]2026-09-20 16:29:12,990 INFO [rev_util_helpfulness|paper_align|Qwen3-0.6B] step=433 epoch=1.6862

                                                 

 56%|█████▌    | 433/771 [14:30<11:14,  2.00s/it]2026-09-20 16:29:13,472 INFO [rev_util_helpfulness|paper_align|Qwen3-0.6B] step=433 epoch=1.6862

                                                 

 56%|█████▌    | 433/771 [14:31<11:14,  2.00s/it]2026-09-20 16:29:13,948 INFO [rev_util_helpfulness|paper_align|Qwen3-0.6B] step=433 epoch=1.6862

                                                 

 56%|█████▌    | 433/771 [14:31<11:14,  2.00s/it]2026-09-20 16:29:14,439 INFO [rev_util_helpfulness|paper_align|Qwen3-0.6B] step=433 epoch=1.6862

                                                 

 56%|█████▌    | 433/771 [14:32<11:14,  2.00s/it]
 56%|█████▋    | 434/771 [14:32<11:10,  1.99s/it]2026-09-20 16:29:14,961 INFO [rev_util_helpfulness|paper_align|Qwen3-0.6B] step=434 epoch=1.6901

                                                 

 56%|█████▋    | 434/771 [14:32<11:10,  1.99s/it]2026-09-20 16:29:15,435 INFO [rev_util_helpfulness|paper_align|Qwen3-0.6B] step=434 epoch=1.6901

                                                 

 56%|█████▋    | 434/771 [14:33<11:10,  1.99s/it]2026-09-20 16:29:15,919 INFO [rev_util_helpfulness|paper_align|Qwen3-0.6B] step=434 epoch=1.6901

                                                 

 56%|█████▋    | 434/771 [14:33<11:10,  1.99s/it]2026-09-20 16:29:16,391 INFO [rev_util_helpfulness|paper_align|Qwen3-0.6B] step=434 epoch=1.6901

                                                 

 56%|█████▋    | 434/771 [14:34<11:10,  1.99s/it]
 56%|█████▋    | 435/771 [14:34<11:02,  1.97s/it]2026-09-20 16:29:16,891 INFO [rev_util_helpfulness|paper_align|Qwen3-0.6B] step=435 epoch=1.6940

                                                 

 56%|█████▋    | 435/771 [14:34<11:02,  1.97s/it]2026-09-20 16:29:17,365 INFO [rev_util_helpfulness|paper_align|Qwen3-0.6B] step=435 epoch=1.6940

                                                 

 56%|█████▋    | 435/771 [14:35<11:02,  1.97s/it]2026-09-20 16:29:17,842 INFO [rev_util_helpfulness|paper_align|Qwen3-0.6B] step=435 epoch=1.6940

                                                 

 56%|█████▋    | 435/771 [14:35<11:02,  1.97s/it]2026-09-20 16:29:18,323 INFO [rev_util_helpfulness|paper_align|Qwen3-0.6B] step=435 epoch=1.6940

                                                 

 56%|█████▋    | 435/771 [14:36<11:02,  1.97s/it]
 57%|█████▋    | 436/771 [14:36<10:57,  1.96s/it]2026-09-20 16:29:18,828 INFO [rev_util_helpfulness|paper_align|Qwen3-0.6B] step=436 epoch=1.6979

                                                 

 57%|█████▋    | 436/771 [14:36<10:57,  1.96s/it]2026-09-20 16:29:19,300 INFO [rev_util_helpfulness|paper_align|Qwen3-0.6B] step=436 epoch=1.6979

                                                 

 57%|█████▋    | 436/771 [14:37<10:57,  1.96s/it]2026-09-20 16:29:19,779 INFO [rev_util_helpfulness|paper_align|Qwen3-0.6B] step=436 epoch=1.6979

                                                 

 57%|█████▋    | 436/771 [14:37<10:57,  1.96s/it]2026-09-20 16:29:20,255 INFO [rev_util_helpfulness|paper_align|Qwen3-0.6B] step=436 epoch=1.6979

                                                 

 57%|█████▋    | 436/771 [14:37<10:57,  1.96s/it]
 57%|█████▋    | 437/771 [14:38<10:52,  1.95s/it]2026-09-20 16:29:20,945 INFO [rev_util_helpfulness|paper_align|Qwen3-0.6B] step=437 epoch=1.7018

                                                 

 57%|█████▋    | 437/771 [14:38<10:52,  1.95s/it]2026-09-20 16:29:21,415 INFO [rev_util_helpfulness|paper_align|Qwen3-0.6B] step=437 epoch=1.7018

                                                 

 57%|█████▋    | 437/771 [14:39<10:52,  1.95s/it]2026-09-20 16:29:21,893 INFO [rev_util_helpfulness|paper_align|Qwen3-0.6B] step=437 epoch=1.7018

                                                 

 57%|█████▋    | 437/771 [14:39<10:52,  1.95s/it]2026-09-20 16:29:22,366 INFO [rev_util_helpfulness|paper_align|Qwen3-0.6B] step=437 epoch=1.7018

                                                 

 57%|█████▋    | 437/771 [14:40<10:52,  1.95s/it]
 57%|█████▋    | 438/771 [14:40<11:06,  2.00s/it]2026-09-20 16:29:22,871 INFO [rev_util_helpfulness|paper_align|Qwen3-0.6B] step=438 epoch=1.7057

                                                 

 57%|█████▋    | 438/771 [14:40<11:06,  2.00s/it]2026-09-20 16:29:23,333 INFO [rev_util_helpfulness|paper_align|Qwen3-0.6B] step=438 epoch=1.7057

                                                 

 57%|█████▋    | 438/771 [14:41<11:06,  2.00s/it]2026-09-20 16:29:23,806 INFO [rev_util_helpfulness|paper_align|Qwen3-0.6B] step=438 epoch=1.7057

                                                 

 57%|█████▋    | 438/771 [14:41<11:06,  2.00s/it]2026-09-20 16:29:24,283 INFO [rev_util_helpfulness|paper_align|Qwen3-0.6B] step=438 epoch=1.7057

                                                 

 57%|█████▋    | 438/771 [14:42<11:06,  2.00s/it]
 57%|█████▋    | 439/771 [14:42<10:55,  1.97s/it]2026-09-20 16:29:24,787 INFO [rev_util_helpfulness|paper_align|Qwen3-0.6B] step=439 epoch=1.7096

                                                 

 57%|█████▋    | 439/771 [14:42<10:55,  1.97s/it]2026-09-20 16:29:25,253 INFO [rev_util_helpfulness|paper_align|Qwen3-0.6B] step=439 epoch=1.7096

                                                 

 57%|█████▋    | 439/771 [14:42<10:55,  1.97s/it]2026-09-20 16:29:25,713 INFO [rev_util_helpfulness|paper_align|Qwen3-0.6B] step=439 epoch=1.7096

                                                 

 57%|█████▋    | 439/771 [14:43<10:55,  1.97s/it]2026-09-20 16:29:26,189 INFO [rev_util_helpfulness|paper_align|Qwen3-0.6B] step=439 epoch=1.7096

                                                 

 57%|█████▋    | 439/771 [14:43<10:55,  1.97s/it]
 57%|█████▋    | 440/771 [14:44<10:46,  1.95s/it]2026-09-20 16:29:26,516 INFO [rev_util_helpfulness|paper_align|Qwen3-0.6B] step=440 loss=0.4136 learning_rate=0.0000 epoch=1.7135

                                                 

 57%|█████▋    | 440/771 [14:44<10:46,  1.95s/it]2026-09-20 16:29:26,695 INFO [rev_util_helpfulness|paper_align|Qwen3-0.6B] step=440 epoch=1.7135

                                                 

 57%|█████▋    | 440/771 [14:44<10:46,  1.95s/it]2026-09-20 16:29:27,161 INFO [rev_util_helpfulness|paper_align|Qwen3-0.6B] step=440 epoch=1.7135

                                                 

 57%|█████▋    | 440/771 [14:44<10:46,  1.95s/it]2026-09-20 16:29:27,630 INFO [rev_util_helpfulness|paper_align|Qwen3-0.6B] step=440 epoch=1.7135

                                                 

 57%|█████▋    | 440/771 [14:45<10:46,  1.95s/it]2026-09-20 16:29:28,103 INFO [rev_util_helpfulness|paper_align|Qwen3-0.6B] step=440 epoch=1.7135

                                                 

 57%|█████▋    | 440/771 [14:45<10:46,  1.95s/it]
 57%|█████▋    | 441/771 [14:46<10:42,  1.95s/it]2026-09-20 16:29:28,621 INFO [rev_util_helpfulness|paper_align|Qwen3-0.6B] step=441 epoch=1.7173

                                                 

 57%|█████▋    | 441/771 [14:46<10:42,  1.95s/it]2026-09-20 16:29:29,096 INFO [rev_util_helpfulness|paper_align|Qwen3-0.6B] step=441 epoch=1.7173

                                                 

 57%|█████▋    | 441/771 [14:46<10:42,  1.95s/it]2026-09-20 16:29:29,567 INFO [rev_util_helpfulness|paper_align|Qwen3-0.6B] step=441 epoch=1.7173

                                                 

 57%|█████▋    | 441/771 [14:47<10:42,  1.95s/it]2026-09-20 16:29:30,037 INFO [rev_util_helpfulness|paper_align|Qwen3-0.6B] step=441 epoch=1.7173

                                                 

 57%|█████▋    | 441/771 [14:47<10:42,  1.95s/it]
 57%|█████▋    | 442/771 [14:48<10:37,  1.94s/it]2026-09-20 16:29:30,540 INFO [rev_util_helpfulness|paper_align|Qwen3-0.6B] step=442 epoch=1.7212

                                                 

 57%|█████▋    | 442/771 [14:48<10:37,  1.94s/it]2026-09-20 16:29:31,247 INFO [rev_util_helpfulness|paper_align|Qwen3-0.6B] step=442 epoch=1.7212

                                                 

 57%|█████▋    | 442/771 [14:48<10:37,  1.94s/it]2026-09-20 16:29:31,714 INFO [rev_util_helpfulness|paper_align|Qwen3-0.6B] step=442 epoch=1.7212

                                                 

 57%|█████▋    | 442/771 [14:49<10:37,  1.94s/it]2026-09-20 16:29:32,196 INFO [rev_util_helpfulness|paper_align|Qwen3-0.6B] step=442 epoch=1.7212

                                                 

 57%|█████▋    | 442/771 [14:49<10:37,  1.94s/it]
 57%|█████▋    | 443/771 [14:50<10:58,  2.01s/it]2026-09-20 16:29:32,708 INFO [rev_util_helpfulness|paper_align|Qwen3-0.6B] step=443 epoch=1.7251

                                                 

 57%|█████▋    | 443/771 [14:50<10:58,  2.01s/it]2026-09-20 16:29:33,174 INFO [rev_util_helpfulness|paper_align|Qwen3-0.6B] step=443 epoch=1.7251

                                                 

 57%|█████▋    | 443/771 [14:50<10:58,  2.01s/it]2026-09-20 16:29:33,647 INFO [rev_util_helpfulness|paper_align|Qwen3-0.6B] step=443 epoch=1.7251

                                                 

 57%|█████▋    | 443/771 [14:51<10:58,  2.01s/it]2026-09-20 16:29:34,109 INFO [rev_util_helpfulness|paper_align|Qwen3-0.6B] step=443 epoch=1.7251

                                                 

 57%|█████▋    | 443/771 [14:51<10:58,  2.01s/it]
 58%|█████▊    | 444/771 [14:52<10:47,  1.98s/it]2026-09-20 16:29:34,627 INFO [rev_util_helpfulness|paper_align|Qwen3-0.6B] step=444 epoch=1.7290

                                                 

 58%|█████▊    | 444/771 [14:52<10:47,  1.98s/it]2026-09-20 16:29:35,108 INFO [rev_util_helpfulness|paper_align|Qwen3-0.6B] step=444 epoch=1.7290

                                                 

 58%|█████▊    | 444/771 [14:52<10:47,  1.98s/it]2026-09-20 16:29:35,584 INFO [rev_util_helpfulness|paper_align|Qwen3-0.6B] step=444 epoch=1.7290

                                                 

 58%|█████▊    | 444/771 [14:53<10:47,  1.98s/it]2026-09-20 16:29:36,066 INFO [rev_util_helpfulness|paper_align|Qwen3-0.6B] step=444 epoch=1.7290

                                                 

 58%|█████▊    | 444/771 [14:53<10:47,  1.98s/it]
 58%|█████▊    | 445/771 [14:54<10:42,  1.97s/it]2026-09-20 16:29:36,584 INFO [rev_util_helpfulness|paper_align|Qwen3-0.6B] step=445 epoch=1.7329

                                                 

 58%|█████▊    | 445/771 [14:54<10:42,  1.97s/it]2026-09-20 16:29:37,069 INFO [rev_util_helpfulness|paper_align|Qwen3-0.6B] step=445 epoch=1.7329

                                                 

 58%|█████▊    | 445/771 [14:54<10:42,  1.97s/it]2026-09-20 16:29:37,548 INFO [rev_util_helpfulness|paper_align|Qwen3-0.6B] step=445 epoch=1.7329

                                                 

 58%|█████▊    | 445/771 [14:55<10:42,  1.97s/it]2026-09-20 16:29:38,021 INFO [rev_util_helpfulness|paper_align|Qwen3-0.6B] step=445 epoch=1.7329

                                                 

 58%|█████▊    | 445/771 [14:55<10:42,  1.97s/it]
 58%|█████▊    | 446/771 [14:56<10:38,  1.96s/it]2026-09-20 16:29:38,522 INFO [rev_util_helpfulness|paper_align|Qwen3-0.6B] step=446 epoch=1.7368

                                                 

 58%|█████▊    | 446/771 [14:56<10:38,  1.96s/it]2026-09-20 16:29:38,987 INFO [rev_util_helpfulness|paper_align|Qwen3-0.6B] step=446 epoch=1.7368

                                                 

 58%|█████▊    | 446/771 [14:56<10:38,  1.96s/it]2026-09-20 16:29:39,469 INFO [rev_util_helpfulness|paper_align|Qwen3-0.6B] step=446 epoch=1.7368

                                                 

 58%|█████▊    | 446/771 [14:57<10:38,  1.96s/it]2026-09-20 16:29:39,971 INFO [rev_util_helpfulness|paper_align|Qwen3-0.6B] step=446 epoch=1.7368

                                                 

 58%|█████▊    | 446/771 [14:57<10:38,  1.96s/it]
 58%|█████▊    | 447/771 [14:58<10:37,  1.97s/it]2026-09-20 16:29:40,492 INFO [rev_util_helpfulness|paper_align|Qwen3-0.6B] step=447 epoch=1.7407

                                                 

 58%|█████▊    | 447/771 [14:58<10:37,  1.97s/it]2026-09-20 16:29:41,137 INFO [rev_util_helpfulness|paper_align|Qwen3-0.6B] step=447 epoch=1.7407

                                                 

 58%|█████▊    | 447/771 [14:58<10:37,  1.97s/it]2026-09-20 16:29:41,611 INFO [rev_util_helpfulness|paper_align|Qwen3-0.6B] step=447 epoch=1.7407

                                                 

 58%|█████▊    | 447/771 [14:59<10:37,  1.97s/it]2026-09-20 16:29:42,082 INFO [rev_util_helpfulness|paper_align|Qwen3-0.6B] step=447 epoch=1.7407

                                                 

 58%|█████▊    | 447/771 [14:59<10:37,  1.97s/it]
 58%|█████▊    | 448/771 [15:00<10:47,  2.00s/it]2026-09-20 16:29:42,582 INFO [rev_util_helpfulness|paper_align|Qwen3-0.6B] step=448 epoch=1.7446

                                                 

 58%|█████▊    | 448/771 [15:00<10:47,  2.00s/it]2026-09-20 16:29:43,066 INFO [rev_util_helpfulness|paper_align|Qwen3-0.6B] step=448 epoch=1.7446

                                                 

 58%|█████▊    | 448/771 [15:00<10:47,  2.00s/it]2026-09-20 16:29:43,545 INFO [rev_util_helpfulness|paper_align|Qwen3-0.6B] step=448 epoch=1.7446

                                                 

 58%|█████▊    | 448/771 [15:01<10:47,  2.00s/it]2026-09-20 16:29:44,024 INFO [rev_util_helpfulness|paper_align|Qwen3-0.6B] step=448 epoch=1.7446

                                                 

 58%|█████▊    | 448/771 [15:01<10:47,  2.00s/it]
 58%|█████▊    | 449/771 [15:02<10:39,  1.99s/it]2026-09-20 16:29:44,524 INFO [rev_util_helpfulness|paper_align|Qwen3-0.6B] step=449 epoch=1.7485

                                                 
{'paper_align_label_loss': '0.1469', 'paper_align_reason_loss': '0.16', 'epoch': '1.663'}
{'paper_align_label_loss': '0.05061', 'paper_align_reason_loss': '0.1388', 'epoch': '1.663'}
{'paper_align_label_loss': '0.007301', 'paper_align_reason_loss': '0.1098', 'epoch': '1.667'}
{'paper_align_label_loss': '0.1963', 'paper_align_reason_loss': '0.2227', 'epoch': '1.667'}
{'paper_align_label_loss': '0.02807', 'paper_align_reason_loss': '0.2104', 'epoch': '1.667'}
{'paper_align_label_loss': '0.3143', 'paper_align_reason_loss': '0.1133', 'epoch': '1.667'}
{'paper_align_label_loss': '0.07427', 'paper_align_reason_loss': '0.1496', 'epoch': '1.671'}
{'paper_align_label_loss': '0.02764', 'paper_align_reason_loss': '0.1632', 'epoch': '1.671'}
{'paper_align_label_loss': '0.3264', 'paper_align_reason_loss': '0.1597', 'epoch': '1.671'}
{'paper_align_label_loss': '0.0637', 'paper_align_reason_loss': '0.1268', 'epoch': '1.671'}
{'loss': '0.5027', 'grad_norm': '7.912', 'learning_rate': '4.34e-05', 'epoch': '1.674'}
{'paper_align_label_loss': '0.0204', 'paper_align_reason_loss': '0.1085', 'epoch': '1.674'}
{'paper_align_label_loss': '0.02196', 'paper_align_reason_loss': '0.165', 'epoch': '1.674'}
{'paper_align_label_loss': '0.02208', 'paper_align_reason_loss': '0.1762', 'epoch': '1.674'}
{'paper_align_label_loss': '0.07984', 'paper_align_reason_loss': '0.1113', 'epoch': '1.674'}
{'paper_align_label_loss': '0.05016', 'paper_align_reason_loss': '0.1157', 'epoch': '1.678'}
{'paper_align_label_loss': '0.009394', 'paper_align_reason_loss': '0.1173', 'epoch': '1.678'}
{'paper_align_label_loss': '0.02584', 'paper_align_reason_loss': '0.1727', 'epoch': '1.678'}
{'paper_align_label_loss': '0.1122', 'paper_align_reason_loss': '0.1227', 'epoch': '1.678'}
{'paper_align_label_loss': '0.1631', 'paper_align_reason_loss': '0.2222', 'epoch': '1.682'}
{'paper_align_label_loss': '0.01014', 'paper_align_reason_loss': '0.1143', 'epoch': '1.682'}
{'paper_align_label_loss': '0.01553', 'paper_align_reason_loss': '0.1453', 'epoch': '1.682'}
{'paper_align_label_loss': '0.01655', 'paper_align_reason_loss': '0.09702', 'epoch': '1.682'}
{'paper_align_label_loss': '0.05734', 'paper_align_reason_loss': '0.2112', 'epoch': '1.686'}
{'paper_align_label_loss': '0.03013', 'paper_align_reason_loss': '0.1186', 'epoch': '1.686'}
{'paper_align_label_loss': '0.02686', 'paper_align_reason_loss': '0.125', 'epoch': '1.686'}
{'paper_align_label_loss': '0.02094', 'paper_align_reason_loss': '0.153', 'epoch': '1.686'}
{'paper_align_label_loss': '0.07071', 'paper_align_reason_loss': '0.2265', 'epoch': '1.69'}
{'paper_align_label_loss': '0.0162', 'paper_align_reason_loss': '0.1327', 'epoch': '1.69'}
{'paper_align_label_loss': '0.01668', 'paper_align_reason_loss': '0.1624', 'epoch': '1.69'}
{'paper_align_label_loss': '0.04128', 'paper_align_reason_loss': '0.1292', 'epoch': '1.69'}
{'paper_align_label_loss': '0.003958', 'paper_align_reason_loss': '0.1859', 'epoch': '1.694'}
{'paper_align_label_loss': '0.01764', 'paper_align_reason_loss': '0.1865', 'epoch': '1.694'}
{'paper_align_label_loss': '0.009639', 'paper_align_reason_loss': '0.1204', 'epoch': '1.694'}
{'paper_align_label_loss': '0.03773', 'paper_align_reason_loss': '0.1287', 'epoch': '1.694'}
{'paper_align_label_loss': '0.1197', 'paper_align_reason_loss': '0.1474', 'epoch': '1.698'}
{'paper_align_label_loss': '0.076', 'paper_align_reason_loss': '0.1977', 'epoch': '1.698'}
{'paper_align_label_loss': '0.003486', 'paper_align_reason_loss': '0.1478', 'epoch': '1.698'}
{'paper_align_label_loss': '0.3852', 'paper_align_reason_loss': '0.181', 'epoch': '1.698'}
{'paper_align_label_loss': '0.05538', 'paper_align_reason_loss': '0.1696', 'epoch': '1.702'}
{'paper_align_label_loss': '0.02194', 'paper_align_reason_loss': '0.1657', 'epoch': '1.702'}
{'paper_align_label_loss': '0.00685', 'paper_align_reason_loss': '0.147', 'epoch': '1.702'}
{'paper_align_label_loss': '0.01233', 'paper_align_reason_loss': '0.1072', 'epoch': '1.702'}
{'paper_align_label_loss': '0.005608', 'paper_align_reason_loss': '0.1546', 'epoch': '1.706'}
{'paper_align_label_loss': '0.2048', 'paper_align_reason_loss': '0.1105', 'epoch': '1.706'}
{'paper_align_label_loss': '0.01893', 'paper_align_reason_loss': '0.182', 'epoch': '1.706'}
{'paper_align_label_loss': '0.1808', 'paper_align_reason_loss': '0.1401', 'epoch': '1.706'}
{'paper_align_label_loss': '0.1932', 'paper_align_reason_loss': '0.1669', 'epoch': '1.71'}
{'paper_align_label_loss': '0.05834', 'paper_align_reason_loss': '0.1493', 'epoch': '1.71'}
{'paper_align_label_loss': '0.0265', 'paper_align_reason_loss': '0.1241', 'epoch': '1.71'}
{'paper_align_label_loss': '0.01697', 'paper_align_reason_loss': '0.1498', 'epoch': '1.71'}
{'loss': '0.4136', 'grad_norm': '4.056', 'learning_rate': '4.132e-05', 'epoch': '1.713'}
{'paper_align_label_loss': '0.09597', 'paper_align_reason_loss': '0.1708', 'epoch': '1.713'}
{'paper_align_label_loss': '0.07294', 'paper_align_reason_loss': '0.1559', 'epoch': '1.713'}
{'paper_align_label_loss': '0.08448', 'paper_align_reason_loss': '0.1755', 'epoch': '1.713'}
{'paper_align_label_loss': '0.03827', 'paper_align_reason_loss': '0.1644', 'epoch': '1.713'}
{'paper_align_label_loss': '0.1165', 'paper_align_reason_loss': '0.1539', 'epoch': '1.717'}
{'paper_align_label_loss': '0.01243', 'paper_align_reason_loss': '0.1894', 'epoch': '1.717'}
{'paper_align_label_loss': '0.05307', 'paper_align_reason_loss': '0.2155', 'epoch': '1.717'}
{'paper_align_label_loss': '0.007934', 'paper_align_reason_loss': '0.143', 'epoch': '1.717'}
{'paper_align_label_loss': '0.03124', 'paper_align_reason_loss': '0.1678', 'epoch': '1.721'}
{'paper_align_label_loss': '0.02341', 'paper_align_reason_loss': '0.124', 'epoch': '1.721'}
{'paper_align_label_loss': '0.006258', 'paper_align_reason_loss': '0.1318', 'epoch': '1.721'}
{'paper_align_label_loss': '0.0301', 'paper_align_reason_loss': '0.1326', 'epoch': '1.721'}
{'paper_align_label_loss': '0.01319', 'paper_align_reason_loss': '0.1375', 'epoch': '1.725'}
{'paper_align_label_loss': '0.04206', 'paper_align_reason_loss': '0.1505', 'epoch': '1.725'}
{'paper_align_label_loss': '0.0296', 'paper_align_reason_loss': '0.1475', 'epoch': '1.725'}
{'paper_align_label_loss': '0.06541', 'paper_align_reason_loss': '0.1621', 'epoch': '1.725'}
{'paper_align_label_loss': '0.07461', 'paper_align_reason_loss': '0.19', 'epoch': '1.729'}
{'paper_align_label_loss': '0.08367', 'paper_align_reason_loss': '0.1468', 'epoch': '1.729'}
{'paper_align_label_loss': '0.01808', 'paper_align_reason_loss': '0.159', 'epoch': '1.729'}
{'paper_align_label_loss': '0.02399', 'paper_align_reason_loss': '0.1398', 'epoch': '1.729'}
{'paper_align_label_loss': '0.007142', 'paper_align_reason_loss': '0.125', 'epoch': '1.733'}
{'paper_align_label_loss': '0.007305', 'paper_align_reason_loss': '0.1172', 'epoch': '1.733'}
{'paper_align_label_loss': '0.01456', 'paper_align_reason_loss': '0.09144', 'epoch': '1.733'}
{'paper_align_label_loss': '0.03341', 'paper_align_reason_loss': '0.1423', 'epoch': '1.733'}
{'paper_align_label_loss': '0.02256', 'paper_align_reason_loss': '0.1268', 'epoch': '1.737'}
{'paper_align_label_loss': '0.02888', 'paper_align_reason_loss': '0.1226', 'epoch': '1.737'}
{'paper_align_label_loss': '0.005116', 'paper_align_reason_loss': '0.1442', 'epoch': '1.737'}
{'paper_align_label_loss': '0.01113', 'paper_align_reason_loss': '0.135', 'epoch': '1.737'}
{'paper_align_label_loss': '0.01501', 'paper_align_reason_loss': '0.1676', 'epoch': '1.741'}
{'paper_align_label_loss': '0.01928', 'paper_align_reason_loss': '0.09372', 'epoch': '1.741'}
{'paper_align_label_loss': '0.01109', 'paper_align_reason_loss': '0.1226', 'epoch': '1.741'}
{'paper_align_label_loss': '0.01529', 'paper_align_reason_loss': '0.1832', 'epoch': '1.741'}
{'paper_align_label_loss': '0.1441', 'paper_align_reason_loss': '0.145', 'epoch': '1.745'}
{'paper_align_label_loss': '0.01198', 'paper_align_reason_loss': '0.1583', 'epoch': '1.745'}
{'paper_align_label_loss': '0.01247', 'paper_align_reason_loss': '0.1363', 'epoch': '1.745'}
{'paper_align_label_loss': '0.03517', 'paper_align_reason_loss': '0.1663', 'epoch': '1.745'}

 58%|█████▊    | 449/771 [15:02<10:39,  1.99s/it]2026-09-20 16:29:44,987 INFO [rev_util_helpfulness|paper_align|Qwen3-0.6B] step=449 epoch=1.7485

                                                 

 58%|█████▊    | 449/771 [15:02<10:39,  1.99s/it]2026-09-20 16:29:45,451 INFO [rev_util_helpfulness|paper_align|Qwen3-0.6B] step=449 epoch=1.7485

                                                 

 58%|█████▊    | 449/771 [15:03<10:39,  1.99s/it]2026-09-20 16:29:45,928 INFO [rev_util_helpfulness|paper_align|Qwen3-0.6B] step=449 epoch=1.7485

                                                 

 58%|█████▊    | 449/771 [15:03<10:39,  1.99s/it]
 58%|█████▊    | 450/771 [15:03<10:30,  1.97s/it]2026-09-20 16:29:46,267 INFO [rev_util_helpfulness|paper_align|Qwen3-0.6B] step=450 loss=0.3698 learning_rate=0.0000 epoch=1.7524

                                                 

 58%|█████▊    | 450/771 [15:03<10:30,  1.97s/it]2026-09-20 16:29:46,444 INFO [rev_util_helpfulness|paper_align|Qwen3-0.6B] step=450 epoch=1.7524

                                                 

 58%|█████▊    | 450/771 [15:04<10:30,  1.97s/it]2026-09-20 16:29:46,910 INFO [rev_util_helpfulness|paper_align|Qwen3-0.6B] step=450 epoch=1.7524

                                                 

 58%|█████▊    | 450/771 [15:04<10:30,  1.97s/it]2026-09-20 16:29:47,382 INFO [rev_util_helpfulness|paper_align|Qwen3-0.6B] step=450 epoch=1.7524

                                                 

 58%|█████▊    | 450/771 [15:05<10:30,  1.97s/it]2026-09-20 16:29:47,866 INFO [rev_util_helpfulness|paper_align|Qwen3-0.6B] step=450 epoch=1.7524

                                                 

 58%|█████▊    | 450/771 [15:05<10:30,  1.97s/it]
 58%|█████▊    | 451/771 [15:05<10:25,  1.96s/it]2026-09-20 16:29:48,375 INFO [rev_util_helpfulness|paper_align|Qwen3-0.6B] step=451 epoch=1.7563

                                                 

 58%|█████▊    | 451/771 [15:06<10:25,  1.96s/it]2026-09-20 16:29:48,844 INFO [rev_util_helpfulness|paper_align|Qwen3-0.6B] step=451 epoch=1.7563

                                                 

 58%|█████▊    | 451/771 [15:06<10:25,  1.96s/it]2026-09-20 16:29:49,324 INFO [rev_util_helpfulness|paper_align|Qwen3-0.6B] step=451 epoch=1.7563

                                                 

 58%|█████▊    | 451/771 [15:07<10:25,  1.96s/it]2026-09-20 16:29:49,797 INFO [rev_util_helpfulness|paper_align|Qwen3-0.6B] step=451 epoch=1.7563

                                                 

 58%|█████▊    | 451/771 [15:07<10:25,  1.96s/it]
 59%|█████▊    | 452/771 [15:07<10:19,  1.94s/it]2026-09-20 16:29:50,291 INFO [rev_util_helpfulness|paper_align|Qwen3-0.6B] step=452 epoch=1.7602

                                                 

 59%|█████▊    | 452/771 [15:08<10:19,  1.94s/it]2026-09-20 16:29:51,008 INFO [rev_util_helpfulness|paper_align|Qwen3-0.6B] step=452 epoch=1.7602

                                                 

 59%|█████▊    | 452/771 [15:08<10:19,  1.94s/it]2026-09-20 16:29:51,471 INFO [rev_util_helpfulness|paper_align|Qwen3-0.6B] step=452 epoch=1.7602

                                                 

 59%|█████▊    | 452/771 [15:09<10:19,  1.94s/it]2026-09-20 16:29:51,968 INFO [rev_util_helpfulness|paper_align|Qwen3-0.6B] step=452 epoch=1.7602

                                                 

 59%|█████▊    | 452/771 [15:09<10:19,  1.94s/it]
 59%|█████▉    | 453/771 [15:10<10:42,  2.02s/it]2026-09-20 16:29:52,490 INFO [rev_util_helpfulness|paper_align|Qwen3-0.6B] step=453 epoch=1.7641

                                                 

 59%|█████▉    | 453/771 [15:10<10:42,  2.02s/it]2026-09-20 16:29:52,973 INFO [rev_util_helpfulness|paper_align|Qwen3-0.6B] step=453 epoch=1.7641

                                                 

 59%|█████▉    | 453/771 [15:10<10:42,  2.02s/it]2026-09-20 16:29:53,451 INFO [rev_util_helpfulness|paper_align|Qwen3-0.6B] step=453 epoch=1.7641

                                                 

 59%|█████▉    | 453/771 [15:11<10:42,  2.02s/it]2026-09-20 16:29:53,926 INFO [rev_util_helpfulness|paper_align|Qwen3-0.6B] step=453 epoch=1.7641

                                                 

 59%|█████▉    | 453/771 [15:11<10:42,  2.02s/it]
 59%|█████▉    | 454/771 [15:11<10:34,  2.00s/it]2026-09-20 16:29:54,445 INFO [rev_util_helpfulness|paper_align|Qwen3-0.6B] step=454 epoch=1.7680

                                                 

 59%|█████▉    | 454/771 [15:12<10:34,  2.00s/it]2026-09-20 16:29:54,969 INFO [rev_util_helpfulness|paper_align|Qwen3-0.6B] step=454 epoch=1.7680

                                                 

 59%|█████▉    | 454/771 [15:12<10:34,  2.00s/it]2026-09-20 16:29:55,462 INFO [rev_util_helpfulness|paper_align|Qwen3-0.6B] step=454 epoch=1.7680

                                                 

 59%|█████▉    | 454/771 [15:13<10:34,  2.00s/it]2026-09-20 16:29:55,945 INFO [rev_util_helpfulness|paper_align|Qwen3-0.6B] step=454 epoch=1.7680

                                                 

 59%|█████▉    | 454/771 [15:13<10:34,  2.00s/it]
 59%|█████▉    | 455/771 [15:14<10:35,  2.01s/it]2026-09-20 16:29:56,477 INFO [rev_util_helpfulness|paper_align|Qwen3-0.6B] step=455 epoch=1.7719

                                                 

 59%|█████▉    | 455/771 [15:14<10:35,  2.01s/it]2026-09-20 16:29:56,958 INFO [rev_util_helpfulness|paper_align|Qwen3-0.6B] step=455 epoch=1.7719

                                                 

 59%|█████▉    | 455/771 [15:14<10:35,  2.01s/it]2026-09-20 16:29:57,433 INFO [rev_util_helpfulness|paper_align|Qwen3-0.6B] step=455 epoch=1.7719

                                                 

 59%|█████▉    | 455/771 [15:15<10:35,  2.01s/it]2026-09-20 16:29:57,896 INFO [rev_util_helpfulness|paper_align|Qwen3-0.6B] step=455 epoch=1.7719

                                                 

 59%|█████▉    | 455/771 [15:15<10:35,  2.01s/it]
 59%|█████▉    | 456/771 [15:15<10:25,  1.99s/it]2026-09-20 16:29:58,407 INFO [rev_util_helpfulness|paper_align|Qwen3-0.6B] step=456 epoch=1.7758

                                                 

 59%|█████▉    | 456/771 [15:16<10:25,  1.99s/it]2026-09-20 16:29:58,878 INFO [rev_util_helpfulness|paper_align|Qwen3-0.6B] step=456 epoch=1.7758

                                                 

 59%|█████▉    | 456/771 [15:16<10:25,  1.99s/it]2026-09-20 16:29:59,359 INFO [rev_util_helpfulness|paper_align|Qwen3-0.6B] step=456 epoch=1.7758

                                                 

 59%|█████▉    | 456/771 [15:17<10:25,  1.99s/it]2026-09-20 16:29:59,839 INFO [rev_util_helpfulness|paper_align|Qwen3-0.6B] step=456 epoch=1.7758

                                                 

 59%|█████▉    | 456/771 [15:17<10:25,  1.99s/it]
 59%|█████▉    | 457/771 [15:17<10:19,  1.97s/it]2026-09-20 16:30:00,358 INFO [rev_util_helpfulness|paper_align|Qwen3-0.6B] step=457 epoch=1.7797

                                                 

 59%|█████▉    | 457/771 [15:18<10:19,  1.97s/it]2026-09-20 16:30:00,838 INFO [rev_util_helpfulness|paper_align|Qwen3-0.6B] step=457 epoch=1.7797

                                                 

 59%|█████▉    | 457/771 [15:18<10:19,  1.97s/it]2026-09-20 16:30:01,309 INFO [rev_util_helpfulness|paper_align|Qwen3-0.6B] step=457 epoch=1.7797

                                                 

 59%|█████▉    | 457/771 [15:19<10:19,  1.97s/it]2026-09-20 16:30:01,981 INFO [rev_util_helpfulness|paper_align|Qwen3-0.6B] step=457 epoch=1.7797

                                                 

 59%|█████▉    | 457/771 [15:19<10:19,  1.97s/it]
 59%|█████▉    | 458/771 [15:20<10:33,  2.02s/it]2026-09-20 16:30:02,498 INFO [rev_util_helpfulness|paper_align|Qwen3-0.6B] step=458 epoch=1.7836

                                                 

 59%|█████▉    | 458/771 [15:20<10:33,  2.02s/it]2026-09-20 16:30:02,971 INFO [rev_util_helpfulness|paper_align|Qwen3-0.6B] step=458 epoch=1.7836

                                                 

 59%|█████▉    | 458/771 [15:20<10:33,  2.02s/it]2026-09-20 16:30:03,444 INFO [rev_util_helpfulness|paper_align|Qwen3-0.6B] step=458 epoch=1.7836

                                                 

 59%|█████▉    | 458/771 [15:21<10:33,  2.02s/it]2026-09-20 16:30:03,916 INFO [rev_util_helpfulness|paper_align|Qwen3-0.6B] step=458 epoch=1.7836

                                                 

 59%|█████▉    | 458/771 [15:21<10:33,  2.02s/it]
 60%|█████▉    | 459/771 [15:21<10:22,  1.99s/it]2026-09-20 16:30:04,423 INFO [rev_util_helpfulness|paper_align|Qwen3-0.6B] step=459 epoch=1.7875

                                                 

 60%|█████▉    | 459/771 [15:22<10:22,  1.99s/it]2026-09-20 16:30:04,890 INFO [rev_util_helpfulness|paper_align|Qwen3-0.6B] step=459 epoch=1.7875

                                                 

 60%|█████▉    | 459/771 [15:22<10:22,  1.99s/it]2026-09-20 16:30:05,365 INFO [rev_util_helpfulness|paper_align|Qwen3-0.6B] step=459 epoch=1.7875

                                                 

 60%|█████▉    | 459/771 [15:23<10:22,  1.99s/it]2026-09-20 16:30:05,844 INFO [rev_util_helpfulness|paper_align|Qwen3-0.6B] step=459 epoch=1.7875

                                                 

 60%|█████▉    | 459/771 [15:23<10:22,  1.99s/it]
 60%|█████▉    | 460/771 [15:23<10:14,  1.98s/it]2026-09-20 16:30:06,179 INFO [rev_util_helpfulness|paper_align|Qwen3-0.6B] step=460 loss=0.4331 learning_rate=0.0000 epoch=1.7914

                                                 

 60%|█████▉    | 460/771 [15:23<10:14,  1.98s/it]2026-09-20 16:30:06,360 INFO [rev_util_helpfulness|paper_align|Qwen3-0.6B] step=460 epoch=1.7914

                                                 

 60%|█████▉    | 460/771 [15:24<10:14,  1.98s/it]2026-09-20 16:30:06,860 INFO [rev_util_helpfulness|paper_align|Qwen3-0.6B] step=460 epoch=1.7914

                                                 

 60%|█████▉    | 460/771 [15:24<10:14,  1.98s/it]2026-09-20 16:30:07,322 INFO [rev_util_helpfulness|paper_align|Qwen3-0.6B] step=460 epoch=1.7914

                                                 

 60%|█████▉    | 460/771 [15:25<10:14,  1.98s/it]2026-09-20 16:30:07,803 INFO [rev_util_helpfulness|paper_align|Qwen3-0.6B] step=460 epoch=1.7914

                                                 

 60%|█████▉    | 460/771 [15:25<10:14,  1.98s/it]
 60%|█████▉    | 461/771 [15:25<10:10,  1.97s/it]2026-09-20 16:30:08,310 INFO [rev_util_helpfulness|paper_align|Qwen3-0.6B] step=461 epoch=1.7953

                                                 

 60%|█████▉    | 461/771 [15:26<10:10,  1.97s/it]2026-09-20 16:30:08,779 INFO [rev_util_helpfulness|paper_align|Qwen3-0.6B] step=461 epoch=1.7953

                                                 

 60%|█████▉    | 461/771 [15:26<10:10,  1.97s/it]2026-09-20 16:30:09,259 INFO [rev_util_helpfulness|paper_align|Qwen3-0.6B] step=461 epoch=1.7953

                                                 

 60%|█████▉    | 461/771 [15:26<10:10,  1.97s/it]2026-09-20 16:30:09,735 INFO [rev_util_helpfulness|paper_align|Qwen3-0.6B] step=461 epoch=1.7953

                                                 

 60%|█████▉    | 461/771 [15:27<10:10,  1.97s/it]
 60%|█████▉    | 462/771 [15:27<10:05,  1.96s/it]2026-09-20 16:30:10,260 INFO [rev_util_helpfulness|paper_align|Qwen3-0.6B] step=462 epoch=1.7992

                                                 

 60%|█████▉    | 462/771 [15:27<10:05,  1.96s/it]2026-09-20 16:30:10,752 INFO [rev_util_helpfulness|paper_align|Qwen3-0.6B] step=462 epoch=1.7992

                                                 

 60%|█████▉    | 462/771 [15:28<10:05,  1.96s/it]2026-09-20 16:30:11,231 INFO [rev_util_helpfulness|paper_align|Qwen3-0.6B] step=462 epoch=1.7992

                                                 

 60%|█████▉    | 462/771 [15:28<10:05,  1.96s/it]2026-09-20 16:30:11,905 INFO [rev_util_helpfulness|paper_align|Qwen3-0.6B] step=462 epoch=1.7992

                                                 

 60%|█████▉    | 462/771 [15:29<10:05,  1.96s/it]
 60%|██████    | 463/771 [15:29<10:22,  2.02s/it]2026-09-20 16:30:12,417 INFO [rev_util_helpfulness|paper_align|Qwen3-0.6B] step=463 epoch=1.8031

                                                 

 60%|██████    | 463/771 [15:30<10:22,  2.02s/it]2026-09-20 16:30:12,882 INFO [rev_util_helpfulness|paper_align|Qwen3-0.6B] step=463 epoch=1.8031

                                                 

 60%|██████    | 463/771 [15:30<10:22,  2.02s/it]2026-09-20 16:30:13,356 INFO [rev_util_helpfulness|paper_align|Qwen3-0.6B] step=463 epoch=1.8031

                                                 

 60%|██████    | 463/771 [15:31<10:22,  2.02s/it]2026-09-20 16:30:13,830 INFO [rev_util_helpfulness|paper_align|Qwen3-0.6B] step=463 epoch=1.8031

                                                 

 60%|██████    | 463/771 [15:31<10:22,  2.02s/it]
 60%|██████    | 464/771 [15:31<10:12,  2.00s/it]2026-09-20 16:30:14,346 INFO [rev_util_helpfulness|paper_align|Qwen3-0.6B] step=464 epoch=1.8070

                                                 

 60%|██████    | 464/771 [15:32<10:12,  2.00s/it]2026-09-20 16:30:14,826 INFO [rev_util_helpfulness|paper_align|Qwen3-0.6B] step=464 epoch=1.8070

                                                 

 60%|██████    | 464/771 [15:32<10:12,  2.00s/it]2026-09-20 16:30:15,302 INFO [rev_util_helpfulness|paper_align|Qwen3-0.6B] step=464 epoch=1.8070

                                                 

 60%|██████    | 464/771 [15:33<10:12,  2.00s/it]2026-09-20 16:30:15,773 INFO [rev_util_helpfulness|paper_align|Qwen3-0.6B] step=464 epoch=1.8070

                                                 

 60%|██████    | 464/771 [15:33<10:12,  2.00s/it]
 60%|██████    | 465/771 [15:33<10:05,  1.98s/it]2026-09-20 16:30:16,277 INFO [rev_util_helpfulness|paper_align|Qwen3-0.6B] step=465 epoch=1.8109

                                                 

 60%|██████    | 465/771 [15:33<10:05,  1.98s/it]2026-09-20 16:30:16,748 INFO [rev_util_helpfulness|paper_align|Qwen3-0.6B] step=465 epoch=1.8109

                                                 

 60%|██████    | 465/771 [15:34<10:05,  1.98s/it]2026-09-20 16:30:17,212 INFO [rev_util_helpfulness|paper_align|Qwen3-0.6B] step=465 epoch=1.8109

                                                 

 60%|██████    | 465/771 [15:34<10:05,  1.98s/it]2026-09-20 16:30:17,679 INFO [rev_util_helpfulness|paper_align|Qwen3-0.6B] step=465 epoch=1.8109

                                                 

 60%|██████    | 465/771 [15:35<10:05,  1.98s/it]
 60%|██████    | 466/771 [15:35<09:56,  1.95s/it]2026-09-20 16:30:18,181 INFO [rev_util_helpfulness|paper_align|Qwen3-0.6B] step=466 epoch=1.8148

                                                 

 60%|██████    | 466/771 [15:35<09:56,  1.95s/it]2026-09-20 16:30:18,648 INFO [rev_util_helpfulness|paper_align|Qwen3-0.6B] step=466 epoch=1.8148

                                                 

 60%|██████    | 466/771 [15:36<09:56,  1.95s/it]2026-09-20 16:30:19,116 INFO [rev_util_helpfulness|paper_align|Qwen3-0.6B] step=466 epoch=1.8148

                                                 

 60%|██████    | 466/771 [15:36<09:56,  1.95s/it]2026-09-20 16:30:19,590 INFO [rev_util_helpfulness|paper_align|Qwen3-0.6B] step=466 epoch=1.8148

                                                 

 60%|██████    | 466/771 [15:37<09:56,  1.95s/it]
 61%|██████    | 467/771 [15:37<09:50,  1.94s/it]2026-09-20 16:30:20,092 INFO [rev_util_helpfulness|paper_align|Qwen3-0.6B] step=467 epoch=1.8187

                                                 

 61%|██████    | 467/771 [15:37<09:50,  1.94s/it]2026-09-20 16:30:20,561 INFO [rev_util_helpfulness|paper_align|Qwen3-0.6B] step=467 epoch=1.8187

                                                 

 61%|██████    | 467/771 [15:38<09:50,  1.94s/it]2026-09-20 16:30:21,034 INFO [rev_util_helpfulness|paper_align|Qwen3-0.6B] step=467 epoch=1.8187

                                                 

 61%|██████    | 467/771 [15:38<09:50,  1.94s/it]2026-09-20 16:30:21,688 INFO [rev_util_helpfulness|paper_align|Qwen3-0.6B] step=467 epoch=1.8187

                                                 

 61%|██████    | 467/771 [15:39<09:50,  1.94s/it]
 61%|██████    | 468/771 [15:39<10:02,  1.99s/it]2026-09-20 16:30:22,189 INFO [rev_util_helpfulness|paper_align|Qwen3-0.6B] step=468 epoch=1.8226

                                                 

 61%|██████    | 468/771 [15:39<10:02,  1.99s/it]2026-09-20 16:30:22,654 INFO [rev_util_helpfulness|paper_align|Qwen3-0.6B] step=468 epoch=1.8226

                                                 

 61%|██████    | 468/771 [15:40<10:02,  1.99s/it]2026-09-20 16:30:23,127 INFO [rev_util_helpfulness|paper_align|Qwen3-0.6B] step=468 epoch=1.8226

                                                 

 61%|██████    | 468/771 [15:40<10:02,  1.99s/it]2026-09-20 16:30:23,606 INFO [rev_util_helpfulness|paper_align|Qwen3-0.6B] step=468 epoch=1.8226

                                                 

 61%|██████    | 468/771 [15:41<10:02,  1.99s/it]
 61%|██████    | 469/771 [15:41<09:54,  1.97s/it]2026-09-20 16:30:24,114 INFO [rev_util_helpfulness|paper_align|Qwen3-0.6B] step=469 epoch=1.8265

                                                 

 61%|██████    | 469/771 [15:41<09:54,  1.97s/it]2026-09-20 16:30:24,584 INFO [rev_util_helpfulness|paper_align|Qwen3-0.6B] step=469 epoch=1.8265

                                                 

 61%|██████    | 469/771 [15:42<09:54,  1.97s/it]2026-09-20 16:30:25,062 INFO [rev_util_helpfulness|paper_align|Qwen3-0.6B] step=469 epoch=1.8265

                                                 

 61%|██████    | 469/771 [15:42<09:54,  1.97s/it]2026-09-20 16:30:25,533 INFO [rev_util_helpfulness|paper_align|Qwen3-0.6B] step=469 epoch=1.8265

                                                 

 61%|██████    | 469/771 [15:43<09:54,  1.97s/it]
 61%|██████    | 470/771 [15:43<09:48,  1.96s/it]2026-09-20 16:30:25,863 INFO [rev_util_helpfulness|paper_align|Qwen3-0.6B] step=470 loss=0.4561 learning_rate=0.0000 epoch=1.8304

                                                 

 61%|██████    | 470/771 [15:43<09:48,  1.96s/it]2026-09-20 16:30:26,045 INFO [rev_util_helpfulness|paper_align|Qwen3-0.6B] step=470 epoch=1.8304

                                                 

 61%|██████    | 470/771 [15:43<09:48,  1.96s/it]2026-09-20 16:30:26,516 INFO [rev_util_helpfulness|paper_align|Qwen3-0.6B] step=470 epoch=1.8304

                                                 
{'paper_align_label_loss': '0.006609', 'paper_align_reason_loss': '0.1301', 'epoch': '1.749'}
{'paper_align_label_loss': '0.08025', 'paper_align_reason_loss': '0.2053', 'epoch': '1.749'}
{'paper_align_label_loss': '0.0294', 'paper_align_reason_loss': '0.1496', 'epoch': '1.749'}
{'paper_align_label_loss': '0.01579', 'paper_align_reason_loss': '0.1258', 'epoch': '1.749'}
{'loss': '0.3698', 'grad_norm': '3.767', 'learning_rate': '3.926e-05', 'epoch': '1.752'}
{'paper_align_label_loss': '0.1379', 'paper_align_reason_loss': '0.1683', 'epoch': '1.752'}
{'paper_align_label_loss': '0.02364', 'paper_align_reason_loss': '0.1568', 'epoch': '1.752'}
{'paper_align_label_loss': '0.07346', 'paper_align_reason_loss': '0.1496', 'epoch': '1.752'}
{'paper_align_label_loss': '0.07278', 'paper_align_reason_loss': '0.1472', 'epoch': '1.752'}
{'paper_align_label_loss': '0.01967', 'paper_align_reason_loss': '0.1627', 'epoch': '1.756'}
{'paper_align_label_loss': '0.1208', 'paper_align_reason_loss': '0.1778', 'epoch': '1.756'}
{'paper_align_label_loss': '0.04748', 'paper_align_reason_loss': '0.202', 'epoch': '1.756'}
{'paper_align_label_loss': '0.05813', 'paper_align_reason_loss': '0.1227', 'epoch': '1.756'}
{'paper_align_label_loss': '0.01747', 'paper_align_reason_loss': '0.1285', 'epoch': '1.76'}
{'paper_align_label_loss': '0.02828', 'paper_align_reason_loss': '0.123', 'epoch': '1.76'}
{'paper_align_label_loss': '0.005745', 'paper_align_reason_loss': '0.11', 'epoch': '1.76'}
{'paper_align_label_loss': '0.07557', 'paper_align_reason_loss': '0.13', 'epoch': '1.76'}
{'paper_align_label_loss': '0.08755', 'paper_align_reason_loss': '0.1405', 'epoch': '1.764'}
{'paper_align_label_loss': '0.1262', 'paper_align_reason_loss': '0.1937', 'epoch': '1.764'}
{'paper_align_label_loss': '0.04612', 'paper_align_reason_loss': '0.1419', 'epoch': '1.764'}
{'paper_align_label_loss': '0.01697', 'paper_align_reason_loss': '0.1388', 'epoch': '1.764'}
{'paper_align_label_loss': '0.0206', 'paper_align_reason_loss': '0.142', 'epoch': '1.768'}
{'paper_align_label_loss': '0.1365', 'paper_align_reason_loss': '0.1454', 'epoch': '1.768'}
{'paper_align_label_loss': '0.01529', 'paper_align_reason_loss': '0.1903', 'epoch': '1.768'}
{'paper_align_label_loss': '0.1539', 'paper_align_reason_loss': '0.1501', 'epoch': '1.768'}
{'paper_align_label_loss': '0.01111', 'paper_align_reason_loss': '0.08888', 'epoch': '1.772'}
{'paper_align_label_loss': '0.0275', 'paper_align_reason_loss': '0.1501', 'epoch': '1.772'}
{'paper_align_label_loss': '0.02245', 'paper_align_reason_loss': '0.155', 'epoch': '1.772'}
{'paper_align_label_loss': '0.05494', 'paper_align_reason_loss': '0.1728', 'epoch': '1.772'}
{'paper_align_label_loss': '0.008865', 'paper_align_reason_loss': '0.1821', 'epoch': '1.776'}
{'paper_align_label_loss': '0.07612', 'paper_align_reason_loss': '0.1626', 'epoch': '1.776'}
{'paper_align_label_loss': '0.1206', 'paper_align_reason_loss': '0.1333', 'epoch': '1.776'}
{'paper_align_label_loss': '0.1803', 'paper_align_reason_loss': '0.1665', 'epoch': '1.776'}
{'paper_align_label_loss': '0.1873', 'paper_align_reason_loss': '0.1574', 'epoch': '1.78'}
{'paper_align_label_loss': '0.04924', 'paper_align_reason_loss': '0.1979', 'epoch': '1.78'}
{'paper_align_label_loss': '0.3005', 'paper_align_reason_loss': '0.1252', 'epoch': '1.78'}
{'paper_align_label_loss': '0.03457', 'paper_align_reason_loss': '0.1612', 'epoch': '1.78'}
{'paper_align_label_loss': '0.04217', 'paper_align_reason_loss': '0.1237', 'epoch': '1.784'}
{'paper_align_label_loss': '0.03', 'paper_align_reason_loss': '0.1866', 'epoch': '1.784'}
{'paper_align_label_loss': '0.02052', 'paper_align_reason_loss': '0.1148', 'epoch': '1.784'}
{'paper_align_label_loss': '0.01345', 'paper_align_reason_loss': '0.1256', 'epoch': '1.784'}
{'paper_align_label_loss': '0.09831', 'paper_align_reason_loss': '0.1598', 'epoch': '1.788'}
{'paper_align_label_loss': '0.009328', 'paper_align_reason_loss': '0.1352', 'epoch': '1.788'}
{'paper_align_label_loss': '0.02176', 'paper_align_reason_loss': '0.155', 'epoch': '1.788'}
{'paper_align_label_loss': '0.02287', 'paper_align_reason_loss': '0.1716', 'epoch': '1.788'}
{'loss': '0.4331', 'grad_norm': '3.92', 'learning_rate': '3.721e-05', 'epoch': '1.791'}
{'paper_align_label_loss': '0.001814', 'paper_align_reason_loss': '0.1136', 'epoch': '1.791'}
{'paper_align_label_loss': '0.005114', 'paper_align_reason_loss': '0.1486', 'epoch': '1.791'}
{'paper_align_label_loss': '0.005519', 'paper_align_reason_loss': '0.1609', 'epoch': '1.791'}
{'paper_align_label_loss': '0.01942', 'paper_align_reason_loss': '0.1452', 'epoch': '1.791'}
{'paper_align_label_loss': '0.1151', 'paper_align_reason_loss': '0.1751', 'epoch': '1.795'}
{'paper_align_label_loss': '0.1232', 'paper_align_reason_loss': '0.1722', 'epoch': '1.795'}
{'paper_align_label_loss': '0.0899', 'paper_align_reason_loss': '0.1086', 'epoch': '1.795'}
{'paper_align_label_loss': '0.05434', 'paper_align_reason_loss': '0.1653', 'epoch': '1.795'}
{'paper_align_label_loss': '0.05419', 'paper_align_reason_loss': '0.2025', 'epoch': '1.799'}
{'paper_align_label_loss': '0.7214', 'paper_align_reason_loss': '0.2026', 'epoch': '1.799'}
{'paper_align_label_loss': '0.007408', 'paper_align_reason_loss': '0.125', 'epoch': '1.799'}
{'paper_align_label_loss': '0.1595', 'paper_align_reason_loss': '0.1817', 'epoch': '1.799'}
{'paper_align_label_loss': '0.06387', 'paper_align_reason_loss': '0.1106', 'epoch': '1.803'}
{'paper_align_label_loss': '0.02589', 'paper_align_reason_loss': '0.174', 'epoch': '1.803'}
{'paper_align_label_loss': '0.0204', 'paper_align_reason_loss': '0.08683', 'epoch': '1.803'}
{'paper_align_label_loss': '0.002546', 'paper_align_reason_loss': '0.1898', 'epoch': '1.803'}
{'paper_align_label_loss': '0.1067', 'paper_align_reason_loss': '0.1646', 'epoch': '1.807'}
{'paper_align_label_loss': '0.006352', 'paper_align_reason_loss': '0.2087', 'epoch': '1.807'}
{'paper_align_label_loss': '0.2449', 'paper_align_reason_loss': '0.1375', 'epoch': '1.807'}
{'paper_align_label_loss': '0.07941', 'paper_align_reason_loss': '0.1886', 'epoch': '1.807'}
{'paper_align_label_loss': '0.02624', 'paper_align_reason_loss': '0.1777', 'epoch': '1.811'}
{'paper_align_label_loss': '0.02862', 'paper_align_reason_loss': '0.236', 'epoch': '1.811'}
{'paper_align_label_loss': '0.03255', 'paper_align_reason_loss': '0.1208', 'epoch': '1.811'}
{'paper_align_label_loss': '0.006592', 'paper_align_reason_loss': '0.1271', 'epoch': '1.811'}
{'paper_align_label_loss': '0.002646', 'paper_align_reason_loss': '0.1065', 'epoch': '1.815'}
{'paper_align_label_loss': '0.01368', 'paper_align_reason_loss': '0.1502', 'epoch': '1.815'}
{'paper_align_label_loss': '0.1765', 'paper_align_reason_loss': '0.1809', 'epoch': '1.815'}
{'paper_align_label_loss': '0.005783', 'paper_align_reason_loss': '0.1303', 'epoch': '1.815'}
{'paper_align_label_loss': '0.132', 'paper_align_reason_loss': '0.1713', 'epoch': '1.819'}
{'paper_align_label_loss': '0.007668', 'paper_align_reason_loss': '0.1647', 'epoch': '1.819'}
{'paper_align_label_loss': '0.195', 'paper_align_reason_loss': '0.163', 'epoch': '1.819'}
{'paper_align_label_loss': '0.03075', 'paper_align_reason_loss': '0.1277', 'epoch': '1.819'}
{'paper_align_label_loss': '0.004649', 'paper_align_reason_loss': '0.1456', 'epoch': '1.823'}
{'paper_align_label_loss': '0.02243', 'paper_align_reason_loss': '0.149', 'epoch': '1.823'}
{'paper_align_label_loss': '0.2545', 'paper_align_reason_loss': '0.2481', 'epoch': '1.823'}
{'paper_align_label_loss': '0.006934', 'paper_align_reason_loss': '0.1301', 'epoch': '1.823'}
{'paper_align_label_loss': '0.03433', 'paper_align_reason_loss': '0.1732', 'epoch': '1.827'}
{'paper_align_label_loss': '0.007146', 'paper_align_reason_loss': '0.1155', 'epoch': '1.827'}
{'paper_align_label_loss': '0.02041', 'paper_align_reason_loss': '0.1184', 'epoch': '1.827'}
{'paper_align_label_loss': '0.002801', 'paper_align_reason_loss': '0.1063', 'epoch': '1.827'}
{'loss': '0.4561', 'grad_norm': '3.14', 'learning_rate': '3.519e-05', 'epoch': '1.83'}
{'paper_align_label_loss': '0.02365', 'paper_align_reason_loss': '0.1487', 'epoch': '1.83'}

 61%|██████    | 470/771 [15:44<09:48,  1.96s/it]2026-09-20 16:30:27,001 INFO [rev_util_helpfulness|paper_align|Qwen3-0.6B] step=470 epoch=1.8304

                                                 

 61%|██████    | 470/771 [15:44<09:48,  1.96s/it]2026-09-20 16:30:27,478 INFO [rev_util_helpfulness|paper_align|Qwen3-0.6B] step=470 epoch=1.8304

                                                 

 61%|██████    | 470/771 [15:45<09:48,  1.96s/it]
 61%|██████    | 471/771 [15:45<09:46,  1.95s/it]2026-09-20 16:30:27,990 INFO [rev_util_helpfulness|paper_align|Qwen3-0.6B] step=471 epoch=1.8343

                                                 

 61%|██████    | 471/771 [15:45<09:46,  1.95s/it]2026-09-20 16:30:28,458 INFO [rev_util_helpfulness|paper_align|Qwen3-0.6B] step=471 epoch=1.8343

                                                 

 61%|██████    | 471/771 [15:46<09:46,  1.95s/it]2026-09-20 16:30:28,938 INFO [rev_util_helpfulness|paper_align|Qwen3-0.6B] step=471 epoch=1.8343

                                                 

 61%|██████    | 471/771 [15:46<09:46,  1.95s/it]2026-09-20 16:30:29,415 INFO [rev_util_helpfulness|paper_align|Qwen3-0.6B] step=471 epoch=1.8343

                                                 

 61%|██████    | 471/771 [15:47<09:46,  1.95s/it]
 61%|██████    | 472/771 [15:47<09:42,  1.95s/it]2026-09-20 16:30:29,926 INFO [rev_util_helpfulness|paper_align|Qwen3-0.6B] step=472 epoch=1.8382

                                                 

 61%|██████    | 472/771 [15:47<09:42,  1.95s/it]2026-09-20 16:30:30,399 INFO [rev_util_helpfulness|paper_align|Qwen3-0.6B] step=472 epoch=1.8382

                                                 

 61%|██████    | 472/771 [15:48<09:42,  1.95s/it]2026-09-20 16:30:30,878 INFO [rev_util_helpfulness|paper_align|Qwen3-0.6B] step=472 epoch=1.8382

                                                 

 61%|██████    | 472/771 [15:48<09:42,  1.95s/it]2026-09-20 16:30:31,350 INFO [rev_util_helpfulness|paper_align|Qwen3-0.6B] step=472 epoch=1.8382

                                                 

 61%|██████    | 472/771 [15:49<09:42,  1.95s/it]
 61%|██████▏   | 473/771 [15:49<09:38,  1.94s/it]2026-09-20 16:30:32,042 INFO [rev_util_helpfulness|paper_align|Qwen3-0.6B] step=473 epoch=1.8421

                                                 

 61%|██████▏   | 473/771 [15:49<09:38,  1.94s/it]2026-09-20 16:30:32,512 INFO [rev_util_helpfulness|paper_align|Qwen3-0.6B] step=473 epoch=1.8421

                                                 

 61%|██████▏   | 473/771 [15:50<09:38,  1.94s/it]2026-09-20 16:30:32,984 INFO [rev_util_helpfulness|paper_align|Qwen3-0.6B] step=473 epoch=1.8421

                                                 

 61%|██████▏   | 473/771 [15:50<09:38,  1.94s/it]2026-09-20 16:30:33,455 INFO [rev_util_helpfulness|paper_align|Qwen3-0.6B] step=473 epoch=1.8421

                                                 

 61%|██████▏   | 473/771 [15:51<09:38,  1.94s/it]
 61%|██████▏   | 474/771 [15:51<09:52,  1.99s/it]2026-09-20 16:30:33,967 INFO [rev_util_helpfulness|paper_align|Qwen3-0.6B] step=474 epoch=1.8460

                                                 

 61%|██████▏   | 474/771 [15:51<09:52,  1.99s/it]2026-09-20 16:30:34,442 INFO [rev_util_helpfulness|paper_align|Qwen3-0.6B] step=474 epoch=1.8460

                                                 

 61%|██████▏   | 474/771 [15:52<09:52,  1.99s/it]2026-09-20 16:30:34,917 INFO [rev_util_helpfulness|paper_align|Qwen3-0.6B] step=474 epoch=1.8460

                                                 

 61%|██████▏   | 474/771 [15:52<09:52,  1.99s/it]2026-09-20 16:30:35,393 INFO [rev_util_helpfulness|paper_align|Qwen3-0.6B] step=474 epoch=1.8460

                                                 

 61%|██████▏   | 474/771 [15:53<09:52,  1.99s/it]
 62%|██████▏   | 475/771 [15:53<09:44,  1.98s/it]2026-09-20 16:30:35,924 INFO [rev_util_helpfulness|paper_align|Qwen3-0.6B] step=475 epoch=1.8499

                                                 

 62%|██████▏   | 475/771 [15:53<09:44,  1.98s/it]2026-09-20 16:30:36,393 INFO [rev_util_helpfulness|paper_align|Qwen3-0.6B] step=475 epoch=1.8499

                                                 

 62%|██████▏   | 475/771 [15:54<09:44,  1.98s/it]2026-09-20 16:30:36,892 INFO [rev_util_helpfulness|paper_align|Qwen3-0.6B] step=475 epoch=1.8499

                                                 

 62%|██████▏   | 475/771 [15:54<09:44,  1.98s/it]2026-09-20 16:30:37,366 INFO [rev_util_helpfulness|paper_align|Qwen3-0.6B] step=475 epoch=1.8499

                                                 

 62%|██████▏   | 475/771 [15:55<09:44,  1.98s/it]
 62%|██████▏   | 476/771 [15:55<09:41,  1.97s/it]2026-09-20 16:30:37,868 INFO [rev_util_helpfulness|paper_align|Qwen3-0.6B] step=476 epoch=1.8538

                                                 

 62%|██████▏   | 476/771 [15:55<09:41,  1.97s/it]2026-09-20 16:30:38,340 INFO [rev_util_helpfulness|paper_align|Qwen3-0.6B] step=476 epoch=1.8538

                                                 

 62%|██████▏   | 476/771 [15:56<09:41,  1.97s/it]2026-09-20 16:30:38,817 INFO [rev_util_helpfulness|paper_align|Qwen3-0.6B] step=476 epoch=1.8538

                                                 

 62%|██████▏   | 476/771 [15:56<09:41,  1.97s/it]2026-09-20 16:30:39,274 INFO [rev_util_helpfulness|paper_align|Qwen3-0.6B] step=476 epoch=1.8538

                                                 

 62%|██████▏   | 476/771 [15:56<09:41,  1.97s/it]
 62%|██████▏   | 477/771 [15:57<09:35,  1.96s/it]2026-09-20 16:30:39,783 INFO [rev_util_helpfulness|paper_align|Qwen3-0.6B] step=477 epoch=1.8577

                                                 

 62%|██████▏   | 477/771 [15:57<09:35,  1.96s/it]2026-09-20 16:30:40,246 INFO [rev_util_helpfulness|paper_align|Qwen3-0.6B] step=477 epoch=1.8577

                                                 

 62%|██████▏   | 477/771 [15:57<09:35,  1.96s/it]2026-09-20 16:30:40,722 INFO [rev_util_helpfulness|paper_align|Qwen3-0.6B] step=477 epoch=1.8577

                                                 

 62%|██████▏   | 477/771 [15:58<09:35,  1.96s/it]2026-09-20 16:30:41,186 INFO [rev_util_helpfulness|paper_align|Qwen3-0.6B] step=477 epoch=1.8577

                                                 

 62%|██████▏   | 477/771 [15:58<09:35,  1.96s/it]
 62%|██████▏   | 478/771 [15:59<09:29,  1.94s/it]2026-09-20 16:30:41,705 INFO [rev_util_helpfulness|paper_align|Qwen3-0.6B] step=478 epoch=1.8616

                                                 

 62%|██████▏   | 478/771 [15:59<09:29,  1.94s/it]2026-09-20 16:30:42,173 INFO [rev_util_helpfulness|paper_align|Qwen3-0.6B] step=478 epoch=1.8616

                                                 

 62%|██████▏   | 478/771 [15:59<09:29,  1.94s/it]2026-09-20 16:30:42,838 INFO [rev_util_helpfulness|paper_align|Qwen3-0.6B] step=478 epoch=1.8616

                                                 

 62%|██████▏   | 478/771 [16:00<09:29,  1.94s/it]2026-09-20 16:30:43,314 INFO [rev_util_helpfulness|paper_align|Qwen3-0.6B] step=478 epoch=1.8616

                                                 

 62%|██████▏   | 478/771 [16:01<09:29,  1.94s/it]
 62%|██████▏   | 479/771 [16:01<09:44,  2.00s/it]2026-09-20 16:30:43,825 INFO [rev_util_helpfulness|paper_align|Qwen3-0.6B] step=479 epoch=1.8655

                                                 

 62%|██████▏   | 479/771 [16:01<09:44,  2.00s/it]2026-09-20 16:30:44,307 INFO [rev_util_helpfulness|paper_align|Qwen3-0.6B] step=479 epoch=1.8655

                                                 

 62%|██████▏   | 479/771 [16:02<09:44,  2.00s/it]2026-09-20 16:30:44,768 INFO [rev_util_helpfulness|paper_align|Qwen3-0.6B] step=479 epoch=1.8655

                                                 

 62%|██████▏   | 479/771 [16:02<09:44,  2.00s/it]2026-09-20 16:30:45,247 INFO [rev_util_helpfulness|paper_align|Qwen3-0.6B] step=479 epoch=1.8655

                                                 

 62%|██████▏   | 479/771 [16:02<09:44,  2.00s/it]
 62%|██████▏   | 480/771 [16:03<09:36,  1.98s/it]2026-09-20 16:30:45,584 INFO [rev_util_helpfulness|paper_align|Qwen3-0.6B] step=480 loss=0.4194 learning_rate=0.0000 epoch=1.8694

                                                 

 62%|██████▏   | 480/771 [16:03<09:36,  1.98s/it]2026-09-20 16:30:45,760 INFO [rev_util_helpfulness|paper_align|Qwen3-0.6B] step=480 epoch=1.8694

                                                 

 62%|██████▏   | 480/771 [16:03<09:36,  1.98s/it]2026-09-20 16:30:46,244 INFO [rev_util_helpfulness|paper_align|Qwen3-0.6B] step=480 epoch=1.8694

                                                 

 62%|██████▏   | 480/771 [16:03<09:36,  1.98s/it]2026-09-20 16:30:46,726 INFO [rev_util_helpfulness|paper_align|Qwen3-0.6B] step=480 epoch=1.8694

                                                 

 62%|██████▏   | 480/771 [16:04<09:36,  1.98s/it]2026-09-20 16:30:47,203 INFO [rev_util_helpfulness|paper_align|Qwen3-0.6B] step=480 epoch=1.8694

                                                 

 62%|██████▏   | 480/771 [16:04<09:36,  1.98s/it]
 62%|██████▏   | 481/771 [16:05<09:31,  1.97s/it]2026-09-20 16:30:47,709 INFO [rev_util_helpfulness|paper_align|Qwen3-0.6B] step=481 epoch=1.8733

                                                 

 62%|██████▏   | 481/771 [16:05<09:31,  1.97s/it]2026-09-20 16:30:48,171 INFO [rev_util_helpfulness|paper_align|Qwen3-0.6B] step=481 epoch=1.8733

                                                 

 62%|██████▏   | 481/771 [16:05<09:31,  1.97s/it]2026-09-20 16:30:48,651 INFO [rev_util_helpfulness|paper_align|Qwen3-0.6B] step=481 epoch=1.8733

                                                 

 62%|██████▏   | 481/771 [16:06<09:31,  1.97s/it]2026-09-20 16:30:49,119 INFO [rev_util_helpfulness|paper_align|Qwen3-0.6B] step=481 epoch=1.8733

                                                 

 62%|██████▏   | 481/771 [16:06<09:31,  1.97s/it]
 63%|██████▎   | 482/771 [16:07<09:25,  1.96s/it]2026-09-20 16:30:49,640 INFO [rev_util_helpfulness|paper_align|Qwen3-0.6B] step=482 epoch=1.8772

                                                 

 63%|██████▎   | 482/771 [16:07<09:25,  1.96s/it]2026-09-20 16:30:50,133 INFO [rev_util_helpfulness|paper_align|Qwen3-0.6B] step=482 epoch=1.8772

                                                 

 63%|██████▎   | 482/771 [16:07<09:25,  1.96s/it]2026-09-20 16:30:50,612 INFO [rev_util_helpfulness|paper_align|Qwen3-0.6B] step=482 epoch=1.8772

                                                 

 63%|██████▎   | 482/771 [16:08<09:25,  1.96s/it]2026-09-20 16:30:51,097 INFO [rev_util_helpfulness|paper_align|Qwen3-0.6B] step=482 epoch=1.8772

                                                 

 63%|██████▎   | 482/771 [16:08<09:25,  1.96s/it]
 63%|██████▎   | 483/771 [16:09<09:24,  1.96s/it]2026-09-20 16:30:51,606 INFO [rev_util_helpfulness|paper_align|Qwen3-0.6B] step=483 epoch=1.8811

                                                 

 63%|██████▎   | 483/771 [16:09<09:24,  1.96s/it]2026-09-20 16:30:52,287 INFO [rev_util_helpfulness|paper_align|Qwen3-0.6B] step=483 epoch=1.8811

                                                 

 63%|██████▎   | 483/771 [16:10<09:24,  1.96s/it]2026-09-20 16:30:52,755 INFO [rev_util_helpfulness|paper_align|Qwen3-0.6B] step=483 epoch=1.8811

                                                 

 63%|██████▎   | 483/771 [16:10<09:24,  1.96s/it]2026-09-20 16:30:53,237 INFO [rev_util_helpfulness|paper_align|Qwen3-0.6B] step=483 epoch=1.8811

                                                 

 63%|██████▎   | 483/771 [16:10<09:24,  1.96s/it]
 63%|██████▎   | 484/771 [16:11<09:37,  2.01s/it]2026-09-20 16:30:53,742 INFO [rev_util_helpfulness|paper_align|Qwen3-0.6B] step=484 epoch=1.8850

                                                 

 63%|██████▎   | 484/771 [16:11<09:37,  2.01s/it]2026-09-20 16:30:54,223 INFO [rev_util_helpfulness|paper_align|Qwen3-0.6B] step=484 epoch=1.8850

                                                 

 63%|██████▎   | 484/771 [16:11<09:37,  2.01s/it]2026-09-20 16:30:54,696 INFO [rev_util_helpfulness|paper_align|Qwen3-0.6B] step=484 epoch=1.8850

                                                 

 63%|██████▎   | 484/771 [16:12<09:37,  2.01s/it]2026-09-20 16:30:55,175 INFO [rev_util_helpfulness|paper_align|Qwen3-0.6B] step=484 epoch=1.8850

                                                 

 63%|██████▎   | 484/771 [16:12<09:37,  2.01s/it]
 63%|██████▎   | 485/771 [16:13<09:29,  1.99s/it]2026-09-20 16:30:55,684 INFO [rev_util_helpfulness|paper_align|Qwen3-0.6B] step=485 epoch=1.8889

                                                 

 63%|██████▎   | 485/771 [16:13<09:29,  1.99s/it]2026-09-20 16:30:56,146 INFO [rev_util_helpfulness|paper_align|Qwen3-0.6B] step=485 epoch=1.8889

                                                 

 63%|██████▎   | 485/771 [16:13<09:29,  1.99s/it]2026-09-20 16:30:56,625 INFO [rev_util_helpfulness|paper_align|Qwen3-0.6B] step=485 epoch=1.8889

                                                 

 63%|██████▎   | 485/771 [16:14<09:29,  1.99s/it]2026-09-20 16:30:57,105 INFO [rev_util_helpfulness|paper_align|Qwen3-0.6B] step=485 epoch=1.8889

                                                 

 63%|██████▎   | 485/771 [16:14<09:29,  1.99s/it]
 63%|██████▎   | 486/771 [16:15<09:24,  1.98s/it]2026-09-20 16:30:57,641 INFO [rev_util_helpfulness|paper_align|Qwen3-0.6B] step=486 epoch=1.8928

                                                 

 63%|██████▎   | 486/771 [16:15<09:24,  1.98s/it]2026-09-20 16:30:58,103 INFO [rev_util_helpfulness|paper_align|Qwen3-0.6B] step=486 epoch=1.8928

                                                 

 63%|██████▎   | 486/771 [16:15<09:24,  1.98s/it]2026-09-20 16:30:58,580 INFO [rev_util_helpfulness|paper_align|Qwen3-0.6B] step=486 epoch=1.8928

                                                 

 63%|██████▎   | 486/771 [16:16<09:24,  1.98s/it]2026-09-20 16:30:59,052 INFO [rev_util_helpfulness|paper_align|Qwen3-0.6B] step=486 epoch=1.8928

                                                 

 63%|██████▎   | 486/771 [16:16<09:24,  1.98s/it]
 63%|██████▎   | 487/771 [16:17<09:17,  1.96s/it]2026-09-20 16:30:59,582 INFO [rev_util_helpfulness|paper_align|Qwen3-0.6B] step=487 epoch=1.8967

                                                 

 63%|██████▎   | 487/771 [16:17<09:17,  1.96s/it]2026-09-20 16:31:00,055 INFO [rev_util_helpfulness|paper_align|Qwen3-0.6B] step=487 epoch=1.8967

                                                 

 63%|██████▎   | 487/771 [16:17<09:17,  1.96s/it]2026-09-20 16:31:00,528 INFO [rev_util_helpfulness|paper_align|Qwen3-0.6B] step=487 epoch=1.8967

                                                 

 63%|██████▎   | 487/771 [16:18<09:17,  1.96s/it]2026-09-20 16:31:01,008 INFO [rev_util_helpfulness|paper_align|Qwen3-0.6B] step=487 epoch=1.8967

                                                 

 63%|██████▎   | 487/771 [16:18<09:17,  1.96s/it]
 63%|██████▎   | 488/771 [16:19<09:15,  1.96s/it]2026-09-20 16:31:01,521 INFO [rev_util_helpfulness|paper_align|Qwen3-0.6B] step=488 epoch=1.9006

                                                 

 63%|██████▎   | 488/771 [16:19<09:15,  1.96s/it]2026-09-20 16:31:02,203 INFO [rev_util_helpfulness|paper_align|Qwen3-0.6B] step=488 epoch=1.9006

                                                 

 63%|██████▎   | 488/771 [16:19<09:15,  1.96s/it]2026-09-20 16:31:02,681 INFO [rev_util_helpfulness|paper_align|Qwen3-0.6B] step=488 epoch=1.9006

                                                 

 63%|██████▎   | 488/771 [16:20<09:15,  1.96s/it]2026-09-20 16:31:03,159 INFO [rev_util_helpfulness|paper_align|Qwen3-0.6B] step=488 epoch=1.9006

                                                 

 63%|██████▎   | 488/771 [16:20<09:15,  1.96s/it]
 63%|██████▎   | 489/771 [16:21<09:29,  2.02s/it]2026-09-20 16:31:03,672 INFO [rev_util_helpfulness|paper_align|Qwen3-0.6B] step=489 epoch=1.9045

                                                 

 63%|██████▎   | 489/771 [16:21<09:29,  2.02s/it]2026-09-20 16:31:04,175 INFO [rev_util_helpfulness|paper_align|Qwen3-0.6B] step=489 epoch=1.9045

                                                 

 63%|██████▎   | 489/771 [16:21<09:29,  2.02s/it]2026-09-20 16:31:04,682 INFO [rev_util_helpfulness|paper_align|Qwen3-0.6B] step=489 epoch=1.9045

                                                 

 63%|██████▎   | 489/771 [16:22<09:29,  2.02s/it]2026-09-20 16:31:05,171 INFO [rev_util_helpfulness|paper_align|Qwen3-0.6B] step=489 epoch=1.9045

                                                 

 63%|██████▎   | 489/771 [16:22<09:29,  2.02s/it]
 64%|██████▎   | 490/771 [16:23<09:28,  2.02s/it]2026-09-20 16:31:05,523 INFO [rev_util_helpfulness|paper_align|Qwen3-0.6B] step=490 loss=0.4201 learning_rate=0.0000 epoch=1.9084

                                                 

 64%|██████▎   | 490/771 [16:23<09:28,  2.02s/it]2026-09-20 16:31:05,707 INFO [rev_util_helpfulness|paper_align|Qwen3-0.6B] step=490 epoch=1.9084

                                                 

 64%|██████▎   | 490/771 [16:23<09:28,  2.02s/it]2026-09-20 16:31:06,197 INFO [rev_util_helpfulness|paper_align|Qwen3-0.6B] step=490 epoch=1.9084

                                                 

 64%|██████▎   | 490/771 [16:23<09:28,  2.02s/it]2026-09-20 16:31:06,679 INFO [rev_util_helpfulness|paper_align|Qwen3-0.6B] step=490 epoch=1.9084

                                                 

 64%|██████▎   | 490/771 [16:24<09:28,  2.02s/it]2026-09-20 16:31:07,161 INFO [rev_util_helpfulness|paper_align|Qwen3-0.6B] step=490 epoch=1.9084

                                                 

 64%|██████▎   | 490/771 [16:24<09:28,  2.02s/it]
 64%|██████▎   | 491/771 [16:25<09:22,  2.01s/it]2026-09-20 16:31:07,682 INFO [rev_util_helpfulness|paper_align|Qwen3-0.6B] step=491 epoch=1.9123

                                                 

 64%|██████▎   | 491/771 [16:25<09:22,  2.01s/it]2026-09-20 16:31:08,158 INFO [rev_util_helpfulness|paper_align|Qwen3-0.6B] step=491 epoch=1.9123

                                                 

 64%|██████▎   | 491/771 [16:25<09:22,  2.01s/it]2026-09-20 16:31:08,636 INFO [rev_util_helpfulness|paper_align|Qwen3-0.6B] step=491 epoch=1.9123

                                                 

 64%|██████▎   | 491/771 [16:26<09:22,  2.01s/it]2026-09-20 16:31:09,111 INFO [rev_util_helpfulness|paper_align|Qwen3-0.6B] step=491 epoch=1.9123

                                                 
{'paper_align_label_loss': '0.04357', 'paper_align_reason_loss': '0.157', 'epoch': '1.83'}
{'paper_align_label_loss': '0.02952', 'paper_align_reason_loss': '0.2311', 'epoch': '1.83'}
{'paper_align_label_loss': '0.1264', 'paper_align_reason_loss': '0.2055', 'epoch': '1.83'}
{'paper_align_label_loss': '0.02779', 'paper_align_reason_loss': '0.1664', 'epoch': '1.834'}
{'paper_align_label_loss': '0.02286', 'paper_align_reason_loss': '0.1644', 'epoch': '1.834'}
{'paper_align_label_loss': '0.09851', 'paper_align_reason_loss': '0.1499', 'epoch': '1.834'}
{'paper_align_label_loss': '0.05573', 'paper_align_reason_loss': '0.142', 'epoch': '1.834'}
{'paper_align_label_loss': '0.0106', 'paper_align_reason_loss': '0.1615', 'epoch': '1.838'}
{'paper_align_label_loss': '0.1887', 'paper_align_reason_loss': '0.2147', 'epoch': '1.838'}
{'paper_align_label_loss': '0.01068', 'paper_align_reason_loss': '0.1141', 'epoch': '1.838'}
{'paper_align_label_loss': '0.02381', 'paper_align_reason_loss': '0.1772', 'epoch': '1.838'}
{'paper_align_label_loss': '0.005787', 'paper_align_reason_loss': '0.1635', 'epoch': '1.842'}
{'paper_align_label_loss': '0.03074', 'paper_align_reason_loss': '0.1898', 'epoch': '1.842'}
{'paper_align_label_loss': '0.001705', 'paper_align_reason_loss': '0.1621', 'epoch': '1.842'}
{'paper_align_label_loss': '0.01657', 'paper_align_reason_loss': '0.1708', 'epoch': '1.842'}
{'paper_align_label_loss': '0.06191', 'paper_align_reason_loss': '0.1152', 'epoch': '1.846'}
{'paper_align_label_loss': '0.04914', 'paper_align_reason_loss': '0.1459', 'epoch': '1.846'}
{'paper_align_label_loss': '0.01535', 'paper_align_reason_loss': '0.1532', 'epoch': '1.846'}
{'paper_align_label_loss': '0.01692', 'paper_align_reason_loss': '0.16', 'epoch': '1.846'}
{'paper_align_label_loss': '0.0376', 'paper_align_reason_loss': '0.1794', 'epoch': '1.85'}
{'paper_align_label_loss': '0.1423', 'paper_align_reason_loss': '0.1141', 'epoch': '1.85'}
{'paper_align_label_loss': '0.01546', 'paper_align_reason_loss': '0.1447', 'epoch': '1.85'}
{'paper_align_label_loss': '0.0295', 'paper_align_reason_loss': '0.1662', 'epoch': '1.85'}
{'paper_align_label_loss': '0.04103', 'paper_align_reason_loss': '0.1432', 'epoch': '1.854'}
{'paper_align_label_loss': '0.01658', 'paper_align_reason_loss': '0.1351', 'epoch': '1.854'}
{'paper_align_label_loss': '0.1299', 'paper_align_reason_loss': '0.1536', 'epoch': '1.854'}
{'paper_align_label_loss': '0.03652', 'paper_align_reason_loss': '0.153', 'epoch': '1.854'}
{'paper_align_label_loss': '0.1076', 'paper_align_reason_loss': '0.1448', 'epoch': '1.858'}
{'paper_align_label_loss': '0.007143', 'paper_align_reason_loss': '0.109', 'epoch': '1.858'}
{'paper_align_label_loss': '0.02678', 'paper_align_reason_loss': '0.1543', 'epoch': '1.858'}
{'paper_align_label_loss': '0.07283', 'paper_align_reason_loss': '0.1675', 'epoch': '1.858'}
{'paper_align_label_loss': '0.02726', 'paper_align_reason_loss': '0.1423', 'epoch': '1.862'}
{'paper_align_label_loss': '0.007219', 'paper_align_reason_loss': '0.1019', 'epoch': '1.862'}
{'paper_align_label_loss': '0.0125', 'paper_align_reason_loss': '0.2304', 'epoch': '1.862'}
{'paper_align_label_loss': '0.01714', 'paper_align_reason_loss': '0.1199', 'epoch': '1.862'}
{'paper_align_label_loss': '0.2733', 'paper_align_reason_loss': '0.2051', 'epoch': '1.865'}
{'paper_align_label_loss': '0.07791', 'paper_align_reason_loss': '0.1887', 'epoch': '1.865'}
{'paper_align_label_loss': '0.06165', 'paper_align_reason_loss': '0.1996', 'epoch': '1.865'}
{'paper_align_label_loss': '0.007697', 'paper_align_reason_loss': '0.1351', 'epoch': '1.865'}
{'loss': '0.4194', 'grad_norm': '6.259', 'learning_rate': '3.32e-05', 'epoch': '1.869'}
{'paper_align_label_loss': '0.002323', 'paper_align_reason_loss': '0.1229', 'epoch': '1.869'}
{'paper_align_label_loss': '0.03564', 'paper_align_reason_loss': '0.1845', 'epoch': '1.869'}
{'paper_align_label_loss': '0.05297', 'paper_align_reason_loss': '0.1453', 'epoch': '1.869'}
{'paper_align_label_loss': '0.0626', 'paper_align_reason_loss': '0.1766', 'epoch': '1.869'}
{'paper_align_label_loss': '0.0533', 'paper_align_reason_loss': '0.1199', 'epoch': '1.873'}
{'paper_align_label_loss': '0.01083', 'paper_align_reason_loss': '0.1852', 'epoch': '1.873'}
{'paper_align_label_loss': '0.05373', 'paper_align_reason_loss': '0.1593', 'epoch': '1.873'}
{'paper_align_label_loss': '0.14', 'paper_align_reason_loss': '0.152', 'epoch': '1.873'}
{'paper_align_label_loss': '0.01833', 'paper_align_reason_loss': '0.09145', 'epoch': '1.877'}
{'paper_align_label_loss': '0.09409', 'paper_align_reason_loss': '0.1284', 'epoch': '1.877'}
{'paper_align_label_loss': '0.1428', 'paper_align_reason_loss': '0.1646', 'epoch': '1.877'}
{'paper_align_label_loss': '0.00758', 'paper_align_reason_loss': '0.1409', 'epoch': '1.877'}
{'paper_align_label_loss': '0.01926', 'paper_align_reason_loss': '0.1691', 'epoch': '1.881'}
{'paper_align_label_loss': '0.002481', 'paper_align_reason_loss': '0.1221', 'epoch': '1.881'}
{'paper_align_label_loss': '0.02035', 'paper_align_reason_loss': '0.1287', 'epoch': '1.881'}
{'paper_align_label_loss': '0.2828', 'paper_align_reason_loss': '0.1745', 'epoch': '1.881'}
{'paper_align_label_loss': '0.01039', 'paper_align_reason_loss': '0.1199', 'epoch': '1.885'}
{'paper_align_label_loss': '0.0112', 'paper_align_reason_loss': '0.1433', 'epoch': '1.885'}
{'paper_align_label_loss': '0.0394', 'paper_align_reason_loss': '0.1842', 'epoch': '1.885'}
{'paper_align_label_loss': '0.009956', 'paper_align_reason_loss': '0.1759', 'epoch': '1.885'}
{'paper_align_label_loss': '0.08364', 'paper_align_reason_loss': '0.1893', 'epoch': '1.889'}
{'paper_align_label_loss': '0.01622', 'paper_align_reason_loss': '0.1579', 'epoch': '1.889'}
{'paper_align_label_loss': '0.07728', 'paper_align_reason_loss': '0.1487', 'epoch': '1.889'}
{'paper_align_label_loss': '0.01136', 'paper_align_reason_loss': '0.139', 'epoch': '1.889'}
{'paper_align_label_loss': '0.06693', 'paper_align_reason_loss': '0.1793', 'epoch': '1.893'}
{'paper_align_label_loss': '0.03791', 'paper_align_reason_loss': '0.1933', 'epoch': '1.893'}
{'paper_align_label_loss': '0.004618', 'paper_align_reason_loss': '0.1316', 'epoch': '1.893'}
{'paper_align_label_loss': '0.06157', 'paper_align_reason_loss': '0.1308', 'epoch': '1.893'}
{'paper_align_label_loss': '0.07994', 'paper_align_reason_loss': '0.1364', 'epoch': '1.897'}
{'paper_align_label_loss': '0.1789', 'paper_align_reason_loss': '0.1209', 'epoch': '1.897'}
{'paper_align_label_loss': '0.05724', 'paper_align_reason_loss': '0.1884', 'epoch': '1.897'}
{'paper_align_label_loss': '0.05831', 'paper_align_reason_loss': '0.1134', 'epoch': '1.897'}
{'paper_align_label_loss': '0.008972', 'paper_align_reason_loss': '0.1305', 'epoch': '1.901'}
{'paper_align_label_loss': '0.02517', 'paper_align_reason_loss': '0.1372', 'epoch': '1.901'}
{'paper_align_label_loss': '0.009393', 'paper_align_reason_loss': '0.158', 'epoch': '1.901'}
{'paper_align_label_loss': '0.02552', 'paper_align_reason_loss': '0.1118', 'epoch': '1.901'}
{'paper_align_label_loss': '0.01693', 'paper_align_reason_loss': '0.1727', 'epoch': '1.904'}
{'paper_align_label_loss': '0.01471', 'paper_align_reason_loss': '0.1683', 'epoch': '1.904'}
{'paper_align_label_loss': '0.2873', 'paper_align_reason_loss': '0.2211', 'epoch': '1.904'}
{'paper_align_label_loss': '0.04553', 'paper_align_reason_loss': '0.2461', 'epoch': '1.904'}
{'loss': '0.4201', 'grad_norm': '6.918', 'learning_rate': '3.123e-05', 'epoch': '1.908'}
{'paper_align_label_loss': '0.01162', 'paper_align_reason_loss': '0.1318', 'epoch': '1.908'}
{'paper_align_label_loss': '0.0581', 'paper_align_reason_loss': '0.1654', 'epoch': '1.908'}
{'paper_align_label_loss': '0.03682', 'paper_align_reason_loss': '0.1121', 'epoch': '1.908'}
{'paper_align_label_loss': '0.02415', 'paper_align_reason_loss': '0.1681', 'epoch': '1.908'}
{'paper_align_label_loss': '0.04855', 'paper_align_reason_loss': '0.1766', 'epoch': '1.912'}
{'paper_align_label_loss': '0.007246', 'paper_align_reason_loss': '0.1425', 'epoch': '1.912'}
{'paper_align_label_loss': '0.01806', 'paper_align_reason_loss': '0.1254', 'epoch': '1.912'}

 64%|██████▎   | 491/771 [16:26<09:22,  2.01s/it]
 64%|██████▍   | 492/771 [16:27<09:14,  1.99s/it]2026-09-20 16:31:09,629 INFO [rev_util_helpfulness|paper_align|Qwen3-0.6B] step=492 epoch=1.9162

                                                 

 64%|██████▍   | 492/771 [16:27<09:14,  1.99s/it]2026-09-20 16:31:10,103 INFO [rev_util_helpfulness|paper_align|Qwen3-0.6B] step=492 epoch=1.9162

                                                 

 64%|██████▍   | 492/771 [16:27<09:14,  1.99s/it]2026-09-20 16:31:10,587 INFO [rev_util_helpfulness|paper_align|Qwen3-0.6B] step=492 epoch=1.9162

                                                 

 64%|██████▍   | 492/771 [16:28<09:14,  1.99s/it]2026-09-20 16:31:11,065 INFO [rev_util_helpfulness|paper_align|Qwen3-0.6B] step=492 epoch=1.9162

                                                 

 64%|██████▍   | 492/771 [16:28<09:14,  1.99s/it]
 64%|██████▍   | 493/771 [16:29<09:10,  1.98s/it]2026-09-20 16:31:11,577 INFO [rev_util_helpfulness|paper_align|Qwen3-0.6B] step=493 epoch=1.9201

                                                 

 64%|██████▍   | 493/771 [16:29<09:10,  1.98s/it]2026-09-20 16:31:12,051 INFO [rev_util_helpfulness|paper_align|Qwen3-0.6B] step=493 epoch=1.9201

                                                 

 64%|██████▍   | 493/771 [16:29<09:10,  1.98s/it]2026-09-20 16:31:12,771 INFO [rev_util_helpfulness|paper_align|Qwen3-0.6B] step=493 epoch=1.9201

                                                 

 64%|██████▍   | 493/771 [16:30<09:10,  1.98s/it]2026-09-20 16:31:13,247 INFO [rev_util_helpfulness|paper_align|Qwen3-0.6B] step=493 epoch=1.9201

                                                 

 64%|██████▍   | 493/771 [16:30<09:10,  1.98s/it]
 64%|██████▍   | 494/771 [16:31<09:24,  2.04s/it]2026-09-20 16:31:13,756 INFO [rev_util_helpfulness|paper_align|Qwen3-0.6B] step=494 epoch=1.9240

                                                 

 64%|██████▍   | 494/771 [16:31<09:24,  2.04s/it]2026-09-20 16:31:14,230 INFO [rev_util_helpfulness|paper_align|Qwen3-0.6B] step=494 epoch=1.9240

                                                 

 64%|██████▍   | 494/771 [16:31<09:24,  2.04s/it]2026-09-20 16:31:14,724 INFO [rev_util_helpfulness|paper_align|Qwen3-0.6B] step=494 epoch=1.9240

                                                 

 64%|██████▍   | 494/771 [16:32<09:24,  2.04s/it]2026-09-20 16:31:15,205 INFO [rev_util_helpfulness|paper_align|Qwen3-0.6B] step=494 epoch=1.9240

                                                 

 64%|██████▍   | 494/771 [16:32<09:24,  2.04s/it]
 64%|██████▍   | 495/771 [16:33<09:17,  2.02s/it]2026-09-20 16:31:15,731 INFO [rev_util_helpfulness|paper_align|Qwen3-0.6B] step=495 epoch=1.9279

                                                 

 64%|██████▍   | 495/771 [16:33<09:17,  2.02s/it]2026-09-20 16:31:16,207 INFO [rev_util_helpfulness|paper_align|Qwen3-0.6B] step=495 epoch=1.9279

                                                 

 64%|██████▍   | 495/771 [16:33<09:17,  2.02s/it]2026-09-20 16:31:16,688 INFO [rev_util_helpfulness|paper_align|Qwen3-0.6B] step=495 epoch=1.9279

                                                 

 64%|██████▍   | 495/771 [16:34<09:17,  2.02s/it]2026-09-20 16:31:17,164 INFO [rev_util_helpfulness|paper_align|Qwen3-0.6B] step=495 epoch=1.9279

                                                 

 64%|██████▍   | 495/771 [16:34<09:17,  2.02s/it]
 64%|██████▍   | 496/771 [16:35<09:09,  2.00s/it]2026-09-20 16:31:17,684 INFO [rev_util_helpfulness|paper_align|Qwen3-0.6B] step=496 epoch=1.9318

                                                 

 64%|██████▍   | 496/771 [16:35<09:09,  2.00s/it]2026-09-20 16:31:18,155 INFO [rev_util_helpfulness|paper_align|Qwen3-0.6B] step=496 epoch=1.9318

                                                 

 64%|██████▍   | 496/771 [16:35<09:09,  2.00s/it]2026-09-20 16:31:18,629 INFO [rev_util_helpfulness|paper_align|Qwen3-0.6B] step=496 epoch=1.9318

                                                 

 64%|██████▍   | 496/771 [16:36<09:09,  2.00s/it]2026-09-20 16:31:19,104 INFO [rev_util_helpfulness|paper_align|Qwen3-0.6B] step=496 epoch=1.9318

                                                 

 64%|██████▍   | 496/771 [16:36<09:09,  2.00s/it]
 64%|██████▍   | 497/771 [16:37<09:01,  1.98s/it]2026-09-20 16:31:19,607 INFO [rev_util_helpfulness|paper_align|Qwen3-0.6B] step=497 epoch=1.9357

                                                 

 64%|██████▍   | 497/771 [16:37<09:01,  1.98s/it]2026-09-20 16:31:20,086 INFO [rev_util_helpfulness|paper_align|Qwen3-0.6B] step=497 epoch=1.9357

                                                 

 64%|██████▍   | 497/771 [16:37<09:01,  1.98s/it]2026-09-20 16:31:20,557 INFO [rev_util_helpfulness|paper_align|Qwen3-0.6B] step=497 epoch=1.9357

                                                 

 64%|██████▍   | 497/771 [16:38<09:01,  1.98s/it]2026-09-20 16:31:21,034 INFO [rev_util_helpfulness|paper_align|Qwen3-0.6B] step=497 epoch=1.9357

                                                 

 64%|██████▍   | 497/771 [16:38<09:01,  1.98s/it]
 65%|██████▍   | 498/771 [16:39<08:57,  1.97s/it]2026-09-20 16:31:21,551 INFO [rev_util_helpfulness|paper_align|Qwen3-0.6B] step=498 epoch=1.9396

                                                 

 65%|██████▍   | 498/771 [16:39<08:57,  1.97s/it]2026-09-20 16:31:22,029 INFO [rev_util_helpfulness|paper_align|Qwen3-0.6B] step=498 epoch=1.9396

                                                 

 65%|██████▍   | 498/771 [16:39<08:57,  1.97s/it]2026-09-20 16:31:22,509 INFO [rev_util_helpfulness|paper_align|Qwen3-0.6B] step=498 epoch=1.9396

                                                 

 65%|██████▍   | 498/771 [16:40<08:57,  1.97s/it]2026-09-20 16:31:23,179 INFO [rev_util_helpfulness|paper_align|Qwen3-0.6B] step=498 epoch=1.9396

                                                 

 65%|██████▍   | 498/771 [16:40<08:57,  1.97s/it]
 65%|██████▍   | 499/771 [16:41<09:09,  2.02s/it]2026-09-20 16:31:23,692 INFO [rev_util_helpfulness|paper_align|Qwen3-0.6B] step=499 epoch=1.9435

                                                 

 65%|██████▍   | 499/771 [16:41<09:09,  2.02s/it]2026-09-20 16:31:24,165 INFO [rev_util_helpfulness|paper_align|Qwen3-0.6B] step=499 epoch=1.9435

                                                 

 65%|██████▍   | 499/771 [16:41<09:09,  2.02s/it]2026-09-20 16:31:24,643 INFO [rev_util_helpfulness|paper_align|Qwen3-0.6B] step=499 epoch=1.9435

                                                 

 65%|██████▍   | 499/771 [16:42<09:09,  2.02s/it]2026-09-20 16:31:25,116 INFO [rev_util_helpfulness|paper_align|Qwen3-0.6B] step=499 epoch=1.9435

                                                 

 65%|██████▍   | 499/771 [16:42<09:09,  2.02s/it]
 65%|██████▍   | 500/771 [16:43<09:00,  1.99s/it]2026-09-20 16:31:25,448 INFO [rev_util_helpfulness|paper_align|Qwen3-0.6B] step=500 loss=0.4644 learning_rate=0.0000 epoch=1.9474

                                                 

 65%|██████▍   | 500/771 [16:43<09:00,  1.99s/it]2026-09-20 16:31:25,629 INFO [rev_util_helpfulness|paper_align|Qwen3-0.6B] step=500 epoch=1.9474

                                                 

 65%|██████▍   | 500/771 [16:43<09:00,  1.99s/it]2026-09-20 16:31:26,100 INFO [rev_util_helpfulness|paper_align|Qwen3-0.6B] step=500 epoch=1.9474

                                                 

 65%|██████▍   | 500/771 [16:43<09:00,  1.99s/it]2026-09-20 16:31:26,575 INFO [rev_util_helpfulness|paper_align|Qwen3-0.6B] step=500 epoch=1.9474

                                                 

 65%|██████▍   | 500/771 [16:44<09:00,  1.99s/it]2026-09-20 16:31:27,049 INFO [rev_util_helpfulness|paper_align|Qwen3-0.6B] step=500 epoch=1.9474

                                                 

 65%|██████▍   | 500/771 [16:44<09:00,  1.99s/it]
 65%|██████▍   | 501/771 [16:45<08:53,  1.98s/it]2026-09-20 16:31:27,562 INFO [rev_util_helpfulness|paper_align|Qwen3-0.6B] step=501 epoch=1.9513

                                                 

 65%|██████▍   | 501/771 [16:45<08:53,  1.98s/it]2026-09-20 16:31:28,039 INFO [rev_util_helpfulness|paper_align|Qwen3-0.6B] step=501 epoch=1.9513

                                                 

 65%|██████▍   | 501/771 [16:45<08:53,  1.98s/it]2026-09-20 16:31:28,512 INFO [rev_util_helpfulness|paper_align|Qwen3-0.6B] step=501 epoch=1.9513

                                                 

 65%|██████▍   | 501/771 [16:46<08:53,  1.98s/it]2026-09-20 16:31:28,998 INFO [rev_util_helpfulness|paper_align|Qwen3-0.6B] step=501 epoch=1.9513

                                                 

 65%|██████▍   | 501/771 [16:46<08:53,  1.98s/it]
 65%|██████▌   | 502/771 [16:47<08:49,  1.97s/it]2026-09-20 16:31:29,509 INFO [rev_util_helpfulness|paper_align|Qwen3-0.6B] step=502 epoch=1.9552

                                                 

 65%|██████▌   | 502/771 [16:47<08:49,  1.97s/it]2026-09-20 16:31:29,982 INFO [rev_util_helpfulness|paper_align|Qwen3-0.6B] step=502 epoch=1.9552

                                                 

 65%|██████▌   | 502/771 [16:47<08:49,  1.97s/it]2026-09-20 16:31:30,478 INFO [rev_util_helpfulness|paper_align|Qwen3-0.6B] step=502 epoch=1.9552

                                                 

 65%|██████▌   | 502/771 [16:48<08:49,  1.97s/it]2026-09-20 16:31:30,968 INFO [rev_util_helpfulness|paper_align|Qwen3-0.6B] step=502 epoch=1.9552

                                                 

 65%|██████▌   | 502/771 [16:48<08:49,  1.97s/it]
 65%|██████▌   | 503/771 [16:49<08:48,  1.97s/it]2026-09-20 16:31:31,492 INFO [rev_util_helpfulness|paper_align|Qwen3-0.6B] step=503 epoch=1.9591

                                                 

 65%|██████▌   | 503/771 [16:49<08:48,  1.97s/it]2026-09-20 16:31:31,974 INFO [rev_util_helpfulness|paper_align|Qwen3-0.6B] step=503 epoch=1.9591

                                                 

 65%|██████▌   | 503/771 [16:49<08:48,  1.97s/it]2026-09-20 16:31:32,458 INFO [rev_util_helpfulness|paper_align|Qwen3-0.6B] step=503 epoch=1.9591

                                                 

 65%|██████▌   | 503/771 [16:50<08:48,  1.97s/it]2026-09-20 16:31:33,177 INFO [rev_util_helpfulness|paper_align|Qwen3-0.6B] step=503 epoch=1.9591

                                                 

 65%|██████▌   | 503/771 [16:50<08:48,  1.97s/it]
 65%|██████▌   | 504/771 [16:51<09:04,  2.04s/it]2026-09-20 16:31:33,685 INFO [rev_util_helpfulness|paper_align|Qwen3-0.6B] step=504 epoch=1.9630

                                                 

 65%|██████▌   | 504/771 [16:51<09:04,  2.04s/it]2026-09-20 16:31:34,159 INFO [rev_util_helpfulness|paper_align|Qwen3-0.6B] step=504 epoch=1.9630

                                                 

 65%|██████▌   | 504/771 [16:51<09:04,  2.04s/it]2026-09-20 16:31:34,629 INFO [rev_util_helpfulness|paper_align|Qwen3-0.6B] step=504 epoch=1.9630

                                                 

 65%|██████▌   | 504/771 [16:52<09:04,  2.04s/it]2026-09-20 16:31:35,103 INFO [rev_util_helpfulness|paper_align|Qwen3-0.6B] step=504 epoch=1.9630

                                                 

 65%|██████▌   | 504/771 [16:52<09:04,  2.04s/it]
 65%|██████▌   | 505/771 [16:53<08:53,  2.01s/it]2026-09-20 16:31:35,618 INFO [rev_util_helpfulness|paper_align|Qwen3-0.6B] step=505 epoch=1.9669

                                                 

 65%|██████▌   | 505/771 [16:53<08:53,  2.01s/it]2026-09-20 16:31:36,094 INFO [rev_util_helpfulness|paper_align|Qwen3-0.6B] step=505 epoch=1.9669

                                                 

 65%|██████▌   | 505/771 [16:53<08:53,  2.01s/it]2026-09-20 16:31:36,563 INFO [rev_util_helpfulness|paper_align|Qwen3-0.6B] step=505 epoch=1.9669

                                                 

 65%|██████▌   | 505/771 [16:54<08:53,  2.01s/it]2026-09-20 16:31:37,038 INFO [rev_util_helpfulness|paper_align|Qwen3-0.6B] step=505 epoch=1.9669

                                                 

 65%|██████▌   | 505/771 [16:54<08:53,  2.01s/it]
 66%|██████▌   | 506/771 [16:55<08:45,  1.98s/it]2026-09-20 16:31:37,545 INFO [rev_util_helpfulness|paper_align|Qwen3-0.6B] step=506 epoch=1.9708

                                                 

 66%|██████▌   | 506/771 [16:55<08:45,  1.98s/it]2026-09-20 16:31:38,019 INFO [rev_util_helpfulness|paper_align|Qwen3-0.6B] step=506 epoch=1.9708

                                                 

 66%|██████▌   | 506/771 [16:55<08:45,  1.98s/it]2026-09-20 16:31:38,499 INFO [rev_util_helpfulness|paper_align|Qwen3-0.6B] step=506 epoch=1.9708

                                                 

 66%|██████▌   | 506/771 [16:56<08:45,  1.98s/it]2026-09-20 16:31:38,978 INFO [rev_util_helpfulness|paper_align|Qwen3-0.6B] step=506 epoch=1.9708

                                                 

 66%|██████▌   | 506/771 [16:56<08:45,  1.98s/it]
 66%|██████▌   | 507/771 [16:57<08:40,  1.97s/it]2026-09-20 16:31:39,493 INFO [rev_util_helpfulness|paper_align|Qwen3-0.6B] step=507 epoch=1.9747

                                                 

 66%|██████▌   | 507/771 [16:57<08:40,  1.97s/it]2026-09-20 16:31:39,969 INFO [rev_util_helpfulness|paper_align|Qwen3-0.6B] step=507 epoch=1.9747

                                                 

 66%|██████▌   | 507/771 [16:57<08:40,  1.97s/it]2026-09-20 16:31:40,458 INFO [rev_util_helpfulness|paper_align|Qwen3-0.6B] step=507 epoch=1.9747

                                                 

 66%|██████▌   | 507/771 [16:58<08:40,  1.97s/it]2026-09-20 16:31:40,942 INFO [rev_util_helpfulness|paper_align|Qwen3-0.6B] step=507 epoch=1.9747

                                                 

 66%|██████▌   | 507/771 [16:58<08:40,  1.97s/it]
 66%|██████▌   | 508/771 [16:58<08:38,  1.97s/it]2026-09-20 16:31:41,459 INFO [rev_util_helpfulness|paper_align|Qwen3-0.6B] step=508 epoch=1.9786

                                                 

 66%|██████▌   | 508/771 [16:59<08:38,  1.97s/it]2026-09-20 16:31:41,929 INFO [rev_util_helpfulness|paper_align|Qwen3-0.6B] step=508 epoch=1.9786

                                                 

 66%|██████▌   | 508/771 [16:59<08:38,  1.97s/it]2026-09-20 16:31:42,400 INFO [rev_util_helpfulness|paper_align|Qwen3-0.6B] step=508 epoch=1.9786

                                                 

 66%|██████▌   | 508/771 [17:00<08:38,  1.97s/it]2026-09-20 16:31:42,884 INFO [rev_util_helpfulness|paper_align|Qwen3-0.6B] step=508 epoch=1.9786

                                                 

 66%|██████▌   | 508/771 [17:00<08:38,  1.97s/it]
 66%|██████▌   | 509/771 [17:00<08:33,  1.96s/it]2026-09-20 16:31:43,586 INFO [rev_util_helpfulness|paper_align|Qwen3-0.6B] step=509 epoch=1.9825

                                                 

 66%|██████▌   | 509/771 [17:01<08:33,  1.96s/it]2026-09-20 16:31:44,064 INFO [rev_util_helpfulness|paper_align|Qwen3-0.6B] step=509 epoch=1.9825

                                                 

 66%|██████▌   | 509/771 [17:01<08:33,  1.96s/it]2026-09-20 16:31:44,544 INFO [rev_util_helpfulness|paper_align|Qwen3-0.6B] step=509 epoch=1.9825

                                                 

 66%|██████▌   | 509/771 [17:02<08:33,  1.96s/it]2026-09-20 16:31:45,022 INFO [rev_util_helpfulness|paper_align|Qwen3-0.6B] step=509 epoch=1.9825

                                                 

 66%|██████▌   | 509/771 [17:02<08:33,  1.96s/it]
 66%|██████▌   | 510/771 [17:03<08:45,  2.01s/it]2026-09-20 16:31:45,358 INFO [rev_util_helpfulness|paper_align|Qwen3-0.6B] step=510 loss=0.4291 learning_rate=0.0000 epoch=1.9864

                                                 

 66%|██████▌   | 510/771 [17:03<08:45,  2.01s/it]2026-09-20 16:31:45,543 INFO [rev_util_helpfulness|paper_align|Qwen3-0.6B] step=510 epoch=1.9864

                                                 

 66%|██████▌   | 510/771 [17:03<08:45,  2.01s/it]2026-09-20 16:31:46,040 INFO [rev_util_helpfulness|paper_align|Qwen3-0.6B] step=510 epoch=1.9864

                                                 

 66%|██████▌   | 510/771 [17:03<08:45,  2.01s/it]2026-09-20 16:31:46,521 INFO [rev_util_helpfulness|paper_align|Qwen3-0.6B] step=510 epoch=1.9864

                                                 

 66%|██████▌   | 510/771 [17:04<08:45,  2.01s/it]2026-09-20 16:31:46,999 INFO [rev_util_helpfulness|paper_align|Qwen3-0.6B] step=510 epoch=1.9864

                                                 

 66%|██████▌   | 510/771 [17:04<08:45,  2.01s/it]
 66%|██████▋   | 511/771 [17:05<08:40,  2.00s/it]2026-09-20 16:31:47,511 INFO [rev_util_helpfulness|paper_align|Qwen3-0.6B] step=511 epoch=1.9903

                                                 

 66%|██████▋   | 511/771 [17:05<08:40,  2.00s/it]2026-09-20 16:31:47,977 INFO [rev_util_helpfulness|paper_align|Qwen3-0.6B] step=511 epoch=1.9903

                                                 

 66%|██████▋   | 511/771 [17:05<08:40,  2.00s/it]2026-09-20 16:31:48,459 INFO [rev_util_helpfulness|paper_align|Qwen3-0.6B] step=511 epoch=1.9903

                                                 

 66%|██████▋   | 511/771 [17:06<08:40,  2.00s/it]2026-09-20 16:31:48,939 INFO [rev_util_helpfulness|paper_align|Qwen3-0.6B] step=511 epoch=1.9903

                                                 

 66%|██████▋   | 511/771 [17:06<08:40,  2.00s/it]
 66%|██████▋   | 512/771 [17:06<08:34,  1.98s/it]2026-09-20 16:31:49,455 INFO [rev_util_helpfulness|paper_align|Qwen3-0.6B] step=512 epoch=1.9942

                                                 

 66%|██████▋   | 512/771 [17:07<08:34,  1.98s/it]2026-09-20 16:31:49,952 INFO [rev_util_helpfulness|paper_align|Qwen3-0.6B] step=512 epoch=1.9942

                                                 

 66%|██████▋   | 512/771 [17:07<08:34,  1.98s/it]2026-09-20 16:31:50,437 INFO [rev_util_helpfulness|paper_align|Qwen3-0.6B] step=512 epoch=1.9942

                                                 

 66%|██████▋   | 512/771 [17:08<08:34,  1.98s/it]2026-09-20 16:31:50,955 INFO [rev_util_helpfulness|paper_align|Qwen3-0.6B] step=512 epoch=1.9942

                                                 

 66%|██████▋   | 512/771 [17:08<08:34,  1.98s/it]
 67%|██████▋   | 513/771 [17:09<08:34,  2.00s/it]2026-09-20 16:31:51,463 INFO [rev_util_helpfulness|paper_align|Qwen3-0.6B] step=513 epoch=1.9981

                                                 

 67%|██████▋   | 513/771 [17:09<08:34,  2.00s/it]2026-09-20 16:31:51,928 INFO [rev_util_helpfulness|paper_align|Qwen3-0.6B] step=513 epoch=1.9981

                                                 
{'paper_align_label_loss': '0.02511', 'paper_align_reason_loss': '0.1056', 'epoch': '1.912'}
{'paper_align_label_loss': '0.008374', 'paper_align_reason_loss': '0.1631', 'epoch': '1.916'}
{'paper_align_label_loss': '0.03736', 'paper_align_reason_loss': '0.1663', 'epoch': '1.916'}
{'paper_align_label_loss': '0.02256', 'paper_align_reason_loss': '0.1542', 'epoch': '1.916'}
{'paper_align_label_loss': '0.03494', 'paper_align_reason_loss': '0.144', 'epoch': '1.916'}
{'paper_align_label_loss': '0.005919', 'paper_align_reason_loss': '0.1132', 'epoch': '1.92'}
{'paper_align_label_loss': '0.3609', 'paper_align_reason_loss': '0.198', 'epoch': '1.92'}
{'paper_align_label_loss': '0.1591', 'paper_align_reason_loss': '0.1513', 'epoch': '1.92'}
{'paper_align_label_loss': '0.0269', 'paper_align_reason_loss': '0.1469', 'epoch': '1.92'}
{'paper_align_label_loss': '0.003316', 'paper_align_reason_loss': '0.1283', 'epoch': '1.924'}
{'paper_align_label_loss': '0.05092', 'paper_align_reason_loss': '0.2017', 'epoch': '1.924'}
{'paper_align_label_loss': '0.1741', 'paper_align_reason_loss': '0.1593', 'epoch': '1.924'}
{'paper_align_label_loss': '0.08922', 'paper_align_reason_loss': '0.2001', 'epoch': '1.924'}
{'paper_align_label_loss': '0.007838', 'paper_align_reason_loss': '0.1448', 'epoch': '1.928'}
{'paper_align_label_loss': '0.115', 'paper_align_reason_loss': '0.1603', 'epoch': '1.928'}
{'paper_align_label_loss': '0.07091', 'paper_align_reason_loss': '0.194', 'epoch': '1.928'}
{'paper_align_label_loss': '0.2732', 'paper_align_reason_loss': '0.1719', 'epoch': '1.928'}
{'paper_align_label_loss': '0.01699', 'paper_align_reason_loss': '0.1729', 'epoch': '1.932'}
{'paper_align_label_loss': '0.08634', 'paper_align_reason_loss': '0.2034', 'epoch': '1.932'}
{'paper_align_label_loss': '0.0441', 'paper_align_reason_loss': '0.1427', 'epoch': '1.932'}
{'paper_align_label_loss': '0.005297', 'paper_align_reason_loss': '0.2192', 'epoch': '1.932'}
{'paper_align_label_loss': '0.07134', 'paper_align_reason_loss': '0.1662', 'epoch': '1.936'}
{'paper_align_label_loss': '0.007305', 'paper_align_reason_loss': '0.1469', 'epoch': '1.936'}
{'paper_align_label_loss': '0.1011', 'paper_align_reason_loss': '0.1542', 'epoch': '1.936'}
{'paper_align_label_loss': '0.01635', 'paper_align_reason_loss': '0.1434', 'epoch': '1.936'}
{'paper_align_label_loss': '0.007952', 'paper_align_reason_loss': '0.108', 'epoch': '1.94'}
{'paper_align_label_loss': '0.1599', 'paper_align_reason_loss': '0.1297', 'epoch': '1.94'}
{'paper_align_label_loss': '0.05535', 'paper_align_reason_loss': '0.1353', 'epoch': '1.94'}
{'paper_align_label_loss': '0.3701', 'paper_align_reason_loss': '0.1965', 'epoch': '1.94'}
{'paper_align_label_loss': '0.2536', 'paper_align_reason_loss': '0.1144', 'epoch': '1.943'}
{'paper_align_label_loss': '0.1944', 'paper_align_reason_loss': '0.1885', 'epoch': '1.943'}
{'paper_align_label_loss': '0.0005149', 'paper_align_reason_loss': '0.1296', 'epoch': '1.943'}
{'paper_align_label_loss': '0.01184', 'paper_align_reason_loss': '0.1387', 'epoch': '1.943'}
{'loss': '0.4644', 'grad_norm': '10.45', 'learning_rate': '2.93e-05', 'epoch': '1.947'}
{'paper_align_label_loss': '0.01579', 'paper_align_reason_loss': '0.1562', 'epoch': '1.947'}
{'paper_align_label_loss': '0.1277', 'paper_align_reason_loss': '0.1381', 'epoch': '1.947'}
{'paper_align_label_loss': '0.091', 'paper_align_reason_loss': '0.1308', 'epoch': '1.947'}
{'paper_align_label_loss': '0.1196', 'paper_align_reason_loss': '0.1912', 'epoch': '1.947'}
{'paper_align_label_loss': '0.0308', 'paper_align_reason_loss': '0.1422', 'epoch': '1.951'}
{'paper_align_label_loss': '0.04542', 'paper_align_reason_loss': '0.1368', 'epoch': '1.951'}
{'paper_align_label_loss': '0.07251', 'paper_align_reason_loss': '0.1968', 'epoch': '1.951'}
{'paper_align_label_loss': '0.003426', 'paper_align_reason_loss': '0.1503', 'epoch': '1.951'}
{'paper_align_label_loss': '0.1977', 'paper_align_reason_loss': '0.1874', 'epoch': '1.955'}
{'paper_align_label_loss': '0.01055', 'paper_align_reason_loss': '0.1352', 'epoch': '1.955'}
{'paper_align_label_loss': '0.05441', 'paper_align_reason_loss': '0.1638', 'epoch': '1.955'}
{'paper_align_label_loss': '0.2275', 'paper_align_reason_loss': '0.1077', 'epoch': '1.955'}
{'paper_align_label_loss': '0.06443', 'paper_align_reason_loss': '0.1891', 'epoch': '1.959'}
{'paper_align_label_loss': '0.1503', 'paper_align_reason_loss': '0.07911', 'epoch': '1.959'}
{'paper_align_label_loss': '0.05946', 'paper_align_reason_loss': '0.1232', 'epoch': '1.959'}
{'paper_align_label_loss': '0.005861', 'paper_align_reason_loss': '0.1515', 'epoch': '1.959'}
{'paper_align_label_loss': '0.02462', 'paper_align_reason_loss': '0.1116', 'epoch': '1.963'}
{'paper_align_label_loss': '0.01037', 'paper_align_reason_loss': '0.1759', 'epoch': '1.963'}
{'paper_align_label_loss': '0.1078', 'paper_align_reason_loss': '0.1003', 'epoch': '1.963'}
{'paper_align_label_loss': '0.00283', 'paper_align_reason_loss': '0.1458', 'epoch': '1.963'}
{'paper_align_label_loss': '0.0405', 'paper_align_reason_loss': '0.2226', 'epoch': '1.967'}
{'paper_align_label_loss': '0.05653', 'paper_align_reason_loss': '0.1198', 'epoch': '1.967'}
{'paper_align_label_loss': '0.01377', 'paper_align_reason_loss': '0.09966', 'epoch': '1.967'}
{'paper_align_label_loss': '0.1923', 'paper_align_reason_loss': '0.1052', 'epoch': '1.967'}
{'paper_align_label_loss': '0.09833', 'paper_align_reason_loss': '0.1934', 'epoch': '1.971'}
{'paper_align_label_loss': '0.1215', 'paper_align_reason_loss': '0.1511', 'epoch': '1.971'}
{'paper_align_label_loss': '0.07882', 'paper_align_reason_loss': '0.1212', 'epoch': '1.971'}
{'paper_align_label_loss': '0.05163', 'paper_align_reason_loss': '0.1605', 'epoch': '1.971'}
{'paper_align_label_loss': '0.2618', 'paper_align_reason_loss': '0.1749', 'epoch': '1.975'}
{'paper_align_label_loss': '0.007337', 'paper_align_reason_loss': '0.1406', 'epoch': '1.975'}
{'paper_align_label_loss': '0.03112', 'paper_align_reason_loss': '0.1242', 'epoch': '1.975'}
{'paper_align_label_loss': '0.03496', 'paper_align_reason_loss': '0.1178', 'epoch': '1.975'}
{'paper_align_label_loss': '0.01216', 'paper_align_reason_loss': '0.1851', 'epoch': '1.979'}
{'paper_align_label_loss': '0.01689', 'paper_align_reason_loss': '0.102', 'epoch': '1.979'}
{'paper_align_label_loss': '0.004064', 'paper_align_reason_loss': '0.1043', 'epoch': '1.979'}
{'paper_align_label_loss': '0.06362', 'paper_align_reason_loss': '0.1531', 'epoch': '1.979'}
{'paper_align_label_loss': '0.003981', 'paper_align_reason_loss': '0.1747', 'epoch': '1.982'}
{'paper_align_label_loss': '0.02639', 'paper_align_reason_loss': '0.16', 'epoch': '1.982'}
{'paper_align_label_loss': '0.01788', 'paper_align_reason_loss': '0.09984', 'epoch': '1.982'}
{'paper_align_label_loss': '0.1953', 'paper_align_reason_loss': '0.2089', 'epoch': '1.982'}
{'loss': '0.4291', 'grad_norm': '4.353', 'learning_rate': '2.74e-05', 'epoch': '1.986'}
{'paper_align_label_loss': '0.02127', 'paper_align_reason_loss': '0.1219', 'epoch': '1.986'}
{'paper_align_label_loss': '0.02715', 'paper_align_reason_loss': '0.1105', 'epoch': '1.986'}
{'paper_align_label_loss': '0.07619', 'paper_align_reason_loss': '0.1409', 'epoch': '1.986'}
{'paper_align_label_loss': '0.06052', 'paper_align_reason_loss': '0.14', 'epoch': '1.986'}
{'paper_align_label_loss': '0.01191', 'paper_align_reason_loss': '0.195', 'epoch': '1.99'}
{'paper_align_label_loss': '0.02035', 'paper_align_reason_loss': '0.1488', 'epoch': '1.99'}
{'paper_align_label_loss': '0.01274', 'paper_align_reason_loss': '0.1382', 'epoch': '1.99'}
{'paper_align_label_loss': '0.04228', 'paper_align_reason_loss': '0.2241', 'epoch': '1.99'}
{'paper_align_label_loss': '0.04822', 'paper_align_reason_loss': '0.1556', 'epoch': '1.994'}
{'paper_align_label_loss': '0.1667', 'paper_align_reason_loss': '0.1987', 'epoch': '1.994'}
{'paper_align_label_loss': '0.07859', 'paper_align_reason_loss': '0.1869', 'epoch': '1.994'}
{'paper_align_label_loss': '0.07124', 'paper_align_reason_loss': '0.1234', 'epoch': '1.994'}
{'paper_align_label_loss': '0.004845', 'paper_align_reason_loss': '0.2148', 'epoch': '1.998'}

 67%|██████▋   | 513/771 [17:09<08:34,  2.00s/it]
 67%|██████▋   | 514/771 [17:09<07:14,  1.69s/it]{'paper_align_label_loss': '0.03273', 'paper_align_reason_loss': '0.2062', 'epoch': '1.998'}


  0%|          | 0/57 [00:00<?, ?it/s][A

  5%|▌         | 3/57 [00:00<00:03, 16.66it/s][A

  9%|▉         | 5/57 [00:00<00:03, 13.07it/s][A

 12%|█▏        | 7/57 [00:00<00:04, 12.31it/s][A

 16%|█▌        | 9/57 [00:00<00:04, 11.88it/s][A

 19%|█▉        | 11/57 [00:00<00:03, 11.62it/s][A

 23%|██▎       | 13/57 [00:01<00:03, 11.27it/s][A

 26%|██▋       | 15/57 [00:01<00:03, 11.21it/s][A

 30%|██▉       | 17/57 [00:01<00:03, 11.17it/s][A

 33%|███▎      | 19/57 [00:01<00:03, 10.88it/s][A

 37%|███▋      | 21/57 [00:01<00:03, 11.01it/s][A

 40%|████      | 23/57 [00:02<00:03, 11.02it/s][A

 44%|████▍     | 25/57 [00:02<00:02, 10.80it/s][A

 47%|████▋     | 27/57 [00:02<00:02, 10.87it/s][A

 51%|█████     | 29/57 [00:02<00:02, 10.99it/s][A

 54%|█████▍    | 31/57 [00:02<00:02, 11.12it/s][A

 58%|█████▊    | 33/57 [00:02<00:02, 11.20it/s][A

 61%|██████▏   | 35/57 [00:03<00:01, 11.29it/s][A

 65%|██████▍   | 37/57 [00:03<00:01, 11.32it/s][A

 68%|██████▊   | 39/57 [00:03<00:01, 11.36it/s][A

 72%|███████▏  | 41/57 [00:03<00:01, 11.39it/s][A

 75%|███████▌  | 43/57 [00:03<00:01, 11.36it/s][A

 79%|███████▉  | 45/57 [00:03<00:01, 11.40it/s][A

 82%|████████▏ | 47/57 [00:04<00:00, 11.41it/s][A

 86%|████████▌ | 49/57 [00:04<00:00, 11.40it/s][A

 89%|████████▉ | 51/57 [00:04<00:00, 11.40it/s][A

 93%|█████████▎| 53/57 [00:04<00:00, 11.39it/s][A

 96%|█████████▋| 55/57 [00:04<00:00, 11.40it/s][A

100%|██████████| 57/57 [00:05<00:00, 11.48it/s][A2026-09-20 16:31:57,386 INFO [rev_util_helpfulness|paper_align|Qwen3-0.6B] step=514 eval_loss=0.0839 epoch=2.0000

                                                 

                                               
[A
 67%|██████▋   | 514/771 [17:15<07:14,  1.69s/it]

100%|██████████| 57/57 [00:05<00:00, 11.48it/s][A

                                               [A2026-09-20 16:31:57,526 INFO Starting generation validation on training device cuda:0: samples=228 batch_size=16
2026-09-20 16:31:58,151 INFO Generation validation progress: 16/228
2026-09-20 16:31:58,787 INFO Generation validation progress: 32/228
2026-09-20 16:31:59,460 INFO Generation validation progress: 48/228
2026-09-20 16:32:00,092 INFO Generation validation progress: 64/228
2026-09-20 16:32:00,720 INFO Generation validation progress: 80/228
2026-09-20 16:32:01,355 INFO Generation validation progress: 96/228
2026-09-20 16:32:02,008 INFO Generation validation progress: 112/228
2026-09-20 16:32:02,606 INFO Generation validation progress: 128/228
2026-09-20 16:32:03,264 INFO Generation validation progress: 144/228
2026-09-20 16:32:03,896 INFO Generation validation progress: 160/228
2026-09-20 16:32:04,493 INFO Generation validation progress: 176/228
2026-09-20 16:32:05,120 INFO Generation validation progress: 192/228
2026-09-20 16:32:05,751 INFO Generation validation progress: 208/228
2026-09-20 16:32:06,387 INFO Generation validation progress: 224/228
2026-09-20 16:32:06,795 INFO Generation validation progress: 228/228
2026-09-20 16:32:06,841 INFO Generation val @ epoch=2.0 step=514: acc=0.7193 macro_f1=0.6754 valid=1.0000 (retaining last checkpoint)
2026-09-20 16:32:06,843 INFO [rev_util_helpfulness|paper_align|Qwen3-0.6B] step=514 eval_generation_accuracy=0.7193 eval_generation_macro_f1=0.6754 eval_generation_format_valid_rate=1.0000 eval_generation_mae=0.2807 eval_generation_qwk=0.8334 epoch=2.0000

                                                 

 67%|██████▋   | 514/771 [17:24<07:14,  1.69s/it]2026-09-20 16:32:07,387 INFO [rev_util_helpfulness|paper_align|Qwen3-0.6B] step=514 epoch=2.0000

                                                 

 67%|██████▋   | 514/771 [17:25<07:14,  1.69s/it]2026-09-20 16:32:07,839 INFO [rev_util_helpfulness|paper_align|Qwen3-0.6B] step=514 epoch=2.0000

                                                 

 67%|██████▋   | 514/771 [17:25<07:14,  1.69s/it]2026-09-20 16:32:08,296 INFO [rev_util_helpfulness|paper_align|Qwen3-0.6B] step=514 epoch=2.0000

                                                 

 67%|██████▋   | 514/771 [17:26<07:14,  1.69s/it]2026-09-20 16:32:08,926 INFO [rev_util_helpfulness|paper_align|Qwen3-0.6B] step=514 epoch=2.0000

                                                 

 67%|██████▋   | 514/771 [17:26<07:14,  1.69s/it]
 67%|██████▋   | 515/771 [17:26<26:47,  6.28s/it]2026-09-20 16:32:09,409 INFO [rev_util_helpfulness|paper_align|Qwen3-0.6B] step=515 epoch=2.0039

                                                 

 67%|██████▋   | 515/771 [17:27<26:47,  6.28s/it]2026-09-20 16:32:09,856 INFO [rev_util_helpfulness|paper_align|Qwen3-0.6B] step=515 epoch=2.0039

                                                 

 67%|██████▋   | 515/771 [17:27<26:47,  6.28s/it]2026-09-20 16:32:10,307 INFO [rev_util_helpfulness|paper_align|Qwen3-0.6B] step=515 epoch=2.0039

                                                 

 67%|██████▋   | 515/771 [17:28<26:47,  6.28s/it]2026-09-20 16:32:10,759 INFO [rev_util_helpfulness|paper_align|Qwen3-0.6B] step=515 epoch=2.0039

                                                 

 67%|██████▋   | 515/771 [17:28<26:47,  6.28s/it]
 67%|██████▋   | 516/771 [17:28<21:00,  4.95s/it]2026-09-20 16:32:11,239 INFO [rev_util_helpfulness|paper_align|Qwen3-0.6B] step=516 epoch=2.0078

                                                 

 67%|██████▋   | 516/771 [17:28<21:00,  4.95s/it]2026-09-20 16:32:11,679 INFO [rev_util_helpfulness|paper_align|Qwen3-0.6B] step=516 epoch=2.0078

                                                 

 67%|██████▋   | 516/771 [17:29<21:00,  4.95s/it]2026-09-20 16:32:12,124 INFO [rev_util_helpfulness|paper_align|Qwen3-0.6B] step=516 epoch=2.0078

                                                 

 67%|██████▋   | 516/771 [17:29<21:00,  4.95s/it]2026-09-20 16:32:12,577 INFO [rev_util_helpfulness|paper_align|Qwen3-0.6B] step=516 epoch=2.0078

                                                 

 67%|██████▋   | 516/771 [17:30<21:00,  4.95s/it]
 67%|██████▋   | 517/771 [17:30<16:57,  4.01s/it]2026-09-20 16:32:13,052 INFO [rev_util_helpfulness|paper_align|Qwen3-0.6B] step=517 epoch=2.0117

                                                 

 67%|██████▋   | 517/771 [17:30<16:57,  4.01s/it]2026-09-20 16:32:13,500 INFO [rev_util_helpfulness|paper_align|Qwen3-0.6B] step=517 epoch=2.0117

                                                 

 67%|██████▋   | 517/771 [17:31<16:57,  4.01s/it]2026-09-20 16:32:13,954 INFO [rev_util_helpfulness|paper_align|Qwen3-0.6B] step=517 epoch=2.0117

                                                 

 67%|██████▋   | 517/771 [17:31<16:57,  4.01s/it]2026-09-20 16:32:14,403 INFO [rev_util_helpfulness|paper_align|Qwen3-0.6B] step=517 epoch=2.0117

                                                 

 67%|██████▋   | 517/771 [17:32<16:57,  4.01s/it]
 67%|██████▋   | 518/771 [17:32<14:08,  3.35s/it]2026-09-20 16:32:14,893 INFO [rev_util_helpfulness|paper_align|Qwen3-0.6B] step=518 epoch=2.0156

                                                 

 67%|██████▋   | 518/771 [17:32<14:08,  3.35s/it]2026-09-20 16:32:15,340 INFO [rev_util_helpfulness|paper_align|Qwen3-0.6B] step=518 epoch=2.0156

                                                 

 67%|██████▋   | 518/771 [17:33<14:08,  3.35s/it]2026-09-20 16:32:15,795 INFO [rev_util_helpfulness|paper_align|Qwen3-0.6B] step=518 epoch=2.0156

                                                 

 67%|██████▋   | 518/771 [17:33<14:08,  3.35s/it]2026-09-20 16:32:16,253 INFO [rev_util_helpfulness|paper_align|Qwen3-0.6B] step=518 epoch=2.0156

                                                 

 67%|██████▋   | 518/771 [17:33<14:08,  3.35s/it]
 67%|██████▋   | 519/771 [17:34<12:11,  2.90s/it]2026-09-20 16:32:16,727 INFO [rev_util_helpfulness|paper_align|Qwen3-0.6B] step=519 epoch=2.0195

                                                 

 67%|██████▋   | 519/771 [17:34<12:11,  2.90s/it]2026-09-20 16:32:17,165 INFO [rev_util_helpfulness|paper_align|Qwen3-0.6B] step=519 epoch=2.0195

                                                 

 67%|██████▋   | 519/771 [17:34<12:11,  2.90s/it]2026-09-20 16:32:17,619 INFO [rev_util_helpfulness|paper_align|Qwen3-0.6B] step=519 epoch=2.0195

                                                 

 67%|██████▋   | 519/771 [17:35<12:11,  2.90s/it]2026-09-20 16:32:18,067 INFO [rev_util_helpfulness|paper_align|Qwen3-0.6B] step=519 epoch=2.0195

                                                 

 67%|██████▋   | 519/771 [17:35<12:11,  2.90s/it]
 67%|██████▋   | 520/771 [17:36<10:46,  2.57s/it]2026-09-20 16:32:18,396 INFO [rev_util_helpfulness|paper_align|Qwen3-0.6B] step=520 loss=0.3439 learning_rate=0.0000 epoch=2.0234

                                                 

 67%|██████▋   | 520/771 [17:36<10:46,  2.57s/it]2026-09-20 16:32:18,723 INFO [rev_util_helpfulness|paper_align|Qwen3-0.6B] step=520 epoch=2.0234

                                                 

 67%|██████▋   | 520/771 [17:36<10:46,  2.57s/it]2026-09-20 16:32:19,168 INFO [rev_util_helpfulness|paper_align|Qwen3-0.6B] step=520 epoch=2.0234

                                                 

 67%|██████▋   | 520/771 [17:36<10:46,  2.57s/it]2026-09-20 16:32:19,624 INFO [rev_util_helpfulness|paper_align|Qwen3-0.6B] step=520 epoch=2.0234

                                                 

 67%|██████▋   | 520/771 [17:37<10:46,  2.57s/it]2026-09-20 16:32:20,057 INFO [rev_util_helpfulness|paper_align|Qwen3-0.6B] step=520 epoch=2.0234

                                                 

 67%|██████▋   | 520/771 [17:37<10:46,  2.57s/it]
 68%|██████▊   | 521/771 [17:38<09:59,  2.40s/it]2026-09-20 16:32:20,537 INFO [rev_util_helpfulness|paper_align|Qwen3-0.6B] step=521 epoch=2.0273

                                                 

 68%|██████▊   | 521/771 [17:38<09:59,  2.40s/it]2026-09-20 16:32:20,994 INFO [rev_util_helpfulness|paper_align|Qwen3-0.6B] step=521 epoch=2.0273

                                                 

 68%|██████▊   | 521/771 [17:38<09:59,  2.40s/it]2026-09-20 16:32:21,456 INFO [rev_util_helpfulness|paper_align|Qwen3-0.6B] step=521 epoch=2.0273

                                                 

 68%|██████▊   | 521/771 [17:39<09:59,  2.40s/it]2026-09-20 16:32:21,908 INFO [rev_util_helpfulness|paper_align|Qwen3-0.6B] step=521 epoch=2.0273

                                                 

 68%|██████▊   | 521/771 [17:39<09:59,  2.40s/it]
 68%|██████▊   | 522/771 [17:39<09:16,  2.23s/it]2026-09-20 16:32:22,382 INFO [rev_util_helpfulness|paper_align|Qwen3-0.6B] step=522 epoch=2.0312

                                                 

 68%|██████▊   | 522/771 [17:40<09:16,  2.23s/it]2026-09-20 16:32:22,832 INFO [rev_util_helpfulness|paper_align|Qwen3-0.6B] step=522 epoch=2.0312

                                                 

 68%|██████▊   | 522/771 [17:40<09:16,  2.23s/it]2026-09-20 16:32:23,277 INFO [rev_util_helpfulness|paper_align|Qwen3-0.6B] step=522 epoch=2.0312

                                                 

 68%|██████▊   | 522/771 [17:40<09:16,  2.23s/it]2026-09-20 16:32:23,728 INFO [rev_util_helpfulness|paper_align|Qwen3-0.6B] step=522 epoch=2.0312

                                                 

 68%|██████▊   | 522/771 [17:41<09:16,  2.23s/it]
 68%|██████▊   | 523/771 [17:41<08:43,  2.11s/it]2026-09-20 16:32:24,210 INFO [rev_util_helpfulness|paper_align|Qwen3-0.6B] step=523 epoch=2.0351

                                                 

 68%|██████▊   | 523/771 [17:41<08:43,  2.11s/it]2026-09-20 16:32:24,665 INFO [rev_util_helpfulness|paper_align|Qwen3-0.6B] step=523 epoch=2.0351

                                                 

 68%|██████▊   | 523/771 [17:42<08:43,  2.11s/it]2026-09-20 16:32:25,125 INFO [rev_util_helpfulness|paper_align|Qwen3-0.6B] step=523 epoch=2.0351

                                                 

 68%|██████▊   | 523/771 [17:42<08:43,  2.11s/it]2026-09-20 16:32:25,583 INFO [rev_util_helpfulness|paper_align|Qwen3-0.6B] step=523 epoch=2.0351

                                                 

 68%|██████▊   | 523/771 [17:43<08:43,  2.11s/it]
 68%|██████▊   | 524/771 [17:43<08:22,  2.04s/it]2026-09-20 16:32:26,071 INFO [rev_util_helpfulness|paper_align|Qwen3-0.6B] step=524 epoch=2.0390

                                                 

 68%|██████▊   | 524/771 [17:43<08:22,  2.04s/it]2026-09-20 16:32:26,527 INFO [rev_util_helpfulness|paper_align|Qwen3-0.6B] step=524 epoch=2.0390

                                                 

 68%|██████▊   | 524/771 [17:44<08:22,  2.04s/it]2026-09-20 16:32:26,966 INFO [rev_util_helpfulness|paper_align|Qwen3-0.6B] step=524 epoch=2.0390

                                                 

 68%|██████▊   | 524/771 [17:44<08:22,  2.04s/it]2026-09-20 16:32:27,417 INFO [rev_util_helpfulness|paper_align|Qwen3-0.6B] step=524 epoch=2.0390

                                                 

 68%|██████▊   | 524/771 [17:45<08:22,  2.04s/it]
 68%|██████▊   | 525/771 [17:45<08:05,  1.97s/it]2026-09-20 16:32:27,899 INFO [rev_util_helpfulness|paper_align|Qwen3-0.6B] step=525 epoch=2.0429

                                                 

 68%|██████▊   | 525/771 [17:45<08:05,  1.97s/it]2026-09-20 16:32:28,556 INFO [rev_util_helpfulness|paper_align|Qwen3-0.6B] step=525 epoch=2.0429

                                                 

 68%|██████▊   | 525/771 [17:46<08:05,  1.97s/it]2026-09-20 16:32:29,045 INFO [rev_util_helpfulness|paper_align|Qwen3-0.6B] step=525 epoch=2.0429

                                                 

 68%|██████▊   | 525/771 [17:46<08:05,  1.97s/it]2026-09-20 16:32:29,541 INFO [rev_util_helpfulness|paper_align|Qwen3-0.6B] step=525 epoch=2.0429

                                                 

 68%|██████▊   | 525/771 [17:47<08:05,  1.97s/it]
 68%|██████▊   | 526/771 [17:47<08:13,  2.01s/it]2026-09-20 16:32:30,054 INFO [rev_util_helpfulness|paper_align|Qwen3-0.6B] step=526 epoch=2.0468

                                                 

 68%|██████▊   | 526/771 [17:47<08:13,  2.01s/it]2026-09-20 16:32:30,543 INFO [rev_util_helpfulness|paper_align|Qwen3-0.6B] step=526 epoch=2.0468

                                                 

 68%|██████▊   | 526/771 [17:48<08:13,  2.01s/it]2026-09-20 16:32:31,028 INFO [rev_util_helpfulness|paper_align|Qwen3-0.6B] step=526 epoch=2.0468

                                                 

 68%|██████▊   | 526/771 [17:48<08:13,  2.01s/it]2026-09-20 16:32:31,504 INFO [rev_util_helpfulness|paper_align|Qwen3-0.6B] step=526 epoch=2.0468

                                                 

 68%|██████▊   | 526/771 [17:49<08:13,  2.01s/it]
 68%|██████▊   | 527/771 [17:49<08:09,  2.00s/it]2026-09-20 16:32:32,025 INFO [rev_util_helpfulness|paper_align|Qwen3-0.6B] step=527 epoch=2.0507

                                                 

 68%|██████▊   | 527/771 [17:49<08:09,  2.00s/it]2026-09-20 16:32:32,502 INFO [rev_util_helpfulness|paper_align|Qwen3-0.6B] step=527 epoch=2.0507

                                                 

 68%|██████▊   | 527/771 [17:50<08:09,  2.00s/it]2026-09-20 16:32:32,984 INFO [rev_util_helpfulness|paper_align|Qwen3-0.6B] step=527 epoch=2.0507

                                                 

 68%|██████▊   | 527/771 [17:50<08:09,  2.00s/it]2026-09-20 16:32:33,482 INFO [rev_util_helpfulness|paper_align|Qwen3-0.6B] step=527 epoch=2.0507

                                                 

 68%|██████▊   | 527/771 [17:51<08:09,  2.00s/it]
 68%|██████▊   | 528/771 [17:51<08:05,  2.00s/it]2026-09-20 16:32:34,007 INFO [rev_util_helpfulness|paper_align|Qwen3-0.6B] step=528 epoch=2.0546

                                                 

 68%|██████▊   | 528/771 [17:51<08:05,  2.00s/it]2026-09-20 16:32:34,478 INFO [rev_util_helpfulness|paper_align|Qwen3-0.6B] step=528 epoch=2.0546

                                                 

 68%|██████▊   | 528/771 [17:52<08:05,  2.00s/it]2026-09-20 16:32:34,947 INFO [rev_util_helpfulness|paper_align|Qwen3-0.6B] step=528 epoch=2.0546

                                                 

 68%|██████▊   | 528/771 [17:52<08:05,  2.00s/it]2026-09-20 16:32:35,407 INFO [rev_util_helpfulness|paper_align|Qwen3-0.6B] step=528 epoch=2.0546

                                                 

 68%|██████▊   | 528/771 [17:53<08:05,  2.00s/it]
 69%|██████▊   | 529/771 [17:53<07:57,  1.97s/it]2026-09-20 16:32:35,921 INFO [rev_util_helpfulness|paper_align|Qwen3-0.6B] step=529 epoch=2.0585

                                                 

 69%|██████▊   | 529/771 [17:53<07:57,  1.97s/it]2026-09-20 16:32:36,395 INFO [rev_util_helpfulness|paper_align|Qwen3-0.6B] step=529 epoch=2.0585

                                                 

 69%|██████▊   | 529/771 [17:54<07:57,  1.97s/it]2026-09-20 16:32:36,860 INFO [rev_util_helpfulness|paper_align|Qwen3-0.6B] step=529 epoch=2.0585

                                                 

 69%|██████▊   | 529/771 [17:54<07:57,  1.97s/it]2026-09-20 16:32:37,337 INFO [rev_util_helpfulness|paper_align|Qwen3-0.6B] step=529 epoch=2.0585

                                                 

 69%|██████▊   | 529/771 [17:55<07:57,  1.97s/it]
 69%|██████▊   | 530/771 [17:55<07:52,  1.96s/it]2026-09-20 16:32:37,670 INFO [rev_util_helpfulness|paper_align|Qwen3-0.6B] step=530 loss=0.3191 learning_rate=0.0000 epoch=2.0624

                                                 

 69%|██████▊   | 530/771 [17:55<07:52,  1.96s/it]2026-09-20 16:32:38,072 INFO [rev_util_helpfulness|paper_align|Qwen3-0.6B] step=530 epoch=2.0624

                                                 

 69%|██████▊   | 530/771 [17:55<07:52,  1.96s/it]2026-09-20 16:32:38,543 INFO [rev_util_helpfulness|paper_align|Qwen3-0.6B] step=530 epoch=2.0624

                                                 

 69%|██████▊   | 530/771 [17:56<07:52,  1.96s/it]2026-09-20 16:32:39,011 INFO [rev_util_helpfulness|paper_align|Qwen3-0.6B] step=530 epoch=2.0624

                                                 

 69%|██████▊   | 530/771 [17:56<07:52,  1.96s/it]2026-09-20 16:32:39,492 INFO [rev_util_helpfulness|paper_align|Qwen3-0.6B] step=530 epoch=2.0624

                                                 

 69%|██████▊   | 530/771 [17:57<07:52,  1.96s/it]
 69%|██████▉   | 531/771 [17:57<08:04,  2.02s/it]2026-09-20 16:32:40,003 INFO [rev_util_helpfulness|paper_align|Qwen3-0.6B] step=531 epoch=2.0663

                                                 

 69%|██████▉   | 531/771 [17:57<08:04,  2.02s/it]2026-09-20 16:32:40,505 INFO [rev_util_helpfulness|paper_align|Qwen3-0.6B] step=531 epoch=2.0663

                                                 

 69%|██████▉   | 531/771 [17:58<08:04,  2.02s/it]2026-09-20 16:32:40,979 INFO [rev_util_helpfulness|paper_align|Qwen3-0.6B] step=531 epoch=2.0663

                                                 

 69%|██████▉   | 531/771 [17:58<08:04,  2.02s/it]2026-09-20 16:32:41,452 INFO [rev_util_helpfulness|paper_align|Qwen3-0.6B] step=531 epoch=2.0663

                                                 

 69%|██████▉   | 531/771 [17:59<08:04,  2.02s/it]
 69%|██████▉   | 532/771 [17:59<07:58,  2.00s/it]2026-09-20 16:32:41,960 INFO [rev_util_helpfulness|paper_align|Qwen3-0.6B] step=532 epoch=2.0702

                                                 

 69%|██████▉   | 532/771 [17:59<07:58,  2.00s/it]2026-09-20 16:32:42,435 INFO [rev_util_helpfulness|paper_align|Qwen3-0.6B] step=532 epoch=2.0702

                                                 

 69%|██████▉   | 532/771 [18:00<07:58,  2.00s/it]2026-09-20 16:32:42,918 INFO [rev_util_helpfulness|paper_align|Qwen3-0.6B] step=532 epoch=2.0702

                                                 

 69%|██████▉   | 532/771 [18:00<07:58,  2.00s/it]2026-09-20 16:32:43,384 INFO [rev_util_helpfulness|paper_align|Qwen3-0.6B] step=532 epoch=2.0702

                                                 

 69%|██████▉   | 532/771 [18:01<07:58,  2.00s/it]
 69%|██████▉   | 533/771 [18:01<07:50,  1.98s/it]2026-09-20 16:32:43,885 INFO [rev_util_helpfulness|paper_align|Qwen3-0.6B] step=533 epoch=2.0741

                                                 

 69%|██████▉   | 533/771 [18:01<07:50,  1.98s/it]2026-09-20 16:32:44,349 INFO [rev_util_helpfulness|paper_align|Qwen3-0.6B] step=533 epoch=2.0741

                                                 

 69%|██████▉   | 533/771 [18:02<07:50,  1.98s/it]2026-09-20 16:32:44,828 INFO [rev_util_helpfulness|paper_align|Qwen3-0.6B] step=533 epoch=2.0741

                                                 

 69%|██████▉   | 533/771 [18:02<07:50,  1.98s/it]2026-09-20 16:32:45,300 INFO [rev_util_helpfulness|paper_align|Qwen3-0.6B] step=533 epoch=2.0741

                                                 

 69%|██████▉   | 533/771 [18:03<07:50,  1.98s/it]
 69%|██████▉   | 534/771 [18:03<07:44,  1.96s/it]2026-09-20 16:32:45,803 INFO [rev_util_helpfulness|paper_align|Qwen3-0.6B] step=534 epoch=2.0780

                                                 

 69%|██████▉   | 534/771 [18:03<07:44,  1.96s/it]2026-09-20 16:32:46,269 INFO [rev_util_helpfulness|paper_align|Qwen3-0.6B] step=534 epoch=2.0780

                                                 
{'eval_loss': '0.08392', 'eval_runtime': '5.115', 'eval_samples_per_second': '44.57', 'eval_steps_per_second': '11.14', 'eval_entropy': '0.06168', 'eval_num_tokens': '0', 'eval_mean_token_accuracy': '0.9649', 'epoch': '2'}
{'eval_generation_accuracy': '0.7193', 'eval_generation_macro_f1': '0.6754', 'eval_generation_format_valid_rate': '1', 'eval_generation_invalid_outputs': 0, 'eval_generation_mae': '0.2807', 'eval_generation_qwk': '0.8334', 'epoch': '2'}
{'paper_align_label_loss': '0.02262', 'paper_align_reason_loss': '0.0966', 'epoch': '2'}
{'paper_align_label_loss': '0.02197', 'paper_align_reason_loss': '0.1313', 'epoch': '2'}
{'paper_align_label_loss': '0.00504', 'paper_align_reason_loss': '0.08368', 'epoch': '2'}
{'paper_align_label_loss': '0.05959', 'paper_align_reason_loss': '0.1671', 'epoch': '2'}
{'paper_align_label_loss': '0.1398', 'paper_align_reason_loss': '0.1', 'epoch': '2.004'}
{'paper_align_label_loss': '0.01801', 'paper_align_reason_loss': '0.1077', 'epoch': '2.004'}
{'paper_align_label_loss': '0.05429', 'paper_align_reason_loss': '0.1102', 'epoch': '2.004'}
{'paper_align_label_loss': '0.03633', 'paper_align_reason_loss': '0.1077', 'epoch': '2.004'}
{'paper_align_label_loss': '0.01593', 'paper_align_reason_loss': '0.1166', 'epoch': '2.008'}
{'paper_align_label_loss': '0.1499', 'paper_align_reason_loss': '0.1228', 'epoch': '2.008'}
{'paper_align_label_loss': '0.006324', 'paper_align_reason_loss': '0.1003', 'epoch': '2.008'}
{'paper_align_label_loss': '0.02631', 'paper_align_reason_loss': '0.09189', 'epoch': '2.008'}
{'paper_align_label_loss': '0.1643', 'paper_align_reason_loss': '0.1133', 'epoch': '2.012'}
{'paper_align_label_loss': '0.02966', 'paper_align_reason_loss': '0.1226', 'epoch': '2.012'}
{'paper_align_label_loss': '0.01368', 'paper_align_reason_loss': '0.08573', 'epoch': '2.012'}
{'paper_align_label_loss': '0.09812', 'paper_align_reason_loss': '0.126', 'epoch': '2.012'}
{'paper_align_label_loss': '0.01807', 'paper_align_reason_loss': '0.12', 'epoch': '2.016'}
{'paper_align_label_loss': '0.04572', 'paper_align_reason_loss': '0.1163', 'epoch': '2.016'}
{'paper_align_label_loss': '0.01668', 'paper_align_reason_loss': '0.1438', 'epoch': '2.016'}
{'paper_align_label_loss': '0.04608', 'paper_align_reason_loss': '0.1469', 'epoch': '2.016'}
{'paper_align_label_loss': '0.043', 'paper_align_reason_loss': '0.1421', 'epoch': '2.019'}
{'paper_align_label_loss': '0.01766', 'paper_align_reason_loss': '0.09015', 'epoch': '2.019'}
{'paper_align_label_loss': '0.01832', 'paper_align_reason_loss': '0.1024', 'epoch': '2.019'}
{'paper_align_label_loss': '0.1061', 'paper_align_reason_loss': '0.0791', 'epoch': '2.019'}
{'loss': '0.3439', 'grad_norm': '3.448', 'learning_rate': '2.555e-05', 'epoch': '2.023'}
{'paper_align_label_loss': '0.02264', 'paper_align_reason_loss': '0.1227', 'epoch': '2.023'}
{'paper_align_label_loss': '0.06978', 'paper_align_reason_loss': '0.1503', 'epoch': '2.023'}
{'paper_align_label_loss': '0.03006', 'paper_align_reason_loss': '0.0714', 'epoch': '2.023'}
{'paper_align_label_loss': '0.02084', 'paper_align_reason_loss': '0.1208', 'epoch': '2.023'}
{'paper_align_label_loss': '0.07258', 'paper_align_reason_loss': '0.1116', 'epoch': '2.027'}
{'paper_align_label_loss': '0.03458', 'paper_align_reason_loss': '0.09678', 'epoch': '2.027'}
{'paper_align_label_loss': '0.008707', 'paper_align_reason_loss': '0.1158', 'epoch': '2.027'}
{'paper_align_label_loss': '0.007186', 'paper_align_reason_loss': '0.1239', 'epoch': '2.027'}
{'paper_align_label_loss': '0.03211', 'paper_align_reason_loss': '0.13', 'epoch': '2.031'}
{'paper_align_label_loss': '0.01328', 'paper_align_reason_loss': '0.1314', 'epoch': '2.031'}
{'paper_align_label_loss': '0.03733', 'paper_align_reason_loss': '0.09427', 'epoch': '2.031'}
{'paper_align_label_loss': '0.06711', 'paper_align_reason_loss': '0.1559', 'epoch': '2.031'}
{'paper_align_label_loss': '0.01866', 'paper_align_reason_loss': '0.1062', 'epoch': '2.035'}
{'paper_align_label_loss': '0.02498', 'paper_align_reason_loss': '0.1089', 'epoch': '2.035'}
{'paper_align_label_loss': '0.08959', 'paper_align_reason_loss': '0.1129', 'epoch': '2.035'}
{'paper_align_label_loss': '0.01805', 'paper_align_reason_loss': '0.1223', 'epoch': '2.035'}
{'paper_align_label_loss': '0.04284', 'paper_align_reason_loss': '0.1622', 'epoch': '2.039'}
{'paper_align_label_loss': '0.1365', 'paper_align_reason_loss': '0.1348', 'epoch': '2.039'}
{'paper_align_label_loss': '0.01099', 'paper_align_reason_loss': '0.1299', 'epoch': '2.039'}
{'paper_align_label_loss': '0.007956', 'paper_align_reason_loss': '0.08073', 'epoch': '2.039'}
{'paper_align_label_loss': '0.04783', 'paper_align_reason_loss': '0.1368', 'epoch': '2.043'}
{'paper_align_label_loss': '0.01896', 'paper_align_reason_loss': '0.08492', 'epoch': '2.043'}
{'paper_align_label_loss': '0.03395', 'paper_align_reason_loss': '0.09497', 'epoch': '2.043'}
{'paper_align_label_loss': '0.05007', 'paper_align_reason_loss': '0.113', 'epoch': '2.043'}
{'paper_align_label_loss': '0.1739', 'paper_align_reason_loss': '0.09942', 'epoch': '2.047'}
{'paper_align_label_loss': '0.02175', 'paper_align_reason_loss': '0.1341', 'epoch': '2.047'}
{'paper_align_label_loss': '0.05273', 'paper_align_reason_loss': '0.08581', 'epoch': '2.047'}
{'paper_align_label_loss': '0.006578', 'paper_align_reason_loss': '0.121', 'epoch': '2.047'}
{'paper_align_label_loss': '0.05216', 'paper_align_reason_loss': '0.1309', 'epoch': '2.051'}
{'paper_align_label_loss': '0.004454', 'paper_align_reason_loss': '0.124', 'epoch': '2.051'}
{'paper_align_label_loss': '0.01188', 'paper_align_reason_loss': '0.101', 'epoch': '2.051'}
{'paper_align_label_loss': '0.03209', 'paper_align_reason_loss': '0.1299', 'epoch': '2.051'}
{'paper_align_label_loss': '0.06855', 'paper_align_reason_loss': '0.1376', 'epoch': '2.055'}
{'paper_align_label_loss': '0.1043', 'paper_align_reason_loss': '0.1719', 'epoch': '2.055'}
{'paper_align_label_loss': '0.07248', 'paper_align_reason_loss': '0.1519', 'epoch': '2.055'}
{'paper_align_label_loss': '0.006803', 'paper_align_reason_loss': '0.1323', 'epoch': '2.055'}
{'paper_align_label_loss': '0.01259', 'paper_align_reason_loss': '0.07405', 'epoch': '2.058'}
{'paper_align_label_loss': '0.006367', 'paper_align_reason_loss': '0.1289', 'epoch': '2.058'}
{'paper_align_label_loss': '0.008246', 'paper_align_reason_loss': '0.128', 'epoch': '2.058'}
{'paper_align_label_loss': '0.03878', 'paper_align_reason_loss': '0.128', 'epoch': '2.058'}
{'loss': '0.3191', 'grad_norm': '2.916', 'learning_rate': '2.374e-05', 'epoch': '2.062'}
{'paper_align_label_loss': '0.1145', 'paper_align_reason_loss': '0.05604', 'epoch': '2.062'}
{'paper_align_label_loss': '0.01371', 'paper_align_reason_loss': '0.1358', 'epoch': '2.062'}
{'paper_align_label_loss': '0.01745', 'paper_align_reason_loss': '0.1269', 'epoch': '2.062'}
{'paper_align_label_loss': '0.2123', 'paper_align_reason_loss': '0.09662', 'epoch': '2.062'}
{'paper_align_label_loss': '0.009834', 'paper_align_reason_loss': '0.09765', 'epoch': '2.066'}
{'paper_align_label_loss': '0.005414', 'paper_align_reason_loss': '0.1023', 'epoch': '2.066'}
{'paper_align_label_loss': '0.01517', 'paper_align_reason_loss': '0.0955', 'epoch': '2.066'}
{'paper_align_label_loss': '0.01657', 'paper_align_reason_loss': '0.1152', 'epoch': '2.066'}
{'paper_align_label_loss': '0.001244', 'paper_align_reason_loss': '0.1242', 'epoch': '2.07'}
{'paper_align_label_loss': '0.00544', 'paper_align_reason_loss': '0.1191', 'epoch': '2.07'}
{'paper_align_label_loss': '0.01325', 'paper_align_reason_loss': '0.08609', 'epoch': '2.07'}
{'paper_align_label_loss': '0.004426', 'paper_align_reason_loss': '0.1238', 'epoch': '2.07'}
{'paper_align_label_loss': '0.01042', 'paper_align_reason_loss': '0.0854', 'epoch': '2.074'}
{'paper_align_label_loss': '0.01224', 'paper_align_reason_loss': '0.1399', 'epoch': '2.074'}
{'paper_align_label_loss': '0.004799', 'paper_align_reason_loss': '0.09064', 'epoch': '2.074'}
{'paper_align_label_loss': '0.03871', 'paper_align_reason_loss': '0.1098', 'epoch': '2.074'}
{'paper_align_label_loss': '0.00293', 'paper_align_reason_loss': '0.0914', 'epoch': '2.078'}

 69%|██████▉   | 534/771 [18:03<07:44,  1.96s/it]2026-09-20 16:32:46,754 INFO [rev_util_helpfulness|paper_align|Qwen3-0.6B] step=534 epoch=2.0780

                                                 

 69%|██████▉   | 534/771 [18:04<07:44,  1.96s/it]2026-09-20 16:32:47,236 INFO [rev_util_helpfulness|paper_align|Qwen3-0.6B] step=534 epoch=2.0780

                                                 

 69%|██████▉   | 534/771 [18:04<07:44,  1.96s/it]
 69%|██████▉   | 535/771 [18:05<07:41,  1.95s/it]2026-09-20 16:32:47,746 INFO [rev_util_helpfulness|paper_align|Qwen3-0.6B] step=535 epoch=2.0819

                                                 

 69%|██████▉   | 535/771 [18:05<07:41,  1.95s/it]2026-09-20 16:32:48,214 INFO [rev_util_helpfulness|paper_align|Qwen3-0.6B] step=535 epoch=2.0819

                                                 

 69%|██████▉   | 535/771 [18:05<07:41,  1.95s/it]2026-09-20 16:32:48,865 INFO [rev_util_helpfulness|paper_align|Qwen3-0.6B] step=535 epoch=2.0819

                                                 

 69%|██████▉   | 535/771 [18:06<07:41,  1.95s/it]2026-09-20 16:32:49,330 INFO [rev_util_helpfulness|paper_align|Qwen3-0.6B] step=535 epoch=2.0819

                                                 

 69%|██████▉   | 535/771 [18:07<07:41,  1.95s/it]
 70%|██████▉   | 536/771 [18:07<07:49,  2.00s/it]2026-09-20 16:32:49,845 INFO [rev_util_helpfulness|paper_align|Qwen3-0.6B] step=536 epoch=2.0858

                                                 

 70%|██████▉   | 536/771 [18:07<07:49,  2.00s/it]2026-09-20 16:32:50,317 INFO [rev_util_helpfulness|paper_align|Qwen3-0.6B] step=536 epoch=2.0858

                                                 

 70%|██████▉   | 536/771 [18:08<07:49,  2.00s/it]2026-09-20 16:32:50,793 INFO [rev_util_helpfulness|paper_align|Qwen3-0.6B] step=536 epoch=2.0858

                                                 

 70%|██████▉   | 536/771 [18:08<07:49,  2.00s/it]2026-09-20 16:32:51,269 INFO [rev_util_helpfulness|paper_align|Qwen3-0.6B] step=536 epoch=2.0858

                                                 

 70%|██████▉   | 536/771 [18:08<07:49,  2.00s/it]
 70%|██████▉   | 537/771 [18:09<07:43,  1.98s/it]2026-09-20 16:32:51,775 INFO [rev_util_helpfulness|paper_align|Qwen3-0.6B] step=537 epoch=2.0897

                                                 

 70%|██████▉   | 537/771 [18:09<07:43,  1.98s/it]2026-09-20 16:32:52,251 INFO [rev_util_helpfulness|paper_align|Qwen3-0.6B] step=537 epoch=2.0897

                                                 

 70%|██████▉   | 537/771 [18:09<07:43,  1.98s/it]2026-09-20 16:32:52,724 INFO [rev_util_helpfulness|paper_align|Qwen3-0.6B] step=537 epoch=2.0897

                                                 

 70%|██████▉   | 537/771 [18:10<07:43,  1.98s/it]2026-09-20 16:32:53,187 INFO [rev_util_helpfulness|paper_align|Qwen3-0.6B] step=537 epoch=2.0897

                                                 

 70%|██████▉   | 537/771 [18:10<07:43,  1.98s/it]
 70%|██████▉   | 538/771 [18:11<07:36,  1.96s/it]2026-09-20 16:32:53,709 INFO [rev_util_helpfulness|paper_align|Qwen3-0.6B] step=538 epoch=2.0936

                                                 

 70%|██████▉   | 538/771 [18:11<07:36,  1.96s/it]2026-09-20 16:32:54,183 INFO [rev_util_helpfulness|paper_align|Qwen3-0.6B] step=538 epoch=2.0936

                                                 

 70%|██████▉   | 538/771 [18:11<07:36,  1.96s/it]2026-09-20 16:32:54,669 INFO [rev_util_helpfulness|paper_align|Qwen3-0.6B] step=538 epoch=2.0936

                                                 

 70%|██████▉   | 538/771 [18:12<07:36,  1.96s/it]2026-09-20 16:32:55,142 INFO [rev_util_helpfulness|paper_align|Qwen3-0.6B] step=538 epoch=2.0936

                                                 

 70%|██████▉   | 538/771 [18:12<07:36,  1.96s/it]
 70%|██████▉   | 539/771 [18:13<07:34,  1.96s/it]2026-09-20 16:32:55,644 INFO [rev_util_helpfulness|paper_align|Qwen3-0.6B] step=539 epoch=2.0975

                                                 

 70%|██████▉   | 539/771 [18:13<07:34,  1.96s/it]2026-09-20 16:32:56,124 INFO [rev_util_helpfulness|paper_align|Qwen3-0.6B] step=539 epoch=2.0975

                                                 

 70%|██████▉   | 539/771 [18:13<07:34,  1.96s/it]2026-09-20 16:32:56,596 INFO [rev_util_helpfulness|paper_align|Qwen3-0.6B] step=539 epoch=2.0975

                                                 

 70%|██████▉   | 539/771 [18:14<07:34,  1.96s/it]2026-09-20 16:32:57,071 INFO [rev_util_helpfulness|paper_align|Qwen3-0.6B] step=539 epoch=2.0975

                                                 

 70%|██████▉   | 539/771 [18:14<07:34,  1.96s/it]
 70%|███████   | 540/771 [18:15<07:30,  1.95s/it]2026-09-20 16:32:57,401 INFO [rev_util_helpfulness|paper_align|Qwen3-0.6B] step=540 loss=0.2811 learning_rate=0.0000 epoch=2.1014

                                                 

 70%|███████   | 540/771 [18:15<07:30,  1.95s/it]2026-09-20 16:32:57,575 INFO [rev_util_helpfulness|paper_align|Qwen3-0.6B] step=540 epoch=2.1014

                                                 

 70%|███████   | 540/771 [18:15<07:30,  1.95s/it]2026-09-20 16:32:58,036 INFO [rev_util_helpfulness|paper_align|Qwen3-0.6B] step=540 epoch=2.1014

                                                 

 70%|███████   | 540/771 [18:15<07:30,  1.95s/it]2026-09-20 16:32:58,721 INFO [rev_util_helpfulness|paper_align|Qwen3-0.6B] step=540 epoch=2.1014

                                                 

 70%|███████   | 540/771 [18:16<07:30,  1.95s/it]2026-09-20 16:32:59,204 INFO [rev_util_helpfulness|paper_align|Qwen3-0.6B] step=540 epoch=2.1014

                                                 

 70%|███████   | 540/771 [18:16<07:30,  1.95s/it]
 70%|███████   | 541/771 [18:17<07:41,  2.00s/it]2026-09-20 16:32:59,720 INFO [rev_util_helpfulness|paper_align|Qwen3-0.6B] step=541 epoch=2.1053

                                                 

 70%|███████   | 541/771 [18:17<07:41,  2.00s/it]2026-09-20 16:33:00,207 INFO [rev_util_helpfulness|paper_align|Qwen3-0.6B] step=541 epoch=2.1053

                                                 

 70%|███████   | 541/771 [18:17<07:41,  2.00s/it]2026-09-20 16:33:00,691 INFO [rev_util_helpfulness|paper_align|Qwen3-0.6B] step=541 epoch=2.1053

                                                 

 70%|███████   | 541/771 [18:18<07:41,  2.00s/it]2026-09-20 16:33:01,174 INFO [rev_util_helpfulness|paper_align|Qwen3-0.6B] step=541 epoch=2.1053

                                                 

 70%|███████   | 541/771 [18:18<07:41,  2.00s/it]
 70%|███████   | 542/771 [18:19<07:37,  2.00s/it]2026-09-20 16:33:01,696 INFO [rev_util_helpfulness|paper_align|Qwen3-0.6B] step=542 epoch=2.1092

                                                 

 70%|███████   | 542/771 [18:19<07:37,  2.00s/it]2026-09-20 16:33:02,180 INFO [rev_util_helpfulness|paper_align|Qwen3-0.6B] step=542 epoch=2.1092

                                                 

 70%|███████   | 542/771 [18:19<07:37,  2.00s/it]2026-09-20 16:33:02,649 INFO [rev_util_helpfulness|paper_align|Qwen3-0.6B] step=542 epoch=2.1092

                                                 

 70%|███████   | 542/771 [18:20<07:37,  2.00s/it]2026-09-20 16:33:03,129 INFO [rev_util_helpfulness|paper_align|Qwen3-0.6B] step=542 epoch=2.1092

                                                 

 70%|███████   | 542/771 [18:20<07:37,  2.00s/it]
 70%|███████   | 543/771 [18:21<07:32,  1.98s/it]2026-09-20 16:33:03,641 INFO [rev_util_helpfulness|paper_align|Qwen3-0.6B] step=543 epoch=2.1131

                                                 

 70%|███████   | 543/771 [18:21<07:32,  1.98s/it]2026-09-20 16:33:04,106 INFO [rev_util_helpfulness|paper_align|Qwen3-0.6B] step=543 epoch=2.1131

                                                 

 70%|███████   | 543/771 [18:21<07:32,  1.98s/it]2026-09-20 16:33:04,590 INFO [rev_util_helpfulness|paper_align|Qwen3-0.6B] step=543 epoch=2.1131

                                                 

 70%|███████   | 543/771 [18:22<07:32,  1.98s/it]2026-09-20 16:33:05,076 INFO [rev_util_helpfulness|paper_align|Qwen3-0.6B] step=543 epoch=2.1131

                                                 

 70%|███████   | 543/771 [18:22<07:32,  1.98s/it]
 71%|███████   | 544/771 [18:23<07:27,  1.97s/it]2026-09-20 16:33:05,587 INFO [rev_util_helpfulness|paper_align|Qwen3-0.6B] step=544 epoch=2.1170

                                                 

 71%|███████   | 544/771 [18:23<07:27,  1.97s/it]2026-09-20 16:33:06,060 INFO [rev_util_helpfulness|paper_align|Qwen3-0.6B] step=544 epoch=2.1170

                                                 

 71%|███████   | 544/771 [18:23<07:27,  1.97s/it]2026-09-20 16:33:06,543 INFO [rev_util_helpfulness|paper_align|Qwen3-0.6B] step=544 epoch=2.1170

                                                 

 71%|███████   | 544/771 [18:24<07:27,  1.97s/it]2026-09-20 16:33:07,032 INFO [rev_util_helpfulness|paper_align|Qwen3-0.6B] step=544 epoch=2.1170

                                                 

 71%|███████   | 544/771 [18:24<07:27,  1.97s/it]
 71%|███████   | 545/771 [18:25<07:24,  1.97s/it]2026-09-20 16:33:07,536 INFO [rev_util_helpfulness|paper_align|Qwen3-0.6B] step=545 epoch=2.1209

                                                 

 71%|███████   | 545/771 [18:25<07:24,  1.97s/it]2026-09-20 16:33:08,008 INFO [rev_util_helpfulness|paper_align|Qwen3-0.6B] step=545 epoch=2.1209

                                                 

 71%|███████   | 545/771 [18:25<07:24,  1.97s/it]2026-09-20 16:33:08,671 INFO [rev_util_helpfulness|paper_align|Qwen3-0.6B] step=545 epoch=2.1209

                                                 

 71%|███████   | 545/771 [18:26<07:24,  1.97s/it]2026-09-20 16:33:09,153 INFO [rev_util_helpfulness|paper_align|Qwen3-0.6B] step=545 epoch=2.1209

                                                 

 71%|███████   | 545/771 [18:26<07:24,  1.97s/it]
 71%|███████   | 546/771 [18:27<07:33,  2.01s/it]2026-09-20 16:33:09,665 INFO [rev_util_helpfulness|paper_align|Qwen3-0.6B] step=546 epoch=2.1248

                                                 

 71%|███████   | 546/771 [18:27<07:33,  2.01s/it]2026-09-20 16:33:10,143 INFO [rev_util_helpfulness|paper_align|Qwen3-0.6B] step=546 epoch=2.1248

                                                 

 71%|███████   | 546/771 [18:27<07:33,  2.01s/it]2026-09-20 16:33:10,616 INFO [rev_util_helpfulness|paper_align|Qwen3-0.6B] step=546 epoch=2.1248

                                                 

 71%|███████   | 546/771 [18:28<07:33,  2.01s/it]2026-09-20 16:33:11,091 INFO [rev_util_helpfulness|paper_align|Qwen3-0.6B] step=546 epoch=2.1248

                                                 

 71%|███████   | 546/771 [18:28<07:33,  2.01s/it]
 71%|███████   | 547/771 [18:29<07:25,  1.99s/it]2026-09-20 16:33:11,591 INFO [rev_util_helpfulness|paper_align|Qwen3-0.6B] step=547 epoch=2.1287

                                                 

 71%|███████   | 547/771 [18:29<07:25,  1.99s/it]2026-09-20 16:33:12,055 INFO [rev_util_helpfulness|paper_align|Qwen3-0.6B] step=547 epoch=2.1287

                                                 

 71%|███████   | 547/771 [18:29<07:25,  1.99s/it]2026-09-20 16:33:12,531 INFO [rev_util_helpfulness|paper_align|Qwen3-0.6B] step=547 epoch=2.1287

                                                 

 71%|███████   | 547/771 [18:30<07:25,  1.99s/it]2026-09-20 16:33:13,008 INFO [rev_util_helpfulness|paper_align|Qwen3-0.6B] step=547 epoch=2.1287

                                                 

 71%|███████   | 547/771 [18:30<07:25,  1.99s/it]
 71%|███████   | 548/771 [18:31<07:18,  1.97s/it]2026-09-20 16:33:13,510 INFO [rev_util_helpfulness|paper_align|Qwen3-0.6B] step=548 epoch=2.1326

                                                 

 71%|███████   | 548/771 [18:31<07:18,  1.97s/it]2026-09-20 16:33:13,980 INFO [rev_util_helpfulness|paper_align|Qwen3-0.6B] step=548 epoch=2.1326

                                                 

 71%|███████   | 548/771 [18:31<07:18,  1.97s/it]2026-09-20 16:33:14,450 INFO [rev_util_helpfulness|paper_align|Qwen3-0.6B] step=548 epoch=2.1326

                                                 

 71%|███████   | 548/771 [18:32<07:18,  1.97s/it]2026-09-20 16:33:14,915 INFO [rev_util_helpfulness|paper_align|Qwen3-0.6B] step=548 epoch=2.1326

                                                 

 71%|███████   | 548/771 [18:32<07:18,  1.97s/it]
 71%|███████   | 549/771 [18:32<07:13,  1.95s/it]2026-09-20 16:33:15,438 INFO [rev_util_helpfulness|paper_align|Qwen3-0.6B] step=549 epoch=2.1365

                                                 

 71%|███████   | 549/771 [18:33<07:13,  1.95s/it]2026-09-20 16:33:15,908 INFO [rev_util_helpfulness|paper_align|Qwen3-0.6B] step=549 epoch=2.1365

                                                 

 71%|███████   | 549/771 [18:33<07:13,  1.95s/it]2026-09-20 16:33:16,384 INFO [rev_util_helpfulness|paper_align|Qwen3-0.6B] step=549 epoch=2.1365

                                                 

 71%|███████   | 549/771 [18:34<07:13,  1.95s/it]2026-09-20 16:33:16,858 INFO [rev_util_helpfulness|paper_align|Qwen3-0.6B] step=549 epoch=2.1365

                                                 

 71%|███████   | 549/771 [18:34<07:13,  1.95s/it]
 71%|███████▏  | 550/771 [18:34<07:10,  1.95s/it]2026-09-20 16:33:17,186 INFO [rev_util_helpfulness|paper_align|Qwen3-0.6B] step=550 loss=0.2946 learning_rate=0.0000 epoch=2.1404

                                                 

 71%|███████▏  | 550/771 [18:34<07:10,  1.95s/it]2026-09-20 16:33:17,374 INFO [rev_util_helpfulness|paper_align|Qwen3-0.6B] step=550 epoch=2.1404

                                                 

 71%|███████▏  | 550/771 [18:35<07:10,  1.95s/it]2026-09-20 16:33:17,850 INFO [rev_util_helpfulness|paper_align|Qwen3-0.6B] step=550 epoch=2.1404

                                                 

 71%|███████▏  | 550/771 [18:35<07:10,  1.95s/it]2026-09-20 16:33:18,320 INFO [rev_util_helpfulness|paper_align|Qwen3-0.6B] step=550 epoch=2.1404

                                                 

 71%|███████▏  | 550/771 [18:36<07:10,  1.95s/it]2026-09-20 16:33:18,797 INFO [rev_util_helpfulness|paper_align|Qwen3-0.6B] step=550 epoch=2.1404

                                                 

 71%|███████▏  | 550/771 [18:36<07:10,  1.95s/it]
 71%|███████▏  | 551/771 [18:37<07:20,  2.00s/it]2026-09-20 16:33:19,490 INFO [rev_util_helpfulness|paper_align|Qwen3-0.6B] step=551 epoch=2.1442

                                                 

 71%|███████▏  | 551/771 [18:37<07:20,  2.00s/it]2026-09-20 16:33:19,962 INFO [rev_util_helpfulness|paper_align|Qwen3-0.6B] step=551 epoch=2.1442

                                                 

 71%|███████▏  | 551/771 [18:37<07:20,  2.00s/it]2026-09-20 16:33:20,434 INFO [rev_util_helpfulness|paper_align|Qwen3-0.6B] step=551 epoch=2.1442

                                                 

 71%|███████▏  | 551/771 [18:38<07:20,  2.00s/it]2026-09-20 16:33:20,907 INFO [rev_util_helpfulness|paper_align|Qwen3-0.6B] step=551 epoch=2.1442

                                                 

 71%|███████▏  | 551/771 [18:38<07:20,  2.00s/it]
 72%|███████▏  | 552/771 [18:38<07:13,  1.98s/it]2026-09-20 16:33:21,411 INFO [rev_util_helpfulness|paper_align|Qwen3-0.6B] step=552 epoch=2.1481

                                                 

 72%|███████▏  | 552/771 [18:39<07:13,  1.98s/it]2026-09-20 16:33:21,881 INFO [rev_util_helpfulness|paper_align|Qwen3-0.6B] step=552 epoch=2.1481

                                                 

 72%|███████▏  | 552/771 [18:39<07:13,  1.98s/it]2026-09-20 16:33:22,360 INFO [rev_util_helpfulness|paper_align|Qwen3-0.6B] step=552 epoch=2.1481

                                                 

 72%|███████▏  | 552/771 [18:40<07:13,  1.98s/it]2026-09-20 16:33:22,836 INFO [rev_util_helpfulness|paper_align|Qwen3-0.6B] step=552 epoch=2.1481

                                                 

 72%|███████▏  | 552/771 [18:40<07:13,  1.98s/it]
 72%|███████▏  | 553/771 [18:40<07:08,  1.96s/it]2026-09-20 16:33:23,345 INFO [rev_util_helpfulness|paper_align|Qwen3-0.6B] step=553 epoch=2.1520

                                                 

 72%|███████▏  | 553/771 [18:41<07:08,  1.96s/it]2026-09-20 16:33:23,813 INFO [rev_util_helpfulness|paper_align|Qwen3-0.6B] step=553 epoch=2.1520

                                                 

 72%|███████▏  | 553/771 [18:41<07:08,  1.96s/it]2026-09-20 16:33:24,290 INFO [rev_util_helpfulness|paper_align|Qwen3-0.6B] step=553 epoch=2.1520

                                                 

 72%|███████▏  | 553/771 [18:42<07:08,  1.96s/it]2026-09-20 16:33:24,765 INFO [rev_util_helpfulness|paper_align|Qwen3-0.6B] step=553 epoch=2.1520

                                                 

 72%|███████▏  | 553/771 [18:42<07:08,  1.96s/it]
 72%|███████▏  | 554/771 [18:42<07:03,  1.95s/it]2026-09-20 16:33:25,270 INFO [rev_util_helpfulness|paper_align|Qwen3-0.6B] step=554 epoch=2.1559

                                                 

 72%|███████▏  | 554/771 [18:42<07:03,  1.95s/it]2026-09-20 16:33:25,747 INFO [rev_util_helpfulness|paper_align|Qwen3-0.6B] step=554 epoch=2.1559

                                                 

 72%|███████▏  | 554/771 [18:43<07:03,  1.95s/it]2026-09-20 16:33:26,223 INFO [rev_util_helpfulness|paper_align|Qwen3-0.6B] step=554 epoch=2.1559

                                                 

 72%|███████▏  | 554/771 [18:43<07:03,  1.95s/it]2026-09-20 16:33:26,702 INFO [rev_util_helpfulness|paper_align|Qwen3-0.6B] step=554 epoch=2.1559

                                                 

 72%|███████▏  | 554/771 [18:44<07:03,  1.95s/it]
 72%|███████▏  | 555/771 [18:44<07:01,  1.95s/it]2026-09-20 16:33:27,222 INFO [rev_util_helpfulness|paper_align|Qwen3-0.6B] step=555 epoch=2.1598

                                                 

 72%|███████▏  | 555/771 [18:44<07:01,  1.95s/it]2026-09-20 16:33:27,702 INFO [rev_util_helpfulness|paper_align|Qwen3-0.6B] step=555 epoch=2.1598

                                                 

 72%|███████▏  | 555/771 [18:45<07:01,  1.95s/it]2026-09-20 16:33:28,190 INFO [rev_util_helpfulness|paper_align|Qwen3-0.6B] step=555 epoch=2.1598

                                                 
{'paper_align_label_loss': '0.005846', 'paper_align_reason_loss': '0.08983', 'epoch': '2.078'}
{'paper_align_label_loss': '0.006722', 'paper_align_reason_loss': '0.1005', 'epoch': '2.078'}
{'paper_align_label_loss': '0.006347', 'paper_align_reason_loss': '0.1465', 'epoch': '2.078'}
{'paper_align_label_loss': '0.002301', 'paper_align_reason_loss': '0.1499', 'epoch': '2.082'}
{'paper_align_label_loss': '0.02693', 'paper_align_reason_loss': '0.1064', 'epoch': '2.082'}
{'paper_align_label_loss': '0.04686', 'paper_align_reason_loss': '0.1138', 'epoch': '2.082'}
{'paper_align_label_loss': '0.01445', 'paper_align_reason_loss': '0.1037', 'epoch': '2.082'}
{'paper_align_label_loss': '0.007144', 'paper_align_reason_loss': '0.09148', 'epoch': '2.086'}
{'paper_align_label_loss': '0.005216', 'paper_align_reason_loss': '0.1055', 'epoch': '2.086'}
{'paper_align_label_loss': '0.0106', 'paper_align_reason_loss': '0.1079', 'epoch': '2.086'}
{'paper_align_label_loss': '0.003681', 'paper_align_reason_loss': '0.06675', 'epoch': '2.086'}
{'paper_align_label_loss': '0.07667', 'paper_align_reason_loss': '0.11', 'epoch': '2.09'}
{'paper_align_label_loss': '0.04389', 'paper_align_reason_loss': '0.1285', 'epoch': '2.09'}
{'paper_align_label_loss': '0.00586', 'paper_align_reason_loss': '0.09665', 'epoch': '2.09'}
{'paper_align_label_loss': '0.01849', 'paper_align_reason_loss': '0.06872', 'epoch': '2.09'}
{'paper_align_label_loss': '0.124', 'paper_align_reason_loss': '0.117', 'epoch': '2.094'}
{'paper_align_label_loss': '0.01122', 'paper_align_reason_loss': '0.09601', 'epoch': '2.094'}
{'paper_align_label_loss': '0.1868', 'paper_align_reason_loss': '0.1501', 'epoch': '2.094'}
{'paper_align_label_loss': '0.05743', 'paper_align_reason_loss': '0.111', 'epoch': '2.094'}
{'paper_align_label_loss': '0.008184', 'paper_align_reason_loss': '0.06551', 'epoch': '2.097'}
{'paper_align_label_loss': '0.002686', 'paper_align_reason_loss': '0.1253', 'epoch': '2.097'}
{'paper_align_label_loss': '0.13', 'paper_align_reason_loss': '0.1495', 'epoch': '2.097'}
{'paper_align_label_loss': '0.009027', 'paper_align_reason_loss': '0.1162', 'epoch': '2.097'}
{'loss': '0.2811', 'grad_norm': '5.403', 'learning_rate': '2.197e-05', 'epoch': '2.101'}
{'paper_align_label_loss': '0.002534', 'paper_align_reason_loss': '0.1033', 'epoch': '2.101'}
{'paper_align_label_loss': '0.03728', 'paper_align_reason_loss': '0.08794', 'epoch': '2.101'}
{'paper_align_label_loss': '0.04891', 'paper_align_reason_loss': '0.1483', 'epoch': '2.101'}
{'paper_align_label_loss': '0.00291', 'paper_align_reason_loss': '0.1232', 'epoch': '2.101'}
{'paper_align_label_loss': '0.02711', 'paper_align_reason_loss': '0.07975', 'epoch': '2.105'}
{'paper_align_label_loss': '0.05141', 'paper_align_reason_loss': '0.1113', 'epoch': '2.105'}
{'paper_align_label_loss': '0.07955', 'paper_align_reason_loss': '0.09368', 'epoch': '2.105'}
{'paper_align_label_loss': '0.00386', 'paper_align_reason_loss': '0.125', 'epoch': '2.105'}
{'paper_align_label_loss': '0.003256', 'paper_align_reason_loss': '0.1889', 'epoch': '2.109'}
{'paper_align_label_loss': '0.04096', 'paper_align_reason_loss': '0.1457', 'epoch': '2.109'}
{'paper_align_label_loss': '0.00674', 'paper_align_reason_loss': '0.08224', 'epoch': '2.109'}
{'paper_align_label_loss': '0.003277', 'paper_align_reason_loss': '0.1328', 'epoch': '2.109'}
{'paper_align_label_loss': '0.001105', 'paper_align_reason_loss': '0.1131', 'epoch': '2.113'}
{'paper_align_label_loss': '0.03753', 'paper_align_reason_loss': '0.114', 'epoch': '2.113'}
{'paper_align_label_loss': '0.2298', 'paper_align_reason_loss': '0.13', 'epoch': '2.113'}
{'paper_align_label_loss': '0.00576', 'paper_align_reason_loss': '0.07843', 'epoch': '2.113'}
{'paper_align_label_loss': '0.006877', 'paper_align_reason_loss': '0.1684', 'epoch': '2.117'}
{'paper_align_label_loss': '0.0401', 'paper_align_reason_loss': '0.1018', 'epoch': '2.117'}
{'paper_align_label_loss': '0.01708', 'paper_align_reason_loss': '0.1295', 'epoch': '2.117'}
{'paper_align_label_loss': '0.02375', 'paper_align_reason_loss': '0.1405', 'epoch': '2.117'}
{'paper_align_label_loss': '0.0299', 'paper_align_reason_loss': '0.09635', 'epoch': '2.121'}
{'paper_align_label_loss': '0.008408', 'paper_align_reason_loss': '0.1264', 'epoch': '2.121'}
{'paper_align_label_loss': '0.009638', 'paper_align_reason_loss': '0.0913', 'epoch': '2.121'}
{'paper_align_label_loss': '0.02315', 'paper_align_reason_loss': '0.1121', 'epoch': '2.121'}
{'paper_align_label_loss': '0.004746', 'paper_align_reason_loss': '0.1407', 'epoch': '2.125'}
{'paper_align_label_loss': '0.009888', 'paper_align_reason_loss': '0.1049', 'epoch': '2.125'}
{'paper_align_label_loss': '0.005', 'paper_align_reason_loss': '0.101', 'epoch': '2.125'}
{'paper_align_label_loss': '0.1868', 'paper_align_reason_loss': '0.1175', 'epoch': '2.125'}
{'paper_align_label_loss': '0.00549', 'paper_align_reason_loss': '0.09865', 'epoch': '2.129'}
{'paper_align_label_loss': '0.0163', 'paper_align_reason_loss': '0.09942', 'epoch': '2.129'}
{'paper_align_label_loss': '0.006933', 'paper_align_reason_loss': '0.1465', 'epoch': '2.129'}
{'paper_align_label_loss': '0.04028', 'paper_align_reason_loss': '0.1285', 'epoch': '2.129'}
{'paper_align_label_loss': '0.02651', 'paper_align_reason_loss': '0.09686', 'epoch': '2.133'}
{'paper_align_label_loss': '0.001247', 'paper_align_reason_loss': '0.1378', 'epoch': '2.133'}
{'paper_align_label_loss': '0.01455', 'paper_align_reason_loss': '0.1075', 'epoch': '2.133'}
{'paper_align_label_loss': '0.008775', 'paper_align_reason_loss': '0.1343', 'epoch': '2.133'}
{'paper_align_label_loss': '0.003213', 'paper_align_reason_loss': '0.1241', 'epoch': '2.136'}
{'paper_align_label_loss': '0.003166', 'paper_align_reason_loss': '0.1092', 'epoch': '2.136'}
{'paper_align_label_loss': '0.00072', 'paper_align_reason_loss': '0.09725', 'epoch': '2.136'}
{'paper_align_label_loss': '0.09601', 'paper_align_reason_loss': '0.153', 'epoch': '2.136'}
{'loss': '0.2946', 'grad_norm': '3.748', 'learning_rate': '2.025e-05', 'epoch': '2.14'}
{'paper_align_label_loss': '0.1332', 'paper_align_reason_loss': '0.1192', 'epoch': '2.14'}
{'paper_align_label_loss': '0.004623', 'paper_align_reason_loss': '0.1122', 'epoch': '2.14'}
{'paper_align_label_loss': '0.002706', 'paper_align_reason_loss': '0.07955', 'epoch': '2.14'}
{'paper_align_label_loss': '0.0007077', 'paper_align_reason_loss': '0.1364', 'epoch': '2.14'}
{'paper_align_label_loss': '0.02997', 'paper_align_reason_loss': '0.1315', 'epoch': '2.144'}
{'paper_align_label_loss': '0.003713', 'paper_align_reason_loss': '0.1071', 'epoch': '2.144'}
{'paper_align_label_loss': '0.005048', 'paper_align_reason_loss': '0.1213', 'epoch': '2.144'}
{'paper_align_label_loss': '0.004188', 'paper_align_reason_loss': '0.1228', 'epoch': '2.144'}
{'paper_align_label_loss': '0.3374', 'paper_align_reason_loss': '0.102', 'epoch': '2.148'}
{'paper_align_label_loss': '0.003267', 'paper_align_reason_loss': '0.103', 'epoch': '2.148'}
{'paper_align_label_loss': '0.01531', 'paper_align_reason_loss': '0.1149', 'epoch': '2.148'}
{'paper_align_label_loss': '0.00661', 'paper_align_reason_loss': '0.08675', 'epoch': '2.148'}
{'paper_align_label_loss': '0.001565', 'paper_align_reason_loss': '0.09874', 'epoch': '2.152'}
{'paper_align_label_loss': '0.003557', 'paper_align_reason_loss': '0.1053', 'epoch': '2.152'}
{'paper_align_label_loss': '0.08816', 'paper_align_reason_loss': '0.1514', 'epoch': '2.152'}
{'paper_align_label_loss': '0.001006', 'paper_align_reason_loss': '0.07874', 'epoch': '2.152'}
{'paper_align_label_loss': '0.02343', 'paper_align_reason_loss': '0.116', 'epoch': '2.156'}
{'paper_align_label_loss': '0.02378', 'paper_align_reason_loss': '0.1312', 'epoch': '2.156'}
{'paper_align_label_loss': '0.01293', 'paper_align_reason_loss': '0.1423', 'epoch': '2.156'}
{'paper_align_label_loss': '0.00954', 'paper_align_reason_loss': '0.1086', 'epoch': '2.156'}
{'paper_align_label_loss': '0.1036', 'paper_align_reason_loss': '0.1274', 'epoch': '2.16'}
{'paper_align_label_loss': '0.04897', 'paper_align_reason_loss': '0.1076', 'epoch': '2.16'}
{'paper_align_label_loss': '0.003302', 'paper_align_reason_loss': '0.09079', 'epoch': '2.16'}

 72%|███████▏  | 555/771 [18:45<07:01,  1.95s/it]2026-09-20 16:33:28,691 INFO [rev_util_helpfulness|paper_align|Qwen3-0.6B] step=555 epoch=2.1598

                                                 

 72%|███████▏  | 555/771 [18:46<07:01,  1.95s/it]
 72%|███████▏  | 556/771 [18:46<07:01,  1.96s/it]2026-09-20 16:33:29,203 INFO [rev_util_helpfulness|paper_align|Qwen3-0.6B] step=556 epoch=2.1637

                                                 

 72%|███████▏  | 556/771 [18:46<07:01,  1.96s/it]2026-09-20 16:33:29,872 INFO [rev_util_helpfulness|paper_align|Qwen3-0.6B] step=556 epoch=2.1637

                                                 

 72%|███████▏  | 556/771 [18:47<07:01,  1.96s/it]2026-09-20 16:33:30,352 INFO [rev_util_helpfulness|paper_align|Qwen3-0.6B] step=556 epoch=2.1637

                                                 

 72%|███████▏  | 556/771 [18:48<07:01,  1.96s/it]2026-09-20 16:33:30,864 INFO [rev_util_helpfulness|paper_align|Qwen3-0.6B] step=556 epoch=2.1637

                                                 

 72%|███████▏  | 556/771 [18:48<07:01,  1.96s/it]
 72%|███████▏  | 557/771 [18:48<07:13,  2.02s/it]2026-09-20 16:33:31,395 INFO [rev_util_helpfulness|paper_align|Qwen3-0.6B] step=557 epoch=2.1676

                                                 

 72%|███████▏  | 557/771 [18:49<07:13,  2.02s/it]2026-09-20 16:33:31,884 INFO [rev_util_helpfulness|paper_align|Qwen3-0.6B] step=557 epoch=2.1676

                                                 

 72%|███████▏  | 557/771 [18:49<07:13,  2.02s/it]2026-09-20 16:33:32,362 INFO [rev_util_helpfulness|paper_align|Qwen3-0.6B] step=557 epoch=2.1676

                                                 

 72%|███████▏  | 557/771 [18:50<07:13,  2.02s/it]2026-09-20 16:33:32,832 INFO [rev_util_helpfulness|paper_align|Qwen3-0.6B] step=557 epoch=2.1676

                                                 

 72%|███████▏  | 557/771 [18:50<07:13,  2.02s/it]
 72%|███████▏  | 558/771 [18:50<07:08,  2.01s/it]2026-09-20 16:33:33,358 INFO [rev_util_helpfulness|paper_align|Qwen3-0.6B] step=558 epoch=2.1715

                                                 

 72%|███████▏  | 558/771 [18:51<07:08,  2.01s/it]2026-09-20 16:33:33,832 INFO [rev_util_helpfulness|paper_align|Qwen3-0.6B] step=558 epoch=2.1715

                                                 

 72%|███████▏  | 558/771 [18:51<07:08,  2.01s/it]2026-09-20 16:33:34,297 INFO [rev_util_helpfulness|paper_align|Qwen3-0.6B] step=558 epoch=2.1715

                                                 

 72%|███████▏  | 558/771 [18:52<07:08,  2.01s/it]2026-09-20 16:33:34,776 INFO [rev_util_helpfulness|paper_align|Qwen3-0.6B] step=558 epoch=2.1715

                                                 

 72%|███████▏  | 558/771 [18:52<07:08,  2.01s/it]
 73%|███████▎  | 559/771 [18:52<07:01,  1.99s/it]2026-09-20 16:33:35,286 INFO [rev_util_helpfulness|paper_align|Qwen3-0.6B] step=559 epoch=2.1754

                                                 

 73%|███████▎  | 559/771 [18:53<07:01,  1.99s/it]2026-09-20 16:33:35,755 INFO [rev_util_helpfulness|paper_align|Qwen3-0.6B] step=559 epoch=2.1754

                                                 

 73%|███████▎  | 559/771 [18:53<07:01,  1.99s/it]2026-09-20 16:33:36,227 INFO [rev_util_helpfulness|paper_align|Qwen3-0.6B] step=559 epoch=2.1754

                                                 

 73%|███████▎  | 559/771 [18:53<07:01,  1.99s/it]2026-09-20 16:33:36,705 INFO [rev_util_helpfulness|paper_align|Qwen3-0.6B] step=559 epoch=2.1754

                                                 

 73%|███████▎  | 559/771 [18:54<07:01,  1.99s/it]
 73%|███████▎  | 560/771 [18:54<06:56,  1.97s/it]2026-09-20 16:33:37,048 INFO [rev_util_helpfulness|paper_align|Qwen3-0.6B] step=560 loss=0.3109 learning_rate=0.0000 epoch=2.1793

                                                 

 73%|███████▎  | 560/771 [18:54<06:56,  1.97s/it]2026-09-20 16:33:37,236 INFO [rev_util_helpfulness|paper_align|Qwen3-0.6B] step=560 epoch=2.1793

                                                 

 73%|███████▎  | 560/771 [18:54<06:56,  1.97s/it]2026-09-20 16:33:37,721 INFO [rev_util_helpfulness|paper_align|Qwen3-0.6B] step=560 epoch=2.1793

                                                 

 73%|███████▎  | 560/771 [18:55<06:56,  1.97s/it]2026-09-20 16:33:38,199 INFO [rev_util_helpfulness|paper_align|Qwen3-0.6B] step=560 epoch=2.1793

                                                 

 73%|███████▎  | 560/771 [18:55<06:56,  1.97s/it]2026-09-20 16:33:38,676 INFO [rev_util_helpfulness|paper_align|Qwen3-0.6B] step=560 epoch=2.1793

                                                 

 73%|███████▎  | 560/771 [18:56<06:56,  1.97s/it]
 73%|███████▎  | 561/771 [18:56<06:53,  1.97s/it]2026-09-20 16:33:39,384 INFO [rev_util_helpfulness|paper_align|Qwen3-0.6B] step=561 epoch=2.1832

                                                 

 73%|███████▎  | 561/771 [18:57<06:53,  1.97s/it]2026-09-20 16:33:39,873 INFO [rev_util_helpfulness|paper_align|Qwen3-0.6B] step=561 epoch=2.1832

                                                 

 73%|███████▎  | 561/771 [18:57<06:53,  1.97s/it]2026-09-20 16:33:40,357 INFO [rev_util_helpfulness|paper_align|Qwen3-0.6B] step=561 epoch=2.1832

                                                 

 73%|███████▎  | 561/771 [18:58<06:53,  1.97s/it]2026-09-20 16:33:40,840 INFO [rev_util_helpfulness|paper_align|Qwen3-0.6B] step=561 epoch=2.1832

                                                 

 73%|███████▎  | 561/771 [18:58<06:53,  1.97s/it]
 73%|███████▎  | 562/771 [18:58<07:04,  2.03s/it]2026-09-20 16:33:41,359 INFO [rev_util_helpfulness|paper_align|Qwen3-0.6B] step=562 epoch=2.1871

                                                 

 73%|███████▎  | 562/771 [18:59<07:04,  2.03s/it]2026-09-20 16:33:41,831 INFO [rev_util_helpfulness|paper_align|Qwen3-0.6B] step=562 epoch=2.1871

                                                 

 73%|███████▎  | 562/771 [18:59<07:04,  2.03s/it]2026-09-20 16:33:42,306 INFO [rev_util_helpfulness|paper_align|Qwen3-0.6B] step=562 epoch=2.1871

                                                 

 73%|███████▎  | 562/771 [19:00<07:04,  2.03s/it]2026-09-20 16:33:42,770 INFO [rev_util_helpfulness|paper_align|Qwen3-0.6B] step=562 epoch=2.1871

                                                 

 73%|███████▎  | 562/771 [19:00<07:04,  2.03s/it]
 73%|███████▎  | 563/771 [19:00<06:55,  2.00s/it]2026-09-20 16:33:43,283 INFO [rev_util_helpfulness|paper_align|Qwen3-0.6B] step=563 epoch=2.1910

                                                 

 73%|███████▎  | 563/771 [19:01<06:55,  2.00s/it]2026-09-20 16:33:43,763 INFO [rev_util_helpfulness|paper_align|Qwen3-0.6B] step=563 epoch=2.1910

                                                 

 73%|███████▎  | 563/771 [19:01<06:55,  2.00s/it]2026-09-20 16:33:44,219 INFO [rev_util_helpfulness|paper_align|Qwen3-0.6B] step=563 epoch=2.1910

                                                 

 73%|███████▎  | 563/771 [19:01<06:55,  2.00s/it]2026-09-20 16:33:44,694 INFO [rev_util_helpfulness|paper_align|Qwen3-0.6B] step=563 epoch=2.1910

                                                 

 73%|███████▎  | 563/771 [19:02<06:55,  2.00s/it]
 73%|███████▎  | 564/771 [19:02<06:48,  1.97s/it]2026-09-20 16:33:45,200 INFO [rev_util_helpfulness|paper_align|Qwen3-0.6B] step=564 epoch=2.1949

                                                 

 73%|███████▎  | 564/771 [19:02<06:48,  1.97s/it]2026-09-20 16:33:45,683 INFO [rev_util_helpfulness|paper_align|Qwen3-0.6B] step=564 epoch=2.1949

                                                 

 73%|███████▎  | 564/771 [19:03<06:48,  1.97s/it]2026-09-20 16:33:46,175 INFO [rev_util_helpfulness|paper_align|Qwen3-0.6B] step=564 epoch=2.1949

                                                 

 73%|███████▎  | 564/771 [19:03<06:48,  1.97s/it]2026-09-20 16:33:46,657 INFO [rev_util_helpfulness|paper_align|Qwen3-0.6B] step=564 epoch=2.1949

                                                 

 73%|███████▎  | 564/771 [19:04<06:48,  1.97s/it]
 73%|███████▎  | 565/771 [19:04<06:46,  1.97s/it]2026-09-20 16:33:47,169 INFO [rev_util_helpfulness|paper_align|Qwen3-0.6B] step=565 epoch=2.1988

                                                 

 73%|███████▎  | 565/771 [19:04<06:46,  1.97s/it]2026-09-20 16:33:47,635 INFO [rev_util_helpfulness|paper_align|Qwen3-0.6B] step=565 epoch=2.1988

                                                 

 73%|███████▎  | 565/771 [19:05<06:46,  1.97s/it]2026-09-20 16:33:48,115 INFO [rev_util_helpfulness|paper_align|Qwen3-0.6B] step=565 epoch=2.1988

                                                 

 73%|███████▎  | 565/771 [19:05<06:46,  1.97s/it]2026-09-20 16:33:48,599 INFO [rev_util_helpfulness|paper_align|Qwen3-0.6B] step=565 epoch=2.1988

                                                 

 73%|███████▎  | 565/771 [19:06<06:46,  1.97s/it]
 73%|███████▎  | 566/771 [19:06<06:42,  1.96s/it]2026-09-20 16:33:49,118 INFO [rev_util_helpfulness|paper_align|Qwen3-0.6B] step=566 epoch=2.2027

                                                 

 73%|███████▎  | 566/771 [19:06<06:42,  1.96s/it]2026-09-20 16:33:49,767 INFO [rev_util_helpfulness|paper_align|Qwen3-0.6B] step=566 epoch=2.2027

                                                 

 73%|███████▎  | 566/771 [19:07<06:42,  1.96s/it]2026-09-20 16:33:50,241 INFO [rev_util_helpfulness|paper_align|Qwen3-0.6B] step=566 epoch=2.2027

                                                 

 73%|███████▎  | 566/771 [19:07<06:42,  1.96s/it]2026-09-20 16:33:50,719 INFO [rev_util_helpfulness|paper_align|Qwen3-0.6B] step=566 epoch=2.2027

                                                 

 73%|███████▎  | 566/771 [19:08<06:42,  1.96s/it]
 74%|███████▎  | 567/771 [19:08<06:51,  2.02s/it]2026-09-20 16:33:51,259 INFO [rev_util_helpfulness|paper_align|Qwen3-0.6B] step=567 epoch=2.2066

                                                 

 74%|███████▎  | 567/771 [19:08<06:51,  2.02s/it]2026-09-20 16:33:51,729 INFO [rev_util_helpfulness|paper_align|Qwen3-0.6B] step=567 epoch=2.2066

                                                 

 74%|███████▎  | 567/771 [19:09<06:51,  2.02s/it]2026-09-20 16:33:52,222 INFO [rev_util_helpfulness|paper_align|Qwen3-0.6B] step=567 epoch=2.2066

                                                 

 74%|███████▎  | 567/771 [19:09<06:51,  2.02s/it]2026-09-20 16:33:52,712 INFO [rev_util_helpfulness|paper_align|Qwen3-0.6B] step=567 epoch=2.2066

                                                 

 74%|███████▎  | 567/771 [19:10<06:51,  2.02s/it]
 74%|███████▎  | 568/771 [19:10<06:46,  2.00s/it]2026-09-20 16:33:53,226 INFO [rev_util_helpfulness|paper_align|Qwen3-0.6B] step=568 epoch=2.2105

                                                 

 74%|███████▎  | 568/771 [19:10<06:46,  2.00s/it]2026-09-20 16:33:53,694 INFO [rev_util_helpfulness|paper_align|Qwen3-0.6B] step=568 epoch=2.2105

                                                 

 74%|███████▎  | 568/771 [19:11<06:46,  2.00s/it]2026-09-20 16:33:54,166 INFO [rev_util_helpfulness|paper_align|Qwen3-0.6B] step=568 epoch=2.2105

                                                 

 74%|███████▎  | 568/771 [19:11<06:46,  2.00s/it]2026-09-20 16:33:54,656 INFO [rev_util_helpfulness|paper_align|Qwen3-0.6B] step=568 epoch=2.2105

                                                 

 74%|███████▎  | 568/771 [19:12<06:46,  2.00s/it]
 74%|███████▍  | 569/771 [19:12<06:40,  1.98s/it]2026-09-20 16:33:55,180 INFO [rev_util_helpfulness|paper_align|Qwen3-0.6B] step=569 epoch=2.2144

                                                 

 74%|███████▍  | 569/771 [19:12<06:40,  1.98s/it]2026-09-20 16:33:55,664 INFO [rev_util_helpfulness|paper_align|Qwen3-0.6B] step=569 epoch=2.2144

                                                 

 74%|███████▍  | 569/771 [19:13<06:40,  1.98s/it]2026-09-20 16:33:56,137 INFO [rev_util_helpfulness|paper_align|Qwen3-0.6B] step=569 epoch=2.2144

                                                 

 74%|███████▍  | 569/771 [19:13<06:40,  1.98s/it]2026-09-20 16:33:56,615 INFO [rev_util_helpfulness|paper_align|Qwen3-0.6B] step=569 epoch=2.2144

                                                 

 74%|███████▍  | 569/771 [19:14<06:40,  1.98s/it]
 74%|███████▍  | 570/771 [19:14<06:37,  1.98s/it]2026-09-20 16:33:56,950 INFO [rev_util_helpfulness|paper_align|Qwen3-0.6B] step=570 loss=0.2879 learning_rate=0.0000 epoch=2.2183

                                                 

 74%|███████▍  | 570/771 [19:14<06:37,  1.98s/it]2026-09-20 16:33:57,138 INFO [rev_util_helpfulness|paper_align|Qwen3-0.6B] step=570 epoch=2.2183

                                                 

 74%|███████▍  | 570/771 [19:14<06:37,  1.98s/it]2026-09-20 16:33:57,624 INFO [rev_util_helpfulness|paper_align|Qwen3-0.6B] step=570 epoch=2.2183

                                                 

 74%|███████▍  | 570/771 [19:15<06:37,  1.98s/it]2026-09-20 16:33:58,132 INFO [rev_util_helpfulness|paper_align|Qwen3-0.6B] step=570 epoch=2.2183

                                                 

 74%|███████▍  | 570/771 [19:15<06:37,  1.98s/it]2026-09-20 16:33:58,609 INFO [rev_util_helpfulness|paper_align|Qwen3-0.6B] step=570 epoch=2.2183

                                                 

 74%|███████▍  | 570/771 [19:16<06:37,  1.98s/it]
 74%|███████▍  | 571/771 [19:16<06:36,  1.98s/it]2026-09-20 16:33:59,147 INFO [rev_util_helpfulness|paper_align|Qwen3-0.6B] step=571 epoch=2.2222

                                                 

 74%|███████▍  | 571/771 [19:16<06:36,  1.98s/it]2026-09-20 16:33:59,621 INFO [rev_util_helpfulness|paper_align|Qwen3-0.6B] step=571 epoch=2.2222

                                                 

 74%|███████▍  | 571/771 [19:17<06:36,  1.98s/it]2026-09-20 16:34:00,093 INFO [rev_util_helpfulness|paper_align|Qwen3-0.6B] step=571 epoch=2.2222

                                                 

 74%|███████▍  | 571/771 [19:17<06:36,  1.98s/it]2026-09-20 16:34:00,756 INFO [rev_util_helpfulness|paper_align|Qwen3-0.6B] step=571 epoch=2.2222

                                                 

 74%|███████▍  | 571/771 [19:18<06:36,  1.98s/it]
 74%|███████▍  | 572/771 [19:18<06:44,  2.03s/it]2026-09-20 16:34:01,268 INFO [rev_util_helpfulness|paper_align|Qwen3-0.6B] step=572 epoch=2.2261

                                                 

 74%|███████▍  | 572/771 [19:18<06:44,  2.03s/it]2026-09-20 16:34:01,745 INFO [rev_util_helpfulness|paper_align|Qwen3-0.6B] step=572 epoch=2.2261

                                                 

 74%|███████▍  | 572/771 [19:19<06:44,  2.03s/it]2026-09-20 16:34:02,226 INFO [rev_util_helpfulness|paper_align|Qwen3-0.6B] step=572 epoch=2.2261

                                                 

 74%|███████▍  | 572/771 [19:19<06:44,  2.03s/it]2026-09-20 16:34:02,711 INFO [rev_util_helpfulness|paper_align|Qwen3-0.6B] step=572 epoch=2.2261

                                                 

 74%|███████▍  | 572/771 [19:20<06:44,  2.03s/it]
 74%|███████▍  | 573/771 [19:20<06:37,  2.01s/it]2026-09-20 16:34:03,224 INFO [rev_util_helpfulness|paper_align|Qwen3-0.6B] step=573 epoch=2.2300

                                                 

 74%|███████▍  | 573/771 [19:20<06:37,  2.01s/it]2026-09-20 16:34:03,707 INFO [rev_util_helpfulness|paper_align|Qwen3-0.6B] step=573 epoch=2.2300

                                                 

 74%|███████▍  | 573/771 [19:21<06:37,  2.01s/it]2026-09-20 16:34:04,175 INFO [rev_util_helpfulness|paper_align|Qwen3-0.6B] step=573 epoch=2.2300

                                                 

 74%|███████▍  | 573/771 [19:21<06:37,  2.01s/it]2026-09-20 16:34:04,657 INFO [rev_util_helpfulness|paper_align|Qwen3-0.6B] step=573 epoch=2.2300

                                                 

 74%|███████▍  | 573/771 [19:22<06:37,  2.01s/it]
 74%|███████▍  | 574/771 [19:22<06:32,  1.99s/it]2026-09-20 16:34:05,170 INFO [rev_util_helpfulness|paper_align|Qwen3-0.6B] step=574 epoch=2.2339

                                                 

 74%|███████▍  | 574/771 [19:22<06:32,  1.99s/it]2026-09-20 16:34:05,648 INFO [rev_util_helpfulness|paper_align|Qwen3-0.6B] step=574 epoch=2.2339

                                                 

 74%|███████▍  | 574/771 [19:23<06:32,  1.99s/it]2026-09-20 16:34:06,109 INFO [rev_util_helpfulness|paper_align|Qwen3-0.6B] step=574 epoch=2.2339

                                                 

 74%|███████▍  | 574/771 [19:23<06:32,  1.99s/it]2026-09-20 16:34:06,585 INFO [rev_util_helpfulness|paper_align|Qwen3-0.6B] step=574 epoch=2.2339

                                                 

 74%|███████▍  | 574/771 [19:24<06:32,  1.99s/it]
 75%|███████▍  | 575/771 [19:24<06:26,  1.97s/it]2026-09-20 16:34:07,101 INFO [rev_util_helpfulness|paper_align|Qwen3-0.6B] step=575 epoch=2.2378

                                                 

 75%|███████▍  | 575/771 [19:24<06:26,  1.97s/it]2026-09-20 16:34:07,576 INFO [rev_util_helpfulness|paper_align|Qwen3-0.6B] step=575 epoch=2.2378

                                                 

 75%|███████▍  | 575/771 [19:25<06:26,  1.97s/it]2026-09-20 16:34:08,050 INFO [rev_util_helpfulness|paper_align|Qwen3-0.6B] step=575 epoch=2.2378

                                                 

 75%|███████▍  | 575/771 [19:25<06:26,  1.97s/it]2026-09-20 16:34:08,511 INFO [rev_util_helpfulness|paper_align|Qwen3-0.6B] step=575 epoch=2.2378

                                                 

 75%|███████▍  | 575/771 [19:26<06:26,  1.97s/it]
 75%|███████▍  | 576/771 [19:26<06:21,  1.96s/it]2026-09-20 16:34:09,028 INFO [rev_util_helpfulness|paper_align|Qwen3-0.6B] step=576 epoch=2.2417

                                                 

 75%|███████▍  | 576/771 [19:26<06:21,  1.96s/it]2026-09-20 16:34:09,506 INFO [rev_util_helpfulness|paper_align|Qwen3-0.6B] step=576 epoch=2.2417

                                                 

 75%|███████▍  | 576/771 [19:27<06:21,  1.96s/it]2026-09-20 16:34:09,978 INFO [rev_util_helpfulness|paper_align|Qwen3-0.6B] step=576 epoch=2.2417

                                                 

 75%|███████▍  | 576/771 [19:27<06:21,  1.96s/it]2026-09-20 16:34:10,452 INFO [rev_util_helpfulness|paper_align|Qwen3-0.6B] step=576 epoch=2.2417

                                                 

 75%|███████▍  | 576/771 [19:28<06:21,  1.96s/it]
 75%|███████▍  | 577/771 [19:28<06:18,  1.95s/it]2026-09-20 16:34:11,152 INFO [rev_util_helpfulness|paper_align|Qwen3-0.6B] step=577 epoch=2.2456

                                                 
{'paper_align_label_loss': '0.01271', 'paper_align_reason_loss': '0.1007', 'epoch': '2.16'}
{'paper_align_label_loss': '0.1543', 'paper_align_reason_loss': '0.1103', 'epoch': '2.164'}
{'paper_align_label_loss': '0.01017', 'paper_align_reason_loss': '0.1314', 'epoch': '2.164'}
{'paper_align_label_loss': '0.1175', 'paper_align_reason_loss': '0.1662', 'epoch': '2.164'}
{'paper_align_label_loss': '0.03354', 'paper_align_reason_loss': '0.1391', 'epoch': '2.164'}
{'paper_align_label_loss': '0.01058', 'paper_align_reason_loss': '0.09757', 'epoch': '2.168'}
{'paper_align_label_loss': '0.03495', 'paper_align_reason_loss': '0.08309', 'epoch': '2.168'}
{'paper_align_label_loss': '0.04496', 'paper_align_reason_loss': '0.09124', 'epoch': '2.168'}
{'paper_align_label_loss': '0.00185', 'paper_align_reason_loss': '0.08774', 'epoch': '2.168'}
{'paper_align_label_loss': '0.05549', 'paper_align_reason_loss': '0.1384', 'epoch': '2.172'}
{'paper_align_label_loss': '0.07133', 'paper_align_reason_loss': '0.1108', 'epoch': '2.172'}
{'paper_align_label_loss': '0.01642', 'paper_align_reason_loss': '0.1312', 'epoch': '2.172'}
{'paper_align_label_loss': '0.02702', 'paper_align_reason_loss': '0.1228', 'epoch': '2.172'}
{'paper_align_label_loss': '0.07166', 'paper_align_reason_loss': '0.1825', 'epoch': '2.175'}
{'paper_align_label_loss': '0.0239', 'paper_align_reason_loss': '0.09974', 'epoch': '2.175'}
{'paper_align_label_loss': '0.04471', 'paper_align_reason_loss': '0.09014', 'epoch': '2.175'}
{'paper_align_label_loss': '0.06132', 'paper_align_reason_loss': '0.08137', 'epoch': '2.175'}
{'loss': '0.3109', 'grad_norm': '5.878', 'learning_rate': '1.859e-05', 'epoch': '2.179'}
{'paper_align_label_loss': '0.03083', 'paper_align_reason_loss': '0.08395', 'epoch': '2.179'}
{'paper_align_label_loss': '0.03177', 'paper_align_reason_loss': '0.1005', 'epoch': '2.179'}
{'paper_align_label_loss': '0.002924', 'paper_align_reason_loss': '0.1119', 'epoch': '2.179'}
{'paper_align_label_loss': '0.00881', 'paper_align_reason_loss': '0.08885', 'epoch': '2.179'}
{'paper_align_label_loss': '0.1597', 'paper_align_reason_loss': '0.128', 'epoch': '2.183'}
{'paper_align_label_loss': '0.004918', 'paper_align_reason_loss': '0.1196', 'epoch': '2.183'}
{'paper_align_label_loss': '0.03025', 'paper_align_reason_loss': '0.1469', 'epoch': '2.183'}
{'paper_align_label_loss': '0.0308', 'paper_align_reason_loss': '0.1145', 'epoch': '2.183'}
{'paper_align_label_loss': '0.006507', 'paper_align_reason_loss': '0.09366', 'epoch': '2.187'}
{'paper_align_label_loss': '0.01265', 'paper_align_reason_loss': '0.09732', 'epoch': '2.187'}
{'paper_align_label_loss': '0.1653', 'paper_align_reason_loss': '0.09372', 'epoch': '2.187'}
{'paper_align_label_loss': '0.02069', 'paper_align_reason_loss': '0.177', 'epoch': '2.187'}
{'paper_align_label_loss': '0.006324', 'paper_align_reason_loss': '0.1342', 'epoch': '2.191'}
{'paper_align_label_loss': '0.05794', 'paper_align_reason_loss': '0.08448', 'epoch': '2.191'}
{'paper_align_label_loss': '0.006484', 'paper_align_reason_loss': '0.1105', 'epoch': '2.191'}
{'paper_align_label_loss': '0.002709', 'paper_align_reason_loss': '0.07773', 'epoch': '2.191'}
{'paper_align_label_loss': '0.0449', 'paper_align_reason_loss': '0.1034', 'epoch': '2.195'}
{'paper_align_label_loss': '0.001007', 'paper_align_reason_loss': '0.1119', 'epoch': '2.195'}
{'paper_align_label_loss': '0.009081', 'paper_align_reason_loss': '0.09336', 'epoch': '2.195'}
{'paper_align_label_loss': '0.005754', 'paper_align_reason_loss': '0.1226', 'epoch': '2.195'}
{'paper_align_label_loss': '0.005502', 'paper_align_reason_loss': '0.1643', 'epoch': '2.199'}
{'paper_align_label_loss': '0.06797', 'paper_align_reason_loss': '0.09791', 'epoch': '2.199'}
{'paper_align_label_loss': '0.0009668', 'paper_align_reason_loss': '0.1246', 'epoch': '2.199'}
{'paper_align_label_loss': '0.005267', 'paper_align_reason_loss': '0.1017', 'epoch': '2.199'}
{'paper_align_label_loss': '0.001827', 'paper_align_reason_loss': '0.1277', 'epoch': '2.203'}
{'paper_align_label_loss': '0.001791', 'paper_align_reason_loss': '0.1052', 'epoch': '2.203'}
{'paper_align_label_loss': '0.003562', 'paper_align_reason_loss': '0.09357', 'epoch': '2.203'}
{'paper_align_label_loss': '0.001276', 'paper_align_reason_loss': '0.07113', 'epoch': '2.203'}
{'paper_align_label_loss': '0.07174', 'paper_align_reason_loss': '0.118', 'epoch': '2.207'}
{'paper_align_label_loss': '0.01888', 'paper_align_reason_loss': '0.1441', 'epoch': '2.207'}
{'paper_align_label_loss': '0.02318', 'paper_align_reason_loss': '0.1095', 'epoch': '2.207'}
{'paper_align_label_loss': '0.005561', 'paper_align_reason_loss': '0.1211', 'epoch': '2.207'}
{'paper_align_label_loss': '0.2222', 'paper_align_reason_loss': '0.1498', 'epoch': '2.211'}
{'paper_align_label_loss': '0.01522', 'paper_align_reason_loss': '0.09616', 'epoch': '2.211'}
{'paper_align_label_loss': '0.01332', 'paper_align_reason_loss': '0.1084', 'epoch': '2.211'}
{'paper_align_label_loss': '0.008255', 'paper_align_reason_loss': '0.1673', 'epoch': '2.211'}
{'paper_align_label_loss': '0.00254', 'paper_align_reason_loss': '0.08566', 'epoch': '2.214'}
{'paper_align_label_loss': '0.0006949', 'paper_align_reason_loss': '0.09871', 'epoch': '2.214'}
{'paper_align_label_loss': '0.0319', 'paper_align_reason_loss': '0.09307', 'epoch': '2.214'}
{'paper_align_label_loss': '0.1035', 'paper_align_reason_loss': '0.1418', 'epoch': '2.214'}
{'loss': '0.2879', 'grad_norm': '4.355', 'learning_rate': '1.698e-05', 'epoch': '2.218'}
{'paper_align_label_loss': '0.003591', 'paper_align_reason_loss': '0.1162', 'epoch': '2.218'}
{'paper_align_label_loss': '0.05627', 'paper_align_reason_loss': '0.1065', 'epoch': '2.218'}
{'paper_align_label_loss': '0.008623', 'paper_align_reason_loss': '0.1225', 'epoch': '2.218'}
{'paper_align_label_loss': '0.02486', 'paper_align_reason_loss': '0.1111', 'epoch': '2.218'}
{'paper_align_label_loss': '0.03986', 'paper_align_reason_loss': '0.1242', 'epoch': '2.222'}
{'paper_align_label_loss': '0.00155', 'paper_align_reason_loss': '0.1349', 'epoch': '2.222'}
{'paper_align_label_loss': '0.002343', 'paper_align_reason_loss': '0.1178', 'epoch': '2.222'}
{'paper_align_label_loss': '0.004072', 'paper_align_reason_loss': '0.1048', 'epoch': '2.222'}
{'paper_align_label_loss': '0.003193', 'paper_align_reason_loss': '0.1022', 'epoch': '2.226'}
{'paper_align_label_loss': '0.06552', 'paper_align_reason_loss': '0.1977', 'epoch': '2.226'}
{'paper_align_label_loss': '0.002335', 'paper_align_reason_loss': '0.09003', 'epoch': '2.226'}
{'paper_align_label_loss': '0.363', 'paper_align_reason_loss': '0.1027', 'epoch': '2.226'}
{'paper_align_label_loss': '0.1052', 'paper_align_reason_loss': '0.08374', 'epoch': '2.23'}
{'paper_align_label_loss': '0.002298', 'paper_align_reason_loss': '0.139', 'epoch': '2.23'}
{'paper_align_label_loss': '0.1704', 'paper_align_reason_loss': '0.112', 'epoch': '2.23'}
{'paper_align_label_loss': '0.006843', 'paper_align_reason_loss': '0.1177', 'epoch': '2.23'}
{'paper_align_label_loss': '0.004994', 'paper_align_reason_loss': '0.1065', 'epoch': '2.234'}
{'paper_align_label_loss': '0.009194', 'paper_align_reason_loss': '0.135', 'epoch': '2.234'}
{'paper_align_label_loss': '0.09121', 'paper_align_reason_loss': '0.08534', 'epoch': '2.234'}
{'paper_align_label_loss': '0.01822', 'paper_align_reason_loss': '0.1535', 'epoch': '2.234'}
{'paper_align_label_loss': '0.08519', 'paper_align_reason_loss': '0.1112', 'epoch': '2.238'}
{'paper_align_label_loss': '0.001775', 'paper_align_reason_loss': '0.1122', 'epoch': '2.238'}
{'paper_align_label_loss': '0.0324', 'paper_align_reason_loss': '0.1031', 'epoch': '2.238'}
{'paper_align_label_loss': '0.003197', 'paper_align_reason_loss': '0.07488', 'epoch': '2.238'}
{'paper_align_label_loss': '0.1004', 'paper_align_reason_loss': '0.1172', 'epoch': '2.242'}
{'paper_align_label_loss': '0.0214', 'paper_align_reason_loss': '0.1206', 'epoch': '2.242'}
{'paper_align_label_loss': '0.07378', 'paper_align_reason_loss': '0.1565', 'epoch': '2.242'}
{'paper_align_label_loss': '0.1138', 'paper_align_reason_loss': '0.1356', 'epoch': '2.242'}

 75%|███████▍  | 577/771 [19:28<06:18,  1.95s/it]2026-09-20 16:34:11,617 INFO [rev_util_helpfulness|paper_align|Qwen3-0.6B] step=577 epoch=2.2456

                                                 

 75%|███████▍  | 577/771 [19:29<06:18,  1.95s/it]2026-09-20 16:34:12,103 INFO [rev_util_helpfulness|paper_align|Qwen3-0.6B] step=577 epoch=2.2456

                                                 

 75%|███████▍  | 577/771 [19:29<06:18,  1.95s/it]2026-09-20 16:34:12,593 INFO [rev_util_helpfulness|paper_align|Qwen3-0.6B] step=577 epoch=2.2456

                                                 

 75%|███████▍  | 577/771 [19:30<06:18,  1.95s/it]
 75%|███████▍  | 578/771 [19:30<06:28,  2.01s/it]2026-09-20 16:34:13,141 INFO [rev_util_helpfulness|paper_align|Qwen3-0.6B] step=578 epoch=2.2495

                                                 

 75%|███████▍  | 578/771 [19:30<06:28,  2.01s/it]2026-09-20 16:34:13,614 INFO [rev_util_helpfulness|paper_align|Qwen3-0.6B] step=578 epoch=2.2495

                                                 

 75%|███████▍  | 578/771 [19:31<06:28,  2.01s/it]2026-09-20 16:34:14,089 INFO [rev_util_helpfulness|paper_align|Qwen3-0.6B] step=578 epoch=2.2495

                                                 

 75%|███████▍  | 578/771 [19:31<06:28,  2.01s/it]2026-09-20 16:34:14,564 INFO [rev_util_helpfulness|paper_align|Qwen3-0.6B] step=578 epoch=2.2495

                                                 

 75%|███████▍  | 578/771 [19:32<06:28,  2.01s/it]
 75%|███████▌  | 579/771 [19:32<06:23,  2.00s/it]2026-09-20 16:34:15,085 INFO [rev_util_helpfulness|paper_align|Qwen3-0.6B] step=579 epoch=2.2534

                                                 

 75%|███████▌  | 579/771 [19:32<06:23,  2.00s/it]2026-09-20 16:34:15,582 INFO [rev_util_helpfulness|paper_align|Qwen3-0.6B] step=579 epoch=2.2534

                                                 

 75%|███████▌  | 579/771 [19:33<06:23,  2.00s/it]2026-09-20 16:34:16,074 INFO [rev_util_helpfulness|paper_align|Qwen3-0.6B] step=579 epoch=2.2534

                                                 

 75%|███████▌  | 579/771 [19:33<06:23,  2.00s/it]2026-09-20 16:34:16,567 INFO [rev_util_helpfulness|paper_align|Qwen3-0.6B] step=579 epoch=2.2534

                                                 

 75%|███████▌  | 579/771 [19:34<06:23,  2.00s/it]
 75%|███████▌  | 580/771 [19:34<06:21,  2.00s/it]2026-09-20 16:34:16,892 INFO [rev_util_helpfulness|paper_align|Qwen3-0.6B] step=580 loss=0.3245 learning_rate=0.0000 epoch=2.2573

                                                 

 75%|███████▌  | 580/771 [19:34<06:21,  2.00s/it]2026-09-20 16:34:17,072 INFO [rev_util_helpfulness|paper_align|Qwen3-0.6B] step=580 epoch=2.2573

                                                 

 75%|███████▌  | 580/771 [19:34<06:21,  2.00s/it]2026-09-20 16:34:17,566 INFO [rev_util_helpfulness|paper_align|Qwen3-0.6B] step=580 epoch=2.2573

                                                 

 75%|███████▌  | 580/771 [19:35<06:21,  2.00s/it]2026-09-20 16:34:18,053 INFO [rev_util_helpfulness|paper_align|Qwen3-0.6B] step=580 epoch=2.2573

                                                 

 75%|███████▌  | 580/771 [19:35<06:21,  2.00s/it]2026-09-20 16:34:18,527 INFO [rev_util_helpfulness|paper_align|Qwen3-0.6B] step=580 epoch=2.2573

                                                 

 75%|███████▌  | 580/771 [19:36<06:21,  2.00s/it]
 75%|███████▌  | 581/771 [19:36<06:17,  1.99s/it]2026-09-20 16:34:19,032 INFO [rev_util_helpfulness|paper_align|Qwen3-0.6B] step=581 epoch=2.2612

                                                 

 75%|███████▌  | 581/771 [19:36<06:17,  1.99s/it]2026-09-20 16:34:19,499 INFO [rev_util_helpfulness|paper_align|Qwen3-0.6B] step=581 epoch=2.2612

                                                 

 75%|███████▌  | 581/771 [19:37<06:17,  1.99s/it]2026-09-20 16:34:19,972 INFO [rev_util_helpfulness|paper_align|Qwen3-0.6B] step=581 epoch=2.2612

                                                 

 75%|███████▌  | 581/771 [19:37<06:17,  1.99s/it]2026-09-20 16:34:20,447 INFO [rev_util_helpfulness|paper_align|Qwen3-0.6B] step=581 epoch=2.2612

                                                 

 75%|███████▌  | 581/771 [19:38<06:17,  1.99s/it]
 75%|███████▌  | 582/771 [19:38<06:11,  1.97s/it]2026-09-20 16:34:20,954 INFO [rev_util_helpfulness|paper_align|Qwen3-0.6B] step=582 epoch=2.2651

                                                 

 75%|███████▌  | 582/771 [19:38<06:11,  1.97s/it]2026-09-20 16:34:21,657 INFO [rev_util_helpfulness|paper_align|Qwen3-0.6B] step=582 epoch=2.2651

                                                 

 75%|███████▌  | 582/771 [19:39<06:11,  1.97s/it]2026-09-20 16:34:22,132 INFO [rev_util_helpfulness|paper_align|Qwen3-0.6B] step=582 epoch=2.2651

                                                 

 75%|███████▌  | 582/771 [19:39<06:11,  1.97s/it]2026-09-20 16:34:22,615 INFO [rev_util_helpfulness|paper_align|Qwen3-0.6B] step=582 epoch=2.2651

                                                 

 75%|███████▌  | 582/771 [19:40<06:11,  1.97s/it]
 76%|███████▌  | 583/771 [19:40<06:21,  2.03s/it]2026-09-20 16:34:23,130 INFO [rev_util_helpfulness|paper_align|Qwen3-0.6B] step=583 epoch=2.2690

                                                 

 76%|███████▌  | 583/771 [19:40<06:21,  2.03s/it]2026-09-20 16:34:23,605 INFO [rev_util_helpfulness|paper_align|Qwen3-0.6B] step=583 epoch=2.2690

                                                 

 76%|███████▌  | 583/771 [19:41<06:21,  2.03s/it]2026-09-20 16:34:24,082 INFO [rev_util_helpfulness|paper_align|Qwen3-0.6B] step=583 epoch=2.2690

                                                 

 76%|███████▌  | 583/771 [19:41<06:21,  2.03s/it]2026-09-20 16:34:24,557 INFO [rev_util_helpfulness|paper_align|Qwen3-0.6B] step=583 epoch=2.2690

                                                 

 76%|███████▌  | 583/771 [19:42<06:21,  2.03s/it]
 76%|███████▌  | 584/771 [19:42<06:14,  2.00s/it]2026-09-20 16:34:25,077 INFO [rev_util_helpfulness|paper_align|Qwen3-0.6B] step=584 epoch=2.2729

                                                 

 76%|███████▌  | 584/771 [19:42<06:14,  2.00s/it]2026-09-20 16:34:25,562 INFO [rev_util_helpfulness|paper_align|Qwen3-0.6B] step=584 epoch=2.2729

                                                 

 76%|███████▌  | 584/771 [19:43<06:14,  2.00s/it]2026-09-20 16:34:26,062 INFO [rev_util_helpfulness|paper_align|Qwen3-0.6B] step=584 epoch=2.2729

                                                 

 76%|███████▌  | 584/771 [19:43<06:14,  2.00s/it]2026-09-20 16:34:26,518 INFO [rev_util_helpfulness|paper_align|Qwen3-0.6B] step=584 epoch=2.2729

                                                 

 76%|███████▌  | 584/771 [19:44<06:14,  2.00s/it]
 76%|███████▌  | 585/771 [19:44<06:09,  1.99s/it]2026-09-20 16:34:27,031 INFO [rev_util_helpfulness|paper_align|Qwen3-0.6B] step=585 epoch=2.2768

                                                 

 76%|███████▌  | 585/771 [19:44<06:09,  1.99s/it]2026-09-20 16:34:27,519 INFO [rev_util_helpfulness|paper_align|Qwen3-0.6B] step=585 epoch=2.2768

                                                 

 76%|███████▌  | 585/771 [19:45<06:09,  1.99s/it]2026-09-20 16:34:27,998 INFO [rev_util_helpfulness|paper_align|Qwen3-0.6B] step=585 epoch=2.2768

                                                 

 76%|███████▌  | 585/771 [19:45<06:09,  1.99s/it]2026-09-20 16:34:28,486 INFO [rev_util_helpfulness|paper_align|Qwen3-0.6B] step=585 epoch=2.2768

                                                 

 76%|███████▌  | 585/771 [19:46<06:09,  1.99s/it]
 76%|███████▌  | 586/771 [19:46<06:07,  1.98s/it]2026-09-20 16:34:29,003 INFO [rev_util_helpfulness|paper_align|Qwen3-0.6B] step=586 epoch=2.2807

                                                 

 76%|███████▌  | 586/771 [19:46<06:07,  1.98s/it]2026-09-20 16:34:29,468 INFO [rev_util_helpfulness|paper_align|Qwen3-0.6B] step=586 epoch=2.2807

                                                 

 76%|███████▌  | 586/771 [19:47<06:07,  1.98s/it]2026-09-20 16:34:29,938 INFO [rev_util_helpfulness|paper_align|Qwen3-0.6B] step=586 epoch=2.2807

                                                 

 76%|███████▌  | 586/771 [19:47<06:07,  1.98s/it]2026-09-20 16:34:30,411 INFO [rev_util_helpfulness|paper_align|Qwen3-0.6B] step=586 epoch=2.2807

                                                 

 76%|███████▌  | 586/771 [19:48<06:07,  1.98s/it]
 76%|███████▌  | 587/771 [19:48<06:01,  1.96s/it]2026-09-20 16:34:31,118 INFO [rev_util_helpfulness|paper_align|Qwen3-0.6B] step=587 epoch=2.2846

                                                 

 76%|███████▌  | 587/771 [19:48<06:01,  1.96s/it]2026-09-20 16:34:31,595 INFO [rev_util_helpfulness|paper_align|Qwen3-0.6B] step=587 epoch=2.2846

                                                 

 76%|███████▌  | 587/771 [19:49<06:01,  1.96s/it]2026-09-20 16:34:32,063 INFO [rev_util_helpfulness|paper_align|Qwen3-0.6B] step=587 epoch=2.2846

                                                 

 76%|███████▌  | 587/771 [19:49<06:01,  1.96s/it]2026-09-20 16:34:32,536 INFO [rev_util_helpfulness|paper_align|Qwen3-0.6B] step=587 epoch=2.2846

                                                 

 76%|███████▌  | 587/771 [19:50<06:01,  1.96s/it]
 76%|███████▋  | 588/771 [19:50<06:07,  2.01s/it]2026-09-20 16:34:33,040 INFO [rev_util_helpfulness|paper_align|Qwen3-0.6B] step=588 epoch=2.2885

                                                 

 76%|███████▋  | 588/771 [19:50<06:07,  2.01s/it]2026-09-20 16:34:33,513 INFO [rev_util_helpfulness|paper_align|Qwen3-0.6B] step=588 epoch=2.2885

                                                 

 76%|███████▋  | 588/771 [19:51<06:07,  2.01s/it]2026-09-20 16:34:33,985 INFO [rev_util_helpfulness|paper_align|Qwen3-0.6B] step=588 epoch=2.2885

                                                 

 76%|███████▋  | 588/771 [19:51<06:07,  2.01s/it]2026-09-20 16:34:34,471 INFO [rev_util_helpfulness|paper_align|Qwen3-0.6B] step=588 epoch=2.2885

                                                 

 76%|███████▋  | 588/771 [19:52<06:07,  2.01s/it]
 76%|███████▋  | 589/771 [19:52<06:02,  1.99s/it]2026-09-20 16:34:34,990 INFO [rev_util_helpfulness|paper_align|Qwen3-0.6B] step=589 epoch=2.2924

                                                 

 76%|███████▋  | 589/771 [19:52<06:02,  1.99s/it]2026-09-20 16:34:35,458 INFO [rev_util_helpfulness|paper_align|Qwen3-0.6B] step=589 epoch=2.2924

                                                 

 76%|███████▋  | 589/771 [19:53<06:02,  1.99s/it]2026-09-20 16:34:35,926 INFO [rev_util_helpfulness|paper_align|Qwen3-0.6B] step=589 epoch=2.2924

                                                 

 76%|███████▋  | 589/771 [19:53<06:02,  1.99s/it]2026-09-20 16:34:36,392 INFO [rev_util_helpfulness|paper_align|Qwen3-0.6B] step=589 epoch=2.2924

                                                 

 76%|███████▋  | 589/771 [19:54<06:02,  1.99s/it]
 77%|███████▋  | 590/771 [19:54<05:56,  1.97s/it]2026-09-20 16:34:36,732 INFO [rev_util_helpfulness|paper_align|Qwen3-0.6B] step=590 loss=0.2945 learning_rate=0.0000 epoch=2.2963

                                                 

 77%|███████▋  | 590/771 [19:54<05:56,  1.97s/it]2026-09-20 16:34:36,910 INFO [rev_util_helpfulness|paper_align|Qwen3-0.6B] step=590 epoch=2.2963

                                                 

 77%|███████▋  | 590/771 [19:54<05:56,  1.97s/it]2026-09-20 16:34:37,411 INFO [rev_util_helpfulness|paper_align|Qwen3-0.6B] step=590 epoch=2.2963

                                                 

 77%|███████▋  | 590/771 [19:55<05:56,  1.97s/it]2026-09-20 16:34:37,907 INFO [rev_util_helpfulness|paper_align|Qwen3-0.6B] step=590 epoch=2.2963

                                                 

 77%|███████▋  | 590/771 [19:55<05:56,  1.97s/it]2026-09-20 16:34:38,381 INFO [rev_util_helpfulness|paper_align|Qwen3-0.6B] step=590 epoch=2.2963

                                                 

 77%|███████▋  | 590/771 [19:56<05:56,  1.97s/it]
 77%|███████▋  | 591/771 [19:56<05:55,  1.97s/it]2026-09-20 16:34:38,893 INFO [rev_util_helpfulness|paper_align|Qwen3-0.6B] step=591 epoch=2.3002

                                                 

 77%|███████▋  | 591/771 [19:56<05:55,  1.97s/it]2026-09-20 16:34:39,374 INFO [rev_util_helpfulness|paper_align|Qwen3-0.6B] step=591 epoch=2.3002

                                                 

 77%|███████▋  | 591/771 [19:57<05:55,  1.97s/it]2026-09-20 16:34:39,855 INFO [rev_util_helpfulness|paper_align|Qwen3-0.6B] step=591 epoch=2.3002

                                                 

 77%|███████▋  | 591/771 [19:57<05:55,  1.97s/it]2026-09-20 16:34:40,325 INFO [rev_util_helpfulness|paper_align|Qwen3-0.6B] step=591 epoch=2.3002

                                                 

 77%|███████▋  | 591/771 [19:58<05:55,  1.97s/it]
 77%|███████▋  | 592/771 [19:58<05:51,  1.97s/it]2026-09-20 16:34:40,837 INFO [rev_util_helpfulness|paper_align|Qwen3-0.6B] step=592 epoch=2.3041

                                                 

 77%|███████▋  | 592/771 [19:58<05:51,  1.97s/it]2026-09-20 16:34:41,304 INFO [rev_util_helpfulness|paper_align|Qwen3-0.6B] step=592 epoch=2.3041

                                                 

 77%|███████▋  | 592/771 [19:59<05:51,  1.97s/it]2026-09-20 16:34:42,003 INFO [rev_util_helpfulness|paper_align|Qwen3-0.6B] step=592 epoch=2.3041

                                                 

 77%|███████▋  | 592/771 [19:59<05:51,  1.97s/it]2026-09-20 16:34:42,480 INFO [rev_util_helpfulness|paper_align|Qwen3-0.6B] step=592 epoch=2.3041

                                                 

 77%|███████▋  | 592/771 [20:00<05:51,  1.97s/it]
 77%|███████▋  | 593/771 [20:00<06:00,  2.02s/it]2026-09-20 16:34:42,991 INFO [rev_util_helpfulness|paper_align|Qwen3-0.6B] step=593 epoch=2.3080

                                                 

 77%|███████▋  | 593/771 [20:00<06:00,  2.02s/it]2026-09-20 16:34:43,475 INFO [rev_util_helpfulness|paper_align|Qwen3-0.6B] step=593 epoch=2.3080

                                                 

 77%|███████▋  | 593/771 [20:01<06:00,  2.02s/it]2026-09-20 16:34:43,952 INFO [rev_util_helpfulness|paper_align|Qwen3-0.6B] step=593 epoch=2.3080

                                                 

 77%|███████▋  | 593/771 [20:01<06:00,  2.02s/it]2026-09-20 16:34:44,427 INFO [rev_util_helpfulness|paper_align|Qwen3-0.6B] step=593 epoch=2.3080

                                                 

 77%|███████▋  | 593/771 [20:02<06:00,  2.02s/it]
 77%|███████▋  | 594/771 [20:02<05:54,  2.00s/it]2026-09-20 16:34:44,947 INFO [rev_util_helpfulness|paper_align|Qwen3-0.6B] step=594 epoch=2.3119

                                                 

 77%|███████▋  | 594/771 [20:02<05:54,  2.00s/it]2026-09-20 16:34:45,422 INFO [rev_util_helpfulness|paper_align|Qwen3-0.6B] step=594 epoch=2.3119

                                                 

 77%|███████▋  | 594/771 [20:03<05:54,  2.00s/it]2026-09-20 16:34:45,886 INFO [rev_util_helpfulness|paper_align|Qwen3-0.6B] step=594 epoch=2.3119

                                                 

 77%|███████▋  | 594/771 [20:03<05:54,  2.00s/it]2026-09-20 16:34:46,349 INFO [rev_util_helpfulness|paper_align|Qwen3-0.6B] step=594 epoch=2.3119

                                                 

 77%|███████▋  | 594/771 [20:04<05:54,  2.00s/it]
 77%|███████▋  | 595/771 [20:04<05:47,  1.98s/it]2026-09-20 16:34:46,865 INFO [rev_util_helpfulness|paper_align|Qwen3-0.6B] step=595 epoch=2.3158

                                                 

 77%|███████▋  | 595/771 [20:04<05:47,  1.98s/it]2026-09-20 16:34:47,334 INFO [rev_util_helpfulness|paper_align|Qwen3-0.6B] step=595 epoch=2.3158

                                                 

 77%|███████▋  | 595/771 [20:05<05:47,  1.98s/it]2026-09-20 16:34:47,812 INFO [rev_util_helpfulness|paper_align|Qwen3-0.6B] step=595 epoch=2.3158

                                                 

 77%|███████▋  | 595/771 [20:05<05:47,  1.98s/it]2026-09-20 16:34:48,294 INFO [rev_util_helpfulness|paper_align|Qwen3-0.6B] step=595 epoch=2.3158

                                                 

 77%|███████▋  | 595/771 [20:06<05:47,  1.98s/it]
 77%|███████▋  | 596/771 [20:06<05:43,  1.97s/it]2026-09-20 16:34:48,802 INFO [rev_util_helpfulness|paper_align|Qwen3-0.6B] step=596 epoch=2.3197

                                                 

 77%|███████▋  | 596/771 [20:06<05:43,  1.97s/it]2026-09-20 16:34:49,276 INFO [rev_util_helpfulness|paper_align|Qwen3-0.6B] step=596 epoch=2.3197

                                                 

 77%|███████▋  | 596/771 [20:06<05:43,  1.97s/it]2026-09-20 16:34:49,754 INFO [rev_util_helpfulness|paper_align|Qwen3-0.6B] step=596 epoch=2.3197

                                                 

 77%|███████▋  | 596/771 [20:07<05:43,  1.97s/it]2026-09-20 16:34:50,231 INFO [rev_util_helpfulness|paper_align|Qwen3-0.6B] step=596 epoch=2.3197

                                                 

 77%|███████▋  | 596/771 [20:07<05:43,  1.97s/it]
 77%|███████▋  | 597/771 [20:08<05:40,  1.96s/it]2026-09-20 16:34:50,740 INFO [rev_util_helpfulness|paper_align|Qwen3-0.6B] step=597 epoch=2.3236

                                                 

 77%|███████▋  | 597/771 [20:08<05:40,  1.96s/it]2026-09-20 16:34:51,214 INFO [rev_util_helpfulness|paper_align|Qwen3-0.6B] step=597 epoch=2.3236

                                                 

 77%|███████▋  | 597/771 [20:08<05:40,  1.96s/it]2026-09-20 16:34:51,881 INFO [rev_util_helpfulness|paper_align|Qwen3-0.6B] step=597 epoch=2.3236

                                                 

 77%|███████▋  | 597/771 [20:09<05:40,  1.96s/it]2026-09-20 16:34:52,363 INFO [rev_util_helpfulness|paper_align|Qwen3-0.6B] step=597 epoch=2.3236

                                                 

 77%|███████▋  | 597/771 [20:10<05:40,  1.96s/it]
 78%|███████▊  | 598/771 [20:10<05:48,  2.01s/it]2026-09-20 16:34:52,884 INFO [rev_util_helpfulness|paper_align|Qwen3-0.6B] step=598 epoch=2.3275

                                                 

 78%|███████▊  | 598/771 [20:10<05:48,  2.01s/it]2026-09-20 16:34:53,359 INFO [rev_util_helpfulness|paper_align|Qwen3-0.6B] step=598 epoch=2.3275

                                                 
{'paper_align_label_loss': '0.02016', 'paper_align_reason_loss': '0.08443', 'epoch': '2.246'}
{'paper_align_label_loss': '0.05233', 'paper_align_reason_loss': '0.08974', 'epoch': '2.246'}
{'paper_align_label_loss': '0.0005292', 'paper_align_reason_loss': '0.1205', 'epoch': '2.246'}
{'paper_align_label_loss': '0.009487', 'paper_align_reason_loss': '0.1135', 'epoch': '2.246'}
{'paper_align_label_loss': '0.005533', 'paper_align_reason_loss': '0.1082', 'epoch': '2.25'}
{'paper_align_label_loss': '0.001137', 'paper_align_reason_loss': '0.0986', 'epoch': '2.25'}
{'paper_align_label_loss': '0.1041', 'paper_align_reason_loss': '0.09356', 'epoch': '2.25'}
{'paper_align_label_loss': '0.006025', 'paper_align_reason_loss': '0.1077', 'epoch': '2.25'}
{'paper_align_label_loss': '0.004933', 'paper_align_reason_loss': '0.1662', 'epoch': '2.253'}
{'paper_align_label_loss': '0.231', 'paper_align_reason_loss': '0.1167', 'epoch': '2.253'}
{'paper_align_label_loss': '0.003495', 'paper_align_reason_loss': '0.1726', 'epoch': '2.253'}
{'paper_align_label_loss': '0.0008959', 'paper_align_reason_loss': '0.06818', 'epoch': '2.253'}
{'loss': '0.3245', 'grad_norm': '5.472', 'learning_rate': '1.543e-05', 'epoch': '2.257'}
{'paper_align_label_loss': '0.005265', 'paper_align_reason_loss': '0.07735', 'epoch': '2.257'}
{'paper_align_label_loss': '0.01002', 'paper_align_reason_loss': '0.1555', 'epoch': '2.257'}
{'paper_align_label_loss': '0.003022', 'paper_align_reason_loss': '0.06503', 'epoch': '2.257'}
{'paper_align_label_loss': '0.1002', 'paper_align_reason_loss': '0.1004', 'epoch': '2.257'}
{'paper_align_label_loss': '0.01575', 'paper_align_reason_loss': '0.1188', 'epoch': '2.261'}
{'paper_align_label_loss': '0.002057', 'paper_align_reason_loss': '0.1268', 'epoch': '2.261'}
{'paper_align_label_loss': '0.003985', 'paper_align_reason_loss': '0.1174', 'epoch': '2.261'}
{'paper_align_label_loss': '0.0002622', 'paper_align_reason_loss': '0.1138', 'epoch': '2.261'}
{'paper_align_label_loss': '0.05375', 'paper_align_reason_loss': '0.1006', 'epoch': '2.265'}
{'paper_align_label_loss': '0.01656', 'paper_align_reason_loss': '0.1114', 'epoch': '2.265'}
{'paper_align_label_loss': '0.0006119', 'paper_align_reason_loss': '0.07241', 'epoch': '2.265'}
{'paper_align_label_loss': '0.0006872', 'paper_align_reason_loss': '0.1138', 'epoch': '2.265'}
{'paper_align_label_loss': '0.06172', 'paper_align_reason_loss': '0.1075', 'epoch': '2.269'}
{'paper_align_label_loss': '0.02292', 'paper_align_reason_loss': '0.1438', 'epoch': '2.269'}
{'paper_align_label_loss': '0.001243', 'paper_align_reason_loss': '0.1179', 'epoch': '2.269'}
{'paper_align_label_loss': '0.122', 'paper_align_reason_loss': '0.1431', 'epoch': '2.269'}
{'paper_align_label_loss': '0.00243', 'paper_align_reason_loss': '0.1127', 'epoch': '2.273'}
{'paper_align_label_loss': '0.0571', 'paper_align_reason_loss': '0.1003', 'epoch': '2.273'}
{'paper_align_label_loss': '0.04815', 'paper_align_reason_loss': '0.1127', 'epoch': '2.273'}
{'paper_align_label_loss': '0.004825', 'paper_align_reason_loss': '0.1297', 'epoch': '2.273'}
{'paper_align_label_loss': '0.006339', 'paper_align_reason_loss': '0.104', 'epoch': '2.277'}
{'paper_align_label_loss': '0.001146', 'paper_align_reason_loss': '0.1011', 'epoch': '2.277'}
{'paper_align_label_loss': '0.008846', 'paper_align_reason_loss': '0.1009', 'epoch': '2.277'}
{'paper_align_label_loss': '0.01428', 'paper_align_reason_loss': '0.1152', 'epoch': '2.277'}
{'paper_align_label_loss': '0.007249', 'paper_align_reason_loss': '0.1019', 'epoch': '2.281'}
{'paper_align_label_loss': '0.007695', 'paper_align_reason_loss': '0.1085', 'epoch': '2.281'}
{'paper_align_label_loss': '0.0539', 'paper_align_reason_loss': '0.1365', 'epoch': '2.281'}
{'paper_align_label_loss': '0.006788', 'paper_align_reason_loss': '0.09489', 'epoch': '2.281'}
{'paper_align_label_loss': '0.1023', 'paper_align_reason_loss': '0.1644', 'epoch': '2.285'}
{'paper_align_label_loss': '0.04381', 'paper_align_reason_loss': '0.1481', 'epoch': '2.285'}
{'paper_align_label_loss': '0.03029', 'paper_align_reason_loss': '0.1433', 'epoch': '2.285'}
{'paper_align_label_loss': '0.2285', 'paper_align_reason_loss': '0.1385', 'epoch': '2.285'}
{'paper_align_label_loss': '0.001902', 'paper_align_reason_loss': '0.154', 'epoch': '2.288'}
{'paper_align_label_loss': '0.1111', 'paper_align_reason_loss': '0.1494', 'epoch': '2.288'}
{'paper_align_label_loss': '0.001152', 'paper_align_reason_loss': '0.08879', 'epoch': '2.288'}
{'paper_align_label_loss': '0.03053', 'paper_align_reason_loss': '0.09508', 'epoch': '2.288'}
{'paper_align_label_loss': '0.003822', 'paper_align_reason_loss': '0.1538', 'epoch': '2.292'}
{'paper_align_label_loss': '0.06269', 'paper_align_reason_loss': '0.105', 'epoch': '2.292'}
{'paper_align_label_loss': '0.006132', 'paper_align_reason_loss': '0.05165', 'epoch': '2.292'}
{'paper_align_label_loss': '0.02066', 'paper_align_reason_loss': '0.1128', 'epoch': '2.292'}
{'loss': '0.2945', 'grad_norm': '4.867', 'learning_rate': '1.395e-05', 'epoch': '2.296'}
{'paper_align_label_loss': '0.01287', 'paper_align_reason_loss': '0.1412', 'epoch': '2.296'}
{'paper_align_label_loss': '0.02589', 'paper_align_reason_loss': '0.09688', 'epoch': '2.296'}
{'paper_align_label_loss': '0.07887', 'paper_align_reason_loss': '0.1348', 'epoch': '2.296'}
{'paper_align_label_loss': '0.06225', 'paper_align_reason_loss': '0.09587', 'epoch': '2.296'}
{'paper_align_label_loss': '0.002508', 'paper_align_reason_loss': '0.09524', 'epoch': '2.3'}
{'paper_align_label_loss': '0.01152', 'paper_align_reason_loss': '0.09956', 'epoch': '2.3'}
{'paper_align_label_loss': '0.001266', 'paper_align_reason_loss': '0.1284', 'epoch': '2.3'}
{'paper_align_label_loss': '0.05556', 'paper_align_reason_loss': '0.1072', 'epoch': '2.3'}
{'paper_align_label_loss': '0.02395', 'paper_align_reason_loss': '0.1232', 'epoch': '2.304'}
{'paper_align_label_loss': '0.08375', 'paper_align_reason_loss': '0.1354', 'epoch': '2.304'}
{'paper_align_label_loss': '0.06151', 'paper_align_reason_loss': '0.1275', 'epoch': '2.304'}
{'paper_align_label_loss': '0.008509', 'paper_align_reason_loss': '0.08678', 'epoch': '2.304'}
{'paper_align_label_loss': '0.004487', 'paper_align_reason_loss': '0.1102', 'epoch': '2.308'}
{'paper_align_label_loss': '0.03679', 'paper_align_reason_loss': '0.1121', 'epoch': '2.308'}
{'paper_align_label_loss': '0.06762', 'paper_align_reason_loss': '0.1038', 'epoch': '2.308'}
{'paper_align_label_loss': '0.000564', 'paper_align_reason_loss': '0.07303', 'epoch': '2.308'}
{'paper_align_label_loss': '0.125', 'paper_align_reason_loss': '0.1027', 'epoch': '2.312'}
{'paper_align_label_loss': '0.001147', 'paper_align_reason_loss': '0.1341', 'epoch': '2.312'}
{'paper_align_label_loss': '0.03738', 'paper_align_reason_loss': '0.07196', 'epoch': '2.312'}
{'paper_align_label_loss': '0.08913', 'paper_align_reason_loss': '0.07011', 'epoch': '2.312'}
{'paper_align_label_loss': '0.03277', 'paper_align_reason_loss': '0.07288', 'epoch': '2.316'}
{'paper_align_label_loss': '0.01645', 'paper_align_reason_loss': '0.116', 'epoch': '2.316'}
{'paper_align_label_loss': '0.01147', 'paper_align_reason_loss': '0.1331', 'epoch': '2.316'}
{'paper_align_label_loss': '0.009188', 'paper_align_reason_loss': '0.1305', 'epoch': '2.316'}
{'paper_align_label_loss': '0.007211', 'paper_align_reason_loss': '0.08416', 'epoch': '2.32'}
{'paper_align_label_loss': '0.005474', 'paper_align_reason_loss': '0.1487', 'epoch': '2.32'}
{'paper_align_label_loss': '0.009878', 'paper_align_reason_loss': '0.11', 'epoch': '2.32'}
{'paper_align_label_loss': '0.07045', 'paper_align_reason_loss': '0.1034', 'epoch': '2.32'}
{'paper_align_label_loss': '0.001892', 'paper_align_reason_loss': '0.1126', 'epoch': '2.324'}
{'paper_align_label_loss': '0.01153', 'paper_align_reason_loss': '0.06742', 'epoch': '2.324'}
{'paper_align_label_loss': '0.0005252', 'paper_align_reason_loss': '0.1182', 'epoch': '2.324'}
{'paper_align_label_loss': '0.006832', 'paper_align_reason_loss': '0.1222', 'epoch': '2.324'}
{'paper_align_label_loss': '0.08607', 'paper_align_reason_loss': '0.1004', 'epoch': '2.327'}

 78%|███████▊  | 598/771 [20:11<05:48,  2.01s/it]2026-09-20 16:34:53,840 INFO [rev_util_helpfulness|paper_align|Qwen3-0.6B] step=598 epoch=2.3275

                                                 

 78%|███████▊  | 598/771 [20:11<05:48,  2.01s/it]2026-09-20 16:34:54,315 INFO [rev_util_helpfulness|paper_align|Qwen3-0.6B] step=598 epoch=2.3275

                                                 

 78%|███████▊  | 598/771 [20:12<05:48,  2.01s/it]
 78%|███████▊  | 599/771 [20:12<05:41,  1.99s/it]2026-09-20 16:34:54,816 INFO [rev_util_helpfulness|paper_align|Qwen3-0.6B] step=599 epoch=2.3314

                                                 

 78%|███████▊  | 599/771 [20:12<05:41,  1.99s/it]2026-09-20 16:34:55,288 INFO [rev_util_helpfulness|paper_align|Qwen3-0.6B] step=599 epoch=2.3314

                                                 

 78%|███████▊  | 599/771 [20:13<05:41,  1.99s/it]2026-09-20 16:34:55,771 INFO [rev_util_helpfulness|paper_align|Qwen3-0.6B] step=599 epoch=2.3314

                                                 

 78%|███████▊  | 599/771 [20:13<05:41,  1.99s/it]2026-09-20 16:34:56,253 INFO [rev_util_helpfulness|paper_align|Qwen3-0.6B] step=599 epoch=2.3314

                                                 

 78%|███████▊  | 599/771 [20:13<05:41,  1.99s/it]
 78%|███████▊  | 600/771 [20:14<05:38,  1.98s/it]2026-09-20 16:34:56,600 INFO [rev_util_helpfulness|paper_align|Qwen3-0.6B] step=600 loss=0.2860 learning_rate=0.0000 epoch=2.3353

                                                 

 78%|███████▊  | 600/771 [20:14<05:38,  1.98s/it]2026-09-20 16:34:56,776 INFO [rev_util_helpfulness|paper_align|Qwen3-0.6B] step=600 epoch=2.3353

                                                 

 78%|███████▊  | 600/771 [20:14<05:38,  1.98s/it]2026-09-20 16:34:57,257 INFO [rev_util_helpfulness|paper_align|Qwen3-0.6B] step=600 epoch=2.3353

                                                 

 78%|███████▊  | 600/771 [20:14<05:38,  1.98s/it]2026-09-20 16:34:57,752 INFO [rev_util_helpfulness|paper_align|Qwen3-0.6B] step=600 epoch=2.3353

                                                 

 78%|███████▊  | 600/771 [20:15<05:38,  1.98s/it]2026-09-20 16:34:58,242 INFO [rev_util_helpfulness|paper_align|Qwen3-0.6B] step=600 epoch=2.3353

                                                 

 78%|███████▊  | 600/771 [20:15<05:38,  1.98s/it]
 78%|███████▊  | 601/771 [20:16<05:36,  1.98s/it]2026-09-20 16:34:58,756 INFO [rev_util_helpfulness|paper_align|Qwen3-0.6B] step=601 epoch=2.3392

                                                 

 78%|███████▊  | 601/771 [20:16<05:36,  1.98s/it]2026-09-20 16:34:59,258 INFO [rev_util_helpfulness|paper_align|Qwen3-0.6B] step=601 epoch=2.3392

                                                 

 78%|███████▊  | 601/771 [20:16<05:36,  1.98s/it]2026-09-20 16:34:59,735 INFO [rev_util_helpfulness|paper_align|Qwen3-0.6B] step=601 epoch=2.3392

                                                 

 78%|███████▊  | 601/771 [20:17<05:36,  1.98s/it]2026-09-20 16:35:00,203 INFO [rev_util_helpfulness|paper_align|Qwen3-0.6B] step=601 epoch=2.3392

                                                 

 78%|███████▊  | 601/771 [20:17<05:36,  1.98s/it]
 78%|███████▊  | 602/771 [20:18<05:33,  1.97s/it]2026-09-20 16:35:00,702 INFO [rev_util_helpfulness|paper_align|Qwen3-0.6B] step=602 epoch=2.3431

                                                 

 78%|███████▊  | 602/771 [20:18<05:33,  1.97s/it]2026-09-20 16:35:01,165 INFO [rev_util_helpfulness|paper_align|Qwen3-0.6B] step=602 epoch=2.3431

                                                 

 78%|███████▊  | 602/771 [20:18<05:33,  1.97s/it]2026-09-20 16:35:01,832 INFO [rev_util_helpfulness|paper_align|Qwen3-0.6B] step=602 epoch=2.3431

                                                 

 78%|███████▊  | 602/771 [20:19<05:33,  1.97s/it]2026-09-20 16:35:02,297 INFO [rev_util_helpfulness|paper_align|Qwen3-0.6B] step=602 epoch=2.3431

                                                 

 78%|███████▊  | 602/771 [20:20<05:33,  1.97s/it]
 78%|███████▊  | 603/771 [20:20<05:37,  2.01s/it]2026-09-20 16:35:02,801 INFO [rev_util_helpfulness|paper_align|Qwen3-0.6B] step=603 epoch=2.3470

                                                 

 78%|███████▊  | 603/771 [20:20<05:37,  2.01s/it]2026-09-20 16:35:03,267 INFO [rev_util_helpfulness|paper_align|Qwen3-0.6B] step=603 epoch=2.3470

                                                 

 78%|███████▊  | 603/771 [20:20<05:37,  2.01s/it]2026-09-20 16:35:03,761 INFO [rev_util_helpfulness|paper_align|Qwen3-0.6B] step=603 epoch=2.3470

                                                 

 78%|███████▊  | 603/771 [20:21<05:37,  2.01s/it]2026-09-20 16:35:04,221 INFO [rev_util_helpfulness|paper_align|Qwen3-0.6B] step=603 epoch=2.3470

                                                 

 78%|███████▊  | 603/771 [20:21<05:37,  2.01s/it]
 78%|███████▊  | 604/771 [20:22<05:31,  1.99s/it]2026-09-20 16:35:04,734 INFO [rev_util_helpfulness|paper_align|Qwen3-0.6B] step=604 epoch=2.3509

                                                 

 78%|███████▊  | 604/771 [20:22<05:31,  1.99s/it]2026-09-20 16:35:05,206 INFO [rev_util_helpfulness|paper_align|Qwen3-0.6B] step=604 epoch=2.3509

                                                 

 78%|███████▊  | 604/771 [20:22<05:31,  1.99s/it]2026-09-20 16:35:05,675 INFO [rev_util_helpfulness|paper_align|Qwen3-0.6B] step=604 epoch=2.3509

                                                 

 78%|███████▊  | 604/771 [20:23<05:31,  1.99s/it]2026-09-20 16:35:06,151 INFO [rev_util_helpfulness|paper_align|Qwen3-0.6B] step=604 epoch=2.3509

                                                 

 78%|███████▊  | 604/771 [20:23<05:31,  1.99s/it]
 78%|███████▊  | 605/771 [20:24<05:26,  1.97s/it]2026-09-20 16:35:06,655 INFO [rev_util_helpfulness|paper_align|Qwen3-0.6B] step=605 epoch=2.3548

                                                 

 78%|███████▊  | 605/771 [20:24<05:26,  1.97s/it]2026-09-20 16:35:07,124 INFO [rev_util_helpfulness|paper_align|Qwen3-0.6B] step=605 epoch=2.3548

                                                 

 78%|███████▊  | 605/771 [20:24<05:26,  1.97s/it]2026-09-20 16:35:07,596 INFO [rev_util_helpfulness|paper_align|Qwen3-0.6B] step=605 epoch=2.3548

                                                 

 78%|███████▊  | 605/771 [20:25<05:26,  1.97s/it]2026-09-20 16:35:08,067 INFO [rev_util_helpfulness|paper_align|Qwen3-0.6B] step=605 epoch=2.3548

                                                 

 78%|███████▊  | 605/771 [20:25<05:26,  1.97s/it]
 79%|███████▊  | 606/771 [20:26<05:22,  1.95s/it]2026-09-20 16:35:08,580 INFO [rev_util_helpfulness|paper_align|Qwen3-0.6B] step=606 epoch=2.3587

                                                 

 79%|███████▊  | 606/771 [20:26<05:22,  1.95s/it]2026-09-20 16:35:09,052 INFO [rev_util_helpfulness|paper_align|Qwen3-0.6B] step=606 epoch=2.3587

                                                 

 79%|███████▊  | 606/771 [20:26<05:22,  1.95s/it]2026-09-20 16:35:09,530 INFO [rev_util_helpfulness|paper_align|Qwen3-0.6B] step=606 epoch=2.3587

                                                 

 79%|███████▊  | 606/771 [20:27<05:22,  1.95s/it]2026-09-20 16:35:10,004 INFO [rev_util_helpfulness|paper_align|Qwen3-0.6B] step=606 epoch=2.3587

                                                 

 79%|███████▊  | 606/771 [20:27<05:22,  1.95s/it]
 79%|███████▊  | 607/771 [20:28<05:19,  1.95s/it]2026-09-20 16:35:10,511 INFO [rev_util_helpfulness|paper_align|Qwen3-0.6B] step=607 epoch=2.3626

                                                 

 79%|███████▊  | 607/771 [20:28<05:19,  1.95s/it]2026-09-20 16:35:10,984 INFO [rev_util_helpfulness|paper_align|Qwen3-0.6B] step=607 epoch=2.3626

                                                 

 79%|███████▊  | 607/771 [20:28<05:19,  1.95s/it]2026-09-20 16:35:11,460 INFO [rev_util_helpfulness|paper_align|Qwen3-0.6B] step=607 epoch=2.3626

                                                 

 79%|███████▊  | 607/771 [20:29<05:19,  1.95s/it]2026-09-20 16:35:11,939 INFO [rev_util_helpfulness|paper_align|Qwen3-0.6B] step=607 epoch=2.3626

                                                 

 79%|███████▊  | 607/771 [20:29<05:19,  1.95s/it]
 79%|███████▉  | 608/771 [20:30<05:25,  2.00s/it]2026-09-20 16:35:12,639 INFO [rev_util_helpfulness|paper_align|Qwen3-0.6B] step=608 epoch=2.3665

                                                 

 79%|███████▉  | 608/771 [20:30<05:25,  2.00s/it]2026-09-20 16:35:13,114 INFO [rev_util_helpfulness|paper_align|Qwen3-0.6B] step=608 epoch=2.3665

                                                 

 79%|███████▉  | 608/771 [20:30<05:25,  2.00s/it]2026-09-20 16:35:13,604 INFO [rev_util_helpfulness|paper_align|Qwen3-0.6B] step=608 epoch=2.3665

                                                 

 79%|███████▉  | 608/771 [20:31<05:25,  2.00s/it]2026-09-20 16:35:14,080 INFO [rev_util_helpfulness|paper_align|Qwen3-0.6B] step=608 epoch=2.3665

                                                 

 79%|███████▉  | 608/771 [20:31<05:25,  2.00s/it]
 79%|███████▉  | 609/771 [20:32<05:21,  1.99s/it]2026-09-20 16:35:14,589 INFO [rev_util_helpfulness|paper_align|Qwen3-0.6B] step=609 epoch=2.3704

                                                 

 79%|███████▉  | 609/771 [20:32<05:21,  1.99s/it]2026-09-20 16:35:15,061 INFO [rev_util_helpfulness|paper_align|Qwen3-0.6B] step=609 epoch=2.3704

                                                 

 79%|███████▉  | 609/771 [20:32<05:21,  1.99s/it]2026-09-20 16:35:15,563 INFO [rev_util_helpfulness|paper_align|Qwen3-0.6B] step=609 epoch=2.3704

                                                 

 79%|███████▉  | 609/771 [20:33<05:21,  1.99s/it]2026-09-20 16:35:16,044 INFO [rev_util_helpfulness|paper_align|Qwen3-0.6B] step=609 epoch=2.3704

                                                 

 79%|███████▉  | 609/771 [20:33<05:21,  1.99s/it]
 79%|███████▉  | 610/771 [20:34<05:18,  1.98s/it]2026-09-20 16:35:16,378 INFO [rev_util_helpfulness|paper_align|Qwen3-0.6B] step=610 loss=0.2739 learning_rate=0.0000 epoch=2.3743

                                                 

 79%|███████▉  | 610/771 [20:34<05:18,  1.98s/it]2026-09-20 16:35:16,559 INFO [rev_util_helpfulness|paper_align|Qwen3-0.6B] step=610 epoch=2.3743

                                                 

 79%|███████▉  | 610/771 [20:34<05:18,  1.98s/it]2026-09-20 16:35:17,027 INFO [rev_util_helpfulness|paper_align|Qwen3-0.6B] step=610 epoch=2.3743

                                                 

 79%|███████▉  | 610/771 [20:34<05:18,  1.98s/it]2026-09-20 16:35:17,505 INFO [rev_util_helpfulness|paper_align|Qwen3-0.6B] step=610 epoch=2.3743

                                                 

 79%|███████▉  | 610/771 [20:35<05:18,  1.98s/it]2026-09-20 16:35:18,012 INFO [rev_util_helpfulness|paper_align|Qwen3-0.6B] step=610 epoch=2.3743

                                                 

 79%|███████▉  | 610/771 [20:35<05:18,  1.98s/it]
 79%|███████▉  | 611/771 [20:36<05:16,  1.98s/it]2026-09-20 16:35:18,525 INFO [rev_util_helpfulness|paper_align|Qwen3-0.6B] step=611 epoch=2.3782

                                                 

 79%|███████▉  | 611/771 [20:36<05:16,  1.98s/it]2026-09-20 16:35:18,997 INFO [rev_util_helpfulness|paper_align|Qwen3-0.6B] step=611 epoch=2.3782

                                                 

 79%|███████▉  | 611/771 [20:36<05:16,  1.98s/it]2026-09-20 16:35:19,469 INFO [rev_util_helpfulness|paper_align|Qwen3-0.6B] step=611 epoch=2.3782

                                                 

 79%|███████▉  | 611/771 [20:37<05:16,  1.98s/it]2026-09-20 16:35:19,952 INFO [rev_util_helpfulness|paper_align|Qwen3-0.6B] step=611 epoch=2.3782

                                                 

 79%|███████▉  | 611/771 [20:37<05:16,  1.98s/it]
 79%|███████▉  | 612/771 [20:38<05:12,  1.97s/it]2026-09-20 16:35:20,466 INFO [rev_util_helpfulness|paper_align|Qwen3-0.6B] step=612 epoch=2.3821

                                                 

 79%|███████▉  | 612/771 [20:38<05:12,  1.97s/it]2026-09-20 16:35:20,940 INFO [rev_util_helpfulness|paper_align|Qwen3-0.6B] step=612 epoch=2.3821

                                                 

 79%|███████▉  | 612/771 [20:38<05:12,  1.97s/it]2026-09-20 16:35:21,409 INFO [rev_util_helpfulness|paper_align|Qwen3-0.6B] step=612 epoch=2.3821

                                                 

 79%|███████▉  | 612/771 [20:39<05:12,  1.97s/it]2026-09-20 16:35:21,877 INFO [rev_util_helpfulness|paper_align|Qwen3-0.6B] step=612 epoch=2.3821

                                                 

 79%|███████▉  | 612/771 [20:39<05:12,  1.97s/it]
 80%|███████▉  | 613/771 [20:39<05:08,  1.95s/it]2026-09-20 16:35:22,383 INFO [rev_util_helpfulness|paper_align|Qwen3-0.6B] step=613 epoch=2.3860

                                                 

 80%|███████▉  | 613/771 [20:40<05:08,  1.95s/it]2026-09-20 16:35:23,057 INFO [rev_util_helpfulness|paper_align|Qwen3-0.6B] step=613 epoch=2.3860

                                                 

 80%|███████▉  | 613/771 [20:40<05:08,  1.95s/it]2026-09-20 16:35:23,526 INFO [rev_util_helpfulness|paper_align|Qwen3-0.6B] step=613 epoch=2.3860

                                                 

 80%|███████▉  | 613/771 [20:41<05:08,  1.95s/it]2026-09-20 16:35:23,994 INFO [rev_util_helpfulness|paper_align|Qwen3-0.6B] step=613 epoch=2.3860

                                                 

 80%|███████▉  | 613/771 [20:41<05:08,  1.95s/it]
 80%|███████▉  | 614/771 [20:42<05:14,  2.00s/it]2026-09-20 16:35:24,494 INFO [rev_util_helpfulness|paper_align|Qwen3-0.6B] step=614 epoch=2.3899

                                                 

 80%|███████▉  | 614/771 [20:42<05:14,  2.00s/it]2026-09-20 16:35:24,956 INFO [rev_util_helpfulness|paper_align|Qwen3-0.6B] step=614 epoch=2.3899

                                                 

 80%|███████▉  | 614/771 [20:42<05:14,  2.00s/it]2026-09-20 16:35:25,431 INFO [rev_util_helpfulness|paper_align|Qwen3-0.6B] step=614 epoch=2.3899

                                                 

 80%|███████▉  | 614/771 [20:43<05:14,  2.00s/it]2026-09-20 16:35:25,906 INFO [rev_util_helpfulness|paper_align|Qwen3-0.6B] step=614 epoch=2.3899

                                                 

 80%|███████▉  | 614/771 [20:43<05:14,  2.00s/it]
 80%|███████▉  | 615/771 [20:43<05:08,  1.97s/it]2026-09-20 16:35:26,411 INFO [rev_util_helpfulness|paper_align|Qwen3-0.6B] step=615 epoch=2.3938

                                                 

 80%|███████▉  | 615/771 [20:44<05:08,  1.97s/it]2026-09-20 16:35:26,885 INFO [rev_util_helpfulness|paper_align|Qwen3-0.6B] step=615 epoch=2.3938

                                                 

 80%|███████▉  | 615/771 [20:44<05:08,  1.97s/it]2026-09-20 16:35:27,380 INFO [rev_util_helpfulness|paper_align|Qwen3-0.6B] step=615 epoch=2.3938

                                                 

 80%|███████▉  | 615/771 [20:45<05:08,  1.97s/it]2026-09-20 16:35:27,851 INFO [rev_util_helpfulness|paper_align|Qwen3-0.6B] step=615 epoch=2.3938

                                                 

 80%|███████▉  | 615/771 [20:45<05:08,  1.97s/it]
 80%|███████▉  | 616/771 [20:45<05:05,  1.97s/it]2026-09-20 16:35:28,366 INFO [rev_util_helpfulness|paper_align|Qwen3-0.6B] step=616 epoch=2.3977

                                                 

 80%|███████▉  | 616/771 [20:46<05:05,  1.97s/it]2026-09-20 16:35:28,843 INFO [rev_util_helpfulness|paper_align|Qwen3-0.6B] step=616 epoch=2.3977

                                                 

 80%|███████▉  | 616/771 [20:46<05:05,  1.97s/it]2026-09-20 16:35:29,298 INFO [rev_util_helpfulness|paper_align|Qwen3-0.6B] step=616 epoch=2.3977

                                                 

 80%|███████▉  | 616/771 [20:47<05:05,  1.97s/it]2026-09-20 16:35:29,773 INFO [rev_util_helpfulness|paper_align|Qwen3-0.6B] step=616 epoch=2.3977

                                                 

 80%|███████▉  | 616/771 [20:47<05:05,  1.97s/it]
 80%|████████  | 617/771 [20:47<05:00,  1.95s/it]2026-09-20 16:35:30,281 INFO [rev_util_helpfulness|paper_align|Qwen3-0.6B] step=617 epoch=2.4016

                                                 

 80%|████████  | 617/771 [20:47<05:00,  1.95s/it]2026-09-20 16:35:30,747 INFO [rev_util_helpfulness|paper_align|Qwen3-0.6B] step=617 epoch=2.4016

                                                 

 80%|████████  | 617/771 [20:48<05:00,  1.95s/it]2026-09-20 16:35:31,225 INFO [rev_util_helpfulness|paper_align|Qwen3-0.6B] step=617 epoch=2.4016

                                                 

 80%|████████  | 617/771 [20:48<05:00,  1.95s/it]2026-09-20 16:35:31,698 INFO [rev_util_helpfulness|paper_align|Qwen3-0.6B] step=617 epoch=2.4016

                                                 

 80%|████████  | 617/771 [20:49<05:00,  1.95s/it]
 80%|████████  | 618/771 [20:49<04:57,  1.94s/it]2026-09-20 16:35:32,398 INFO [rev_util_helpfulness|paper_align|Qwen3-0.6B] step=618 epoch=2.4055

                                                 

 80%|████████  | 618/771 [20:50<04:57,  1.94s/it]2026-09-20 16:35:32,867 INFO [rev_util_helpfulness|paper_align|Qwen3-0.6B] step=618 epoch=2.4055

                                                 

 80%|████████  | 618/771 [20:50<04:57,  1.94s/it]2026-09-20 16:35:33,341 INFO [rev_util_helpfulness|paper_align|Qwen3-0.6B] step=618 epoch=2.4055

                                                 

 80%|████████  | 618/771 [20:51<04:57,  1.94s/it]2026-09-20 16:35:33,836 INFO [rev_util_helpfulness|paper_align|Qwen3-0.6B] step=618 epoch=2.4055

                                                 

 80%|████████  | 618/771 [20:51<04:57,  1.94s/it]
 80%|████████  | 619/771 [20:51<05:04,  2.00s/it]2026-09-20 16:35:34,343 INFO [rev_util_helpfulness|paper_align|Qwen3-0.6B] step=619 epoch=2.4094

                                                 

 80%|████████  | 619/771 [20:52<05:04,  2.00s/it]2026-09-20 16:35:34,809 INFO [rev_util_helpfulness|paper_align|Qwen3-0.6B] step=619 epoch=2.4094

                                                 

 80%|████████  | 619/771 [20:52<05:04,  2.00s/it]2026-09-20 16:35:35,284 INFO [rev_util_helpfulness|paper_align|Qwen3-0.6B] step=619 epoch=2.4094

                                                 
{'paper_align_label_loss': '0.001298', 'paper_align_reason_loss': '0.09943', 'epoch': '2.327'}
{'paper_align_label_loss': '0.05264', 'paper_align_reason_loss': '0.09856', 'epoch': '2.327'}
{'paper_align_label_loss': '0.007481', 'paper_align_reason_loss': '0.1826', 'epoch': '2.327'}
{'paper_align_label_loss': '0.04327', 'paper_align_reason_loss': '0.1049', 'epoch': '2.331'}
{'paper_align_label_loss': '0.09695', 'paper_align_reason_loss': '0.1337', 'epoch': '2.331'}
{'paper_align_label_loss': '0.03182', 'paper_align_reason_loss': '0.102', 'epoch': '2.331'}
{'paper_align_label_loss': '0.03006', 'paper_align_reason_loss': '0.1059', 'epoch': '2.331'}
{'loss': '0.286', 'grad_norm': '5.09', 'learning_rate': '1.252e-05', 'epoch': '2.335'}
{'paper_align_label_loss': '0.002517', 'paper_align_reason_loss': '0.1289', 'epoch': '2.335'}
{'paper_align_label_loss': '0.05378', 'paper_align_reason_loss': '0.1018', 'epoch': '2.335'}
{'paper_align_label_loss': '0.2367', 'paper_align_reason_loss': '0.1637', 'epoch': '2.335'}
{'paper_align_label_loss': '0.002875', 'paper_align_reason_loss': '0.1051', 'epoch': '2.335'}
{'paper_align_label_loss': '0.01875', 'paper_align_reason_loss': '0.08559', 'epoch': '2.339'}
{'paper_align_label_loss': '0.02059', 'paper_align_reason_loss': '0.06731', 'epoch': '2.339'}
{'paper_align_label_loss': '0.1191', 'paper_align_reason_loss': '0.1456', 'epoch': '2.339'}
{'paper_align_label_loss': '0.005834', 'paper_align_reason_loss': '0.08773', 'epoch': '2.339'}
{'paper_align_label_loss': '0.04025', 'paper_align_reason_loss': '0.1241', 'epoch': '2.343'}
{'paper_align_label_loss': '0.002135', 'paper_align_reason_loss': '0.05879', 'epoch': '2.343'}
{'paper_align_label_loss': '0.01179', 'paper_align_reason_loss': '0.08205', 'epoch': '2.343'}
{'paper_align_label_loss': '0.01722', 'paper_align_reason_loss': '0.1139', 'epoch': '2.343'}
{'paper_align_label_loss': '0.004222', 'paper_align_reason_loss': '0.1349', 'epoch': '2.347'}
{'paper_align_label_loss': '0.01346', 'paper_align_reason_loss': '0.1311', 'epoch': '2.347'}
{'paper_align_label_loss': '0.0003674', 'paper_align_reason_loss': '0.1039', 'epoch': '2.347'}
{'paper_align_label_loss': '0.01114', 'paper_align_reason_loss': '0.155', 'epoch': '2.347'}
{'paper_align_label_loss': '0.007285', 'paper_align_reason_loss': '0.09825', 'epoch': '2.351'}
{'paper_align_label_loss': '0.01393', 'paper_align_reason_loss': '0.1359', 'epoch': '2.351'}
{'paper_align_label_loss': '0.01666', 'paper_align_reason_loss': '0.1246', 'epoch': '2.351'}
{'paper_align_label_loss': '0.01345', 'paper_align_reason_loss': '0.116', 'epoch': '2.351'}
{'paper_align_label_loss': '0.01147', 'paper_align_reason_loss': '0.1479', 'epoch': '2.355'}
{'paper_align_label_loss': '0.00178', 'paper_align_reason_loss': '0.08986', 'epoch': '2.355'}
{'paper_align_label_loss': '0.006959', 'paper_align_reason_loss': '0.1265', 'epoch': '2.355'}
{'paper_align_label_loss': '0.008222', 'paper_align_reason_loss': '0.1153', 'epoch': '2.355'}
{'paper_align_label_loss': '0.007941', 'paper_align_reason_loss': '0.1341', 'epoch': '2.359'}
{'paper_align_label_loss': '0.01002', 'paper_align_reason_loss': '0.1649', 'epoch': '2.359'}
{'paper_align_label_loss': '0.08576', 'paper_align_reason_loss': '0.08293', 'epoch': '2.359'}
{'paper_align_label_loss': '0.02919', 'paper_align_reason_loss': '0.08591', 'epoch': '2.359'}
{'paper_align_label_loss': '0.03937', 'paper_align_reason_loss': '0.1241', 'epoch': '2.363'}
{'paper_align_label_loss': '0.00492', 'paper_align_reason_loss': '0.08389', 'epoch': '2.363'}
{'paper_align_label_loss': '0.009444', 'paper_align_reason_loss': '0.09121', 'epoch': '2.363'}
{'paper_align_label_loss': '0.02092', 'paper_align_reason_loss': '0.12', 'epoch': '2.363'}
{'paper_align_label_loss': '0.004504', 'paper_align_reason_loss': '0.08356', 'epoch': '2.366'}
{'paper_align_label_loss': '0.002144', 'paper_align_reason_loss': '0.1461', 'epoch': '2.366'}
{'paper_align_label_loss': '0.01118', 'paper_align_reason_loss': '0.1002', 'epoch': '2.366'}
{'paper_align_label_loss': '0.04036', 'paper_align_reason_loss': '0.1286', 'epoch': '2.366'}
{'paper_align_label_loss': '0.001049', 'paper_align_reason_loss': '0.09668', 'epoch': '2.37'}
{'paper_align_label_loss': '0.02112', 'paper_align_reason_loss': '0.1258', 'epoch': '2.37'}
{'paper_align_label_loss': '0.027', 'paper_align_reason_loss': '0.1027', 'epoch': '2.37'}
{'paper_align_label_loss': '0.01176', 'paper_align_reason_loss': '0.09629', 'epoch': '2.37'}
{'loss': '0.2739', 'grad_norm': '3.422', 'learning_rate': '1.116e-05', 'epoch': '2.374'}
{'paper_align_label_loss': '0.006023', 'paper_align_reason_loss': '0.1287', 'epoch': '2.374'}
{'paper_align_label_loss': '0.001391', 'paper_align_reason_loss': '0.1163', 'epoch': '2.374'}
{'paper_align_label_loss': '0.05083', 'paper_align_reason_loss': '0.09256', 'epoch': '2.374'}
{'paper_align_label_loss': '0.02983', 'paper_align_reason_loss': '0.1322', 'epoch': '2.374'}
{'paper_align_label_loss': '0.04065', 'paper_align_reason_loss': '0.09546', 'epoch': '2.378'}
{'paper_align_label_loss': '0.0004738', 'paper_align_reason_loss': '0.09368', 'epoch': '2.378'}
{'paper_align_label_loss': '0.003786', 'paper_align_reason_loss': '0.09267', 'epoch': '2.378'}
{'paper_align_label_loss': '0.006042', 'paper_align_reason_loss': '0.1222', 'epoch': '2.378'}
{'paper_align_label_loss': '0.005024', 'paper_align_reason_loss': '0.09209', 'epoch': '2.382'}
{'paper_align_label_loss': '0.004375', 'paper_align_reason_loss': '0.08356', 'epoch': '2.382'}
{'paper_align_label_loss': '0.003572', 'paper_align_reason_loss': '0.1021', 'epoch': '2.382'}
{'paper_align_label_loss': '0.0329', 'paper_align_reason_loss': '0.0943', 'epoch': '2.382'}
{'paper_align_label_loss': '0.002815', 'paper_align_reason_loss': '0.1226', 'epoch': '2.386'}
{'paper_align_label_loss': '0.01541', 'paper_align_reason_loss': '0.07753', 'epoch': '2.386'}
{'paper_align_label_loss': '0.03073', 'paper_align_reason_loss': '0.09154', 'epoch': '2.386'}
{'paper_align_label_loss': '0.03026', 'paper_align_reason_loss': '0.1161', 'epoch': '2.386'}
{'paper_align_label_loss': '0.001961', 'paper_align_reason_loss': '0.1394', 'epoch': '2.39'}
{'paper_align_label_loss': '0.003822', 'paper_align_reason_loss': '0.07372', 'epoch': '2.39'}
{'paper_align_label_loss': '0.02757', 'paper_align_reason_loss': '0.09873', 'epoch': '2.39'}
{'paper_align_label_loss': '0.0003908', 'paper_align_reason_loss': '0.1912', 'epoch': '2.39'}
{'paper_align_label_loss': '0.002008', 'paper_align_reason_loss': '0.1257', 'epoch': '2.394'}
{'paper_align_label_loss': '0.002278', 'paper_align_reason_loss': '0.1296', 'epoch': '2.394'}
{'paper_align_label_loss': '0.001976', 'paper_align_reason_loss': '0.1871', 'epoch': '2.394'}
{'paper_align_label_loss': '0.009956', 'paper_align_reason_loss': '0.09288', 'epoch': '2.394'}
{'paper_align_label_loss': '0.007089', 'paper_align_reason_loss': '0.1114', 'epoch': '2.398'}
{'paper_align_label_loss': '0.002562', 'paper_align_reason_loss': '0.122', 'epoch': '2.398'}
{'paper_align_label_loss': '0.007079', 'paper_align_reason_loss': '0.08544', 'epoch': '2.398'}
{'paper_align_label_loss': '0.001267', 'paper_align_reason_loss': '0.1407', 'epoch': '2.398'}
{'paper_align_label_loss': '0.004317', 'paper_align_reason_loss': '0.1177', 'epoch': '2.402'}
{'paper_align_label_loss': '0.0035', 'paper_align_reason_loss': '0.06951', 'epoch': '2.402'}
{'paper_align_label_loss': '0.004107', 'paper_align_reason_loss': '0.1152', 'epoch': '2.402'}
{'paper_align_label_loss': '0.001848', 'paper_align_reason_loss': '0.1555', 'epoch': '2.402'}
{'paper_align_label_loss': '0.03155', 'paper_align_reason_loss': '0.1476', 'epoch': '2.405'}
{'paper_align_label_loss': '0.001614', 'paper_align_reason_loss': '0.114', 'epoch': '2.405'}
{'paper_align_label_loss': '0.003085', 'paper_align_reason_loss': '0.1325', 'epoch': '2.405'}
{'paper_align_label_loss': '0.0008835', 'paper_align_reason_loss': '0.07899', 'epoch': '2.405'}
{'paper_align_label_loss': '0.05257', 'paper_align_reason_loss': '0.12', 'epoch': '2.409'}
{'paper_align_label_loss': '0.01353', 'paper_align_reason_loss': '0.0837', 'epoch': '2.409'}

 80%|████████  | 619/771 [20:53<05:04,  2.00s/it]2026-09-20 16:35:35,753 INFO [rev_util_helpfulness|paper_align|Qwen3-0.6B] step=619 epoch=2.4094

                                                 

 80%|████████  | 619/771 [20:53<05:04,  2.00s/it]
 80%|████████  | 620/771 [20:53<04:59,  1.98s/it]2026-09-20 16:35:36,109 INFO [rev_util_helpfulness|paper_align|Qwen3-0.6B] step=620 loss=0.2464 learning_rate=0.0000 epoch=2.4133

                                                 

 80%|████████  | 620/771 [20:53<04:59,  1.98s/it]2026-09-20 16:35:36,298 INFO [rev_util_helpfulness|paper_align|Qwen3-0.6B] step=620 epoch=2.4133

                                                 

 80%|████████  | 620/771 [20:54<04:59,  1.98s/it]2026-09-20 16:35:36,787 INFO [rev_util_helpfulness|paper_align|Qwen3-0.6B] step=620 epoch=2.4133

                                                 

 80%|████████  | 620/771 [20:54<04:59,  1.98s/it]2026-09-20 16:35:37,269 INFO [rev_util_helpfulness|paper_align|Qwen3-0.6B] step=620 epoch=2.4133

                                                 

 80%|████████  | 620/771 [20:54<04:59,  1.98s/it]2026-09-20 16:35:37,749 INFO [rev_util_helpfulness|paper_align|Qwen3-0.6B] step=620 epoch=2.4133

                                                 

 80%|████████  | 620/771 [20:55<04:59,  1.98s/it]
 81%|████████  | 621/771 [20:55<04:56,  1.98s/it]2026-09-20 16:35:38,249 INFO [rev_util_helpfulness|paper_align|Qwen3-0.6B] step=621 epoch=2.4172

                                                 

 81%|████████  | 621/771 [20:55<04:56,  1.98s/it]2026-09-20 16:35:38,734 INFO [rev_util_helpfulness|paper_align|Qwen3-0.6B] step=621 epoch=2.4172

                                                 

 81%|████████  | 621/771 [20:56<04:56,  1.98s/it]2026-09-20 16:35:39,218 INFO [rev_util_helpfulness|paper_align|Qwen3-0.6B] step=621 epoch=2.4172

                                                 

 81%|████████  | 621/771 [20:56<04:56,  1.98s/it]2026-09-20 16:35:39,697 INFO [rev_util_helpfulness|paper_align|Qwen3-0.6B] step=621 epoch=2.4172

                                                 

 81%|████████  | 621/771 [20:57<04:56,  1.98s/it]
 81%|████████  | 622/771 [20:57<04:53,  1.97s/it]2026-09-20 16:35:40,204 INFO [rev_util_helpfulness|paper_align|Qwen3-0.6B] step=622 epoch=2.4211

                                                 

 81%|████████  | 622/771 [20:57<04:53,  1.97s/it]2026-09-20 16:35:40,668 INFO [rev_util_helpfulness|paper_align|Qwen3-0.6B] step=622 epoch=2.4211

                                                 

 81%|████████  | 622/771 [20:58<04:53,  1.97s/it]2026-09-20 16:35:41,144 INFO [rev_util_helpfulness|paper_align|Qwen3-0.6B] step=622 epoch=2.4211

                                                 

 81%|████████  | 622/771 [20:58<04:53,  1.97s/it]2026-09-20 16:35:41,607 INFO [rev_util_helpfulness|paper_align|Qwen3-0.6B] step=622 epoch=2.4211

                                                 

 81%|████████  | 622/771 [20:59<04:53,  1.97s/it]
 81%|████████  | 623/771 [20:59<04:50,  1.96s/it]2026-09-20 16:35:42,139 INFO [rev_util_helpfulness|paper_align|Qwen3-0.6B] step=623 epoch=2.4250

                                                 

 81%|████████  | 623/771 [20:59<04:50,  1.96s/it]2026-09-20 16:35:42,809 INFO [rev_util_helpfulness|paper_align|Qwen3-0.6B] step=623 epoch=2.4250

                                                 

 81%|████████  | 623/771 [21:00<04:50,  1.96s/it]2026-09-20 16:35:43,288 INFO [rev_util_helpfulness|paper_align|Qwen3-0.6B] step=623 epoch=2.4250

                                                 

 81%|████████  | 623/771 [21:01<04:50,  1.96s/it]2026-09-20 16:35:43,770 INFO [rev_util_helpfulness|paper_align|Qwen3-0.6B] step=623 epoch=2.4250

                                                 

 81%|████████  | 623/771 [21:01<04:50,  1.96s/it]
 81%|████████  | 624/771 [21:01<04:56,  2.02s/it]2026-09-20 16:35:44,289 INFO [rev_util_helpfulness|paper_align|Qwen3-0.6B] step=624 epoch=2.4288

                                                 

 81%|████████  | 624/771 [21:02<04:56,  2.02s/it]2026-09-20 16:35:44,766 INFO [rev_util_helpfulness|paper_align|Qwen3-0.6B] step=624 epoch=2.4288

                                                 

 81%|████████  | 624/771 [21:02<04:56,  2.02s/it]2026-09-20 16:35:45,241 INFO [rev_util_helpfulness|paper_align|Qwen3-0.6B] step=624 epoch=2.4288

                                                 

 81%|████████  | 624/771 [21:02<04:56,  2.02s/it]2026-09-20 16:35:45,719 INFO [rev_util_helpfulness|paper_align|Qwen3-0.6B] step=624 epoch=2.4288

                                                 

 81%|████████  | 624/771 [21:03<04:56,  2.02s/it]
 81%|████████  | 625/771 [21:03<04:51,  2.00s/it]2026-09-20 16:35:46,234 INFO [rev_util_helpfulness|paper_align|Qwen3-0.6B] step=625 epoch=2.4327

                                                 

 81%|████████  | 625/771 [21:03<04:51,  2.00s/it]2026-09-20 16:35:46,712 INFO [rev_util_helpfulness|paper_align|Qwen3-0.6B] step=625 epoch=2.4327

                                                 

 81%|████████  | 625/771 [21:04<04:51,  2.00s/it]2026-09-20 16:35:47,216 INFO [rev_util_helpfulness|paper_align|Qwen3-0.6B] step=625 epoch=2.4327

                                                 

 81%|████████  | 625/771 [21:04<04:51,  2.00s/it]2026-09-20 16:35:47,699 INFO [rev_util_helpfulness|paper_align|Qwen3-0.6B] step=625 epoch=2.4327

                                                 

 81%|████████  | 625/771 [21:05<04:51,  2.00s/it]
 81%|████████  | 626/771 [21:05<04:48,  1.99s/it]2026-09-20 16:35:48,209 INFO [rev_util_helpfulness|paper_align|Qwen3-0.6B] step=626 epoch=2.4366

                                                 

 81%|████████  | 626/771 [21:05<04:48,  1.99s/it]2026-09-20 16:35:48,677 INFO [rev_util_helpfulness|paper_align|Qwen3-0.6B] step=626 epoch=2.4366

                                                 

 81%|████████  | 626/771 [21:06<04:48,  1.99s/it]2026-09-20 16:35:49,147 INFO [rev_util_helpfulness|paper_align|Qwen3-0.6B] step=626 epoch=2.4366

                                                 

 81%|████████  | 626/771 [21:06<04:48,  1.99s/it]2026-09-20 16:35:49,619 INFO [rev_util_helpfulness|paper_align|Qwen3-0.6B] step=626 epoch=2.4366

                                                 

 81%|████████  | 626/771 [21:07<04:48,  1.99s/it]
 81%|████████▏ | 627/771 [21:07<04:43,  1.97s/it]2026-09-20 16:35:50,140 INFO [rev_util_helpfulness|paper_align|Qwen3-0.6B] step=627 epoch=2.4405

                                                 

 81%|████████▏ | 627/771 [21:07<04:43,  1.97s/it]2026-09-20 16:35:50,617 INFO [rev_util_helpfulness|paper_align|Qwen3-0.6B] step=627 epoch=2.4405

                                                 

 81%|████████▏ | 627/771 [21:08<04:43,  1.97s/it]2026-09-20 16:35:51,089 INFO [rev_util_helpfulness|paper_align|Qwen3-0.6B] step=627 epoch=2.4405

                                                 

 81%|████████▏ | 627/771 [21:08<04:43,  1.97s/it]2026-09-20 16:35:51,563 INFO [rev_util_helpfulness|paper_align|Qwen3-0.6B] step=627 epoch=2.4405

                                                 

 81%|████████▏ | 627/771 [21:09<04:43,  1.97s/it]
 81%|████████▏ | 628/771 [21:09<04:40,  1.96s/it]2026-09-20 16:35:52,073 INFO [rev_util_helpfulness|paper_align|Qwen3-0.6B] step=628 epoch=2.4444

                                                 

 81%|████████▏ | 628/771 [21:09<04:40,  1.96s/it]2026-09-20 16:35:52,550 INFO [rev_util_helpfulness|paper_align|Qwen3-0.6B] step=628 epoch=2.4444

                                                 

 81%|████████▏ | 628/771 [21:10<04:40,  1.96s/it]2026-09-20 16:35:53,030 INFO [rev_util_helpfulness|paper_align|Qwen3-0.6B] step=628 epoch=2.4444

                                                 

 81%|████████▏ | 628/771 [21:10<04:40,  1.96s/it]2026-09-20 16:35:53,722 INFO [rev_util_helpfulness|paper_align|Qwen3-0.6B] step=628 epoch=2.4444

                                                 

 81%|████████▏ | 628/771 [21:11<04:40,  1.96s/it]
 82%|████████▏ | 629/771 [21:11<04:46,  2.02s/it]2026-09-20 16:35:54,232 INFO [rev_util_helpfulness|paper_align|Qwen3-0.6B] step=629 epoch=2.4483

                                                 

 82%|████████▏ | 629/771 [21:11<04:46,  2.02s/it]2026-09-20 16:35:54,705 INFO [rev_util_helpfulness|paper_align|Qwen3-0.6B] step=629 epoch=2.4483

                                                 

 82%|████████▏ | 629/771 [21:12<04:46,  2.02s/it]2026-09-20 16:35:55,178 INFO [rev_util_helpfulness|paper_align|Qwen3-0.6B] step=629 epoch=2.4483

                                                 

 82%|████████▏ | 629/771 [21:12<04:46,  2.02s/it]2026-09-20 16:35:55,655 INFO [rev_util_helpfulness|paper_align|Qwen3-0.6B] step=629 epoch=2.4483

                                                 

 82%|████████▏ | 629/771 [21:13<04:46,  2.02s/it]
 82%|████████▏ | 630/771 [21:13<04:41,  2.00s/it]2026-09-20 16:35:55,989 INFO [rev_util_helpfulness|paper_align|Qwen3-0.6B] step=630 loss=0.3129 learning_rate=0.0000 epoch=2.4522

                                                 

 82%|████████▏ | 630/771 [21:13<04:41,  2.00s/it]2026-09-20 16:35:56,172 INFO [rev_util_helpfulness|paper_align|Qwen3-0.6B] step=630 epoch=2.4522

                                                 

 82%|████████▏ | 630/771 [21:13<04:41,  2.00s/it]2026-09-20 16:35:56,636 INFO [rev_util_helpfulness|paper_align|Qwen3-0.6B] step=630 epoch=2.4522

                                                 

 82%|████████▏ | 630/771 [21:14<04:41,  2.00s/it]2026-09-20 16:35:57,115 INFO [rev_util_helpfulness|paper_align|Qwen3-0.6B] step=630 epoch=2.4522

                                                 

 82%|████████▏ | 630/771 [21:14<04:41,  2.00s/it]2026-09-20 16:35:57,594 INFO [rev_util_helpfulness|paper_align|Qwen3-0.6B] step=630 epoch=2.4522

                                                 

 82%|████████▏ | 630/771 [21:15<04:41,  2.00s/it]
 82%|████████▏ | 631/771 [21:15<04:37,  1.98s/it]2026-09-20 16:35:58,107 INFO [rev_util_helpfulness|paper_align|Qwen3-0.6B] step=631 epoch=2.4561

                                                 

 82%|████████▏ | 631/771 [21:15<04:37,  1.98s/it]2026-09-20 16:35:58,584 INFO [rev_util_helpfulness|paper_align|Qwen3-0.6B] step=631 epoch=2.4561

                                                 

 82%|████████▏ | 631/771 [21:16<04:37,  1.98s/it]2026-09-20 16:35:59,061 INFO [rev_util_helpfulness|paper_align|Qwen3-0.6B] step=631 epoch=2.4561

                                                 

 82%|████████▏ | 631/771 [21:16<04:37,  1.98s/it]2026-09-20 16:35:59,527 INFO [rev_util_helpfulness|paper_align|Qwen3-0.6B] step=631 epoch=2.4561

                                                 

 82%|████████▏ | 631/771 [21:17<04:37,  1.98s/it]
 82%|████████▏ | 632/771 [21:17<04:32,  1.96s/it]2026-09-20 16:36:00,028 INFO [rev_util_helpfulness|paper_align|Qwen3-0.6B] step=632 epoch=2.4600

                                                 

 82%|████████▏ | 632/771 [21:17<04:32,  1.96s/it]2026-09-20 16:36:00,493 INFO [rev_util_helpfulness|paper_align|Qwen3-0.6B] step=632 epoch=2.4600

                                                 

 82%|████████▏ | 632/771 [21:18<04:32,  1.96s/it]2026-09-20 16:36:00,977 INFO [rev_util_helpfulness|paper_align|Qwen3-0.6B] step=632 epoch=2.4600

                                                 

 82%|████████▏ | 632/771 [21:18<04:32,  1.96s/it]2026-09-20 16:36:01,450 INFO [rev_util_helpfulness|paper_align|Qwen3-0.6B] step=632 epoch=2.4600

                                                 

 82%|████████▏ | 632/771 [21:19<04:32,  1.96s/it]
 82%|████████▏ | 633/771 [21:19<04:29,  1.95s/it]2026-09-20 16:36:01,960 INFO [rev_util_helpfulness|paper_align|Qwen3-0.6B] step=633 epoch=2.4639

                                                 

 82%|████████▏ | 633/771 [21:19<04:29,  1.95s/it]2026-09-20 16:36:02,431 INFO [rev_util_helpfulness|paper_align|Qwen3-0.6B] step=633 epoch=2.4639

                                                 

 82%|████████▏ | 633/771 [21:20<04:29,  1.95s/it]2026-09-20 16:36:02,902 INFO [rev_util_helpfulness|paper_align|Qwen3-0.6B] step=633 epoch=2.4639

                                                 

 82%|████████▏ | 633/771 [21:20<04:29,  1.95s/it]2026-09-20 16:36:03,383 INFO [rev_util_helpfulness|paper_align|Qwen3-0.6B] step=633 epoch=2.4639

                                                 

 82%|████████▏ | 633/771 [21:21<04:29,  1.95s/it]
 82%|████████▏ | 634/771 [21:21<04:26,  1.95s/it]2026-09-20 16:36:04,090 INFO [rev_util_helpfulness|paper_align|Qwen3-0.6B] step=634 epoch=2.4678

                                                 

 82%|████████▏ | 634/771 [21:21<04:26,  1.95s/it]2026-09-20 16:36:04,563 INFO [rev_util_helpfulness|paper_align|Qwen3-0.6B] step=634 epoch=2.4678

                                                 

 82%|████████▏ | 634/771 [21:22<04:26,  1.95s/it]2026-09-20 16:36:05,037 INFO [rev_util_helpfulness|paper_align|Qwen3-0.6B] step=634 epoch=2.4678

                                                 

 82%|████████▏ | 634/771 [21:22<04:26,  1.95s/it]2026-09-20 16:36:05,513 INFO [rev_util_helpfulness|paper_align|Qwen3-0.6B] step=634 epoch=2.4678

                                                 

 82%|████████▏ | 634/771 [21:23<04:26,  1.95s/it]
 82%|████████▏ | 635/771 [21:23<04:32,  2.00s/it]2026-09-20 16:36:06,023 INFO [rev_util_helpfulness|paper_align|Qwen3-0.6B] step=635 epoch=2.4717

                                                 

 82%|████████▏ | 635/771 [21:23<04:32,  2.00s/it]2026-09-20 16:36:06,492 INFO [rev_util_helpfulness|paper_align|Qwen3-0.6B] step=635 epoch=2.4717

                                                 

 82%|████████▏ | 635/771 [21:24<04:32,  2.00s/it]2026-09-20 16:36:06,972 INFO [rev_util_helpfulness|paper_align|Qwen3-0.6B] step=635 epoch=2.4717

                                                 

 82%|████████▏ | 635/771 [21:24<04:32,  2.00s/it]2026-09-20 16:36:07,441 INFO [rev_util_helpfulness|paper_align|Qwen3-0.6B] step=635 epoch=2.4717

                                                 

 82%|████████▏ | 635/771 [21:25<04:32,  2.00s/it]
 82%|████████▏ | 636/771 [21:25<04:27,  1.98s/it]2026-09-20 16:36:07,948 INFO [rev_util_helpfulness|paper_align|Qwen3-0.6B] step=636 epoch=2.4756

                                                 

 82%|████████▏ | 636/771 [21:25<04:27,  1.98s/it]2026-09-20 16:36:08,418 INFO [rev_util_helpfulness|paper_align|Qwen3-0.6B] step=636 epoch=2.4756

                                                 

 82%|████████▏ | 636/771 [21:26<04:27,  1.98s/it]2026-09-20 16:36:08,889 INFO [rev_util_helpfulness|paper_align|Qwen3-0.6B] step=636 epoch=2.4756

                                                 

 82%|████████▏ | 636/771 [21:26<04:27,  1.98s/it]2026-09-20 16:36:09,372 INFO [rev_util_helpfulness|paper_align|Qwen3-0.6B] step=636 epoch=2.4756

                                                 

 82%|████████▏ | 636/771 [21:27<04:27,  1.98s/it]
 83%|████████▎ | 637/771 [21:27<04:23,  1.96s/it]2026-09-20 16:36:09,885 INFO [rev_util_helpfulness|paper_align|Qwen3-0.6B] step=637 epoch=2.4795

                                                 

 83%|████████▎ | 637/771 [21:27<04:23,  1.96s/it]2026-09-20 16:36:10,351 INFO [rev_util_helpfulness|paper_align|Qwen3-0.6B] step=637 epoch=2.4795

                                                 

 83%|████████▎ | 637/771 [21:28<04:23,  1.96s/it]2026-09-20 16:36:10,821 INFO [rev_util_helpfulness|paper_align|Qwen3-0.6B] step=637 epoch=2.4795

                                                 

 83%|████████▎ | 637/771 [21:28<04:23,  1.96s/it]2026-09-20 16:36:11,290 INFO [rev_util_helpfulness|paper_align|Qwen3-0.6B] step=637 epoch=2.4795

                                                 

 83%|████████▎ | 637/771 [21:29<04:23,  1.96s/it]
 83%|████████▎ | 638/771 [21:29<04:19,  1.95s/it]2026-09-20 16:36:11,789 INFO [rev_util_helpfulness|paper_align|Qwen3-0.6B] step=638 epoch=2.4834

                                                 

 83%|████████▎ | 638/771 [21:29<04:19,  1.95s/it]2026-09-20 16:36:12,267 INFO [rev_util_helpfulness|paper_align|Qwen3-0.6B] step=638 epoch=2.4834

                                                 

 83%|████████▎ | 638/771 [21:29<04:19,  1.95s/it]2026-09-20 16:36:12,741 INFO [rev_util_helpfulness|paper_align|Qwen3-0.6B] step=638 epoch=2.4834

                                                 

 83%|████████▎ | 638/771 [21:30<04:19,  1.95s/it]2026-09-20 16:36:13,212 INFO [rev_util_helpfulness|paper_align|Qwen3-0.6B] step=638 epoch=2.4834

                                                 

 83%|████████▎ | 638/771 [21:30<04:19,  1.95s/it]
 83%|████████▎ | 639/771 [21:31<04:16,  1.94s/it]2026-09-20 16:36:13,722 INFO [rev_util_helpfulness|paper_align|Qwen3-0.6B] step=639 epoch=2.4873

                                                 

 83%|████████▎ | 639/771 [21:31<04:16,  1.94s/it]2026-09-20 16:36:14,398 INFO [rev_util_helpfulness|paper_align|Qwen3-0.6B] step=639 epoch=2.4873

                                                 

 83%|████████▎ | 639/771 [21:32<04:16,  1.94s/it]2026-09-20 16:36:14,873 INFO [rev_util_helpfulness|paper_align|Qwen3-0.6B] step=639 epoch=2.4873

                                                 

 83%|████████▎ | 639/771 [21:32<04:16,  1.94s/it]2026-09-20 16:36:15,340 INFO [rev_util_helpfulness|paper_align|Qwen3-0.6B] step=639 epoch=2.4873

                                                 

 83%|████████▎ | 639/771 [21:33<04:16,  1.94s/it]
 83%|████████▎ | 640/771 [21:33<04:22,  2.00s/it]2026-09-20 16:36:15,685 INFO [rev_util_helpfulness|paper_align|Qwen3-0.6B] step=640 loss=0.2396 learning_rate=0.0000 epoch=2.4912

                                                 

 83%|████████▎ | 640/771 [21:33<04:22,  2.00s/it]2026-09-20 16:36:15,874 INFO [rev_util_helpfulness|paper_align|Qwen3-0.6B] step=640 epoch=2.4912

                                                 

 83%|████████▎ | 640/771 [21:33<04:22,  2.00s/it]2026-09-20 16:36:16,357 INFO [rev_util_helpfulness|paper_align|Qwen3-0.6B] step=640 epoch=2.4912

                                                 

 83%|████████▎ | 640/771 [21:34<04:22,  2.00s/it]2026-09-20 16:36:16,842 INFO [rev_util_helpfulness|paper_align|Qwen3-0.6B] step=640 epoch=2.4912

                                                 
{'paper_align_label_loss': '0.00148', 'paper_align_reason_loss': '0.1021', 'epoch': '2.409'}
{'paper_align_label_loss': '0.0009364', 'paper_align_reason_loss': '0.08884', 'epoch': '2.409'}
{'loss': '0.2464', 'grad_norm': '3.573', 'learning_rate': '9.873e-06', 'epoch': '2.413'}
{'paper_align_label_loss': '0.2305', 'paper_align_reason_loss': '0.09946', 'epoch': '2.413'}
{'paper_align_label_loss': '0.01223', 'paper_align_reason_loss': '0.101', 'epoch': '2.413'}
{'paper_align_label_loss': '0.006743', 'paper_align_reason_loss': '0.1357', 'epoch': '2.413'}
{'paper_align_label_loss': '0.06696', 'paper_align_reason_loss': '0.1148', 'epoch': '2.413'}
{'paper_align_label_loss': '0.009044', 'paper_align_reason_loss': '0.1445', 'epoch': '2.417'}
{'paper_align_label_loss': '0.02135', 'paper_align_reason_loss': '0.09999', 'epoch': '2.417'}
{'paper_align_label_loss': '0.006209', 'paper_align_reason_loss': '0.1123', 'epoch': '2.417'}
{'paper_align_label_loss': '0.01767', 'paper_align_reason_loss': '0.1337', 'epoch': '2.417'}
{'paper_align_label_loss': '0.1617', 'paper_align_reason_loss': '0.1245', 'epoch': '2.421'}
{'paper_align_label_loss': '0.0006132', 'paper_align_reason_loss': '0.1259', 'epoch': '2.421'}
{'paper_align_label_loss': '0.005581', 'paper_align_reason_loss': '0.1514', 'epoch': '2.421'}
{'paper_align_label_loss': '0.04754', 'paper_align_reason_loss': '0.1171', 'epoch': '2.421'}
{'paper_align_label_loss': '0.02523', 'paper_align_reason_loss': '0.1762', 'epoch': '2.425'}
{'paper_align_label_loss': '0.01605', 'paper_align_reason_loss': '0.1448', 'epoch': '2.425'}
{'paper_align_label_loss': '0.0005484', 'paper_align_reason_loss': '0.1092', 'epoch': '2.425'}
{'paper_align_label_loss': '0.1004', 'paper_align_reason_loss': '0.1226', 'epoch': '2.425'}
{'paper_align_label_loss': '0.002784', 'paper_align_reason_loss': '0.08776', 'epoch': '2.429'}
{'paper_align_label_loss': '0.001611', 'paper_align_reason_loss': '0.1035', 'epoch': '2.429'}
{'paper_align_label_loss': '0.005938', 'paper_align_reason_loss': '0.1385', 'epoch': '2.429'}
{'paper_align_label_loss': '0.0008972', 'paper_align_reason_loss': '0.07254', 'epoch': '2.429'}
{'paper_align_label_loss': '0.009702', 'paper_align_reason_loss': '0.1615', 'epoch': '2.433'}
{'paper_align_label_loss': '0.01235', 'paper_align_reason_loss': '0.1277', 'epoch': '2.433'}
{'paper_align_label_loss': '0.08894', 'paper_align_reason_loss': '0.08092', 'epoch': '2.433'}
{'paper_align_label_loss': '0.01318', 'paper_align_reason_loss': '0.0999', 'epoch': '2.433'}
{'paper_align_label_loss': '0.008998', 'paper_align_reason_loss': '0.1132', 'epoch': '2.437'}
{'paper_align_label_loss': '0.001394', 'paper_align_reason_loss': '0.1023', 'epoch': '2.437'}
{'paper_align_label_loss': '0.02941', 'paper_align_reason_loss': '0.1649', 'epoch': '2.437'}
{'paper_align_label_loss': '0.004159', 'paper_align_reason_loss': '0.0802', 'epoch': '2.437'}
{'paper_align_label_loss': '0.07411', 'paper_align_reason_loss': '0.09662', 'epoch': '2.441'}
{'paper_align_label_loss': '0.2858', 'paper_align_reason_loss': '0.1279', 'epoch': '2.441'}
{'paper_align_label_loss': '0.01309', 'paper_align_reason_loss': '0.1796', 'epoch': '2.441'}
{'paper_align_label_loss': '0.002803', 'paper_align_reason_loss': '0.0998', 'epoch': '2.441'}
{'paper_align_label_loss': '0.001682', 'paper_align_reason_loss': '0.1185', 'epoch': '2.444'}
{'paper_align_label_loss': '0.008288', 'paper_align_reason_loss': '0.1306', 'epoch': '2.444'}
{'paper_align_label_loss': '0.05009', 'paper_align_reason_loss': '0.08442', 'epoch': '2.444'}
{'paper_align_label_loss': '0.1325', 'paper_align_reason_loss': '0.1137', 'epoch': '2.444'}
{'paper_align_label_loss': '0.009143', 'paper_align_reason_loss': '0.1018', 'epoch': '2.448'}
{'paper_align_label_loss': '0.008174', 'paper_align_reason_loss': '0.1186', 'epoch': '2.448'}
{'paper_align_label_loss': '0.001522', 'paper_align_reason_loss': '0.09234', 'epoch': '2.448'}
{'paper_align_label_loss': '0.05083', 'paper_align_reason_loss': '0.1022', 'epoch': '2.448'}
{'loss': '0.3129', 'grad_norm': '3.049', 'learning_rate': '8.654e-06', 'epoch': '2.452'}
{'paper_align_label_loss': '0.0197', 'paper_align_reason_loss': '0.09632', 'epoch': '2.452'}
{'paper_align_label_loss': '0.003201', 'paper_align_reason_loss': '0.1', 'epoch': '2.452'}
{'paper_align_label_loss': '0.001128', 'paper_align_reason_loss': '0.1241', 'epoch': '2.452'}
{'paper_align_label_loss': '0.0003902', 'paper_align_reason_loss': '0.1262', 'epoch': '2.452'}
{'paper_align_label_loss': '0.004425', 'paper_align_reason_loss': '0.09496', 'epoch': '2.456'}
{'paper_align_label_loss': '0.001715', 'paper_align_reason_loss': '0.09347', 'epoch': '2.456'}
{'paper_align_label_loss': '0.003197', 'paper_align_reason_loss': '0.1122', 'epoch': '2.456'}
{'paper_align_label_loss': '0.0005238', 'paper_align_reason_loss': '0.09679', 'epoch': '2.456'}
{'paper_align_label_loss': '0.003208', 'paper_align_reason_loss': '0.1108', 'epoch': '2.46'}
{'paper_align_label_loss': '0.009216', 'paper_align_reason_loss': '0.1123', 'epoch': '2.46'}
{'paper_align_label_loss': '0.02722', 'paper_align_reason_loss': '0.05992', 'epoch': '2.46'}
{'paper_align_label_loss': '0.002476', 'paper_align_reason_loss': '0.08229', 'epoch': '2.46'}
{'paper_align_label_loss': '0.03188', 'paper_align_reason_loss': '0.09145', 'epoch': '2.464'}
{'paper_align_label_loss': '0.005302', 'paper_align_reason_loss': '0.1236', 'epoch': '2.464'}
{'paper_align_label_loss': '0.009143', 'paper_align_reason_loss': '0.1277', 'epoch': '2.464'}
{'paper_align_label_loss': '0.0004538', 'paper_align_reason_loss': '0.06438', 'epoch': '2.464'}
{'paper_align_label_loss': '0.02286', 'paper_align_reason_loss': '0.08483', 'epoch': '2.468'}
{'paper_align_label_loss': '0.02986', 'paper_align_reason_loss': '0.06215', 'epoch': '2.468'}
{'paper_align_label_loss': '0.03127', 'paper_align_reason_loss': '0.1137', 'epoch': '2.468'}
{'paper_align_label_loss': '0.01024', 'paper_align_reason_loss': '0.1035', 'epoch': '2.468'}
{'paper_align_label_loss': '0.02978', 'paper_align_reason_loss': '0.1014', 'epoch': '2.472'}
{'paper_align_label_loss': '0.001876', 'paper_align_reason_loss': '0.07961', 'epoch': '2.472'}
{'paper_align_label_loss': '0.1614', 'paper_align_reason_loss': '0.08818', 'epoch': '2.472'}
{'paper_align_label_loss': '0.01365', 'paper_align_reason_loss': '0.1675', 'epoch': '2.472'}
{'paper_align_label_loss': '0.001081', 'paper_align_reason_loss': '0.07316', 'epoch': '2.476'}
{'paper_align_label_loss': '0.0206', 'paper_align_reason_loss': '0.1153', 'epoch': '2.476'}
{'paper_align_label_loss': '0.0009332', 'paper_align_reason_loss': '0.08549', 'epoch': '2.476'}
{'paper_align_label_loss': '0.003347', 'paper_align_reason_loss': '0.08874', 'epoch': '2.476'}
{'paper_align_label_loss': '0.01095', 'paper_align_reason_loss': '0.1048', 'epoch': '2.48'}
{'paper_align_label_loss': '0.01019', 'paper_align_reason_loss': '0.1078', 'epoch': '2.48'}
{'paper_align_label_loss': '0.07675', 'paper_align_reason_loss': '0.09722', 'epoch': '2.48'}
{'paper_align_label_loss': '0.004445', 'paper_align_reason_loss': '0.1087', 'epoch': '2.48'}
{'paper_align_label_loss': '0.002812', 'paper_align_reason_loss': '0.08155', 'epoch': '2.483'}
{'paper_align_label_loss': '0.0005467', 'paper_align_reason_loss': '0.1305', 'epoch': '2.483'}
{'paper_align_label_loss': '0.06648', 'paper_align_reason_loss': '0.08175', 'epoch': '2.483'}
{'paper_align_label_loss': '0.005111', 'paper_align_reason_loss': '0.1575', 'epoch': '2.483'}
{'paper_align_label_loss': '0.006616', 'paper_align_reason_loss': '0.1136', 'epoch': '2.487'}
{'paper_align_label_loss': '0.007437', 'paper_align_reason_loss': '0.1236', 'epoch': '2.487'}
{'paper_align_label_loss': '0.006488', 'paper_align_reason_loss': '0.113', 'epoch': '2.487'}
{'paper_align_label_loss': '0.04764', 'paper_align_reason_loss': '0.097', 'epoch': '2.487'}
{'loss': '0.2396', 'grad_norm': '4.064', 'learning_rate': '7.509e-06', 'epoch': '2.491'}
{'paper_align_label_loss': '0.0035', 'paper_align_reason_loss': '0.1013', 'epoch': '2.491'}
{'paper_align_label_loss': '0.001027', 'paper_align_reason_loss': '0.1048', 'epoch': '2.491'}

 83%|████████▎ | 640/771 [21:34<04:22,  2.00s/it]2026-09-20 16:36:17,320 INFO [rev_util_helpfulness|paper_align|Qwen3-0.6B] step=640 epoch=2.4912

                                                 

 83%|████████▎ | 640/771 [21:35<04:22,  2.00s/it]
 83%|████████▎ | 641/771 [21:35<04:18,  1.99s/it]2026-09-20 16:36:17,827 INFO [rev_util_helpfulness|paper_align|Qwen3-0.6B] step=641 epoch=2.4951

                                                 

 83%|████████▎ | 641/771 [21:35<04:18,  1.99s/it]2026-09-20 16:36:18,306 INFO [rev_util_helpfulness|paper_align|Qwen3-0.6B] step=641 epoch=2.4951

                                                 

 83%|████████▎ | 641/771 [21:36<04:18,  1.99s/it]2026-09-20 16:36:18,787 INFO [rev_util_helpfulness|paper_align|Qwen3-0.6B] step=641 epoch=2.4951

                                                 

 83%|████████▎ | 641/771 [21:36<04:18,  1.99s/it]2026-09-20 16:36:19,264 INFO [rev_util_helpfulness|paper_align|Qwen3-0.6B] step=641 epoch=2.4951

                                                 

 83%|████████▎ | 641/771 [21:36<04:18,  1.99s/it]
 83%|████████▎ | 642/771 [21:37<04:15,  1.98s/it]2026-09-20 16:36:19,782 INFO [rev_util_helpfulness|paper_align|Qwen3-0.6B] step=642 epoch=2.4990

                                                 

 83%|████████▎ | 642/771 [21:37<04:15,  1.98s/it]2026-09-20 16:36:20,256 INFO [rev_util_helpfulness|paper_align|Qwen3-0.6B] step=642 epoch=2.4990

                                                 

 83%|████████▎ | 642/771 [21:37<04:15,  1.98s/it]2026-09-20 16:36:20,727 INFO [rev_util_helpfulness|paper_align|Qwen3-0.6B] step=642 epoch=2.4990

                                                 

 83%|████████▎ | 642/771 [21:38<04:15,  1.98s/it]2026-09-20 16:36:21,205 INFO [rev_util_helpfulness|paper_align|Qwen3-0.6B] step=642 epoch=2.4990

                                                 

 83%|████████▎ | 642/771 [21:38<04:15,  1.98s/it]
 83%|████████▎ | 643/771 [21:39<04:11,  1.97s/it]2026-09-20 16:36:21,716 INFO [rev_util_helpfulness|paper_align|Qwen3-0.6B] step=643 epoch=2.5029

                                                 

 83%|████████▎ | 643/771 [21:39<04:11,  1.97s/it]2026-09-20 16:36:22,210 INFO [rev_util_helpfulness|paper_align|Qwen3-0.6B] step=643 epoch=2.5029

                                                 

 83%|████████▎ | 643/771 [21:39<04:11,  1.97s/it]2026-09-20 16:36:22,688 INFO [rev_util_helpfulness|paper_align|Qwen3-0.6B] step=643 epoch=2.5029

                                                 

 83%|████████▎ | 643/771 [21:40<04:11,  1.97s/it]2026-09-20 16:36:23,151 INFO [rev_util_helpfulness|paper_align|Qwen3-0.6B] step=643 epoch=2.5029

                                                 

 83%|████████▎ | 643/771 [21:40<04:11,  1.97s/it]
 84%|████████▎ | 644/771 [21:41<04:09,  1.96s/it]2026-09-20 16:36:23,863 INFO [rev_util_helpfulness|paper_align|Qwen3-0.6B] step=644 epoch=2.5068

                                                 

 84%|████████▎ | 644/771 [21:41<04:09,  1.96s/it]2026-09-20 16:36:24,322 INFO [rev_util_helpfulness|paper_align|Qwen3-0.6B] step=644 epoch=2.5068

                                                 

 84%|████████▎ | 644/771 [21:42<04:09,  1.96s/it]2026-09-20 16:36:24,810 INFO [rev_util_helpfulness|paper_align|Qwen3-0.6B] step=644 epoch=2.5068

                                                 

 84%|████████▎ | 644/771 [21:42<04:09,  1.96s/it]2026-09-20 16:36:25,281 INFO [rev_util_helpfulness|paper_align|Qwen3-0.6B] step=644 epoch=2.5068

                                                 

 84%|████████▎ | 644/771 [21:42<04:09,  1.96s/it]
 84%|████████▎ | 645/771 [21:43<04:13,  2.01s/it]2026-09-20 16:36:25,790 INFO [rev_util_helpfulness|paper_align|Qwen3-0.6B] step=645 epoch=2.5107

                                                 

 84%|████████▎ | 645/771 [21:43<04:13,  2.01s/it]2026-09-20 16:36:26,265 INFO [rev_util_helpfulness|paper_align|Qwen3-0.6B] step=645 epoch=2.5107

                                                 

 84%|████████▎ | 645/771 [21:43<04:13,  2.01s/it]2026-09-20 16:36:26,729 INFO [rev_util_helpfulness|paper_align|Qwen3-0.6B] step=645 epoch=2.5107

                                                 

 84%|████████▎ | 645/771 [21:44<04:13,  2.01s/it]2026-09-20 16:36:27,208 INFO [rev_util_helpfulness|paper_align|Qwen3-0.6B] step=645 epoch=2.5107

                                                 

 84%|████████▎ | 645/771 [21:44<04:13,  2.01s/it]
 84%|████████▍ | 646/771 [21:45<04:08,  1.99s/it]2026-09-20 16:36:27,721 INFO [rev_util_helpfulness|paper_align|Qwen3-0.6B] step=646 epoch=2.5146

                                                 

 84%|████████▍ | 646/771 [21:45<04:08,  1.99s/it]2026-09-20 16:36:28,206 INFO [rev_util_helpfulness|paper_align|Qwen3-0.6B] step=646 epoch=2.5146

                                                 

 84%|████████▍ | 646/771 [21:45<04:08,  1.99s/it]2026-09-20 16:36:28,686 INFO [rev_util_helpfulness|paper_align|Qwen3-0.6B] step=646 epoch=2.5146

                                                 

 84%|████████▍ | 646/771 [21:46<04:08,  1.99s/it]2026-09-20 16:36:29,156 INFO [rev_util_helpfulness|paper_align|Qwen3-0.6B] step=646 epoch=2.5146

                                                 

 84%|████████▍ | 646/771 [21:46<04:08,  1.99s/it]
 84%|████████▍ | 647/771 [21:47<04:04,  1.97s/it]2026-09-20 16:36:29,669 INFO [rev_util_helpfulness|paper_align|Qwen3-0.6B] step=647 epoch=2.5185

                                                 

 84%|████████▍ | 647/771 [21:47<04:04,  1.97s/it]2026-09-20 16:36:30,137 INFO [rev_util_helpfulness|paper_align|Qwen3-0.6B] step=647 epoch=2.5185

                                                 

 84%|████████▍ | 647/771 [21:47<04:04,  1.97s/it]2026-09-20 16:36:30,613 INFO [rev_util_helpfulness|paper_align|Qwen3-0.6B] step=647 epoch=2.5185

                                                 

 84%|████████▍ | 647/771 [21:48<04:04,  1.97s/it]2026-09-20 16:36:31,090 INFO [rev_util_helpfulness|paper_align|Qwen3-0.6B] step=647 epoch=2.5185

                                                 

 84%|████████▍ | 647/771 [21:48<04:04,  1.97s/it]
 84%|████████▍ | 648/771 [21:49<04:01,  1.96s/it]2026-09-20 16:36:31,593 INFO [rev_util_helpfulness|paper_align|Qwen3-0.6B] step=648 epoch=2.5224

                                                 

 84%|████████▍ | 648/771 [21:49<04:01,  1.96s/it]2026-09-20 16:36:32,061 INFO [rev_util_helpfulness|paper_align|Qwen3-0.6B] step=648 epoch=2.5224

                                                 

 84%|████████▍ | 648/771 [21:49<04:01,  1.96s/it]2026-09-20 16:36:32,571 INFO [rev_util_helpfulness|paper_align|Qwen3-0.6B] step=648 epoch=2.5224

                                                 

 84%|████████▍ | 648/771 [21:50<04:01,  1.96s/it]2026-09-20 16:36:33,046 INFO [rev_util_helpfulness|paper_align|Qwen3-0.6B] step=648 epoch=2.5224

                                                 

 84%|████████▍ | 648/771 [21:50<04:01,  1.96s/it]
 84%|████████▍ | 649/771 [21:51<03:59,  1.96s/it]2026-09-20 16:36:33,552 INFO [rev_util_helpfulness|paper_align|Qwen3-0.6B] step=649 epoch=2.5263

                                                 

 84%|████████▍ | 649/771 [21:51<03:59,  1.96s/it]2026-09-20 16:36:34,023 INFO [rev_util_helpfulness|paper_align|Qwen3-0.6B] step=649 epoch=2.5263

                                                 

 84%|████████▍ | 649/771 [21:51<03:59,  1.96s/it]2026-09-20 16:36:34,709 INFO [rev_util_helpfulness|paper_align|Qwen3-0.6B] step=649 epoch=2.5263

                                                 

 84%|████████▍ | 649/771 [21:52<03:59,  1.96s/it]2026-09-20 16:36:35,184 INFO [rev_util_helpfulness|paper_align|Qwen3-0.6B] step=649 epoch=2.5263

                                                 

 84%|████████▍ | 649/771 [21:52<03:59,  1.96s/it]
 84%|████████▍ | 650/771 [21:53<04:03,  2.02s/it]2026-09-20 16:36:35,521 INFO [rev_util_helpfulness|paper_align|Qwen3-0.6B] step=650 loss=0.2963 learning_rate=0.0000 epoch=2.5302

                                                 

 84%|████████▍ | 650/771 [21:53<04:03,  2.02s/it]2026-09-20 16:36:35,696 INFO [rev_util_helpfulness|paper_align|Qwen3-0.6B] step=650 epoch=2.5302

                                                 

 84%|████████▍ | 650/771 [21:53<04:03,  2.02s/it]2026-09-20 16:36:36,171 INFO [rev_util_helpfulness|paper_align|Qwen3-0.6B] step=650 epoch=2.5302

                                                 

 84%|████████▍ | 650/771 [21:53<04:03,  2.02s/it]2026-09-20 16:36:36,650 INFO [rev_util_helpfulness|paper_align|Qwen3-0.6B] step=650 epoch=2.5302

                                                 

 84%|████████▍ | 650/771 [21:54<04:03,  2.02s/it]2026-09-20 16:36:37,121 INFO [rev_util_helpfulness|paper_align|Qwen3-0.6B] step=650 epoch=2.5302

                                                 

 84%|████████▍ | 650/771 [21:54<04:03,  2.02s/it]
 84%|████████▍ | 651/771 [21:55<03:58,  1.99s/it]2026-09-20 16:36:37,627 INFO [rev_util_helpfulness|paper_align|Qwen3-0.6B] step=651 epoch=2.5341

                                                 

 84%|████████▍ | 651/771 [21:55<03:58,  1.99s/it]2026-09-20 16:36:38,089 INFO [rev_util_helpfulness|paper_align|Qwen3-0.6B] step=651 epoch=2.5341

                                                 

 84%|████████▍ | 651/771 [21:55<03:58,  1.99s/it]2026-09-20 16:36:38,571 INFO [rev_util_helpfulness|paper_align|Qwen3-0.6B] step=651 epoch=2.5341

                                                 

 84%|████████▍ | 651/771 [21:56<03:58,  1.99s/it]2026-09-20 16:36:39,043 INFO [rev_util_helpfulness|paper_align|Qwen3-0.6B] step=651 epoch=2.5341

                                                 

 84%|████████▍ | 651/771 [21:56<03:58,  1.99s/it]
 85%|████████▍ | 652/771 [21:57<03:54,  1.97s/it]2026-09-20 16:36:39,552 INFO [rev_util_helpfulness|paper_align|Qwen3-0.6B] step=652 epoch=2.5380

                                                 

 85%|████████▍ | 652/771 [21:57<03:54,  1.97s/it]2026-09-20 16:36:40,013 INFO [rev_util_helpfulness|paper_align|Qwen3-0.6B] step=652 epoch=2.5380

                                                 

 85%|████████▍ | 652/771 [21:57<03:54,  1.97s/it]2026-09-20 16:36:40,514 INFO [rev_util_helpfulness|paper_align|Qwen3-0.6B] step=652 epoch=2.5380

                                                 

 85%|████████▍ | 652/771 [21:58<03:54,  1.97s/it]2026-09-20 16:36:41,020 INFO [rev_util_helpfulness|paper_align|Qwen3-0.6B] step=652 epoch=2.5380

                                                 

 85%|████████▍ | 652/771 [21:58<03:54,  1.97s/it]
 85%|████████▍ | 653/771 [21:59<03:52,  1.97s/it]2026-09-20 16:36:41,531 INFO [rev_util_helpfulness|paper_align|Qwen3-0.6B] step=653 epoch=2.5419

                                                 

 85%|████████▍ | 653/771 [21:59<03:52,  1.97s/it]2026-09-20 16:36:42,008 INFO [rev_util_helpfulness|paper_align|Qwen3-0.6B] step=653 epoch=2.5419

                                                 

 85%|████████▍ | 653/771 [21:59<03:52,  1.97s/it]2026-09-20 16:36:42,489 INFO [rev_util_helpfulness|paper_align|Qwen3-0.6B] step=653 epoch=2.5419

                                                 

 85%|████████▍ | 653/771 [22:00<03:52,  1.97s/it]2026-09-20 16:36:42,969 INFO [rev_util_helpfulness|paper_align|Qwen3-0.6B] step=653 epoch=2.5419

                                                 

 85%|████████▍ | 653/771 [22:00<03:52,  1.97s/it]
 85%|████████▍ | 654/771 [22:01<03:50,  1.97s/it]2026-09-20 16:36:43,494 INFO [rev_util_helpfulness|paper_align|Qwen3-0.6B] step=654 epoch=2.5458

                                                 

 85%|████████▍ | 654/771 [22:01<03:50,  1.97s/it]2026-09-20 16:36:43,978 INFO [rev_util_helpfulness|paper_align|Qwen3-0.6B] step=654 epoch=2.5458

                                                 

 85%|████████▍ | 654/771 [22:01<03:50,  1.97s/it]2026-09-20 16:36:44,635 INFO [rev_util_helpfulness|paper_align|Qwen3-0.6B] step=654 epoch=2.5458

                                                 

 85%|████████▍ | 654/771 [22:02<03:50,  1.97s/it]2026-09-20 16:36:45,124 INFO [rev_util_helpfulness|paper_align|Qwen3-0.6B] step=654 epoch=2.5458

                                                 

 85%|████████▍ | 654/771 [22:02<03:50,  1.97s/it]
 85%|████████▍ | 655/771 [22:03<03:54,  2.02s/it]2026-09-20 16:36:45,636 INFO [rev_util_helpfulness|paper_align|Qwen3-0.6B] step=655 epoch=2.5497

                                                 

 85%|████████▍ | 655/771 [22:03<03:54,  2.02s/it]2026-09-20 16:36:46,118 INFO [rev_util_helpfulness|paper_align|Qwen3-0.6B] step=655 epoch=2.5497

                                                 

 85%|████████▍ | 655/771 [22:03<03:54,  2.02s/it]2026-09-20 16:36:46,595 INFO [rev_util_helpfulness|paper_align|Qwen3-0.6B] step=655 epoch=2.5497

                                                 

 85%|████████▍ | 655/771 [22:04<03:54,  2.02s/it]2026-09-20 16:36:47,068 INFO [rev_util_helpfulness|paper_align|Qwen3-0.6B] step=655 epoch=2.5497

                                                 

 85%|████████▍ | 655/771 [22:04<03:54,  2.02s/it]
 85%|████████▌ | 656/771 [22:05<03:49,  2.00s/it]2026-09-20 16:36:47,577 INFO [rev_util_helpfulness|paper_align|Qwen3-0.6B] step=656 epoch=2.5536

                                                 

 85%|████████▌ | 656/771 [22:05<03:49,  2.00s/it]2026-09-20 16:36:48,044 INFO [rev_util_helpfulness|paper_align|Qwen3-0.6B] step=656 epoch=2.5536

                                                 

 85%|████████▌ | 656/771 [22:05<03:49,  2.00s/it]2026-09-20 16:36:48,515 INFO [rev_util_helpfulness|paper_align|Qwen3-0.6B] step=656 epoch=2.5536

                                                 

 85%|████████▌ | 656/771 [22:06<03:49,  2.00s/it]2026-09-20 16:36:48,990 INFO [rev_util_helpfulness|paper_align|Qwen3-0.6B] step=656 epoch=2.5536

                                                 

 85%|████████▌ | 656/771 [22:06<03:49,  2.00s/it]
 85%|████████▌ | 657/771 [22:07<03:45,  1.97s/it]2026-09-20 16:36:49,499 INFO [rev_util_helpfulness|paper_align|Qwen3-0.6B] step=657 epoch=2.5575

                                                 

 85%|████████▌ | 657/771 [22:07<03:45,  1.97s/it]2026-09-20 16:36:49,966 INFO [rev_util_helpfulness|paper_align|Qwen3-0.6B] step=657 epoch=2.5575

                                                 

 85%|████████▌ | 657/771 [22:07<03:45,  1.97s/it]2026-09-20 16:36:50,455 INFO [rev_util_helpfulness|paper_align|Qwen3-0.6B] step=657 epoch=2.5575

                                                 

 85%|████████▌ | 657/771 [22:08<03:45,  1.97s/it]2026-09-20 16:36:50,927 INFO [rev_util_helpfulness|paper_align|Qwen3-0.6B] step=657 epoch=2.5575

                                                 

 85%|████████▌ | 657/771 [22:08<03:45,  1.97s/it]
 85%|████████▌ | 658/771 [22:08<03:42,  1.97s/it]2026-09-20 16:36:51,440 INFO [rev_util_helpfulness|paper_align|Qwen3-0.6B] step=658 epoch=2.5614

                                                 

 85%|████████▌ | 658/771 [22:09<03:42,  1.97s/it]2026-09-20 16:36:51,911 INFO [rev_util_helpfulness|paper_align|Qwen3-0.6B] step=658 epoch=2.5614

                                                 

 85%|████████▌ | 658/771 [22:09<03:42,  1.97s/it]2026-09-20 16:36:52,387 INFO [rev_util_helpfulness|paper_align|Qwen3-0.6B] step=658 epoch=2.5614

                                                 

 85%|████████▌ | 658/771 [22:10<03:42,  1.97s/it]2026-09-20 16:36:52,859 INFO [rev_util_helpfulness|paper_align|Qwen3-0.6B] step=658 epoch=2.5614

                                                 

 85%|████████▌ | 658/771 [22:10<03:42,  1.97s/it]
 85%|████████▌ | 659/771 [22:10<03:39,  1.96s/it]2026-09-20 16:36:53,370 INFO [rev_util_helpfulness|paper_align|Qwen3-0.6B] step=659 epoch=2.5653

                                                 

 85%|████████▌ | 659/771 [22:11<03:39,  1.96s/it]2026-09-20 16:36:53,846 INFO [rev_util_helpfulness|paper_align|Qwen3-0.6B] step=659 epoch=2.5653

                                                 

 85%|████████▌ | 659/771 [22:11<03:39,  1.96s/it]2026-09-20 16:36:54,507 INFO [rev_util_helpfulness|paper_align|Qwen3-0.6B] step=659 epoch=2.5653

                                                 

 85%|████████▌ | 659/771 [22:12<03:39,  1.96s/it]2026-09-20 16:36:54,986 INFO [rev_util_helpfulness|paper_align|Qwen3-0.6B] step=659 epoch=2.5653

                                                 

 85%|████████▌ | 659/771 [22:12<03:39,  1.96s/it]
 86%|████████▌ | 660/771 [22:13<03:42,  2.01s/it]2026-09-20 16:36:55,321 INFO [rev_util_helpfulness|paper_align|Qwen3-0.6B] step=660 loss=0.2854 learning_rate=0.0000 epoch=2.5692

                                                 

 86%|████████▌ | 660/771 [22:13<03:42,  2.01s/it]2026-09-20 16:36:55,499 INFO [rev_util_helpfulness|paper_align|Qwen3-0.6B] step=660 epoch=2.5692

                                                 

 86%|████████▌ | 660/771 [22:13<03:42,  2.01s/it]2026-09-20 16:36:55,972 INFO [rev_util_helpfulness|paper_align|Qwen3-0.6B] step=660 epoch=2.5692

                                                 

 86%|████████▌ | 660/771 [22:13<03:42,  2.01s/it]2026-09-20 16:36:56,449 INFO [rev_util_helpfulness|paper_align|Qwen3-0.6B] step=660 epoch=2.5692

                                                 

 86%|████████▌ | 660/771 [22:14<03:42,  2.01s/it]2026-09-20 16:36:56,918 INFO [rev_util_helpfulness|paper_align|Qwen3-0.6B] step=660 epoch=2.5692

                                                 

 86%|████████▌ | 660/771 [22:14<03:42,  2.01s/it]
 86%|████████▌ | 661/771 [22:14<03:38,  1.99s/it]2026-09-20 16:36:57,435 INFO [rev_util_helpfulness|paper_align|Qwen3-0.6B] step=661 epoch=2.5731

                                                 

 86%|████████▌ | 661/771 [22:15<03:38,  1.99s/it]2026-09-20 16:36:57,916 INFO [rev_util_helpfulness|paper_align|Qwen3-0.6B] step=661 epoch=2.5731

                                                 

 86%|████████▌ | 661/771 [22:15<03:38,  1.99s/it]2026-09-20 16:36:58,393 INFO [rev_util_helpfulness|paper_align|Qwen3-0.6B] step=661 epoch=2.5731

                                                 

 86%|████████▌ | 661/771 [22:16<03:38,  1.99s/it]2026-09-20 16:36:58,866 INFO [rev_util_helpfulness|paper_align|Qwen3-0.6B] step=661 epoch=2.5731

                                                 
{'paper_align_label_loss': '0.003382', 'paper_align_reason_loss': '0.1048', 'epoch': '2.491'}
{'paper_align_label_loss': '0.02976', 'paper_align_reason_loss': '0.1334', 'epoch': '2.491'}
{'paper_align_label_loss': '0.03066', 'paper_align_reason_loss': '0.1196', 'epoch': '2.495'}
{'paper_align_label_loss': '0.0001577', 'paper_align_reason_loss': '0.1083', 'epoch': '2.495'}
{'paper_align_label_loss': '0.005634', 'paper_align_reason_loss': '0.1019', 'epoch': '2.495'}
{'paper_align_label_loss': '0.005812', 'paper_align_reason_loss': '0.1168', 'epoch': '2.495'}
{'paper_align_label_loss': '0.01976', 'paper_align_reason_loss': '0.08751', 'epoch': '2.499'}
{'paper_align_label_loss': '0.1338', 'paper_align_reason_loss': '0.1259', 'epoch': '2.499'}
{'paper_align_label_loss': '0.009714', 'paper_align_reason_loss': '0.08004', 'epoch': '2.499'}
{'paper_align_label_loss': '0.02188', 'paper_align_reason_loss': '0.101', 'epoch': '2.499'}
{'paper_align_label_loss': '0.07196', 'paper_align_reason_loss': '0.1033', 'epoch': '2.503'}
{'paper_align_label_loss': '0.002956', 'paper_align_reason_loss': '0.1263', 'epoch': '2.503'}
{'paper_align_label_loss': '0.01131', 'paper_align_reason_loss': '0.1125', 'epoch': '2.503'}
{'paper_align_label_loss': '0.0004727', 'paper_align_reason_loss': '0.1022', 'epoch': '2.503'}
{'paper_align_label_loss': '0.00856', 'paper_align_reason_loss': '0.1273', 'epoch': '2.507'}
{'paper_align_label_loss': '0.0008215', 'paper_align_reason_loss': '0.09644', 'epoch': '2.507'}
{'paper_align_label_loss': '0.001198', 'paper_align_reason_loss': '0.09093', 'epoch': '2.507'}
{'paper_align_label_loss': '0.1983', 'paper_align_reason_loss': '0.09629', 'epoch': '2.507'}
{'paper_align_label_loss': '0.01994', 'paper_align_reason_loss': '0.1399', 'epoch': '2.511'}
{'paper_align_label_loss': '0.0004901', 'paper_align_reason_loss': '0.09289', 'epoch': '2.511'}
{'paper_align_label_loss': '0.006085', 'paper_align_reason_loss': '0.1501', 'epoch': '2.511'}
{'paper_align_label_loss': '0.001383', 'paper_align_reason_loss': '0.1126', 'epoch': '2.511'}
{'paper_align_label_loss': '0.2061', 'paper_align_reason_loss': '0.1108', 'epoch': '2.515'}
{'paper_align_label_loss': '0.01241', 'paper_align_reason_loss': '0.1365', 'epoch': '2.515'}
{'paper_align_label_loss': '0.1892', 'paper_align_reason_loss': '0.1456', 'epoch': '2.515'}
{'paper_align_label_loss': '0.07769', 'paper_align_reason_loss': '0.1624', 'epoch': '2.515'}
{'paper_align_label_loss': '0.0562', 'paper_align_reason_loss': '0.09939', 'epoch': '2.519'}
{'paper_align_label_loss': '0.0009337', 'paper_align_reason_loss': '0.0912', 'epoch': '2.519'}
{'paper_align_label_loss': '0.04382', 'paper_align_reason_loss': '0.1644', 'epoch': '2.519'}
{'paper_align_label_loss': '0.001771', 'paper_align_reason_loss': '0.09608', 'epoch': '2.519'}
{'paper_align_label_loss': '0.002152', 'paper_align_reason_loss': '0.1316', 'epoch': '2.522'}
{'paper_align_label_loss': '0.01456', 'paper_align_reason_loss': '0.1375', 'epoch': '2.522'}
{'paper_align_label_loss': '0.003327', 'paper_align_reason_loss': '0.1108', 'epoch': '2.522'}
{'paper_align_label_loss': '0.007224', 'paper_align_reason_loss': '0.1126', 'epoch': '2.522'}
{'paper_align_label_loss': '0.001684', 'paper_align_reason_loss': '0.08607', 'epoch': '2.526'}
{'paper_align_label_loss': '0.02989', 'paper_align_reason_loss': '0.07686', 'epoch': '2.526'}
{'paper_align_label_loss': '0.1808', 'paper_align_reason_loss': '0.1005', 'epoch': '2.526'}
{'paper_align_label_loss': '0.009844', 'paper_align_reason_loss': '0.1016', 'epoch': '2.526'}
{'loss': '0.2963', 'grad_norm': '5.758', 'learning_rate': '6.438e-06', 'epoch': '2.53'}
{'paper_align_label_loss': '0.005156', 'paper_align_reason_loss': '0.1297', 'epoch': '2.53'}
{'paper_align_label_loss': '0.002591', 'paper_align_reason_loss': '0.1023', 'epoch': '2.53'}
{'paper_align_label_loss': '0.001274', 'paper_align_reason_loss': '0.1119', 'epoch': '2.53'}
{'paper_align_label_loss': '0.009909', 'paper_align_reason_loss': '0.1252', 'epoch': '2.53'}
{'paper_align_label_loss': '0.001306', 'paper_align_reason_loss': '0.1457', 'epoch': '2.534'}
{'paper_align_label_loss': '0.0008399', 'paper_align_reason_loss': '0.1032', 'epoch': '2.534'}
{'paper_align_label_loss': '0.001372', 'paper_align_reason_loss': '0.09705', 'epoch': '2.534'}
{'paper_align_label_loss': '0.1029', 'paper_align_reason_loss': '0.1376', 'epoch': '2.534'}
{'paper_align_label_loss': '0.01282', 'paper_align_reason_loss': '0.1265', 'epoch': '2.538'}
{'paper_align_label_loss': '0.003992', 'paper_align_reason_loss': '0.1675', 'epoch': '2.538'}
{'paper_align_label_loss': '0.01301', 'paper_align_reason_loss': '0.08949', 'epoch': '2.538'}
{'paper_align_label_loss': '0.0002793', 'paper_align_reason_loss': '0.06652', 'epoch': '2.538'}
{'paper_align_label_loss': '0.05637', 'paper_align_reason_loss': '0.1536', 'epoch': '2.542'}
{'paper_align_label_loss': '0.01975', 'paper_align_reason_loss': '0.1641', 'epoch': '2.542'}
{'paper_align_label_loss': '0.0004057', 'paper_align_reason_loss': '0.1359', 'epoch': '2.542'}
{'paper_align_label_loss': '0.04466', 'paper_align_reason_loss': '0.1523', 'epoch': '2.542'}
{'paper_align_label_loss': '0.001175', 'paper_align_reason_loss': '0.1003', 'epoch': '2.546'}
{'paper_align_label_loss': '0.1474', 'paper_align_reason_loss': '0.1555', 'epoch': '2.546'}
{'paper_align_label_loss': '0.0004346', 'paper_align_reason_loss': '0.0923', 'epoch': '2.546'}
{'paper_align_label_loss': '0.004017', 'paper_align_reason_loss': '0.1316', 'epoch': '2.546'}
{'paper_align_label_loss': '0.003035', 'paper_align_reason_loss': '0.09105', 'epoch': '2.55'}
{'paper_align_label_loss': '0.06198', 'paper_align_reason_loss': '0.1012', 'epoch': '2.55'}
{'paper_align_label_loss': '0.0008337', 'paper_align_reason_loss': '0.1284', 'epoch': '2.55'}
{'paper_align_label_loss': '0.03009', 'paper_align_reason_loss': '0.08819', 'epoch': '2.55'}
{'paper_align_label_loss': '0.02188', 'paper_align_reason_loss': '0.08042', 'epoch': '2.554'}
{'paper_align_label_loss': '0.006415', 'paper_align_reason_loss': '0.1145', 'epoch': '2.554'}
{'paper_align_label_loss': '0.00609', 'paper_align_reason_loss': '0.1003', 'epoch': '2.554'}
{'paper_align_label_loss': '0.006506', 'paper_align_reason_loss': '0.1809', 'epoch': '2.554'}
{'paper_align_label_loss': '0.001532', 'paper_align_reason_loss': '0.1307', 'epoch': '2.558'}
{'paper_align_label_loss': '0.01024', 'paper_align_reason_loss': '0.121', 'epoch': '2.558'}
{'paper_align_label_loss': '0.02002', 'paper_align_reason_loss': '0.08073', 'epoch': '2.558'}
{'paper_align_label_loss': '0.003479', 'paper_align_reason_loss': '0.1035', 'epoch': '2.558'}
{'paper_align_label_loss': '0.07663', 'paper_align_reason_loss': '0.1354', 'epoch': '2.561'}
{'paper_align_label_loss': '0.2813', 'paper_align_reason_loss': '0.109', 'epoch': '2.561'}
{'paper_align_label_loss': '0.0002906', 'paper_align_reason_loss': '0.1233', 'epoch': '2.561'}
{'paper_align_label_loss': '0.003898', 'paper_align_reason_loss': '0.09638', 'epoch': '2.561'}
{'paper_align_label_loss': '0.01513', 'paper_align_reason_loss': '0.1027', 'epoch': '2.565'}
{'paper_align_label_loss': '0.001022', 'paper_align_reason_loss': '0.1009', 'epoch': '2.565'}
{'paper_align_label_loss': '0.0007069', 'paper_align_reason_loss': '0.09511', 'epoch': '2.565'}
{'paper_align_label_loss': '0.01006', 'paper_align_reason_loss': '0.1459', 'epoch': '2.565'}
{'loss': '0.2854', 'grad_norm': '3.056', 'learning_rate': '5.445e-06', 'epoch': '2.569'}
{'paper_align_label_loss': '0.02711', 'paper_align_reason_loss': '0.07619', 'epoch': '2.569'}
{'paper_align_label_loss': '0.0003638', 'paper_align_reason_loss': '0.1539', 'epoch': '2.569'}
{'paper_align_label_loss': '0.003342', 'paper_align_reason_loss': '0.1249', 'epoch': '2.569'}
{'paper_align_label_loss': '0.004273', 'paper_align_reason_loss': '0.1528', 'epoch': '2.569'}
{'paper_align_label_loss': '0.007559', 'paper_align_reason_loss': '0.1157', 'epoch': '2.573'}
{'paper_align_label_loss': '0.004808', 'paper_align_reason_loss': '0.09356', 'epoch': '2.573'}
{'paper_align_label_loss': '0.03789', 'paper_align_reason_loss': '0.0928', 'epoch': '2.573'}

 86%|████████▌ | 661/771 [22:16<03:38,  1.99s/it]
 86%|████████▌ | 662/771 [22:16<03:34,  1.97s/it]2026-09-20 16:36:59,374 INFO [rev_util_helpfulness|paper_align|Qwen3-0.6B] step=662 epoch=2.5770

                                                 

 86%|████████▌ | 662/771 [22:17<03:34,  1.97s/it]2026-09-20 16:36:59,855 INFO [rev_util_helpfulness|paper_align|Qwen3-0.6B] step=662 epoch=2.5770

                                                 

 86%|████████▌ | 662/771 [22:17<03:34,  1.97s/it]2026-09-20 16:37:00,339 INFO [rev_util_helpfulness|paper_align|Qwen3-0.6B] step=662 epoch=2.5770

                                                 

 86%|████████▌ | 662/771 [22:18<03:34,  1.97s/it]2026-09-20 16:37:00,816 INFO [rev_util_helpfulness|paper_align|Qwen3-0.6B] step=662 epoch=2.5770

                                                 

 86%|████████▌ | 662/771 [22:18<03:34,  1.97s/it]
 86%|████████▌ | 663/771 [22:18<03:32,  1.97s/it]2026-09-20 16:37:01,332 INFO [rev_util_helpfulness|paper_align|Qwen3-0.6B] step=663 epoch=2.5809

                                                 

 86%|████████▌ | 663/771 [22:19<03:32,  1.97s/it]2026-09-20 16:37:01,796 INFO [rev_util_helpfulness|paper_align|Qwen3-0.6B] step=663 epoch=2.5809

                                                 

 86%|████████▌ | 663/771 [22:19<03:32,  1.97s/it]2026-09-20 16:37:02,279 INFO [rev_util_helpfulness|paper_align|Qwen3-0.6B] step=663 epoch=2.5809

                                                 

 86%|████████▌ | 663/771 [22:19<03:32,  1.97s/it]2026-09-20 16:37:02,771 INFO [rev_util_helpfulness|paper_align|Qwen3-0.6B] step=663 epoch=2.5809

                                                 

 86%|████████▌ | 663/771 [22:20<03:32,  1.97s/it]
 86%|████████▌ | 664/771 [22:20<03:30,  1.97s/it]2026-09-20 16:37:03,308 INFO [rev_util_helpfulness|paper_align|Qwen3-0.6B] step=664 epoch=2.5848

                                                 

 86%|████████▌ | 664/771 [22:21<03:30,  1.97s/it]2026-09-20 16:37:03,789 INFO [rev_util_helpfulness|paper_align|Qwen3-0.6B] step=664 epoch=2.5848

                                                 

 86%|████████▌ | 664/771 [22:21<03:30,  1.97s/it]2026-09-20 16:37:04,271 INFO [rev_util_helpfulness|paper_align|Qwen3-0.6B] step=664 epoch=2.5848

                                                 

 86%|████████▌ | 664/771 [22:21<03:30,  1.97s/it]2026-09-20 16:37:04,751 INFO [rev_util_helpfulness|paper_align|Qwen3-0.6B] step=664 epoch=2.5848

                                                 

 86%|████████▌ | 664/771 [22:22<03:30,  1.97s/it]
 86%|████████▋ | 665/771 [22:22<03:34,  2.03s/it]2026-09-20 16:37:05,459 INFO [rev_util_helpfulness|paper_align|Qwen3-0.6B] step=665 epoch=2.5887

                                                 

 86%|████████▋ | 665/771 [22:23<03:34,  2.03s/it]2026-09-20 16:37:05,934 INFO [rev_util_helpfulness|paper_align|Qwen3-0.6B] step=665 epoch=2.5887

                                                 

 86%|████████▋ | 665/771 [22:23<03:34,  2.03s/it]2026-09-20 16:37:06,413 INFO [rev_util_helpfulness|paper_align|Qwen3-0.6B] step=665 epoch=2.5887

                                                 

 86%|████████▋ | 665/771 [22:24<03:34,  2.03s/it]2026-09-20 16:37:06,889 INFO [rev_util_helpfulness|paper_align|Qwen3-0.6B] step=665 epoch=2.5887

                                                 

 86%|████████▋ | 665/771 [22:24<03:34,  2.03s/it]
 86%|████████▋ | 666/771 [22:24<03:30,  2.00s/it]2026-09-20 16:37:07,400 INFO [rev_util_helpfulness|paper_align|Qwen3-0.6B] step=666 epoch=2.5926

                                                 

 86%|████████▋ | 666/771 [22:25<03:30,  2.00s/it]2026-09-20 16:37:07,872 INFO [rev_util_helpfulness|paper_align|Qwen3-0.6B] step=666 epoch=2.5926

                                                 

 86%|████████▋ | 666/771 [22:25<03:30,  2.00s/it]2026-09-20 16:37:08,346 INFO [rev_util_helpfulness|paper_align|Qwen3-0.6B] step=666 epoch=2.5926

                                                 

 86%|████████▋ | 666/771 [22:26<03:30,  2.00s/it]2026-09-20 16:37:08,820 INFO [rev_util_helpfulness|paper_align|Qwen3-0.6B] step=666 epoch=2.5926

                                                 

 86%|████████▋ | 666/771 [22:26<03:30,  2.00s/it]
 87%|████████▋ | 667/771 [22:26<03:25,  1.98s/it]2026-09-20 16:37:09,327 INFO [rev_util_helpfulness|paper_align|Qwen3-0.6B] step=667 epoch=2.5965

                                                 

 87%|████████▋ | 667/771 [22:27<03:25,  1.98s/it]2026-09-20 16:37:09,795 INFO [rev_util_helpfulness|paper_align|Qwen3-0.6B] step=667 epoch=2.5965

                                                 

 87%|████████▋ | 667/771 [22:27<03:25,  1.98s/it]2026-09-20 16:37:10,270 INFO [rev_util_helpfulness|paper_align|Qwen3-0.6B] step=667 epoch=2.5965

                                                 

 87%|████████▋ | 667/771 [22:27<03:25,  1.98s/it]2026-09-20 16:37:10,746 INFO [rev_util_helpfulness|paper_align|Qwen3-0.6B] step=667 epoch=2.5965

                                                 

 87%|████████▋ | 667/771 [22:28<03:25,  1.98s/it]
 87%|████████▋ | 668/771 [22:28<03:22,  1.96s/it]2026-09-20 16:37:11,254 INFO [rev_util_helpfulness|paper_align|Qwen3-0.6B] step=668 epoch=2.6004

                                                 

 87%|████████▋ | 668/771 [22:28<03:22,  1.96s/it]2026-09-20 16:37:11,727 INFO [rev_util_helpfulness|paper_align|Qwen3-0.6B] step=668 epoch=2.6004

                                                 

 87%|████████▋ | 668/771 [22:29<03:22,  1.96s/it]2026-09-20 16:37:12,200 INFO [rev_util_helpfulness|paper_align|Qwen3-0.6B] step=668 epoch=2.6004

                                                 

 87%|████████▋ | 668/771 [22:29<03:22,  1.96s/it]2026-09-20 16:37:12,682 INFO [rev_util_helpfulness|paper_align|Qwen3-0.6B] step=668 epoch=2.6004

                                                 

 87%|████████▋ | 668/771 [22:30<03:22,  1.96s/it]
 87%|████████▋ | 669/771 [22:30<03:19,  1.96s/it]2026-09-20 16:37:13,196 INFO [rev_util_helpfulness|paper_align|Qwen3-0.6B] step=669 epoch=2.6043

                                                 

 87%|████████▋ | 669/771 [22:30<03:19,  1.96s/it]2026-09-20 16:37:13,669 INFO [rev_util_helpfulness|paper_align|Qwen3-0.6B] step=669 epoch=2.6043

                                                 

 87%|████████▋ | 669/771 [22:31<03:19,  1.96s/it]2026-09-20 16:37:14,145 INFO [rev_util_helpfulness|paper_align|Qwen3-0.6B] step=669 epoch=2.6043

                                                 

 87%|████████▋ | 669/771 [22:31<03:19,  1.96s/it]2026-09-20 16:37:14,621 INFO [rev_util_helpfulness|paper_align|Qwen3-0.6B] step=669 epoch=2.6043

                                                 

 87%|████████▋ | 669/771 [22:32<03:19,  1.96s/it]
 87%|████████▋ | 670/771 [22:32<03:16,  1.95s/it]2026-09-20 16:37:14,953 INFO [rev_util_helpfulness|paper_align|Qwen3-0.6B] step=670 loss=0.2659 learning_rate=0.0000 epoch=2.6082

                                                 

 87%|████████▋ | 670/771 [22:32<03:16,  1.95s/it]2026-09-20 16:37:15,128 INFO [rev_util_helpfulness|paper_align|Qwen3-0.6B] step=670 epoch=2.6082

                                                 

 87%|████████▋ | 670/771 [22:32<03:16,  1.95s/it]2026-09-20 16:37:15,781 INFO [rev_util_helpfulness|paper_align|Qwen3-0.6B] step=670 epoch=2.6082

                                                 

 87%|████████▋ | 670/771 [22:33<03:16,  1.95s/it]2026-09-20 16:37:16,258 INFO [rev_util_helpfulness|paper_align|Qwen3-0.6B] step=670 epoch=2.6082

                                                 

 87%|████████▋ | 670/771 [22:33<03:16,  1.95s/it]2026-09-20 16:37:16,735 INFO [rev_util_helpfulness|paper_align|Qwen3-0.6B] step=670 epoch=2.6082

                                                 

 87%|████████▋ | 670/771 [22:34<03:16,  1.95s/it]
 87%|████████▋ | 671/771 [22:34<03:19,  2.00s/it]2026-09-20 16:37:17,245 INFO [rev_util_helpfulness|paper_align|Qwen3-0.6B] step=671 epoch=2.6121

                                                 

 87%|████████▋ | 671/771 [22:34<03:19,  2.00s/it]2026-09-20 16:37:17,717 INFO [rev_util_helpfulness|paper_align|Qwen3-0.6B] step=671 epoch=2.6121

                                                 

 87%|████████▋ | 671/771 [22:35<03:19,  2.00s/it]2026-09-20 16:37:18,193 INFO [rev_util_helpfulness|paper_align|Qwen3-0.6B] step=671 epoch=2.6121

                                                 

 87%|████████▋ | 671/771 [22:35<03:19,  2.00s/it]2026-09-20 16:37:18,670 INFO [rev_util_helpfulness|paper_align|Qwen3-0.6B] step=671 epoch=2.6121

                                                 

 87%|████████▋ | 671/771 [22:36<03:19,  2.00s/it]
 87%|████████▋ | 672/771 [22:36<03:16,  1.98s/it]2026-09-20 16:37:19,190 INFO [rev_util_helpfulness|paper_align|Qwen3-0.6B] step=672 epoch=2.6160

                                                 

 87%|████████▋ | 672/771 [22:36<03:16,  1.98s/it]2026-09-20 16:37:19,661 INFO [rev_util_helpfulness|paper_align|Qwen3-0.6B] step=672 epoch=2.6160

                                                 

 87%|████████▋ | 672/771 [22:37<03:16,  1.98s/it]2026-09-20 16:37:20,129 INFO [rev_util_helpfulness|paper_align|Qwen3-0.6B] step=672 epoch=2.6160

                                                 

 87%|████████▋ | 672/771 [22:37<03:16,  1.98s/it]2026-09-20 16:37:20,604 INFO [rev_util_helpfulness|paper_align|Qwen3-0.6B] step=672 epoch=2.6160

                                                 

 87%|████████▋ | 672/771 [22:38<03:16,  1.98s/it]
 87%|████████▋ | 673/771 [22:38<03:12,  1.97s/it]2026-09-20 16:37:21,113 INFO [rev_util_helpfulness|paper_align|Qwen3-0.6B] step=673 epoch=2.6199

                                                 

 87%|████████▋ | 673/771 [22:38<03:12,  1.97s/it]2026-09-20 16:37:21,582 INFO [rev_util_helpfulness|paper_align|Qwen3-0.6B] step=673 epoch=2.6199

                                                 

 87%|████████▋ | 673/771 [22:39<03:12,  1.97s/it]2026-09-20 16:37:22,055 INFO [rev_util_helpfulness|paper_align|Qwen3-0.6B] step=673 epoch=2.6199

                                                 

 87%|████████▋ | 673/771 [22:39<03:12,  1.97s/it]2026-09-20 16:37:22,526 INFO [rev_util_helpfulness|paper_align|Qwen3-0.6B] step=673 epoch=2.6199

                                                 

 87%|████████▋ | 673/771 [22:40<03:12,  1.97s/it]
 87%|████████▋ | 674/771 [22:40<03:09,  1.95s/it]2026-09-20 16:37:23,032 INFO [rev_util_helpfulness|paper_align|Qwen3-0.6B] step=674 epoch=2.6238

                                                 

 87%|████████▋ | 674/771 [22:40<03:09,  1.95s/it]2026-09-20 16:37:23,501 INFO [rev_util_helpfulness|paper_align|Qwen3-0.6B] step=674 epoch=2.6238

                                                 

 87%|████████▋ | 674/771 [22:41<03:09,  1.95s/it]2026-09-20 16:37:23,974 INFO [rev_util_helpfulness|paper_align|Qwen3-0.6B] step=674 epoch=2.6238

                                                 

 87%|████████▋ | 674/771 [22:41<03:09,  1.95s/it]2026-09-20 16:37:24,446 INFO [rev_util_helpfulness|paper_align|Qwen3-0.6B] step=674 epoch=2.6238

                                                 

 87%|████████▋ | 674/771 [22:42<03:09,  1.95s/it]
 88%|████████▊ | 675/771 [22:42<03:06,  1.94s/it]2026-09-20 16:37:25,199 INFO [rev_util_helpfulness|paper_align|Qwen3-0.6B] step=675 epoch=2.6277

                                                 

 88%|████████▊ | 675/771 [22:42<03:06,  1.94s/it]2026-09-20 16:37:25,678 INFO [rev_util_helpfulness|paper_align|Qwen3-0.6B] step=675 epoch=2.6277

                                                 

 88%|████████▊ | 675/771 [22:43<03:06,  1.94s/it]2026-09-20 16:37:26,158 INFO [rev_util_helpfulness|paper_align|Qwen3-0.6B] step=675 epoch=2.6277

                                                 

 88%|████████▊ | 675/771 [22:43<03:06,  1.94s/it]2026-09-20 16:37:26,642 INFO [rev_util_helpfulness|paper_align|Qwen3-0.6B] step=675 epoch=2.6277

                                                 

 88%|████████▊ | 675/771 [22:44<03:06,  1.94s/it]
 88%|████████▊ | 676/771 [22:44<03:12,  2.02s/it]2026-09-20 16:37:27,139 INFO [rev_util_helpfulness|paper_align|Qwen3-0.6B] step=676 epoch=2.6316

                                                 

 88%|████████▊ | 676/771 [22:44<03:12,  2.02s/it]2026-09-20 16:37:27,589 INFO [rev_util_helpfulness|paper_align|Qwen3-0.6B] step=676 epoch=2.6316

                                                 

 88%|████████▊ | 676/771 [22:45<03:12,  2.02s/it]2026-09-20 16:37:28,058 INFO [rev_util_helpfulness|paper_align|Qwen3-0.6B] step=676 epoch=2.6316

                                                 

 88%|████████▊ | 676/771 [22:45<03:12,  2.02s/it]2026-09-20 16:37:28,518 INFO [rev_util_helpfulness|paper_align|Qwen3-0.6B] step=676 epoch=2.6316

                                                 

 88%|████████▊ | 676/771 [22:46<03:12,  2.02s/it]
 88%|████████▊ | 677/771 [22:46<03:05,  1.98s/it]2026-09-20 16:37:29,005 INFO [rev_util_helpfulness|paper_align|Qwen3-0.6B] step=677 epoch=2.6355

                                                 

 88%|████████▊ | 677/771 [22:46<03:05,  1.98s/it]2026-09-20 16:37:29,492 INFO [rev_util_helpfulness|paper_align|Qwen3-0.6B] step=677 epoch=2.6355

                                                 

 88%|████████▊ | 677/771 [22:47<03:05,  1.98s/it]2026-09-20 16:37:29,949 INFO [rev_util_helpfulness|paper_align|Qwen3-0.6B] step=677 epoch=2.6355

                                                 

 88%|████████▊ | 677/771 [22:47<03:05,  1.98s/it]2026-09-20 16:37:30,400 INFO [rev_util_helpfulness|paper_align|Qwen3-0.6B] step=677 epoch=2.6355

                                                 

 88%|████████▊ | 677/771 [22:48<03:05,  1.98s/it]
 88%|████████▊ | 678/771 [22:48<03:01,  1.95s/it]2026-09-20 16:37:30,918 INFO [rev_util_helpfulness|paper_align|Qwen3-0.6B] step=678 epoch=2.6394

                                                 

 88%|████████▊ | 678/771 [22:48<03:01,  1.95s/it]2026-09-20 16:37:31,403 INFO [rev_util_helpfulness|paper_align|Qwen3-0.6B] step=678 epoch=2.6394

                                                 

 88%|████████▊ | 678/771 [22:49<03:01,  1.95s/it]2026-09-20 16:37:31,884 INFO [rev_util_helpfulness|paper_align|Qwen3-0.6B] step=678 epoch=2.6394

                                                 

 88%|████████▊ | 678/771 [22:49<03:01,  1.95s/it]2026-09-20 16:37:32,358 INFO [rev_util_helpfulness|paper_align|Qwen3-0.6B] step=678 epoch=2.6394

                                                 

 88%|████████▊ | 678/771 [22:50<03:01,  1.95s/it]
 88%|████████▊ | 679/771 [22:50<02:59,  1.95s/it]2026-09-20 16:37:32,872 INFO [rev_util_helpfulness|paper_align|Qwen3-0.6B] step=679 epoch=2.6433

                                                 

 88%|████████▊ | 679/771 [22:50<02:59,  1.95s/it]2026-09-20 16:37:33,352 INFO [rev_util_helpfulness|paper_align|Qwen3-0.6B] step=679 epoch=2.6433

                                                 

 88%|████████▊ | 679/771 [22:51<02:59,  1.95s/it]2026-09-20 16:37:33,825 INFO [rev_util_helpfulness|paper_align|Qwen3-0.6B] step=679 epoch=2.6433

                                                 

 88%|████████▊ | 679/771 [22:51<02:59,  1.95s/it]2026-09-20 16:37:34,298 INFO [rev_util_helpfulness|paper_align|Qwen3-0.6B] step=679 epoch=2.6433

                                                 

 88%|████████▊ | 679/771 [22:52<02:59,  1.95s/it]
 88%|████████▊ | 680/771 [22:52<02:57,  1.95s/it]2026-09-20 16:37:34,638 INFO [rev_util_helpfulness|paper_align|Qwen3-0.6B] step=680 loss=0.3035 learning_rate=0.0000 epoch=2.6472

                                                 

 88%|████████▊ | 680/771 [22:52<02:57,  1.95s/it]2026-09-20 16:37:34,825 INFO [rev_util_helpfulness|paper_align|Qwen3-0.6B] step=680 epoch=2.6472

                                                 

 88%|████████▊ | 680/771 [22:52<02:57,  1.95s/it]2026-09-20 16:37:35,518 INFO [rev_util_helpfulness|paper_align|Qwen3-0.6B] step=680 epoch=2.6472

                                                 

 88%|████████▊ | 680/771 [22:53<02:57,  1.95s/it]2026-09-20 16:37:35,988 INFO [rev_util_helpfulness|paper_align|Qwen3-0.6B] step=680 epoch=2.6472

                                                 

 88%|████████▊ | 680/771 [22:53<02:57,  1.95s/it]2026-09-20 16:37:36,479 INFO [rev_util_helpfulness|paper_align|Qwen3-0.6B] step=680 epoch=2.6472

                                                 

 88%|████████▊ | 680/771 [22:54<02:57,  1.95s/it]
 88%|████████▊ | 681/771 [22:54<03:01,  2.02s/it]2026-09-20 16:37:37,007 INFO [rev_util_helpfulness|paper_align|Qwen3-0.6B] step=681 epoch=2.6511

                                                 

 88%|████████▊ | 681/771 [22:54<03:01,  2.02s/it]2026-09-20 16:37:37,495 INFO [rev_util_helpfulness|paper_align|Qwen3-0.6B] step=681 epoch=2.6511

                                                 

 88%|████████▊ | 681/771 [22:55<03:01,  2.02s/it]2026-09-20 16:37:37,976 INFO [rev_util_helpfulness|paper_align|Qwen3-0.6B] step=681 epoch=2.6511

                                                 

 88%|████████▊ | 681/771 [22:55<03:01,  2.02s/it]2026-09-20 16:37:38,446 INFO [rev_util_helpfulness|paper_align|Qwen3-0.6B] step=681 epoch=2.6511

                                                 

 88%|████████▊ | 681/771 [22:56<03:01,  2.02s/it]
 88%|████████▊ | 682/771 [22:56<02:58,  2.01s/it]2026-09-20 16:37:38,992 INFO [rev_util_helpfulness|paper_align|Qwen3-0.6B] step=682 epoch=2.6550

                                                 

 88%|████████▊ | 682/771 [22:56<02:58,  2.01s/it]2026-09-20 16:37:39,475 INFO [rev_util_helpfulness|paper_align|Qwen3-0.6B] step=682 epoch=2.6550

                                                 

 88%|████████▊ | 682/771 [22:57<02:58,  2.01s/it]2026-09-20 16:37:39,952 INFO [rev_util_helpfulness|paper_align|Qwen3-0.6B] step=682 epoch=2.6550

                                                 

 88%|████████▊ | 682/771 [22:57<02:58,  2.01s/it]2026-09-20 16:37:40,429 INFO [rev_util_helpfulness|paper_align|Qwen3-0.6B] step=682 epoch=2.6550

                                                 

 88%|████████▊ | 682/771 [22:58<02:58,  2.01s/it]
 89%|████████▊ | 683/771 [22:58<02:55,  1.99s/it]2026-09-20 16:37:40,941 INFO [rev_util_helpfulness|paper_align|Qwen3-0.6B] step=683 epoch=2.6589

                                                 
{'paper_align_label_loss': '0.05887', 'paper_align_reason_loss': '0.1411', 'epoch': '2.573'}
{'paper_align_label_loss': '0.02765', 'paper_align_reason_loss': '0.1033', 'epoch': '2.577'}
{'paper_align_label_loss': '0.0007358', 'paper_align_reason_loss': '0.1008', 'epoch': '2.577'}
{'paper_align_label_loss': '0.003576', 'paper_align_reason_loss': '0.1226', 'epoch': '2.577'}
{'paper_align_label_loss': '0.002843', 'paper_align_reason_loss': '0.1321', 'epoch': '2.577'}
{'paper_align_label_loss': '0.3165', 'paper_align_reason_loss': '0.1407', 'epoch': '2.581'}
{'paper_align_label_loss': '0.03293', 'paper_align_reason_loss': '0.1437', 'epoch': '2.581'}
{'paper_align_label_loss': '0.003123', 'paper_align_reason_loss': '0.1025', 'epoch': '2.581'}
{'paper_align_label_loss': '0.005359', 'paper_align_reason_loss': '0.1423', 'epoch': '2.581'}
{'paper_align_label_loss': '0.0003663', 'paper_align_reason_loss': '0.09935', 'epoch': '2.585'}
{'paper_align_label_loss': '0.01292', 'paper_align_reason_loss': '0.08987', 'epoch': '2.585'}
{'paper_align_label_loss': '0.005311', 'paper_align_reason_loss': '0.0707', 'epoch': '2.585'}
{'paper_align_label_loss': '0.0007055', 'paper_align_reason_loss': '0.1532', 'epoch': '2.585'}
{'paper_align_label_loss': '0.01784', 'paper_align_reason_loss': '0.0989', 'epoch': '2.589'}
{'paper_align_label_loss': '0.0128', 'paper_align_reason_loss': '0.1003', 'epoch': '2.589'}
{'paper_align_label_loss': '0.001386', 'paper_align_reason_loss': '0.1145', 'epoch': '2.589'}
{'paper_align_label_loss': '0.01042', 'paper_align_reason_loss': '0.1028', 'epoch': '2.589'}
{'paper_align_label_loss': '0.004689', 'paper_align_reason_loss': '0.07786', 'epoch': '2.593'}
{'paper_align_label_loss': '0.001896', 'paper_align_reason_loss': '0.1485', 'epoch': '2.593'}
{'paper_align_label_loss': '0.05877', 'paper_align_reason_loss': '0.09492', 'epoch': '2.593'}
{'paper_align_label_loss': '0.0003599', 'paper_align_reason_loss': '0.07191', 'epoch': '2.593'}
{'paper_align_label_loss': '0.006694', 'paper_align_reason_loss': '0.1105', 'epoch': '2.596'}
{'paper_align_label_loss': '0.0008694', 'paper_align_reason_loss': '0.0989', 'epoch': '2.596'}
{'paper_align_label_loss': '0.0005299', 'paper_align_reason_loss': '0.1117', 'epoch': '2.596'}
{'paper_align_label_loss': '0.02705', 'paper_align_reason_loss': '0.1114', 'epoch': '2.596'}
{'paper_align_label_loss': '0.01052', 'paper_align_reason_loss': '0.07757', 'epoch': '2.6'}
{'paper_align_label_loss': '0.004777', 'paper_align_reason_loss': '0.09481', 'epoch': '2.6'}
{'paper_align_label_loss': '0.1856', 'paper_align_reason_loss': '0.08253', 'epoch': '2.6'}
{'paper_align_label_loss': '0.001701', 'paper_align_reason_loss': '0.115', 'epoch': '2.6'}
{'paper_align_label_loss': '0.002552', 'paper_align_reason_loss': '0.09846', 'epoch': '2.604'}
{'paper_align_label_loss': '0.004499', 'paper_align_reason_loss': '0.08261', 'epoch': '2.604'}
{'paper_align_label_loss': '0.001249', 'paper_align_reason_loss': '0.09111', 'epoch': '2.604'}
{'paper_align_label_loss': '0.03787', 'paper_align_reason_loss': '0.1334', 'epoch': '2.604'}
{'loss': '0.2659', 'grad_norm': '3.176', 'learning_rate': '4.53e-06', 'epoch': '2.608'}
{'paper_align_label_loss': '0.06731', 'paper_align_reason_loss': '0.08981', 'epoch': '2.608'}
{'paper_align_label_loss': '0.1008', 'paper_align_reason_loss': '0.1433', 'epoch': '2.608'}
{'paper_align_label_loss': '0.006502', 'paper_align_reason_loss': '0.0909', 'epoch': '2.608'}
{'paper_align_label_loss': '0.002736', 'paper_align_reason_loss': '0.09478', 'epoch': '2.608'}
{'paper_align_label_loss': '0.03675', 'paper_align_reason_loss': '0.104', 'epoch': '2.612'}
{'paper_align_label_loss': '0.006946', 'paper_align_reason_loss': '0.1415', 'epoch': '2.612'}
{'paper_align_label_loss': '0.0007661', 'paper_align_reason_loss': '0.08873', 'epoch': '2.612'}
{'paper_align_label_loss': '0.09064', 'paper_align_reason_loss': '0.09855', 'epoch': '2.612'}
{'paper_align_label_loss': '0.01021', 'paper_align_reason_loss': '0.08744', 'epoch': '2.616'}
{'paper_align_label_loss': '0.01095', 'paper_align_reason_loss': '0.1286', 'epoch': '2.616'}
{'paper_align_label_loss': '0.0137', 'paper_align_reason_loss': '0.1268', 'epoch': '2.616'}
{'paper_align_label_loss': '0.0007622', 'paper_align_reason_loss': '0.08807', 'epoch': '2.616'}
{'paper_align_label_loss': '0.001561', 'paper_align_reason_loss': '0.1067', 'epoch': '2.62'}
{'paper_align_label_loss': '0.02145', 'paper_align_reason_loss': '0.1102', 'epoch': '2.62'}
{'paper_align_label_loss': '0.001836', 'paper_align_reason_loss': '0.1131', 'epoch': '2.62'}
{'paper_align_label_loss': '0.006807', 'paper_align_reason_loss': '0.1046', 'epoch': '2.62'}
{'paper_align_label_loss': '0.01004', 'paper_align_reason_loss': '0.07902', 'epoch': '2.624'}
{'paper_align_label_loss': '0.01819', 'paper_align_reason_loss': '0.1058', 'epoch': '2.624'}
{'paper_align_label_loss': '0.002126', 'paper_align_reason_loss': '0.09398', 'epoch': '2.624'}
{'paper_align_label_loss': '0.0006276', 'paper_align_reason_loss': '0.1116', 'epoch': '2.624'}
{'paper_align_label_loss': '0.0004136', 'paper_align_reason_loss': '0.1539', 'epoch': '2.628'}
{'paper_align_label_loss': '0.000887', 'paper_align_reason_loss': '0.1112', 'epoch': '2.628'}
{'paper_align_label_loss': '0.0003925', 'paper_align_reason_loss': '0.117', 'epoch': '2.628'}
{'paper_align_label_loss': '0.4329', 'paper_align_reason_loss': '0.1247', 'epoch': '2.628'}
{'paper_align_label_loss': '0.0056', 'paper_align_reason_loss': '0.1311', 'epoch': '2.632'}
{'paper_align_label_loss': '0.0009386', 'paper_align_reason_loss': '0.05244', 'epoch': '2.632'}
{'paper_align_label_loss': '0.1129', 'paper_align_reason_loss': '0.103', 'epoch': '2.632'}
{'paper_align_label_loss': '0.03662', 'paper_align_reason_loss': '0.0929', 'epoch': '2.632'}
{'paper_align_label_loss': '0.1686', 'paper_align_reason_loss': '0.1469', 'epoch': '2.635'}
{'paper_align_label_loss': '0.0262', 'paper_align_reason_loss': '0.0929', 'epoch': '2.635'}
{'paper_align_label_loss': '0.002662', 'paper_align_reason_loss': '0.1156', 'epoch': '2.635'}
{'paper_align_label_loss': '0.1859', 'paper_align_reason_loss': '0.1237', 'epoch': '2.635'}
{'paper_align_label_loss': '0.0008331', 'paper_align_reason_loss': '0.09976', 'epoch': '2.639'}
{'paper_align_label_loss': '0.3116', 'paper_align_reason_loss': '0.1344', 'epoch': '2.639'}
{'paper_align_label_loss': '0.002949', 'paper_align_reason_loss': '0.09242', 'epoch': '2.639'}
{'paper_align_label_loss': '0.01771', 'paper_align_reason_loss': '0.1156', 'epoch': '2.639'}
{'paper_align_label_loss': '0.01026', 'paper_align_reason_loss': '0.1034', 'epoch': '2.643'}
{'paper_align_label_loss': '0.00167', 'paper_align_reason_loss': '0.08233', 'epoch': '2.643'}
{'paper_align_label_loss': '0.03691', 'paper_align_reason_loss': '0.1276', 'epoch': '2.643'}
{'paper_align_label_loss': '0.01135', 'paper_align_reason_loss': '0.06314', 'epoch': '2.643'}
{'loss': '0.3035', 'grad_norm': '4.29', 'learning_rate': '3.696e-06', 'epoch': '2.647'}
{'paper_align_label_loss': '0.8859', 'paper_align_reason_loss': '0.1517', 'epoch': '2.647'}
{'paper_align_label_loss': '0.02974', 'paper_align_reason_loss': '0.1149', 'epoch': '2.647'}
{'paper_align_label_loss': '0.06933', 'paper_align_reason_loss': '0.1154', 'epoch': '2.647'}
{'paper_align_label_loss': '0.02703', 'paper_align_reason_loss': '0.1153', 'epoch': '2.647'}
{'paper_align_label_loss': '0.02549', 'paper_align_reason_loss': '0.1262', 'epoch': '2.651'}
{'paper_align_label_loss': '0.004003', 'paper_align_reason_loss': '0.08813', 'epoch': '2.651'}
{'paper_align_label_loss': '0.000876', 'paper_align_reason_loss': '0.07914', 'epoch': '2.651'}
{'paper_align_label_loss': '0.01163', 'paper_align_reason_loss': '0.06668', 'epoch': '2.651'}
{'paper_align_label_loss': '0.0006016', 'paper_align_reason_loss': '0.07755', 'epoch': '2.655'}
{'paper_align_label_loss': '0.04682', 'paper_align_reason_loss': '0.0828', 'epoch': '2.655'}
{'paper_align_label_loss': '0.0009395', 'paper_align_reason_loss': '0.1161', 'epoch': '2.655'}
{'paper_align_label_loss': '0.001487', 'paper_align_reason_loss': '0.09763', 'epoch': '2.655'}

 89%|████████▊ | 683/771 [22:58<02:55,  1.99s/it]2026-09-20 16:37:41,413 INFO [rev_util_helpfulness|paper_align|Qwen3-0.6B] step=683 epoch=2.6589

                                                 

 89%|████████▊ | 683/771 [22:59<02:55,  1.99s/it]2026-09-20 16:37:41,888 INFO [rev_util_helpfulness|paper_align|Qwen3-0.6B] step=683 epoch=2.6589

                                                 

 89%|████████▊ | 683/771 [22:59<02:55,  1.99s/it]2026-09-20 16:37:42,368 INFO [rev_util_helpfulness|paper_align|Qwen3-0.6B] step=683 epoch=2.6589

                                                 

 89%|████████▊ | 683/771 [23:00<02:55,  1.99s/it]
 89%|████████▊ | 684/771 [23:00<02:52,  1.98s/it]2026-09-20 16:37:42,880 INFO [rev_util_helpfulness|paper_align|Qwen3-0.6B] step=684 epoch=2.6628

                                                 

 89%|████████▊ | 684/771 [23:00<02:52,  1.98s/it]2026-09-20 16:37:43,359 INFO [rev_util_helpfulness|paper_align|Qwen3-0.6B] step=684 epoch=2.6628

                                                 

 89%|████████▊ | 684/771 [23:01<02:52,  1.98s/it]2026-09-20 16:37:43,837 INFO [rev_util_helpfulness|paper_align|Qwen3-0.6B] step=684 epoch=2.6628

                                                 

 89%|████████▊ | 684/771 [23:01<02:52,  1.98s/it]2026-09-20 16:37:44,314 INFO [rev_util_helpfulness|paper_align|Qwen3-0.6B] step=684 epoch=2.6628

                                                 

 89%|████████▊ | 684/771 [23:02<02:52,  1.98s/it]
 89%|████████▉ | 685/771 [23:02<02:49,  1.97s/it]2026-09-20 16:37:44,848 INFO [rev_util_helpfulness|paper_align|Qwen3-0.6B] step=685 epoch=2.6667

                                                 

 89%|████████▉ | 685/771 [23:02<02:49,  1.97s/it]2026-09-20 16:37:45,322 INFO [rev_util_helpfulness|paper_align|Qwen3-0.6B] step=685 epoch=2.6667

                                                 

 89%|████████▉ | 685/771 [23:03<02:49,  1.97s/it]2026-09-20 16:37:45,799 INFO [rev_util_helpfulness|paper_align|Qwen3-0.6B] step=685 epoch=2.6667

                                                 

 89%|████████▉ | 685/771 [23:03<02:49,  1.97s/it]2026-09-20 16:37:46,495 INFO [rev_util_helpfulness|paper_align|Qwen3-0.6B] step=685 epoch=2.6667

                                                 

 89%|████████▉ | 685/771 [23:04<02:49,  1.97s/it]
 89%|████████▉ | 686/771 [23:04<02:52,  2.03s/it]2026-09-20 16:37:47,009 INFO [rev_util_helpfulness|paper_align|Qwen3-0.6B] step=686 epoch=2.6706

                                                 

 89%|████████▉ | 686/771 [23:04<02:52,  2.03s/it]2026-09-20 16:37:47,479 INFO [rev_util_helpfulness|paper_align|Qwen3-0.6B] step=686 epoch=2.6706

                                                 

 89%|████████▉ | 686/771 [23:05<02:52,  2.03s/it]2026-09-20 16:37:47,960 INFO [rev_util_helpfulness|paper_align|Qwen3-0.6B] step=686 epoch=2.6706

                                                 

 89%|████████▉ | 686/771 [23:05<02:52,  2.03s/it]2026-09-20 16:37:48,437 INFO [rev_util_helpfulness|paper_align|Qwen3-0.6B] step=686 epoch=2.6706

                                                 

 89%|████████▉ | 686/771 [23:06<02:52,  2.03s/it]
 89%|████████▉ | 687/771 [23:06<02:48,  2.01s/it]2026-09-20 16:37:48,949 INFO [rev_util_helpfulness|paper_align|Qwen3-0.6B] step=687 epoch=2.6745

                                                 

 89%|████████▉ | 687/771 [23:06<02:48,  2.01s/it]2026-09-20 16:37:49,417 INFO [rev_util_helpfulness|paper_align|Qwen3-0.6B] step=687 epoch=2.6745

                                                 

 89%|████████▉ | 687/771 [23:07<02:48,  2.01s/it]2026-09-20 16:37:49,894 INFO [rev_util_helpfulness|paper_align|Qwen3-0.6B] step=687 epoch=2.6745

                                                 

 89%|████████▉ | 687/771 [23:07<02:48,  2.01s/it]2026-09-20 16:37:50,364 INFO [rev_util_helpfulness|paper_align|Qwen3-0.6B] step=687 epoch=2.6745

                                                 

 89%|████████▉ | 687/771 [23:08<02:48,  2.01s/it]
 89%|████████▉ | 688/771 [23:08<02:44,  1.98s/it]2026-09-20 16:37:50,881 INFO [rev_util_helpfulness|paper_align|Qwen3-0.6B] step=688 epoch=2.6784

                                                 

 89%|████████▉ | 688/771 [23:08<02:44,  1.98s/it]2026-09-20 16:37:51,358 INFO [rev_util_helpfulness|paper_align|Qwen3-0.6B] step=688 epoch=2.6784

                                                 

 89%|████████▉ | 688/771 [23:09<02:44,  1.98s/it]2026-09-20 16:37:51,829 INFO [rev_util_helpfulness|paper_align|Qwen3-0.6B] step=688 epoch=2.6784

                                                 

 89%|████████▉ | 688/771 [23:09<02:44,  1.98s/it]2026-09-20 16:37:52,304 INFO [rev_util_helpfulness|paper_align|Qwen3-0.6B] step=688 epoch=2.6784

                                                 

 89%|████████▉ | 688/771 [23:10<02:44,  1.98s/it]
 89%|████████▉ | 689/771 [23:10<02:41,  1.97s/it]2026-09-20 16:37:52,818 INFO [rev_util_helpfulness|paper_align|Qwen3-0.6B] step=689 epoch=2.6823

                                                 

 89%|████████▉ | 689/771 [23:10<02:41,  1.97s/it]2026-09-20 16:37:53,291 INFO [rev_util_helpfulness|paper_align|Qwen3-0.6B] step=689 epoch=2.6823

                                                 

 89%|████████▉ | 689/771 [23:11<02:41,  1.97s/it]2026-09-20 16:37:53,780 INFO [rev_util_helpfulness|paper_align|Qwen3-0.6B] step=689 epoch=2.6823

                                                 

 89%|████████▉ | 689/771 [23:11<02:41,  1.97s/it]2026-09-20 16:37:54,267 INFO [rev_util_helpfulness|paper_align|Qwen3-0.6B] step=689 epoch=2.6823

                                                 

 89%|████████▉ | 689/771 [23:11<02:41,  1.97s/it]
 89%|████████▉ | 690/771 [23:12<02:39,  1.97s/it]2026-09-20 16:37:54,600 INFO [rev_util_helpfulness|paper_align|Qwen3-0.6B] step=690 loss=0.2892 learning_rate=0.0000 epoch=2.6862

                                                 

 89%|████████▉ | 690/771 [23:12<02:39,  1.97s/it]2026-09-20 16:37:54,782 INFO [rev_util_helpfulness|paper_align|Qwen3-0.6B] step=690 epoch=2.6862

                                                 

 89%|████████▉ | 690/771 [23:12<02:39,  1.97s/it]2026-09-20 16:37:55,251 INFO [rev_util_helpfulness|paper_align|Qwen3-0.6B] step=690 epoch=2.6862

                                                 

 89%|████████▉ | 690/771 [23:12<02:39,  1.97s/it]2026-09-20 16:37:55,726 INFO [rev_util_helpfulness|paper_align|Qwen3-0.6B] step=690 epoch=2.6862

                                                 

 89%|████████▉ | 690/771 [23:13<02:39,  1.97s/it]2026-09-20 16:37:56,202 INFO [rev_util_helpfulness|paper_align|Qwen3-0.6B] step=690 epoch=2.6862

                                                 

 89%|████████▉ | 690/771 [23:13<02:39,  1.97s/it]
 90%|████████▉ | 691/771 [23:14<02:37,  1.97s/it]2026-09-20 16:37:56,937 INFO [rev_util_helpfulness|paper_align|Qwen3-0.6B] step=691 epoch=2.6901

                                                 

 90%|████████▉ | 691/771 [23:14<02:37,  1.97s/it]2026-09-20 16:37:57,411 INFO [rev_util_helpfulness|paper_align|Qwen3-0.6B] step=691 epoch=2.6901

                                                 

 90%|████████▉ | 691/771 [23:15<02:37,  1.97s/it]2026-09-20 16:37:57,893 INFO [rev_util_helpfulness|paper_align|Qwen3-0.6B] step=691 epoch=2.6901

                                                 

 90%|████████▉ | 691/771 [23:15<02:37,  1.97s/it]2026-09-20 16:37:58,370 INFO [rev_util_helpfulness|paper_align|Qwen3-0.6B] step=691 epoch=2.6901

                                                 

 90%|████████▉ | 691/771 [23:16<02:37,  1.97s/it]
 90%|████████▉ | 692/771 [23:16<02:39,  2.02s/it]2026-09-20 16:37:58,900 INFO [rev_util_helpfulness|paper_align|Qwen3-0.6B] step=692 epoch=2.6940

                                                 

 90%|████████▉ | 692/771 [23:16<02:39,  2.02s/it]2026-09-20 16:37:59,375 INFO [rev_util_helpfulness|paper_align|Qwen3-0.6B] step=692 epoch=2.6940

                                                 

 90%|████████▉ | 692/771 [23:17<02:39,  2.02s/it]2026-09-20 16:37:59,862 INFO [rev_util_helpfulness|paper_align|Qwen3-0.6B] step=692 epoch=2.6940

                                                 

 90%|████████▉ | 692/771 [23:17<02:39,  2.02s/it]2026-09-20 16:38:00,346 INFO [rev_util_helpfulness|paper_align|Qwen3-0.6B] step=692 epoch=2.6940

                                                 

 90%|████████▉ | 692/771 [23:18<02:39,  2.02s/it]
 90%|████████▉ | 693/771 [23:18<02:36,  2.00s/it]2026-09-20 16:38:00,856 INFO [rev_util_helpfulness|paper_align|Qwen3-0.6B] step=693 epoch=2.6979

                                                 

 90%|████████▉ | 693/771 [23:18<02:36,  2.00s/it]2026-09-20 16:38:01,332 INFO [rev_util_helpfulness|paper_align|Qwen3-0.6B] step=693 epoch=2.6979

                                                 

 90%|████████▉ | 693/771 [23:19<02:36,  2.00s/it]2026-09-20 16:38:01,809 INFO [rev_util_helpfulness|paper_align|Qwen3-0.6B] step=693 epoch=2.6979

                                                 

 90%|████████▉ | 693/771 [23:19<02:36,  2.00s/it]2026-09-20 16:38:02,287 INFO [rev_util_helpfulness|paper_align|Qwen3-0.6B] step=693 epoch=2.6979

                                                 

 90%|████████▉ | 693/771 [23:20<02:36,  2.00s/it]
 90%|█████████ | 694/771 [23:20<02:32,  1.99s/it]2026-09-20 16:38:02,794 INFO [rev_util_helpfulness|paper_align|Qwen3-0.6B] step=694 epoch=2.7018

                                                 

 90%|█████████ | 694/771 [23:20<02:32,  1.99s/it]2026-09-20 16:38:03,263 INFO [rev_util_helpfulness|paper_align|Qwen3-0.6B] step=694 epoch=2.7018

                                                 

 90%|█████████ | 694/771 [23:20<02:32,  1.99s/it]2026-09-20 16:38:03,738 INFO [rev_util_helpfulness|paper_align|Qwen3-0.6B] step=694 epoch=2.7018

                                                 

 90%|█████████ | 694/771 [23:21<02:32,  1.99s/it]2026-09-20 16:38:04,215 INFO [rev_util_helpfulness|paper_align|Qwen3-0.6B] step=694 epoch=2.7018

                                                 

 90%|█████████ | 694/771 [23:21<02:32,  1.99s/it]
 90%|█████████ | 695/771 [23:22<02:29,  1.97s/it]2026-09-20 16:38:04,736 INFO [rev_util_helpfulness|paper_align|Qwen3-0.6B] step=695 epoch=2.7057

                                                 

 90%|█████████ | 695/771 [23:22<02:29,  1.97s/it]2026-09-20 16:38:05,211 INFO [rev_util_helpfulness|paper_align|Qwen3-0.6B] step=695 epoch=2.7057

                                                 

 90%|█████████ | 695/771 [23:22<02:29,  1.97s/it]2026-09-20 16:38:05,691 INFO [rev_util_helpfulness|paper_align|Qwen3-0.6B] step=695 epoch=2.7057

                                                 

 90%|█████████ | 695/771 [23:23<02:29,  1.97s/it]2026-09-20 16:38:06,170 INFO [rev_util_helpfulness|paper_align|Qwen3-0.6B] step=695 epoch=2.7057

                                                 

 90%|█████████ | 695/771 [23:23<02:29,  1.97s/it]
 90%|█████████ | 696/771 [23:24<02:27,  1.96s/it]2026-09-20 16:38:06,676 INFO [rev_util_helpfulness|paper_align|Qwen3-0.6B] step=696 epoch=2.7096

                                                 

 90%|█████████ | 696/771 [23:24<02:27,  1.96s/it]2026-09-20 16:38:07,345 INFO [rev_util_helpfulness|paper_align|Qwen3-0.6B] step=696 epoch=2.7096

                                                 

 90%|█████████ | 696/771 [23:25<02:27,  1.96s/it]2026-09-20 16:38:07,825 INFO [rev_util_helpfulness|paper_align|Qwen3-0.6B] step=696 epoch=2.7096

                                                 

 90%|█████████ | 696/771 [23:25<02:27,  1.96s/it]2026-09-20 16:38:08,303 INFO [rev_util_helpfulness|paper_align|Qwen3-0.6B] step=696 epoch=2.7096

                                                 

 90%|█████████ | 696/771 [23:26<02:27,  1.96s/it]
 90%|█████████ | 697/771 [23:26<02:29,  2.02s/it]2026-09-20 16:38:08,821 INFO [rev_util_helpfulness|paper_align|Qwen3-0.6B] step=697 epoch=2.7135

                                                 

 90%|█████████ | 697/771 [23:26<02:29,  2.02s/it]2026-09-20 16:38:09,306 INFO [rev_util_helpfulness|paper_align|Qwen3-0.6B] step=697 epoch=2.7135

                                                 

 90%|█████████ | 697/771 [23:27<02:29,  2.02s/it]2026-09-20 16:38:09,790 INFO [rev_util_helpfulness|paper_align|Qwen3-0.6B] step=697 epoch=2.7135

                                                 

 90%|█████████ | 697/771 [23:27<02:29,  2.02s/it]2026-09-20 16:38:10,263 INFO [rev_util_helpfulness|paper_align|Qwen3-0.6B] step=697 epoch=2.7135

                                                 

 90%|█████████ | 697/771 [23:27<02:29,  2.02s/it]
 91%|█████████ | 698/771 [23:28<02:26,  2.00s/it]2026-09-20 16:38:10,783 INFO [rev_util_helpfulness|paper_align|Qwen3-0.6B] step=698 epoch=2.7173

                                                 

 91%|█████████ | 698/771 [23:28<02:26,  2.00s/it]2026-09-20 16:38:11,256 INFO [rev_util_helpfulness|paper_align|Qwen3-0.6B] step=698 epoch=2.7173

                                                 

 91%|█████████ | 698/771 [23:28<02:26,  2.00s/it]2026-09-20 16:38:11,733 INFO [rev_util_helpfulness|paper_align|Qwen3-0.6B] step=698 epoch=2.7173

                                                 

 91%|█████████ | 698/771 [23:29<02:26,  2.00s/it]2026-09-20 16:38:12,231 INFO [rev_util_helpfulness|paper_align|Qwen3-0.6B] step=698 epoch=2.7173

                                                 

 91%|█████████ | 698/771 [23:29<02:26,  2.00s/it]
 91%|█████████ | 699/771 [23:30<02:23,  1.99s/it]2026-09-20 16:38:12,749 INFO [rev_util_helpfulness|paper_align|Qwen3-0.6B] step=699 epoch=2.7212

                                                 

 91%|█████████ | 699/771 [23:30<02:23,  1.99s/it]2026-09-20 16:38:13,230 INFO [rev_util_helpfulness|paper_align|Qwen3-0.6B] step=699 epoch=2.7212

                                                 

 91%|█████████ | 699/771 [23:30<02:23,  1.99s/it]2026-09-20 16:38:13,709 INFO [rev_util_helpfulness|paper_align|Qwen3-0.6B] step=699 epoch=2.7212

                                                 

 91%|█████████ | 699/771 [23:31<02:23,  1.99s/it]2026-09-20 16:38:14,187 INFO [rev_util_helpfulness|paper_align|Qwen3-0.6B] step=699 epoch=2.7212

                                                 

 91%|█████████ | 699/771 [23:31<02:23,  1.99s/it]
 91%|█████████ | 700/771 [23:32<02:20,  1.98s/it]2026-09-20 16:38:14,527 INFO [rev_util_helpfulness|paper_align|Qwen3-0.6B] step=700 loss=0.3080 learning_rate=0.0000 epoch=2.7251

                                                 

 91%|█████████ | 700/771 [23:32<02:20,  1.98s/it]2026-09-20 16:38:14,706 INFO [rev_util_helpfulness|paper_align|Qwen3-0.6B] step=700 epoch=2.7251

                                                 

 91%|█████████ | 700/771 [23:32<02:20,  1.98s/it]2026-09-20 16:38:15,187 INFO [rev_util_helpfulness|paper_align|Qwen3-0.6B] step=700 epoch=2.7251

                                                 

 91%|█████████ | 700/771 [23:32<02:20,  1.98s/it]2026-09-20 16:38:15,674 INFO [rev_util_helpfulness|paper_align|Qwen3-0.6B] step=700 epoch=2.7251

                                                 

 91%|█████████ | 700/771 [23:33<02:20,  1.98s/it]2026-09-20 16:38:16,145 INFO [rev_util_helpfulness|paper_align|Qwen3-0.6B] step=700 epoch=2.7251

                                                 

 91%|█████████ | 700/771 [23:33<02:20,  1.98s/it]
 91%|█████████ | 701/771 [23:34<02:18,  1.97s/it]2026-09-20 16:38:16,856 INFO [rev_util_helpfulness|paper_align|Qwen3-0.6B] step=701 epoch=2.7290

                                                 

 91%|█████████ | 701/771 [23:34<02:18,  1.97s/it]2026-09-20 16:38:17,329 INFO [rev_util_helpfulness|paper_align|Qwen3-0.6B] step=701 epoch=2.7290

                                                 

 91%|█████████ | 701/771 [23:35<02:18,  1.97s/it]2026-09-20 16:38:17,790 INFO [rev_util_helpfulness|paper_align|Qwen3-0.6B] step=701 epoch=2.7290

                                                 

 91%|█████████ | 701/771 [23:35<02:18,  1.97s/it]2026-09-20 16:38:18,276 INFO [rev_util_helpfulness|paper_align|Qwen3-0.6B] step=701 epoch=2.7290

                                                 

 91%|█████████ | 701/771 [23:35<02:18,  1.97s/it]
 91%|█████████ | 702/771 [23:36<02:19,  2.02s/it]2026-09-20 16:38:18,789 INFO [rev_util_helpfulness|paper_align|Qwen3-0.6B] step=702 epoch=2.7329

                                                 

 91%|█████████ | 702/771 [23:36<02:19,  2.02s/it]2026-09-20 16:38:19,255 INFO [rev_util_helpfulness|paper_align|Qwen3-0.6B] step=702 epoch=2.7329

                                                 

 91%|█████████ | 702/771 [23:36<02:19,  2.02s/it]2026-09-20 16:38:19,731 INFO [rev_util_helpfulness|paper_align|Qwen3-0.6B] step=702 epoch=2.7329

                                                 

 91%|█████████ | 702/771 [23:37<02:19,  2.02s/it]2026-09-20 16:38:20,212 INFO [rev_util_helpfulness|paper_align|Qwen3-0.6B] step=702 epoch=2.7329

                                                 

 91%|█████████ | 702/771 [23:37<02:19,  2.02s/it]
 91%|█████████ | 703/771 [23:38<02:15,  1.99s/it]2026-09-20 16:38:20,726 INFO [rev_util_helpfulness|paper_align|Qwen3-0.6B] step=703 epoch=2.7368

                                                 

 91%|█████████ | 703/771 [23:38<02:15,  1.99s/it]2026-09-20 16:38:21,191 INFO [rev_util_helpfulness|paper_align|Qwen3-0.6B] step=703 epoch=2.7368

                                                 

 91%|█████████ | 703/771 [23:38<02:15,  1.99s/it]2026-09-20 16:38:21,666 INFO [rev_util_helpfulness|paper_align|Qwen3-0.6B] step=703 epoch=2.7368

                                                 

 91%|█████████ | 703/771 [23:39<02:15,  1.99s/it]2026-09-20 16:38:22,138 INFO [rev_util_helpfulness|paper_align|Qwen3-0.6B] step=703 epoch=2.7368

                                                 

 91%|█████████ | 703/771 [23:39<02:15,  1.99s/it]
 91%|█████████▏| 704/771 [23:40<02:12,  1.97s/it]2026-09-20 16:38:22,648 INFO [rev_util_helpfulness|paper_align|Qwen3-0.6B] step=704 epoch=2.7407

                                                 

 91%|█████████▏| 704/771 [23:40<02:12,  1.97s/it]2026-09-20 16:38:23,115 INFO [rev_util_helpfulness|paper_align|Qwen3-0.6B] step=704 epoch=2.7407

                                                 
{'paper_align_label_loss': '0.01774', 'paper_align_reason_loss': '0.1024', 'epoch': '2.659'}
{'paper_align_label_loss': '0.003531', 'paper_align_reason_loss': '0.09355', 'epoch': '2.659'}
{'paper_align_label_loss': '0.009122', 'paper_align_reason_loss': '0.1342', 'epoch': '2.659'}
{'paper_align_label_loss': '0.002934', 'paper_align_reason_loss': '0.1339', 'epoch': '2.659'}
{'paper_align_label_loss': '0.004171', 'paper_align_reason_loss': '0.09223', 'epoch': '2.663'}
{'paper_align_label_loss': '0.07179', 'paper_align_reason_loss': '0.1208', 'epoch': '2.663'}
{'paper_align_label_loss': '0.001026', 'paper_align_reason_loss': '0.06044', 'epoch': '2.663'}
{'paper_align_label_loss': '0.0004019', 'paper_align_reason_loss': '0.08776', 'epoch': '2.663'}
{'paper_align_label_loss': '0.0008092', 'paper_align_reason_loss': '0.125', 'epoch': '2.667'}
{'paper_align_label_loss': '0.1551', 'paper_align_reason_loss': '0.08105', 'epoch': '2.667'}
{'paper_align_label_loss': '0.004045', 'paper_align_reason_loss': '0.08738', 'epoch': '2.667'}
{'paper_align_label_loss': '0.004616', 'paper_align_reason_loss': '0.1205', 'epoch': '2.667'}
{'paper_align_label_loss': '0.03983', 'paper_align_reason_loss': '0.09741', 'epoch': '2.671'}
{'paper_align_label_loss': '0.01798', 'paper_align_reason_loss': '0.1267', 'epoch': '2.671'}
{'paper_align_label_loss': '0.007227', 'paper_align_reason_loss': '0.08119', 'epoch': '2.671'}
{'paper_align_label_loss': '0.003628', 'paper_align_reason_loss': '0.08879', 'epoch': '2.671'}
{'paper_align_label_loss': '0.0344', 'paper_align_reason_loss': '0.121', 'epoch': '2.674'}
{'paper_align_label_loss': '0.0006304', 'paper_align_reason_loss': '0.1465', 'epoch': '2.674'}
{'paper_align_label_loss': '0.0001426', 'paper_align_reason_loss': '0.0692', 'epoch': '2.674'}
{'paper_align_label_loss': '0.01542', 'paper_align_reason_loss': '0.1275', 'epoch': '2.674'}
{'paper_align_label_loss': '0.001873', 'paper_align_reason_loss': '0.08981', 'epoch': '2.678'}
{'paper_align_label_loss': '0.0006204', 'paper_align_reason_loss': '0.09535', 'epoch': '2.678'}
{'paper_align_label_loss': '0.003925', 'paper_align_reason_loss': '0.1088', 'epoch': '2.678'}
{'paper_align_label_loss': '0.000896', 'paper_align_reason_loss': '0.1381', 'epoch': '2.678'}
{'paper_align_label_loss': '0.0665', 'paper_align_reason_loss': '0.08769', 'epoch': '2.682'}
{'paper_align_label_loss': '0.0005679', 'paper_align_reason_loss': '0.1131', 'epoch': '2.682'}
{'paper_align_label_loss': '0.0004084', 'paper_align_reason_loss': '0.1056', 'epoch': '2.682'}
{'paper_align_label_loss': '0.01199', 'paper_align_reason_loss': '0.1313', 'epoch': '2.682'}
{'loss': '0.2892', 'grad_norm': '4.104', 'learning_rate': '2.944e-06', 'epoch': '2.686'}
{'paper_align_label_loss': '0.005995', 'paper_align_reason_loss': '0.1715', 'epoch': '2.686'}
{'paper_align_label_loss': '0.001118', 'paper_align_reason_loss': '0.1173', 'epoch': '2.686'}
{'paper_align_label_loss': '0.01983', 'paper_align_reason_loss': '0.08349', 'epoch': '2.686'}
{'paper_align_label_loss': '0.00236', 'paper_align_reason_loss': '0.1432', 'epoch': '2.686'}
{'paper_align_label_loss': '0.07213', 'paper_align_reason_loss': '0.09795', 'epoch': '2.69'}
{'paper_align_label_loss': '0.0008676', 'paper_align_reason_loss': '0.1021', 'epoch': '2.69'}
{'paper_align_label_loss': '0.02012', 'paper_align_reason_loss': '0.1079', 'epoch': '2.69'}
{'paper_align_label_loss': '0.001436', 'paper_align_reason_loss': '0.1126', 'epoch': '2.69'}
{'paper_align_label_loss': '0.005319', 'paper_align_reason_loss': '0.1053', 'epoch': '2.694'}
{'paper_align_label_loss': '0.01923', 'paper_align_reason_loss': '0.09564', 'epoch': '2.694'}
{'paper_align_label_loss': '0.02458', 'paper_align_reason_loss': '0.1149', 'epoch': '2.694'}
{'paper_align_label_loss': '0.0003062', 'paper_align_reason_loss': '0.0955', 'epoch': '2.694'}
{'paper_align_label_loss': '0.1904', 'paper_align_reason_loss': '0.1716', 'epoch': '2.698'}
{'paper_align_label_loss': '0.1997', 'paper_align_reason_loss': '0.1464', 'epoch': '2.698'}
{'paper_align_label_loss': '0.0005706', 'paper_align_reason_loss': '0.06924', 'epoch': '2.698'}
{'paper_align_label_loss': '0.04742', 'paper_align_reason_loss': '0.1267', 'epoch': '2.698'}
{'paper_align_label_loss': '0.0007576', 'paper_align_reason_loss': '0.0971', 'epoch': '2.702'}
{'paper_align_label_loss': '0.0006654', 'paper_align_reason_loss': '0.2013', 'epoch': '2.702'}
{'paper_align_label_loss': '0.002906', 'paper_align_reason_loss': '0.09734', 'epoch': '2.702'}
{'paper_align_label_loss': '0.00229', 'paper_align_reason_loss': '0.1113', 'epoch': '2.702'}
{'paper_align_label_loss': '0.001506', 'paper_align_reason_loss': '0.1389', 'epoch': '2.706'}
{'paper_align_label_loss': '0.002835', 'paper_align_reason_loss': '0.1135', 'epoch': '2.706'}
{'paper_align_label_loss': '0.02979', 'paper_align_reason_loss': '0.1367', 'epoch': '2.706'}
{'paper_align_label_loss': '0.007158', 'paper_align_reason_loss': '0.1271', 'epoch': '2.706'}
{'paper_align_label_loss': '0.1032', 'paper_align_reason_loss': '0.1355', 'epoch': '2.71'}
{'paper_align_label_loss': '0.137', 'paper_align_reason_loss': '0.09911', 'epoch': '2.71'}
{'paper_align_label_loss': '0.004005', 'paper_align_reason_loss': '0.1126', 'epoch': '2.71'}
{'paper_align_label_loss': '0.02286', 'paper_align_reason_loss': '0.09755', 'epoch': '2.71'}
{'paper_align_label_loss': '0.06233', 'paper_align_reason_loss': '0.1722', 'epoch': '2.713'}
{'paper_align_label_loss': '0.003018', 'paper_align_reason_loss': '0.0859', 'epoch': '2.713'}
{'paper_align_label_loss': '0.001052', 'paper_align_reason_loss': '0.1028', 'epoch': '2.713'}
{'paper_align_label_loss': '0.3032', 'paper_align_reason_loss': '0.09527', 'epoch': '2.713'}
{'paper_align_label_loss': '0.001004', 'paper_align_reason_loss': '0.1209', 'epoch': '2.717'}
{'paper_align_label_loss': '0.003634', 'paper_align_reason_loss': '0.15', 'epoch': '2.717'}
{'paper_align_label_loss': '0.07177', 'paper_align_reason_loss': '0.06581', 'epoch': '2.717'}
{'paper_align_label_loss': '0.01987', 'paper_align_reason_loss': '0.1023', 'epoch': '2.717'}
{'paper_align_label_loss': '0.0009172', 'paper_align_reason_loss': '0.07464', 'epoch': '2.721'}
{'paper_align_label_loss': '0.002271', 'paper_align_reason_loss': '0.08324', 'epoch': '2.721'}
{'paper_align_label_loss': '0.009262', 'paper_align_reason_loss': '0.1321', 'epoch': '2.721'}
{'paper_align_label_loss': '0.09939', 'paper_align_reason_loss': '0.1409', 'epoch': '2.721'}
{'loss': '0.308', 'grad_norm': '5.126', 'learning_rate': '2.275e-06', 'epoch': '2.725'}
{'paper_align_label_loss': '0.004571', 'paper_align_reason_loss': '0.06788', 'epoch': '2.725'}
{'paper_align_label_loss': '0.003407', 'paper_align_reason_loss': '0.1146', 'epoch': '2.725'}
{'paper_align_label_loss': '0.00191', 'paper_align_reason_loss': '0.1092', 'epoch': '2.725'}
{'paper_align_label_loss': '0.0176', 'paper_align_reason_loss': '0.1037', 'epoch': '2.725'}
{'paper_align_label_loss': '0.0004486', 'paper_align_reason_loss': '0.1035', 'epoch': '2.729'}
{'paper_align_label_loss': '0.01476', 'paper_align_reason_loss': '0.09229', 'epoch': '2.729'}
{'paper_align_label_loss': '0.05266', 'paper_align_reason_loss': '0.1562', 'epoch': '2.729'}
{'paper_align_label_loss': '0.01776', 'paper_align_reason_loss': '0.06504', 'epoch': '2.729'}
{'paper_align_label_loss': '0.0009581', 'paper_align_reason_loss': '0.1156', 'epoch': '2.733'}
{'paper_align_label_loss': '0.06112', 'paper_align_reason_loss': '0.2309', 'epoch': '2.733'}
{'paper_align_label_loss': '0.009558', 'paper_align_reason_loss': '0.1031', 'epoch': '2.733'}
{'paper_align_label_loss': '0.02567', 'paper_align_reason_loss': '0.09839', 'epoch': '2.733'}
{'paper_align_label_loss': '0.007461', 'paper_align_reason_loss': '0.1008', 'epoch': '2.737'}
{'paper_align_label_loss': '0.004263', 'paper_align_reason_loss': '0.08123', 'epoch': '2.737'}
{'paper_align_label_loss': '0.01085', 'paper_align_reason_loss': '0.1133', 'epoch': '2.737'}
{'paper_align_label_loss': '0.01684', 'paper_align_reason_loss': '0.09232', 'epoch': '2.737'}
{'paper_align_label_loss': '0.01188', 'paper_align_reason_loss': '0.1389', 'epoch': '2.741'}

 91%|█████████▏| 704/771 [23:40<02:12,  1.97s/it]2026-09-20 16:38:23,589 INFO [rev_util_helpfulness|paper_align|Qwen3-0.6B] step=704 epoch=2.7407

                                                 

 91%|█████████▏| 704/771 [23:41<02:12,  1.97s/it]2026-09-20 16:38:24,057 INFO [rev_util_helpfulness|paper_align|Qwen3-0.6B] step=704 epoch=2.7407

                                                 

 91%|█████████▏| 704/771 [23:41<02:12,  1.97s/it]
 91%|█████████▏| 705/771 [23:42<02:09,  1.96s/it]2026-09-20 16:38:24,565 INFO [rev_util_helpfulness|paper_align|Qwen3-0.6B] step=705 epoch=2.7446

                                                 

 91%|█████████▏| 705/771 [23:42<02:09,  1.96s/it]2026-09-20 16:38:25,042 INFO [rev_util_helpfulness|paper_align|Qwen3-0.6B] step=705 epoch=2.7446

                                                 

 91%|█████████▏| 705/771 [23:42<02:09,  1.96s/it]2026-09-20 16:38:25,521 INFO [rev_util_helpfulness|paper_align|Qwen3-0.6B] step=705 epoch=2.7446

                                                 

 91%|█████████▏| 705/771 [23:43<02:09,  1.96s/it]2026-09-20 16:38:25,996 INFO [rev_util_helpfulness|paper_align|Qwen3-0.6B] step=705 epoch=2.7446

                                                 

 91%|█████████▏| 705/771 [23:43<02:09,  1.96s/it]
 92%|█████████▏| 706/771 [23:44<02:06,  1.95s/it]2026-09-20 16:38:26,505 INFO [rev_util_helpfulness|paper_align|Qwen3-0.6B] step=706 epoch=2.7485

                                                 

 92%|█████████▏| 706/771 [23:44<02:06,  1.95s/it]2026-09-20 16:38:26,981 INFO [rev_util_helpfulness|paper_align|Qwen3-0.6B] step=706 epoch=2.7485

                                                 

 92%|█████████▏| 706/771 [23:44<02:06,  1.95s/it]2026-09-20 16:38:27,647 INFO [rev_util_helpfulness|paper_align|Qwen3-0.6B] step=706 epoch=2.7485

                                                 

 92%|█████████▏| 706/771 [23:45<02:06,  1.95s/it]2026-09-20 16:38:28,120 INFO [rev_util_helpfulness|paper_align|Qwen3-0.6B] step=706 epoch=2.7485

                                                 

 92%|█████████▏| 706/771 [23:45<02:06,  1.95s/it]
 92%|█████████▏| 707/771 [23:46<02:08,  2.00s/it]2026-09-20 16:38:28,626 INFO [rev_util_helpfulness|paper_align|Qwen3-0.6B] step=707 epoch=2.7524

                                                 

 92%|█████████▏| 707/771 [23:46<02:08,  2.00s/it]2026-09-20 16:38:29,094 INFO [rev_util_helpfulness|paper_align|Qwen3-0.6B] step=707 epoch=2.7524

                                                 

 92%|█████████▏| 707/771 [23:46<02:08,  2.00s/it]2026-09-20 16:38:29,561 INFO [rev_util_helpfulness|paper_align|Qwen3-0.6B] step=707 epoch=2.7524

                                                 

 92%|█████████▏| 707/771 [23:47<02:08,  2.00s/it]2026-09-20 16:38:30,036 INFO [rev_util_helpfulness|paper_align|Qwen3-0.6B] step=707 epoch=2.7524

                                                 

 92%|█████████▏| 707/771 [23:47<02:08,  2.00s/it]
 92%|█████████▏| 708/771 [23:48<02:04,  1.98s/it]2026-09-20 16:38:30,540 INFO [rev_util_helpfulness|paper_align|Qwen3-0.6B] step=708 epoch=2.7563

                                                 

 92%|█████████▏| 708/771 [23:48<02:04,  1.98s/it]2026-09-20 16:38:31,008 INFO [rev_util_helpfulness|paper_align|Qwen3-0.6B] step=708 epoch=2.7563

                                                 

 92%|█████████▏| 708/771 [23:48<02:04,  1.98s/it]2026-09-20 16:38:31,477 INFO [rev_util_helpfulness|paper_align|Qwen3-0.6B] step=708 epoch=2.7563

                                                 

 92%|█████████▏| 708/771 [23:49<02:04,  1.98s/it]2026-09-20 16:38:31,940 INFO [rev_util_helpfulness|paper_align|Qwen3-0.6B] step=708 epoch=2.7563

                                                 

 92%|█████████▏| 708/771 [23:49<02:04,  1.98s/it]
 92%|█████████▏| 709/771 [23:49<02:01,  1.95s/it]2026-09-20 16:38:32,447 INFO [rev_util_helpfulness|paper_align|Qwen3-0.6B] step=709 epoch=2.7602

                                                 

 92%|█████████▏| 709/771 [23:50<02:01,  1.95s/it]2026-09-20 16:38:32,907 INFO [rev_util_helpfulness|paper_align|Qwen3-0.6B] step=709 epoch=2.7602

                                                 

 92%|█████████▏| 709/771 [23:50<02:01,  1.95s/it]2026-09-20 16:38:33,389 INFO [rev_util_helpfulness|paper_align|Qwen3-0.6B] step=709 epoch=2.7602

                                                 

 92%|█████████▏| 709/771 [23:51<02:01,  1.95s/it]2026-09-20 16:38:33,865 INFO [rev_util_helpfulness|paper_align|Qwen3-0.6B] step=709 epoch=2.7602

                                                 

 92%|█████████▏| 709/771 [23:51<02:01,  1.95s/it]
 92%|█████████▏| 710/771 [23:51<01:58,  1.95s/it]2026-09-20 16:38:34,202 INFO [rev_util_helpfulness|paper_align|Qwen3-0.6B] step=710 loss=0.2862 learning_rate=0.0000 epoch=2.7641

                                                 

 92%|█████████▏| 710/771 [23:51<01:58,  1.95s/it]2026-09-20 16:38:34,382 INFO [rev_util_helpfulness|paper_align|Qwen3-0.6B] step=710 epoch=2.7641

                                                 

 92%|█████████▏| 710/771 [23:52<01:58,  1.95s/it]2026-09-20 16:38:34,853 INFO [rev_util_helpfulness|paper_align|Qwen3-0.6B] step=710 epoch=2.7641

                                                 

 92%|█████████▏| 710/771 [23:52<01:58,  1.95s/it]2026-09-20 16:38:35,322 INFO [rev_util_helpfulness|paper_align|Qwen3-0.6B] step=710 epoch=2.7641

                                                 

 92%|█████████▏| 710/771 [23:53<01:58,  1.95s/it]2026-09-20 16:38:35,802 INFO [rev_util_helpfulness|paper_align|Qwen3-0.6B] step=710 epoch=2.7641

                                                 

 92%|█████████▏| 710/771 [23:53<01:58,  1.95s/it]
 92%|█████████▏| 711/771 [23:53<01:56,  1.94s/it]2026-09-20 16:38:36,312 INFO [rev_util_helpfulness|paper_align|Qwen3-0.6B] step=711 epoch=2.7680

                                                 

 92%|█████████▏| 711/771 [23:54<01:56,  1.94s/it]2026-09-20 16:38:36,790 INFO [rev_util_helpfulness|paper_align|Qwen3-0.6B] step=711 epoch=2.7680

                                                 

 92%|█████████▏| 711/771 [23:54<01:56,  1.94s/it]2026-09-20 16:38:37,460 INFO [rev_util_helpfulness|paper_align|Qwen3-0.6B] step=711 epoch=2.7680

                                                 

 92%|█████████▏| 711/771 [23:55<01:56,  1.94s/it]2026-09-20 16:38:37,948 INFO [rev_util_helpfulness|paper_align|Qwen3-0.6B] step=711 epoch=2.7680

                                                 

 92%|█████████▏| 711/771 [23:55<01:56,  1.94s/it]
 92%|█████████▏| 712/771 [23:55<01:58,  2.00s/it]2026-09-20 16:38:38,446 INFO [rev_util_helpfulness|paper_align|Qwen3-0.6B] step=712 epoch=2.7719

                                                 

 92%|█████████▏| 712/771 [23:56<01:58,  2.00s/it]2026-09-20 16:38:38,926 INFO [rev_util_helpfulness|paper_align|Qwen3-0.6B] step=712 epoch=2.7719

                                                 

 92%|█████████▏| 712/771 [23:56<01:58,  2.00s/it]2026-09-20 16:38:39,391 INFO [rev_util_helpfulness|paper_align|Qwen3-0.6B] step=712 epoch=2.7719

                                                 

 92%|█████████▏| 712/771 [23:57<01:58,  2.00s/it]2026-09-20 16:38:39,882 INFO [rev_util_helpfulness|paper_align|Qwen3-0.6B] step=712 epoch=2.7719

                                                 

 92%|█████████▏| 712/771 [23:57<01:58,  2.00s/it]
 92%|█████████▏| 713/771 [23:57<01:55,  1.99s/it]2026-09-20 16:38:40,415 INFO [rev_util_helpfulness|paper_align|Qwen3-0.6B] step=713 epoch=2.7758

                                                 

 92%|█████████▏| 713/771 [23:58<01:55,  1.99s/it]2026-09-20 16:38:40,873 INFO [rev_util_helpfulness|paper_align|Qwen3-0.6B] step=713 epoch=2.7758

                                                 

 92%|█████████▏| 713/771 [23:58<01:55,  1.99s/it]2026-09-20 16:38:41,364 INFO [rev_util_helpfulness|paper_align|Qwen3-0.6B] step=713 epoch=2.7758

                                                 

 92%|█████████▏| 713/771 [23:59<01:55,  1.99s/it]2026-09-20 16:38:41,867 INFO [rev_util_helpfulness|paper_align|Qwen3-0.6B] step=713 epoch=2.7758

                                                 

 92%|█████████▏| 713/771 [23:59<01:55,  1.99s/it]
 93%|█████████▎| 714/771 [23:59<01:53,  1.99s/it]2026-09-20 16:38:42,443 INFO [rev_util_helpfulness|paper_align|Qwen3-0.6B] step=714 epoch=2.7797

                                                 

 93%|█████████▎| 714/771 [24:00<01:53,  1.99s/it]2026-09-20 16:38:43,012 INFO [rev_util_helpfulness|paper_align|Qwen3-0.6B] step=714 epoch=2.7797

                                                 

 93%|█████████▎| 714/771 [24:00<01:53,  1.99s/it]2026-09-20 16:38:43,579 INFO [rev_util_helpfulness|paper_align|Qwen3-0.6B] step=714 epoch=2.7797

                                                 

 93%|█████████▎| 714/771 [24:01<01:53,  1.99s/it]2026-09-20 16:38:44,164 INFO [rev_util_helpfulness|paper_align|Qwen3-0.6B] step=714 epoch=2.7797

                                                 

 93%|█████████▎| 714/771 [24:01<01:53,  1.99s/it]
 93%|█████████▎| 715/771 [24:02<01:56,  2.09s/it]2026-09-20 16:38:44,729 INFO [rev_util_helpfulness|paper_align|Qwen3-0.6B] step=715 epoch=2.7836

                                                 

 93%|█████████▎| 715/771 [24:02<01:56,  2.09s/it]2026-09-20 16:38:45,203 INFO [rev_util_helpfulness|paper_align|Qwen3-0.6B] step=715 epoch=2.7836

                                                 

 93%|█████████▎| 715/771 [24:02<01:56,  2.09s/it]2026-09-20 16:38:45,686 INFO [rev_util_helpfulness|paper_align|Qwen3-0.6B] step=715 epoch=2.7836

                                                 

 93%|█████████▎| 715/771 [24:03<01:56,  2.09s/it]2026-09-20 16:38:46,164 INFO [rev_util_helpfulness|paper_align|Qwen3-0.6B] step=715 epoch=2.7836

                                                 

 93%|█████████▎| 715/771 [24:03<01:56,  2.09s/it]
 93%|█████████▎| 716/771 [24:04<01:52,  2.05s/it]2026-09-20 16:38:46,684 INFO [rev_util_helpfulness|paper_align|Qwen3-0.6B] step=716 epoch=2.7875

                                                 

 93%|█████████▎| 716/771 [24:04<01:52,  2.05s/it]2026-09-20 16:38:47,168 INFO [rev_util_helpfulness|paper_align|Qwen3-0.6B] step=716 epoch=2.7875

                                                 

 93%|█████████▎| 716/771 [24:04<01:52,  2.05s/it]2026-09-20 16:38:47,832 INFO [rev_util_helpfulness|paper_align|Qwen3-0.6B] step=716 epoch=2.7875

                                                 

 93%|█████████▎| 716/771 [24:05<01:52,  2.05s/it]2026-09-20 16:38:48,331 INFO [rev_util_helpfulness|paper_align|Qwen3-0.6B] step=716 epoch=2.7875

                                                 

 93%|█████████▎| 716/771 [24:06<01:52,  2.05s/it]
 93%|█████████▎| 717/771 [24:06<01:52,  2.08s/it]2026-09-20 16:38:48,847 INFO [rev_util_helpfulness|paper_align|Qwen3-0.6B] step=717 epoch=2.7914

                                                 

 93%|█████████▎| 717/771 [24:06<01:52,  2.08s/it]2026-09-20 16:38:49,333 INFO [rev_util_helpfulness|paper_align|Qwen3-0.6B] step=717 epoch=2.7914

                                                 

 93%|█████████▎| 717/771 [24:07<01:52,  2.08s/it]2026-09-20 16:38:49,816 INFO [rev_util_helpfulness|paper_align|Qwen3-0.6B] step=717 epoch=2.7914

                                                 

 93%|█████████▎| 717/771 [24:07<01:52,  2.08s/it]2026-09-20 16:38:50,311 INFO [rev_util_helpfulness|paper_align|Qwen3-0.6B] step=717 epoch=2.7914

                                                 

 93%|█████████▎| 717/771 [24:08<01:52,  2.08s/it]
 93%|█████████▎| 718/771 [24:08<01:48,  2.05s/it]2026-09-20 16:38:50,816 INFO [rev_util_helpfulness|paper_align|Qwen3-0.6B] step=718 epoch=2.7953

                                                 

 93%|█████████▎| 718/771 [24:08<01:48,  2.05s/it]2026-09-20 16:38:51,299 INFO [rev_util_helpfulness|paper_align|Qwen3-0.6B] step=718 epoch=2.7953

                                                 

 93%|█████████▎| 718/771 [24:09<01:48,  2.05s/it]2026-09-20 16:38:51,769 INFO [rev_util_helpfulness|paper_align|Qwen3-0.6B] step=718 epoch=2.7953

                                                 

 93%|█████████▎| 718/771 [24:09<01:48,  2.05s/it]2026-09-20 16:38:52,242 INFO [rev_util_helpfulness|paper_align|Qwen3-0.6B] step=718 epoch=2.7953

                                                 

 93%|█████████▎| 718/771 [24:09<01:48,  2.05s/it]
 93%|█████████▎| 719/771 [24:10<01:44,  2.02s/it]2026-09-20 16:38:52,756 INFO [rev_util_helpfulness|paper_align|Qwen3-0.6B] step=719 epoch=2.7992

                                                 

 93%|█████████▎| 719/771 [24:10<01:44,  2.02s/it]2026-09-20 16:38:53,252 INFO [rev_util_helpfulness|paper_align|Qwen3-0.6B] step=719 epoch=2.7992

                                                 

 93%|█████████▎| 719/771 [24:10<01:44,  2.02s/it]2026-09-20 16:38:53,725 INFO [rev_util_helpfulness|paper_align|Qwen3-0.6B] step=719 epoch=2.7992

                                                 

 93%|█████████▎| 719/771 [24:11<01:44,  2.02s/it]2026-09-20 16:38:54,198 INFO [rev_util_helpfulness|paper_align|Qwen3-0.6B] step=719 epoch=2.7992

                                                 

 93%|█████████▎| 719/771 [24:11<01:44,  2.02s/it]
 93%|█████████▎| 720/771 [24:12<01:42,  2.00s/it]2026-09-20 16:38:54,541 INFO [rev_util_helpfulness|paper_align|Qwen3-0.6B] step=720 loss=0.2734 learning_rate=0.0000 epoch=2.8031

                                                 

 93%|█████████▎| 720/771 [24:12<01:42,  2.00s/it]2026-09-20 16:38:54,718 INFO [rev_util_helpfulness|paper_align|Qwen3-0.6B] step=720 epoch=2.8031

                                                 

 93%|█████████▎| 720/771 [24:12<01:42,  2.00s/it]2026-09-20 16:38:55,197 INFO [rev_util_helpfulness|paper_align|Qwen3-0.6B] step=720 epoch=2.8031

                                                 

 93%|█████████▎| 720/771 [24:12<01:42,  2.00s/it]2026-09-20 16:38:55,677 INFO [rev_util_helpfulness|paper_align|Qwen3-0.6B] step=720 epoch=2.8031

                                                 

 93%|█████████▎| 720/771 [24:13<01:42,  2.00s/it]2026-09-20 16:38:56,156 INFO [rev_util_helpfulness|paper_align|Qwen3-0.6B] step=720 epoch=2.8031

                                                 

 93%|█████████▎| 720/771 [24:13<01:42,  2.00s/it]
 94%|█████████▎| 721/771 [24:14<01:39,  1.98s/it]2026-09-20 16:38:56,667 INFO [rev_util_helpfulness|paper_align|Qwen3-0.6B] step=721 epoch=2.8070

                                                 

 94%|█████████▎| 721/771 [24:14<01:39,  1.98s/it]2026-09-20 16:38:57,136 INFO [rev_util_helpfulness|paper_align|Qwen3-0.6B] step=721 epoch=2.8070

                                                 

 94%|█████████▎| 721/771 [24:14<01:39,  1.98s/it]2026-09-20 16:38:57,608 INFO [rev_util_helpfulness|paper_align|Qwen3-0.6B] step=721 epoch=2.8070

                                                 

 94%|█████████▎| 721/771 [24:15<01:39,  1.98s/it]2026-09-20 16:38:58,086 INFO [rev_util_helpfulness|paper_align|Qwen3-0.6B] step=721 epoch=2.8070

                                                 

 94%|█████████▎| 721/771 [24:15<01:39,  1.98s/it]
 94%|█████████▎| 722/771 [24:16<01:39,  2.04s/it]2026-09-20 16:38:58,829 INFO [rev_util_helpfulness|paper_align|Qwen3-0.6B] step=722 epoch=2.8109

                                                 

 94%|█████████▎| 722/771 [24:16<01:39,  2.04s/it]2026-09-20 16:38:59,297 INFO [rev_util_helpfulness|paper_align|Qwen3-0.6B] step=722 epoch=2.8109

                                                 

 94%|█████████▎| 722/771 [24:17<01:39,  2.04s/it]2026-09-20 16:38:59,774 INFO [rev_util_helpfulness|paper_align|Qwen3-0.6B] step=722 epoch=2.8109

                                                 

 94%|█████████▎| 722/771 [24:17<01:39,  2.04s/it]2026-09-20 16:39:00,243 INFO [rev_util_helpfulness|paper_align|Qwen3-0.6B] step=722 epoch=2.8109

                                                 

 94%|█████████▎| 722/771 [24:17<01:39,  2.04s/it]
 94%|█████████▍| 723/771 [24:18<01:36,  2.00s/it]2026-09-20 16:39:00,746 INFO [rev_util_helpfulness|paper_align|Qwen3-0.6B] step=723 epoch=2.8148

                                                 

 94%|█████████▍| 723/771 [24:18<01:36,  2.00s/it]2026-09-20 16:39:01,224 INFO [rev_util_helpfulness|paper_align|Qwen3-0.6B] step=723 epoch=2.8148

                                                 

 94%|█████████▍| 723/771 [24:18<01:36,  2.00s/it]2026-09-20 16:39:01,695 INFO [rev_util_helpfulness|paper_align|Qwen3-0.6B] step=723 epoch=2.8148

                                                 

 94%|█████████▍| 723/771 [24:19<01:36,  2.00s/it]2026-09-20 16:39:02,169 INFO [rev_util_helpfulness|paper_align|Qwen3-0.6B] step=723 epoch=2.8148

                                                 

 94%|█████████▍| 723/771 [24:19<01:36,  2.00s/it]
 94%|█████████▍| 724/771 [24:20<01:33,  1.98s/it]2026-09-20 16:39:02,674 INFO [rev_util_helpfulness|paper_align|Qwen3-0.6B] step=724 epoch=2.8187

                                                 

 94%|█████████▍| 724/771 [24:20<01:33,  1.98s/it]2026-09-20 16:39:03,134 INFO [rev_util_helpfulness|paper_align|Qwen3-0.6B] step=724 epoch=2.8187

                                                 

 94%|█████████▍| 724/771 [24:20<01:33,  1.98s/it]2026-09-20 16:39:03,594 INFO [rev_util_helpfulness|paper_align|Qwen3-0.6B] step=724 epoch=2.8187

                                                 

 94%|█████████▍| 724/771 [24:21<01:33,  1.98s/it]2026-09-20 16:39:04,072 INFO [rev_util_helpfulness|paper_align|Qwen3-0.6B] step=724 epoch=2.8187

                                                 

 94%|█████████▍| 724/771 [24:21<01:33,  1.98s/it]
 94%|█████████▍| 725/771 [24:22<01:30,  1.96s/it]2026-09-20 16:39:04,576 INFO [rev_util_helpfulness|paper_align|Qwen3-0.6B] step=725 epoch=2.8226

                                                 

 94%|█████████▍| 725/771 [24:22<01:30,  1.96s/it]2026-09-20 16:39:05,042 INFO [rev_util_helpfulness|paper_align|Qwen3-0.6B] step=725 epoch=2.8226

                                                 

 94%|█████████▍| 725/771 [24:22<01:30,  1.96s/it]2026-09-20 16:39:05,512 INFO [rev_util_helpfulness|paper_align|Qwen3-0.6B] step=725 epoch=2.8226

                                                 
{'paper_align_label_loss': '0.02121', 'paper_align_reason_loss': '0.08931', 'epoch': '2.741'}
{'paper_align_label_loss': '0.0006646', 'paper_align_reason_loss': '0.1018', 'epoch': '2.741'}
{'paper_align_label_loss': '0.0001846', 'paper_align_reason_loss': '0.1004', 'epoch': '2.741'}
{'paper_align_label_loss': '0.0003792', 'paper_align_reason_loss': '0.1012', 'epoch': '2.745'}
{'paper_align_label_loss': '0.004483', 'paper_align_reason_loss': '0.09109', 'epoch': '2.745'}
{'paper_align_label_loss': '0.009073', 'paper_align_reason_loss': '0.0886', 'epoch': '2.745'}
{'paper_align_label_loss': '0.03936', 'paper_align_reason_loss': '0.09823', 'epoch': '2.745'}
{'paper_align_label_loss': '0.002971', 'paper_align_reason_loss': '0.06964', 'epoch': '2.749'}
{'paper_align_label_loss': '0.005804', 'paper_align_reason_loss': '0.1194', 'epoch': '2.749'}
{'paper_align_label_loss': '0.05219', 'paper_align_reason_loss': '0.125', 'epoch': '2.749'}
{'paper_align_label_loss': '0.07106', 'paper_align_reason_loss': '0.09455', 'epoch': '2.749'}
{'paper_align_label_loss': '0.05652', 'paper_align_reason_loss': '0.08712', 'epoch': '2.752'}
{'paper_align_label_loss': '0.0004087', 'paper_align_reason_loss': '0.09385', 'epoch': '2.752'}
{'paper_align_label_loss': '0.0571', 'paper_align_reason_loss': '0.08661', 'epoch': '2.752'}
{'paper_align_label_loss': '0.02356', 'paper_align_reason_loss': '0.09979', 'epoch': '2.752'}
{'paper_align_label_loss': '0.0006854', 'paper_align_reason_loss': '0.06301', 'epoch': '2.756'}
{'paper_align_label_loss': '0.01354', 'paper_align_reason_loss': '0.07059', 'epoch': '2.756'}
{'paper_align_label_loss': '0.01585', 'paper_align_reason_loss': '0.119', 'epoch': '2.756'}
{'paper_align_label_loss': '0.3757', 'paper_align_reason_loss': '0.124', 'epoch': '2.756'}
{'paper_align_label_loss': '0.01166', 'paper_align_reason_loss': '0.1078', 'epoch': '2.76'}
{'paper_align_label_loss': '0.3605', 'paper_align_reason_loss': '0.138', 'epoch': '2.76'}
{'paper_align_label_loss': '0.002251', 'paper_align_reason_loss': '0.1163', 'epoch': '2.76'}
{'paper_align_label_loss': '0.1196', 'paper_align_reason_loss': '0.1444', 'epoch': '2.76'}
{'loss': '0.2862', 'grad_norm': '7.054', 'learning_rate': '1.69e-06', 'epoch': '2.764'}
{'paper_align_label_loss': '0.2592', 'paper_align_reason_loss': '0.1207', 'epoch': '2.764'}
{'paper_align_label_loss': '0.02973', 'paper_align_reason_loss': '0.07679', 'epoch': '2.764'}
{'paper_align_label_loss': '0.006938', 'paper_align_reason_loss': '0.1011', 'epoch': '2.764'}
{'paper_align_label_loss': '0.004785', 'paper_align_reason_loss': '0.1009', 'epoch': '2.764'}
{'paper_align_label_loss': '0.02068', 'paper_align_reason_loss': '0.08928', 'epoch': '2.768'}
{'paper_align_label_loss': '0.003402', 'paper_align_reason_loss': '0.06881', 'epoch': '2.768'}
{'paper_align_label_loss': '0.0003963', 'paper_align_reason_loss': '0.1191', 'epoch': '2.768'}
{'paper_align_label_loss': '0.0002004', 'paper_align_reason_loss': '0.103', 'epoch': '2.768'}
{'paper_align_label_loss': '0.2109', 'paper_align_reason_loss': '0.09441', 'epoch': '2.772'}
{'paper_align_label_loss': '0.001659', 'paper_align_reason_loss': '0.08199', 'epoch': '2.772'}
{'paper_align_label_loss': '0.00208', 'paper_align_reason_loss': '0.1058', 'epoch': '2.772'}
{'paper_align_label_loss': '0.0009039', 'paper_align_reason_loss': '0.1265', 'epoch': '2.772'}
{'paper_align_label_loss': '0.02183', 'paper_align_reason_loss': '0.1165', 'epoch': '2.776'}
{'paper_align_label_loss': '0.00756', 'paper_align_reason_loss': '0.1004', 'epoch': '2.776'}
{'paper_align_label_loss': '0.001734', 'paper_align_reason_loss': '0.1321', 'epoch': '2.776'}
{'paper_align_label_loss': '0.07719', 'paper_align_reason_loss': '0.1034', 'epoch': '2.776'}
{'paper_align_label_loss': '0.0119', 'paper_align_reason_loss': '0.09163', 'epoch': '2.78'}
{'paper_align_label_loss': '0.0118', 'paper_align_reason_loss': '0.08847', 'epoch': '2.78'}
{'paper_align_label_loss': '0.01773', 'paper_align_reason_loss': '0.1286', 'epoch': '2.78'}
{'paper_align_label_loss': '0.006604', 'paper_align_reason_loss': '0.09113', 'epoch': '2.78'}
{'paper_align_label_loss': '0.001851', 'paper_align_reason_loss': '0.1115', 'epoch': '2.784'}
{'paper_align_label_loss': '9.914e-05', 'paper_align_reason_loss': '0.07515', 'epoch': '2.784'}
{'paper_align_label_loss': '0.0005442', 'paper_align_reason_loss': '0.1144', 'epoch': '2.784'}
{'paper_align_label_loss': '0.0009681', 'paper_align_reason_loss': '0.1352', 'epoch': '2.784'}
{'paper_align_label_loss': '0.0004843', 'paper_align_reason_loss': '0.08096', 'epoch': '2.788'}
{'paper_align_label_loss': '0.06996', 'paper_align_reason_loss': '0.1359', 'epoch': '2.788'}
{'paper_align_label_loss': '0.0006221', 'paper_align_reason_loss': '0.1144', 'epoch': '2.788'}
{'paper_align_label_loss': '0.003103', 'paper_align_reason_loss': '0.09563', 'epoch': '2.788'}
{'paper_align_label_loss': '0.1616', 'paper_align_reason_loss': '0.1445', 'epoch': '2.791'}
{'paper_align_label_loss': '0.0067', 'paper_align_reason_loss': '0.06625', 'epoch': '2.791'}
{'paper_align_label_loss': '0.01249', 'paper_align_reason_loss': '0.09644', 'epoch': '2.791'}
{'paper_align_label_loss': '0.006623', 'paper_align_reason_loss': '0.07865', 'epoch': '2.791'}
{'paper_align_label_loss': '0.1909', 'paper_align_reason_loss': '0.07268', 'epoch': '2.795'}
{'paper_align_label_loss': '0.008997', 'paper_align_reason_loss': '0.1188', 'epoch': '2.795'}
{'paper_align_label_loss': '0.09628', 'paper_align_reason_loss': '0.1211', 'epoch': '2.795'}
{'paper_align_label_loss': '0.005035', 'paper_align_reason_loss': '0.08306', 'epoch': '2.795'}
{'paper_align_label_loss': '0.001733', 'paper_align_reason_loss': '0.06881', 'epoch': '2.799'}
{'paper_align_label_loss': '0.003418', 'paper_align_reason_loss': '0.09366', 'epoch': '2.799'}
{'paper_align_label_loss': '0.1117', 'paper_align_reason_loss': '0.08295', 'epoch': '2.799'}
{'paper_align_label_loss': '0.001668', 'paper_align_reason_loss': '0.1542', 'epoch': '2.799'}
{'loss': '0.2734', 'grad_norm': '4.219', 'learning_rate': '1.191e-06', 'epoch': '2.803'}
{'paper_align_label_loss': '0.01689', 'paper_align_reason_loss': '0.1141', 'epoch': '2.803'}
{'paper_align_label_loss': '0.004172', 'paper_align_reason_loss': '0.08089', 'epoch': '2.803'}
{'paper_align_label_loss': '0.003167', 'paper_align_reason_loss': '0.1208', 'epoch': '2.803'}
{'paper_align_label_loss': '0.002479', 'paper_align_reason_loss': '0.1342', 'epoch': '2.803'}
{'paper_align_label_loss': '0.00163', 'paper_align_reason_loss': '0.09156', 'epoch': '2.807'}
{'paper_align_label_loss': '0.0007032', 'paper_align_reason_loss': '0.06812', 'epoch': '2.807'}
{'paper_align_label_loss': '0.001164', 'paper_align_reason_loss': '0.1129', 'epoch': '2.807'}
{'paper_align_label_loss': '0.001544', 'paper_align_reason_loss': '0.092', 'epoch': '2.807'}
{'paper_align_label_loss': '0.001061', 'paper_align_reason_loss': '0.0376', 'epoch': '2.811'}
{'paper_align_label_loss': '0.002051', 'paper_align_reason_loss': '0.08024', 'epoch': '2.811'}
{'paper_align_label_loss': '0.1557', 'paper_align_reason_loss': '0.1131', 'epoch': '2.811'}
{'paper_align_label_loss': '0.0003609', 'paper_align_reason_loss': '0.1241', 'epoch': '2.811'}
{'paper_align_label_loss': '0.06582', 'paper_align_reason_loss': '0.06163', 'epoch': '2.815'}
{'paper_align_label_loss': '0.007935', 'paper_align_reason_loss': '0.0958', 'epoch': '2.815'}
{'paper_align_label_loss': '0.00357', 'paper_align_reason_loss': '0.126', 'epoch': '2.815'}
{'paper_align_label_loss': '0.005009', 'paper_align_reason_loss': '0.08476', 'epoch': '2.815'}
{'paper_align_label_loss': '0.2027', 'paper_align_reason_loss': '0.161', 'epoch': '2.819'}
{'paper_align_label_loss': '0.001159', 'paper_align_reason_loss': '0.08777', 'epoch': '2.819'}
{'paper_align_label_loss': '0.03961', 'paper_align_reason_loss': '0.0852', 'epoch': '2.819'}
{'paper_align_label_loss': '0.01165', 'paper_align_reason_loss': '0.1185', 'epoch': '2.819'}
{'paper_align_label_loss': '0.009633', 'paper_align_reason_loss': '0.08844', 'epoch': '2.823'}
{'paper_align_label_loss': '0.03252', 'paper_align_reason_loss': '0.1257', 'epoch': '2.823'}

 94%|█████████▍| 725/771 [24:23<01:30,  1.96s/it]2026-09-20 16:39:05,991 INFO [rev_util_helpfulness|paper_align|Qwen3-0.6B] step=725 epoch=2.8226

                                                 

 94%|█████████▍| 725/771 [24:23<01:30,  1.96s/it]
 94%|█████████▍| 726/771 [24:24<01:27,  1.95s/it]2026-09-20 16:39:06,506 INFO [rev_util_helpfulness|paper_align|Qwen3-0.6B] step=726 epoch=2.8265

                                                 

 94%|█████████▍| 726/771 [24:24<01:27,  1.95s/it]2026-09-20 16:39:06,971 INFO [rev_util_helpfulness|paper_align|Qwen3-0.6B] step=726 epoch=2.8265

                                                 

 94%|█████████▍| 726/771 [24:24<01:27,  1.95s/it]2026-09-20 16:39:07,440 INFO [rev_util_helpfulness|paper_align|Qwen3-0.6B] step=726 epoch=2.8265

                                                 

 94%|█████████▍| 726/771 [24:25<01:27,  1.95s/it]2026-09-20 16:39:07,908 INFO [rev_util_helpfulness|paper_align|Qwen3-0.6B] step=726 epoch=2.8265

                                                 

 94%|█████████▍| 726/771 [24:25<01:27,  1.95s/it]
 94%|█████████▍| 727/771 [24:25<01:25,  1.94s/it]2026-09-20 16:39:08,426 INFO [rev_util_helpfulness|paper_align|Qwen3-0.6B] step=727 epoch=2.8304

                                                 

 94%|█████████▍| 727/771 [24:26<01:25,  1.94s/it]2026-09-20 16:39:09,093 INFO [rev_util_helpfulness|paper_align|Qwen3-0.6B] step=727 epoch=2.8304

                                                 

 94%|█████████▍| 727/771 [24:26<01:25,  1.94s/it]2026-09-20 16:39:09,573 INFO [rev_util_helpfulness|paper_align|Qwen3-0.6B] step=727 epoch=2.8304

                                                 

 94%|█████████▍| 727/771 [24:27<01:25,  1.94s/it]2026-09-20 16:39:10,045 INFO [rev_util_helpfulness|paper_align|Qwen3-0.6B] step=727 epoch=2.8304

                                                 

 94%|█████████▍| 727/771 [24:27<01:25,  1.94s/it]
 94%|█████████▍| 728/771 [24:28<01:25,  2.00s/it]2026-09-20 16:39:10,558 INFO [rev_util_helpfulness|paper_align|Qwen3-0.6B] step=728 epoch=2.8343

                                                 

 94%|█████████▍| 728/771 [24:28<01:25,  2.00s/it]2026-09-20 16:39:11,031 INFO [rev_util_helpfulness|paper_align|Qwen3-0.6B] step=728 epoch=2.8343

                                                 

 94%|█████████▍| 728/771 [24:28<01:25,  2.00s/it]2026-09-20 16:39:11,497 INFO [rev_util_helpfulness|paper_align|Qwen3-0.6B] step=728 epoch=2.8343

                                                 

 94%|█████████▍| 728/771 [24:29<01:25,  2.00s/it]2026-09-20 16:39:11,974 INFO [rev_util_helpfulness|paper_align|Qwen3-0.6B] step=728 epoch=2.8343

                                                 

 94%|█████████▍| 728/771 [24:29<01:25,  2.00s/it]
 95%|█████████▍| 729/771 [24:30<01:23,  1.98s/it]2026-09-20 16:39:12,506 INFO [rev_util_helpfulness|paper_align|Qwen3-0.6B] step=729 epoch=2.8382

                                                 

 95%|█████████▍| 729/771 [24:30<01:23,  1.98s/it]2026-09-20 16:39:12,982 INFO [rev_util_helpfulness|paper_align|Qwen3-0.6B] step=729 epoch=2.8382

                                                 

 95%|█████████▍| 729/771 [24:30<01:23,  1.98s/it]2026-09-20 16:39:13,448 INFO [rev_util_helpfulness|paper_align|Qwen3-0.6B] step=729 epoch=2.8382

                                                 

 95%|█████████▍| 729/771 [24:31<01:23,  1.98s/it]2026-09-20 16:39:13,937 INFO [rev_util_helpfulness|paper_align|Qwen3-0.6B] step=729 epoch=2.8382

                                                 

 95%|█████████▍| 729/771 [24:31<01:23,  1.98s/it]
 95%|█████████▍| 730/771 [24:31<01:20,  1.97s/it]2026-09-20 16:39:14,262 INFO [rev_util_helpfulness|paper_align|Qwen3-0.6B] step=730 loss=0.2543 learning_rate=0.0000 epoch=2.8421

                                                 

 95%|█████████▍| 730/771 [24:31<01:20,  1.97s/it]2026-09-20 16:39:14,442 INFO [rev_util_helpfulness|paper_align|Qwen3-0.6B] step=730 epoch=2.8421

                                                 

 95%|█████████▍| 730/771 [24:32<01:20,  1.97s/it]2026-09-20 16:39:14,921 INFO [rev_util_helpfulness|paper_align|Qwen3-0.6B] step=730 epoch=2.8421

                                                 

 95%|█████████▍| 730/771 [24:32<01:20,  1.97s/it]2026-09-20 16:39:15,393 INFO [rev_util_helpfulness|paper_align|Qwen3-0.6B] step=730 epoch=2.8421

                                                 

 95%|█████████▍| 730/771 [24:33<01:20,  1.97s/it]2026-09-20 16:39:15,864 INFO [rev_util_helpfulness|paper_align|Qwen3-0.6B] step=730 epoch=2.8421

                                                 

 95%|█████████▍| 730/771 [24:33<01:20,  1.97s/it]
 95%|█████████▍| 731/771 [24:33<01:18,  1.96s/it]2026-09-20 16:39:16,372 INFO [rev_util_helpfulness|paper_align|Qwen3-0.6B] step=731 epoch=2.8460

                                                 

 95%|█████████▍| 731/771 [24:34<01:18,  1.96s/it]2026-09-20 16:39:16,827 INFO [rev_util_helpfulness|paper_align|Qwen3-0.6B] step=731 epoch=2.8460

                                                 

 95%|█████████▍| 731/771 [24:34<01:18,  1.96s/it]2026-09-20 16:39:17,299 INFO [rev_util_helpfulness|paper_align|Qwen3-0.6B] step=731 epoch=2.8460

                                                 

 95%|█████████▍| 731/771 [24:35<01:18,  1.96s/it]2026-09-20 16:39:17,773 INFO [rev_util_helpfulness|paper_align|Qwen3-0.6B] step=731 epoch=2.8460

                                                 

 95%|█████████▍| 731/771 [24:35<01:18,  1.96s/it]
 95%|█████████▍| 732/771 [24:35<01:15,  1.94s/it]2026-09-20 16:39:18,492 INFO [rev_util_helpfulness|paper_align|Qwen3-0.6B] step=732 epoch=2.8499

                                                 

 95%|█████████▍| 732/771 [24:36<01:15,  1.94s/it]2026-09-20 16:39:18,960 INFO [rev_util_helpfulness|paper_align|Qwen3-0.6B] step=732 epoch=2.8499

                                                 

 95%|█████████▍| 732/771 [24:36<01:15,  1.94s/it]2026-09-20 16:39:19,461 INFO [rev_util_helpfulness|paper_align|Qwen3-0.6B] step=732 epoch=2.8499

                                                 

 95%|█████████▍| 732/771 [24:37<01:15,  1.94s/it]2026-09-20 16:39:19,939 INFO [rev_util_helpfulness|paper_align|Qwen3-0.6B] step=732 epoch=2.8499

                                                 

 95%|█████████▍| 732/771 [24:37<01:15,  1.94s/it]
 95%|█████████▌| 733/771 [24:37<01:16,  2.01s/it]2026-09-20 16:39:20,447 INFO [rev_util_helpfulness|paper_align|Qwen3-0.6B] step=733 epoch=2.8538

                                                 

 95%|█████████▌| 733/771 [24:38<01:16,  2.01s/it]2026-09-20 16:39:20,926 INFO [rev_util_helpfulness|paper_align|Qwen3-0.6B] step=733 epoch=2.8538

                                                 

 95%|█████████▌| 733/771 [24:38<01:16,  2.01s/it]2026-09-20 16:39:21,406 INFO [rev_util_helpfulness|paper_align|Qwen3-0.6B] step=733 epoch=2.8538

                                                 

 95%|█████████▌| 733/771 [24:39<01:16,  2.01s/it]2026-09-20 16:39:21,891 INFO [rev_util_helpfulness|paper_align|Qwen3-0.6B] step=733 epoch=2.8538

                                                 

 95%|█████████▌| 733/771 [24:39<01:16,  2.01s/it]
 95%|█████████▌| 734/771 [24:39<01:13,  2.00s/it]2026-09-20 16:39:22,405 INFO [rev_util_helpfulness|paper_align|Qwen3-0.6B] step=734 epoch=2.8577

                                                 

 95%|█████████▌| 734/771 [24:40<01:13,  2.00s/it]2026-09-20 16:39:22,878 INFO [rev_util_helpfulness|paper_align|Qwen3-0.6B] step=734 epoch=2.8577

                                                 

 95%|█████████▌| 734/771 [24:40<01:13,  2.00s/it]2026-09-20 16:39:23,359 INFO [rev_util_helpfulness|paper_align|Qwen3-0.6B] step=734 epoch=2.8577

                                                 

 95%|█████████▌| 734/771 [24:41<01:13,  2.00s/it]2026-09-20 16:39:23,834 INFO [rev_util_helpfulness|paper_align|Qwen3-0.6B] step=734 epoch=2.8577

                                                 

 95%|█████████▌| 734/771 [24:41<01:13,  2.00s/it]
 95%|█████████▌| 735/771 [24:41<01:11,  1.97s/it]2026-09-20 16:39:24,332 INFO [rev_util_helpfulness|paper_align|Qwen3-0.6B] step=735 epoch=2.8616

                                                 

 95%|█████████▌| 735/771 [24:42<01:11,  1.97s/it]2026-09-20 16:39:24,807 INFO [rev_util_helpfulness|paper_align|Qwen3-0.6B] step=735 epoch=2.8616

                                                 

 95%|█████████▌| 735/771 [24:42<01:11,  1.97s/it]2026-09-20 16:39:25,291 INFO [rev_util_helpfulness|paper_align|Qwen3-0.6B] step=735 epoch=2.8616

                                                 

 95%|█████████▌| 735/771 [24:43<01:11,  1.97s/it]2026-09-20 16:39:25,764 INFO [rev_util_helpfulness|paper_align|Qwen3-0.6B] step=735 epoch=2.8616

                                                 

 95%|█████████▌| 735/771 [24:43<01:11,  1.97s/it]
 95%|█████████▌| 736/771 [24:43<01:08,  1.96s/it]2026-09-20 16:39:26,279 INFO [rev_util_helpfulness|paper_align|Qwen3-0.6B] step=736 epoch=2.8655

                                                 

 95%|█████████▌| 736/771 [24:43<01:08,  1.96s/it]2026-09-20 16:39:26,744 INFO [rev_util_helpfulness|paper_align|Qwen3-0.6B] step=736 epoch=2.8655

                                                 

 95%|█████████▌| 736/771 [24:44<01:08,  1.96s/it]2026-09-20 16:39:27,221 INFO [rev_util_helpfulness|paper_align|Qwen3-0.6B] step=736 epoch=2.8655

                                                 

 95%|█████████▌| 736/771 [24:44<01:08,  1.96s/it]2026-09-20 16:39:27,706 INFO [rev_util_helpfulness|paper_align|Qwen3-0.6B] step=736 epoch=2.8655

                                                 

 95%|█████████▌| 736/771 [24:45<01:08,  1.96s/it]
 96%|█████████▌| 737/771 [24:45<01:06,  1.96s/it]2026-09-20 16:39:28,212 INFO [rev_util_helpfulness|paper_align|Qwen3-0.6B] step=737 epoch=2.8694

                                                 

 96%|█████████▌| 737/771 [24:45<01:06,  1.96s/it]2026-09-20 16:39:28,880 INFO [rev_util_helpfulness|paper_align|Qwen3-0.6B] step=737 epoch=2.8694

                                                 

 96%|█████████▌| 737/771 [24:46<01:06,  1.96s/it]2026-09-20 16:39:29,358 INFO [rev_util_helpfulness|paper_align|Qwen3-0.6B] step=737 epoch=2.8694

                                                 

 96%|█████████▌| 737/771 [24:47<01:06,  1.96s/it]2026-09-20 16:39:29,848 INFO [rev_util_helpfulness|paper_align|Qwen3-0.6B] step=737 epoch=2.8694

                                                 

 96%|█████████▌| 737/771 [24:47<01:06,  1.96s/it]
 96%|█████████▌| 738/771 [24:47<01:06,  2.01s/it]2026-09-20 16:39:30,356 INFO [rev_util_helpfulness|paper_align|Qwen3-0.6B] step=738 epoch=2.8733

                                                 

 96%|█████████▌| 738/771 [24:48<01:06,  2.01s/it]2026-09-20 16:39:30,827 INFO [rev_util_helpfulness|paper_align|Qwen3-0.6B] step=738 epoch=2.8733

                                                 

 96%|█████████▌| 738/771 [24:48<01:06,  2.01s/it]2026-09-20 16:39:31,303 INFO [rev_util_helpfulness|paper_align|Qwen3-0.6B] step=738 epoch=2.8733

                                                 

 96%|█████████▌| 738/771 [24:49<01:06,  2.01s/it]2026-09-20 16:39:31,768 INFO [rev_util_helpfulness|paper_align|Qwen3-0.6B] step=738 epoch=2.8733

                                                 

 96%|█████████▌| 738/771 [24:49<01:06,  2.01s/it]
 96%|█████████▌| 739/771 [24:49<01:03,  1.99s/it]2026-09-20 16:39:32,291 INFO [rev_util_helpfulness|paper_align|Qwen3-0.6B] step=739 epoch=2.8772

                                                 

 96%|█████████▌| 739/771 [24:50<01:03,  1.99s/it]2026-09-20 16:39:32,764 INFO [rev_util_helpfulness|paper_align|Qwen3-0.6B] step=739 epoch=2.8772

                                                 

 96%|█████████▌| 739/771 [24:50<01:03,  1.99s/it]2026-09-20 16:39:33,242 INFO [rev_util_helpfulness|paper_align|Qwen3-0.6B] step=739 epoch=2.8772

                                                 

 96%|█████████▌| 739/771 [24:50<01:03,  1.99s/it]2026-09-20 16:39:33,701 INFO [rev_util_helpfulness|paper_align|Qwen3-0.6B] step=739 epoch=2.8772

                                                 

 96%|█████████▌| 739/771 [24:51<01:03,  1.99s/it]
 96%|█████████▌| 740/771 [24:51<01:01,  1.97s/it]2026-09-20 16:39:34,033 INFO [rev_util_helpfulness|paper_align|Qwen3-0.6B] step=740 loss=0.2696 learning_rate=0.0000 epoch=2.8811

                                                 

 96%|█████████▌| 740/771 [24:51<01:01,  1.97s/it]2026-09-20 16:39:34,213 INFO [rev_util_helpfulness|paper_align|Qwen3-0.6B] step=740 epoch=2.8811

                                                 

 96%|█████████▌| 740/771 [24:51<01:01,  1.97s/it]2026-09-20 16:39:34,684 INFO [rev_util_helpfulness|paper_align|Qwen3-0.6B] step=740 epoch=2.8811

                                                 

 96%|█████████▌| 740/771 [24:52<01:01,  1.97s/it]2026-09-20 16:39:35,161 INFO [rev_util_helpfulness|paper_align|Qwen3-0.6B] step=740 epoch=2.8811

                                                 

 96%|█████████▌| 740/771 [24:52<01:01,  1.97s/it]2026-09-20 16:39:35,640 INFO [rev_util_helpfulness|paper_align|Qwen3-0.6B] step=740 epoch=2.8811

                                                 

 96%|█████████▌| 740/771 [24:53<01:01,  1.97s/it]
 96%|█████████▌| 741/771 [24:53<00:58,  1.96s/it]2026-09-20 16:39:36,159 INFO [rev_util_helpfulness|paper_align|Qwen3-0.6B] step=741 epoch=2.8850

                                                 

 96%|█████████▌| 741/771 [24:53<00:58,  1.96s/it]2026-09-20 16:39:36,642 INFO [rev_util_helpfulness|paper_align|Qwen3-0.6B] step=741 epoch=2.8850

                                                 

 96%|█████████▌| 741/771 [24:54<00:58,  1.96s/it]2026-09-20 16:39:37,114 INFO [rev_util_helpfulness|paper_align|Qwen3-0.6B] step=741 epoch=2.8850

                                                 

 96%|█████████▌| 741/771 [24:54<00:58,  1.96s/it]2026-09-20 16:39:37,591 INFO [rev_util_helpfulness|paper_align|Qwen3-0.6B] step=741 epoch=2.8850

                                                 

 96%|█████████▌| 741/771 [24:55<00:58,  1.96s/it]
 96%|█████████▌| 742/771 [24:55<00:56,  1.96s/it]2026-09-20 16:39:38,091 INFO [rev_util_helpfulness|paper_align|Qwen3-0.6B] step=742 epoch=2.8889

                                                 

 96%|█████████▌| 742/771 [24:55<00:56,  1.96s/it]2026-09-20 16:39:38,569 INFO [rev_util_helpfulness|paper_align|Qwen3-0.6B] step=742 epoch=2.8889

                                                 

 96%|█████████▌| 742/771 [24:56<00:56,  1.96s/it]2026-09-20 16:39:39,049 INFO [rev_util_helpfulness|paper_align|Qwen3-0.6B] step=742 epoch=2.8889

                                                 

 96%|█████████▌| 742/771 [24:56<00:56,  1.96s/it]2026-09-20 16:39:39,707 INFO [rev_util_helpfulness|paper_align|Qwen3-0.6B] step=742 epoch=2.8889

                                                 

 96%|█████████▌| 742/771 [24:57<00:56,  1.96s/it]
 96%|█████████▋| 743/771 [24:57<00:56,  2.00s/it]2026-09-20 16:39:40,216 INFO [rev_util_helpfulness|paper_align|Qwen3-0.6B] step=743 epoch=2.8928

                                                 

 96%|█████████▋| 743/771 [24:57<00:56,  2.00s/it]2026-09-20 16:39:40,688 INFO [rev_util_helpfulness|paper_align|Qwen3-0.6B] step=743 epoch=2.8928

                                                 

 96%|█████████▋| 743/771 [24:58<00:56,  2.00s/it]2026-09-20 16:39:41,167 INFO [rev_util_helpfulness|paper_align|Qwen3-0.6B] step=743 epoch=2.8928

                                                 

 96%|█████████▋| 743/771 [24:58<00:56,  2.00s/it]2026-09-20 16:39:41,650 INFO [rev_util_helpfulness|paper_align|Qwen3-0.6B] step=743 epoch=2.8928

                                                 

 96%|█████████▋| 743/771 [24:59<00:56,  2.00s/it]
 96%|█████████▋| 744/771 [24:59<00:53,  1.99s/it]2026-09-20 16:39:42,158 INFO [rev_util_helpfulness|paper_align|Qwen3-0.6B] step=744 epoch=2.8967

                                                 

 96%|█████████▋| 744/771 [24:59<00:53,  1.99s/it]2026-09-20 16:39:42,631 INFO [rev_util_helpfulness|paper_align|Qwen3-0.6B] step=744 epoch=2.8967

                                                 

 96%|█████████▋| 744/771 [25:00<00:53,  1.99s/it]2026-09-20 16:39:43,114 INFO [rev_util_helpfulness|paper_align|Qwen3-0.6B] step=744 epoch=2.8967

                                                 

 96%|█████████▋| 744/771 [25:00<00:53,  1.99s/it]2026-09-20 16:39:43,592 INFO [rev_util_helpfulness|paper_align|Qwen3-0.6B] step=744 epoch=2.8967

                                                 

 96%|█████████▋| 744/771 [25:01<00:53,  1.99s/it]
 97%|█████████▋| 745/771 [25:01<00:51,  1.97s/it]2026-09-20 16:39:44,108 INFO [rev_util_helpfulness|paper_align|Qwen3-0.6B] step=745 epoch=2.9006

                                                 

 97%|█████████▋| 745/771 [25:01<00:51,  1.97s/it]2026-09-20 16:39:44,583 INFO [rev_util_helpfulness|paper_align|Qwen3-0.6B] step=745 epoch=2.9006

                                                 

 97%|█████████▋| 745/771 [25:02<00:51,  1.97s/it]2026-09-20 16:39:45,059 INFO [rev_util_helpfulness|paper_align|Qwen3-0.6B] step=745 epoch=2.9006

                                                 

 97%|█████████▋| 745/771 [25:02<00:51,  1.97s/it]2026-09-20 16:39:45,531 INFO [rev_util_helpfulness|paper_align|Qwen3-0.6B] step=745 epoch=2.9006

                                                 

 97%|█████████▋| 745/771 [25:03<00:51,  1.97s/it]
 97%|█████████▋| 746/771 [25:03<00:49,  1.96s/it]2026-09-20 16:39:46,042 INFO [rev_util_helpfulness|paper_align|Qwen3-0.6B] step=746 epoch=2.9045

                                                 

 97%|█████████▋| 746/771 [25:03<00:49,  1.96s/it]2026-09-20 16:39:46,512 INFO [rev_util_helpfulness|paper_align|Qwen3-0.6B] step=746 epoch=2.9045

                                                 

 97%|█████████▋| 746/771 [25:04<00:49,  1.96s/it]2026-09-20 16:39:46,986 INFO [rev_util_helpfulness|paper_align|Qwen3-0.6B] step=746 epoch=2.9045

                                                 

 97%|█████████▋| 746/771 [25:04<00:49,  1.96s/it]2026-09-20 16:39:47,460 INFO [rev_util_helpfulness|paper_align|Qwen3-0.6B] step=746 epoch=2.9045

                                                 
{'paper_align_label_loss': '0.1172', 'paper_align_reason_loss': '0.128', 'epoch': '2.823'}
{'paper_align_label_loss': '0.02613', 'paper_align_reason_loss': '0.1167', 'epoch': '2.823'}
{'paper_align_label_loss': '0.009929', 'paper_align_reason_loss': '0.1065', 'epoch': '2.827'}
{'paper_align_label_loss': '0.0004264', 'paper_align_reason_loss': '0.08567', 'epoch': '2.827'}
{'paper_align_label_loss': '0.02324', 'paper_align_reason_loss': '0.08037', 'epoch': '2.827'}
{'paper_align_label_loss': '0.0007238', 'paper_align_reason_loss': '0.05543', 'epoch': '2.827'}
{'paper_align_label_loss': '0.0127', 'paper_align_reason_loss': '0.1109', 'epoch': '2.83'}
{'paper_align_label_loss': '0.004795', 'paper_align_reason_loss': '0.1326', 'epoch': '2.83'}
{'paper_align_label_loss': '0.04741', 'paper_align_reason_loss': '0.1241', 'epoch': '2.83'}
{'paper_align_label_loss': '0.0222', 'paper_align_reason_loss': '0.07133', 'epoch': '2.83'}
{'paper_align_label_loss': '0.01505', 'paper_align_reason_loss': '0.1273', 'epoch': '2.834'}
{'paper_align_label_loss': '0.06665', 'paper_align_reason_loss': '0.1466', 'epoch': '2.834'}
{'paper_align_label_loss': '0.01398', 'paper_align_reason_loss': '0.1219', 'epoch': '2.834'}
{'paper_align_label_loss': '0.006651', 'paper_align_reason_loss': '0.08217', 'epoch': '2.834'}
{'paper_align_label_loss': '0.00672', 'paper_align_reason_loss': '0.1097', 'epoch': '2.838'}
{'paper_align_label_loss': '0.01036', 'paper_align_reason_loss': '0.1026', 'epoch': '2.838'}
{'paper_align_label_loss': '0.006614', 'paper_align_reason_loss': '0.101', 'epoch': '2.838'}
{'paper_align_label_loss': '0.00132', 'paper_align_reason_loss': '0.1157', 'epoch': '2.838'}
{'loss': '0.2543', 'grad_norm': '2.96', 'learning_rate': '7.78e-07', 'epoch': '2.842'}
{'paper_align_label_loss': '0.003467', 'paper_align_reason_loss': '0.1274', 'epoch': '2.842'}
{'paper_align_label_loss': '0.0005403', 'paper_align_reason_loss': '0.1132', 'epoch': '2.842'}
{'paper_align_label_loss': '0.0007917', 'paper_align_reason_loss': '0.09139', 'epoch': '2.842'}
{'paper_align_label_loss': '0.04581', 'paper_align_reason_loss': '0.1175', 'epoch': '2.842'}
{'paper_align_label_loss': '0.09716', 'paper_align_reason_loss': '0.1184', 'epoch': '2.846'}
{'paper_align_label_loss': '0.01065', 'paper_align_reason_loss': '0.1094', 'epoch': '2.846'}
{'paper_align_label_loss': '0.03967', 'paper_align_reason_loss': '0.07946', 'epoch': '2.846'}
{'paper_align_label_loss': '0.0008939', 'paper_align_reason_loss': '0.09935', 'epoch': '2.846'}
{'paper_align_label_loss': '0.003355', 'paper_align_reason_loss': '0.1095', 'epoch': '2.85'}
{'paper_align_label_loss': '0.001772', 'paper_align_reason_loss': '0.09068', 'epoch': '2.85'}
{'paper_align_label_loss': '0.03871', 'paper_align_reason_loss': '0.113', 'epoch': '2.85'}
{'paper_align_label_loss': '0.06329', 'paper_align_reason_loss': '0.09261', 'epoch': '2.85'}
{'paper_align_label_loss': '0.005698', 'paper_align_reason_loss': '0.09233', 'epoch': '2.854'}
{'paper_align_label_loss': '0.005317', 'paper_align_reason_loss': '0.07889', 'epoch': '2.854'}
{'paper_align_label_loss': '0.01582', 'paper_align_reason_loss': '0.07797', 'epoch': '2.854'}
{'paper_align_label_loss': '0.005327', 'paper_align_reason_loss': '0.08598', 'epoch': '2.854'}
{'paper_align_label_loss': '0.01147', 'paper_align_reason_loss': '0.09685', 'epoch': '2.858'}
{'paper_align_label_loss': '0.004446', 'paper_align_reason_loss': '0.1416', 'epoch': '2.858'}
{'paper_align_label_loss': '0.001548', 'paper_align_reason_loss': '0.1094', 'epoch': '2.858'}
{'paper_align_label_loss': '0.0007575', 'paper_align_reason_loss': '0.07853', 'epoch': '2.858'}
{'paper_align_label_loss': '0.01513', 'paper_align_reason_loss': '0.1074', 'epoch': '2.862'}
{'paper_align_label_loss': '0.003059', 'paper_align_reason_loss': '0.1538', 'epoch': '2.862'}
{'paper_align_label_loss': '0.001699', 'paper_align_reason_loss': '0.09491', 'epoch': '2.862'}
{'paper_align_label_loss': '0.009347', 'paper_align_reason_loss': '0.09183', 'epoch': '2.862'}
{'paper_align_label_loss': '0.002081', 'paper_align_reason_loss': '0.1419', 'epoch': '2.865'}
{'paper_align_label_loss': '0.003982', 'paper_align_reason_loss': '0.09782', 'epoch': '2.865'}
{'paper_align_label_loss': '0.08517', 'paper_align_reason_loss': '0.1022', 'epoch': '2.865'}
{'paper_align_label_loss': '0.04738', 'paper_align_reason_loss': '0.09013', 'epoch': '2.865'}
{'paper_align_label_loss': '0.2847', 'paper_align_reason_loss': '0.1384', 'epoch': '2.869'}
{'paper_align_label_loss': '0.06433', 'paper_align_reason_loss': '0.1345', 'epoch': '2.869'}
{'paper_align_label_loss': '0.02022', 'paper_align_reason_loss': '0.1634', 'epoch': '2.869'}
{'paper_align_label_loss': '0.01309', 'paper_align_reason_loss': '0.09424', 'epoch': '2.869'}
{'paper_align_label_loss': '0.07176', 'paper_align_reason_loss': '0.1278', 'epoch': '2.873'}
{'paper_align_label_loss': '0.01106', 'paper_align_reason_loss': '0.1149', 'epoch': '2.873'}
{'paper_align_label_loss': '0.02104', 'paper_align_reason_loss': '0.08805', 'epoch': '2.873'}
{'paper_align_label_loss': '0.001903', 'paper_align_reason_loss': '0.09135', 'epoch': '2.873'}
{'paper_align_label_loss': '0.001676', 'paper_align_reason_loss': '0.08546', 'epoch': '2.877'}
{'paper_align_label_loss': '0.02019', 'paper_align_reason_loss': '0.09652', 'epoch': '2.877'}
{'paper_align_label_loss': '0.02209', 'paper_align_reason_loss': '0.1425', 'epoch': '2.877'}
{'paper_align_label_loss': '0.04745', 'paper_align_reason_loss': '0.1073', 'epoch': '2.877'}
{'loss': '0.2696', 'grad_norm': '5.865', 'learning_rate': '4.521e-07', 'epoch': '2.881'}
{'paper_align_label_loss': '0.2085', 'paper_align_reason_loss': '0.1528', 'epoch': '2.881'}
{'paper_align_label_loss': '0.1008', 'paper_align_reason_loss': '0.1358', 'epoch': '2.881'}
{'paper_align_label_loss': '0.0317', 'paper_align_reason_loss': '0.124', 'epoch': '2.881'}
{'paper_align_label_loss': '0.001037', 'paper_align_reason_loss': '0.08877', 'epoch': '2.881'}
{'paper_align_label_loss': '0.04647', 'paper_align_reason_loss': '0.133', 'epoch': '2.885'}
{'paper_align_label_loss': '0.001352', 'paper_align_reason_loss': '0.1316', 'epoch': '2.885'}
{'paper_align_label_loss': '0.07124', 'paper_align_reason_loss': '0.1601', 'epoch': '2.885'}
{'paper_align_label_loss': '0.01089', 'paper_align_reason_loss': '0.1145', 'epoch': '2.885'}
{'paper_align_label_loss': '0.002457', 'paper_align_reason_loss': '0.1017', 'epoch': '2.889'}
{'paper_align_label_loss': '0.05335', 'paper_align_reason_loss': '0.09623', 'epoch': '2.889'}
{'paper_align_label_loss': '0.006422', 'paper_align_reason_loss': '0.08722', 'epoch': '2.889'}
{'paper_align_label_loss': '0.001208', 'paper_align_reason_loss': '0.09101', 'epoch': '2.889'}
{'paper_align_label_loss': '0.0003628', 'paper_align_reason_loss': '0.1183', 'epoch': '2.893'}
{'paper_align_label_loss': '0.019', 'paper_align_reason_loss': '0.1026', 'epoch': '2.893'}
{'paper_align_label_loss': '0.004196', 'paper_align_reason_loss': '0.1324', 'epoch': '2.893'}
{'paper_align_label_loss': '0.001259', 'paper_align_reason_loss': '0.1112', 'epoch': '2.893'}
{'paper_align_label_loss': '0.004219', 'paper_align_reason_loss': '0.1143', 'epoch': '2.897'}
{'paper_align_label_loss': '0.003396', 'paper_align_reason_loss': '0.08591', 'epoch': '2.897'}
{'paper_align_label_loss': '0.1205', 'paper_align_reason_loss': '0.1132', 'epoch': '2.897'}
{'paper_align_label_loss': '0.006074', 'paper_align_reason_loss': '0.1065', 'epoch': '2.897'}
{'paper_align_label_loss': '0.04791', 'paper_align_reason_loss': '0.07365', 'epoch': '2.901'}
{'paper_align_label_loss': '0.003379', 'paper_align_reason_loss': '0.1169', 'epoch': '2.901'}
{'paper_align_label_loss': '0.002365', 'paper_align_reason_loss': '0.1181', 'epoch': '2.901'}
{'paper_align_label_loss': '0.04098', 'paper_align_reason_loss': '0.1449', 'epoch': '2.901'}
{'paper_align_label_loss': '0.006003', 'paper_align_reason_loss': '0.09281', 'epoch': '2.904'}
{'paper_align_label_loss': '0.01187', 'paper_align_reason_loss': '0.09063', 'epoch': '2.904'}
{'paper_align_label_loss': '0.001775', 'paper_align_reason_loss': '0.1281', 'epoch': '2.904'}

 97%|█████████▋| 746/771 [25:05<00:49,  1.96s/it]
 97%|█████████▋| 747/771 [25:05<00:46,  1.95s/it]2026-09-20 16:39:47,964 INFO [rev_util_helpfulness|paper_align|Qwen3-0.6B] step=747 epoch=2.9084

                                                 

 97%|█████████▋| 747/771 [25:05<00:46,  1.95s/it]2026-09-20 16:39:48,444 INFO [rev_util_helpfulness|paper_align|Qwen3-0.6B] step=747 epoch=2.9084

                                                 

 97%|█████████▋| 747/771 [25:06<00:46,  1.95s/it]2026-09-20 16:39:48,924 INFO [rev_util_helpfulness|paper_align|Qwen3-0.6B] step=747 epoch=2.9084

                                                 

 97%|█████████▋| 747/771 [25:06<00:46,  1.95s/it]2026-09-20 16:39:49,397 INFO [rev_util_helpfulness|paper_align|Qwen3-0.6B] step=747 epoch=2.9084

                                                 

 97%|█████████▋| 747/771 [25:07<00:46,  1.95s/it]
 97%|█████████▋| 748/771 [25:07<00:44,  1.95s/it]2026-09-20 16:39:50,087 INFO [rev_util_helpfulness|paper_align|Qwen3-0.6B] step=748 epoch=2.9123

                                                 

 97%|█████████▋| 748/771 [25:07<00:44,  1.95s/it]2026-09-20 16:39:50,556 INFO [rev_util_helpfulness|paper_align|Qwen3-0.6B] step=748 epoch=2.9123

                                                 

 97%|█████████▋| 748/771 [25:08<00:44,  1.95s/it]2026-09-20 16:39:51,029 INFO [rev_util_helpfulness|paper_align|Qwen3-0.6B] step=748 epoch=2.9123

                                                 

 97%|█████████▋| 748/771 [25:08<00:44,  1.95s/it]2026-09-20 16:39:51,487 INFO [rev_util_helpfulness|paper_align|Qwen3-0.6B] step=748 epoch=2.9123

                                                 

 97%|█████████▋| 748/771 [25:09<00:44,  1.95s/it]
 97%|█████████▋| 749/771 [25:09<00:43,  1.99s/it]2026-09-20 16:39:52,005 INFO [rev_util_helpfulness|paper_align|Qwen3-0.6B] step=749 epoch=2.9162

                                                 

 97%|█████████▋| 749/771 [25:09<00:43,  1.99s/it]2026-09-20 16:39:52,482 INFO [rev_util_helpfulness|paper_align|Qwen3-0.6B] step=749 epoch=2.9162

                                                 

 97%|█████████▋| 749/771 [25:10<00:43,  1.99s/it]2026-09-20 16:39:52,959 INFO [rev_util_helpfulness|paper_align|Qwen3-0.6B] step=749 epoch=2.9162

                                                 

 97%|█████████▋| 749/771 [25:10<00:43,  1.99s/it]2026-09-20 16:39:53,433 INFO [rev_util_helpfulness|paper_align|Qwen3-0.6B] step=749 epoch=2.9162

                                                 

 97%|█████████▋| 749/771 [25:11<00:43,  1.99s/it]
 97%|█████████▋| 750/771 [25:11<00:41,  1.97s/it]2026-09-20 16:39:53,747 INFO [rev_util_helpfulness|paper_align|Qwen3-0.6B] step=750 loss=0.2812 learning_rate=0.0000 epoch=2.9201

                                                 

 97%|█████████▋| 750/771 [25:11<00:41,  1.97s/it]2026-09-20 16:39:53,925 INFO [rev_util_helpfulness|paper_align|Qwen3-0.6B] step=750 epoch=2.9201

                                                 

 97%|█████████▋| 750/771 [25:11<00:41,  1.97s/it]2026-09-20 16:39:54,398 INFO [rev_util_helpfulness|paper_align|Qwen3-0.6B] step=750 epoch=2.9201

                                                 

 97%|█████████▋| 750/771 [25:12<00:41,  1.97s/it]2026-09-20 16:39:54,866 INFO [rev_util_helpfulness|paper_align|Qwen3-0.6B] step=750 epoch=2.9201

                                                 

 97%|█████████▋| 750/771 [25:12<00:41,  1.97s/it]2026-09-20 16:39:55,338 INFO [rev_util_helpfulness|paper_align|Qwen3-0.6B] step=750 epoch=2.9201

                                                 

 97%|█████████▋| 750/771 [25:13<00:41,  1.97s/it]
 97%|█████████▋| 751/771 [25:13<00:39,  1.96s/it]2026-09-20 16:39:55,850 INFO [rev_util_helpfulness|paper_align|Qwen3-0.6B] step=751 epoch=2.9240

                                                 

 97%|█████████▋| 751/771 [25:13<00:39,  1.96s/it]2026-09-20 16:39:56,316 INFO [rev_util_helpfulness|paper_align|Qwen3-0.6B] step=751 epoch=2.9240

                                                 

 97%|█████████▋| 751/771 [25:14<00:39,  1.96s/it]2026-09-20 16:39:56,795 INFO [rev_util_helpfulness|paper_align|Qwen3-0.6B] step=751 epoch=2.9240

                                                 

 97%|█████████▋| 751/771 [25:14<00:39,  1.96s/it]2026-09-20 16:39:57,268 INFO [rev_util_helpfulness|paper_align|Qwen3-0.6B] step=751 epoch=2.9240

                                                 

 97%|█████████▋| 751/771 [25:14<00:39,  1.96s/it]
 98%|█████████▊| 752/771 [25:15<00:37,  1.95s/it]2026-09-20 16:39:57,780 INFO [rev_util_helpfulness|paper_align|Qwen3-0.6B] step=752 epoch=2.9279

                                                 

 98%|█████████▊| 752/771 [25:15<00:37,  1.95s/it]2026-09-20 16:39:58,254 INFO [rev_util_helpfulness|paper_align|Qwen3-0.6B] step=752 epoch=2.9279

                                                 

 98%|█████████▊| 752/771 [25:15<00:37,  1.95s/it]2026-09-20 16:39:58,731 INFO [rev_util_helpfulness|paper_align|Qwen3-0.6B] step=752 epoch=2.9279

                                                 

 98%|█████████▊| 752/771 [25:16<00:37,  1.95s/it]2026-09-20 16:39:59,201 INFO [rev_util_helpfulness|paper_align|Qwen3-0.6B] step=752 epoch=2.9279

                                                 

 98%|█████████▊| 752/771 [25:16<00:37,  1.95s/it]
 98%|█████████▊| 753/771 [25:17<00:35,  1.95s/it]2026-09-20 16:39:59,728 INFO [rev_util_helpfulness|paper_align|Qwen3-0.6B] step=753 epoch=2.9318

                                                 

 98%|█████████▊| 753/771 [25:17<00:35,  1.95s/it]2026-09-20 16:40:00,389 INFO [rev_util_helpfulness|paper_align|Qwen3-0.6B] step=753 epoch=2.9318

                                                 

 98%|█████████▊| 753/771 [25:18<00:35,  1.95s/it]2026-09-20 16:40:00,872 INFO [rev_util_helpfulness|paper_align|Qwen3-0.6B] step=753 epoch=2.9318

                                                 

 98%|█████████▊| 753/771 [25:18<00:35,  1.95s/it]2026-09-20 16:40:01,349 INFO [rev_util_helpfulness|paper_align|Qwen3-0.6B] step=753 epoch=2.9318

                                                 

 98%|█████████▊| 753/771 [25:19<00:35,  1.95s/it]
 98%|█████████▊| 754/771 [25:19<00:34,  2.00s/it]2026-09-20 16:40:01,859 INFO [rev_util_helpfulness|paper_align|Qwen3-0.6B] step=754 epoch=2.9357

                                                 

 98%|█████████▊| 754/771 [25:19<00:34,  2.00s/it]2026-09-20 16:40:02,333 INFO [rev_util_helpfulness|paper_align|Qwen3-0.6B] step=754 epoch=2.9357

                                                 

 98%|█████████▊| 754/771 [25:20<00:34,  2.00s/it]2026-09-20 16:40:02,811 INFO [rev_util_helpfulness|paper_align|Qwen3-0.6B] step=754 epoch=2.9357

                                                 

 98%|█████████▊| 754/771 [25:20<00:34,  2.00s/it]2026-09-20 16:40:03,290 INFO [rev_util_helpfulness|paper_align|Qwen3-0.6B] step=754 epoch=2.9357

                                                 

 98%|█████████▊| 754/771 [25:21<00:34,  2.00s/it]
 98%|█████████▊| 755/771 [25:21<00:31,  1.99s/it]2026-09-20 16:40:03,806 INFO [rev_util_helpfulness|paper_align|Qwen3-0.6B] step=755 epoch=2.9396

                                                 

 98%|█████████▊| 755/771 [25:21<00:31,  1.99s/it]2026-09-20 16:40:04,284 INFO [rev_util_helpfulness|paper_align|Qwen3-0.6B] step=755 epoch=2.9396

                                                 

 98%|█████████▊| 755/771 [25:22<00:31,  1.99s/it]2026-09-20 16:40:04,767 INFO [rev_util_helpfulness|paper_align|Qwen3-0.6B] step=755 epoch=2.9396

                                                 

 98%|█████████▊| 755/771 [25:22<00:31,  1.99s/it]2026-09-20 16:40:05,244 INFO [rev_util_helpfulness|paper_align|Qwen3-0.6B] step=755 epoch=2.9396

                                                 

 98%|█████████▊| 755/771 [25:22<00:31,  1.99s/it]
 98%|█████████▊| 756/771 [25:23<00:29,  1.98s/it]2026-09-20 16:40:05,757 INFO [rev_util_helpfulness|paper_align|Qwen3-0.6B] step=756 epoch=2.9435

                                                 

 98%|█████████▊| 756/771 [25:23<00:29,  1.98s/it]2026-09-20 16:40:06,233 INFO [rev_util_helpfulness|paper_align|Qwen3-0.6B] step=756 epoch=2.9435

                                                 

 98%|█████████▊| 756/771 [25:23<00:29,  1.98s/it]2026-09-20 16:40:06,715 INFO [rev_util_helpfulness|paper_align|Qwen3-0.6B] step=756 epoch=2.9435

                                                 

 98%|█████████▊| 756/771 [25:24<00:29,  1.98s/it]2026-09-20 16:40:07,191 INFO [rev_util_helpfulness|paper_align|Qwen3-0.6B] step=756 epoch=2.9435

                                                 

 98%|█████████▊| 756/771 [25:24<00:29,  1.98s/it]
 98%|█████████▊| 757/771 [25:25<00:27,  1.97s/it]2026-09-20 16:40:07,712 INFO [rev_util_helpfulness|paper_align|Qwen3-0.6B] step=757 epoch=2.9474

                                                 

 98%|█████████▊| 757/771 [25:25<00:27,  1.97s/it]2026-09-20 16:40:08,181 INFO [rev_util_helpfulness|paper_align|Qwen3-0.6B] step=757 epoch=2.9474

                                                 

 98%|█████████▊| 757/771 [25:25<00:27,  1.97s/it]2026-09-20 16:40:08,662 INFO [rev_util_helpfulness|paper_align|Qwen3-0.6B] step=757 epoch=2.9474

                                                 

 98%|█████████▊| 757/771 [25:26<00:27,  1.97s/it]2026-09-20 16:40:09,140 INFO [rev_util_helpfulness|paper_align|Qwen3-0.6B] step=757 epoch=2.9474

                                                 

 98%|█████████▊| 757/771 [25:26<00:27,  1.97s/it]
 98%|█████████▊| 758/771 [25:27<00:25,  1.96s/it]2026-09-20 16:40:09,835 INFO [rev_util_helpfulness|paper_align|Qwen3-0.6B] step=758 epoch=2.9513

                                                 

 98%|█████████▊| 758/771 [25:27<00:25,  1.96s/it]2026-09-20 16:40:10,321 INFO [rev_util_helpfulness|paper_align|Qwen3-0.6B] step=758 epoch=2.9513

                                                 

 98%|█████████▊| 758/771 [25:28<00:25,  1.96s/it]2026-09-20 16:40:10,799 INFO [rev_util_helpfulness|paper_align|Qwen3-0.6B] step=758 epoch=2.9513

                                                 

 98%|█████████▊| 758/771 [25:28<00:25,  1.96s/it]2026-09-20 16:40:11,275 INFO [rev_util_helpfulness|paper_align|Qwen3-0.6B] step=758 epoch=2.9513

                                                 

 98%|█████████▊| 758/771 [25:28<00:25,  1.96s/it]
 98%|█████████▊| 759/771 [25:29<00:24,  2.01s/it]2026-09-20 16:40:11,785 INFO [rev_util_helpfulness|paper_align|Qwen3-0.6B] step=759 epoch=2.9552

                                                 

 98%|█████████▊| 759/771 [25:29<00:24,  2.01s/it]2026-09-20 16:40:12,259 INFO [rev_util_helpfulness|paper_align|Qwen3-0.6B] step=759 epoch=2.9552

                                                 

 98%|█████████▊| 759/771 [25:29<00:24,  2.01s/it]2026-09-20 16:40:12,732 INFO [rev_util_helpfulness|paper_align|Qwen3-0.6B] step=759 epoch=2.9552

                                                 

 98%|█████████▊| 759/771 [25:30<00:24,  2.01s/it]2026-09-20 16:40:13,209 INFO [rev_util_helpfulness|paper_align|Qwen3-0.6B] step=759 epoch=2.9552

                                                 

 98%|█████████▊| 759/771 [25:30<00:24,  2.01s/it]
 99%|█████████▊| 760/771 [25:31<00:21,  1.99s/it]2026-09-20 16:40:13,541 INFO [rev_util_helpfulness|paper_align|Qwen3-0.6B] step=760 loss=0.2627 learning_rate=0.0000 epoch=2.9591

                                                 

 99%|█████████▊| 760/771 [25:31<00:21,  1.99s/it]2026-09-20 16:40:13,724 INFO [rev_util_helpfulness|paper_align|Qwen3-0.6B] step=760 epoch=2.9591

                                                 

 99%|█████████▊| 760/771 [25:31<00:21,  1.99s/it]2026-09-20 16:40:14,200 INFO [rev_util_helpfulness|paper_align|Qwen3-0.6B] step=760 epoch=2.9591

                                                 

 99%|█████████▊| 760/771 [25:31<00:21,  1.99s/it]2026-09-20 16:40:14,680 INFO [rev_util_helpfulness|paper_align|Qwen3-0.6B] step=760 epoch=2.9591

                                                 

 99%|█████████▊| 760/771 [25:32<00:21,  1.99s/it]2026-09-20 16:40:15,161 INFO [rev_util_helpfulness|paper_align|Qwen3-0.6B] step=760 epoch=2.9591

                                                 

 99%|█████████▊| 760/771 [25:32<00:21,  1.99s/it]
 99%|█████████▊| 761/771 [25:33<00:19,  1.98s/it]2026-09-20 16:40:15,676 INFO [rev_util_helpfulness|paper_align|Qwen3-0.6B] step=761 epoch=2.9630

                                                 

 99%|█████████▊| 761/771 [25:33<00:19,  1.98s/it]2026-09-20 16:40:16,158 INFO [rev_util_helpfulness|paper_align|Qwen3-0.6B] step=761 epoch=2.9630

                                                 

 99%|█████████▊| 761/771 [25:33<00:19,  1.98s/it]2026-09-20 16:40:16,640 INFO [rev_util_helpfulness|paper_align|Qwen3-0.6B] step=761 epoch=2.9630

                                                 

 99%|█████████▊| 761/771 [25:34<00:19,  1.98s/it]2026-09-20 16:40:17,110 INFO [rev_util_helpfulness|paper_align|Qwen3-0.6B] step=761 epoch=2.9630

                                                 

 99%|█████████▊| 761/771 [25:34<00:19,  1.98s/it]
 99%|█████████▉| 762/771 [25:35<00:17,  1.97s/it]2026-09-20 16:40:17,620 INFO [rev_util_helpfulness|paper_align|Qwen3-0.6B] step=762 epoch=2.9669

                                                 

 99%|█████████▉| 762/771 [25:35<00:17,  1.97s/it]2026-09-20 16:40:18,101 INFO [rev_util_helpfulness|paper_align|Qwen3-0.6B] step=762 epoch=2.9669

                                                 

 99%|█████████▉| 762/771 [25:35<00:17,  1.97s/it]2026-09-20 16:40:18,583 INFO [rev_util_helpfulness|paper_align|Qwen3-0.6B] step=762 epoch=2.9669

                                                 

 99%|█████████▉| 762/771 [25:36<00:17,  1.97s/it]2026-09-20 16:40:19,060 INFO [rev_util_helpfulness|paper_align|Qwen3-0.6B] step=762 epoch=2.9669

                                                 

 99%|█████████▉| 762/771 [25:36<00:17,  1.97s/it]
 99%|█████████▉| 763/771 [25:37<00:15,  1.96s/it]2026-09-20 16:40:19,564 INFO [rev_util_helpfulness|paper_align|Qwen3-0.6B] step=763 epoch=2.9708

                                                 

 99%|█████████▉| 763/771 [25:37<00:15,  1.96s/it]2026-09-20 16:40:20,035 INFO [rev_util_helpfulness|paper_align|Qwen3-0.6B] step=763 epoch=2.9708

                                                 

 99%|█████████▉| 763/771 [25:37<00:15,  1.96s/it]2026-09-20 16:40:20,705 INFO [rev_util_helpfulness|paper_align|Qwen3-0.6B] step=763 epoch=2.9708

                                                 

 99%|█████████▉| 763/771 [25:38<00:15,  1.96s/it]2026-09-20 16:40:21,184 INFO [rev_util_helpfulness|paper_align|Qwen3-0.6B] step=763 epoch=2.9708

                                                 

 99%|█████████▉| 763/771 [25:38<00:15,  1.96s/it]
 99%|█████████▉| 764/771 [25:39<00:14,  2.01s/it]2026-09-20 16:40:21,697 INFO [rev_util_helpfulness|paper_align|Qwen3-0.6B] step=764 epoch=2.9747

                                                 

 99%|█████████▉| 764/771 [25:39<00:14,  2.01s/it]2026-09-20 16:40:22,166 INFO [rev_util_helpfulness|paper_align|Qwen3-0.6B] step=764 epoch=2.9747

                                                 

 99%|█████████▉| 764/771 [25:39<00:14,  2.01s/it]2026-09-20 16:40:22,639 INFO [rev_util_helpfulness|paper_align|Qwen3-0.6B] step=764 epoch=2.9747

                                                 

 99%|█████████▉| 764/771 [25:40<00:14,  2.01s/it]2026-09-20 16:40:23,112 INFO [rev_util_helpfulness|paper_align|Qwen3-0.6B] step=764 epoch=2.9747

                                                 

 99%|█████████▉| 764/771 [25:40<00:14,  2.01s/it]
 99%|█████████▉| 765/771 [25:41<00:11,  1.99s/it]2026-09-20 16:40:23,631 INFO [rev_util_helpfulness|paper_align|Qwen3-0.6B] step=765 epoch=2.9786

                                                 

 99%|█████████▉| 765/771 [25:41<00:11,  1.99s/it]2026-09-20 16:40:24,104 INFO [rev_util_helpfulness|paper_align|Qwen3-0.6B] step=765 epoch=2.9786

                                                 

 99%|█████████▉| 765/771 [25:41<00:11,  1.99s/it]2026-09-20 16:40:24,581 INFO [rev_util_helpfulness|paper_align|Qwen3-0.6B] step=765 epoch=2.9786

                                                 

 99%|█████████▉| 765/771 [25:42<00:11,  1.99s/it]2026-09-20 16:40:25,054 INFO [rev_util_helpfulness|paper_align|Qwen3-0.6B] step=765 epoch=2.9786

                                                 

 99%|█████████▉| 765/771 [25:42<00:11,  1.99s/it]
 99%|█████████▉| 766/771 [25:43<00:09,  1.97s/it]2026-09-20 16:40:25,563 INFO [rev_util_helpfulness|paper_align|Qwen3-0.6B] step=766 epoch=2.9825

                                                 

 99%|█████████▉| 766/771 [25:43<00:09,  1.97s/it]2026-09-20 16:40:26,031 INFO [rev_util_helpfulness|paper_align|Qwen3-0.6B] step=766 epoch=2.9825

                                                 

 99%|█████████▉| 766/771 [25:43<00:09,  1.97s/it]2026-09-20 16:40:26,504 INFO [rev_util_helpfulness|paper_align|Qwen3-0.6B] step=766 epoch=2.9825

                                                 

 99%|█████████▉| 766/771 [25:44<00:09,  1.97s/it]2026-09-20 16:40:26,975 INFO [rev_util_helpfulness|paper_align|Qwen3-0.6B] step=766 epoch=2.9825

                                                 

 99%|█████████▉| 766/771 [25:44<00:09,  1.97s/it]
 99%|█████████▉| 767/771 [25:45<00:07,  1.96s/it]2026-09-20 16:40:27,501 INFO [rev_util_helpfulness|paper_align|Qwen3-0.6B] step=767 epoch=2.9864

                                                 

 99%|█████████▉| 767/771 [25:45<00:07,  1.96s/it]2026-09-20 16:40:28,059 INFO [rev_util_helpfulness|paper_align|Qwen3-0.6B] step=767 epoch=2.9864

                                                 

 99%|█████████▉| 767/771 [25:45<00:07,  1.96s/it]2026-09-20 16:40:28,605 INFO [rev_util_helpfulness|paper_align|Qwen3-0.6B] step=767 epoch=2.9864

                                                 

 99%|█████████▉| 767/771 [25:46<00:07,  1.96s/it]2026-09-20 16:40:29,144 INFO [rev_util_helpfulness|paper_align|Qwen3-0.6B] step=767 epoch=2.9864

                                                 

 99%|█████████▉| 767/771 [25:46<00:07,  1.96s/it]
100%|█████████▉| 768/771 [25:47<00:06,  2.04s/it]2026-09-20 16:40:29,738 INFO [rev_util_helpfulness|paper_align|Qwen3-0.6B] step=768 epoch=2.9903

                                                 
{'paper_align_label_loss': '0.1038', 'paper_align_reason_loss': '0.1688', 'epoch': '2.904'}
{'paper_align_label_loss': '0.02674', 'paper_align_reason_loss': '0.09091', 'epoch': '2.908'}
{'paper_align_label_loss': '0.0255', 'paper_align_reason_loss': '0.08973', 'epoch': '2.908'}
{'paper_align_label_loss': '0.00375', 'paper_align_reason_loss': '0.1249', 'epoch': '2.908'}
{'paper_align_label_loss': '0.007048', 'paper_align_reason_loss': '0.1104', 'epoch': '2.908'}
{'paper_align_label_loss': '0.00199', 'paper_align_reason_loss': '0.08821', 'epoch': '2.912'}
{'paper_align_label_loss': '0.1761', 'paper_align_reason_loss': '0.08362', 'epoch': '2.912'}
{'paper_align_label_loss': '0.003531', 'paper_align_reason_loss': '0.08187', 'epoch': '2.912'}
{'paper_align_label_loss': '0.02421', 'paper_align_reason_loss': '0.1197', 'epoch': '2.912'}
{'paper_align_label_loss': '0.002311', 'paper_align_reason_loss': '0.07956', 'epoch': '2.916'}
{'paper_align_label_loss': '0.004441', 'paper_align_reason_loss': '0.1133', 'epoch': '2.916'}
{'paper_align_label_loss': '0.009426', 'paper_align_reason_loss': '0.1015', 'epoch': '2.916'}
{'paper_align_label_loss': '0.007988', 'paper_align_reason_loss': '0.09884', 'epoch': '2.916'}
{'loss': '0.2812', 'grad_norm': '2.969', 'learning_rate': '2.139e-07', 'epoch': '2.92'}
{'paper_align_label_loss': '0.002317', 'paper_align_reason_loss': '0.09666', 'epoch': '2.92'}
{'paper_align_label_loss': '0.07416', 'paper_align_reason_loss': '0.1532', 'epoch': '2.92'}
{'paper_align_label_loss': '0.02047', 'paper_align_reason_loss': '0.08082', 'epoch': '2.92'}
{'paper_align_label_loss': '0.09721', 'paper_align_reason_loss': '0.1189', 'epoch': '2.92'}
{'paper_align_label_loss': '0.001159', 'paper_align_reason_loss': '0.1038', 'epoch': '2.924'}
{'paper_align_label_loss': '0.006604', 'paper_align_reason_loss': '0.09747', 'epoch': '2.924'}
{'paper_align_label_loss': '0.008301', 'paper_align_reason_loss': '0.08999', 'epoch': '2.924'}
{'paper_align_label_loss': '0.008772', 'paper_align_reason_loss': '0.08788', 'epoch': '2.924'}
{'paper_align_label_loss': '0.001226', 'paper_align_reason_loss': '0.0916', 'epoch': '2.928'}
{'paper_align_label_loss': '0.06212', 'paper_align_reason_loss': '0.1148', 'epoch': '2.928'}
{'paper_align_label_loss': '0.2669', 'paper_align_reason_loss': '0.1772', 'epoch': '2.928'}
{'paper_align_label_loss': '0.001787', 'paper_align_reason_loss': '0.07234', 'epoch': '2.928'}
{'paper_align_label_loss': '0.00963', 'paper_align_reason_loss': '0.07971', 'epoch': '2.932'}
{'paper_align_label_loss': '0.0009875', 'paper_align_reason_loss': '0.1594', 'epoch': '2.932'}
{'paper_align_label_loss': '0.00728', 'paper_align_reason_loss': '0.0924', 'epoch': '2.932'}
{'paper_align_label_loss': '0.009116', 'paper_align_reason_loss': '0.09088', 'epoch': '2.932'}
{'paper_align_label_loss': '0.006562', 'paper_align_reason_loss': '0.1149', 'epoch': '2.936'}
{'paper_align_label_loss': '0.002775', 'paper_align_reason_loss': '0.0857', 'epoch': '2.936'}
{'paper_align_label_loss': '0.002371', 'paper_align_reason_loss': '0.1106', 'epoch': '2.936'}
{'paper_align_label_loss': '0.1003', 'paper_align_reason_loss': '0.0995', 'epoch': '2.936'}
{'paper_align_label_loss': '0.01733', 'paper_align_reason_loss': '0.1108', 'epoch': '2.94'}
{'paper_align_label_loss': '0.0006782', 'paper_align_reason_loss': '0.105', 'epoch': '2.94'}
{'paper_align_label_loss': '0.0001978', 'paper_align_reason_loss': '0.07998', 'epoch': '2.94'}
{'paper_align_label_loss': '0.006312', 'paper_align_reason_loss': '0.06541', 'epoch': '2.94'}
{'paper_align_label_loss': '0.001344', 'paper_align_reason_loss': '0.1138', 'epoch': '2.943'}
{'paper_align_label_loss': '0.0004427', 'paper_align_reason_loss': '0.08653', 'epoch': '2.943'}
{'paper_align_label_loss': '0.0002702', 'paper_align_reason_loss': '0.09045', 'epoch': '2.943'}
{'paper_align_label_loss': '0.0004054', 'paper_align_reason_loss': '0.1369', 'epoch': '2.943'}
{'paper_align_label_loss': '0.008416', 'paper_align_reason_loss': '0.1032', 'epoch': '2.947'}
{'paper_align_label_loss': '0.001696', 'paper_align_reason_loss': '0.0866', 'epoch': '2.947'}
{'paper_align_label_loss': '0.05234', 'paper_align_reason_loss': '0.1286', 'epoch': '2.947'}
{'paper_align_label_loss': '0.1065', 'paper_align_reason_loss': '0.08689', 'epoch': '2.947'}
{'paper_align_label_loss': '0.02061', 'paper_align_reason_loss': '0.1144', 'epoch': '2.951'}
{'paper_align_label_loss': '0.0003963', 'paper_align_reason_loss': '0.1023', 'epoch': '2.951'}
{'paper_align_label_loss': '0.001219', 'paper_align_reason_loss': '0.1101', 'epoch': '2.951'}
{'paper_align_label_loss': '0.0009305', 'paper_align_reason_loss': '0.08737', 'epoch': '2.951'}
{'paper_align_label_loss': '0.01964', 'paper_align_reason_loss': '0.1293', 'epoch': '2.955'}
{'paper_align_label_loss': '0.07784', 'paper_align_reason_loss': '0.07449', 'epoch': '2.955'}
{'paper_align_label_loss': '0.004134', 'paper_align_reason_loss': '0.09002', 'epoch': '2.955'}
{'paper_align_label_loss': '0.04769', 'paper_align_reason_loss': '0.1752', 'epoch': '2.955'}
{'loss': '0.2627', 'grad_norm': '5.405', 'learning_rate': '6.366e-08', 'epoch': '2.959'}
{'paper_align_label_loss': '0.00461', 'paper_align_reason_loss': '0.1246', 'epoch': '2.959'}
{'paper_align_label_loss': '0.0005992', 'paper_align_reason_loss': '0.09523', 'epoch': '2.959'}
{'paper_align_label_loss': '0.02012', 'paper_align_reason_loss': '0.09516', 'epoch': '2.959'}
{'paper_align_label_loss': '0.002153', 'paper_align_reason_loss': '0.1133', 'epoch': '2.959'}
{'paper_align_label_loss': '0.01012', 'paper_align_reason_loss': '0.1293', 'epoch': '2.963'}
{'paper_align_label_loss': '0.007633', 'paper_align_reason_loss': '0.169', 'epoch': '2.963'}
{'paper_align_label_loss': '0.01206', 'paper_align_reason_loss': '0.09347', 'epoch': '2.963'}
{'paper_align_label_loss': '0.02995', 'paper_align_reason_loss': '0.08949', 'epoch': '2.963'}
{'paper_align_label_loss': '0.05198', 'paper_align_reason_loss': '0.1015', 'epoch': '2.967'}
{'paper_align_label_loss': '0.02304', 'paper_align_reason_loss': '0.1323', 'epoch': '2.967'}
{'paper_align_label_loss': '0.008423', 'paper_align_reason_loss': '0.09345', 'epoch': '2.967'}
{'paper_align_label_loss': '0.007805', 'paper_align_reason_loss': '0.07281', 'epoch': '2.967'}
{'paper_align_label_loss': '0.1695', 'paper_align_reason_loss': '0.1478', 'epoch': '2.971'}
{'paper_align_label_loss': '0.0004041', 'paper_align_reason_loss': '0.09737', 'epoch': '2.971'}
{'paper_align_label_loss': '0.03583', 'paper_align_reason_loss': '0.1248', 'epoch': '2.971'}
{'paper_align_label_loss': '0.1267', 'paper_align_reason_loss': '0.09367', 'epoch': '2.971'}
{'paper_align_label_loss': '0.0001436', 'paper_align_reason_loss': '0.0729', 'epoch': '2.975'}
{'paper_align_label_loss': '0.003888', 'paper_align_reason_loss': '0.09678', 'epoch': '2.975'}
{'paper_align_label_loss': '0.02705', 'paper_align_reason_loss': '0.1553', 'epoch': '2.975'}
{'paper_align_label_loss': '0.02631', 'paper_align_reason_loss': '0.07083', 'epoch': '2.975'}
{'paper_align_label_loss': '0.0163', 'paper_align_reason_loss': '0.1222', 'epoch': '2.979'}
{'paper_align_label_loss': '0.005814', 'paper_align_reason_loss': '0.1622', 'epoch': '2.979'}
{'paper_align_label_loss': '0.0003749', 'paper_align_reason_loss': '0.09724', 'epoch': '2.979'}
{'paper_align_label_loss': '0.03299', 'paper_align_reason_loss': '0.09924', 'epoch': '2.979'}
{'paper_align_label_loss': '0.0026', 'paper_align_reason_loss': '0.1322', 'epoch': '2.982'}
{'paper_align_label_loss': '0.004149', 'paper_align_reason_loss': '0.06588', 'epoch': '2.982'}
{'paper_align_label_loss': '0.07413', 'paper_align_reason_loss': '0.1082', 'epoch': '2.982'}
{'paper_align_label_loss': '0.003025', 'paper_align_reason_loss': '0.1012', 'epoch': '2.982'}
{'paper_align_label_loss': '0.01285', 'paper_align_reason_loss': '0.1025', 'epoch': '2.986'}
{'paper_align_label_loss': '0.02552', 'paper_align_reason_loss': '0.08715', 'epoch': '2.986'}
{'paper_align_label_loss': '0.001458', 'paper_align_reason_loss': '0.05801', 'epoch': '2.986'}
{'paper_align_label_loss': '0.001747', 'paper_align_reason_loss': '0.1068', 'epoch': '2.986'}

100%|█████████▉| 768/771 [25:47<00:06,  2.04s/it]2026-09-20 16:40:30,282 INFO [rev_util_helpfulness|paper_align|Qwen3-0.6B] step=768 epoch=2.9903

                                                 

100%|█████████▉| 768/771 [25:48<00:06,  2.04s/it]2026-09-20 16:40:31,157 INFO [rev_util_helpfulness|paper_align|Qwen3-0.6B] step=768 epoch=2.9903

                                                 

100%|█████████▉| 768/771 [25:48<00:06,  2.04s/it]2026-09-20 16:40:31,732 INFO [rev_util_helpfulness|paper_align|Qwen3-0.6B] step=768 epoch=2.9903

                                                 

100%|█████████▉| 768/771 [25:49<00:06,  2.04s/it]
100%|█████████▉| 769/771 [25:49<00:04,  2.20s/it]2026-09-20 16:40:32,311 INFO [rev_util_helpfulness|paper_align|Qwen3-0.6B] step=769 epoch=2.9942

                                                 

100%|█████████▉| 769/771 [25:50<00:04,  2.20s/it]2026-09-20 16:40:32,874 INFO [rev_util_helpfulness|paper_align|Qwen3-0.6B] step=769 epoch=2.9942

                                                 

100%|█████████▉| 769/771 [25:50<00:04,  2.20s/it]2026-09-20 16:40:33,440 INFO [rev_util_helpfulness|paper_align|Qwen3-0.6B] step=769 epoch=2.9942

                                                 

100%|█████████▉| 769/771 [25:51<00:04,  2.20s/it]2026-09-20 16:40:33,999 INFO [rev_util_helpfulness|paper_align|Qwen3-0.6B] step=769 epoch=2.9942

                                                 

100%|█████████▉| 769/771 [25:51<00:04,  2.20s/it]
100%|█████████▉| 770/771 [25:52<00:02,  2.23s/it]2026-09-20 16:40:34,392 INFO [rev_util_helpfulness|paper_align|Qwen3-0.6B] step=770 loss=0.2525 learning_rate=0.0000 epoch=2.9981

                                                 

100%|█████████▉| 770/771 [25:52<00:02,  2.23s/it]2026-09-20 16:40:34,591 INFO [rev_util_helpfulness|paper_align|Qwen3-0.6B] step=770 epoch=2.9981

                                                 

100%|█████████▉| 770/771 [25:52<00:02,  2.23s/it]2026-09-20 16:40:35,147 INFO [rev_util_helpfulness|paper_align|Qwen3-0.6B] step=770 epoch=2.9981

                                                 

100%|█████████▉| 770/771 [25:52<00:02,  2.23s/it]
100%|██████████| 771/771 [25:53<00:00,  1.90s/it]{'paper_align_label_loss': '0.06337', 'paper_align_reason_loss': '0.161', 'epoch': '2.99'}
{'paper_align_label_loss': '0.0009869', 'paper_align_reason_loss': '0.09692', 'epoch': '2.99'}
{'paper_align_label_loss': '0.0005779', 'paper_align_reason_loss': '0.08286', 'epoch': '2.99'}
{'paper_align_label_loss': '0.003098', 'paper_align_reason_loss': '0.08831', 'epoch': '2.99'}
{'paper_align_label_loss': '0.0009121', 'paper_align_reason_loss': '0.07904', 'epoch': '2.994'}
{'paper_align_label_loss': '0.002689', 'paper_align_reason_loss': '0.1188', 'epoch': '2.994'}
{'paper_align_label_loss': '0.0009422', 'paper_align_reason_loss': '0.09867', 'epoch': '2.994'}
{'paper_align_label_loss': '0.004115', 'paper_align_reason_loss': '0.08642', 'epoch': '2.994'}
{'loss': '0.2525', 'grad_norm': '2.464', 'learning_rate': '1.769e-09', 'epoch': '2.998'}
{'paper_align_label_loss': '0.1019', 'paper_align_reason_loss': '0.1026', 'epoch': '2.998'}
{'paper_align_label_loss': '0.009871', 'paper_align_reason_loss': '0.1279', 'epoch': '2.998'}


  0%|          | 0/57 [00:00<?, ?it/s][A

  4%|▎         | 2/57 [00:00<00:02, 18.56it/s][A

  7%|▋         | 4/57 [00:00<00:04, 11.82it/s][A

 11%|█         | 6/57 [00:00<00:04, 10.59it/s][A

 14%|█▍        | 8/57 [00:00<00:04, 10.17it/s][A

 18%|█▊        | 10/57 [00:00<00:04,  9.91it/s][A

 21%|██        | 12/57 [00:01<00:04,  9.72it/s][A

 23%|██▎       | 13/57 [00:01<00:04,  9.66it/s][A

 25%|██▍       | 14/57 [00:01<00:04,  9.60it/s][A

 26%|██▋       | 15/57 [00:01<00:04,  9.58it/s][A

 28%|██▊       | 16/57 [00:01<00:04,  9.56it/s][A

 30%|██▉       | 17/57 [00:01<00:04,  9.56it/s][A

 32%|███▏      | 18/57 [00:01<00:04,  9.51it/s][A

 33%|███▎      | 19/57 [00:01<00:03,  9.53it/s][A

 35%|███▌      | 20/57 [00:02<00:03,  9.50it/s][A

 37%|███▋      | 21/57 [00:02<00:03,  9.48it/s][A

 39%|███▊      | 22/57 [00:02<00:03,  9.51it/s][A

 40%|████      | 23/57 [00:02<00:03,  9.48it/s][A

 42%|████▏     | 24/57 [00:02<00:03,  9.50it/s][A

 44%|████▍     | 25/57 [00:02<00:03,  9.51it/s][A

 46%|████▌     | 26/57 [00:02<00:03,  9.53it/s][A

 47%|████▋     | 27/57 [00:02<00:03,  9.53it/s][A

 49%|████▉     | 28/57 [00:02<00:03,  9.55it/s][A

 51%|█████     | 29/57 [00:02<00:02,  9.58it/s][A

 53%|█████▎    | 30/57 [00:03<00:02,  9.60it/s][A

 54%|█████▍    | 31/57 [00:03<00:02,  9.60it/s][A

 56%|█████▌    | 32/57 [00:03<00:02,  9.51it/s][A

 58%|█████▊    | 33/57 [00:03<00:02,  9.52it/s][A

 60%|█████▉    | 34/57 [00:03<00:02,  9.53it/s][A

 61%|██████▏   | 35/57 [00:03<00:02,  9.56it/s][A

 63%|██████▎   | 36/57 [00:03<00:02,  9.54it/s][A

 65%|██████▍   | 37/57 [00:03<00:02,  9.51it/s][A

 67%|██████▋   | 38/57 [00:03<00:01,  9.51it/s][A

 68%|██████▊   | 39/57 [00:04<00:01,  9.52it/s][A

 70%|███████   | 40/57 [00:04<00:01,  9.52it/s][A

 72%|███████▏  | 41/57 [00:04<00:01,  9.51it/s][A

 74%|███████▎  | 42/57 [00:04<00:01,  9.51it/s][A

 75%|███████▌  | 43/57 [00:04<00:01,  9.54it/s][A

 77%|███████▋  | 44/57 [00:04<00:01,  9.51it/s][A

 79%|███████▉  | 45/57 [00:04<00:01,  9.52it/s][A

 81%|████████  | 46/57 [00:04<00:01,  9.51it/s][A

 82%|████████▏ | 47/57 [00:04<00:01,  9.53it/s][A

 84%|████████▍ | 48/57 [00:04<00:00,  9.55it/s][A

 88%|████████▊ | 50/57 [00:05<00:00, 11.01it/s][A

 91%|█████████ | 52/57 [00:05<00:00, 12.18it/s][A

 95%|█████████▍| 54/57 [00:05<00:00, 12.77it/s][A

 98%|█████████▊| 56/57 [00:05<00:00, 13.06it/s][A2026-09-20 16:40:41,259 INFO [rev_util_helpfulness|paper_align|Qwen3-0.6B] step=771 eval_loss=0.1119 epoch=3.0000

                                                 

                                               
[A
100%|██████████| 771/771 [25:58<00:00,  1.90s/it]

100%|██████████| 57/57 [00:05<00:00, 13.06it/s][A

                                               [A2026-09-20 16:40:41,392 INFO Starting generation validation on training device cuda:0: samples=228 batch_size=16
2026-09-20 16:40:41,997 INFO Generation validation progress: 16/228
2026-09-20 16:40:42,640 INFO Generation validation progress: 32/228
2026-09-20 16:40:43,300 INFO Generation validation progress: 48/228
2026-09-20 16:40:43,908 INFO Generation validation progress: 64/228
2026-09-20 16:40:44,532 INFO Generation validation progress: 80/228
2026-09-20 16:40:45,163 INFO Generation validation progress: 96/228
2026-09-20 16:40:45,805 INFO Generation validation progress: 112/228
2026-09-20 16:40:46,405 INFO Generation validation progress: 128/228
2026-09-20 16:40:47,194 INFO Generation validation progress: 144/228
2026-09-20 16:40:47,981 INFO Generation validation progress: 160/228
2026-09-20 16:40:48,723 INFO Generation validation progress: 176/228
2026-09-20 16:40:49,476 INFO Generation validation progress: 192/228
2026-09-20 16:40:50,182 INFO Generation validation progress: 208/228
2026-09-20 16:40:50,834 INFO Generation validation progress: 224/228
2026-09-20 16:40:51,272 INFO Generation validation progress: 228/228
2026-09-20 16:40:51,319 INFO Generation val @ epoch=3.0 step=771: acc=0.7149 macro_f1=0.6773 valid=1.0000 (retaining last checkpoint)
2026-09-20 16:40:51,321 INFO [rev_util_helpfulness|paper_align|Qwen3-0.6B] step=771 eval_generation_accuracy=0.7149 eval_generation_macro_f1=0.6773 eval_generation_format_valid_rate=1.0000 eval_generation_mae=0.2895 eval_generation_qwk=0.8246 epoch=3.0000

                                                 

100%|██████████| 771/771 [26:09<00:00,  1.90s/it]2026-09-20 16:40:51,770 INFO [rev_util_helpfulness|paper_align|Qwen3-0.6B] step=771 epoch=3.0000

                                                 

100%|██████████| 771/771 [26:09<00:00,  1.90s/it]
100%|██████████| 771/771 [26:09<00:00,  2.04s/it]
{'eval_loss': '0.1119', 'eval_runtime': '5.719', 'eval_samples_per_second': '39.87', 'eval_steps_per_second': '9.967', 'eval_entropy': '0.03388', 'eval_num_tokens': '0', 'eval_mean_token_accuracy': '0.9666', 'epoch': '3'}
{'eval_generation_accuracy': '0.7149', 'eval_generation_macro_f1': '0.6773', 'eval_generation_format_valid_rate': '1', 'eval_generation_invalid_outputs': 0, 'eval_generation_mae': '0.2895', 'eval_generation_qwk': '0.8246', 'epoch': '3'}
{'train_runtime': '1569', 'train_samples_per_second': '3.92', 'train_steps_per_second': '0.491', 'train_loss': '0.5844', 'epoch': '3'}

  0%|          | 0/57 [00:00<?, ?it/s]
  5%|▌         | 3/57 [00:00<00:02, 19.96it/s]
  9%|▉         | 5/57 [00:00<00:03, 15.77it/s]
 12%|█▏        | 7/57 [00:00<00:03, 14.52it/s]
 16%|█▌        | 9/57 [00:00<00:03, 14.27it/s]
 19%|█▉        | 11/57 [00:00<00:03, 14.11it/s]
 23%|██▎       | 13/57 [00:00<00:03, 13.85it/s]
 26%|██▋       | 15/57 [00:01<00:03, 13.78it/s]
 30%|██▉       | 17/57 [00:01<00:02, 13.68it/s]
 33%|███▎      | 19/57 [00:01<00:02, 13.75it/s]
 37%|███▋      | 21/57 [00:01<00:02, 13.64it/s]
 40%|████      | 23/57 [00:01<00:02, 13.58it/s]
 44%|████▍     | 25/57 [00:01<00:02, 13.77it/s]
 47%|████▋     | 27/57 [00:01<00:02, 13.65it/s]
 51%|█████     | 29/57 [00:02<00:02, 13.50it/s]
 54%|█████▍    | 31/57 [00:02<00:01, 13.39it/s]
 58%|█████▊    | 33/57 [00:02<00:01, 13.39it/s]
 61%|██████▏   | 35/57 [00:02<00:01, 13.43it/s]
 65%|██████▍   | 37/57 [00:02<00:01, 13.61it/s]
 68%|██████▊   | 39/57 [00:02<00:01, 13.55it/s]
 72%|███████▏  | 41/57 [00:02<00:01, 13.60it/s]
 75%|███████▌  | 43/57 [00:03<00:01, 13.60it/s]
 79%|███████▉  | 45/57 [00:03<00:00, 13.57it/s]
 82%|████████▏ | 47/57 [00:03<00:00, 13.72it/s]
 86%|████████▌ | 49/57 [00:03<00:00, 13.72it/s]
 89%|████████▉ | 51/57 [00:03<00:00, 13.69it/s]
 93%|█████████▎| 53/57 [00:03<00:00, 13.60it/s]
 96%|█████████▋| 55/57 [00:03<00:00, 13.69it/s]
100%|██████████| 57/57 [00:04<00:00, 13.79it/s]2026-09-20 16:40:55,996 INFO [rev_util_helpfulness|paper_align|Qwen3-0.6B] step=771 eval_loss=0.1119 epoch=3.0000

100%|██████████| 57/57 [00:04<00:00, 13.79it/s]
2026-09-20 16:40:56,025 INFO Starting generation validation on training device cuda:0: samples=228 batch_size=16
2026-09-20 16:40:56,662 INFO Generation validation progress: 16/228
2026-09-20 16:40:57,314 INFO Generation validation progress: 32/228
2026-09-20 16:40:57,992 INFO Generation validation progress: 48/228
2026-09-20 16:40:58,636 INFO Generation validation progress: 64/228
2026-09-20 16:40:59,286 INFO Generation validation progress: 80/228
2026-09-20 16:40:59,935 INFO Generation validation progress: 96/228
2026-09-20 16:41:00,600 INFO Generation validation progress: 112/228
2026-09-20 16:41:01,217 INFO Generation validation progress: 128/228
2026-09-20 16:41:01,879 INFO Generation validation progress: 144/228
2026-09-20 16:41:02,519 INFO Generation validation progress: 160/228
2026-09-20 16:41:03,117 INFO Generation validation progress: 176/228
2026-09-20 16:41:03,747 INFO Generation validation progress: 192/228
2026-09-20 16:41:04,389 INFO Generation validation progress: 208/228
2026-09-20 16:41:05,032 INFO Generation validation progress: 224/228
2026-09-20 16:41:05,449 INFO Generation validation progress: 228/228
2026-09-20 16:41:05,495 INFO Generation val @ epoch=3.0 step=771: acc=0.7149 macro_f1=0.6773 valid=1.0000 (retaining last checkpoint)
2026-09-20 16:41:05,497 INFO [rev_util_helpfulness|paper_align|Qwen3-0.6B] step=771 eval_generation_accuracy=0.7149 eval_generation_macro_f1=0.6773 eval_generation_format_valid_rate=1.0000 eval_generation_mae=0.2895 eval_generation_qwk=0.8246 epoch=3.0000
2026-09-20 16:41:05,840 INFO [rev_util_helpfulness|paper_align|Qwen3-0.6B] Completed run rev_util_helpfulness#qwen3_0.6b#self_correct_align__seed42__2026-09-20_16-14-34 | final_epoch=3.0 final_acc=0.7149122807017544
2026-09-20 16:41:05,840 INFO [rev_util_helpfulness|paper_align|Qwen3-0.6B] Validation metrics: {'samples': 228, 'score_sets': [1, 2, 3, 4, 5], 'accuracy': 0.7149122807017544, 'macro_f1': 0.6772900432900433, 'format_valid_rate': 1.0, 'invalid_outputs': 0, 'confusion_matrix': {'1': {'1': 9, '2': 3, '3': 0, '4': 0, '5': 0, 'invalid': 0}, '2': {'1': 4, '2': 24, '3': 8, '4': 0, '5': 0, 'invalid': 0}, '3': {'1': 0, '2': 9, '3': 62, '4': 14, '5': 0, 'invalid': 0}, '4': {'1': 0, '2': 0, '3': 20, '4': 64, '5': 2, 'invalid': 0}, '5': {'1': 0, '2': 0, '3': 1, '4': 4, '5': 4, 'invalid': 0}}, 'per_class': {'1': {'precision': 0.6923076923076923, 'recall': 0.75, 'f1': 0.7199999999999999, 'support': 12}, '2': {'precision': 0.6666666666666666, 'recall': 0.6666666666666666, 'f1': 0.6666666666666666, 'support': 36}, '3': {'precision': 0.6813186813186813, 'recall': 0.7294117647058823, 'f1': 0.7045454545454546, 'support': 85}, '4': {'precision': 0.7804878048780488, 'recall': 0.7441860465116279, 'f1': 0.761904761904762, 'support': 86}, '5': {'precision': 0.6666666666666666, 'recall': 0.4444444444444444, 'f1': 0.5333333333333333, 'support': 9}}, 'mae': 0.2894736842105263, 'qwk': 0.8245836350470673, 'tokens': {'samples': 228, 'avg_output_tokens': 7.0, 'avg_reasoning_tokens': 0.0, 'total_output_tokens': 1596, 'total_reasoning_tokens': 0}}
