
[2026-09-22T00:30:29.297519+00:00] + /root/miniconda3/bin/python scripts/train.py --config configs/training/training-0.6B/rev_util_verifiability/self_correct_align.yaml --seed 44 --fresh
[transformers] `torch_dtype` is deprecated! Use `dtype` instead!

Loading weights:   0%|          | 0/311 [00:00<?, ?it/s]
Loading weights: 100%|██████████| 311/311 [00:00<00:00, 3343.51it/s]
[transformers] warmup_ratio is deprecated and will be removed in v5.2. Use `warmup_steps` instead.
[transformers] `logging_dir` is deprecated and will be removed in v5.2. Please set `TENSORBOARD_LOGGING_DIR` instead.
2026-09-22 08:30:44,663 WARNING [RANK 0] Detected kernel version 5.4.0, which is below the recommended minimum of 5.5.0; this can cause the process to hang. It is recommended to upgrade the kernel to the minimum version or higher.
2026-09-22 08:30:45,048 INFO [rev_util_verifiability|paper_align|Qwen3-0.6B] Starting fresh run rev_util_verifiability#qwen3_0.6b#self_correct_align__seed44__2026-09-22_08-30-38 seed=44 train=1643 val=182 scores=[1, 2, 3, 4, 5] method=paper_align
2026-09-22 08:30:45,048 INFO [rev_util_verifiability|paper_align|Qwen3-0.6B] Trainable parameters=10092544 (1.6650%); save_strategy=epoch; retaining final checkpoint only
[transformers] The tokenizer has new PAD/BOS/EOS tokens that differ from the model config and generation config. The model config and generation config were aligned accordingly, being updated with the tokenizer's values. Updated tokens: {'bos_token_id': None, 'pad_token_id': 151643}.

  0%|          | 0/618 [00:00<?, ?it/s]2026-09-22 08:30:45,847 INFO [rev_util_verifiability|paper_align|Qwen3-0.6B] step=0 epoch=0

                                       

  0%|          | 0/618 [00:00<?, ?it/s]2026-09-22 08:30:46,514 INFO [rev_util_verifiability|paper_align|Qwen3-0.6B] step=0 epoch=0

                                       

  0%|          | 0/618 [00:01<?, ?it/s]2026-09-22 08:30:46,989 INFO [rev_util_verifiability|paper_align|Qwen3-0.6B] step=0 epoch=0

                                       

  0%|          | 0/618 [00:01<?, ?it/s]2026-09-22 08:30:47,516 INFO [rev_util_verifiability|paper_align|Qwen3-0.6B] step=0 epoch=0

                                       

  0%|          | 0/618 [00:02<?, ?it/s]
  0%|          | 1/618 [00:02<27:54,  2.71s/it]2026-09-22 08:30:48,221 INFO [rev_util_verifiability|paper_align|Qwen3-0.6B] step=1 epoch=0.0049

                                               

  0%|          | 1/618 [00:02<27:54,  2.71s/it]2026-09-22 08:30:48,773 INFO [rev_util_verifiability|paper_align|Qwen3-0.6B] step=1 epoch=0.0049

                                               

  0%|          | 1/618 [00:03<27:54,  2.71s/it]2026-09-22 08:30:49,323 INFO [rev_util_verifiability|paper_align|Qwen3-0.6B] step=1 epoch=0.0049

                                               

  0%|          | 1/618 [00:04<27:54,  2.71s/it]2026-09-22 08:30:49,874 INFO [rev_util_verifiability|paper_align|Qwen3-0.6B] step=1 epoch=0.0049

                                               

  0%|          | 1/618 [00:04<27:54,  2.71s/it]
  0%|          | 2/618 [00:04<24:58,  2.43s/it]2026-09-22 08:30:50,453 INFO [rev_util_verifiability|paper_align|Qwen3-0.6B] step=2 epoch=0.0097

                                               

  0%|          | 2/618 [00:05<24:58,  2.43s/it]2026-09-22 08:30:51,006 INFO [rev_util_verifiability|paper_align|Qwen3-0.6B] step=2 epoch=0.0097

                                               

  0%|          | 2/618 [00:05<24:58,  2.43s/it]2026-09-22 08:30:51,549 INFO [rev_util_verifiability|paper_align|Qwen3-0.6B] step=2 epoch=0.0097

                                               

  0%|          | 2/618 [00:06<24:58,  2.43s/it]2026-09-22 08:30:52,103 INFO [rev_util_verifiability|paper_align|Qwen3-0.6B] step=2 epoch=0.0097

                                               

  0%|          | 2/618 [00:06<24:58,  2.43s/it]
  0%|          | 3/618 [00:07<24:01,  2.34s/it]2026-09-22 08:30:52,688 INFO [rev_util_verifiability|paper_align|Qwen3-0.6B] step=3 epoch=0.0146

                                               

  0%|          | 3/618 [00:07<24:01,  2.34s/it]2026-09-22 08:30:53,248 INFO [rev_util_verifiability|paper_align|Qwen3-0.6B] step=3 epoch=0.0146

                                               

  0%|          | 3/618 [00:07<24:01,  2.34s/it]2026-09-22 08:30:53,795 INFO [rev_util_verifiability|paper_align|Qwen3-0.6B] step=3 epoch=0.0146

                                               

  0%|          | 3/618 [00:08<24:01,  2.34s/it]2026-09-22 08:30:54,344 INFO [rev_util_verifiability|paper_align|Qwen3-0.6B] step=3 epoch=0.0146

                                               

  0%|          | 3/618 [00:09<24:01,  2.34s/it]
  1%|          | 4/618 [00:09<23:34,  2.30s/it]2026-09-22 08:30:54,931 INFO [rev_util_verifiability|paper_align|Qwen3-0.6B] step=4 epoch=0.0195

                                               

  1%|          | 4/618 [00:09<23:34,  2.30s/it]2026-09-22 08:30:55,512 INFO [rev_util_verifiability|paper_align|Qwen3-0.6B] step=4 epoch=0.0195

                                               

  1%|          | 4/618 [00:10<23:34,  2.30s/it]2026-09-22 08:30:56,416 INFO [rev_util_verifiability|paper_align|Qwen3-0.6B] step=4 epoch=0.0195

                                               

  1%|          | 4/618 [00:11<23:34,  2.30s/it]2026-09-22 08:30:56,986 INFO [rev_util_verifiability|paper_align|Qwen3-0.6B] step=4 epoch=0.0195

                                               

  1%|          | 4/618 [00:11<23:34,  2.30s/it]
  1%|          | 5/618 [00:12<24:49,  2.43s/it]2026-09-22 08:30:57,597 INFO [rev_util_verifiability|paper_align|Qwen3-0.6B] step=5 epoch=0.0243

                                               

  1%|          | 5/618 [00:12<24:49,  2.43s/it]2026-09-22 08:30:58,163 INFO [rev_util_verifiability|paper_align|Qwen3-0.6B] step=5 epoch=0.0243

                                               

  1%|          | 5/618 [00:12<24:49,  2.43s/it]2026-09-22 08:30:58,728 INFO [rev_util_verifiability|paper_align|Qwen3-0.6B] step=5 epoch=0.0243

                                               

  1%|          | 5/618 [00:13<24:49,  2.43s/it]2026-09-22 08:30:59,302 INFO [rev_util_verifiability|paper_align|Qwen3-0.6B] step=5 epoch=0.0243

                                               

  1%|          | 5/618 [00:14<24:49,  2.43s/it]
  1%|          | 6/618 [00:14<24:22,  2.39s/it]2026-09-22 08:30:59,917 INFO [rev_util_verifiability|paper_align|Qwen3-0.6B] step=6 epoch=0.0292

                                               

  1%|          | 6/618 [00:14<24:22,  2.39s/it]2026-09-22 08:31:00,494 INFO [rev_util_verifiability|paper_align|Qwen3-0.6B] step=6 epoch=0.0292

                                               

  1%|          | 6/618 [00:15<24:22,  2.39s/it]2026-09-22 08:31:01,069 INFO [rev_util_verifiability|paper_align|Qwen3-0.6B] step=6 epoch=0.0292

                                               

  1%|          | 6/618 [00:15<24:22,  2.39s/it]2026-09-22 08:31:01,642 INFO [rev_util_verifiability|paper_align|Qwen3-0.6B] step=6 epoch=0.0292

                                               

  1%|          | 6/618 [00:16<24:22,  2.39s/it]
  1%|          | 7/618 [00:16<24:09,  2.37s/it]2026-09-22 08:31:02,245 INFO [rev_util_verifiability|paper_align|Qwen3-0.6B] step=7 epoch=0.0341

                                               

  1%|          | 7/618 [00:16<24:09,  2.37s/it]2026-09-22 08:31:02,804 INFO [rev_util_verifiability|paper_align|Qwen3-0.6B] step=7 epoch=0.0341

                                               

  1%|          | 7/618 [00:17<24:09,  2.37s/it]2026-09-22 08:31:03,380 INFO [rev_util_verifiability|paper_align|Qwen3-0.6B] step=7 epoch=0.0341

                                               

  1%|          | 7/618 [00:18<24:09,  2.37s/it]2026-09-22 08:31:03,951 INFO [rev_util_verifiability|paper_align|Qwen3-0.6B] step=7 epoch=0.0341

                                               

  1%|          | 7/618 [00:18<24:09,  2.37s/it]
  1%|▏         | 8/618 [00:19<23:53,  2.35s/it]2026-09-22 08:31:04,546 INFO [rev_util_verifiability|paper_align|Qwen3-0.6B] step=8 epoch=0.0389

                                               

  1%|▏         | 8/618 [00:19<23:53,  2.35s/it]2026-09-22 08:31:05,094 INFO [rev_util_verifiability|paper_align|Qwen3-0.6B] step=8 epoch=0.0389

                                               

  1%|▏         | 8/618 [00:19<23:53,  2.35s/it]2026-09-22 08:31:05,664 INFO [rev_util_verifiability|paper_align|Qwen3-0.6B] step=8 epoch=0.0389

                                               

  1%|▏         | 8/618 [00:20<23:53,  2.35s/it]2026-09-22 08:31:06,225 INFO [rev_util_verifiability|paper_align|Qwen3-0.6B] step=8 epoch=0.0389

                                               

  1%|▏         | 8/618 [00:20<23:53,  2.35s/it]
  1%|▏         | 9/618 [00:21<23:36,  2.33s/it]2026-09-22 08:31:06,821 INFO [rev_util_verifiability|paper_align|Qwen3-0.6B] step=9 epoch=0.0438

                                               

  1%|▏         | 9/618 [00:21<23:36,  2.33s/it]2026-09-22 08:31:07,378 INFO [rev_util_verifiability|paper_align|Qwen3-0.6B] step=9 epoch=0.0438

                                               

  1%|▏         | 9/618 [00:22<23:36,  2.33s/it]2026-09-22 08:31:07,934 INFO [rev_util_verifiability|paper_align|Qwen3-0.6B] step=9 epoch=0.0438

                                               

  1%|▏         | 9/618 [00:22<23:36,  2.33s/it]2026-09-22 08:31:08,502 INFO [rev_util_verifiability|paper_align|Qwen3-0.6B] step=9 epoch=0.0438

                                               

  1%|▏         | 9/618 [00:23<23:36,  2.33s/it]
  2%|▏         | 10/618 [00:23<24:25,  2.41s/it]2026-09-22 08:31:09,203 INFO [rev_util_verifiability|paper_align|Qwen3-0.6B] step=10 loss=3.3756 learning_rate=0.0000 epoch=0.0487

                                                

  2%|▏         | 10/618 [00:23<24:25,  2.41s/it]2026-09-22 08:31:09,415 INFO [rev_util_verifiability|paper_align|Qwen3-0.6B] step=10 epoch=0.0487

                                                

  2%|▏         | 10/618 [00:24<24:25,  2.41s/it]2026-09-22 08:31:09,966 INFO [rev_util_verifiability|paper_align|Qwen3-0.6B] step=10 epoch=0.0487

                                                

  2%|▏         | 10/618 [00:24<24:25,  2.41s/it]2026-09-22 08:31:10,533 INFO [rev_util_verifiability|paper_align|Qwen3-0.6B] step=10 epoch=0.0487

                                                

  2%|▏         | 10/618 [00:25<24:25,  2.41s/it]2026-09-22 08:31:11,095 INFO [rev_util_verifiability|paper_align|Qwen3-0.6B] step=10 epoch=0.0487

                                                

  2%|▏         | 10/618 [00:25<24:25,  2.41s/it]
  2%|▏         | 11/618 [00:26<23:58,  2.37s/it]2026-09-22 08:31:11,690 INFO [rev_util_verifiability|paper_align|Qwen3-0.6B] step=11 epoch=0.0535

                                                

  2%|▏         | 11/618 [00:26<23:58,  2.37s/it]2026-09-22 08:31:12,244 INFO [rev_util_verifiability|paper_align|Qwen3-0.6B] step=11 epoch=0.0535

                                                

  2%|▏         | 11/618 [00:26<23:58,  2.37s/it]2026-09-22 08:31:12,805 INFO [rev_util_verifiability|paper_align|Qwen3-0.6B] step=11 epoch=0.0535

                                                

  2%|▏         | 11/618 [00:27<23:58,  2.37s/it]2026-09-22 08:31:13,371 INFO [rev_util_verifiability|paper_align|Qwen3-0.6B] step=11 epoch=0.0535

                                                

  2%|▏         | 11/618 [00:28<23:58,  2.37s/it]
  2%|▏         | 12/618 [00:28<23:37,  2.34s/it]2026-09-22 08:31:13,965 INFO [rev_util_verifiability|paper_align|Qwen3-0.6B] step=12 epoch=0.0584

                                                

  2%|▏         | 12/618 [00:28<23:37,  2.34s/it]2026-09-22 08:31:14,516 INFO [rev_util_verifiability|paper_align|Qwen3-0.6B] step=12 epoch=0.0584

                                                

  2%|▏         | 12/618 [00:29<23:37,  2.34s/it]2026-09-22 08:31:15,082 INFO [rev_util_verifiability|paper_align|Qwen3-0.6B] step=12 epoch=0.0584

                                                

  2%|▏         | 12/618 [00:29<23:37,  2.34s/it]2026-09-22 08:31:15,654 INFO [rev_util_verifiability|paper_align|Qwen3-0.6B] step=12 epoch=0.0584

                                                

  2%|▏         | 12/618 [00:30<23:37,  2.34s/it]
  2%|▏         | 13/618 [00:30<23:25,  2.32s/it]2026-09-22 08:31:16,253 INFO [rev_util_verifiability|paper_align|Qwen3-0.6B] step=13 epoch=0.0633

                                                

  2%|▏         | 13/618 [00:30<23:25,  2.32s/it]2026-09-22 08:31:16,816 INFO [rev_util_verifiability|paper_align|Qwen3-0.6B] step=13 epoch=0.0633

                                                

  2%|▏         | 13/618 [00:31<23:25,  2.32s/it]2026-09-22 08:31:17,386 INFO [rev_util_verifiability|paper_align|Qwen3-0.6B] step=13 epoch=0.0633

                                                

  2%|▏         | 13/618 [00:32<23:25,  2.32s/it]2026-09-22 08:31:17,959 INFO [rev_util_verifiability|paper_align|Qwen3-0.6B] step=13 epoch=0.0633

                                                

  2%|▏         | 13/618 [00:32<23:25,  2.32s/it]
  2%|▏         | 14/618 [00:33<23:20,  2.32s/it]2026-09-22 08:31:18,566 INFO [rev_util_verifiability|paper_align|Qwen3-0.6B] step=14 epoch=0.0681

                                                

  2%|▏         | 14/618 [00:33<23:20,  2.32s/it]2026-09-22 08:31:19,150 INFO [rev_util_verifiability|paper_align|Qwen3-0.6B] step=14 epoch=0.0681

                                                

  2%|▏         | 14/618 [00:33<23:20,  2.32s/it]2026-09-22 08:31:19,727 INFO [rev_util_verifiability|paper_align|Qwen3-0.6B] step=14 epoch=0.0681

                                                

  2%|▏         | 14/618 [00:34<23:20,  2.32s/it]2026-09-22 08:31:20,293 INFO [rev_util_verifiability|paper_align|Qwen3-0.6B] step=14 epoch=0.0681

                                                

  2%|▏         | 14/618 [00:34<23:20,  2.32s/it]
  2%|▏         | 15/618 [00:35<23:21,  2.32s/it]2026-09-22 08:31:21,203 INFO [rev_util_verifiability|paper_align|Qwen3-0.6B] step=15 epoch=0.0730

                                                

  2%|▏         | 15/618 [00:35<23:21,  2.32s/it]2026-09-22 08:31:21,761 INFO [rev_util_verifiability|paper_align|Qwen3-0.6B] step=15 epoch=0.0730

                                                

  2%|▏         | 15/618 [00:36<23:21,  2.32s/it]2026-09-22 08:31:22,318 INFO [rev_util_verifiability|paper_align|Qwen3-0.6B] step=15 epoch=0.0730

                                                

  2%|▏         | 15/618 [00:37<23:21,  2.32s/it]2026-09-22 08:31:22,881 INFO [rev_util_verifiability|paper_align|Qwen3-0.6B] step=15 epoch=0.0730

                                                

  2%|▏         | 15/618 [00:37<23:21,  2.32s/it]
  3%|▎         | 16/618 [00:37<24:06,  2.40s/it]2026-09-22 08:31:23,474 INFO [rev_util_verifiability|paper_align|Qwen3-0.6B] step=16 epoch=0.0779

                                                

  3%|▎         | 16/618 [00:38<24:06,  2.40s/it]2026-09-22 08:31:24,029 INFO [rev_util_verifiability|paper_align|Qwen3-0.6B] step=16 epoch=0.0779

                                                

  3%|▎         | 16/618 [00:38<24:06,  2.40s/it]2026-09-22 08:31:24,591 INFO [rev_util_verifiability|paper_align|Qwen3-0.6B] step=16 epoch=0.0779

                                                

  3%|▎         | 16/618 [00:39<24:06,  2.40s/it]2026-09-22 08:31:25,153 INFO [rev_util_verifiability|paper_align|Qwen3-0.6B] step=16 epoch=0.0779

                                                

  3%|▎         | 16/618 [00:39<24:06,  2.40s/it]
  3%|▎         | 17/618 [00:40<23:40,  2.36s/it]2026-09-22 08:31:25,754 INFO [rev_util_verifiability|paper_align|Qwen3-0.6B] step=17 epoch=0.0827

                                                

  3%|▎         | 17/618 [00:40<23:40,  2.36s/it]2026-09-22 08:31:26,301 INFO [rev_util_verifiability|paper_align|Qwen3-0.6B] step=17 epoch=0.0827

                                                

  3%|▎         | 17/618 [00:41<23:40,  2.36s/it]2026-09-22 08:31:26,853 INFO [rev_util_verifiability|paper_align|Qwen3-0.6B] step=17 epoch=0.0827

                                                

  3%|▎         | 17/618 [00:41<23:40,  2.36s/it]2026-09-22 08:31:27,406 INFO [rev_util_verifiability|paper_align|Qwen3-0.6B] step=17 epoch=0.0827

                                                

  3%|▎         | 17/618 [00:42<23:40,  2.36s/it]
  3%|▎         | 18/618 [00:42<23:18,  2.33s/it]2026-09-22 08:31:28,010 INFO [rev_util_verifiability|paper_align|Qwen3-0.6B] step=18 epoch=0.0876

                                                

  3%|▎         | 18/618 [00:42<23:18,  2.33s/it]2026-09-22 08:31:28,562 INFO [rev_util_verifiability|paper_align|Qwen3-0.6B] step=18 epoch=0.0876

                                                

  3%|▎         | 18/618 [00:43<23:18,  2.33s/it]2026-09-22 08:31:29,114 INFO [rev_util_verifiability|paper_align|Qwen3-0.6B] step=18 epoch=0.0876

                                                

  3%|▎         | 18/618 [00:43<23:18,  2.33s/it]2026-09-22 08:31:29,663 INFO [rev_util_verifiability|paper_align|Qwen3-0.6B] step=18 epoch=0.0876

                                                

  3%|▎         | 18/618 [00:44<23:18,  2.33s/it]
  3%|▎         | 19/618 [00:44<23:02,  2.31s/it]2026-09-22 08:31:30,268 INFO [rev_util_verifiability|paper_align|Qwen3-0.6B] step=19 epoch=0.0925

                                                

  3%|▎         | 19/618 [00:44<23:02,  2.31s/it]2026-09-22 08:31:30,827 INFO [rev_util_verifiability|paper_align|Qwen3-0.6B] step=19 epoch=0.0925

                                                

  3%|▎         | 19/618 [00:45<23:02,  2.31s/it]2026-09-22 08:31:31,389 INFO [rev_util_verifiability|paper_align|Qwen3-0.6B] step=19 epoch=0.0925

                                                

  3%|▎         | 19/618 [00:46<23:02,  2.31s/it]2026-09-22 08:31:32,277 INFO [rev_util_verifiability|paper_align|Qwen3-0.6B] step=19 epoch=0.0925

                                                

  3%|▎         | 19/618 [00:46<23:02,  2.31s/it]
  3%|▎         | 20/618 [00:47<23:56,  2.40s/it]2026-09-22 08:31:32,671 INFO [rev_util_verifiability|paper_align|Qwen3-0.6B] step=20 loss=2.1273 learning_rate=0.0001 epoch=0.0973

                                                

  3%|▎         | 20/618 [00:47<23:56,  2.40s/it]2026-09-22 08:31:32,888 INFO [rev_util_verifiability|paper_align|Qwen3-0.6B] step=20 epoch=0.0973

                                                

  3%|▎         | 20/618 [00:47<23:56,  2.40s/it]2026-09-22 08:31:33,441 INFO [rev_util_verifiability|paper_align|Qwen3-0.6B] step=20 epoch=0.0973

                                                

  3%|▎         | 20/618 [00:48<23:56,  2.40s/it]2026-09-22 08:31:34,009 INFO [rev_util_verifiability|paper_align|Qwen3-0.6B] step=20 epoch=0.0973

                                                

  3%|▎         | 20/618 [00:48<23:56,  2.40s/it]2026-09-22 08:31:34,587 INFO [rev_util_verifiability|paper_align|Qwen3-0.6B] step=20 epoch=0.0973

                                                

  3%|▎         | 20/618 [00:49<23:56,  2.40s/it]
  3%|▎         | 21/618 [00:49<23:37,  2.38s/it]2026-09-22 08:31:35,199 INFO [rev_util_verifiability|paper_align|Qwen3-0.6B] step=21 epoch=0.1022

                                                

  3%|▎         | 21/618 [00:49<23:37,  2.38s/it]2026-09-22 08:31:35,757 INFO [rev_util_verifiability|paper_align|Qwen3-0.6B] step=21 epoch=0.1022

                                                

  3%|▎         | 21/618 [00:50<23:37,  2.38s/it]2026-09-22 08:31:36,316 INFO [rev_util_verifiability|paper_align|Qwen3-0.6B] step=21 epoch=0.1022

                                                
{'paper_align_label_loss': '0.3584', 'paper_align_reason_loss': '1.351', 'epoch': 0}
{'paper_align_label_loss': '0.3441', 'paper_align_reason_loss': '1.668', 'epoch': 0}
{'paper_align_label_loss': '0.1082', 'paper_align_reason_loss': '1.254', 'epoch': 0}
{'paper_align_label_loss': '0.7417', 'paper_align_reason_loss': '1.797', 'epoch': 0}
{'paper_align_label_loss': '0.1651', 'paper_align_reason_loss': '1.473', 'epoch': '0.004866'}
{'paper_align_label_loss': '0.4524', 'paper_align_reason_loss': '1.593', 'epoch': '0.004866'}
{'paper_align_label_loss': '0.7434', 'paper_align_reason_loss': '1.519', 'epoch': '0.004866'}
{'paper_align_label_loss': '0.3483', 'paper_align_reason_loss': '1.451', 'epoch': '0.004866'}
{'paper_align_label_loss': '0.5522', 'paper_align_reason_loss': '1.572', 'epoch': '0.009732'}
{'paper_align_label_loss': '0.3693', 'paper_align_reason_loss': '1.377', 'epoch': '0.009732'}
{'paper_align_label_loss': '0.5749', 'paper_align_reason_loss': '1.608', 'epoch': '0.009732'}
{'paper_align_label_loss': '0.1789', 'paper_align_reason_loss': '1.422', 'epoch': '0.009732'}
{'paper_align_label_loss': '0.6369', 'paper_align_reason_loss': '1.415', 'epoch': '0.0146'}
{'paper_align_label_loss': '0.06498', 'paper_align_reason_loss': '1.454', 'epoch': '0.0146'}
{'paper_align_label_loss': '0.3824', 'paper_align_reason_loss': '1.537', 'epoch': '0.0146'}
{'paper_align_label_loss': '0.4362', 'paper_align_reason_loss': '1.342', 'epoch': '0.0146'}
{'paper_align_label_loss': '0.2048', 'paper_align_reason_loss': '1.276', 'epoch': '0.01946'}
{'paper_align_label_loss': '0.09136', 'paper_align_reason_loss': '1.256', 'epoch': '0.01946'}
{'paper_align_label_loss': '0.443', 'paper_align_reason_loss': '1.32', 'epoch': '0.01946'}
{'paper_align_label_loss': '0.2371', 'paper_align_reason_loss': '1.262', 'epoch': '0.01946'}
{'paper_align_label_loss': '0.1813', 'paper_align_reason_loss': '1.514', 'epoch': '0.02433'}
{'paper_align_label_loss': '0.2523', 'paper_align_reason_loss': '1.354', 'epoch': '0.02433'}
{'paper_align_label_loss': '0.2645', 'paper_align_reason_loss': '1.293', 'epoch': '0.02433'}
{'paper_align_label_loss': '0.1865', 'paper_align_reason_loss': '1.337', 'epoch': '0.02433'}
{'paper_align_label_loss': '0.1796', 'paper_align_reason_loss': '1.406', 'epoch': '0.0292'}
{'paper_align_label_loss': '0.192', 'paper_align_reason_loss': '1.609', 'epoch': '0.0292'}
{'paper_align_label_loss': '0.259', 'paper_align_reason_loss': '1.39', 'epoch': '0.0292'}
{'paper_align_label_loss': '0.2089', 'paper_align_reason_loss': '1.416', 'epoch': '0.0292'}
{'paper_align_label_loss': '0.4159', 'paper_align_reason_loss': '1.371', 'epoch': '0.03406'}
{'paper_align_label_loss': '0.1391', 'paper_align_reason_loss': '1.386', 'epoch': '0.03406'}
{'paper_align_label_loss': '0.334', 'paper_align_reason_loss': '1.285', 'epoch': '0.03406'}
{'paper_align_label_loss': '0.1711', 'paper_align_reason_loss': '1.473', 'epoch': '0.03406'}
{'paper_align_label_loss': '0.06541', 'paper_align_reason_loss': '1.062', 'epoch': '0.03893'}
{'paper_align_label_loss': '0.0624', 'paper_align_reason_loss': '1.398', 'epoch': '0.03893'}
{'paper_align_label_loss': '0.1635', 'paper_align_reason_loss': '1.32', 'epoch': '0.03893'}
{'paper_align_label_loss': '0.1187', 'paper_align_reason_loss': '1.518', 'epoch': '0.03893'}
{'paper_align_label_loss': '0.3973', 'paper_align_reason_loss': '1.222', 'epoch': '0.0438'}
{'paper_align_label_loss': '0.1764', 'paper_align_reason_loss': '1.175', 'epoch': '0.0438'}
{'paper_align_label_loss': '0.06389', 'paper_align_reason_loss': '1.264', 'epoch': '0.0438'}
{'paper_align_label_loss': '0.3351', 'paper_align_reason_loss': '1.171', 'epoch': '0.0438'}
{'loss': '3.376', 'grad_norm': '17.33', 'learning_rate': '4.737e-05', 'epoch': '0.04866'}
{'paper_align_label_loss': '0.1694', 'paper_align_reason_loss': '1.153', 'epoch': '0.04866'}
{'paper_align_label_loss': '0.166', 'paper_align_reason_loss': '1.021', 'epoch': '0.04866'}
{'paper_align_label_loss': '0.1509', 'paper_align_reason_loss': '0.9335', 'epoch': '0.04866'}
{'paper_align_label_loss': '0.1605', 'paper_align_reason_loss': '1.153', 'epoch': '0.04866'}
{'paper_align_label_loss': '0.1227', 'paper_align_reason_loss': '1.095', 'epoch': '0.05353'}
{'paper_align_label_loss': '0.1164', 'paper_align_reason_loss': '1.248', 'epoch': '0.05353'}
{'paper_align_label_loss': '0.07834', 'paper_align_reason_loss': '0.9697', 'epoch': '0.05353'}
{'paper_align_label_loss': '0.1929', 'paper_align_reason_loss': '0.8952', 'epoch': '0.05353'}
{'paper_align_label_loss': '0.1134', 'paper_align_reason_loss': '1.099', 'epoch': '0.05839'}
{'paper_align_label_loss': '0.1887', 'paper_align_reason_loss': '1.075', 'epoch': '0.05839'}
{'paper_align_label_loss': '0.1288', 'paper_align_reason_loss': '1.132', 'epoch': '0.05839'}
{'paper_align_label_loss': '0.1889', 'paper_align_reason_loss': '1.17', 'epoch': '0.05839'}
{'paper_align_label_loss': '0.1178', 'paper_align_reason_loss': '1.012', 'epoch': '0.06326'}
{'paper_align_label_loss': '0.1194', 'paper_align_reason_loss': '0.9496', 'epoch': '0.06326'}
{'paper_align_label_loss': '0.1216', 'paper_align_reason_loss': '0.6905', 'epoch': '0.06326'}
{'paper_align_label_loss': '0.1151', 'paper_align_reason_loss': '0.8961', 'epoch': '0.06326'}
{'paper_align_label_loss': '0.172', 'paper_align_reason_loss': '0.8535', 'epoch': '0.06813'}
{'paper_align_label_loss': '0.1791', 'paper_align_reason_loss': '0.9139', 'epoch': '0.06813'}
{'paper_align_label_loss': '0.1011', 'paper_align_reason_loss': '1.032', 'epoch': '0.06813'}
{'paper_align_label_loss': '0.2061', 'paper_align_reason_loss': '1.124', 'epoch': '0.06813'}
{'paper_align_label_loss': '0.0727', 'paper_align_reason_loss': '1.034', 'epoch': '0.07299'}
{'paper_align_label_loss': '0.1454', 'paper_align_reason_loss': '0.7077', 'epoch': '0.07299'}
{'paper_align_label_loss': '0.1415', 'paper_align_reason_loss': '0.7648', 'epoch': '0.07299'}
{'paper_align_label_loss': '0.2295', 'paper_align_reason_loss': '0.9711', 'epoch': '0.07299'}
{'paper_align_label_loss': '0.03627', 'paper_align_reason_loss': '0.6571', 'epoch': '0.07786'}
{'paper_align_label_loss': '0.486', 'paper_align_reason_loss': '0.8616', 'epoch': '0.07786'}
{'paper_align_label_loss': '0.1105', 'paper_align_reason_loss': '0.6991', 'epoch': '0.07786'}
{'paper_align_label_loss': '0.2108', 'paper_align_reason_loss': '0.8276', 'epoch': '0.07786'}
{'paper_align_label_loss': '0.2537', 'paper_align_reason_loss': '0.8742', 'epoch': '0.08273'}
{'paper_align_label_loss': '0.04457', 'paper_align_reason_loss': '0.7474', 'epoch': '0.08273'}
{'paper_align_label_loss': '0.2181', 'paper_align_reason_loss': '0.9921', 'epoch': '0.08273'}
{'paper_align_label_loss': '0.1336', 'paper_align_reason_loss': '0.8133', 'epoch': '0.08273'}
{'paper_align_label_loss': '0.1457', 'paper_align_reason_loss': '0.8936', 'epoch': '0.08759'}
{'paper_align_label_loss': '0.1466', 'paper_align_reason_loss': '0.6298', 'epoch': '0.08759'}
{'paper_align_label_loss': '0.1381', 'paper_align_reason_loss': '0.8278', 'epoch': '0.08759'}
{'paper_align_label_loss': '0.08401', 'paper_align_reason_loss': '0.8137', 'epoch': '0.08759'}
{'paper_align_label_loss': '0.192', 'paper_align_reason_loss': '0.5676', 'epoch': '0.09246'}
{'paper_align_label_loss': '0.2236', 'paper_align_reason_loss': '0.7381', 'epoch': '0.09246'}
{'paper_align_label_loss': '0.1911', 'paper_align_reason_loss': '0.8074', 'epoch': '0.09246'}
{'paper_align_label_loss': '0.04066', 'paper_align_reason_loss': '0.7491', 'epoch': '0.09246'}
{'loss': '2.127', 'grad_norm': '4.505', 'learning_rate': '0.0001', 'epoch': '0.09732'}
{'paper_align_label_loss': '0.1484', 'paper_align_reason_loss': '0.6886', 'epoch': '0.09732'}
{'paper_align_label_loss': '0.1469', 'paper_align_reason_loss': '0.7509', 'epoch': '0.09732'}
{'paper_align_label_loss': '0.208', 'paper_align_reason_loss': '0.9459', 'epoch': '0.09732'}
{'paper_align_label_loss': '0.1958', 'paper_align_reason_loss': '0.824', 'epoch': '0.09732'}
{'paper_align_label_loss': '0.1028', 'paper_align_reason_loss': '0.6319', 'epoch': '0.1022'}
{'paper_align_label_loss': '0.2101', 'paper_align_reason_loss': '0.7385', 'epoch': '0.1022'}

  3%|▎         | 21/618 [00:51<23:37,  2.38s/it]2026-09-22 08:31:36,883 INFO [rev_util_verifiability|paper_align|Qwen3-0.6B] step=21 epoch=0.1022

                                                

  3%|▎         | 21/618 [00:51<23:37,  2.38s/it]
  4%|▎         | 22/618 [00:51<23:22,  2.35s/it]2026-09-22 08:31:37,499 INFO [rev_util_verifiability|paper_align|Qwen3-0.6B] step=22 epoch=0.1071

                                                

  4%|▎         | 22/618 [00:52<23:22,  2.35s/it]2026-09-22 08:31:38,065 INFO [rev_util_verifiability|paper_align|Qwen3-0.6B] step=22 epoch=0.1071

                                                

  4%|▎         | 22/618 [00:52<23:22,  2.35s/it]2026-09-22 08:31:38,637 INFO [rev_util_verifiability|paper_align|Qwen3-0.6B] step=22 epoch=0.1071

                                                

  4%|▎         | 22/618 [00:53<23:22,  2.35s/it]2026-09-22 08:31:39,198 INFO [rev_util_verifiability|paper_align|Qwen3-0.6B] step=22 epoch=0.1071

                                                

  4%|▎         | 22/618 [00:53<23:22,  2.35s/it]
  4%|▎         | 23/618 [00:54<23:10,  2.34s/it]2026-09-22 08:31:39,799 INFO [rev_util_verifiability|paper_align|Qwen3-0.6B] step=23 epoch=0.1119

                                                

  4%|▎         | 23/618 [00:54<23:10,  2.34s/it]2026-09-22 08:31:40,360 INFO [rev_util_verifiability|paper_align|Qwen3-0.6B] step=23 epoch=0.1119

                                                

  4%|▎         | 23/618 [00:55<23:10,  2.34s/it]2026-09-22 08:31:40,926 INFO [rev_util_verifiability|paper_align|Qwen3-0.6B] step=23 epoch=0.1119

                                                

  4%|▎         | 23/618 [00:55<23:10,  2.34s/it]2026-09-22 08:31:41,488 INFO [rev_util_verifiability|paper_align|Qwen3-0.6B] step=23 epoch=0.1119

                                                

  4%|▎         | 23/618 [00:56<23:10,  2.34s/it]
  4%|▍         | 24/618 [00:56<22:59,  2.32s/it]2026-09-22 08:31:42,082 INFO [rev_util_verifiability|paper_align|Qwen3-0.6B] step=24 epoch=0.1168

                                                

  4%|▍         | 24/618 [00:56<22:59,  2.32s/it]2026-09-22 08:31:42,645 INFO [rev_util_verifiability|paper_align|Qwen3-0.6B] step=24 epoch=0.1168

                                                

  4%|▍         | 24/618 [00:57<22:59,  2.32s/it]2026-09-22 08:31:43,203 INFO [rev_util_verifiability|paper_align|Qwen3-0.6B] step=24 epoch=0.1168

                                                

  4%|▍         | 24/618 [00:57<22:59,  2.32s/it]2026-09-22 08:31:43,767 INFO [rev_util_verifiability|paper_align|Qwen3-0.6B] step=24 epoch=0.1168

                                                

  4%|▍         | 24/618 [00:58<22:59,  2.32s/it]
  4%|▍         | 25/618 [00:59<23:42,  2.40s/it]2026-09-22 08:31:44,659 INFO [rev_util_verifiability|paper_align|Qwen3-0.6B] step=25 epoch=0.1217

                                                

  4%|▍         | 25/618 [00:59<23:42,  2.40s/it]2026-09-22 08:31:45,215 INFO [rev_util_verifiability|paper_align|Qwen3-0.6B] step=25 epoch=0.1217

                                                

  4%|▍         | 25/618 [00:59<23:42,  2.40s/it]2026-09-22 08:31:45,779 INFO [rev_util_verifiability|paper_align|Qwen3-0.6B] step=25 epoch=0.1217

                                                

  4%|▍         | 25/618 [01:00<23:42,  2.40s/it]2026-09-22 08:31:46,336 INFO [rev_util_verifiability|paper_align|Qwen3-0.6B] step=25 epoch=0.1217

                                                

  4%|▍         | 25/618 [01:01<23:42,  2.40s/it]
  4%|▍         | 26/618 [01:01<23:17,  2.36s/it]2026-09-22 08:31:46,935 INFO [rev_util_verifiability|paper_align|Qwen3-0.6B] step=26 epoch=0.1265

                                                

  4%|▍         | 26/618 [01:01<23:17,  2.36s/it]2026-09-22 08:31:47,494 INFO [rev_util_verifiability|paper_align|Qwen3-0.6B] step=26 epoch=0.1265

                                                

  4%|▍         | 26/618 [01:02<23:17,  2.36s/it]2026-09-22 08:31:48,050 INFO [rev_util_verifiability|paper_align|Qwen3-0.6B] step=26 epoch=0.1265

                                                

  4%|▍         | 26/618 [01:02<23:17,  2.36s/it]2026-09-22 08:31:48,609 INFO [rev_util_verifiability|paper_align|Qwen3-0.6B] step=26 epoch=0.1265

                                                

  4%|▍         | 26/618 [01:03<23:17,  2.36s/it]
  4%|▍         | 27/618 [01:03<22:59,  2.33s/it]2026-09-22 08:31:49,202 INFO [rev_util_verifiability|paper_align|Qwen3-0.6B] step=27 epoch=0.1314

                                                

  4%|▍         | 27/618 [01:03<22:59,  2.33s/it]2026-09-22 08:31:49,758 INFO [rev_util_verifiability|paper_align|Qwen3-0.6B] step=27 epoch=0.1314

                                                

  4%|▍         | 27/618 [01:04<22:59,  2.33s/it]2026-09-22 08:31:50,331 INFO [rev_util_verifiability|paper_align|Qwen3-0.6B] step=27 epoch=0.1314

                                                

  4%|▍         | 27/618 [01:05<22:59,  2.33s/it]2026-09-22 08:31:50,889 INFO [rev_util_verifiability|paper_align|Qwen3-0.6B] step=27 epoch=0.1314

                                                

  4%|▍         | 27/618 [01:05<22:59,  2.33s/it]
  5%|▍         | 28/618 [01:05<22:47,  2.32s/it]2026-09-22 08:31:51,479 INFO [rev_util_verifiability|paper_align|Qwen3-0.6B] step=28 epoch=0.1363

                                                

  5%|▍         | 28/618 [01:06<22:47,  2.32s/it]2026-09-22 08:31:52,042 INFO [rev_util_verifiability|paper_align|Qwen3-0.6B] step=28 epoch=0.1363

                                                

  5%|▍         | 28/618 [01:06<22:47,  2.32s/it]2026-09-22 08:31:52,617 INFO [rev_util_verifiability|paper_align|Qwen3-0.6B] step=28 epoch=0.1363

                                                

  5%|▍         | 28/618 [01:07<22:47,  2.32s/it]2026-09-22 08:31:53,233 INFO [rev_util_verifiability|paper_align|Qwen3-0.6B] step=28 epoch=0.1363

                                                

  5%|▍         | 28/618 [01:07<22:47,  2.32s/it]
  5%|▍         | 29/618 [01:08<22:51,  2.33s/it]2026-09-22 08:31:53,835 INFO [rev_util_verifiability|paper_align|Qwen3-0.6B] step=29 epoch=0.1411

                                                

  5%|▍         | 29/618 [01:08<22:51,  2.33s/it]2026-09-22 08:31:54,403 INFO [rev_util_verifiability|paper_align|Qwen3-0.6B] step=29 epoch=0.1411

                                                

  5%|▍         | 29/618 [01:09<22:51,  2.33s/it]2026-09-22 08:31:54,969 INFO [rev_util_verifiability|paper_align|Qwen3-0.6B] step=29 epoch=0.1411

                                                

  5%|▍         | 29/618 [01:09<22:51,  2.33s/it]2026-09-22 08:31:55,534 INFO [rev_util_verifiability|paper_align|Qwen3-0.6B] step=29 epoch=0.1411

                                                

  5%|▍         | 29/618 [01:10<22:51,  2.33s/it]
  5%|▍         | 30/618 [01:10<22:43,  2.32s/it]2026-09-22 08:31:55,925 INFO [rev_util_verifiability|paper_align|Qwen3-0.6B] step=30 loss=1.3554 learning_rate=0.0001 epoch=0.1460

                                                

  5%|▍         | 30/618 [01:10<22:43,  2.32s/it]2026-09-22 08:31:56,143 INFO [rev_util_verifiability|paper_align|Qwen3-0.6B] step=30 epoch=0.1460

                                                

  5%|▍         | 30/618 [01:10<22:43,  2.32s/it]2026-09-22 08:31:57,080 INFO [rev_util_verifiability|paper_align|Qwen3-0.6B] step=30 epoch=0.1460

                                                

  5%|▍         | 30/618 [01:11<22:43,  2.32s/it]2026-09-22 08:31:57,683 INFO [rev_util_verifiability|paper_align|Qwen3-0.6B] step=30 epoch=0.1460

                                                

  5%|▍         | 30/618 [01:12<22:43,  2.32s/it]2026-09-22 08:31:58,274 INFO [rev_util_verifiability|paper_align|Qwen3-0.6B] step=30 epoch=0.1460

                                                

  5%|▍         | 30/618 [01:12<22:43,  2.32s/it]
  5%|▌         | 31/618 [01:13<23:46,  2.43s/it]2026-09-22 08:31:58,801 INFO [rev_util_verifiability|paper_align|Qwen3-0.6B] step=31 epoch=0.1509

                                                

  5%|▌         | 31/618 [01:13<23:46,  2.43s/it]2026-09-22 08:31:59,280 INFO [rev_util_verifiability|paper_align|Qwen3-0.6B] step=31 epoch=0.1509

                                                

  5%|▌         | 31/618 [01:13<23:46,  2.43s/it]2026-09-22 08:31:59,750 INFO [rev_util_verifiability|paper_align|Qwen3-0.6B] step=31 epoch=0.1509

                                                

  5%|▌         | 31/618 [01:14<23:46,  2.43s/it]2026-09-22 08:32:00,219 INFO [rev_util_verifiability|paper_align|Qwen3-0.6B] step=31 epoch=0.1509

                                                

  5%|▌         | 31/618 [01:14<23:46,  2.43s/it]
  5%|▌         | 32/618 [01:15<22:17,  2.28s/it]2026-09-22 08:32:00,727 INFO [rev_util_verifiability|paper_align|Qwen3-0.6B] step=32 epoch=0.1557

                                                

  5%|▌         | 32/618 [01:15<22:17,  2.28s/it]2026-09-22 08:32:01,192 INFO [rev_util_verifiability|paper_align|Qwen3-0.6B] step=32 epoch=0.1557

                                                

  5%|▌         | 32/618 [01:15<22:17,  2.28s/it]2026-09-22 08:32:01,734 INFO [rev_util_verifiability|paper_align|Qwen3-0.6B] step=32 epoch=0.1557

                                                

  5%|▌         | 32/618 [01:16<22:17,  2.28s/it]2026-09-22 08:32:02,285 INFO [rev_util_verifiability|paper_align|Qwen3-0.6B] step=32 epoch=0.1557

                                                

  5%|▌         | 32/618 [01:16<22:17,  2.28s/it]
  5%|▌         | 33/618 [01:17<21:45,  2.23s/it]2026-09-22 08:32:02,867 INFO [rev_util_verifiability|paper_align|Qwen3-0.6B] step=33 epoch=0.1606

                                                

  5%|▌         | 33/618 [01:17<21:45,  2.23s/it]2026-09-22 08:32:03,420 INFO [rev_util_verifiability|paper_align|Qwen3-0.6B] step=33 epoch=0.1606

                                                

  5%|▌         | 33/618 [01:18<21:45,  2.23s/it]2026-09-22 08:32:03,969 INFO [rev_util_verifiability|paper_align|Qwen3-0.6B] step=33 epoch=0.1606

                                                

  5%|▌         | 33/618 [01:18<21:45,  2.23s/it]2026-09-22 08:32:04,526 INFO [rev_util_verifiability|paper_align|Qwen3-0.6B] step=33 epoch=0.1606

                                                

  5%|▌         | 33/618 [01:19<21:45,  2.23s/it]
  6%|▌         | 34/618 [01:19<21:47,  2.24s/it]2026-09-22 08:32:05,131 INFO [rev_util_verifiability|paper_align|Qwen3-0.6B] step=34 epoch=0.1655

                                                

  6%|▌         | 34/618 [01:19<21:47,  2.24s/it]2026-09-22 08:32:05,680 INFO [rev_util_verifiability|paper_align|Qwen3-0.6B] step=34 epoch=0.1655

                                                

  6%|▌         | 34/618 [01:20<21:47,  2.24s/it]2026-09-22 08:32:06,233 INFO [rev_util_verifiability|paper_align|Qwen3-0.6B] step=34 epoch=0.1655

                                                

  6%|▌         | 34/618 [01:20<21:47,  2.24s/it]2026-09-22 08:32:06,792 INFO [rev_util_verifiability|paper_align|Qwen3-0.6B] step=34 epoch=0.1655

                                                

  6%|▌         | 34/618 [01:21<21:47,  2.24s/it]
  6%|▌         | 35/618 [01:21<21:52,  2.25s/it]2026-09-22 08:32:07,703 INFO [rev_util_verifiability|paper_align|Qwen3-0.6B] step=35 epoch=0.1703

                                                

  6%|▌         | 35/618 [01:22<21:52,  2.25s/it]2026-09-22 08:32:08,247 INFO [rev_util_verifiability|paper_align|Qwen3-0.6B] step=35 epoch=0.1703

                                                

  6%|▌         | 35/618 [01:22<21:52,  2.25s/it]2026-09-22 08:32:08,792 INFO [rev_util_verifiability|paper_align|Qwen3-0.6B] step=35 epoch=0.1703

                                                

  6%|▌         | 35/618 [01:23<21:52,  2.25s/it]2026-09-22 08:32:09,348 INFO [rev_util_verifiability|paper_align|Qwen3-0.6B] step=35 epoch=0.1703

                                                

  6%|▌         | 35/618 [01:24<21:52,  2.25s/it]
  6%|▌         | 36/618 [01:24<22:41,  2.34s/it]2026-09-22 08:32:09,954 INFO [rev_util_verifiability|paper_align|Qwen3-0.6B] step=36 epoch=0.1752

                                                

  6%|▌         | 36/618 [01:24<22:41,  2.34s/it]2026-09-22 08:32:10,510 INFO [rev_util_verifiability|paper_align|Qwen3-0.6B] step=36 epoch=0.1752

                                                

  6%|▌         | 36/618 [01:25<22:41,  2.34s/it]2026-09-22 08:32:11,079 INFO [rev_util_verifiability|paper_align|Qwen3-0.6B] step=36 epoch=0.1752

                                                

  6%|▌         | 36/618 [01:25<22:41,  2.34s/it]2026-09-22 08:32:11,645 INFO [rev_util_verifiability|paper_align|Qwen3-0.6B] step=36 epoch=0.1752

                                                

  6%|▌         | 36/618 [01:26<22:41,  2.34s/it]
  6%|▌         | 37/618 [01:26<22:31,  2.33s/it]2026-09-22 08:32:12,246 INFO [rev_util_verifiability|paper_align|Qwen3-0.6B] step=37 epoch=0.1800

                                                

  6%|▌         | 37/618 [01:26<22:31,  2.33s/it]2026-09-22 08:32:12,806 INFO [rev_util_verifiability|paper_align|Qwen3-0.6B] step=37 epoch=0.1800

                                                

  6%|▌         | 37/618 [01:27<22:31,  2.33s/it]2026-09-22 08:32:13,378 INFO [rev_util_verifiability|paper_align|Qwen3-0.6B] step=37 epoch=0.1800

                                                

  6%|▌         | 37/618 [01:28<22:31,  2.33s/it]2026-09-22 08:32:13,955 INFO [rev_util_verifiability|paper_align|Qwen3-0.6B] step=37 epoch=0.1800

                                                

  6%|▌         | 37/618 [01:28<22:31,  2.33s/it]
  6%|▌         | 38/618 [01:29<22:27,  2.32s/it]2026-09-22 08:32:14,565 INFO [rev_util_verifiability|paper_align|Qwen3-0.6B] step=38 epoch=0.1849

                                                

  6%|▌         | 38/618 [01:29<22:27,  2.32s/it]2026-09-22 08:32:15,122 INFO [rev_util_verifiability|paper_align|Qwen3-0.6B] step=38 epoch=0.1849

                                                

  6%|▌         | 38/618 [01:29<22:27,  2.32s/it]2026-09-22 08:32:15,685 INFO [rev_util_verifiability|paper_align|Qwen3-0.6B] step=38 epoch=0.1849

                                                

  6%|▌         | 38/618 [01:30<22:27,  2.32s/it]2026-09-22 08:32:16,255 INFO [rev_util_verifiability|paper_align|Qwen3-0.6B] step=38 epoch=0.1849

                                                

  6%|▌         | 38/618 [01:30<22:27,  2.32s/it]
  6%|▋         | 39/618 [01:31<22:20,  2.32s/it]2026-09-22 08:32:16,859 INFO [rev_util_verifiability|paper_align|Qwen3-0.6B] step=39 epoch=0.1898

                                                

  6%|▋         | 39/618 [01:31<22:20,  2.32s/it]2026-09-22 08:32:17,411 INFO [rev_util_verifiability|paper_align|Qwen3-0.6B] step=39 epoch=0.1898

                                                

  6%|▋         | 39/618 [01:32<22:20,  2.32s/it]2026-09-22 08:32:17,987 INFO [rev_util_verifiability|paper_align|Qwen3-0.6B] step=39 epoch=0.1898

                                                

  6%|▋         | 39/618 [01:32<22:20,  2.32s/it]2026-09-22 08:32:18,559 INFO [rev_util_verifiability|paper_align|Qwen3-0.6B] step=39 epoch=0.1898

                                                

  6%|▋         | 39/618 [01:33<22:20,  2.32s/it]
  6%|▋         | 40/618 [01:33<22:14,  2.31s/it]2026-09-22 08:32:18,948 INFO [rev_util_verifiability|paper_align|Qwen3-0.6B] step=40 loss=1.2573 learning_rate=0.0001 epoch=0.1946

                                                

  6%|▋         | 40/618 [01:33<22:14,  2.31s/it]2026-09-22 08:32:19,162 INFO [rev_util_verifiability|paper_align|Qwen3-0.6B] step=40 epoch=0.1946

                                                

  6%|▋         | 40/618 [01:33<22:14,  2.31s/it]2026-09-22 08:32:19,998 INFO [rev_util_verifiability|paper_align|Qwen3-0.6B] step=40 epoch=0.1946

                                                

  6%|▋         | 40/618 [01:34<22:14,  2.31s/it]2026-09-22 08:32:20,579 INFO [rev_util_verifiability|paper_align|Qwen3-0.6B] step=40 epoch=0.1946

                                                

  6%|▋         | 40/618 [01:35<22:14,  2.31s/it]2026-09-22 08:32:21,167 INFO [rev_util_verifiability|paper_align|Qwen3-0.6B] step=40 epoch=0.1946

                                                

  6%|▋         | 40/618 [01:35<22:14,  2.31s/it]
  7%|▋         | 41/618 [01:36<23:05,  2.40s/it]2026-09-22 08:32:21,782 INFO [rev_util_verifiability|paper_align|Qwen3-0.6B] step=41 epoch=0.1995

                                                

  7%|▋         | 41/618 [01:36<23:05,  2.40s/it]2026-09-22 08:32:22,347 INFO [rev_util_verifiability|paper_align|Qwen3-0.6B] step=41 epoch=0.1995

                                                

  7%|▋         | 41/618 [01:37<23:05,  2.40s/it]2026-09-22 08:32:22,913 INFO [rev_util_verifiability|paper_align|Qwen3-0.6B] step=41 epoch=0.1995

                                                

  7%|▋         | 41/618 [01:37<23:05,  2.40s/it]2026-09-22 08:32:23,497 INFO [rev_util_verifiability|paper_align|Qwen3-0.6B] step=41 epoch=0.1995

                                                

  7%|▋         | 41/618 [01:38<23:05,  2.40s/it]
  7%|▋         | 42/618 [01:38<22:51,  2.38s/it]2026-09-22 08:32:24,100 INFO [rev_util_verifiability|paper_align|Qwen3-0.6B] step=42 epoch=0.2044

                                                

  7%|▋         | 42/618 [01:38<22:51,  2.38s/it]2026-09-22 08:32:24,651 INFO [rev_util_verifiability|paper_align|Qwen3-0.6B] step=42 epoch=0.2044

                                                

  7%|▋         | 42/618 [01:39<22:51,  2.38s/it]2026-09-22 08:32:25,208 INFO [rev_util_verifiability|paper_align|Qwen3-0.6B] step=42 epoch=0.2044

                                                

  7%|▋         | 42/618 [01:39<22:51,  2.38s/it]2026-09-22 08:32:25,764 INFO [rev_util_verifiability|paper_align|Qwen3-0.6B] step=42 epoch=0.2044

                                                
{'paper_align_label_loss': '0.1632', 'paper_align_reason_loss': '0.6387', 'epoch': '0.1022'}
{'paper_align_label_loss': '0.06261', 'paper_align_reason_loss': '0.3511', 'epoch': '0.1022'}
{'paper_align_label_loss': '0.1331', 'paper_align_reason_loss': '0.5364', 'epoch': '0.1071'}
{'paper_align_label_loss': '0.138', 'paper_align_reason_loss': '0.8885', 'epoch': '0.1071'}
{'paper_align_label_loss': '0.1134', 'paper_align_reason_loss': '0.6184', 'epoch': '0.1071'}
{'paper_align_label_loss': '0.1303', 'paper_align_reason_loss': '0.549', 'epoch': '0.1071'}
{'paper_align_label_loss': '0.1674', 'paper_align_reason_loss': '0.6655', 'epoch': '0.1119'}
{'paper_align_label_loss': '0.1235', 'paper_align_reason_loss': '0.8959', 'epoch': '0.1119'}
{'paper_align_label_loss': '0.1088', 'paper_align_reason_loss': '0.5958', 'epoch': '0.1119'}
{'paper_align_label_loss': '0.1302', 'paper_align_reason_loss': '0.5136', 'epoch': '0.1119'}
{'paper_align_label_loss': '0.1769', 'paper_align_reason_loss': '0.6656', 'epoch': '0.1168'}
{'paper_align_label_loss': '0.1968', 'paper_align_reason_loss': '0.5858', 'epoch': '0.1168'}
{'paper_align_label_loss': '0.1292', 'paper_align_reason_loss': '0.5996', 'epoch': '0.1168'}
{'paper_align_label_loss': '0.123', 'paper_align_reason_loss': '0.7575', 'epoch': '0.1168'}
{'paper_align_label_loss': '0.1153', 'paper_align_reason_loss': '0.2593', 'epoch': '0.1217'}
{'paper_align_label_loss': '0.06534', 'paper_align_reason_loss': '0.434', 'epoch': '0.1217'}
{'paper_align_label_loss': '0.06427', 'paper_align_reason_loss': '0.7361', 'epoch': '0.1217'}
{'paper_align_label_loss': '0.1118', 'paper_align_reason_loss': '0.4592', 'epoch': '0.1217'}
{'paper_align_label_loss': '0.05334', 'paper_align_reason_loss': '0.5216', 'epoch': '0.1265'}
{'paper_align_label_loss': '0.07308', 'paper_align_reason_loss': '0.5993', 'epoch': '0.1265'}
{'paper_align_label_loss': '0.004801', 'paper_align_reason_loss': '0.2674', 'epoch': '0.1265'}
{'paper_align_label_loss': '0.06994', 'paper_align_reason_loss': '0.5727', 'epoch': '0.1265'}
{'paper_align_label_loss': '0.003825', 'paper_align_reason_loss': '0.4906', 'epoch': '0.1314'}
{'paper_align_label_loss': '0.1173', 'paper_align_reason_loss': '0.5049', 'epoch': '0.1314'}
{'paper_align_label_loss': '0.08595', 'paper_align_reason_loss': '0.5109', 'epoch': '0.1314'}
{'paper_align_label_loss': '0.0194', 'paper_align_reason_loss': '0.3169', 'epoch': '0.1314'}
{'paper_align_label_loss': '0.1183', 'paper_align_reason_loss': '0.5038', 'epoch': '0.1363'}
{'paper_align_label_loss': '0.06695', 'paper_align_reason_loss': '0.4646', 'epoch': '0.1363'}
{'paper_align_label_loss': '0.04005', 'paper_align_reason_loss': '0.3923', 'epoch': '0.1363'}
{'paper_align_label_loss': '0.00361', 'paper_align_reason_loss': '0.3859', 'epoch': '0.1363'}
{'paper_align_label_loss': '0.03613', 'paper_align_reason_loss': '0.321', 'epoch': '0.1411'}
{'paper_align_label_loss': '0.1108', 'paper_align_reason_loss': '0.5689', 'epoch': '0.1411'}
{'paper_align_label_loss': '0.04435', 'paper_align_reason_loss': '0.4475', 'epoch': '0.1411'}
{'paper_align_label_loss': '0.1758', 'paper_align_reason_loss': '0.6201', 'epoch': '0.1411'}
{'loss': '1.355', 'grad_norm': '7.16', 'learning_rate': '9.993e-05', 'epoch': '0.146'}
{'paper_align_label_loss': '0.001185', 'paper_align_reason_loss': '0.1879', 'epoch': '0.146'}
{'paper_align_label_loss': '0.03117', 'paper_align_reason_loss': '0.519', 'epoch': '0.146'}
{'paper_align_label_loss': '0.07635', 'paper_align_reason_loss': '0.4828', 'epoch': '0.146'}
{'paper_align_label_loss': '0.1051', 'paper_align_reason_loss': '0.5866', 'epoch': '0.146'}
{'paper_align_label_loss': '0.03471', 'paper_align_reason_loss': '0.5561', 'epoch': '0.1509'}
{'paper_align_label_loss': '0.1682', 'paper_align_reason_loss': '0.5375', 'epoch': '0.1509'}
{'paper_align_label_loss': '0.0004364', 'paper_align_reason_loss': '0.4638', 'epoch': '0.1509'}
{'paper_align_label_loss': '0.2172', 'paper_align_reason_loss': '0.6345', 'epoch': '0.1509'}
{'paper_align_label_loss': '0.6159', 'paper_align_reason_loss': '0.6644', 'epoch': '0.1557'}
{'paper_align_label_loss': '0.2028', 'paper_align_reason_loss': '0.3188', 'epoch': '0.1557'}
{'paper_align_label_loss': '0.06248', 'paper_align_reason_loss': '0.549', 'epoch': '0.1557'}
{'paper_align_label_loss': '0.4501', 'paper_align_reason_loss': '0.5939', 'epoch': '0.1557'}
{'paper_align_label_loss': '0.1903', 'paper_align_reason_loss': '0.2567', 'epoch': '0.1606'}
{'paper_align_label_loss': '0.3361', 'paper_align_reason_loss': '0.5035', 'epoch': '0.1606'}
{'paper_align_label_loss': '0.1507', 'paper_align_reason_loss': '0.2364', 'epoch': '0.1606'}
{'paper_align_label_loss': '0.2288', 'paper_align_reason_loss': '0.49', 'epoch': '0.1606'}
{'paper_align_label_loss': '0.2544', 'paper_align_reason_loss': '0.6122', 'epoch': '0.1655'}
{'paper_align_label_loss': '0.1241', 'paper_align_reason_loss': '0.5322', 'epoch': '0.1655'}
{'paper_align_label_loss': '0.05352', 'paper_align_reason_loss': '0.5781', 'epoch': '0.1655'}
{'paper_align_label_loss': '0.2084', 'paper_align_reason_loss': '0.5845', 'epoch': '0.1655'}
{'paper_align_label_loss': '0.07668', 'paper_align_reason_loss': '0.4813', 'epoch': '0.1703'}
{'paper_align_label_loss': '0.0499', 'paper_align_reason_loss': '0.6034', 'epoch': '0.1703'}
{'paper_align_label_loss': '0.06941', 'paper_align_reason_loss': '0.3981', 'epoch': '0.1703'}
{'paper_align_label_loss': '0.1635', 'paper_align_reason_loss': '0.4372', 'epoch': '0.1703'}
{'paper_align_label_loss': '0.1544', 'paper_align_reason_loss': '0.1871', 'epoch': '0.1752'}
{'paper_align_label_loss': '0.02186', 'paper_align_reason_loss': '0.2887', 'epoch': '0.1752'}
{'paper_align_label_loss': '0.06594', 'paper_align_reason_loss': '0.4883', 'epoch': '0.1752'}
{'paper_align_label_loss': '0.01743', 'paper_align_reason_loss': '0.525', 'epoch': '0.1752'}
{'paper_align_label_loss': '0.452', 'paper_align_reason_loss': '0.4575', 'epoch': '0.18'}
{'paper_align_label_loss': '7.057e-05', 'paper_align_reason_loss': '0.1528', 'epoch': '0.18'}
{'paper_align_label_loss': '0.1841', 'paper_align_reason_loss': '0.4531', 'epoch': '0.18'}
{'paper_align_label_loss': '0.03009', 'paper_align_reason_loss': '0.5723', 'epoch': '0.18'}
{'paper_align_label_loss': '0.3855', 'paper_align_reason_loss': '0.6767', 'epoch': '0.1849'}
{'paper_align_label_loss': '0.3847', 'paper_align_reason_loss': '0.4725', 'epoch': '0.1849'}
{'paper_align_label_loss': '0.6573', 'paper_align_reason_loss': '0.6281', 'epoch': '0.1849'}
{'paper_align_label_loss': '0.09457', 'paper_align_reason_loss': '0.4104', 'epoch': '0.1849'}
{'paper_align_label_loss': '0.0006359', 'paper_align_reason_loss': '0.1644', 'epoch': '0.1898'}
{'paper_align_label_loss': '0.3602', 'paper_align_reason_loss': '0.2051', 'epoch': '0.1898'}
{'paper_align_label_loss': '0.09703', 'paper_align_reason_loss': '0.5181', 'epoch': '0.1898'}
{'paper_align_label_loss': '0.04371', 'paper_align_reason_loss': '0.3183', 'epoch': '0.1898'}
{'loss': '1.257', 'grad_norm': '4.528', 'learning_rate': '9.973e-05', 'epoch': '0.1946'}
{'paper_align_label_loss': '0.08273', 'paper_align_reason_loss': '0.5321', 'epoch': '0.1946'}
{'paper_align_label_loss': '0.1226', 'paper_align_reason_loss': '0.5111', 'epoch': '0.1946'}
{'paper_align_label_loss': '0.07245', 'paper_align_reason_loss': '0.442', 'epoch': '0.1946'}
{'paper_align_label_loss': '0.2407', 'paper_align_reason_loss': '0.336', 'epoch': '0.1946'}
{'paper_align_label_loss': '0.1399', 'paper_align_reason_loss': '0.5291', 'epoch': '0.1995'}
{'paper_align_label_loss': '0.6098', 'paper_align_reason_loss': '0.4969', 'epoch': '0.1995'}
{'paper_align_label_loss': '0.01312', 'paper_align_reason_loss': '0.1939', 'epoch': '0.1995'}
{'paper_align_label_loss': '0.05313', 'paper_align_reason_loss': '0.4633', 'epoch': '0.1995'}
{'paper_align_label_loss': '0.03159', 'paper_align_reason_loss': '0.1558', 'epoch': '0.2044'}
{'paper_align_label_loss': '0.09736', 'paper_align_reason_loss': '0.5592', 'epoch': '0.2044'}
{'paper_align_label_loss': '0.1352', 'paper_align_reason_loss': '0.4318', 'epoch': '0.2044'}

  7%|▋         | 42/618 [01:40<22:51,  2.38s/it]
  7%|▋         | 43/618 [01:40<22:28,  2.35s/it]2026-09-22 08:32:26,386 INFO [rev_util_verifiability|paper_align|Qwen3-0.6B] step=43 epoch=0.2092

                                                

  7%|▋         | 43/618 [01:41<22:28,  2.35s/it]2026-09-22 08:32:26,946 INFO [rev_util_verifiability|paper_align|Qwen3-0.6B] step=43 epoch=0.2092

                                                

  7%|▋         | 43/618 [01:41<22:28,  2.35s/it]2026-09-22 08:32:27,500 INFO [rev_util_verifiability|paper_align|Qwen3-0.6B] step=43 epoch=0.2092

                                                

  7%|▋         | 43/618 [01:42<22:28,  2.35s/it]2026-09-22 08:32:28,059 INFO [rev_util_verifiability|paper_align|Qwen3-0.6B] step=43 epoch=0.2092

                                                

  7%|▋         | 43/618 [01:42<22:28,  2.35s/it]
  7%|▋         | 44/618 [01:43<22:17,  2.33s/it]2026-09-22 08:32:28,660 INFO [rev_util_verifiability|paper_align|Qwen3-0.6B] step=44 epoch=0.2141

                                                

  7%|▋         | 44/618 [01:43<22:17,  2.33s/it]2026-09-22 08:32:29,216 INFO [rev_util_verifiability|paper_align|Qwen3-0.6B] step=44 epoch=0.2141

                                                

  7%|▋         | 44/618 [01:43<22:17,  2.33s/it]2026-09-22 08:32:29,784 INFO [rev_util_verifiability|paper_align|Qwen3-0.6B] step=44 epoch=0.2141

                                                

  7%|▋         | 44/618 [01:44<22:17,  2.33s/it]2026-09-22 08:32:30,352 INFO [rev_util_verifiability|paper_align|Qwen3-0.6B] step=44 epoch=0.2141

                                                

  7%|▋         | 44/618 [01:45<22:17,  2.33s/it]
  7%|▋         | 45/618 [01:45<22:12,  2.33s/it]2026-09-22 08:32:30,978 INFO [rev_util_verifiability|paper_align|Qwen3-0.6B] step=45 epoch=0.2190

                                                

  7%|▋         | 45/618 [01:45<22:12,  2.33s/it]2026-09-22 08:32:31,882 INFO [rev_util_verifiability|paper_align|Qwen3-0.6B] step=45 epoch=0.2190

                                                

  7%|▋         | 45/618 [01:46<22:12,  2.33s/it]2026-09-22 08:32:32,444 INFO [rev_util_verifiability|paper_align|Qwen3-0.6B] step=45 epoch=0.2190

                                                

  7%|▋         | 45/618 [01:47<22:12,  2.33s/it]2026-09-22 08:32:33,006 INFO [rev_util_verifiability|paper_align|Qwen3-0.6B] step=45 epoch=0.2190

                                                

  7%|▋         | 45/618 [01:47<22:12,  2.33s/it]
  7%|▋         | 46/618 [01:48<23:02,  2.42s/it]2026-09-22 08:32:33,624 INFO [rev_util_verifiability|paper_align|Qwen3-0.6B] step=46 epoch=0.2238

                                                

  7%|▋         | 46/618 [01:48<23:02,  2.42s/it]2026-09-22 08:32:34,187 INFO [rev_util_verifiability|paper_align|Qwen3-0.6B] step=46 epoch=0.2238

                                                

  7%|▋         | 46/618 [01:48<23:02,  2.42s/it]2026-09-22 08:32:34,748 INFO [rev_util_verifiability|paper_align|Qwen3-0.6B] step=46 epoch=0.2238

                                                

  7%|▋         | 46/618 [01:49<23:02,  2.42s/it]2026-09-22 08:32:35,318 INFO [rev_util_verifiability|paper_align|Qwen3-0.6B] step=46 epoch=0.2238

                                                

  7%|▋         | 46/618 [01:50<23:02,  2.42s/it]
  8%|▊         | 47/618 [01:50<22:41,  2.38s/it]2026-09-22 08:32:35,917 INFO [rev_util_verifiability|paper_align|Qwen3-0.6B] step=47 epoch=0.2287

                                                

  8%|▊         | 47/618 [01:50<22:41,  2.38s/it]2026-09-22 08:32:36,479 INFO [rev_util_verifiability|paper_align|Qwen3-0.6B] step=47 epoch=0.2287

                                                

  8%|▊         | 47/618 [01:51<22:41,  2.38s/it]2026-09-22 08:32:37,043 INFO [rev_util_verifiability|paper_align|Qwen3-0.6B] step=47 epoch=0.2287

                                                

  8%|▊         | 47/618 [01:51<22:41,  2.38s/it]2026-09-22 08:32:37,616 INFO [rev_util_verifiability|paper_align|Qwen3-0.6B] step=47 epoch=0.2287

                                                

  8%|▊         | 47/618 [01:52<22:41,  2.38s/it]
  8%|▊         | 48/618 [01:52<22:24,  2.36s/it]2026-09-22 08:32:38,230 INFO [rev_util_verifiability|paper_align|Qwen3-0.6B] step=48 epoch=0.2336

                                                

  8%|▊         | 48/618 [01:52<22:24,  2.36s/it]2026-09-22 08:32:38,789 INFO [rev_util_verifiability|paper_align|Qwen3-0.6B] step=48 epoch=0.2336

                                                

  8%|▊         | 48/618 [01:53<22:24,  2.36s/it]2026-09-22 08:32:39,358 INFO [rev_util_verifiability|paper_align|Qwen3-0.6B] step=48 epoch=0.2336

                                                

  8%|▊         | 48/618 [01:54<22:24,  2.36s/it]2026-09-22 08:32:39,923 INFO [rev_util_verifiability|paper_align|Qwen3-0.6B] step=48 epoch=0.2336

                                                

  8%|▊         | 48/618 [01:54<22:24,  2.36s/it]
  8%|▊         | 49/618 [01:55<22:23,  2.36s/it]2026-09-22 08:32:40,582 INFO [rev_util_verifiability|paper_align|Qwen3-0.6B] step=49 epoch=0.2384

                                                

  8%|▊         | 49/618 [01:55<22:23,  2.36s/it]2026-09-22 08:32:41,125 INFO [rev_util_verifiability|paper_align|Qwen3-0.6B] step=49 epoch=0.2384

                                                

  8%|▊         | 49/618 [01:55<22:23,  2.36s/it]2026-09-22 08:32:41,699 INFO [rev_util_verifiability|paper_align|Qwen3-0.6B] step=49 epoch=0.2384

                                                

  8%|▊         | 49/618 [01:56<22:23,  2.36s/it]2026-09-22 08:32:42,261 INFO [rev_util_verifiability|paper_align|Qwen3-0.6B] step=49 epoch=0.2384

                                                

  8%|▊         | 49/618 [01:56<22:23,  2.36s/it]
  8%|▊         | 50/618 [01:57<22:08,  2.34s/it]2026-09-22 08:32:42,660 INFO [rev_util_verifiability|paper_align|Qwen3-0.6B] step=50 loss=1.0165 learning_rate=0.0001 epoch=0.2433

                                                

  8%|▊         | 50/618 [01:57<22:08,  2.34s/it]2026-09-22 08:32:42,882 INFO [rev_util_verifiability|paper_align|Qwen3-0.6B] step=50 epoch=0.2433

                                                

  8%|▊         | 50/618 [01:57<22:08,  2.34s/it]2026-09-22 08:32:43,767 INFO [rev_util_verifiability|paper_align|Qwen3-0.6B] step=50 epoch=0.2433

                                                

  8%|▊         | 50/618 [01:58<22:08,  2.34s/it]2026-09-22 08:32:44,332 INFO [rev_util_verifiability|paper_align|Qwen3-0.6B] step=50 epoch=0.2433

                                                

  8%|▊         | 50/618 [01:59<22:08,  2.34s/it]2026-09-22 08:32:44,893 INFO [rev_util_verifiability|paper_align|Qwen3-0.6B] step=50 epoch=0.2433

                                                

  8%|▊         | 50/618 [01:59<22:08,  2.34s/it]
  8%|▊         | 51/618 [02:00<23:01,  2.44s/it]2026-09-22 08:32:45,552 INFO [rev_util_verifiability|paper_align|Qwen3-0.6B] step=51 epoch=0.2482

                                                

  8%|▊         | 51/618 [02:00<23:01,  2.44s/it]2026-09-22 08:32:46,148 INFO [rev_util_verifiability|paper_align|Qwen3-0.6B] step=51 epoch=0.2482

                                                

  8%|▊         | 51/618 [02:00<23:01,  2.44s/it]2026-09-22 08:32:46,709 INFO [rev_util_verifiability|paper_align|Qwen3-0.6B] step=51 epoch=0.2482

                                                

  8%|▊         | 51/618 [02:01<23:01,  2.44s/it]2026-09-22 08:32:47,276 INFO [rev_util_verifiability|paper_align|Qwen3-0.6B] step=51 epoch=0.2482

                                                

  8%|▊         | 51/618 [02:01<23:01,  2.44s/it]
  8%|▊         | 52/618 [02:02<22:42,  2.41s/it]2026-09-22 08:32:47,871 INFO [rev_util_verifiability|paper_align|Qwen3-0.6B] step=52 epoch=0.2530

                                                

  8%|▊         | 52/618 [02:02<22:42,  2.41s/it]2026-09-22 08:32:48,436 INFO [rev_util_verifiability|paper_align|Qwen3-0.6B] step=52 epoch=0.2530

                                                

  8%|▊         | 52/618 [02:03<22:42,  2.41s/it]2026-09-22 08:32:49,010 INFO [rev_util_verifiability|paper_align|Qwen3-0.6B] step=52 epoch=0.2530

                                                

  8%|▊         | 52/618 [02:03<22:42,  2.41s/it]2026-09-22 08:32:49,577 INFO [rev_util_verifiability|paper_align|Qwen3-0.6B] step=52 epoch=0.2530

                                                

  8%|▊         | 52/618 [02:04<22:42,  2.41s/it]
  9%|▊         | 53/618 [02:04<22:22,  2.38s/it]2026-09-22 08:32:50,185 INFO [rev_util_verifiability|paper_align|Qwen3-0.6B] step=53 epoch=0.2579

                                                

  9%|▊         | 53/618 [02:04<22:22,  2.38s/it]2026-09-22 08:32:50,748 INFO [rev_util_verifiability|paper_align|Qwen3-0.6B] step=53 epoch=0.2579

                                                

  9%|▊         | 53/618 [02:05<22:22,  2.38s/it]2026-09-22 08:32:51,315 INFO [rev_util_verifiability|paper_align|Qwen3-0.6B] step=53 epoch=0.2579

                                                

  9%|▊         | 53/618 [02:06<22:22,  2.38s/it]2026-09-22 08:32:51,898 INFO [rev_util_verifiability|paper_align|Qwen3-0.6B] step=53 epoch=0.2579

                                                

  9%|▊         | 53/618 [02:06<22:22,  2.38s/it]
  9%|▊         | 54/618 [02:06<22:11,  2.36s/it]2026-09-22 08:32:52,508 INFO [rev_util_verifiability|paper_align|Qwen3-0.6B] step=54 epoch=0.2628

                                                

  9%|▊         | 54/618 [02:07<22:11,  2.36s/it]2026-09-22 08:32:53,069 INFO [rev_util_verifiability|paper_align|Qwen3-0.6B] step=54 epoch=0.2628

                                                

  9%|▊         | 54/618 [02:07<22:11,  2.36s/it]2026-09-22 08:32:53,641 INFO [rev_util_verifiability|paper_align|Qwen3-0.6B] step=54 epoch=0.2628

                                                

  9%|▊         | 54/618 [02:08<22:11,  2.36s/it]2026-09-22 08:32:54,205 INFO [rev_util_verifiability|paper_align|Qwen3-0.6B] step=54 epoch=0.2628

                                                

  9%|▊         | 54/618 [02:08<22:11,  2.36s/it]
  9%|▉         | 55/618 [02:09<22:00,  2.34s/it]2026-09-22 08:32:54,816 INFO [rev_util_verifiability|paper_align|Qwen3-0.6B] step=55 epoch=0.2676

                                                

  9%|▉         | 55/618 [02:09<22:00,  2.34s/it]2026-09-22 08:32:55,664 INFO [rev_util_verifiability|paper_align|Qwen3-0.6B] step=55 epoch=0.2676

                                                

  9%|▉         | 55/618 [02:10<22:00,  2.34s/it]2026-09-22 08:32:56,241 INFO [rev_util_verifiability|paper_align|Qwen3-0.6B] step=55 epoch=0.2676

                                                

  9%|▉         | 55/618 [02:10<22:00,  2.34s/it]2026-09-22 08:32:56,808 INFO [rev_util_verifiability|paper_align|Qwen3-0.6B] step=55 epoch=0.2676

                                                

  9%|▉         | 55/618 [02:11<22:00,  2.34s/it]
  9%|▉         | 56/618 [02:11<22:39,  2.42s/it]2026-09-22 08:32:57,414 INFO [rev_util_verifiability|paper_align|Qwen3-0.6B] step=56 epoch=0.2725

                                                

  9%|▉         | 56/618 [02:12<22:39,  2.42s/it]2026-09-22 08:32:57,988 INFO [rev_util_verifiability|paper_align|Qwen3-0.6B] step=56 epoch=0.2725

                                                

  9%|▉         | 56/618 [02:12<22:39,  2.42s/it]2026-09-22 08:32:58,571 INFO [rev_util_verifiability|paper_align|Qwen3-0.6B] step=56 epoch=0.2725

                                                

  9%|▉         | 56/618 [02:13<22:39,  2.42s/it]2026-09-22 08:32:59,142 INFO [rev_util_verifiability|paper_align|Qwen3-0.6B] step=56 epoch=0.2725

                                                

  9%|▉         | 56/618 [02:13<22:39,  2.42s/it]
  9%|▉         | 57/618 [02:14<22:24,  2.40s/it]2026-09-22 08:32:59,758 INFO [rev_util_verifiability|paper_align|Qwen3-0.6B] step=57 epoch=0.2774

                                                

  9%|▉         | 57/618 [02:14<22:24,  2.40s/it]2026-09-22 08:33:00,351 INFO [rev_util_verifiability|paper_align|Qwen3-0.6B] step=57 epoch=0.2774

                                                

  9%|▉         | 57/618 [02:15<22:24,  2.40s/it]2026-09-22 08:33:00,924 INFO [rev_util_verifiability|paper_align|Qwen3-0.6B] step=57 epoch=0.2774

                                                

  9%|▉         | 57/618 [02:15<22:24,  2.40s/it]2026-09-22 08:33:01,511 INFO [rev_util_verifiability|paper_align|Qwen3-0.6B] step=57 epoch=0.2774

                                                

  9%|▉         | 57/618 [02:16<22:24,  2.40s/it]
  9%|▉         | 58/618 [02:16<22:17,  2.39s/it]2026-09-22 08:33:02,123 INFO [rev_util_verifiability|paper_align|Qwen3-0.6B] step=58 epoch=0.2822

                                                

  9%|▉         | 58/618 [02:16<22:17,  2.39s/it]2026-09-22 08:33:02,705 INFO [rev_util_verifiability|paper_align|Qwen3-0.6B] step=58 epoch=0.2822

                                                

  9%|▉         | 58/618 [02:17<22:17,  2.39s/it]2026-09-22 08:33:03,275 INFO [rev_util_verifiability|paper_align|Qwen3-0.6B] step=58 epoch=0.2822

                                                

  9%|▉         | 58/618 [02:17<22:17,  2.39s/it]2026-09-22 08:33:03,838 INFO [rev_util_verifiability|paper_align|Qwen3-0.6B] step=58 epoch=0.2822

                                                

  9%|▉         | 58/618 [02:18<22:17,  2.39s/it]
 10%|▉         | 59/618 [02:18<22:03,  2.37s/it]2026-09-22 08:33:04,486 INFO [rev_util_verifiability|paper_align|Qwen3-0.6B] step=59 epoch=0.2871

                                                

 10%|▉         | 59/618 [02:19<22:03,  2.37s/it]2026-09-22 08:33:05,064 INFO [rev_util_verifiability|paper_align|Qwen3-0.6B] step=59 epoch=0.2871

                                                

 10%|▉         | 59/618 [02:19<22:03,  2.37s/it]2026-09-22 08:33:05,645 INFO [rev_util_verifiability|paper_align|Qwen3-0.6B] step=59 epoch=0.2871

                                                

 10%|▉         | 59/618 [02:20<22:03,  2.37s/it]2026-09-22 08:33:06,216 INFO [rev_util_verifiability|paper_align|Qwen3-0.6B] step=59 epoch=0.2871

                                                

 10%|▉         | 59/618 [02:20<22:03,  2.37s/it]
 10%|▉         | 60/618 [02:21<22:02,  2.37s/it]2026-09-22 08:33:06,602 INFO [rev_util_verifiability|paper_align|Qwen3-0.6B] step=60 loss=0.9518 learning_rate=0.0001 epoch=0.2920

                                                

 10%|▉         | 60/618 [02:21<22:02,  2.37s/it]2026-09-22 08:33:06,825 INFO [rev_util_verifiability|paper_align|Qwen3-0.6B] step=60 epoch=0.2920

                                                

 10%|▉         | 60/618 [02:21<22:02,  2.37s/it]2026-09-22 08:33:07,387 INFO [rev_util_verifiability|paper_align|Qwen3-0.6B] step=60 epoch=0.2920

                                                

 10%|▉         | 60/618 [02:22<22:02,  2.37s/it]2026-09-22 08:33:08,231 INFO [rev_util_verifiability|paper_align|Qwen3-0.6B] step=60 epoch=0.2920

                                                

 10%|▉         | 60/618 [02:22<22:02,  2.37s/it]2026-09-22 08:33:08,804 INFO [rev_util_verifiability|paper_align|Qwen3-0.6B] step=60 epoch=0.2920

                                                

 10%|▉         | 60/618 [02:23<22:02,  2.37s/it]
 10%|▉         | 61/618 [02:23<22:37,  2.44s/it]2026-09-22 08:33:09,415 INFO [rev_util_verifiability|paper_align|Qwen3-0.6B] step=61 epoch=0.2968

                                                

 10%|▉         | 61/618 [02:24<22:37,  2.44s/it]2026-09-22 08:33:09,974 INFO [rev_util_verifiability|paper_align|Qwen3-0.6B] step=61 epoch=0.2968

                                                

 10%|▉         | 61/618 [02:24<22:37,  2.44s/it]2026-09-22 08:33:10,541 INFO [rev_util_verifiability|paper_align|Qwen3-0.6B] step=61 epoch=0.2968

                                                

 10%|▉         | 61/618 [02:25<22:37,  2.44s/it]2026-09-22 08:33:11,089 INFO [rev_util_verifiability|paper_align|Qwen3-0.6B] step=61 epoch=0.2968

                                                

 10%|▉         | 61/618 [02:25<22:37,  2.44s/it]
 10%|█         | 62/618 [02:26<22:13,  2.40s/it]2026-09-22 08:33:11,717 INFO [rev_util_verifiability|paper_align|Qwen3-0.6B] step=62 epoch=0.3017

                                                

 10%|█         | 62/618 [02:26<22:13,  2.40s/it]2026-09-22 08:33:12,269 INFO [rev_util_verifiability|paper_align|Qwen3-0.6B] step=62 epoch=0.3017

                                                

 10%|█         | 62/618 [02:26<22:13,  2.40s/it]2026-09-22 08:33:12,827 INFO [rev_util_verifiability|paper_align|Qwen3-0.6B] step=62 epoch=0.3017

                                                

 10%|█         | 62/618 [02:27<22:13,  2.40s/it]2026-09-22 08:33:13,396 INFO [rev_util_verifiability|paper_align|Qwen3-0.6B] step=62 epoch=0.3017

                                                

 10%|█         | 62/618 [02:28<22:13,  2.40s/it]
 10%|█         | 63/618 [02:28<21:52,  2.36s/it]2026-09-22 08:33:14,002 INFO [rev_util_verifiability|paper_align|Qwen3-0.6B] step=63 epoch=0.3066

                                                

 10%|█         | 63/618 [02:28<21:52,  2.36s/it]2026-09-22 08:33:14,565 INFO [rev_util_verifiability|paper_align|Qwen3-0.6B] step=63 epoch=0.3066

                                                

 10%|█         | 63/618 [02:29<21:52,  2.36s/it]2026-09-22 08:33:15,128 INFO [rev_util_verifiability|paper_align|Qwen3-0.6B] step=63 epoch=0.3066

                                                

 10%|█         | 63/618 [02:29<21:52,  2.36s/it]2026-09-22 08:33:15,698 INFO [rev_util_verifiability|paper_align|Qwen3-0.6B] step=63 epoch=0.3066

                                                

 10%|█         | 63/618 [02:30<21:52,  2.36s/it]
 10%|█         | 64/618 [02:30<21:38,  2.34s/it]2026-09-22 08:33:16,299 INFO [rev_util_verifiability|paper_align|Qwen3-0.6B] step=64 epoch=0.3114

                                                
{'paper_align_label_loss': '0.03935', 'paper_align_reason_loss': '0.1663', 'epoch': '0.2044'}
{'paper_align_label_loss': '0.1573', 'paper_align_reason_loss': '0.4705', 'epoch': '0.2092'}
{'paper_align_label_loss': '0.06091', 'paper_align_reason_loss': '0.3423', 'epoch': '0.2092'}
{'paper_align_label_loss': '0.1144', 'paper_align_reason_loss': '0.1829', 'epoch': '0.2092'}
{'paper_align_label_loss': '0.06485', 'paper_align_reason_loss': '0.3704', 'epoch': '0.2092'}
{'paper_align_label_loss': '0.07651', 'paper_align_reason_loss': '0.4014', 'epoch': '0.2141'}
{'paper_align_label_loss': '0.03942', 'paper_align_reason_loss': '0.2689', 'epoch': '0.2141'}
{'paper_align_label_loss': '0.1265', 'paper_align_reason_loss': '0.7078', 'epoch': '0.2141'}
{'paper_align_label_loss': '0.1411', 'paper_align_reason_loss': '0.5787', 'epoch': '0.2141'}
{'paper_align_label_loss': '0.06031', 'paper_align_reason_loss': '0.3539', 'epoch': '0.219'}
{'paper_align_label_loss': '0.1145', 'paper_align_reason_loss': '0.4346', 'epoch': '0.219'}
{'paper_align_label_loss': '0.02184', 'paper_align_reason_loss': '0.328', 'epoch': '0.219'}
{'paper_align_label_loss': '0.07826', 'paper_align_reason_loss': '0.5269', 'epoch': '0.219'}
{'paper_align_label_loss': '0.3216', 'paper_align_reason_loss': '0.2752', 'epoch': '0.2238'}
{'paper_align_label_loss': '0.07722', 'paper_align_reason_loss': '0.5481', 'epoch': '0.2238'}
{'paper_align_label_loss': '0.01178', 'paper_align_reason_loss': '0.2477', 'epoch': '0.2238'}
{'paper_align_label_loss': '0.2334', 'paper_align_reason_loss': '0.402', 'epoch': '0.2238'}
{'paper_align_label_loss': '0.06805', 'paper_align_reason_loss': '0.3131', 'epoch': '0.2287'}
{'paper_align_label_loss': '0.06103', 'paper_align_reason_loss': '0.488', 'epoch': '0.2287'}
{'paper_align_label_loss': '0.3373', 'paper_align_reason_loss': '0.4619', 'epoch': '0.2287'}
{'paper_align_label_loss': '0.1721', 'paper_align_reason_loss': '0.5474', 'epoch': '0.2287'}
{'paper_align_label_loss': '0.1013', 'paper_align_reason_loss': '0.2719', 'epoch': '0.2336'}
{'paper_align_label_loss': '0.04079', 'paper_align_reason_loss': '0.2497', 'epoch': '0.2336'}
{'paper_align_label_loss': '0.05311', 'paper_align_reason_loss': '0.3302', 'epoch': '0.2336'}
{'paper_align_label_loss': '0.01095', 'paper_align_reason_loss': '0.2367', 'epoch': '0.2336'}
{'paper_align_label_loss': '0.007924', 'paper_align_reason_loss': '0.3088', 'epoch': '0.2384'}
{'paper_align_label_loss': '0.06344', 'paper_align_reason_loss': '0.3435', 'epoch': '0.2384'}
{'paper_align_label_loss': '0.2901', 'paper_align_reason_loss': '0.3795', 'epoch': '0.2384'}
{'paper_align_label_loss': '0.146', 'paper_align_reason_loss': '0.4521', 'epoch': '0.2384'}
{'loss': '1.016', 'grad_norm': '5.093', 'learning_rate': '9.938e-05', 'epoch': '0.2433'}
{'paper_align_label_loss': '0.02869', 'paper_align_reason_loss': '0.1674', 'epoch': '0.2433'}
{'paper_align_label_loss': '0.2786', 'paper_align_reason_loss': '0.5673', 'epoch': '0.2433'}
{'paper_align_label_loss': '0.1478', 'paper_align_reason_loss': '0.3822', 'epoch': '0.2433'}
{'paper_align_label_loss': '0.1057', 'paper_align_reason_loss': '0.3937', 'epoch': '0.2433'}
{'paper_align_label_loss': '0.1457', 'paper_align_reason_loss': '0.3536', 'epoch': '0.2482'}
{'paper_align_label_loss': '0.1401', 'paper_align_reason_loss': '0.5253', 'epoch': '0.2482'}
{'paper_align_label_loss': '0.1331', 'paper_align_reason_loss': '0.4384', 'epoch': '0.2482'}
{'paper_align_label_loss': '0.1722', 'paper_align_reason_loss': '0.2893', 'epoch': '0.2482'}
{'paper_align_label_loss': '0.0462', 'paper_align_reason_loss': '0.3487', 'epoch': '0.253'}
{'paper_align_label_loss': '0.01348', 'paper_align_reason_loss': '0.1918', 'epoch': '0.253'}
{'paper_align_label_loss': '0.1462', 'paper_align_reason_loss': '0.4696', 'epoch': '0.253'}
{'paper_align_label_loss': '0.1532', 'paper_align_reason_loss': '0.2646', 'epoch': '0.253'}
{'paper_align_label_loss': '0.1227', 'paper_align_reason_loss': '0.4998', 'epoch': '0.2579'}
{'paper_align_label_loss': '0.01747', 'paper_align_reason_loss': '0.1976', 'epoch': '0.2579'}
{'paper_align_label_loss': '0.1831', 'paper_align_reason_loss': '0.4665', 'epoch': '0.2579'}
{'paper_align_label_loss': '0.2346', 'paper_align_reason_loss': '0.3884', 'epoch': '0.2579'}
{'paper_align_label_loss': '0.08472', 'paper_align_reason_loss': '0.3863', 'epoch': '0.2628'}
{'paper_align_label_loss': '0.009965', 'paper_align_reason_loss': '0.1845', 'epoch': '0.2628'}
{'paper_align_label_loss': '0.261', 'paper_align_reason_loss': '0.3308', 'epoch': '0.2628'}
{'paper_align_label_loss': '0.1164', 'paper_align_reason_loss': '0.1223', 'epoch': '0.2628'}
{'paper_align_label_loss': '0.09665', 'paper_align_reason_loss': '0.4297', 'epoch': '0.2676'}
{'paper_align_label_loss': '0.1416', 'paper_align_reason_loss': '0.3117', 'epoch': '0.2676'}
{'paper_align_label_loss': '0.1394', 'paper_align_reason_loss': '0.4385', 'epoch': '0.2676'}
{'paper_align_label_loss': '0.1048', 'paper_align_reason_loss': '0.2756', 'epoch': '0.2676'}
{'paper_align_label_loss': '0.1407', 'paper_align_reason_loss': '0.4944', 'epoch': '0.2725'}
{'paper_align_label_loss': '0.1865', 'paper_align_reason_loss': '0.4197', 'epoch': '0.2725'}
{'paper_align_label_loss': '0.1879', 'paper_align_reason_loss': '0.4282', 'epoch': '0.2725'}
{'paper_align_label_loss': '0.04304', 'paper_align_reason_loss': '0.3157', 'epoch': '0.2725'}
{'paper_align_label_loss': '0.09627', 'paper_align_reason_loss': '0.1458', 'epoch': '0.2774'}
{'paper_align_label_loss': '0.06216', 'paper_align_reason_loss': '0.4613', 'epoch': '0.2774'}
{'paper_align_label_loss': '0.1667', 'paper_align_reason_loss': '0.3409', 'epoch': '0.2774'}
{'paper_align_label_loss': '0.2167', 'paper_align_reason_loss': '0.5378', 'epoch': '0.2774'}
{'paper_align_label_loss': '0.003773', 'paper_align_reason_loss': '0.384', 'epoch': '0.2822'}
{'paper_align_label_loss': '0.1346', 'paper_align_reason_loss': '0.5803', 'epoch': '0.2822'}
{'paper_align_label_loss': '0.07925', 'paper_align_reason_loss': '0.2794', 'epoch': '0.2822'}
{'paper_align_label_loss': '0.1211', 'paper_align_reason_loss': '0.2847', 'epoch': '0.2822'}
{'paper_align_label_loss': '0.002158', 'paper_align_reason_loss': '0.4116', 'epoch': '0.2871'}
{'paper_align_label_loss': '0.09543', 'paper_align_reason_loss': '0.3148', 'epoch': '0.2871'}
{'paper_align_label_loss': '0.06544', 'paper_align_reason_loss': '0.3513', 'epoch': '0.2871'}
{'paper_align_label_loss': '0.01697', 'paper_align_reason_loss': '0.2203', 'epoch': '0.2871'}
{'loss': '0.9518', 'grad_norm': '3.695', 'learning_rate': '9.89e-05', 'epoch': '0.292'}
{'paper_align_label_loss': '0.04493', 'paper_align_reason_loss': '0.3577', 'epoch': '0.292'}
{'paper_align_label_loss': '0.2633', 'paper_align_reason_loss': '0.3308', 'epoch': '0.292'}
{'paper_align_label_loss': '0.1085', 'paper_align_reason_loss': '0.3833', 'epoch': '0.292'}
{'paper_align_label_loss': '0.05862', 'paper_align_reason_loss': '0.309', 'epoch': '0.292'}
{'paper_align_label_loss': '0.08965', 'paper_align_reason_loss': '0.3534', 'epoch': '0.2968'}
{'paper_align_label_loss': '0.1314', 'paper_align_reason_loss': '0.5903', 'epoch': '0.2968'}
{'paper_align_label_loss': '0.1078', 'paper_align_reason_loss': '0.3683', 'epoch': '0.2968'}
{'paper_align_label_loss': '0.2233', 'paper_align_reason_loss': '0.3677', 'epoch': '0.2968'}
{'paper_align_label_loss': '0.1752', 'paper_align_reason_loss': '0.4222', 'epoch': '0.3017'}
{'paper_align_label_loss': '0.005638', 'paper_align_reason_loss': '0.1608', 'epoch': '0.3017'}
{'paper_align_label_loss': '0.002316', 'paper_align_reason_loss': '0.2548', 'epoch': '0.3017'}
{'paper_align_label_loss': '0.2568', 'paper_align_reason_loss': '0.4496', 'epoch': '0.3017'}
{'paper_align_label_loss': '0.07091', 'paper_align_reason_loss': '0.3975', 'epoch': '0.3066'}
{'paper_align_label_loss': '0.04006', 'paper_align_reason_loss': '0.3742', 'epoch': '0.3066'}
{'paper_align_label_loss': '0.0123', 'paper_align_reason_loss': '0.2244', 'epoch': '0.3066'}
{'paper_align_label_loss': '0.1248', 'paper_align_reason_loss': '0.308', 'epoch': '0.3066'}

 10%|█         | 64/618 [02:31<21:38,  2.34s/it]2026-09-22 08:33:16,864 INFO [rev_util_verifiability|paper_align|Qwen3-0.6B] step=64 epoch=0.3114

                                                

 10%|█         | 64/618 [02:31<21:38,  2.34s/it]2026-09-22 08:33:17,424 INFO [rev_util_verifiability|paper_align|Qwen3-0.6B] step=64 epoch=0.3114

                                                

 10%|█         | 64/618 [02:32<21:38,  2.34s/it]2026-09-22 08:33:17,995 INFO [rev_util_verifiability|paper_align|Qwen3-0.6B] step=64 epoch=0.3114

                                                

 10%|█         | 64/618 [02:32<21:38,  2.34s/it]
 11%|█         | 65/618 [02:33<21:30,  2.33s/it]2026-09-22 08:33:18,606 INFO [rev_util_verifiability|paper_align|Qwen3-0.6B] step=65 epoch=0.3163

                                                

 11%|█         | 65/618 [02:33<21:30,  2.33s/it]2026-09-22 08:33:19,161 INFO [rev_util_verifiability|paper_align|Qwen3-0.6B] step=65 epoch=0.3163

                                                

 11%|█         | 65/618 [02:33<21:30,  2.33s/it]2026-09-22 08:33:20,079 INFO [rev_util_verifiability|paper_align|Qwen3-0.6B] step=65 epoch=0.3163

                                                

 11%|█         | 65/618 [02:34<21:30,  2.33s/it]2026-09-22 08:33:20,651 INFO [rev_util_verifiability|paper_align|Qwen3-0.6B] step=65 epoch=0.3163

                                                

 11%|█         | 65/618 [02:35<21:30,  2.33s/it]
 11%|█         | 66/618 [02:35<22:20,  2.43s/it]2026-09-22 08:33:21,263 INFO [rev_util_verifiability|paper_align|Qwen3-0.6B] step=66 epoch=0.3212

                                                

 11%|█         | 66/618 [02:35<22:20,  2.43s/it]2026-09-22 08:33:21,834 INFO [rev_util_verifiability|paper_align|Qwen3-0.6B] step=66 epoch=0.3212

                                                

 11%|█         | 66/618 [02:36<22:20,  2.43s/it]2026-09-22 08:33:22,417 INFO [rev_util_verifiability|paper_align|Qwen3-0.6B] step=66 epoch=0.3212

                                                

 11%|█         | 66/618 [02:37<22:20,  2.43s/it]2026-09-22 08:33:22,999 INFO [rev_util_verifiability|paper_align|Qwen3-0.6B] step=66 epoch=0.3212

                                                

 11%|█         | 66/618 [02:37<22:20,  2.43s/it]
 11%|█         | 67/618 [02:38<22:07,  2.41s/it]2026-09-22 08:33:23,624 INFO [rev_util_verifiability|paper_align|Qwen3-0.6B] step=67 epoch=0.3260

                                                

 11%|█         | 67/618 [02:38<22:07,  2.41s/it]2026-09-22 08:33:24,189 INFO [rev_util_verifiability|paper_align|Qwen3-0.6B] step=67 epoch=0.3260

                                                

 11%|█         | 67/618 [02:38<22:07,  2.41s/it]2026-09-22 08:33:24,765 INFO [rev_util_verifiability|paper_align|Qwen3-0.6B] step=67 epoch=0.3260

                                                

 11%|█         | 67/618 [02:39<22:07,  2.41s/it]2026-09-22 08:33:25,335 INFO [rev_util_verifiability|paper_align|Qwen3-0.6B] step=67 epoch=0.3260

                                                

 11%|█         | 67/618 [02:40<22:07,  2.41s/it]
 11%|█         | 68/618 [02:40<21:50,  2.38s/it]2026-09-22 08:33:25,941 INFO [rev_util_verifiability|paper_align|Qwen3-0.6B] step=68 epoch=0.3309

                                                

 11%|█         | 68/618 [02:40<21:50,  2.38s/it]2026-09-22 08:33:26,500 INFO [rev_util_verifiability|paper_align|Qwen3-0.6B] step=68 epoch=0.3309

                                                

 11%|█         | 68/618 [02:41<21:50,  2.38s/it]2026-09-22 08:33:27,062 INFO [rev_util_verifiability|paper_align|Qwen3-0.6B] step=68 epoch=0.3309

                                                

 11%|█         | 68/618 [02:41<21:50,  2.38s/it]2026-09-22 08:33:27,618 INFO [rev_util_verifiability|paper_align|Qwen3-0.6B] step=68 epoch=0.3309

                                                

 11%|█         | 68/618 [02:42<21:50,  2.38s/it]
 11%|█         | 69/618 [02:42<21:31,  2.35s/it]2026-09-22 08:33:28,227 INFO [rev_util_verifiability|paper_align|Qwen3-0.6B] step=69 epoch=0.3358

                                                

 11%|█         | 69/618 [02:42<21:31,  2.35s/it]2026-09-22 08:33:28,786 INFO [rev_util_verifiability|paper_align|Qwen3-0.6B] step=69 epoch=0.3358

                                                

 11%|█         | 69/618 [02:43<21:31,  2.35s/it]2026-09-22 08:33:29,347 INFO [rev_util_verifiability|paper_align|Qwen3-0.6B] step=69 epoch=0.3358

                                                

 11%|█         | 69/618 [02:44<21:31,  2.35s/it]2026-09-22 08:33:29,914 INFO [rev_util_verifiability|paper_align|Qwen3-0.6B] step=69 epoch=0.3358

                                                

 11%|█         | 69/618 [02:44<21:31,  2.35s/it]
 11%|█▏        | 70/618 [02:45<21:19,  2.34s/it]2026-09-22 08:33:30,310 INFO [rev_util_verifiability|paper_align|Qwen3-0.6B] step=70 loss=0.8128 learning_rate=0.0001 epoch=0.3406

                                                

 11%|█▏        | 70/618 [02:45<21:19,  2.34s/it]2026-09-22 08:33:30,537 INFO [rev_util_verifiability|paper_align|Qwen3-0.6B] step=70 epoch=0.3406

                                                

 11%|█▏        | 70/618 [02:45<21:19,  2.34s/it]2026-09-22 08:33:31,099 INFO [rev_util_verifiability|paper_align|Qwen3-0.6B] step=70 epoch=0.3406

                                                

 11%|█▏        | 70/618 [02:45<21:19,  2.34s/it]2026-09-22 08:33:31,945 INFO [rev_util_verifiability|paper_align|Qwen3-0.6B] step=70 epoch=0.3406

                                                

 11%|█▏        | 70/618 [02:46<21:19,  2.34s/it]2026-09-22 08:33:32,496 INFO [rev_util_verifiability|paper_align|Qwen3-0.6B] step=70 epoch=0.3406

                                                

 11%|█▏        | 70/618 [02:47<21:19,  2.34s/it]
 11%|█▏        | 71/618 [02:47<21:57,  2.41s/it]2026-09-22 08:33:33,088 INFO [rev_util_verifiability|paper_align|Qwen3-0.6B] step=71 epoch=0.3455

                                                

 11%|█▏        | 71/618 [02:47<21:57,  2.41s/it]2026-09-22 08:33:33,635 INFO [rev_util_verifiability|paper_align|Qwen3-0.6B] step=71 epoch=0.3455

                                                

 11%|█▏        | 71/618 [02:48<21:57,  2.41s/it]2026-09-22 08:33:34,106 INFO [rev_util_verifiability|paper_align|Qwen3-0.6B] step=71 epoch=0.3455

                                                

 11%|█▏        | 71/618 [02:48<21:57,  2.41s/it]2026-09-22 08:33:34,572 INFO [rev_util_verifiability|paper_align|Qwen3-0.6B] step=71 epoch=0.3455

                                                

 11%|█▏        | 71/618 [02:49<21:57,  2.41s/it]
 12%|█▏        | 72/618 [02:49<20:57,  2.30s/it]2026-09-22 08:33:35,152 INFO [rev_util_verifiability|paper_align|Qwen3-0.6B] step=72 epoch=0.3504

                                                

 12%|█▏        | 72/618 [02:49<20:57,  2.30s/it]2026-09-22 08:33:35,713 INFO [rev_util_verifiability|paper_align|Qwen3-0.6B] step=72 epoch=0.3504

                                                

 12%|█▏        | 72/618 [02:50<20:57,  2.30s/it]2026-09-22 08:33:36,273 INFO [rev_util_verifiability|paper_align|Qwen3-0.6B] step=72 epoch=0.3504

                                                

 12%|█▏        | 72/618 [02:50<20:57,  2.30s/it]2026-09-22 08:33:36,830 INFO [rev_util_verifiability|paper_align|Qwen3-0.6B] step=72 epoch=0.3504

                                                

 12%|█▏        | 72/618 [02:51<20:57,  2.30s/it]
 12%|█▏        | 73/618 [02:51<20:51,  2.30s/it]2026-09-22 08:33:37,425 INFO [rev_util_verifiability|paper_align|Qwen3-0.6B] step=73 epoch=0.3552

                                                

 12%|█▏        | 73/618 [02:52<20:51,  2.30s/it]2026-09-22 08:33:37,983 INFO [rev_util_verifiability|paper_align|Qwen3-0.6B] step=73 epoch=0.3552

                                                

 12%|█▏        | 73/618 [02:52<20:51,  2.30s/it]2026-09-22 08:33:38,551 INFO [rev_util_verifiability|paper_align|Qwen3-0.6B] step=73 epoch=0.3552

                                                

 12%|█▏        | 73/618 [02:53<20:51,  2.30s/it]2026-09-22 08:33:39,118 INFO [rev_util_verifiability|paper_align|Qwen3-0.6B] step=73 epoch=0.3552

                                                

 12%|█▏        | 73/618 [02:53<20:51,  2.30s/it]
 12%|█▏        | 74/618 [02:54<20:48,  2.30s/it]2026-09-22 08:33:39,733 INFO [rev_util_verifiability|paper_align|Qwen3-0.6B] step=74 epoch=0.3601

                                                

 12%|█▏        | 74/618 [02:54<20:48,  2.30s/it]2026-09-22 08:33:40,299 INFO [rev_util_verifiability|paper_align|Qwen3-0.6B] step=74 epoch=0.3601

                                                

 12%|█▏        | 74/618 [02:55<20:48,  2.30s/it]2026-09-22 08:33:40,868 INFO [rev_util_verifiability|paper_align|Qwen3-0.6B] step=74 epoch=0.3601

                                                

 12%|█▏        | 74/618 [02:55<20:48,  2.30s/it]2026-09-22 08:33:41,435 INFO [rev_util_verifiability|paper_align|Qwen3-0.6B] step=74 epoch=0.3601

                                                

 12%|█▏        | 74/618 [02:56<20:48,  2.30s/it]
 12%|█▏        | 75/618 [02:56<20:50,  2.30s/it]2026-09-22 08:33:42,047 INFO [rev_util_verifiability|paper_align|Qwen3-0.6B] step=75 epoch=0.3650

                                                

 12%|█▏        | 75/618 [02:56<20:50,  2.30s/it]2026-09-22 08:33:42,613 INFO [rev_util_verifiability|paper_align|Qwen3-0.6B] step=75 epoch=0.3650

                                                

 12%|█▏        | 75/618 [02:57<20:50,  2.30s/it]2026-09-22 08:33:43,185 INFO [rev_util_verifiability|paper_align|Qwen3-0.6B] step=75 epoch=0.3650

                                                

 12%|█▏        | 75/618 [02:57<20:50,  2.30s/it]2026-09-22 08:33:44,012 INFO [rev_util_verifiability|paper_align|Qwen3-0.6B] step=75 epoch=0.3650

                                                

 12%|█▏        | 75/618 [02:58<20:50,  2.30s/it]
 12%|█▏        | 76/618 [02:59<21:32,  2.39s/it]2026-09-22 08:33:44,620 INFO [rev_util_verifiability|paper_align|Qwen3-0.6B] step=76 epoch=0.3698

                                                

 12%|█▏        | 76/618 [02:59<21:32,  2.39s/it]2026-09-22 08:33:45,188 INFO [rev_util_verifiability|paper_align|Qwen3-0.6B] step=76 epoch=0.3698

                                                

 12%|█▏        | 76/618 [02:59<21:32,  2.39s/it]2026-09-22 08:33:45,752 INFO [rev_util_verifiability|paper_align|Qwen3-0.6B] step=76 epoch=0.3698

                                                

 12%|█▏        | 76/618 [03:00<21:32,  2.39s/it]2026-09-22 08:33:46,325 INFO [rev_util_verifiability|paper_align|Qwen3-0.6B] step=76 epoch=0.3698

                                                

 12%|█▏        | 76/618 [03:01<21:32,  2.39s/it]
 12%|█▏        | 77/618 [03:01<21:18,  2.36s/it]2026-09-22 08:33:46,929 INFO [rev_util_verifiability|paper_align|Qwen3-0.6B] step=77 epoch=0.3747

                                                

 12%|█▏        | 77/618 [03:01<21:18,  2.36s/it]2026-09-22 08:33:47,486 INFO [rev_util_verifiability|paper_align|Qwen3-0.6B] step=77 epoch=0.3747

                                                

 12%|█▏        | 77/618 [03:02<21:18,  2.36s/it]2026-09-22 08:33:48,050 INFO [rev_util_verifiability|paper_align|Qwen3-0.6B] step=77 epoch=0.3747

                                                

 12%|█▏        | 77/618 [03:02<21:18,  2.36s/it]2026-09-22 08:33:48,616 INFO [rev_util_verifiability|paper_align|Qwen3-0.6B] step=77 epoch=0.3747

                                                

 12%|█▏        | 77/618 [03:03<21:18,  2.36s/it]
 13%|█▎        | 78/618 [03:03<21:03,  2.34s/it]2026-09-22 08:33:49,218 INFO [rev_util_verifiability|paper_align|Qwen3-0.6B] step=78 epoch=0.3796

                                                

 13%|█▎        | 78/618 [03:03<21:03,  2.34s/it]2026-09-22 08:33:49,785 INFO [rev_util_verifiability|paper_align|Qwen3-0.6B] step=78 epoch=0.3796

                                                

 13%|█▎        | 78/618 [03:04<21:03,  2.34s/it]2026-09-22 08:33:50,352 INFO [rev_util_verifiability|paper_align|Qwen3-0.6B] step=78 epoch=0.3796

                                                

 13%|█▎        | 78/618 [03:05<21:03,  2.34s/it]2026-09-22 08:33:50,926 INFO [rev_util_verifiability|paper_align|Qwen3-0.6B] step=78 epoch=0.3796

                                                

 13%|█▎        | 78/618 [03:05<21:03,  2.34s/it]
 13%|█▎        | 79/618 [03:06<20:56,  2.33s/it]2026-09-22 08:33:51,535 INFO [rev_util_verifiability|paper_align|Qwen3-0.6B] step=79 epoch=0.3844

                                                

 13%|█▎        | 79/618 [03:06<20:56,  2.33s/it]2026-09-22 08:33:52,103 INFO [rev_util_verifiability|paper_align|Qwen3-0.6B] step=79 epoch=0.3844

                                                

 13%|█▎        | 79/618 [03:06<20:56,  2.33s/it]2026-09-22 08:33:52,752 INFO [rev_util_verifiability|paper_align|Qwen3-0.6B] step=79 epoch=0.3844

                                                

 13%|█▎        | 79/618 [03:07<20:56,  2.33s/it]2026-09-22 08:33:53,321 INFO [rev_util_verifiability|paper_align|Qwen3-0.6B] step=79 epoch=0.3844

                                                

 13%|█▎        | 79/618 [03:08<20:56,  2.33s/it]
 13%|█▎        | 80/618 [03:08<21:03,  2.35s/it]2026-09-22 08:33:53,714 INFO [rev_util_verifiability|paper_align|Qwen3-0.6B] step=80 loss=0.8138 learning_rate=0.0001 epoch=0.3893

                                                

 13%|█▎        | 80/618 [03:08<21:03,  2.35s/it]2026-09-22 08:33:53,923 INFO [rev_util_verifiability|paper_align|Qwen3-0.6B] step=80 epoch=0.3893

                                                

 13%|█▎        | 80/618 [03:08<21:03,  2.35s/it]2026-09-22 08:33:54,464 INFO [rev_util_verifiability|paper_align|Qwen3-0.6B] step=80 epoch=0.3893

                                                

 13%|█▎        | 80/618 [03:09<21:03,  2.35s/it]2026-09-22 08:33:55,018 INFO [rev_util_verifiability|paper_align|Qwen3-0.6B] step=80 epoch=0.3893

                                                

 13%|█▎        | 80/618 [03:09<21:03,  2.35s/it]2026-09-22 08:33:55,898 INFO [rev_util_verifiability|paper_align|Qwen3-0.6B] step=80 epoch=0.3893

                                                

 13%|█▎        | 80/618 [03:10<21:03,  2.35s/it]
 13%|█▎        | 81/618 [03:10<21:37,  2.42s/it]2026-09-22 08:33:56,492 INFO [rev_util_verifiability|paper_align|Qwen3-0.6B] step=81 epoch=0.3942

                                                

 13%|█▎        | 81/618 [03:11<21:37,  2.42s/it]2026-09-22 08:33:57,058 INFO [rev_util_verifiability|paper_align|Qwen3-0.6B] step=81 epoch=0.3942

                                                

 13%|█▎        | 81/618 [03:11<21:37,  2.42s/it]2026-09-22 08:33:57,641 INFO [rev_util_verifiability|paper_align|Qwen3-0.6B] step=81 epoch=0.3942

                                                

 13%|█▎        | 81/618 [03:12<21:37,  2.42s/it]2026-09-22 08:33:58,201 INFO [rev_util_verifiability|paper_align|Qwen3-0.6B] step=81 epoch=0.3942

                                                

 13%|█▎        | 81/618 [03:12<21:37,  2.42s/it]
 13%|█▎        | 82/618 [03:13<21:17,  2.38s/it]2026-09-22 08:33:58,801 INFO [rev_util_verifiability|paper_align|Qwen3-0.6B] step=82 epoch=0.3990

                                                

 13%|█▎        | 82/618 [03:13<21:17,  2.38s/it]2026-09-22 08:33:59,358 INFO [rev_util_verifiability|paper_align|Qwen3-0.6B] step=82 epoch=0.3990

                                                

 13%|█▎        | 82/618 [03:14<21:17,  2.38s/it]2026-09-22 08:33:59,927 INFO [rev_util_verifiability|paper_align|Qwen3-0.6B] step=82 epoch=0.3990

                                                

 13%|█▎        | 82/618 [03:14<21:17,  2.38s/it]2026-09-22 08:34:00,481 INFO [rev_util_verifiability|paper_align|Qwen3-0.6B] step=82 epoch=0.3990

                                                

 13%|█▎        | 82/618 [03:15<21:17,  2.38s/it]
 13%|█▎        | 83/618 [03:15<20:59,  2.35s/it]2026-09-22 08:34:01,092 INFO [rev_util_verifiability|paper_align|Qwen3-0.6B] step=83 epoch=0.4039

                                                

 13%|█▎        | 83/618 [03:15<20:59,  2.35s/it]2026-09-22 08:34:01,660 INFO [rev_util_verifiability|paper_align|Qwen3-0.6B] step=83 epoch=0.4039

                                                

 13%|█▎        | 83/618 [03:16<20:59,  2.35s/it]2026-09-22 08:34:02,221 INFO [rev_util_verifiability|paper_align|Qwen3-0.6B] step=83 epoch=0.4039

                                                

 13%|█▎        | 83/618 [03:16<20:59,  2.35s/it]2026-09-22 08:34:02,783 INFO [rev_util_verifiability|paper_align|Qwen3-0.6B] step=83 epoch=0.4039

                                                

 13%|█▎        | 83/618 [03:17<20:59,  2.35s/it]
 14%|█▎        | 84/618 [03:17<20:47,  2.34s/it]2026-09-22 08:34:03,374 INFO [rev_util_verifiability|paper_align|Qwen3-0.6B] step=84 epoch=0.4088

                                                

 14%|█▎        | 84/618 [03:18<20:47,  2.34s/it]2026-09-22 08:34:03,922 INFO [rev_util_verifiability|paper_align|Qwen3-0.6B] step=84 epoch=0.4088

                                                

 14%|█▎        | 84/618 [03:18<20:47,  2.34s/it]2026-09-22 08:34:04,473 INFO [rev_util_verifiability|paper_align|Qwen3-0.6B] step=84 epoch=0.4088

                                                

 14%|█▎        | 84/618 [03:19<20:47,  2.34s/it]2026-09-22 08:34:05,031 INFO [rev_util_verifiability|paper_align|Qwen3-0.6B] step=84 epoch=0.4088

                                                

 14%|█▎        | 84/618 [03:19<20:47,  2.34s/it]
 14%|█▍        | 85/618 [03:20<20:30,  2.31s/it]2026-09-22 08:34:05,623 INFO [rev_util_verifiability|paper_align|Qwen3-0.6B] step=85 epoch=0.4136

                                                

 14%|█▍        | 85/618 [03:20<20:30,  2.31s/it]2026-09-22 08:34:06,171 INFO [rev_util_verifiability|paper_align|Qwen3-0.6B] step=85 epoch=0.4136

                                                
{'paper_align_label_loss': '0.1705', 'paper_align_reason_loss': '0.4495', 'epoch': '0.3114'}
{'paper_align_label_loss': '0.1785', 'paper_align_reason_loss': '0.4056', 'epoch': '0.3114'}
{'paper_align_label_loss': '0.007839', 'paper_align_reason_loss': '0.2105', 'epoch': '0.3114'}
{'paper_align_label_loss': '0.2186', 'paper_align_reason_loss': '0.4317', 'epoch': '0.3114'}
{'paper_align_label_loss': '0.09777', 'paper_align_reason_loss': '0.2265', 'epoch': '0.3163'}
{'paper_align_label_loss': '0.07747', 'paper_align_reason_loss': '0.1669', 'epoch': '0.3163'}
{'paper_align_label_loss': '0.0925', 'paper_align_reason_loss': '0.2032', 'epoch': '0.3163'}
{'paper_align_label_loss': '0.0834', 'paper_align_reason_loss': '0.1839', 'epoch': '0.3163'}
{'paper_align_label_loss': '0.09355', 'paper_align_reason_loss': '0.2842', 'epoch': '0.3212'}
{'paper_align_label_loss': '0.1659', 'paper_align_reason_loss': '0.3487', 'epoch': '0.3212'}
{'paper_align_label_loss': '0.2226', 'paper_align_reason_loss': '0.2023', 'epoch': '0.3212'}
{'paper_align_label_loss': '0.1388', 'paper_align_reason_loss': '0.4747', 'epoch': '0.3212'}
{'paper_align_label_loss': '0.004075', 'paper_align_reason_loss': '0.08546', 'epoch': '0.326'}
{'paper_align_label_loss': '0.04034', 'paper_align_reason_loss': '0.2136', 'epoch': '0.326'}
{'paper_align_label_loss': '0.1038', 'paper_align_reason_loss': '0.2763', 'epoch': '0.326'}
{'paper_align_label_loss': '0.07554', 'paper_align_reason_loss': '0.3601', 'epoch': '0.326'}
{'paper_align_label_loss': '0.06891', 'paper_align_reason_loss': '0.3458', 'epoch': '0.3309'}
{'paper_align_label_loss': '0.05581', 'paper_align_reason_loss': '0.3424', 'epoch': '0.3309'}
{'paper_align_label_loss': '0.02016', 'paper_align_reason_loss': '0.1878', 'epoch': '0.3309'}
{'paper_align_label_loss': '0.06701', 'paper_align_reason_loss': '0.3186', 'epoch': '0.3309'}
{'paper_align_label_loss': '0.07342', 'paper_align_reason_loss': '0.2246', 'epoch': '0.3358'}
{'paper_align_label_loss': '0.08275', 'paper_align_reason_loss': '0.2809', 'epoch': '0.3358'}
{'paper_align_label_loss': '0.02423', 'paper_align_reason_loss': '0.1541', 'epoch': '0.3358'}
{'paper_align_label_loss': '0.07785', 'paper_align_reason_loss': '0.2697', 'epoch': '0.3358'}
{'loss': '0.8128', 'grad_norm': '3.175', 'learning_rate': '9.829e-05', 'epoch': '0.3406'}
{'paper_align_label_loss': '0.04828', 'paper_align_reason_loss': '0.2727', 'epoch': '0.3406'}
{'paper_align_label_loss': '0.1651', 'paper_align_reason_loss': '0.3484', 'epoch': '0.3406'}
{'paper_align_label_loss': '0.1457', 'paper_align_reason_loss': '0.2927', 'epoch': '0.3406'}
{'paper_align_label_loss': '0.07866', 'paper_align_reason_loss': '0.2011', 'epoch': '0.3406'}
{'paper_align_label_loss': '0.003022', 'paper_align_reason_loss': '0.1323', 'epoch': '0.3455'}
{'paper_align_label_loss': '0.0391', 'paper_align_reason_loss': '0.3074', 'epoch': '0.3455'}
{'paper_align_label_loss': '0.04988', 'paper_align_reason_loss': '0.3146', 'epoch': '0.3455'}
{'paper_align_label_loss': '0.08556', 'paper_align_reason_loss': '0.4117', 'epoch': '0.3455'}
{'paper_align_label_loss': '0.001738', 'paper_align_reason_loss': '0.1177', 'epoch': '0.3504'}
{'paper_align_label_loss': '0.06301', 'paper_align_reason_loss': '0.2939', 'epoch': '0.3504'}
{'paper_align_label_loss': '0.05535', 'paper_align_reason_loss': '0.3792', 'epoch': '0.3504'}
{'paper_align_label_loss': '0.1742', 'paper_align_reason_loss': '0.3429', 'epoch': '0.3504'}
{'paper_align_label_loss': '0.0608', 'paper_align_reason_loss': '0.2555', 'epoch': '0.3552'}
{'paper_align_label_loss': '0.07783', 'paper_align_reason_loss': '0.4426', 'epoch': '0.3552'}
{'paper_align_label_loss': '0.01742', 'paper_align_reason_loss': '0.09559', 'epoch': '0.3552'}
{'paper_align_label_loss': '0.09272', 'paper_align_reason_loss': '0.3347', 'epoch': '0.3552'}
{'paper_align_label_loss': '0.1543', 'paper_align_reason_loss': '0.2976', 'epoch': '0.3601'}
{'paper_align_label_loss': '0.06904', 'paper_align_reason_loss': '0.4373', 'epoch': '0.3601'}
{'paper_align_label_loss': '0.292', 'paper_align_reason_loss': '0.3576', 'epoch': '0.3601'}
{'paper_align_label_loss': '0.327', 'paper_align_reason_loss': '0.2932', 'epoch': '0.3601'}
{'paper_align_label_loss': '0.01431', 'paper_align_reason_loss': '0.2235', 'epoch': '0.365'}
{'paper_align_label_loss': '0.08397', 'paper_align_reason_loss': '0.3064', 'epoch': '0.365'}
{'paper_align_label_loss': '0.1595', 'paper_align_reason_loss': '0.2727', 'epoch': '0.365'}
{'paper_align_label_loss': '0.05834', 'paper_align_reason_loss': '0.2112', 'epoch': '0.365'}
{'paper_align_label_loss': '0.06744', 'paper_align_reason_loss': '0.2643', 'epoch': '0.3698'}
{'paper_align_label_loss': '0.1563', 'paper_align_reason_loss': '0.3012', 'epoch': '0.3698'}
{'paper_align_label_loss': '0.2486', 'paper_align_reason_loss': '0.2038', 'epoch': '0.3698'}
{'paper_align_label_loss': '0.09574', 'paper_align_reason_loss': '0.3577', 'epoch': '0.3698'}
{'paper_align_label_loss': '0.06077', 'paper_align_reason_loss': '0.2803', 'epoch': '0.3747'}
{'paper_align_label_loss': '0.006796', 'paper_align_reason_loss': '0.1885', 'epoch': '0.3747'}
{'paper_align_label_loss': '0.06609', 'paper_align_reason_loss': '0.335', 'epoch': '0.3747'}
{'paper_align_label_loss': '0.2903', 'paper_align_reason_loss': '0.392', 'epoch': '0.3747'}
{'paper_align_label_loss': '0.1357', 'paper_align_reason_loss': '0.3195', 'epoch': '0.3796'}
{'paper_align_label_loss': '0.3423', 'paper_align_reason_loss': '0.2437', 'epoch': '0.3796'}
{'paper_align_label_loss': '0.01929', 'paper_align_reason_loss': '0.1986', 'epoch': '0.3796'}
{'paper_align_label_loss': '0.2774', 'paper_align_reason_loss': '0.484', 'epoch': '0.3796'}
{'paper_align_label_loss': '0.05109', 'paper_align_reason_loss': '0.2294', 'epoch': '0.3844'}
{'paper_align_label_loss': '0.1553', 'paper_align_reason_loss': '0.3543', 'epoch': '0.3844'}
{'paper_align_label_loss': '0.08995', 'paper_align_reason_loss': '0.3668', 'epoch': '0.3844'}
{'paper_align_label_loss': '0.1169', 'paper_align_reason_loss': '0.3183', 'epoch': '0.3844'}
{'loss': '0.8138', 'grad_norm': '3.881', 'learning_rate': '9.754e-05', 'epoch': '0.3893'}
{'paper_align_label_loss': '0.09395', 'paper_align_reason_loss': '0.2922', 'epoch': '0.3893'}
{'paper_align_label_loss': '0.06534', 'paper_align_reason_loss': '0.2156', 'epoch': '0.3893'}
{'paper_align_label_loss': '0.1531', 'paper_align_reason_loss': '0.3326', 'epoch': '0.3893'}
{'paper_align_label_loss': '0.07311', 'paper_align_reason_loss': '0.2751', 'epoch': '0.3893'}
{'paper_align_label_loss': '0.002535', 'paper_align_reason_loss': '0.1496', 'epoch': '0.3942'}
{'paper_align_label_loss': '0.06706', 'paper_align_reason_loss': '0.352', 'epoch': '0.3942'}
{'paper_align_label_loss': '0.04235', 'paper_align_reason_loss': '0.3142', 'epoch': '0.3942'}
{'paper_align_label_loss': '0.003308', 'paper_align_reason_loss': '0.2027', 'epoch': '0.3942'}
{'paper_align_label_loss': '0.1186', 'paper_align_reason_loss': '0.3251', 'epoch': '0.399'}
{'paper_align_label_loss': '0.001205', 'paper_align_reason_loss': '0.2005', 'epoch': '0.399'}
{'paper_align_label_loss': '0.1731', 'paper_align_reason_loss': '0.1425', 'epoch': '0.399'}
{'paper_align_label_loss': '0.1298', 'paper_align_reason_loss': '0.3166', 'epoch': '0.399'}
{'paper_align_label_loss': '0.08073', 'paper_align_reason_loss': '0.291', 'epoch': '0.4039'}
{'paper_align_label_loss': '0.07148', 'paper_align_reason_loss': '0.2581', 'epoch': '0.4039'}
{'paper_align_label_loss': '0.1553', 'paper_align_reason_loss': '0.2744', 'epoch': '0.4039'}
{'paper_align_label_loss': '0.08614', 'paper_align_reason_loss': '0.1712', 'epoch': '0.4039'}
{'paper_align_label_loss': '0.0004811', 'paper_align_reason_loss': '0.1281', 'epoch': '0.4088'}
{'paper_align_label_loss': '0.4302', 'paper_align_reason_loss': '0.2707', 'epoch': '0.4088'}
{'paper_align_label_loss': '0.1767', 'paper_align_reason_loss': '0.3427', 'epoch': '0.4088'}
{'paper_align_label_loss': '0.002877', 'paper_align_reason_loss': '0.1752', 'epoch': '0.4088'}
{'paper_align_label_loss': '0.1723', 'paper_align_reason_loss': '0.3732', 'epoch': '0.4136'}

 14%|█▍        | 85/618 [03:20<20:30,  2.31s/it]2026-09-22 08:34:06,723 INFO [rev_util_verifiability|paper_align|Qwen3-0.6B] step=85 epoch=0.4136

                                                

 14%|█▍        | 85/618 [03:21<20:30,  2.31s/it]2026-09-22 08:34:07,588 INFO [rev_util_verifiability|paper_align|Qwen3-0.6B] step=85 epoch=0.4136

                                                

 14%|█▍        | 85/618 [03:22<20:30,  2.31s/it]
 14%|█▍        | 86/618 [03:22<21:08,  2.38s/it]2026-09-22 08:34:08,184 INFO [rev_util_verifiability|paper_align|Qwen3-0.6B] step=86 epoch=0.4185

                                                

 14%|█▍        | 86/618 [03:22<21:08,  2.38s/it]2026-09-22 08:34:08,732 INFO [rev_util_verifiability|paper_align|Qwen3-0.6B] step=86 epoch=0.4185

                                                

 14%|█▍        | 86/618 [03:23<21:08,  2.38s/it]2026-09-22 08:34:09,284 INFO [rev_util_verifiability|paper_align|Qwen3-0.6B] step=86 epoch=0.4185

                                                

 14%|█▍        | 86/618 [03:23<21:08,  2.38s/it]2026-09-22 08:34:09,860 INFO [rev_util_verifiability|paper_align|Qwen3-0.6B] step=86 epoch=0.4185

                                                

 14%|█▍        | 86/618 [03:24<21:08,  2.38s/it]
 14%|█▍        | 87/618 [03:24<20:47,  2.35s/it]2026-09-22 08:34:10,452 INFO [rev_util_verifiability|paper_align|Qwen3-0.6B] step=87 epoch=0.4234

                                                

 14%|█▍        | 87/618 [03:25<20:47,  2.35s/it]2026-09-22 08:34:10,998 INFO [rev_util_verifiability|paper_align|Qwen3-0.6B] step=87 epoch=0.4234

                                                

 14%|█▍        | 87/618 [03:25<20:47,  2.35s/it]2026-09-22 08:34:11,547 INFO [rev_util_verifiability|paper_align|Qwen3-0.6B] step=87 epoch=0.4234

                                                

 14%|█▍        | 87/618 [03:26<20:47,  2.35s/it]2026-09-22 08:34:12,101 INFO [rev_util_verifiability|paper_align|Qwen3-0.6B] step=87 epoch=0.4234

                                                

 14%|█▍        | 87/618 [03:26<20:47,  2.35s/it]
 14%|█▍        | 88/618 [03:27<20:27,  2.32s/it]2026-09-22 08:34:12,697 INFO [rev_util_verifiability|paper_align|Qwen3-0.6B] step=88 epoch=0.4282

                                                

 14%|█▍        | 88/618 [03:27<20:27,  2.32s/it]2026-09-22 08:34:13,247 INFO [rev_util_verifiability|paper_align|Qwen3-0.6B] step=88 epoch=0.4282

                                                

 14%|█▍        | 88/618 [03:27<20:27,  2.32s/it]2026-09-22 08:34:13,796 INFO [rev_util_verifiability|paper_align|Qwen3-0.6B] step=88 epoch=0.4282

                                                

 14%|█▍        | 88/618 [03:28<20:27,  2.32s/it]2026-09-22 08:34:14,365 INFO [rev_util_verifiability|paper_align|Qwen3-0.6B] step=88 epoch=0.4282

                                                

 14%|█▍        | 88/618 [03:29<20:27,  2.32s/it]
 14%|█▍        | 89/618 [03:29<20:18,  2.30s/it]2026-09-22 08:34:14,971 INFO [rev_util_verifiability|paper_align|Qwen3-0.6B] step=89 epoch=0.4331

                                                

 14%|█▍        | 89/618 [03:29<20:18,  2.30s/it]2026-09-22 08:34:15,529 INFO [rev_util_verifiability|paper_align|Qwen3-0.6B] step=89 epoch=0.4331

                                                

 14%|█▍        | 89/618 [03:30<20:18,  2.30s/it]2026-09-22 08:34:16,085 INFO [rev_util_verifiability|paper_align|Qwen3-0.6B] step=89 epoch=0.4331

                                                

 14%|█▍        | 89/618 [03:30<20:18,  2.30s/it]2026-09-22 08:34:16,651 INFO [rev_util_verifiability|paper_align|Qwen3-0.6B] step=89 epoch=0.4331

                                                

 14%|█▍        | 89/618 [03:31<20:18,  2.30s/it]
 15%|█▍        | 90/618 [03:31<20:14,  2.30s/it]2026-09-22 08:34:17,050 INFO [rev_util_verifiability|paper_align|Qwen3-0.6B] step=90 loss=0.7272 learning_rate=0.0001 epoch=0.4380

                                                

 15%|█▍        | 90/618 [03:31<20:14,  2.30s/it]2026-09-22 08:34:17,263 INFO [rev_util_verifiability|paper_align|Qwen3-0.6B] step=90 epoch=0.4380

                                                

 15%|█▍        | 90/618 [03:31<20:14,  2.30s/it]2026-09-22 08:34:17,876 INFO [rev_util_verifiability|paper_align|Qwen3-0.6B] step=90 epoch=0.4380

                                                

 15%|█▍        | 90/618 [03:32<20:14,  2.30s/it]2026-09-22 08:34:18,448 INFO [rev_util_verifiability|paper_align|Qwen3-0.6B] step=90 epoch=0.4380

                                                

 15%|█▍        | 90/618 [03:33<20:14,  2.30s/it]2026-09-22 08:34:19,008 INFO [rev_util_verifiability|paper_align|Qwen3-0.6B] step=90 epoch=0.4380

                                                

 15%|█▍        | 90/618 [03:33<20:14,  2.30s/it]
 15%|█▍        | 91/618 [03:34<20:22,  2.32s/it]2026-09-22 08:34:19,899 INFO [rev_util_verifiability|paper_align|Qwen3-0.6B] step=91 epoch=0.4428

                                                

 15%|█▍        | 91/618 [03:34<20:22,  2.32s/it]2026-09-22 08:34:20,469 INFO [rev_util_verifiability|paper_align|Qwen3-0.6B] step=91 epoch=0.4428

                                                

 15%|█▍        | 91/618 [03:35<20:22,  2.32s/it]2026-09-22 08:34:21,027 INFO [rev_util_verifiability|paper_align|Qwen3-0.6B] step=91 epoch=0.4428

                                                

 15%|█▍        | 91/618 [03:35<20:22,  2.32s/it]2026-09-22 08:34:21,594 INFO [rev_util_verifiability|paper_align|Qwen3-0.6B] step=91 epoch=0.4428

                                                

 15%|█▍        | 91/618 [03:36<20:22,  2.32s/it]
 15%|█▍        | 92/618 [03:36<20:59,  2.40s/it]2026-09-22 08:34:22,190 INFO [rev_util_verifiability|paper_align|Qwen3-0.6B] step=92 epoch=0.4477

                                                

 15%|█▍        | 92/618 [03:36<20:59,  2.40s/it]2026-09-22 08:34:22,735 INFO [rev_util_verifiability|paper_align|Qwen3-0.6B] step=92 epoch=0.4477

                                                

 15%|█▍        | 92/618 [03:37<20:59,  2.40s/it]2026-09-22 08:34:23,300 INFO [rev_util_verifiability|paper_align|Qwen3-0.6B] step=92 epoch=0.4477

                                                

 15%|█▍        | 92/618 [03:38<20:59,  2.40s/it]2026-09-22 08:34:23,854 INFO [rev_util_verifiability|paper_align|Qwen3-0.6B] step=92 epoch=0.4477

                                                

 15%|█▍        | 92/618 [03:38<20:59,  2.40s/it]
 15%|█▌        | 93/618 [03:38<20:34,  2.35s/it]2026-09-22 08:34:24,447 INFO [rev_util_verifiability|paper_align|Qwen3-0.6B] step=93 epoch=0.4526

                                                

 15%|█▌        | 93/618 [03:39<20:34,  2.35s/it]2026-09-22 08:34:25,012 INFO [rev_util_verifiability|paper_align|Qwen3-0.6B] step=93 epoch=0.4526

                                                

 15%|█▌        | 93/618 [03:39<20:34,  2.35s/it]2026-09-22 08:34:25,573 INFO [rev_util_verifiability|paper_align|Qwen3-0.6B] step=93 epoch=0.4526

                                                

 15%|█▌        | 93/618 [03:40<20:34,  2.35s/it]2026-09-22 08:34:26,146 INFO [rev_util_verifiability|paper_align|Qwen3-0.6B] step=93 epoch=0.4526

                                                

 15%|█▌        | 93/618 [03:40<20:34,  2.35s/it]
 15%|█▌        | 94/618 [03:41<20:23,  2.33s/it]2026-09-22 08:34:26,745 INFO [rev_util_verifiability|paper_align|Qwen3-0.6B] step=94 epoch=0.4574

                                                

 15%|█▌        | 94/618 [03:41<20:23,  2.33s/it]2026-09-22 08:34:27,315 INFO [rev_util_verifiability|paper_align|Qwen3-0.6B] step=94 epoch=0.4574

                                                

 15%|█▌        | 94/618 [03:42<20:23,  2.33s/it]2026-09-22 08:34:27,895 INFO [rev_util_verifiability|paper_align|Qwen3-0.6B] step=94 epoch=0.4574

                                                

 15%|█▌        | 94/618 [03:42<20:23,  2.33s/it]2026-09-22 08:34:28,445 INFO [rev_util_verifiability|paper_align|Qwen3-0.6B] step=94 epoch=0.4574

                                                

 15%|█▌        | 94/618 [03:43<20:23,  2.33s/it]
 15%|█▌        | 95/618 [03:43<20:14,  2.32s/it]2026-09-22 08:34:29,029 INFO [rev_util_verifiability|paper_align|Qwen3-0.6B] step=95 epoch=0.4623

                                                

 15%|█▌        | 95/618 [03:43<20:14,  2.32s/it]2026-09-22 08:34:29,587 INFO [rev_util_verifiability|paper_align|Qwen3-0.6B] step=95 epoch=0.4623

                                                

 15%|█▌        | 95/618 [03:44<20:14,  2.32s/it]2026-09-22 08:34:30,153 INFO [rev_util_verifiability|paper_align|Qwen3-0.6B] step=95 epoch=0.4623

                                                

 15%|█▌        | 95/618 [03:44<20:14,  2.32s/it]2026-09-22 08:34:30,729 INFO [rev_util_verifiability|paper_align|Qwen3-0.6B] step=95 epoch=0.4623

                                                

 15%|█▌        | 95/618 [03:45<20:14,  2.32s/it]
 16%|█▌        | 96/618 [03:45<20:08,  2.31s/it]2026-09-22 08:34:31,596 INFO [rev_util_verifiability|paper_align|Qwen3-0.6B] step=96 epoch=0.4672

                                                

 16%|█▌        | 96/618 [03:46<20:08,  2.31s/it]2026-09-22 08:34:32,153 INFO [rev_util_verifiability|paper_align|Qwen3-0.6B] step=96 epoch=0.4672

                                                

 16%|█▌        | 96/618 [03:46<20:08,  2.31s/it]2026-09-22 08:34:32,722 INFO [rev_util_verifiability|paper_align|Qwen3-0.6B] step=96 epoch=0.4672

                                                

 16%|█▌        | 96/618 [03:47<20:08,  2.31s/it]2026-09-22 08:34:33,290 INFO [rev_util_verifiability|paper_align|Qwen3-0.6B] step=96 epoch=0.4672

                                                

 16%|█▌        | 96/618 [03:47<20:08,  2.31s/it]
 16%|█▌        | 97/618 [03:48<20:45,  2.39s/it]2026-09-22 08:34:33,929 INFO [rev_util_verifiability|paper_align|Qwen3-0.6B] step=97 epoch=0.4720

                                                

 16%|█▌        | 97/618 [03:48<20:45,  2.39s/it]2026-09-22 08:34:34,539 INFO [rev_util_verifiability|paper_align|Qwen3-0.6B] step=97 epoch=0.4720

                                                

 16%|█▌        | 97/618 [03:49<20:45,  2.39s/it]2026-09-22 08:34:35,109 INFO [rev_util_verifiability|paper_align|Qwen3-0.6B] step=97 epoch=0.4720

                                                

 16%|█▌        | 97/618 [03:49<20:45,  2.39s/it]2026-09-22 08:34:35,678 INFO [rev_util_verifiability|paper_align|Qwen3-0.6B] step=97 epoch=0.4720

                                                

 16%|█▌        | 97/618 [03:50<20:45,  2.39s/it]
 16%|█▌        | 98/618 [03:50<20:43,  2.39s/it]2026-09-22 08:34:36,293 INFO [rev_util_verifiability|paper_align|Qwen3-0.6B] step=98 epoch=0.4769

                                                

 16%|█▌        | 98/618 [03:50<20:43,  2.39s/it]2026-09-22 08:34:36,860 INFO [rev_util_verifiability|paper_align|Qwen3-0.6B] step=98 epoch=0.4769

                                                

 16%|█▌        | 98/618 [03:51<20:43,  2.39s/it]2026-09-22 08:34:37,420 INFO [rev_util_verifiability|paper_align|Qwen3-0.6B] step=98 epoch=0.4769

                                                

 16%|█▌        | 98/618 [03:52<20:43,  2.39s/it]2026-09-22 08:34:38,004 INFO [rev_util_verifiability|paper_align|Qwen3-0.6B] step=98 epoch=0.4769

                                                

 16%|█▌        | 98/618 [03:52<20:43,  2.39s/it]
 16%|█▌        | 99/618 [03:53<20:30,  2.37s/it]2026-09-22 08:34:38,615 INFO [rev_util_verifiability|paper_align|Qwen3-0.6B] step=99 epoch=0.4818

                                                

 16%|█▌        | 99/618 [03:53<20:30,  2.37s/it]2026-09-22 08:34:39,206 INFO [rev_util_verifiability|paper_align|Qwen3-0.6B] step=99 epoch=0.4818

                                                

 16%|█▌        | 99/618 [03:53<20:30,  2.37s/it]2026-09-22 08:34:39,794 INFO [rev_util_verifiability|paper_align|Qwen3-0.6B] step=99 epoch=0.4818

                                                

 16%|█▌        | 99/618 [03:54<20:30,  2.37s/it]2026-09-22 08:34:40,368 INFO [rev_util_verifiability|paper_align|Qwen3-0.6B] step=99 epoch=0.4818

                                                

 16%|█▌        | 99/618 [03:55<20:30,  2.37s/it]
 16%|█▌        | 100/618 [03:55<20:26,  2.37s/it]2026-09-22 08:34:40,764 INFO [rev_util_verifiability|paper_align|Qwen3-0.6B] step=100 loss=0.7523 learning_rate=0.0001 epoch=0.4866

                                                 

 16%|█▌        | 100/618 [03:55<20:26,  2.37s/it]2026-09-22 08:34:40,986 INFO [rev_util_verifiability|paper_align|Qwen3-0.6B] step=100 epoch=0.4866

                                                 

 16%|█▌        | 100/618 [03:55<20:26,  2.37s/it]2026-09-22 08:34:41,567 INFO [rev_util_verifiability|paper_align|Qwen3-0.6B] step=100 epoch=0.4866

                                                 

 16%|█▌        | 100/618 [03:56<20:26,  2.37s/it]2026-09-22 08:34:42,133 INFO [rev_util_verifiability|paper_align|Qwen3-0.6B] step=100 epoch=0.4866

                                                 

 16%|█▌        | 100/618 [03:56<20:26,  2.37s/it]2026-09-22 08:34:42,719 INFO [rev_util_verifiability|paper_align|Qwen3-0.6B] step=100 epoch=0.4866

                                                 

 16%|█▌        | 100/618 [03:57<20:26,  2.37s/it]
 16%|█▋        | 101/618 [03:57<20:21,  2.36s/it]2026-09-22 08:34:43,618 INFO [rev_util_verifiability|paper_align|Qwen3-0.6B] step=101 epoch=0.4915

                                                 

 16%|█▋        | 101/618 [03:58<20:21,  2.36s/it]2026-09-22 08:34:44,207 INFO [rev_util_verifiability|paper_align|Qwen3-0.6B] step=101 epoch=0.4915

                                                 

 16%|█▋        | 101/618 [03:58<20:21,  2.36s/it]2026-09-22 08:34:44,780 INFO [rev_util_verifiability|paper_align|Qwen3-0.6B] step=101 epoch=0.4915

                                                 

 16%|█▋        | 101/618 [03:59<20:21,  2.36s/it]2026-09-22 08:34:45,376 INFO [rev_util_verifiability|paper_align|Qwen3-0.6B] step=101 epoch=0.4915

                                                 

 16%|█▋        | 101/618 [04:00<20:21,  2.36s/it]
 17%|█▋        | 102/618 [04:00<21:04,  2.45s/it]2026-09-22 08:34:45,991 INFO [rev_util_verifiability|paper_align|Qwen3-0.6B] step=102 epoch=0.4964

                                                 

 17%|█▋        | 102/618 [04:00<21:04,  2.45s/it]2026-09-22 08:34:46,560 INFO [rev_util_verifiability|paper_align|Qwen3-0.6B] step=102 epoch=0.4964

                                                 

 17%|█▋        | 102/618 [04:01<21:04,  2.45s/it]2026-09-22 08:34:47,189 INFO [rev_util_verifiability|paper_align|Qwen3-0.6B] step=102 epoch=0.4964

                                                 

 17%|█▋        | 102/618 [04:01<21:04,  2.45s/it]2026-09-22 08:34:47,770 INFO [rev_util_verifiability|paper_align|Qwen3-0.6B] step=102 epoch=0.4964

                                                 

 17%|█▋        | 102/618 [04:02<21:04,  2.45s/it]
 17%|█▋        | 103/618 [04:02<20:59,  2.45s/it]2026-09-22 08:34:48,421 INFO [rev_util_verifiability|paper_align|Qwen3-0.6B] step=103 epoch=0.5012

                                                 

 17%|█▋        | 103/618 [04:03<20:59,  2.45s/it]2026-09-22 08:34:49,002 INFO [rev_util_verifiability|paper_align|Qwen3-0.6B] step=103 epoch=0.5012

                                                 

 17%|█▋        | 103/618 [04:03<20:59,  2.45s/it]2026-09-22 08:34:49,595 INFO [rev_util_verifiability|paper_align|Qwen3-0.6B] step=103 epoch=0.5012

                                                 

 17%|█▋        | 103/618 [04:04<20:59,  2.45s/it]2026-09-22 08:34:50,180 INFO [rev_util_verifiability|paper_align|Qwen3-0.6B] step=103 epoch=0.5012

                                                 

 17%|█▋        | 103/618 [04:04<20:59,  2.45s/it]
 17%|█▋        | 104/618 [04:05<20:46,  2.43s/it]2026-09-22 08:34:50,794 INFO [rev_util_verifiability|paper_align|Qwen3-0.6B] step=104 epoch=0.5061

                                                 

 17%|█▋        | 104/618 [04:05<20:46,  2.43s/it]2026-09-22 08:34:51,415 INFO [rev_util_verifiability|paper_align|Qwen3-0.6B] step=104 epoch=0.5061

                                                 

 17%|█▋        | 104/618 [04:06<20:46,  2.43s/it]2026-09-22 08:34:52,006 INFO [rev_util_verifiability|paper_align|Qwen3-0.6B] step=104 epoch=0.5061

                                                 

 17%|█▋        | 104/618 [04:06<20:46,  2.43s/it]2026-09-22 08:34:52,588 INFO [rev_util_verifiability|paper_align|Qwen3-0.6B] step=104 epoch=0.5061

                                                 

 17%|█▋        | 104/618 [04:07<20:46,  2.43s/it]
 17%|█▋        | 105/618 [04:07<20:44,  2.43s/it]2026-09-22 08:34:53,221 INFO [rev_util_verifiability|paper_align|Qwen3-0.6B] step=105 epoch=0.5109

                                                 

 17%|█▋        | 105/618 [04:07<20:44,  2.43s/it]2026-09-22 08:34:53,798 INFO [rev_util_verifiability|paper_align|Qwen3-0.6B] step=105 epoch=0.5109

                                                 

 17%|█▋        | 105/618 [04:08<20:44,  2.43s/it]2026-09-22 08:34:54,383 INFO [rev_util_verifiability|paper_align|Qwen3-0.6B] step=105 epoch=0.5109

                                                 

 17%|█▋        | 105/618 [04:09<20:44,  2.43s/it]2026-09-22 08:34:54,958 INFO [rev_util_verifiability|paper_align|Qwen3-0.6B] step=105 epoch=0.5109

                                                 

 17%|█▋        | 105/618 [04:09<20:44,  2.43s/it]
 17%|█▋        | 106/618 [04:10<20:29,  2.40s/it]2026-09-22 08:34:55,902 INFO [rev_util_verifiability|paper_align|Qwen3-0.6B] step=106 epoch=0.5158

                                                 

 17%|█▋        | 106/618 [04:10<20:29,  2.40s/it]2026-09-22 08:34:56,487 INFO [rev_util_verifiability|paper_align|Qwen3-0.6B] step=106 epoch=0.5158

                                                 

 17%|█▋        | 106/618 [04:11<20:29,  2.40s/it]2026-09-22 08:34:57,059 INFO [rev_util_verifiability|paper_align|Qwen3-0.6B] step=106 epoch=0.5158

                                                 
{'paper_align_label_loss': '0.07416', 'paper_align_reason_loss': '0.2652', 'epoch': '0.4136'}
{'paper_align_label_loss': '0.08301', 'paper_align_reason_loss': '0.2965', 'epoch': '0.4136'}
{'paper_align_label_loss': '0.05389', 'paper_align_reason_loss': '0.2659', 'epoch': '0.4136'}
{'paper_align_label_loss': '0.00551', 'paper_align_reason_loss': '0.1725', 'epoch': '0.4185'}
{'paper_align_label_loss': '0.05556', 'paper_align_reason_loss': '0.3099', 'epoch': '0.4185'}
{'paper_align_label_loss': '0.1009', 'paper_align_reason_loss': '0.2198', 'epoch': '0.4185'}
{'paper_align_label_loss': '0.1057', 'paper_align_reason_loss': '0.3325', 'epoch': '0.4185'}
{'paper_align_label_loss': '0.1293', 'paper_align_reason_loss': '0.2334', 'epoch': '0.4234'}
{'paper_align_label_loss': '0.04743', 'paper_align_reason_loss': '0.3183', 'epoch': '0.4234'}
{'paper_align_label_loss': '0.05522', 'paper_align_reason_loss': '0.2162', 'epoch': '0.4234'}
{'paper_align_label_loss': '0.05496', 'paper_align_reason_loss': '0.2602', 'epoch': '0.4234'}
{'paper_align_label_loss': '0.1283', 'paper_align_reason_loss': '0.3429', 'epoch': '0.4282'}
{'paper_align_label_loss': '0.1243', 'paper_align_reason_loss': '0.4487', 'epoch': '0.4282'}
{'paper_align_label_loss': '0.1704', 'paper_align_reason_loss': '0.29', 'epoch': '0.4282'}
{'paper_align_label_loss': '0.07274', 'paper_align_reason_loss': '0.4178', 'epoch': '0.4282'}
{'paper_align_label_loss': '0.1292', 'paper_align_reason_loss': '0.3296', 'epoch': '0.4331'}
{'paper_align_label_loss': '0.08898', 'paper_align_reason_loss': '0.3975', 'epoch': '0.4331'}
{'paper_align_label_loss': '0.03392', 'paper_align_reason_loss': '0.2043', 'epoch': '0.4331'}
{'paper_align_label_loss': '0.02441', 'paper_align_reason_loss': '0.1821', 'epoch': '0.4331'}
{'loss': '0.7272', 'grad_norm': '4.182', 'learning_rate': '9.667e-05', 'epoch': '0.438'}
{'paper_align_label_loss': '0.02103', 'paper_align_reason_loss': '0.1966', 'epoch': '0.438'}
{'paper_align_label_loss': '0.08866', 'paper_align_reason_loss': '0.2931', 'epoch': '0.438'}
{'paper_align_label_loss': '0.1084', 'paper_align_reason_loss': '0.2972', 'epoch': '0.438'}
{'paper_align_label_loss': '0.118', 'paper_align_reason_loss': '0.3052', 'epoch': '0.438'}
{'paper_align_label_loss': '0.01508', 'paper_align_reason_loss': '0.1398', 'epoch': '0.4428'}
{'paper_align_label_loss': '0.2547', 'paper_align_reason_loss': '0.3859', 'epoch': '0.4428'}
{'paper_align_label_loss': '0.1276', 'paper_align_reason_loss': '0.1619', 'epoch': '0.4428'}
{'paper_align_label_loss': '0.1924', 'paper_align_reason_loss': '0.3727', 'epoch': '0.4428'}
{'paper_align_label_loss': '0.04029', 'paper_align_reason_loss': '0.1667', 'epoch': '0.4477'}
{'paper_align_label_loss': '0.1099', 'paper_align_reason_loss': '0.2309', 'epoch': '0.4477'}
{'paper_align_label_loss': '0.1468', 'paper_align_reason_loss': '0.2662', 'epoch': '0.4477'}
{'paper_align_label_loss': '0.05225', 'paper_align_reason_loss': '0.3165', 'epoch': '0.4477'}
{'paper_align_label_loss': '0.1397', 'paper_align_reason_loss': '0.298', 'epoch': '0.4526'}
{'paper_align_label_loss': '0.1304', 'paper_align_reason_loss': '0.3729', 'epoch': '0.4526'}
{'paper_align_label_loss': '0.09296', 'paper_align_reason_loss': '0.3495', 'epoch': '0.4526'}
{'paper_align_label_loss': '0.09018', 'paper_align_reason_loss': '0.1776', 'epoch': '0.4526'}
{'paper_align_label_loss': '0.09037', 'paper_align_reason_loss': '0.3126', 'epoch': '0.4574'}
{'paper_align_label_loss': '0.05473', 'paper_align_reason_loss': '0.2995', 'epoch': '0.4574'}
{'paper_align_label_loss': '0.1855', 'paper_align_reason_loss': '0.1818', 'epoch': '0.4574'}
{'paper_align_label_loss': '0.009593', 'paper_align_reason_loss': '0.2605', 'epoch': '0.4574'}
{'paper_align_label_loss': '0.002191', 'paper_align_reason_loss': '0.2221', 'epoch': '0.4623'}
{'paper_align_label_loss': '0.001615', 'paper_align_reason_loss': '0.109', 'epoch': '0.4623'}
{'paper_align_label_loss': '0.2581', 'paper_align_reason_loss': '0.3977', 'epoch': '0.4623'}
{'paper_align_label_loss': '0.08603', 'paper_align_reason_loss': '0.3183', 'epoch': '0.4623'}
{'paper_align_label_loss': '0.06979', 'paper_align_reason_loss': '0.1705', 'epoch': '0.4672'}
{'paper_align_label_loss': '0.09502', 'paper_align_reason_loss': '0.3173', 'epoch': '0.4672'}
{'paper_align_label_loss': '0.2949', 'paper_align_reason_loss': '0.3111', 'epoch': '0.4672'}
{'paper_align_label_loss': '0.1425', 'paper_align_reason_loss': '0.3164', 'epoch': '0.4672'}
{'paper_align_label_loss': '0.02184', 'paper_align_reason_loss': '0.1561', 'epoch': '0.472'}
{'paper_align_label_loss': '0.0494', 'paper_align_reason_loss': '0.2879', 'epoch': '0.472'}
{'paper_align_label_loss': '0.2377', 'paper_align_reason_loss': '0.3993', 'epoch': '0.472'}
{'paper_align_label_loss': '0.002507', 'paper_align_reason_loss': '0.1439', 'epoch': '0.472'}
{'paper_align_label_loss': '0.1065', 'paper_align_reason_loss': '0.3393', 'epoch': '0.4769'}
{'paper_align_label_loss': '0.2563', 'paper_align_reason_loss': '0.3523', 'epoch': '0.4769'}
{'paper_align_label_loss': '0.02568', 'paper_align_reason_loss': '0.1813', 'epoch': '0.4769'}
{'paper_align_label_loss': '0.158', 'paper_align_reason_loss': '0.2804', 'epoch': '0.4769'}
{'paper_align_label_loss': '0.04032', 'paper_align_reason_loss': '0.1507', 'epoch': '0.4818'}
{'paper_align_label_loss': '0.0502', 'paper_align_reason_loss': '0.4492', 'epoch': '0.4818'}
{'paper_align_label_loss': '0.04115', 'paper_align_reason_loss': '0.2912', 'epoch': '0.4818'}
{'paper_align_label_loss': '0.1726', 'paper_align_reason_loss': '0.287', 'epoch': '0.4818'}
{'loss': '0.7523', 'grad_norm': '4.098', 'learning_rate': '9.566e-05', 'epoch': '0.4866'}
{'paper_align_label_loss': '0.2366', 'paper_align_reason_loss': '0.2759', 'epoch': '0.4866'}
{'paper_align_label_loss': '0.1643', 'paper_align_reason_loss': '0.2753', 'epoch': '0.4866'}
{'paper_align_label_loss': '0.06625', 'paper_align_reason_loss': '0.1137', 'epoch': '0.4866'}
{'paper_align_label_loss': '0.02081', 'paper_align_reason_loss': '0.1565', 'epoch': '0.4866'}
{'paper_align_label_loss': '0.158', 'paper_align_reason_loss': '0.3382', 'epoch': '0.4915'}
{'paper_align_label_loss': '0.2016', 'paper_align_reason_loss': '0.3819', 'epoch': '0.4915'}
{'paper_align_label_loss': '0.1278', 'paper_align_reason_loss': '0.2975', 'epoch': '0.4915'}
{'paper_align_label_loss': '0.1032', 'paper_align_reason_loss': '0.4042', 'epoch': '0.4915'}
{'paper_align_label_loss': '0.1774', 'paper_align_reason_loss': '0.3391', 'epoch': '0.4964'}
{'paper_align_label_loss': '0.04334', 'paper_align_reason_loss': '0.1102', 'epoch': '0.4964'}
{'paper_align_label_loss': '0.0758', 'paper_align_reason_loss': '0.2376', 'epoch': '0.4964'}
{'paper_align_label_loss': '0.1258', 'paper_align_reason_loss': '0.3284', 'epoch': '0.4964'}
{'paper_align_label_loss': '0.07322', 'paper_align_reason_loss': '0.2209', 'epoch': '0.5012'}
{'paper_align_label_loss': '0.1032', 'paper_align_reason_loss': '0.3807', 'epoch': '0.5012'}
{'paper_align_label_loss': '0.1149', 'paper_align_reason_loss': '0.4146', 'epoch': '0.5012'}
{'paper_align_label_loss': '0.05662', 'paper_align_reason_loss': '0.1792', 'epoch': '0.5012'}
{'paper_align_label_loss': '0.003353', 'paper_align_reason_loss': '0.09505', 'epoch': '0.5061'}
{'paper_align_label_loss': '0.1177', 'paper_align_reason_loss': '0.1987', 'epoch': '0.5061'}
{'paper_align_label_loss': '0.2442', 'paper_align_reason_loss': '0.3057', 'epoch': '0.5061'}
{'paper_align_label_loss': '0.06335', 'paper_align_reason_loss': '0.2658', 'epoch': '0.5061'}
{'paper_align_label_loss': '0.0021', 'paper_align_reason_loss': '0.2706', 'epoch': '0.5109'}
{'paper_align_label_loss': '0.07082', 'paper_align_reason_loss': '0.1758', 'epoch': '0.5109'}
{'paper_align_label_loss': '0.1503', 'paper_align_reason_loss': '0.2667', 'epoch': '0.5109'}
{'paper_align_label_loss': '0.03887', 'paper_align_reason_loss': '0.2218', 'epoch': '0.5109'}
{'paper_align_label_loss': '0.1419', 'paper_align_reason_loss': '0.2724', 'epoch': '0.5158'}
{'paper_align_label_loss': '0.217', 'paper_align_reason_loss': '0.3335', 'epoch': '0.5158'}

 17%|█▋        | 106/618 [04:11<20:29,  2.40s/it]2026-09-22 08:34:57,641 INFO [rev_util_verifiability|paper_align|Qwen3-0.6B] step=106 epoch=0.5158

                                                 

 17%|█▋        | 106/618 [04:12<20:29,  2.40s/it]
 17%|█▋        | 107/618 [04:12<21:10,  2.49s/it]2026-09-22 08:34:58,256 INFO [rev_util_verifiability|paper_align|Qwen3-0.6B] step=107 epoch=0.5207

                                                 

 17%|█▋        | 107/618 [04:12<21:10,  2.49s/it]2026-09-22 08:34:58,835 INFO [rev_util_verifiability|paper_align|Qwen3-0.6B] step=107 epoch=0.5207

                                                 

 17%|█▋        | 107/618 [04:13<21:10,  2.49s/it]2026-09-22 08:34:59,412 INFO [rev_util_verifiability|paper_align|Qwen3-0.6B] step=107 epoch=0.5207

                                                 

 17%|█▋        | 107/618 [04:14<21:10,  2.49s/it]2026-09-22 08:34:59,992 INFO [rev_util_verifiability|paper_align|Qwen3-0.6B] step=107 epoch=0.5207

                                                 

 17%|█▋        | 107/618 [04:14<21:10,  2.49s/it]
 17%|█▋        | 108/618 [04:15<20:48,  2.45s/it]2026-09-22 08:35:00,616 INFO [rev_util_verifiability|paper_align|Qwen3-0.6B] step=108 epoch=0.5255

                                                 

 17%|█▋        | 108/618 [04:15<20:48,  2.45s/it]2026-09-22 08:35:01,202 INFO [rev_util_verifiability|paper_align|Qwen3-0.6B] step=108 epoch=0.5255

                                                 

 17%|█▋        | 108/618 [04:15<20:48,  2.45s/it]2026-09-22 08:35:01,788 INFO [rev_util_verifiability|paper_align|Qwen3-0.6B] step=108 epoch=0.5255

                                                 

 17%|█▋        | 108/618 [04:16<20:48,  2.45s/it]2026-09-22 08:35:02,370 INFO [rev_util_verifiability|paper_align|Qwen3-0.6B] step=108 epoch=0.5255

                                                 

 17%|█▋        | 108/618 [04:17<20:48,  2.45s/it]
 18%|█▊        | 109/618 [04:17<20:35,  2.43s/it]2026-09-22 08:35:02,995 INFO [rev_util_verifiability|paper_align|Qwen3-0.6B] step=109 epoch=0.5304

                                                 

 18%|█▊        | 109/618 [04:17<20:35,  2.43s/it]2026-09-22 08:35:03,571 INFO [rev_util_verifiability|paper_align|Qwen3-0.6B] step=109 epoch=0.5304

                                                 

 18%|█▊        | 109/618 [04:18<20:35,  2.43s/it]2026-09-22 08:35:04,155 INFO [rev_util_verifiability|paper_align|Qwen3-0.6B] step=109 epoch=0.5304

                                                 

 18%|█▊        | 109/618 [04:18<20:35,  2.43s/it]2026-09-22 08:35:04,729 INFO [rev_util_verifiability|paper_align|Qwen3-0.6B] step=109 epoch=0.5304

                                                 

 18%|█▊        | 109/618 [04:19<20:35,  2.43s/it]
 18%|█▊        | 110/618 [04:19<20:22,  2.41s/it]2026-09-22 08:35:05,139 INFO [rev_util_verifiability|paper_align|Qwen3-0.6B] step=110 loss=0.6939 learning_rate=0.0001 epoch=0.5353

                                                 

 18%|█▊        | 110/618 [04:19<20:22,  2.41s/it]2026-09-22 08:35:05,356 INFO [rev_util_verifiability|paper_align|Qwen3-0.6B] step=110 epoch=0.5353

                                                 

 18%|█▊        | 110/618 [04:20<20:22,  2.41s/it]2026-09-22 08:35:05,931 INFO [rev_util_verifiability|paper_align|Qwen3-0.6B] step=110 epoch=0.5353

                                                 

 18%|█▊        | 110/618 [04:20<20:22,  2.41s/it]2026-09-22 08:35:06,592 INFO [rev_util_verifiability|paper_align|Qwen3-0.6B] step=110 epoch=0.5353

                                                 

 18%|█▊        | 110/618 [04:21<20:22,  2.41s/it]2026-09-22 08:35:07,238 INFO [rev_util_verifiability|paper_align|Qwen3-0.6B] step=110 epoch=0.5353

                                                 

 18%|█▊        | 110/618 [04:21<20:22,  2.41s/it]
 18%|█▊        | 111/618 [04:22<20:41,  2.45s/it]2026-09-22 08:35:07,904 INFO [rev_util_verifiability|paper_align|Qwen3-0.6B] step=111 epoch=0.5401

                                                 

 18%|█▊        | 111/618 [04:22<20:41,  2.45s/it]2026-09-22 08:35:08,501 INFO [rev_util_verifiability|paper_align|Qwen3-0.6B] step=111 epoch=0.5401

                                                 

 18%|█▊        | 111/618 [04:23<20:41,  2.45s/it]2026-09-22 08:35:09,398 INFO [rev_util_verifiability|paper_align|Qwen3-0.6B] step=111 epoch=0.5401

                                                 

 18%|█▊        | 111/618 [04:24<20:41,  2.45s/it]2026-09-22 08:35:09,987 INFO [rev_util_verifiability|paper_align|Qwen3-0.6B] step=111 epoch=0.5401

                                                 

 18%|█▊        | 111/618 [04:24<20:41,  2.45s/it]
 18%|█▊        | 112/618 [04:25<21:18,  2.53s/it]2026-09-22 08:35:10,618 INFO [rev_util_verifiability|paper_align|Qwen3-0.6B] step=112 epoch=0.5450

                                                 

 18%|█▊        | 112/618 [04:25<21:18,  2.53s/it]2026-09-22 08:35:11,200 INFO [rev_util_verifiability|paper_align|Qwen3-0.6B] step=112 epoch=0.5450

                                                 

 18%|█▊        | 112/618 [04:25<21:18,  2.53s/it]2026-09-22 08:35:11,775 INFO [rev_util_verifiability|paper_align|Qwen3-0.6B] step=112 epoch=0.5450

                                                 

 18%|█▊        | 112/618 [04:26<21:18,  2.53s/it]2026-09-22 08:35:12,354 INFO [rev_util_verifiability|paper_align|Qwen3-0.6B] step=112 epoch=0.5450

                                                 

 18%|█▊        | 112/618 [04:27<21:18,  2.53s/it]
 18%|█▊        | 113/618 [04:27<20:49,  2.47s/it]2026-09-22 08:35:12,951 INFO [rev_util_verifiability|paper_align|Qwen3-0.6B] step=113 epoch=0.5499

                                                 

 18%|█▊        | 113/618 [04:27<20:49,  2.47s/it]2026-09-22 08:35:13,502 INFO [rev_util_verifiability|paper_align|Qwen3-0.6B] step=113 epoch=0.5499

                                                 

 18%|█▊        | 113/618 [04:28<20:49,  2.47s/it]2026-09-22 08:35:14,090 INFO [rev_util_verifiability|paper_align|Qwen3-0.6B] step=113 epoch=0.5499

                                                 

 18%|█▊        | 113/618 [04:28<20:49,  2.47s/it]2026-09-22 08:35:14,657 INFO [rev_util_verifiability|paper_align|Qwen3-0.6B] step=113 epoch=0.5499

                                                 

 18%|█▊        | 113/618 [04:29<20:49,  2.47s/it]
 18%|█▊        | 114/618 [04:29<20:23,  2.43s/it]2026-09-22 08:35:15,273 INFO [rev_util_verifiability|paper_align|Qwen3-0.6B] step=114 epoch=0.5547

                                                 

 18%|█▊        | 114/618 [04:29<20:23,  2.43s/it]2026-09-22 08:35:15,843 INFO [rev_util_verifiability|paper_align|Qwen3-0.6B] step=114 epoch=0.5547

                                                 

 18%|█▊        | 114/618 [04:30<20:23,  2.43s/it]2026-09-22 08:35:16,417 INFO [rev_util_verifiability|paper_align|Qwen3-0.6B] step=114 epoch=0.5547

                                                 

 18%|█▊        | 114/618 [04:31<20:23,  2.43s/it]2026-09-22 08:35:16,990 INFO [rev_util_verifiability|paper_align|Qwen3-0.6B] step=114 epoch=0.5547

                                                 

 18%|█▊        | 114/618 [04:31<20:23,  2.43s/it]
 19%|█▊        | 115/618 [04:32<20:05,  2.40s/it]2026-09-22 08:35:17,597 INFO [rev_util_verifiability|paper_align|Qwen3-0.6B] step=115 epoch=0.5596

                                                 

 19%|█▊        | 115/618 [04:32<20:05,  2.40s/it]2026-09-22 08:35:18,156 INFO [rev_util_verifiability|paper_align|Qwen3-0.6B] step=115 epoch=0.5596

                                                 

 19%|█▊        | 115/618 [04:32<20:05,  2.40s/it]2026-09-22 08:35:18,739 INFO [rev_util_verifiability|paper_align|Qwen3-0.6B] step=115 epoch=0.5596

                                                 

 19%|█▊        | 115/618 [04:33<20:05,  2.40s/it]2026-09-22 08:35:19,302 INFO [rev_util_verifiability|paper_align|Qwen3-0.6B] step=115 epoch=0.5596

                                                 

 19%|█▊        | 115/618 [04:34<20:05,  2.40s/it]
 19%|█▉        | 116/618 [04:34<19:48,  2.37s/it]2026-09-22 08:35:19,895 INFO [rev_util_verifiability|paper_align|Qwen3-0.6B] step=116 epoch=0.5645

                                                 

 19%|█▉        | 116/618 [04:34<19:48,  2.37s/it]2026-09-22 08:35:20,759 INFO [rev_util_verifiability|paper_align|Qwen3-0.6B] step=116 epoch=0.5645

                                                 

 19%|█▉        | 116/618 [04:35<19:48,  2.37s/it]2026-09-22 08:35:21,325 INFO [rev_util_verifiability|paper_align|Qwen3-0.6B] step=116 epoch=0.5645

                                                 

 19%|█▉        | 116/618 [04:36<19:48,  2.37s/it]2026-09-22 08:35:21,887 INFO [rev_util_verifiability|paper_align|Qwen3-0.6B] step=116 epoch=0.5645

                                                 

 19%|█▉        | 116/618 [04:36<19:48,  2.37s/it]
 19%|█▉        | 117/618 [04:37<20:22,  2.44s/it]2026-09-22 08:35:22,510 INFO [rev_util_verifiability|paper_align|Qwen3-0.6B] step=117 epoch=0.5693

                                                 

 19%|█▉        | 117/618 [04:37<20:22,  2.44s/it]2026-09-22 08:35:23,074 INFO [rev_util_verifiability|paper_align|Qwen3-0.6B] step=117 epoch=0.5693

                                                 

 19%|█▉        | 117/618 [04:37<20:22,  2.44s/it]2026-09-22 08:35:23,645 INFO [rev_util_verifiability|paper_align|Qwen3-0.6B] step=117 epoch=0.5693

                                                 

 19%|█▉        | 117/618 [04:38<20:22,  2.44s/it]2026-09-22 08:35:24,228 INFO [rev_util_verifiability|paper_align|Qwen3-0.6B] step=117 epoch=0.5693

                                                 

 19%|█▉        | 117/618 [04:38<20:22,  2.44s/it]
 19%|█▉        | 118/618 [04:39<20:02,  2.41s/it]2026-09-22 08:35:24,835 INFO [rev_util_verifiability|paper_align|Qwen3-0.6B] step=118 epoch=0.5742

                                                 

 19%|█▉        | 118/618 [04:39<20:02,  2.41s/it]2026-09-22 08:35:25,394 INFO [rev_util_verifiability|paper_align|Qwen3-0.6B] step=118 epoch=0.5742

                                                 

 19%|█▉        | 118/618 [04:40<20:02,  2.41s/it]2026-09-22 08:35:25,974 INFO [rev_util_verifiability|paper_align|Qwen3-0.6B] step=118 epoch=0.5742

                                                 

 19%|█▉        | 118/618 [04:40<20:02,  2.41s/it]2026-09-22 08:35:26,539 INFO [rev_util_verifiability|paper_align|Qwen3-0.6B] step=118 epoch=0.5742

                                                 

 19%|█▉        | 118/618 [04:41<20:02,  2.41s/it]
 19%|█▉        | 119/618 [04:41<19:47,  2.38s/it]2026-09-22 08:35:27,160 INFO [rev_util_verifiability|paper_align|Qwen3-0.6B] step=119 epoch=0.5791

                                                 

 19%|█▉        | 119/618 [04:41<19:47,  2.38s/it]2026-09-22 08:35:27,733 INFO [rev_util_verifiability|paper_align|Qwen3-0.6B] step=119 epoch=0.5791

                                                 

 19%|█▉        | 119/618 [04:42<19:47,  2.38s/it]2026-09-22 08:35:28,311 INFO [rev_util_verifiability|paper_align|Qwen3-0.6B] step=119 epoch=0.5791

                                                 

 19%|█▉        | 119/618 [04:43<19:47,  2.38s/it]2026-09-22 08:35:28,882 INFO [rev_util_verifiability|paper_align|Qwen3-0.6B] step=119 epoch=0.5791

                                                 

 19%|█▉        | 119/618 [04:43<19:47,  2.38s/it]
 19%|█▉        | 120/618 [04:43<19:41,  2.37s/it]2026-09-22 08:35:29,297 INFO [rev_util_verifiability|paper_align|Qwen3-0.6B] step=120 loss=0.7232 learning_rate=0.0001 epoch=0.5839

                                                 

 19%|█▉        | 120/618 [04:44<19:41,  2.37s/it]2026-09-22 08:35:29,511 INFO [rev_util_verifiability|paper_align|Qwen3-0.6B] step=120 epoch=0.5839

                                                 

 19%|█▉        | 120/618 [04:44<19:41,  2.37s/it]2026-09-22 08:35:30,065 INFO [rev_util_verifiability|paper_align|Qwen3-0.6B] step=120 epoch=0.5839

                                                 

 19%|█▉        | 120/618 [04:44<19:41,  2.37s/it]2026-09-22 08:35:30,627 INFO [rev_util_verifiability|paper_align|Qwen3-0.6B] step=120 epoch=0.5839

                                                 

 19%|█▉        | 120/618 [04:45<19:41,  2.37s/it]2026-09-22 08:35:31,175 INFO [rev_util_verifiability|paper_align|Qwen3-0.6B] step=120 epoch=0.5839

                                                 

 19%|█▉        | 120/618 [04:45<19:41,  2.37s/it]
 20%|█▉        | 121/618 [04:46<19:21,  2.34s/it]2026-09-22 08:35:31,760 INFO [rev_util_verifiability|paper_align|Qwen3-0.6B] step=121 epoch=0.5888

                                                 

 20%|█▉        | 121/618 [04:46<19:21,  2.34s/it]2026-09-22 08:35:32,583 INFO [rev_util_verifiability|paper_align|Qwen3-0.6B] step=121 epoch=0.5888

                                                 

 20%|█▉        | 121/618 [04:47<19:21,  2.34s/it]2026-09-22 08:35:33,150 INFO [rev_util_verifiability|paper_align|Qwen3-0.6B] step=121 epoch=0.5888

                                                 

 20%|█▉        | 121/618 [04:47<19:21,  2.34s/it]2026-09-22 08:35:33,709 INFO [rev_util_verifiability|paper_align|Qwen3-0.6B] step=121 epoch=0.5888

                                                 

 20%|█▉        | 121/618 [04:48<19:21,  2.34s/it]
 20%|█▉        | 122/618 [04:48<19:50,  2.40s/it]2026-09-22 08:35:34,302 INFO [rev_util_verifiability|paper_align|Qwen3-0.6B] step=122 epoch=0.5937

                                                 

 20%|█▉        | 122/618 [04:49<19:50,  2.40s/it]2026-09-22 08:35:34,859 INFO [rev_util_verifiability|paper_align|Qwen3-0.6B] step=122 epoch=0.5937

                                                 

 20%|█▉        | 122/618 [04:49<19:50,  2.40s/it]2026-09-22 08:35:35,411 INFO [rev_util_verifiability|paper_align|Qwen3-0.6B] step=122 epoch=0.5937

                                                 

 20%|█▉        | 122/618 [04:50<19:50,  2.40s/it]2026-09-22 08:35:35,977 INFO [rev_util_verifiability|paper_align|Qwen3-0.6B] step=122 epoch=0.5937

                                                 

 20%|█▉        | 122/618 [04:50<19:50,  2.40s/it]
 20%|█▉        | 123/618 [04:51<19:27,  2.36s/it]2026-09-22 08:35:36,570 INFO [rev_util_verifiability|paper_align|Qwen3-0.6B] step=123 epoch=0.5985

                                                 

 20%|█▉        | 123/618 [04:51<19:27,  2.36s/it]2026-09-22 08:35:37,122 INFO [rev_util_verifiability|paper_align|Qwen3-0.6B] step=123 epoch=0.5985

                                                 

 20%|█▉        | 123/618 [04:51<19:27,  2.36s/it]2026-09-22 08:35:37,698 INFO [rev_util_verifiability|paper_align|Qwen3-0.6B] step=123 epoch=0.5985

                                                 

 20%|█▉        | 123/618 [04:52<19:27,  2.36s/it]2026-09-22 08:35:38,272 INFO [rev_util_verifiability|paper_align|Qwen3-0.6B] step=123 epoch=0.5985

                                                 

 20%|█▉        | 123/618 [04:52<19:27,  2.36s/it]
 20%|██        | 124/618 [04:53<19:15,  2.34s/it]2026-09-22 08:35:38,867 INFO [rev_util_verifiability|paper_align|Qwen3-0.6B] step=124 epoch=0.6034

                                                 

 20%|██        | 124/618 [04:53<19:15,  2.34s/it]2026-09-22 08:35:39,431 INFO [rev_util_verifiability|paper_align|Qwen3-0.6B] step=124 epoch=0.6034

                                                 

 20%|██        | 124/618 [04:54<19:15,  2.34s/it]2026-09-22 08:35:39,982 INFO [rev_util_verifiability|paper_align|Qwen3-0.6B] step=124 epoch=0.6034

                                                 

 20%|██        | 124/618 [04:54<19:15,  2.34s/it]2026-09-22 08:35:40,550 INFO [rev_util_verifiability|paper_align|Qwen3-0.6B] step=124 epoch=0.6034

                                                 

 20%|██        | 124/618 [04:55<19:15,  2.34s/it]
 20%|██        | 125/618 [04:55<19:05,  2.32s/it]2026-09-22 08:35:41,149 INFO [rev_util_verifiability|paper_align|Qwen3-0.6B] step=125 epoch=0.6083

                                                 

 20%|██        | 125/618 [04:55<19:05,  2.32s/it]2026-09-22 08:35:41,705 INFO [rev_util_verifiability|paper_align|Qwen3-0.6B] step=125 epoch=0.6083

                                                 

 20%|██        | 125/618 [04:56<19:05,  2.32s/it]2026-09-22 08:35:42,283 INFO [rev_util_verifiability|paper_align|Qwen3-0.6B] step=125 epoch=0.6083

                                                 

 20%|██        | 125/618 [04:56<19:05,  2.32s/it]2026-09-22 08:35:42,849 INFO [rev_util_verifiability|paper_align|Qwen3-0.6B] step=125 epoch=0.6083

                                                 

 20%|██        | 125/618 [04:57<19:05,  2.32s/it]
 20%|██        | 126/618 [04:57<19:01,  2.32s/it]2026-09-22 08:35:43,468 INFO [rev_util_verifiability|paper_align|Qwen3-0.6B] step=126 epoch=0.6131

                                                 

 20%|██        | 126/618 [04:58<19:01,  2.32s/it]2026-09-22 08:35:44,051 INFO [rev_util_verifiability|paper_align|Qwen3-0.6B] step=126 epoch=0.6131

                                                 

 20%|██        | 126/618 [04:58<19:01,  2.32s/it]2026-09-22 08:35:44,948 INFO [rev_util_verifiability|paper_align|Qwen3-0.6B] step=126 epoch=0.6131

                                                 

 20%|██        | 126/618 [04:59<19:01,  2.32s/it]2026-09-22 08:35:45,515 INFO [rev_util_verifiability|paper_align|Qwen3-0.6B] step=126 epoch=0.6131

                                                 

 20%|██        | 126/618 [05:00<19:01,  2.32s/it]
 21%|██        | 127/618 [05:00<19:48,  2.42s/it]2026-09-22 08:35:46,120 INFO [rev_util_verifiability|paper_align|Qwen3-0.6B] step=127 epoch=0.6180

                                                 

 21%|██        | 127/618 [05:00<19:48,  2.42s/it]2026-09-22 08:35:46,698 INFO [rev_util_verifiability|paper_align|Qwen3-0.6B] step=127 epoch=0.6180

                                                 

 21%|██        | 127/618 [05:01<19:48,  2.42s/it]2026-09-22 08:35:47,269 INFO [rev_util_verifiability|paper_align|Qwen3-0.6B] step=127 epoch=0.6180

                                                 

 21%|██        | 127/618 [05:01<19:48,  2.42s/it]2026-09-22 08:35:47,835 INFO [rev_util_verifiability|paper_align|Qwen3-0.6B] step=127 epoch=0.6180

                                                 
{'paper_align_label_loss': '0.1791', 'paper_align_reason_loss': '0.155', 'epoch': '0.5158'}
{'paper_align_label_loss': '0.05813', 'paper_align_reason_loss': '0.1963', 'epoch': '0.5158'}
{'paper_align_label_loss': '0.02105', 'paper_align_reason_loss': '0.1007', 'epoch': '0.5207'}
{'paper_align_label_loss': '0.0622', 'paper_align_reason_loss': '0.06893', 'epoch': '0.5207'}
{'paper_align_label_loss': '0.03655', 'paper_align_reason_loss': '0.2517', 'epoch': '0.5207'}
{'paper_align_label_loss': '0.1274', 'paper_align_reason_loss': '0.4179', 'epoch': '0.5207'}
{'paper_align_label_loss': '0.0532', 'paper_align_reason_loss': '0.1441', 'epoch': '0.5255'}
{'paper_align_label_loss': '0.145', 'paper_align_reason_loss': '0.2593', 'epoch': '0.5255'}
{'paper_align_label_loss': '0.1884', 'paper_align_reason_loss': '0.2712', 'epoch': '0.5255'}
{'paper_align_label_loss': '0.0757', 'paper_align_reason_loss': '0.2645', 'epoch': '0.5255'}
{'paper_align_label_loss': '0.03851', 'paper_align_reason_loss': '0.2522', 'epoch': '0.5304'}
{'paper_align_label_loss': '0.08602', 'paper_align_reason_loss': '0.2473', 'epoch': '0.5304'}
{'paper_align_label_loss': '0.04197', 'paper_align_reason_loss': '0.2143', 'epoch': '0.5304'}
{'paper_align_label_loss': '0.009006', 'paper_align_reason_loss': '0.1551', 'epoch': '0.5304'}
{'loss': '0.6939', 'grad_norm': '3.458', 'learning_rate': '9.453e-05', 'epoch': '0.5353'}
{'paper_align_label_loss': '0.05786', 'paper_align_reason_loss': '0.1731', 'epoch': '0.5353'}
{'paper_align_label_loss': '0.004427', 'paper_align_reason_loss': '0.1999', 'epoch': '0.5353'}
{'paper_align_label_loss': '0.2326', 'paper_align_reason_loss': '0.4053', 'epoch': '0.5353'}
{'paper_align_label_loss': '0.03754', 'paper_align_reason_loss': '0.1377', 'epoch': '0.5353'}
{'paper_align_label_loss': '0.1682', 'paper_align_reason_loss': '0.2232', 'epoch': '0.5401'}
{'paper_align_label_loss': '0.1679', 'paper_align_reason_loss': '0.3587', 'epoch': '0.5401'}
{'paper_align_label_loss': '0.104', 'paper_align_reason_loss': '0.2684', 'epoch': '0.5401'}
{'paper_align_label_loss': '0.001421', 'paper_align_reason_loss': '0.07665', 'epoch': '0.5401'}
{'paper_align_label_loss': '0.1809', 'paper_align_reason_loss': '0.3191', 'epoch': '0.545'}
{'paper_align_label_loss': '0.005187', 'paper_align_reason_loss': '0.1984', 'epoch': '0.545'}
{'paper_align_label_loss': '0.08711', 'paper_align_reason_loss': '0.3413', 'epoch': '0.545'}
{'paper_align_label_loss': '0.005723', 'paper_align_reason_loss': '0.1835', 'epoch': '0.545'}
{'paper_align_label_loss': '0.00171', 'paper_align_reason_loss': '0.1479', 'epoch': '0.5499'}
{'paper_align_label_loss': '0.1024', 'paper_align_reason_loss': '0.3017', 'epoch': '0.5499'}
{'paper_align_label_loss': '0.1267', 'paper_align_reason_loss': '0.3914', 'epoch': '0.5499'}
{'paper_align_label_loss': '0.00116', 'paper_align_reason_loss': '0.2167', 'epoch': '0.5499'}
{'paper_align_label_loss': '0.179', 'paper_align_reason_loss': '0.3666', 'epoch': '0.5547'}
{'paper_align_label_loss': '0.1287', 'paper_align_reason_loss': '0.2979', 'epoch': '0.5547'}
{'paper_align_label_loss': '0.2138', 'paper_align_reason_loss': '0.3982', 'epoch': '0.5547'}
{'paper_align_label_loss': '0.1024', 'paper_align_reason_loss': '0.1954', 'epoch': '0.5547'}
{'paper_align_label_loss': '0.04908', 'paper_align_reason_loss': '0.2287', 'epoch': '0.5596'}
{'paper_align_label_loss': '0.1018', 'paper_align_reason_loss': '0.3463', 'epoch': '0.5596'}
{'paper_align_label_loss': '0.02374', 'paper_align_reason_loss': '0.1678', 'epoch': '0.5596'}
{'paper_align_label_loss': '0.004687', 'paper_align_reason_loss': '0.1948', 'epoch': '0.5596'}
{'paper_align_label_loss': '0.2528', 'paper_align_reason_loss': '0.2714', 'epoch': '0.5645'}
{'paper_align_label_loss': '0.1042', 'paper_align_reason_loss': '0.3311', 'epoch': '0.5645'}
{'paper_align_label_loss': '0.1069', 'paper_align_reason_loss': '0.1958', 'epoch': '0.5645'}
{'paper_align_label_loss': '0.1029', 'paper_align_reason_loss': '0.3619', 'epoch': '0.5645'}
{'paper_align_label_loss': '0.03145', 'paper_align_reason_loss': '0.1773', 'epoch': '0.5693'}
{'paper_align_label_loss': '0.1951', 'paper_align_reason_loss': '0.1823', 'epoch': '0.5693'}
{'paper_align_label_loss': '0.01774', 'paper_align_reason_loss': '0.2009', 'epoch': '0.5693'}
{'paper_align_label_loss': '0.1188', 'paper_align_reason_loss': '0.2848', 'epoch': '0.5693'}
{'paper_align_label_loss': '0.07531', 'paper_align_reason_loss': '0.3288', 'epoch': '0.5742'}
{'paper_align_label_loss': '0.04118', 'paper_align_reason_loss': '0.1606', 'epoch': '0.5742'}
{'paper_align_label_loss': '0.07049', 'paper_align_reason_loss': '0.2909', 'epoch': '0.5742'}
{'paper_align_label_loss': '0.4197', 'paper_align_reason_loss': '0.191', 'epoch': '0.5742'}
{'paper_align_label_loss': '0.07148', 'paper_align_reason_loss': '0.3123', 'epoch': '0.5791'}
{'paper_align_label_loss': '0.1418', 'paper_align_reason_loss': '0.3362', 'epoch': '0.5791'}
{'paper_align_label_loss': '0.02508', 'paper_align_reason_loss': '0.2863', 'epoch': '0.5791'}
{'paper_align_label_loss': '0.2488', 'paper_align_reason_loss': '0.3021', 'epoch': '0.5791'}
{'loss': '0.7232', 'grad_norm': '4.326', 'learning_rate': '9.328e-05', 'epoch': '0.5839'}
{'paper_align_label_loss': '0.08552', 'paper_align_reason_loss': '0.1654', 'epoch': '0.5839'}
{'paper_align_label_loss': '0.1769', 'paper_align_reason_loss': '0.2319', 'epoch': '0.5839'}
{'paper_align_label_loss': '0.107', 'paper_align_reason_loss': '0.1822', 'epoch': '0.5839'}
{'paper_align_label_loss': '0.00094', 'paper_align_reason_loss': '0.2281', 'epoch': '0.5839'}
{'paper_align_label_loss': '0.1071', 'paper_align_reason_loss': '0.3548', 'epoch': '0.5888'}
{'paper_align_label_loss': '0.06312', 'paper_align_reason_loss': '0.1815', 'epoch': '0.5888'}
{'paper_align_label_loss': '0.1546', 'paper_align_reason_loss': '0.1897', 'epoch': '0.5888'}
{'paper_align_label_loss': '0.05464', 'paper_align_reason_loss': '0.2573', 'epoch': '0.5888'}
{'paper_align_label_loss': '0.001475', 'paper_align_reason_loss': '0.1952', 'epoch': '0.5937'}
{'paper_align_label_loss': '0.05264', 'paper_align_reason_loss': '0.2623', 'epoch': '0.5937'}
{'paper_align_label_loss': '0.1265', 'paper_align_reason_loss': '0.2911', 'epoch': '0.5937'}
{'paper_align_label_loss': '0.1035', 'paper_align_reason_loss': '0.2233', 'epoch': '0.5937'}
{'paper_align_label_loss': '0.1534', 'paper_align_reason_loss': '0.2382', 'epoch': '0.5985'}
{'paper_align_label_loss': '0.2056', 'paper_align_reason_loss': '0.3838', 'epoch': '0.5985'}
{'paper_align_label_loss': '0.05811', 'paper_align_reason_loss': '0.3763', 'epoch': '0.5985'}
{'paper_align_label_loss': '0.02789', 'paper_align_reason_loss': '0.1592', 'epoch': '0.5985'}
{'paper_align_label_loss': '0.1926', 'paper_align_reason_loss': '0.313', 'epoch': '0.6034'}
{'paper_align_label_loss': '0.1441', 'paper_align_reason_loss': '0.2532', 'epoch': '0.6034'}
{'paper_align_label_loss': '0.04327', 'paper_align_reason_loss': '0.2099', 'epoch': '0.6034'}
{'paper_align_label_loss': '0.03782', 'paper_align_reason_loss': '0.2418', 'epoch': '0.6034'}
{'paper_align_label_loss': '0.02846', 'paper_align_reason_loss': '0.2493', 'epoch': '0.6083'}
{'paper_align_label_loss': '0.09445', 'paper_align_reason_loss': '0.304', 'epoch': '0.6083'}
{'paper_align_label_loss': '0.001548', 'paper_align_reason_loss': '0.1093', 'epoch': '0.6083'}
{'paper_align_label_loss': '0.08019', 'paper_align_reason_loss': '0.2876', 'epoch': '0.6083'}
{'paper_align_label_loss': '0.1184', 'paper_align_reason_loss': '0.2693', 'epoch': '0.6131'}
{'paper_align_label_loss': '0.07227', 'paper_align_reason_loss': '0.2416', 'epoch': '0.6131'}
{'paper_align_label_loss': '0.0001214', 'paper_align_reason_loss': '0.1495', 'epoch': '0.6131'}
{'paper_align_label_loss': '0.1482', 'paper_align_reason_loss': '0.176', 'epoch': '0.6131'}
{'paper_align_label_loss': '0.08104', 'paper_align_reason_loss': '0.2644', 'epoch': '0.618'}
{'paper_align_label_loss': '0.1319', 'paper_align_reason_loss': '0.2534', 'epoch': '0.618'}
{'paper_align_label_loss': '0.06623', 'paper_align_reason_loss': '0.1908', 'epoch': '0.618'}

 21%|██        | 127/618 [05:02<19:48,  2.42s/it]
 21%|██        | 128/618 [05:02<19:29,  2.39s/it]2026-09-22 08:35:48,426 INFO [rev_util_verifiability|paper_align|Qwen3-0.6B] step=128 epoch=0.6229

                                                 

 21%|██        | 128/618 [05:03<19:29,  2.39s/it]2026-09-22 08:35:48,971 INFO [rev_util_verifiability|paper_align|Qwen3-0.6B] step=128 epoch=0.6229

                                                 

 21%|██        | 128/618 [05:03<19:29,  2.39s/it]2026-09-22 08:35:49,542 INFO [rev_util_verifiability|paper_align|Qwen3-0.6B] step=128 epoch=0.6229

                                                 

 21%|██        | 128/618 [05:04<19:29,  2.39s/it]2026-09-22 08:35:50,091 INFO [rev_util_verifiability|paper_align|Qwen3-0.6B] step=128 epoch=0.6229

                                                 

 21%|██        | 128/618 [05:04<19:29,  2.39s/it]
 21%|██        | 129/618 [05:05<19:10,  2.35s/it]2026-09-22 08:35:50,694 INFO [rev_util_verifiability|paper_align|Qwen3-0.6B] step=129 epoch=0.6277

                                                 

 21%|██        | 129/618 [05:05<19:10,  2.35s/it]2026-09-22 08:35:51,242 INFO [rev_util_verifiability|paper_align|Qwen3-0.6B] step=129 epoch=0.6277

                                                 

 21%|██        | 129/618 [05:05<19:10,  2.35s/it]2026-09-22 08:35:51,791 INFO [rev_util_verifiability|paper_align|Qwen3-0.6B] step=129 epoch=0.6277

                                                 

 21%|██        | 129/618 [05:06<19:10,  2.35s/it]2026-09-22 08:35:52,351 INFO [rev_util_verifiability|paper_align|Qwen3-0.6B] step=129 epoch=0.6277

                                                 

 21%|██        | 129/618 [05:07<19:10,  2.35s/it]
 21%|██        | 130/618 [05:07<18:52,  2.32s/it]2026-09-22 08:35:52,741 INFO [rev_util_verifiability|paper_align|Qwen3-0.6B] step=130 loss=0.6209 learning_rate=0.0001 epoch=0.6326

                                                 

 21%|██        | 130/618 [05:07<18:52,  2.32s/it]2026-09-22 08:35:52,947 INFO [rev_util_verifiability|paper_align|Qwen3-0.6B] step=130 epoch=0.6326

                                                 

 21%|██        | 130/618 [05:07<18:52,  2.32s/it]2026-09-22 08:35:53,489 INFO [rev_util_verifiability|paper_align|Qwen3-0.6B] step=130 epoch=0.6326

                                                 

 21%|██        | 130/618 [05:08<18:52,  2.32s/it]2026-09-22 08:35:54,062 INFO [rev_util_verifiability|paper_align|Qwen3-0.6B] step=130 epoch=0.6326

                                                 

 21%|██        | 130/618 [05:08<18:52,  2.32s/it]2026-09-22 08:35:54,616 INFO [rev_util_verifiability|paper_align|Qwen3-0.6B] step=130 epoch=0.6326

                                                 

 21%|██        | 130/618 [05:09<18:52,  2.32s/it]
 21%|██        | 131/618 [05:09<18:42,  2.31s/it]2026-09-22 08:35:55,217 INFO [rev_util_verifiability|paper_align|Qwen3-0.6B] step=131 epoch=0.6375

                                                 

 21%|██        | 131/618 [05:09<18:42,  2.31s/it]2026-09-22 08:35:55,768 INFO [rev_util_verifiability|paper_align|Qwen3-0.6B] step=131 epoch=0.6375

                                                 

 21%|██        | 131/618 [05:10<18:42,  2.31s/it]2026-09-22 08:35:56,318 INFO [rev_util_verifiability|paper_align|Qwen3-0.6B] step=131 epoch=0.6375

                                                 

 21%|██        | 131/618 [05:11<18:42,  2.31s/it]2026-09-22 08:35:57,173 INFO [rev_util_verifiability|paper_align|Qwen3-0.6B] step=131 epoch=0.6375

                                                 

 21%|██        | 131/618 [05:11<18:42,  2.31s/it]
 21%|██▏       | 132/618 [05:12<19:19,  2.38s/it]2026-09-22 08:35:57,784 INFO [rev_util_verifiability|paper_align|Qwen3-0.6B] step=132 epoch=0.6423

                                                 

 21%|██▏       | 132/618 [05:12<19:19,  2.38s/it]2026-09-22 08:35:58,323 INFO [rev_util_verifiability|paper_align|Qwen3-0.6B] step=132 epoch=0.6423

                                                 

 21%|██▏       | 132/618 [05:13<19:19,  2.38s/it]2026-09-22 08:35:58,868 INFO [rev_util_verifiability|paper_align|Qwen3-0.6B] step=132 epoch=0.6423

                                                 

 21%|██▏       | 132/618 [05:13<19:19,  2.38s/it]2026-09-22 08:35:59,435 INFO [rev_util_verifiability|paper_align|Qwen3-0.6B] step=132 epoch=0.6423

                                                 

 21%|██▏       | 132/618 [05:14<19:19,  2.38s/it]
 22%|██▏       | 133/618 [05:14<18:55,  2.34s/it]2026-09-22 08:36:00,029 INFO [rev_util_verifiability|paper_align|Qwen3-0.6B] step=133 epoch=0.6472

                                                 

 22%|██▏       | 133/618 [05:14<18:55,  2.34s/it]2026-09-22 08:36:00,602 INFO [rev_util_verifiability|paper_align|Qwen3-0.6B] step=133 epoch=0.6472

                                                 

 22%|██▏       | 133/618 [05:15<18:55,  2.34s/it]2026-09-22 08:36:01,167 INFO [rev_util_verifiability|paper_align|Qwen3-0.6B] step=133 epoch=0.6472

                                                 

 22%|██▏       | 133/618 [05:15<18:55,  2.34s/it]2026-09-22 08:36:01,728 INFO [rev_util_verifiability|paper_align|Qwen3-0.6B] step=133 epoch=0.6472

                                                 

 22%|██▏       | 133/618 [05:16<18:55,  2.34s/it]
 22%|██▏       | 134/618 [05:16<18:49,  2.33s/it]2026-09-22 08:36:02,343 INFO [rev_util_verifiability|paper_align|Qwen3-0.6B] step=134 epoch=0.6521

                                                 

 22%|██▏       | 134/618 [05:17<18:49,  2.33s/it]2026-09-22 08:36:02,912 INFO [rev_util_verifiability|paper_align|Qwen3-0.6B] step=134 epoch=0.6521

                                                 

 22%|██▏       | 134/618 [05:17<18:49,  2.33s/it]2026-09-22 08:36:03,472 INFO [rev_util_verifiability|paper_align|Qwen3-0.6B] step=134 epoch=0.6521

                                                 

 22%|██▏       | 134/618 [05:18<18:49,  2.33s/it]2026-09-22 08:36:04,050 INFO [rev_util_verifiability|paper_align|Qwen3-0.6B] step=134 epoch=0.6521

                                                 

 22%|██▏       | 134/618 [05:18<18:49,  2.33s/it]
 22%|██▏       | 135/618 [05:19<18:43,  2.33s/it]2026-09-22 08:36:04,661 INFO [rev_util_verifiability|paper_align|Qwen3-0.6B] step=135 epoch=0.6569

                                                 

 22%|██▏       | 135/618 [05:19<18:43,  2.33s/it]2026-09-22 08:36:05,229 INFO [rev_util_verifiability|paper_align|Qwen3-0.6B] step=135 epoch=0.6569

                                                 

 22%|██▏       | 135/618 [05:19<18:43,  2.33s/it]2026-09-22 08:36:05,800 INFO [rev_util_verifiability|paper_align|Qwen3-0.6B] step=135 epoch=0.6569

                                                 

 22%|██▏       | 135/618 [05:20<18:43,  2.33s/it]2026-09-22 08:36:06,370 INFO [rev_util_verifiability|paper_align|Qwen3-0.6B] step=135 epoch=0.6569

                                                 

 22%|██▏       | 135/618 [05:21<18:43,  2.33s/it]
 22%|██▏       | 136/618 [05:21<18:41,  2.33s/it]2026-09-22 08:36:06,982 INFO [rev_util_verifiability|paper_align|Qwen3-0.6B] step=136 epoch=0.6618

                                                 

 22%|██▏       | 136/618 [05:21<18:41,  2.33s/it]2026-09-22 08:36:07,537 INFO [rev_util_verifiability|paper_align|Qwen3-0.6B] step=136 epoch=0.6618

                                                 

 22%|██▏       | 136/618 [05:22<18:41,  2.33s/it]2026-09-22 08:36:08,092 INFO [rev_util_verifiability|paper_align|Qwen3-0.6B] step=136 epoch=0.6618

                                                 

 22%|██▏       | 136/618 [05:22<18:41,  2.33s/it]2026-09-22 08:36:08,920 INFO [rev_util_verifiability|paper_align|Qwen3-0.6B] step=136 epoch=0.6618

                                                 

 22%|██▏       | 136/618 [05:23<18:41,  2.33s/it]
 22%|██▏       | 137/618 [05:24<19:09,  2.39s/it]2026-09-22 08:36:09,517 INFO [rev_util_verifiability|paper_align|Qwen3-0.6B] step=137 epoch=0.6667

                                                 

 22%|██▏       | 137/618 [05:24<19:09,  2.39s/it]2026-09-22 08:36:10,064 INFO [rev_util_verifiability|paper_align|Qwen3-0.6B] step=137 epoch=0.6667

                                                 

 22%|██▏       | 137/618 [05:24<19:09,  2.39s/it]2026-09-22 08:36:10,626 INFO [rev_util_verifiability|paper_align|Qwen3-0.6B] step=137 epoch=0.6667

                                                 

 22%|██▏       | 137/618 [05:25<19:09,  2.39s/it]2026-09-22 08:36:11,188 INFO [rev_util_verifiability|paper_align|Qwen3-0.6B] step=137 epoch=0.6667

                                                 

 22%|██▏       | 137/618 [05:25<19:09,  2.39s/it]
 22%|██▏       | 138/618 [05:26<18:48,  2.35s/it]2026-09-22 08:36:11,777 INFO [rev_util_verifiability|paper_align|Qwen3-0.6B] step=138 epoch=0.6715

                                                 

 22%|██▏       | 138/618 [05:26<18:48,  2.35s/it]2026-09-22 08:36:12,324 INFO [rev_util_verifiability|paper_align|Qwen3-0.6B] step=138 epoch=0.6715

                                                 

 22%|██▏       | 138/618 [05:27<18:48,  2.35s/it]2026-09-22 08:36:12,896 INFO [rev_util_verifiability|paper_align|Qwen3-0.6B] step=138 epoch=0.6715

                                                 

 22%|██▏       | 138/618 [05:27<18:48,  2.35s/it]2026-09-22 08:36:13,453 INFO [rev_util_verifiability|paper_align|Qwen3-0.6B] step=138 epoch=0.6715

                                                 

 22%|██▏       | 138/618 [05:28<18:48,  2.35s/it]
 22%|██▏       | 139/618 [05:28<18:34,  2.33s/it]2026-09-22 08:36:14,045 INFO [rev_util_verifiability|paper_align|Qwen3-0.6B] step=139 epoch=0.6764

                                                 

 22%|██▏       | 139/618 [05:28<18:34,  2.33s/it]2026-09-22 08:36:14,593 INFO [rev_util_verifiability|paper_align|Qwen3-0.6B] step=139 epoch=0.6764

                                                 

 22%|██▏       | 139/618 [05:29<18:34,  2.33s/it]2026-09-22 08:36:15,160 INFO [rev_util_verifiability|paper_align|Qwen3-0.6B] step=139 epoch=0.6764

                                                 

 22%|██▏       | 139/618 [05:29<18:34,  2.33s/it]2026-09-22 08:36:15,724 INFO [rev_util_verifiability|paper_align|Qwen3-0.6B] step=139 epoch=0.6764

                                                 

 22%|██▏       | 139/618 [05:30<18:34,  2.33s/it]
 23%|██▎       | 140/618 [05:30<18:24,  2.31s/it]2026-09-22 08:36:16,110 INFO [rev_util_verifiability|paper_align|Qwen3-0.6B] step=140 loss=0.6686 learning_rate=0.0001 epoch=0.6813

                                                 

 23%|██▎       | 140/618 [05:30<18:24,  2.31s/it]2026-09-22 08:36:16,337 INFO [rev_util_verifiability|paper_align|Qwen3-0.6B] step=140 epoch=0.6813

                                                 

 23%|██▎       | 140/618 [05:31<18:24,  2.31s/it]2026-09-22 08:36:16,889 INFO [rev_util_verifiability|paper_align|Qwen3-0.6B] step=140 epoch=0.6813

                                                 

 23%|██▎       | 140/618 [05:31<18:24,  2.31s/it]2026-09-22 08:36:17,456 INFO [rev_util_verifiability|paper_align|Qwen3-0.6B] step=140 epoch=0.6813

                                                 

 23%|██▎       | 140/618 [05:32<18:24,  2.31s/it]2026-09-22 08:36:18,019 INFO [rev_util_verifiability|paper_align|Qwen3-0.6B] step=140 epoch=0.6813

                                                 

 23%|██▎       | 140/618 [05:32<18:24,  2.31s/it]
 23%|██▎       | 141/618 [05:33<18:19,  2.30s/it]2026-09-22 08:36:18,616 INFO [rev_util_verifiability|paper_align|Qwen3-0.6B] step=141 epoch=0.6861

                                                 

 23%|██▎       | 141/618 [05:33<18:19,  2.30s/it]2026-09-22 08:36:19,170 INFO [rev_util_verifiability|paper_align|Qwen3-0.6B] step=141 epoch=0.6861

                                                 

 23%|██▎       | 141/618 [05:33<18:19,  2.30s/it]2026-09-22 08:36:19,744 INFO [rev_util_verifiability|paper_align|Qwen3-0.6B] step=141 epoch=0.6861

                                                 

 23%|██▎       | 141/618 [05:34<18:19,  2.30s/it]2026-09-22 08:36:20,348 INFO [rev_util_verifiability|paper_align|Qwen3-0.6B] step=141 epoch=0.6861

                                                 

 23%|██▎       | 141/618 [05:35<18:19,  2.30s/it]
 23%|██▎       | 142/618 [05:35<18:59,  2.39s/it]2026-09-22 08:36:21,220 INFO [rev_util_verifiability|paper_align|Qwen3-0.6B] step=142 epoch=0.6910

                                                 

 23%|██▎       | 142/618 [05:35<18:59,  2.39s/it]2026-09-22 08:36:21,776 INFO [rev_util_verifiability|paper_align|Qwen3-0.6B] step=142 epoch=0.6910

                                                 

 23%|██▎       | 142/618 [05:36<18:59,  2.39s/it]2026-09-22 08:36:22,414 INFO [rev_util_verifiability|paper_align|Qwen3-0.6B] step=142 epoch=0.6910

                                                 

 23%|██▎       | 142/618 [05:37<18:59,  2.39s/it]2026-09-22 08:36:22,981 INFO [rev_util_verifiability|paper_align|Qwen3-0.6B] step=142 epoch=0.6910

                                                 

 23%|██▎       | 142/618 [05:37<18:59,  2.39s/it]
 23%|██▎       | 143/618 [05:38<18:52,  2.38s/it]2026-09-22 08:36:23,589 INFO [rev_util_verifiability|paper_align|Qwen3-0.6B] step=143 epoch=0.6959

                                                 

 23%|██▎       | 143/618 [05:38<18:52,  2.38s/it]2026-09-22 08:36:24,165 INFO [rev_util_verifiability|paper_align|Qwen3-0.6B] step=143 epoch=0.6959

                                                 

 23%|██▎       | 143/618 [05:38<18:52,  2.38s/it]2026-09-22 08:36:24,730 INFO [rev_util_verifiability|paper_align|Qwen3-0.6B] step=143 epoch=0.6959

                                                 

 23%|██▎       | 143/618 [05:39<18:52,  2.38s/it]2026-09-22 08:36:25,287 INFO [rev_util_verifiability|paper_align|Qwen3-0.6B] step=143 epoch=0.6959

                                                 

 23%|██▎       | 143/618 [05:39<18:52,  2.38s/it]
 23%|██▎       | 144/618 [05:40<18:38,  2.36s/it]2026-09-22 08:36:25,880 INFO [rev_util_verifiability|paper_align|Qwen3-0.6B] step=144 epoch=0.7007

                                                 

 23%|██▎       | 144/618 [05:40<18:38,  2.36s/it]2026-09-22 08:36:26,437 INFO [rev_util_verifiability|paper_align|Qwen3-0.6B] step=144 epoch=0.7007

                                                 

 23%|██▎       | 144/618 [05:41<18:38,  2.36s/it]2026-09-22 08:36:26,991 INFO [rev_util_verifiability|paper_align|Qwen3-0.6B] step=144 epoch=0.7007

                                                 

 23%|██▎       | 144/618 [05:41<18:38,  2.36s/it]2026-09-22 08:36:27,562 INFO [rev_util_verifiability|paper_align|Qwen3-0.6B] step=144 epoch=0.7007

                                                 

 23%|██▎       | 144/618 [05:42<18:38,  2.36s/it]
 23%|██▎       | 145/618 [05:42<18:24,  2.33s/it]2026-09-22 08:36:28,150 INFO [rev_util_verifiability|paper_align|Qwen3-0.6B] step=145 epoch=0.7056

                                                 

 23%|██▎       | 145/618 [05:42<18:24,  2.33s/it]2026-09-22 08:36:28,707 INFO [rev_util_verifiability|paper_align|Qwen3-0.6B] step=145 epoch=0.7056

                                                 

 23%|██▎       | 145/618 [05:43<18:24,  2.33s/it]2026-09-22 08:36:29,261 INFO [rev_util_verifiability|paper_align|Qwen3-0.6B] step=145 epoch=0.7056

                                                 

 23%|██▎       | 145/618 [05:43<18:24,  2.33s/it]2026-09-22 08:36:29,821 INFO [rev_util_verifiability|paper_align|Qwen3-0.6B] step=145 epoch=0.7056

                                                 

 23%|██▎       | 145/618 [05:44<18:24,  2.33s/it]
 24%|██▎       | 146/618 [05:44<18:11,  2.31s/it]2026-09-22 08:36:30,419 INFO [rev_util_verifiability|paper_align|Qwen3-0.6B] step=146 epoch=0.7105

                                                 

 24%|██▎       | 146/618 [05:45<18:11,  2.31s/it]2026-09-22 08:36:30,977 INFO [rev_util_verifiability|paper_align|Qwen3-0.6B] step=146 epoch=0.7105

                                                 

 24%|██▎       | 146/618 [05:45<18:11,  2.31s/it]2026-09-22 08:36:31,546 INFO [rev_util_verifiability|paper_align|Qwen3-0.6B] step=146 epoch=0.7105

                                                 

 24%|██▎       | 146/618 [05:46<18:11,  2.31s/it]2026-09-22 08:36:32,131 INFO [rev_util_verifiability|paper_align|Qwen3-0.6B] step=146 epoch=0.7105

                                                 

 24%|██▎       | 146/618 [05:46<18:11,  2.31s/it]
 24%|██▍       | 147/618 [05:47<18:08,  2.31s/it]2026-09-22 08:36:32,728 INFO [rev_util_verifiability|paper_align|Qwen3-0.6B] step=147 epoch=0.7153

                                                 

 24%|██▍       | 147/618 [05:47<18:08,  2.31s/it]2026-09-22 08:36:33,561 INFO [rev_util_verifiability|paper_align|Qwen3-0.6B] step=147 epoch=0.7153

                                                 

 24%|██▍       | 147/618 [05:48<18:08,  2.31s/it]2026-09-22 08:36:34,116 INFO [rev_util_verifiability|paper_align|Qwen3-0.6B] step=147 epoch=0.7153

                                                 

 24%|██▍       | 147/618 [05:48<18:08,  2.31s/it]2026-09-22 08:36:34,675 INFO [rev_util_verifiability|paper_align|Qwen3-0.6B] step=147 epoch=0.7153

                                                 

 24%|██▍       | 147/618 [05:49<18:08,  2.31s/it]
 24%|██▍       | 148/618 [05:49<18:40,  2.38s/it]2026-09-22 08:36:35,289 INFO [rev_util_verifiability|paper_align|Qwen3-0.6B] step=148 epoch=0.7202

                                                 

 24%|██▍       | 148/618 [05:49<18:40,  2.38s/it]2026-09-22 08:36:35,836 INFO [rev_util_verifiability|paper_align|Qwen3-0.6B] step=148 epoch=0.7202

                                                 

 24%|██▍       | 148/618 [05:50<18:40,  2.38s/it]2026-09-22 08:36:36,395 INFO [rev_util_verifiability|paper_align|Qwen3-0.6B] step=148 epoch=0.7202

                                                 

 24%|██▍       | 148/618 [05:51<18:40,  2.38s/it]2026-09-22 08:36:36,960 INFO [rev_util_verifiability|paper_align|Qwen3-0.6B] step=148 epoch=0.7202

                                                 

 24%|██▍       | 148/618 [05:51<18:40,  2.38s/it]
 24%|██▍       | 149/618 [05:52<18:23,  2.35s/it]2026-09-22 08:36:37,559 INFO [rev_util_verifiability|paper_align|Qwen3-0.6B] step=149 epoch=0.7251

                                                 
{'paper_align_label_loss': '0.08613', 'paper_align_reason_loss': '0.1728', 'epoch': '0.618'}
{'paper_align_label_loss': '0.04655', 'paper_align_reason_loss': '0.3028', 'epoch': '0.6229'}
{'paper_align_label_loss': '0.003279', 'paper_align_reason_loss': '0.1177', 'epoch': '0.6229'}
{'paper_align_label_loss': '0.08493', 'paper_align_reason_loss': '0.3685', 'epoch': '0.6229'}
{'paper_align_label_loss': '0.05172', 'paper_align_reason_loss': '0.1328', 'epoch': '0.6229'}
{'paper_align_label_loss': '0.03746', 'paper_align_reason_loss': '0.08971', 'epoch': '0.6277'}
{'paper_align_label_loss': '0.05961', 'paper_align_reason_loss': '0.28', 'epoch': '0.6277'}
{'paper_align_label_loss': '0.00203', 'paper_align_reason_loss': '0.08447', 'epoch': '0.6277'}
{'paper_align_label_loss': '0.05986', 'paper_align_reason_loss': '0.2854', 'epoch': '0.6277'}
{'loss': '0.6209', 'grad_norm': '3.32', 'learning_rate': '9.191e-05', 'epoch': '0.6326'}
{'paper_align_label_loss': '0.05522', 'paper_align_reason_loss': '0.2692', 'epoch': '0.6326'}
{'paper_align_label_loss': '0.1789', 'paper_align_reason_loss': '0.1936', 'epoch': '0.6326'}
{'paper_align_label_loss': '0.0003332', 'paper_align_reason_loss': '0.1094', 'epoch': '0.6326'}
{'paper_align_label_loss': '0.0406', 'paper_align_reason_loss': '0.3484', 'epoch': '0.6326'}
{'paper_align_label_loss': '0.08089', 'paper_align_reason_loss': '0.195', 'epoch': '0.6375'}
{'paper_align_label_loss': '0.000787', 'paper_align_reason_loss': '0.1954', 'epoch': '0.6375'}
{'paper_align_label_loss': '0.2034', 'paper_align_reason_loss': '0.163', 'epoch': '0.6375'}
{'paper_align_label_loss': '0.2334', 'paper_align_reason_loss': '0.3379', 'epoch': '0.6375'}
{'paper_align_label_loss': '0.07134', 'paper_align_reason_loss': '0.1716', 'epoch': '0.6423'}
{'paper_align_label_loss': '0.09479', 'paper_align_reason_loss': '0.191', 'epoch': '0.6423'}
{'paper_align_label_loss': '0.04337', 'paper_align_reason_loss': '0.1561', 'epoch': '0.6423'}
{'paper_align_label_loss': '0.1718', 'paper_align_reason_loss': '0.2688', 'epoch': '0.6423'}
{'paper_align_label_loss': '0.1675', 'paper_align_reason_loss': '0.2951', 'epoch': '0.6472'}
{'paper_align_label_loss': '0.02781', 'paper_align_reason_loss': '0.1836', 'epoch': '0.6472'}
{'paper_align_label_loss': '0.3446', 'paper_align_reason_loss': '0.2339', 'epoch': '0.6472'}
{'paper_align_label_loss': '0.02083', 'paper_align_reason_loss': '0.1664', 'epoch': '0.6472'}
{'paper_align_label_loss': '0.01672', 'paper_align_reason_loss': '0.1846', 'epoch': '0.6521'}
{'paper_align_label_loss': '0.1177', 'paper_align_reason_loss': '0.2787', 'epoch': '0.6521'}
{'paper_align_label_loss': '0.04234', 'paper_align_reason_loss': '0.2719', 'epoch': '0.6521'}
{'paper_align_label_loss': '0.1558', 'paper_align_reason_loss': '0.1421', 'epoch': '0.6521'}
{'paper_align_label_loss': '0.04268', 'paper_align_reason_loss': '0.2764', 'epoch': '0.6569'}
{'paper_align_label_loss': '0.1502', 'paper_align_reason_loss': '0.2542', 'epoch': '0.6569'}
{'paper_align_label_loss': '0.164', 'paper_align_reason_loss': '0.2761', 'epoch': '0.6569'}
{'paper_align_label_loss': '0.07948', 'paper_align_reason_loss': '0.22', 'epoch': '0.6569'}
{'paper_align_label_loss': '0.06591', 'paper_align_reason_loss': '0.2362', 'epoch': '0.6618'}
{'paper_align_label_loss': '0.01938', 'paper_align_reason_loss': '0.2203', 'epoch': '0.6618'}
{'paper_align_label_loss': '0.3613', 'paper_align_reason_loss': '0.3595', 'epoch': '0.6618'}
{'paper_align_label_loss': '0.1651', 'paper_align_reason_loss': '0.2774', 'epoch': '0.6618'}
{'paper_align_label_loss': '0.0742', 'paper_align_reason_loss': '0.1799', 'epoch': '0.6667'}
{'paper_align_label_loss': '0.003163', 'paper_align_reason_loss': '0.1412', 'epoch': '0.6667'}
{'paper_align_label_loss': '0.1388', 'paper_align_reason_loss': '0.315', 'epoch': '0.6667'}
{'paper_align_label_loss': '0.1745', 'paper_align_reason_loss': '0.2001', 'epoch': '0.6667'}
{'paper_align_label_loss': '0.09361', 'paper_align_reason_loss': '0.2534', 'epoch': '0.6715'}
{'paper_align_label_loss': '0.1476', 'paper_align_reason_loss': '0.1888', 'epoch': '0.6715'}
{'paper_align_label_loss': '0.1542', 'paper_align_reason_loss': '0.1986', 'epoch': '0.6715'}
{'paper_align_label_loss': '0.1032', 'paper_align_reason_loss': '0.2383', 'epoch': '0.6715'}
{'paper_align_label_loss': '0.1036', 'paper_align_reason_loss': '0.2265', 'epoch': '0.6764'}
{'paper_align_label_loss': '0.06397', 'paper_align_reason_loss': '0.2381', 'epoch': '0.6764'}
{'paper_align_label_loss': '0.05312', 'paper_align_reason_loss': '0.2185', 'epoch': '0.6764'}
{'paper_align_label_loss': '0.05092', 'paper_align_reason_loss': '0.2216', 'epoch': '0.6764'}
{'loss': '0.6686', 'grad_norm': '3.629', 'learning_rate': '9.042e-05', 'epoch': '0.6813'}
{'paper_align_label_loss': '0.03168', 'paper_align_reason_loss': '0.1622', 'epoch': '0.6813'}
{'paper_align_label_loss': '0.1545', 'paper_align_reason_loss': '0.1687', 'epoch': '0.6813'}
{'paper_align_label_loss': '0.202', 'paper_align_reason_loss': '0.3053', 'epoch': '0.6813'}
{'paper_align_label_loss': '0.141', 'paper_align_reason_loss': '0.1894', 'epoch': '0.6813'}
{'paper_align_label_loss': '0.197', 'paper_align_reason_loss': '0.3631', 'epoch': '0.6861'}
{'paper_align_label_loss': '0.06568', 'paper_align_reason_loss': '0.09178', 'epoch': '0.6861'}
{'paper_align_label_loss': '0.1227', 'paper_align_reason_loss': '0.2284', 'epoch': '0.6861'}
{'paper_align_label_loss': '0.09475', 'paper_align_reason_loss': '0.2768', 'epoch': '0.6861'}
{'paper_align_label_loss': '0.1116', 'paper_align_reason_loss': '0.2739', 'epoch': '0.691'}
{'paper_align_label_loss': '0.02011', 'paper_align_reason_loss': '0.1381', 'epoch': '0.691'}
{'paper_align_label_loss': '0.04166', 'paper_align_reason_loss': '0.2327', 'epoch': '0.691'}
{'paper_align_label_loss': '0.2099', 'paper_align_reason_loss': '0.2507', 'epoch': '0.691'}
{'paper_align_label_loss': '0.1062', 'paper_align_reason_loss': '0.2605', 'epoch': '0.6959'}
{'paper_align_label_loss': '0.1006', 'paper_align_reason_loss': '0.207', 'epoch': '0.6959'}
{'paper_align_label_loss': '0.2067', 'paper_align_reason_loss': '0.2161', 'epoch': '0.6959'}
{'paper_align_label_loss': '0.05928', 'paper_align_reason_loss': '0.2681', 'epoch': '0.6959'}
{'paper_align_label_loss': '0.09219', 'paper_align_reason_loss': '0.3156', 'epoch': '0.7007'}
{'paper_align_label_loss': '0.01856', 'paper_align_reason_loss': '0.192', 'epoch': '0.7007'}
{'paper_align_label_loss': '0.01553', 'paper_align_reason_loss': '0.1329', 'epoch': '0.7007'}
{'paper_align_label_loss': '0.03178', 'paper_align_reason_loss': '0.06792', 'epoch': '0.7007'}
{'paper_align_label_loss': '0.006034', 'paper_align_reason_loss': '0.09797', 'epoch': '0.7056'}
{'paper_align_label_loss': '0.09446', 'paper_align_reason_loss': '0.2375', 'epoch': '0.7056'}
{'paper_align_label_loss': '0.09071', 'paper_align_reason_loss': '0.2578', 'epoch': '0.7056'}
{'paper_align_label_loss': '0.01067', 'paper_align_reason_loss': '0.08507', 'epoch': '0.7056'}
{'paper_align_label_loss': '0.04802', 'paper_align_reason_loss': '0.3236', 'epoch': '0.7105'}
{'paper_align_label_loss': '0.07673', 'paper_align_reason_loss': '0.2168', 'epoch': '0.7105'}
{'paper_align_label_loss': '0.1834', 'paper_align_reason_loss': '0.3181', 'epoch': '0.7105'}
{'paper_align_label_loss': '0.02874', 'paper_align_reason_loss': '0.2294', 'epoch': '0.7105'}
{'paper_align_label_loss': '0.1136', 'paper_align_reason_loss': '0.2465', 'epoch': '0.7153'}
{'paper_align_label_loss': '0.1023', 'paper_align_reason_loss': '0.3023', 'epoch': '0.7153'}
{'paper_align_label_loss': '0.003221', 'paper_align_reason_loss': '0.08249', 'epoch': '0.7153'}
{'paper_align_label_loss': '0.08196', 'paper_align_reason_loss': '0.1238', 'epoch': '0.7153'}
{'paper_align_label_loss': '0.1004', 'paper_align_reason_loss': '0.2624', 'epoch': '0.7202'}
{'paper_align_label_loss': '0.3127', 'paper_align_reason_loss': '0.2011', 'epoch': '0.7202'}
{'paper_align_label_loss': '0.04205', 'paper_align_reason_loss': '0.3013', 'epoch': '0.7202'}
{'paper_align_label_loss': '0.01175', 'paper_align_reason_loss': '0.2335', 'epoch': '0.7202'}

 24%|██▍       | 149/618 [05:52<18:23,  2.35s/it]2026-09-22 08:36:38,124 INFO [rev_util_verifiability|paper_align|Qwen3-0.6B] step=149 epoch=0.7251

                                                 

 24%|██▍       | 149/618 [05:52<18:23,  2.35s/it]2026-09-22 08:36:38,686 INFO [rev_util_verifiability|paper_align|Qwen3-0.6B] step=149 epoch=0.7251

                                                 

 24%|██▍       | 149/618 [05:53<18:23,  2.35s/it]2026-09-22 08:36:39,262 INFO [rev_util_verifiability|paper_align|Qwen3-0.6B] step=149 epoch=0.7251

                                                 

 24%|██▍       | 149/618 [05:53<18:23,  2.35s/it]
 24%|██▍       | 150/618 [05:54<18:18,  2.35s/it]2026-09-22 08:36:39,684 INFO [rev_util_verifiability|paper_align|Qwen3-0.6B] step=150 loss=0.6406 learning_rate=0.0001 epoch=0.7299

                                                 

 24%|██▍       | 150/618 [05:54<18:18,  2.35s/it]2026-09-22 08:36:39,899 INFO [rev_util_verifiability|paper_align|Qwen3-0.6B] step=150 epoch=0.7299

                                                 

 24%|██▍       | 150/618 [05:54<18:18,  2.35s/it]2026-09-22 08:36:40,467 INFO [rev_util_verifiability|paper_align|Qwen3-0.6B] step=150 epoch=0.7299

                                                 

 24%|██▍       | 150/618 [05:55<18:18,  2.35s/it]2026-09-22 08:36:41,040 INFO [rev_util_verifiability|paper_align|Qwen3-0.6B] step=150 epoch=0.7299

                                                 

 24%|██▍       | 150/618 [05:55<18:18,  2.35s/it]2026-09-22 08:36:41,614 INFO [rev_util_verifiability|paper_align|Qwen3-0.6B] step=150 epoch=0.7299

                                                 

 24%|██▍       | 150/618 [05:56<18:18,  2.35s/it]
 24%|██▍       | 151/618 [05:56<18:13,  2.34s/it]2026-09-22 08:36:42,220 INFO [rev_util_verifiability|paper_align|Qwen3-0.6B] step=151 epoch=0.7348

                                                 

 24%|██▍       | 151/618 [05:56<18:13,  2.34s/it]2026-09-22 08:36:42,828 INFO [rev_util_verifiability|paper_align|Qwen3-0.6B] step=151 epoch=0.7348

                                                 

 24%|██▍       | 151/618 [05:57<18:13,  2.34s/it]2026-09-22 08:36:43,412 INFO [rev_util_verifiability|paper_align|Qwen3-0.6B] step=151 epoch=0.7348

                                                 

 24%|██▍       | 151/618 [05:58<18:13,  2.34s/it]2026-09-22 08:36:44,023 INFO [rev_util_verifiability|paper_align|Qwen3-0.6B] step=151 epoch=0.7348

                                                 

 24%|██▍       | 151/618 [05:58<18:13,  2.34s/it]
 25%|██▍       | 152/618 [05:59<18:19,  2.36s/it]2026-09-22 08:36:44,995 INFO [rev_util_verifiability|paper_align|Qwen3-0.6B] step=152 epoch=0.7397

                                                 

 25%|██▍       | 152/618 [05:59<18:19,  2.36s/it]2026-09-22 08:36:45,562 INFO [rev_util_verifiability|paper_align|Qwen3-0.6B] step=152 epoch=0.7397

                                                 

 25%|██▍       | 152/618 [06:00<18:19,  2.36s/it]2026-09-22 08:36:46,128 INFO [rev_util_verifiability|paper_align|Qwen3-0.6B] step=152 epoch=0.7397

                                                 

 25%|██▍       | 152/618 [06:00<18:19,  2.36s/it]2026-09-22 08:36:46,702 INFO [rev_util_verifiability|paper_align|Qwen3-0.6B] step=152 epoch=0.7397

                                                 

 25%|██▍       | 152/618 [06:01<18:19,  2.36s/it]
 25%|██▍       | 153/618 [06:01<19:02,  2.46s/it]2026-09-22 08:36:47,309 INFO [rev_util_verifiability|paper_align|Qwen3-0.6B] step=153 epoch=0.7445

                                                 

 25%|██▍       | 153/618 [06:02<19:02,  2.46s/it]2026-09-22 08:36:47,865 INFO [rev_util_verifiability|paper_align|Qwen3-0.6B] step=153 epoch=0.7445

                                                 

 25%|██▍       | 153/618 [06:02<19:02,  2.46s/it]2026-09-22 08:36:48,429 INFO [rev_util_verifiability|paper_align|Qwen3-0.6B] step=153 epoch=0.7445

                                                 

 25%|██▍       | 153/618 [06:03<19:02,  2.46s/it]2026-09-22 08:36:48,990 INFO [rev_util_verifiability|paper_align|Qwen3-0.6B] step=153 epoch=0.7445

                                                 

 25%|██▍       | 153/618 [06:03<19:02,  2.46s/it]
 25%|██▍       | 154/618 [06:04<18:35,  2.40s/it]2026-09-22 08:36:49,587 INFO [rev_util_verifiability|paper_align|Qwen3-0.6B] step=154 epoch=0.7494

                                                 

 25%|██▍       | 154/618 [06:04<18:35,  2.40s/it]2026-09-22 08:36:50,144 INFO [rev_util_verifiability|paper_align|Qwen3-0.6B] step=154 epoch=0.7494

                                                 

 25%|██▍       | 154/618 [06:04<18:35,  2.40s/it]2026-09-22 08:36:50,702 INFO [rev_util_verifiability|paper_align|Qwen3-0.6B] step=154 epoch=0.7494

                                                 

 25%|██▍       | 154/618 [06:05<18:35,  2.40s/it]2026-09-22 08:36:51,258 INFO [rev_util_verifiability|paper_align|Qwen3-0.6B] step=154 epoch=0.7494

                                                 

 25%|██▍       | 154/618 [06:05<18:35,  2.40s/it]
 25%|██▌       | 155/618 [06:06<18:14,  2.36s/it]2026-09-22 08:36:51,860 INFO [rev_util_verifiability|paper_align|Qwen3-0.6B] step=155 epoch=0.7543

                                                 

 25%|██▌       | 155/618 [06:06<18:14,  2.36s/it]2026-09-22 08:36:52,414 INFO [rev_util_verifiability|paper_align|Qwen3-0.6B] step=155 epoch=0.7543

                                                 

 25%|██▌       | 155/618 [06:07<18:14,  2.36s/it]2026-09-22 08:36:52,981 INFO [rev_util_verifiability|paper_align|Qwen3-0.6B] step=155 epoch=0.7543

                                                 

 25%|██▌       | 155/618 [06:07<18:14,  2.36s/it]2026-09-22 08:36:53,541 INFO [rev_util_verifiability|paper_align|Qwen3-0.6B] step=155 epoch=0.7543

                                                 

 25%|██▌       | 155/618 [06:08<18:14,  2.36s/it]
 25%|██▌       | 156/618 [06:08<18:00,  2.34s/it]2026-09-22 08:36:54,146 INFO [rev_util_verifiability|paper_align|Qwen3-0.6B] step=156 epoch=0.7591

                                                 

 25%|██▌       | 156/618 [06:08<18:00,  2.34s/it]2026-09-22 08:36:54,708 INFO [rev_util_verifiability|paper_align|Qwen3-0.6B] step=156 epoch=0.7591

                                                 

 25%|██▌       | 156/618 [06:09<18:00,  2.34s/it]2026-09-22 08:36:55,278 INFO [rev_util_verifiability|paper_align|Qwen3-0.6B] step=156 epoch=0.7591

                                                 

 25%|██▌       | 156/618 [06:09<18:00,  2.34s/it]2026-09-22 08:36:55,855 INFO [rev_util_verifiability|paper_align|Qwen3-0.6B] step=156 epoch=0.7591

                                                 

 25%|██▌       | 156/618 [06:10<18:00,  2.34s/it]
 25%|██▌       | 157/618 [06:10<17:57,  2.34s/it]2026-09-22 08:36:56,478 INFO [rev_util_verifiability|paper_align|Qwen3-0.6B] step=157 epoch=0.7640

                                                 

 25%|██▌       | 157/618 [06:11<17:57,  2.34s/it]2026-09-22 08:36:57,337 INFO [rev_util_verifiability|paper_align|Qwen3-0.6B] step=157 epoch=0.7640

                                                 

 25%|██▌       | 157/618 [06:12<17:57,  2.34s/it]2026-09-22 08:36:57,919 INFO [rev_util_verifiability|paper_align|Qwen3-0.6B] step=157 epoch=0.7640

                                                 

 25%|██▌       | 157/618 [06:12<17:57,  2.34s/it]2026-09-22 08:36:58,496 INFO [rev_util_verifiability|paper_align|Qwen3-0.6B] step=157 epoch=0.7640

                                                 

 25%|██▌       | 157/618 [06:13<17:57,  2.34s/it]
 26%|██▌       | 158/618 [06:13<18:35,  2.43s/it]2026-09-22 08:36:59,114 INFO [rev_util_verifiability|paper_align|Qwen3-0.6B] step=158 epoch=0.7689

                                                 

 26%|██▌       | 158/618 [06:13<18:35,  2.43s/it]2026-09-22 08:36:59,696 INFO [rev_util_verifiability|paper_align|Qwen3-0.6B] step=158 epoch=0.7689

                                                 

 26%|██▌       | 158/618 [06:14<18:35,  2.43s/it]2026-09-22 08:37:00,274 INFO [rev_util_verifiability|paper_align|Qwen3-0.6B] step=158 epoch=0.7689

                                                 

 26%|██▌       | 158/618 [06:14<18:35,  2.43s/it]2026-09-22 08:37:00,848 INFO [rev_util_verifiability|paper_align|Qwen3-0.6B] step=158 epoch=0.7689

                                                 

 26%|██▌       | 158/618 [06:15<18:35,  2.43s/it]
 26%|██▌       | 159/618 [06:15<18:22,  2.40s/it]2026-09-22 08:37:01,460 INFO [rev_util_verifiability|paper_align|Qwen3-0.6B] step=159 epoch=0.7737

                                                 

 26%|██▌       | 159/618 [06:16<18:22,  2.40s/it]2026-09-22 08:37:02,032 INFO [rev_util_verifiability|paper_align|Qwen3-0.6B] step=159 epoch=0.7737

                                                 

 26%|██▌       | 159/618 [06:16<18:22,  2.40s/it]2026-09-22 08:37:02,633 INFO [rev_util_verifiability|paper_align|Qwen3-0.6B] step=159 epoch=0.7737

                                                 

 26%|██▌       | 159/618 [06:17<18:22,  2.40s/it]2026-09-22 08:37:03,231 INFO [rev_util_verifiability|paper_align|Qwen3-0.6B] step=159 epoch=0.7737

                                                 

 26%|██▌       | 159/618 [06:17<18:22,  2.40s/it]
 26%|██▌       | 160/618 [06:18<18:17,  2.40s/it]2026-09-22 08:37:03,624 INFO [rev_util_verifiability|paper_align|Qwen3-0.6B] step=160 loss=0.6214 learning_rate=0.0001 epoch=0.7786

                                                 

 26%|██▌       | 160/618 [06:18<18:17,  2.40s/it]2026-09-22 08:37:03,894 INFO [rev_util_verifiability|paper_align|Qwen3-0.6B] step=160 epoch=0.7786

                                                 

 26%|██▌       | 160/618 [06:18<18:17,  2.40s/it]2026-09-22 08:37:04,516 INFO [rev_util_verifiability|paper_align|Qwen3-0.6B] step=160 epoch=0.7786

                                                 

 26%|██▌       | 160/618 [06:19<18:17,  2.40s/it]2026-09-22 08:37:05,105 INFO [rev_util_verifiability|paper_align|Qwen3-0.6B] step=160 epoch=0.7786

                                                 

 26%|██▌       | 160/618 [06:19<18:17,  2.40s/it]2026-09-22 08:37:05,714 INFO [rev_util_verifiability|paper_align|Qwen3-0.6B] step=160 epoch=0.7786

                                                 

 26%|██▌       | 160/618 [06:20<18:17,  2.40s/it]
 26%|██▌       | 161/618 [06:20<18:28,  2.43s/it]2026-09-22 08:37:06,374 INFO [rev_util_verifiability|paper_align|Qwen3-0.6B] step=161 epoch=0.7835

                                                 

 26%|██▌       | 161/618 [06:21<18:28,  2.43s/it]2026-09-22 08:37:07,021 INFO [rev_util_verifiability|paper_align|Qwen3-0.6B] step=161 epoch=0.7835

                                                 

 26%|██▌       | 161/618 [06:21<18:28,  2.43s/it]2026-09-22 08:37:07,638 INFO [rev_util_verifiability|paper_align|Qwen3-0.6B] step=161 epoch=0.7835

                                                 

 26%|██▌       | 161/618 [06:22<18:28,  2.43s/it]2026-09-22 08:37:08,267 INFO [rev_util_verifiability|paper_align|Qwen3-0.6B] step=161 epoch=0.7835

                                                 

 26%|██▌       | 161/618 [06:22<18:28,  2.43s/it]
 26%|██▌       | 162/618 [06:23<18:46,  2.47s/it]2026-09-22 08:37:08,906 INFO [rev_util_verifiability|paper_align|Qwen3-0.6B] step=162 epoch=0.7883

                                                 

 26%|██▌       | 162/618 [06:23<18:46,  2.47s/it]2026-09-22 08:37:09,782 INFO [rev_util_verifiability|paper_align|Qwen3-0.6B] step=162 epoch=0.7883

                                                 

 26%|██▌       | 162/618 [06:24<18:46,  2.47s/it]2026-09-22 08:37:10,362 INFO [rev_util_verifiability|paper_align|Qwen3-0.6B] step=162 epoch=0.7883

                                                 

 26%|██▌       | 162/618 [06:25<18:46,  2.47s/it]2026-09-22 08:37:10,932 INFO [rev_util_verifiability|paper_align|Qwen3-0.6B] step=162 epoch=0.7883

                                                 

 26%|██▌       | 162/618 [06:25<18:46,  2.47s/it]
 26%|██▋       | 163/618 [06:26<19:07,  2.52s/it]2026-09-22 08:37:11,556 INFO [rev_util_verifiability|paper_align|Qwen3-0.6B] step=163 epoch=0.7932

                                                 

 26%|██▋       | 163/618 [06:26<19:07,  2.52s/it]2026-09-22 08:37:12,172 INFO [rev_util_verifiability|paper_align|Qwen3-0.6B] step=163 epoch=0.7932

                                                 

 26%|██▋       | 163/618 [06:26<19:07,  2.52s/it]2026-09-22 08:37:12,761 INFO [rev_util_verifiability|paper_align|Qwen3-0.6B] step=163 epoch=0.7932

                                                 

 26%|██▋       | 163/618 [06:27<19:07,  2.52s/it]2026-09-22 08:37:13,322 INFO [rev_util_verifiability|paper_align|Qwen3-0.6B] step=163 epoch=0.7932

                                                 

 26%|██▋       | 163/618 [06:28<19:07,  2.52s/it]
 27%|██▋       | 164/618 [06:28<18:45,  2.48s/it]2026-09-22 08:37:13,938 INFO [rev_util_verifiability|paper_align|Qwen3-0.6B] step=164 epoch=0.7981

                                                 

 27%|██▋       | 164/618 [06:28<18:45,  2.48s/it]2026-09-22 08:37:14,505 INFO [rev_util_verifiability|paper_align|Qwen3-0.6B] step=164 epoch=0.7981

                                                 

 27%|██▋       | 164/618 [06:29<18:45,  2.48s/it]2026-09-22 08:37:15,086 INFO [rev_util_verifiability|paper_align|Qwen3-0.6B] step=164 epoch=0.7981

                                                 

 27%|██▋       | 164/618 [06:29<18:45,  2.48s/it]2026-09-22 08:37:15,659 INFO [rev_util_verifiability|paper_align|Qwen3-0.6B] step=164 epoch=0.7981

                                                 

 27%|██▋       | 164/618 [06:30<18:45,  2.48s/it]
 27%|██▋       | 165/618 [06:30<18:24,  2.44s/it]2026-09-22 08:37:16,275 INFO [rev_util_verifiability|paper_align|Qwen3-0.6B] step=165 epoch=0.8029

                                                 

 27%|██▋       | 165/618 [06:30<18:24,  2.44s/it]2026-09-22 08:37:16,840 INFO [rev_util_verifiability|paper_align|Qwen3-0.6B] step=165 epoch=0.8029

                                                 

 27%|██▋       | 165/618 [06:31<18:24,  2.44s/it]2026-09-22 08:37:17,412 INFO [rev_util_verifiability|paper_align|Qwen3-0.6B] step=165 epoch=0.8029

                                                 

 27%|██▋       | 165/618 [06:32<18:24,  2.44s/it]2026-09-22 08:37:17,976 INFO [rev_util_verifiability|paper_align|Qwen3-0.6B] step=165 epoch=0.8029

                                                 

 27%|██▋       | 165/618 [06:32<18:24,  2.44s/it]
 27%|██▋       | 166/618 [06:33<18:03,  2.40s/it]2026-09-22 08:37:18,581 INFO [rev_util_verifiability|paper_align|Qwen3-0.6B] step=166 epoch=0.8078

                                                 

 27%|██▋       | 166/618 [06:33<18:03,  2.40s/it]2026-09-22 08:37:19,148 INFO [rev_util_verifiability|paper_align|Qwen3-0.6B] step=166 epoch=0.8078

                                                 

 27%|██▋       | 166/618 [06:33<18:03,  2.40s/it]2026-09-22 08:37:19,717 INFO [rev_util_verifiability|paper_align|Qwen3-0.6B] step=166 epoch=0.8078

                                                 

 27%|██▋       | 166/618 [06:34<18:03,  2.40s/it]2026-09-22 08:37:20,280 INFO [rev_util_verifiability|paper_align|Qwen3-0.6B] step=166 epoch=0.8078

                                                 

 27%|██▋       | 166/618 [06:34<18:03,  2.40s/it]
 27%|██▋       | 167/618 [06:35<17:49,  2.37s/it]2026-09-22 08:37:20,897 INFO [rev_util_verifiability|paper_align|Qwen3-0.6B] step=167 epoch=0.8127

                                                 

 27%|██▋       | 167/618 [06:35<17:49,  2.37s/it]2026-09-22 08:37:21,761 INFO [rev_util_verifiability|paper_align|Qwen3-0.6B] step=167 epoch=0.8127

                                                 

 27%|██▋       | 167/618 [06:36<17:49,  2.37s/it]2026-09-22 08:37:22,345 INFO [rev_util_verifiability|paper_align|Qwen3-0.6B] step=167 epoch=0.8127

                                                 

 27%|██▋       | 167/618 [06:37<17:49,  2.37s/it]2026-09-22 08:37:22,921 INFO [rev_util_verifiability|paper_align|Qwen3-0.6B] step=167 epoch=0.8127

                                                 

 27%|██▋       | 167/618 [06:37<17:49,  2.37s/it]
 27%|██▋       | 168/618 [06:38<18:23,  2.45s/it]2026-09-22 08:37:23,527 INFO [rev_util_verifiability|paper_align|Qwen3-0.6B] step=168 epoch=0.8175

                                                 

 27%|██▋       | 168/618 [06:38<18:23,  2.45s/it]2026-09-22 08:37:24,095 INFO [rev_util_verifiability|paper_align|Qwen3-0.6B] step=168 epoch=0.8175

                                                 

 27%|██▋       | 168/618 [06:38<18:23,  2.45s/it]2026-09-22 08:37:24,709 INFO [rev_util_verifiability|paper_align|Qwen3-0.6B] step=168 epoch=0.8175

                                                 

 27%|██▋       | 168/618 [06:39<18:23,  2.45s/it]2026-09-22 08:37:25,285 INFO [rev_util_verifiability|paper_align|Qwen3-0.6B] step=168 epoch=0.8175

                                                 

 27%|██▋       | 168/618 [06:39<18:23,  2.45s/it]
 27%|██▋       | 169/618 [06:40<18:08,  2.43s/it]2026-09-22 08:37:25,898 INFO [rev_util_verifiability|paper_align|Qwen3-0.6B] step=169 epoch=0.8224

                                                 

 27%|██▋       | 169/618 [06:40<18:08,  2.43s/it]2026-09-22 08:37:26,464 INFO [rev_util_verifiability|paper_align|Qwen3-0.6B] step=169 epoch=0.8224

                                                 

 27%|██▋       | 169/618 [06:41<18:08,  2.43s/it]2026-09-22 08:37:27,043 INFO [rev_util_verifiability|paper_align|Qwen3-0.6B] step=169 epoch=0.8224

                                                 

 27%|██▋       | 169/618 [06:41<18:08,  2.43s/it]2026-09-22 08:37:27,618 INFO [rev_util_verifiability|paper_align|Qwen3-0.6B] step=169 epoch=0.8224

                                                 

 27%|██▋       | 169/618 [06:42<18:08,  2.43s/it]
 28%|██▊       | 170/618 [06:42<17:54,  2.40s/it]2026-09-22 08:37:28,011 INFO [rev_util_verifiability|paper_align|Qwen3-0.6B] step=170 loss=0.5842 learning_rate=0.0001 epoch=0.8273

                                                 

 28%|██▊       | 170/618 [06:42<17:54,  2.40s/it]2026-09-22 08:37:28,239 INFO [rev_util_verifiability|paper_align|Qwen3-0.6B] step=170 epoch=0.8273

                                                 
{'paper_align_label_loss': '0.01107', 'paper_align_reason_loss': '0.254', 'epoch': '0.7251'}
{'paper_align_label_loss': '0.1232', 'paper_align_reason_loss': '0.2329', 'epoch': '0.7251'}
{'paper_align_label_loss': '0.4423', 'paper_align_reason_loss': '0.2994', 'epoch': '0.7251'}
{'paper_align_label_loss': '0.04814', 'paper_align_reason_loss': '0.209', 'epoch': '0.7251'}
{'loss': '0.6406', 'grad_norm': '5.251', 'learning_rate': '8.882e-05', 'epoch': '0.7299'}
{'paper_align_label_loss': '0.09104', 'paper_align_reason_loss': '0.166', 'epoch': '0.7299'}
{'paper_align_label_loss': '0.1168', 'paper_align_reason_loss': '0.215', 'epoch': '0.7299'}
{'paper_align_label_loss': '0.07061', 'paper_align_reason_loss': '0.3016', 'epoch': '0.7299'}
{'paper_align_label_loss': '0.06113', 'paper_align_reason_loss': '0.2973', 'epoch': '0.7299'}
{'paper_align_label_loss': '0.03874', 'paper_align_reason_loss': '0.1592', 'epoch': '0.7348'}
{'paper_align_label_loss': '0.0588', 'paper_align_reason_loss': '0.1444', 'epoch': '0.7348'}
{'paper_align_label_loss': '0.1426', 'paper_align_reason_loss': '0.3138', 'epoch': '0.7348'}
{'paper_align_label_loss': '0.04125', 'paper_align_reason_loss': '0.1866', 'epoch': '0.7348'}
{'paper_align_label_loss': '0.03848', 'paper_align_reason_loss': '0.2448', 'epoch': '0.7397'}
{'paper_align_label_loss': '0.07341', 'paper_align_reason_loss': '0.3004', 'epoch': '0.7397'}
{'paper_align_label_loss': '0.1645', 'paper_align_reason_loss': '0.2559', 'epoch': '0.7397'}
{'paper_align_label_loss': '0.1253', 'paper_align_reason_loss': '0.2939', 'epoch': '0.7397'}
{'paper_align_label_loss': '0.05446', 'paper_align_reason_loss': '0.2498', 'epoch': '0.7445'}
{'paper_align_label_loss': '0.05779', 'paper_align_reason_loss': '0.1515', 'epoch': '0.7445'}
{'paper_align_label_loss': '0.03382', 'paper_align_reason_loss': '0.2573', 'epoch': '0.7445'}
{'paper_align_label_loss': '0.04593', 'paper_align_reason_loss': '0.3255', 'epoch': '0.7445'}
{'paper_align_label_loss': '0.01718', 'paper_align_reason_loss': '0.1263', 'epoch': '0.7494'}
{'paper_align_label_loss': '0.1024', 'paper_align_reason_loss': '0.2523', 'epoch': '0.7494'}
{'paper_align_label_loss': '0.0006749', 'paper_align_reason_loss': '0.1855', 'epoch': '0.7494'}
{'paper_align_label_loss': '0.03231', 'paper_align_reason_loss': '0.2916', 'epoch': '0.7494'}
{'paper_align_label_loss': '0.1367', 'paper_align_reason_loss': '0.1832', 'epoch': '0.7543'}
{'paper_align_label_loss': '0.1673', 'paper_align_reason_loss': '0.2835', 'epoch': '0.7543'}
{'paper_align_label_loss': '0.09752', 'paper_align_reason_loss': '0.2582', 'epoch': '0.7543'}
{'paper_align_label_loss': '0.0864', 'paper_align_reason_loss': '0.1859', 'epoch': '0.7543'}
{'paper_align_label_loss': '0.09582', 'paper_align_reason_loss': '0.3673', 'epoch': '0.7591'}
{'paper_align_label_loss': '0.1439', 'paper_align_reason_loss': '0.2036', 'epoch': '0.7591'}
{'paper_align_label_loss': '0.005039', 'paper_align_reason_loss': '0.1451', 'epoch': '0.7591'}
{'paper_align_label_loss': '0.06949', 'paper_align_reason_loss': '0.2528', 'epoch': '0.7591'}
{'paper_align_label_loss': '0.09454', 'paper_align_reason_loss': '0.1292', 'epoch': '0.764'}
{'paper_align_label_loss': '0.0702', 'paper_align_reason_loss': '0.2238', 'epoch': '0.764'}
{'paper_align_label_loss': '0.1782', 'paper_align_reason_loss': '0.1704', 'epoch': '0.764'}
{'paper_align_label_loss': '0.03631', 'paper_align_reason_loss': '0.2126', 'epoch': '0.764'}
{'paper_align_label_loss': '0.03509', 'paper_align_reason_loss': '0.2321', 'epoch': '0.7689'}
{'paper_align_label_loss': '0.259', 'paper_align_reason_loss': '0.3331', 'epoch': '0.7689'}
{'paper_align_label_loss': '0.006395', 'paper_align_reason_loss': '0.1954', 'epoch': '0.7689'}
{'paper_align_label_loss': '0.01839', 'paper_align_reason_loss': '0.1804', 'epoch': '0.7689'}
{'paper_align_label_loss': '0.1955', 'paper_align_reason_loss': '0.2727', 'epoch': '0.7737'}
{'paper_align_label_loss': '0.05523', 'paper_align_reason_loss': '0.2018', 'epoch': '0.7737'}
{'paper_align_label_loss': '0.1065', 'paper_align_reason_loss': '0.3119', 'epoch': '0.7737'}
{'paper_align_label_loss': '0.009584', 'paper_align_reason_loss': '0.1326', 'epoch': '0.7737'}
{'loss': '0.6214', 'grad_norm': '4.443', 'learning_rate': '8.712e-05', 'epoch': '0.7786'}
{'paper_align_label_loss': '0.02813', 'paper_align_reason_loss': '0.1547', 'epoch': '0.7786'}
{'paper_align_label_loss': '0.0398', 'paper_align_reason_loss': '0.1646', 'epoch': '0.7786'}
{'paper_align_label_loss': '0.1181', 'paper_align_reason_loss': '0.3163', 'epoch': '0.7786'}
{'paper_align_label_loss': '0.4063', 'paper_align_reason_loss': '0.3049', 'epoch': '0.7786'}
{'paper_align_label_loss': '0.05489', 'paper_align_reason_loss': '0.2107', 'epoch': '0.7835'}
{'paper_align_label_loss': '0.07094', 'paper_align_reason_loss': '0.2671', 'epoch': '0.7835'}
{'paper_align_label_loss': '0.00434', 'paper_align_reason_loss': '0.2902', 'epoch': '0.7835'}
{'paper_align_label_loss': '0.007634', 'paper_align_reason_loss': '0.2141', 'epoch': '0.7835'}
{'paper_align_label_loss': '0.2771', 'paper_align_reason_loss': '0.314', 'epoch': '0.7883'}
{'paper_align_label_loss': '0.01553', 'paper_align_reason_loss': '0.2147', 'epoch': '0.7883'}
{'paper_align_label_loss': '0.1633', 'paper_align_reason_loss': '0.2151', 'epoch': '0.7883'}
{'paper_align_label_loss': '0.0002195', 'paper_align_reason_loss': '0.2001', 'epoch': '0.7883'}
{'paper_align_label_loss': '0.09111', 'paper_align_reason_loss': '0.315', 'epoch': '0.7932'}
{'paper_align_label_loss': '0.0002434', 'paper_align_reason_loss': '0.1168', 'epoch': '0.7932'}
{'paper_align_label_loss': '0.04389', 'paper_align_reason_loss': '0.3014', 'epoch': '0.7932'}
{'paper_align_label_loss': '0.001647', 'paper_align_reason_loss': '0.1717', 'epoch': '0.7932'}
{'paper_align_label_loss': '0.0845', 'paper_align_reason_loss': '0.3189', 'epoch': '0.7981'}
{'paper_align_label_loss': '0.0633', 'paper_align_reason_loss': '0.1828', 'epoch': '0.7981'}
{'paper_align_label_loss': '0.03617', 'paper_align_reason_loss': '0.2167', 'epoch': '0.7981'}
{'paper_align_label_loss': '0.11', 'paper_align_reason_loss': '0.2902', 'epoch': '0.7981'}
{'paper_align_label_loss': '0.07384', 'paper_align_reason_loss': '0.301', 'epoch': '0.8029'}
{'paper_align_label_loss': '0.07519', 'paper_align_reason_loss': '0.2813', 'epoch': '0.8029'}
{'paper_align_label_loss': '0.07575', 'paper_align_reason_loss': '0.172', 'epoch': '0.8029'}
{'paper_align_label_loss': '0.03188', 'paper_align_reason_loss': '0.1502', 'epoch': '0.8029'}
{'paper_align_label_loss': '0.1157', 'paper_align_reason_loss': '0.1899', 'epoch': '0.8078'}
{'paper_align_label_loss': '0.01779', 'paper_align_reason_loss': '0.07258', 'epoch': '0.8078'}
{'paper_align_label_loss': '0.04933', 'paper_align_reason_loss': '0.1382', 'epoch': '0.8078'}
{'paper_align_label_loss': '0.02848', 'paper_align_reason_loss': '0.163', 'epoch': '0.8078'}
{'paper_align_label_loss': '0.2246', 'paper_align_reason_loss': '0.3075', 'epoch': '0.8127'}
{'paper_align_label_loss': '0.0003958', 'paper_align_reason_loss': '0.07939', 'epoch': '0.8127'}
{'paper_align_label_loss': '0.08308', 'paper_align_reason_loss': '0.2165', 'epoch': '0.8127'}
{'paper_align_label_loss': '0.07115', 'paper_align_reason_loss': '0.3403', 'epoch': '0.8127'}
{'paper_align_label_loss': '0.08834', 'paper_align_reason_loss': '0.1841', 'epoch': '0.8175'}
{'paper_align_label_loss': '0.01144', 'paper_align_reason_loss': '0.109', 'epoch': '0.8175'}
{'paper_align_label_loss': '0.08633', 'paper_align_reason_loss': '0.2008', 'epoch': '0.8175'}
{'paper_align_label_loss': '0.004569', 'paper_align_reason_loss': '0.1615', 'epoch': '0.8175'}
{'paper_align_label_loss': '0.1989', 'paper_align_reason_loss': '0.3689', 'epoch': '0.8224'}
{'paper_align_label_loss': '0.01755', 'paper_align_reason_loss': '0.08604', 'epoch': '0.8224'}
{'paper_align_label_loss': '0.08294', 'paper_align_reason_loss': '0.2437', 'epoch': '0.8224'}
{'paper_align_label_loss': '0.03194', 'paper_align_reason_loss': '0.1517', 'epoch': '0.8224'}
{'loss': '0.5842', 'grad_norm': '4.146', 'learning_rate': '8.531e-05', 'epoch': '0.8273'}

 28%|██▊       | 170/618 [06:42<17:54,  2.40s/it]2026-09-22 08:37:28,825 INFO [rev_util_verifiability|paper_align|Qwen3-0.6B] step=170 epoch=0.8273

                                                 

 28%|██▊       | 170/618 [06:43<17:54,  2.40s/it]2026-09-22 08:37:29,400 INFO [rev_util_verifiability|paper_align|Qwen3-0.6B] step=170 epoch=0.8273

                                                 

 28%|██▊       | 170/618 [06:44<17:54,  2.40s/it]2026-09-22 08:37:29,986 INFO [rev_util_verifiability|paper_align|Qwen3-0.6B] step=170 epoch=0.8273

                                                 

 28%|██▊       | 170/618 [06:44<17:54,  2.40s/it]
 28%|██▊       | 171/618 [06:45<17:47,  2.39s/it]2026-09-22 08:37:30,595 INFO [rev_util_verifiability|paper_align|Qwen3-0.6B] step=171 epoch=0.8321

                                                 

 28%|██▊       | 171/618 [06:45<17:47,  2.39s/it]2026-09-22 08:37:31,190 INFO [rev_util_verifiability|paper_align|Qwen3-0.6B] step=171 epoch=0.8321

                                                 

 28%|██▊       | 171/618 [06:45<17:47,  2.39s/it]2026-09-22 08:37:31,765 INFO [rev_util_verifiability|paper_align|Qwen3-0.6B] step=171 epoch=0.8321

                                                 

 28%|██▊       | 171/618 [06:46<17:47,  2.39s/it]2026-09-22 08:37:32,342 INFO [rev_util_verifiability|paper_align|Qwen3-0.6B] step=171 epoch=0.8321

                                                 

 28%|██▊       | 171/618 [06:47<17:47,  2.39s/it]
 28%|██▊       | 172/618 [06:47<17:41,  2.38s/it]2026-09-22 08:37:32,959 INFO [rev_util_verifiability|paper_align|Qwen3-0.6B] step=172 epoch=0.8370

                                                 

 28%|██▊       | 172/618 [06:47<17:41,  2.38s/it]2026-09-22 08:37:33,831 INFO [rev_util_verifiability|paper_align|Qwen3-0.6B] step=172 epoch=0.8370

                                                 

 28%|██▊       | 172/618 [06:48<17:41,  2.38s/it]2026-09-22 08:37:34,398 INFO [rev_util_verifiability|paper_align|Qwen3-0.6B] step=172 epoch=0.8370

                                                 

 28%|██▊       | 172/618 [06:49<17:41,  2.38s/it]2026-09-22 08:37:34,973 INFO [rev_util_verifiability|paper_align|Qwen3-0.6B] step=172 epoch=0.8370

                                                 

 28%|██▊       | 172/618 [06:49<17:41,  2.38s/it]
 28%|██▊       | 173/618 [06:50<18:13,  2.46s/it]2026-09-22 08:37:35,613 INFO [rev_util_verifiability|paper_align|Qwen3-0.6B] step=173 epoch=0.8418

                                                 

 28%|██▊       | 173/618 [06:50<18:13,  2.46s/it]2026-09-22 08:37:36,185 INFO [rev_util_verifiability|paper_align|Qwen3-0.6B] step=173 epoch=0.8418

                                                 

 28%|██▊       | 173/618 [06:50<18:13,  2.46s/it]2026-09-22 08:37:36,759 INFO [rev_util_verifiability|paper_align|Qwen3-0.6B] step=173 epoch=0.8418

                                                 

 28%|██▊       | 173/618 [06:51<18:13,  2.46s/it]2026-09-22 08:37:37,333 INFO [rev_util_verifiability|paper_align|Qwen3-0.6B] step=173 epoch=0.8418

                                                 

 28%|██▊       | 173/618 [06:52<18:13,  2.46s/it]
 28%|██▊       | 174/618 [06:52<17:58,  2.43s/it]2026-09-22 08:37:37,981 INFO [rev_util_verifiability|paper_align|Qwen3-0.6B] step=174 epoch=0.8467

                                                 

 28%|██▊       | 174/618 [06:52<17:58,  2.43s/it]2026-09-22 08:37:38,553 INFO [rev_util_verifiability|paper_align|Qwen3-0.6B] step=174 epoch=0.8467

                                                 

 28%|██▊       | 174/618 [06:53<17:58,  2.43s/it]2026-09-22 08:37:39,137 INFO [rev_util_verifiability|paper_align|Qwen3-0.6B] step=174 epoch=0.8467

                                                 

 28%|██▊       | 174/618 [06:53<17:58,  2.43s/it]2026-09-22 08:37:39,716 INFO [rev_util_verifiability|paper_align|Qwen3-0.6B] step=174 epoch=0.8467

                                                 

 28%|██▊       | 174/618 [06:54<17:58,  2.43s/it]
 28%|██▊       | 175/618 [06:54<17:48,  2.41s/it]2026-09-22 08:37:40,320 INFO [rev_util_verifiability|paper_align|Qwen3-0.6B] step=175 epoch=0.8516

                                                 

 28%|██▊       | 175/618 [06:55<17:48,  2.41s/it]2026-09-22 08:37:40,897 INFO [rev_util_verifiability|paper_align|Qwen3-0.6B] step=175 epoch=0.8516

                                                 

 28%|██▊       | 175/618 [06:55<17:48,  2.41s/it]2026-09-22 08:37:41,471 INFO [rev_util_verifiability|paper_align|Qwen3-0.6B] step=175 epoch=0.8516

                                                 

 28%|██▊       | 175/618 [06:56<17:48,  2.41s/it]2026-09-22 08:37:42,035 INFO [rev_util_verifiability|paper_align|Qwen3-0.6B] step=175 epoch=0.8516

                                                 

 28%|██▊       | 175/618 [06:56<17:48,  2.41s/it]
 28%|██▊       | 176/618 [06:57<17:34,  2.39s/it]2026-09-22 08:37:42,652 INFO [rev_util_verifiability|paper_align|Qwen3-0.6B] step=176 epoch=0.8564

                                                 

 28%|██▊       | 176/618 [06:57<17:34,  2.39s/it]2026-09-22 08:37:43,232 INFO [rev_util_verifiability|paper_align|Qwen3-0.6B] step=176 epoch=0.8564

                                                 

 28%|██▊       | 176/618 [06:57<17:34,  2.39s/it]2026-09-22 08:37:43,801 INFO [rev_util_verifiability|paper_align|Qwen3-0.6B] step=176 epoch=0.8564

                                                 

 28%|██▊       | 176/618 [06:58<17:34,  2.39s/it]2026-09-22 08:37:44,372 INFO [rev_util_verifiability|paper_align|Qwen3-0.6B] step=176 epoch=0.8564

                                                 

 28%|██▊       | 176/618 [06:59<17:34,  2.39s/it]
 29%|██▊       | 177/618 [06:59<17:26,  2.37s/it]2026-09-22 08:37:44,997 INFO [rev_util_verifiability|paper_align|Qwen3-0.6B] step=177 epoch=0.8613

                                                 

 29%|██▊       | 177/618 [06:59<17:26,  2.37s/it]2026-09-22 08:37:45,576 INFO [rev_util_verifiability|paper_align|Qwen3-0.6B] step=177 epoch=0.8613

                                                 

 29%|██▊       | 177/618 [07:00<17:26,  2.37s/it]2026-09-22 08:37:46,444 INFO [rev_util_verifiability|paper_align|Qwen3-0.6B] step=177 epoch=0.8613

                                                 

 29%|██▊       | 177/618 [07:01<17:26,  2.37s/it]2026-09-22 08:37:47,022 INFO [rev_util_verifiability|paper_align|Qwen3-0.6B] step=177 epoch=0.8613

                                                 

 29%|██▊       | 177/618 [07:01<17:26,  2.37s/it]
 29%|██▉       | 178/618 [07:02<17:59,  2.45s/it]2026-09-22 08:37:47,679 INFO [rev_util_verifiability|paper_align|Qwen3-0.6B] step=178 epoch=0.8662

                                                 

 29%|██▉       | 178/618 [07:02<17:59,  2.45s/it]2026-09-22 08:37:48,250 INFO [rev_util_verifiability|paper_align|Qwen3-0.6B] step=178 epoch=0.8662

                                                 

 29%|██▉       | 178/618 [07:02<17:59,  2.45s/it]2026-09-22 08:37:48,827 INFO [rev_util_verifiability|paper_align|Qwen3-0.6B] step=178 epoch=0.8662

                                                 

 29%|██▉       | 178/618 [07:03<17:59,  2.45s/it]2026-09-22 08:37:49,404 INFO [rev_util_verifiability|paper_align|Qwen3-0.6B] step=178 epoch=0.8662

                                                 

 29%|██▉       | 178/618 [07:04<17:59,  2.45s/it]
 29%|██▉       | 179/618 [07:04<17:48,  2.43s/it]2026-09-22 08:37:50,023 INFO [rev_util_verifiability|paper_align|Qwen3-0.6B] step=179 epoch=0.8710

                                                 

 29%|██▉       | 179/618 [07:04<17:48,  2.43s/it]2026-09-22 08:37:50,586 INFO [rev_util_verifiability|paper_align|Qwen3-0.6B] step=179 epoch=0.8710

                                                 

 29%|██▉       | 179/618 [07:05<17:48,  2.43s/it]2026-09-22 08:37:51,189 INFO [rev_util_verifiability|paper_align|Qwen3-0.6B] step=179 epoch=0.8710

                                                 

 29%|██▉       | 179/618 [07:05<17:48,  2.43s/it]2026-09-22 08:37:51,771 INFO [rev_util_verifiability|paper_align|Qwen3-0.6B] step=179 epoch=0.8710

                                                 

 29%|██▉       | 179/618 [07:06<17:48,  2.43s/it]
 29%|██▉       | 180/618 [07:06<17:36,  2.41s/it]2026-09-22 08:37:52,163 INFO [rev_util_verifiability|paper_align|Qwen3-0.6B] step=180 loss=0.5935 learning_rate=0.0001 epoch=0.8759

                                                 

 29%|██▉       | 180/618 [07:06<17:36,  2.41s/it]2026-09-22 08:37:52,376 INFO [rev_util_verifiability|paper_align|Qwen3-0.6B] step=180 epoch=0.8759

                                                 

 29%|██▉       | 180/618 [07:07<17:36,  2.41s/it]2026-09-22 08:37:52,930 INFO [rev_util_verifiability|paper_align|Qwen3-0.6B] step=180 epoch=0.8759

                                                 

 29%|██▉       | 180/618 [07:07<17:36,  2.41s/it]2026-09-22 08:37:53,496 INFO [rev_util_verifiability|paper_align|Qwen3-0.6B] step=180 epoch=0.8759

                                                 

 29%|██▉       | 180/618 [07:08<17:36,  2.41s/it]2026-09-22 08:37:54,049 INFO [rev_util_verifiability|paper_align|Qwen3-0.6B] step=180 epoch=0.8759

                                                 

 29%|██▉       | 180/618 [07:08<17:36,  2.41s/it]
 29%|██▉       | 181/618 [07:09<17:15,  2.37s/it]2026-09-22 08:37:54,649 INFO [rev_util_verifiability|paper_align|Qwen3-0.6B] step=181 epoch=0.8808

                                                 

 29%|██▉       | 181/618 [07:09<17:15,  2.37s/it]2026-09-22 08:37:55,202 INFO [rev_util_verifiability|paper_align|Qwen3-0.6B] step=181 epoch=0.8808

                                                 

 29%|██▉       | 181/618 [07:09<17:15,  2.37s/it]2026-09-22 08:37:55,765 INFO [rev_util_verifiability|paper_align|Qwen3-0.6B] step=181 epoch=0.8808

                                                 

 29%|██▉       | 181/618 [07:10<17:15,  2.37s/it]2026-09-22 08:37:56,324 INFO [rev_util_verifiability|paper_align|Qwen3-0.6B] step=181 epoch=0.8808

                                                 

 29%|██▉       | 181/618 [07:11<17:15,  2.37s/it]
 29%|██▉       | 182/618 [07:11<17:01,  2.34s/it]2026-09-22 08:37:56,926 INFO [rev_util_verifiability|paper_align|Qwen3-0.6B] step=182 epoch=0.8856

                                                 

 29%|██▉       | 182/618 [07:11<17:01,  2.34s/it]2026-09-22 08:37:57,494 INFO [rev_util_verifiability|paper_align|Qwen3-0.6B] step=182 epoch=0.8856

                                                 

 29%|██▉       | 182/618 [07:12<17:01,  2.34s/it]2026-09-22 08:37:58,370 INFO [rev_util_verifiability|paper_align|Qwen3-0.6B] step=182 epoch=0.8856

                                                 

 29%|██▉       | 182/618 [07:13<17:01,  2.34s/it]2026-09-22 08:37:58,932 INFO [rev_util_verifiability|paper_align|Qwen3-0.6B] step=182 epoch=0.8856

                                                 

 29%|██▉       | 182/618 [07:13<17:01,  2.34s/it]
 30%|██▉       | 183/618 [07:14<17:33,  2.42s/it]2026-09-22 08:37:59,527 INFO [rev_util_verifiability|paper_align|Qwen3-0.6B] step=183 epoch=0.8905

                                                 

 30%|██▉       | 183/618 [07:14<17:33,  2.42s/it]2026-09-22 08:38:00,084 INFO [rev_util_verifiability|paper_align|Qwen3-0.6B] step=183 epoch=0.8905

                                                 

 30%|██▉       | 183/618 [07:14<17:33,  2.42s/it]2026-09-22 08:38:00,650 INFO [rev_util_verifiability|paper_align|Qwen3-0.6B] step=183 epoch=0.8905

                                                 

 30%|██▉       | 183/618 [07:15<17:33,  2.42s/it]2026-09-22 08:38:01,211 INFO [rev_util_verifiability|paper_align|Qwen3-0.6B] step=183 epoch=0.8905

                                                 

 30%|██▉       | 183/618 [07:15<17:33,  2.42s/it]
 30%|██▉       | 184/618 [07:16<17:12,  2.38s/it]2026-09-22 08:38:01,809 INFO [rev_util_verifiability|paper_align|Qwen3-0.6B] step=184 epoch=0.8954

                                                 

 30%|██▉       | 184/618 [07:16<17:12,  2.38s/it]2026-09-22 08:38:02,364 INFO [rev_util_verifiability|paper_align|Qwen3-0.6B] step=184 epoch=0.8954

                                                 

 30%|██▉       | 184/618 [07:17<17:12,  2.38s/it]2026-09-22 08:38:02,929 INFO [rev_util_verifiability|paper_align|Qwen3-0.6B] step=184 epoch=0.8954

                                                 

 30%|██▉       | 184/618 [07:17<17:12,  2.38s/it]2026-09-22 08:38:03,493 INFO [rev_util_verifiability|paper_align|Qwen3-0.6B] step=184 epoch=0.8954

                                                 

 30%|██▉       | 184/618 [07:18<17:12,  2.38s/it]
 30%|██▉       | 185/618 [07:18<16:57,  2.35s/it]2026-09-22 08:38:04,097 INFO [rev_util_verifiability|paper_align|Qwen3-0.6B] step=185 epoch=0.9002

                                                 

 30%|██▉       | 185/618 [07:18<16:57,  2.35s/it]2026-09-22 08:38:04,683 INFO [rev_util_verifiability|paper_align|Qwen3-0.6B] step=185 epoch=0.9002

                                                 

 30%|██▉       | 185/618 [07:19<16:57,  2.35s/it]2026-09-22 08:38:05,256 INFO [rev_util_verifiability|paper_align|Qwen3-0.6B] step=185 epoch=0.9002

                                                 

 30%|██▉       | 185/618 [07:19<16:57,  2.35s/it]2026-09-22 08:38:05,853 INFO [rev_util_verifiability|paper_align|Qwen3-0.6B] step=185 epoch=0.9002

                                                 

 30%|██▉       | 185/618 [07:20<16:57,  2.35s/it]
 30%|███       | 186/618 [07:20<16:58,  2.36s/it]2026-09-22 08:38:06,468 INFO [rev_util_verifiability|paper_align|Qwen3-0.6B] step=186 epoch=0.9051

                                                 

 30%|███       | 186/618 [07:21<16:58,  2.36s/it]2026-09-22 08:38:07,119 INFO [rev_util_verifiability|paper_align|Qwen3-0.6B] step=186 epoch=0.9051

                                                 

 30%|███       | 186/618 [07:21<16:58,  2.36s/it]2026-09-22 08:38:07,715 INFO [rev_util_verifiability|paper_align|Qwen3-0.6B] step=186 epoch=0.9051

                                                 

 30%|███       | 186/618 [07:22<16:58,  2.36s/it]2026-09-22 08:38:08,311 INFO [rev_util_verifiability|paper_align|Qwen3-0.6B] step=186 epoch=0.9051

                                                 

 30%|███       | 186/618 [07:23<16:58,  2.36s/it]
 30%|███       | 187/618 [07:23<17:10,  2.39s/it]2026-09-22 08:38:08,947 INFO [rev_util_verifiability|paper_align|Qwen3-0.6B] step=187 epoch=0.9100

                                                 

 30%|███       | 187/618 [07:23<17:10,  2.39s/it]2026-09-22 08:38:09,531 INFO [rev_util_verifiability|paper_align|Qwen3-0.6B] step=187 epoch=0.9100

                                                 

 30%|███       | 187/618 [07:24<17:10,  2.39s/it]2026-09-22 08:38:10,478 INFO [rev_util_verifiability|paper_align|Qwen3-0.6B] step=187 epoch=0.9100

                                                 

 30%|███       | 187/618 [07:25<17:10,  2.39s/it]2026-09-22 08:38:11,066 INFO [rev_util_verifiability|paper_align|Qwen3-0.6B] step=187 epoch=0.9100

                                                 

 30%|███       | 187/618 [07:25<17:10,  2.39s/it]
 30%|███       | 188/618 [07:26<17:54,  2.50s/it]2026-09-22 08:38:11,693 INFO [rev_util_verifiability|paper_align|Qwen3-0.6B] step=188 epoch=0.9148

                                                 

 30%|███       | 188/618 [07:26<17:54,  2.50s/it]2026-09-22 08:38:12,262 INFO [rev_util_verifiability|paper_align|Qwen3-0.6B] step=188 epoch=0.9148

                                                 

 30%|███       | 188/618 [07:26<17:54,  2.50s/it]2026-09-22 08:38:12,838 INFO [rev_util_verifiability|paper_align|Qwen3-0.6B] step=188 epoch=0.9148

                                                 

 30%|███       | 188/618 [07:27<17:54,  2.50s/it]2026-09-22 08:38:13,418 INFO [rev_util_verifiability|paper_align|Qwen3-0.6B] step=188 epoch=0.9148

                                                 

 30%|███       | 188/618 [07:28<17:54,  2.50s/it]
 31%|███       | 189/618 [07:28<17:32,  2.45s/it]2026-09-22 08:38:14,038 INFO [rev_util_verifiability|paper_align|Qwen3-0.6B] step=189 epoch=0.9197

                                                 

 31%|███       | 189/618 [07:28<17:32,  2.45s/it]2026-09-22 08:38:14,605 INFO [rev_util_verifiability|paper_align|Qwen3-0.6B] step=189 epoch=0.9197

                                                 

 31%|███       | 189/618 [07:29<17:32,  2.45s/it]2026-09-22 08:38:15,182 INFO [rev_util_verifiability|paper_align|Qwen3-0.6B] step=189 epoch=0.9197

                                                 

 31%|███       | 189/618 [07:29<17:32,  2.45s/it]2026-09-22 08:38:15,759 INFO [rev_util_verifiability|paper_align|Qwen3-0.6B] step=189 epoch=0.9197

                                                 

 31%|███       | 189/618 [07:30<17:32,  2.45s/it]
 31%|███       | 190/618 [07:30<17:15,  2.42s/it]2026-09-22 08:38:16,162 INFO [rev_util_verifiability|paper_align|Qwen3-0.6B] step=190 loss=0.6325 learning_rate=0.0001 epoch=0.9246

                                                 

 31%|███       | 190/618 [07:30<17:15,  2.42s/it]2026-09-22 08:38:16,377 INFO [rev_util_verifiability|paper_align|Qwen3-0.6B] step=190 epoch=0.9246

                                                 

 31%|███       | 190/618 [07:31<17:15,  2.42s/it]2026-09-22 08:38:16,943 INFO [rev_util_verifiability|paper_align|Qwen3-0.6B] step=190 epoch=0.9246

                                                 

 31%|███       | 190/618 [07:31<17:15,  2.42s/it]2026-09-22 08:38:17,520 INFO [rev_util_verifiability|paper_align|Qwen3-0.6B] step=190 epoch=0.9246

                                                 

 31%|███       | 190/618 [07:32<17:15,  2.42s/it]2026-09-22 08:38:18,104 INFO [rev_util_verifiability|paper_align|Qwen3-0.6B] step=190 epoch=0.9246

                                                 

 31%|███       | 190/618 [07:32<17:15,  2.42s/it]
 31%|███       | 191/618 [07:33<17:04,  2.40s/it]2026-09-22 08:38:18,727 INFO [rev_util_verifiability|paper_align|Qwen3-0.6B] step=191 epoch=0.9294

                                                 

 31%|███       | 191/618 [07:33<17:04,  2.40s/it]2026-09-22 08:38:19,295 INFO [rev_util_verifiability|paper_align|Qwen3-0.6B] step=191 epoch=0.9294

                                                 
{'paper_align_label_loss': '0.03736', 'paper_align_reason_loss': '0.2664', 'epoch': '0.8273'}
{'paper_align_label_loss': '0.1104', 'paper_align_reason_loss': '0.3702', 'epoch': '0.8273'}
{'paper_align_label_loss': '0.03445', 'paper_align_reason_loss': '0.2177', 'epoch': '0.8273'}
{'paper_align_label_loss': '0.06717', 'paper_align_reason_loss': '0.2771', 'epoch': '0.8273'}
{'paper_align_label_loss': '0.1298', 'paper_align_reason_loss': '0.3009', 'epoch': '0.8321'}
{'paper_align_label_loss': '0.0538', 'paper_align_reason_loss': '0.2937', 'epoch': '0.8321'}
{'paper_align_label_loss': '0.06293', 'paper_align_reason_loss': '0.1847', 'epoch': '0.8321'}
{'paper_align_label_loss': '0.002116', 'paper_align_reason_loss': '0.1624', 'epoch': '0.8321'}
{'paper_align_label_loss': '0.107', 'paper_align_reason_loss': '0.2895', 'epoch': '0.837'}
{'paper_align_label_loss': '0.07297', 'paper_align_reason_loss': '0.2587', 'epoch': '0.837'}
{'paper_align_label_loss': '0.03649', 'paper_align_reason_loss': '0.1943', 'epoch': '0.837'}
{'paper_align_label_loss': '0.09073', 'paper_align_reason_loss': '0.2824', 'epoch': '0.837'}
{'paper_align_label_loss': '0.09545', 'paper_align_reason_loss': '0.1068', 'epoch': '0.8418'}
{'paper_align_label_loss': '0.007894', 'paper_align_reason_loss': '0.1511', 'epoch': '0.8418'}
{'paper_align_label_loss': '0.04482', 'paper_align_reason_loss': '0.2607', 'epoch': '0.8418'}
{'paper_align_label_loss': '0.0848', 'paper_align_reason_loss': '0.2167', 'epoch': '0.8418'}
{'paper_align_label_loss': '0.1423', 'paper_align_reason_loss': '0.2876', 'epoch': '0.8467'}
{'paper_align_label_loss': '0.04051', 'paper_align_reason_loss': '0.2402', 'epoch': '0.8467'}
{'paper_align_label_loss': '0.09923', 'paper_align_reason_loss': '0.2587', 'epoch': '0.8467'}
{'paper_align_label_loss': '0.09393', 'paper_align_reason_loss': '0.2272', 'epoch': '0.8467'}
{'paper_align_label_loss': '0.0421', 'paper_align_reason_loss': '0.171', 'epoch': '0.8516'}
{'paper_align_label_loss': '0.04669', 'paper_align_reason_loss': '0.2071', 'epoch': '0.8516'}
{'paper_align_label_loss': '0.2134', 'paper_align_reason_loss': '0.1677', 'epoch': '0.8516'}
{'paper_align_label_loss': '0.001044', 'paper_align_reason_loss': '0.07492', 'epoch': '0.8516'}
{'paper_align_label_loss': '0.06156', 'paper_align_reason_loss': '0.1947', 'epoch': '0.8564'}
{'paper_align_label_loss': '0.1528', 'paper_align_reason_loss': '0.2072', 'epoch': '0.8564'}
{'paper_align_label_loss': '0.03072', 'paper_align_reason_loss': '0.2524', 'epoch': '0.8564'}
{'paper_align_label_loss': '0.1729', 'paper_align_reason_loss': '0.22', 'epoch': '0.8564'}
{'paper_align_label_loss': '0.03739', 'paper_align_reason_loss': '0.1418', 'epoch': '0.8613'}
{'paper_align_label_loss': '0.03267', 'paper_align_reason_loss': '0.202', 'epoch': '0.8613'}
{'paper_align_label_loss': '0.0413', 'paper_align_reason_loss': '0.2312', 'epoch': '0.8613'}
{'paper_align_label_loss': '0.003702', 'paper_align_reason_loss': '0.08647', 'epoch': '0.8613'}
{'paper_align_label_loss': '0.1227', 'paper_align_reason_loss': '0.09626', 'epoch': '0.8662'}
{'paper_align_label_loss': '0.05946', 'paper_align_reason_loss': '0.2103', 'epoch': '0.8662'}
{'paper_align_label_loss': '0.1511', 'paper_align_reason_loss': '0.222', 'epoch': '0.8662'}
{'paper_align_label_loss': '0.04493', 'paper_align_reason_loss': '0.3103', 'epoch': '0.8662'}
{'paper_align_label_loss': '0.1562', 'paper_align_reason_loss': '0.2787', 'epoch': '0.871'}
{'paper_align_label_loss': '0.05986', 'paper_align_reason_loss': '0.2975', 'epoch': '0.871'}
{'paper_align_label_loss': '0.06935', 'paper_align_reason_loss': '0.2009', 'epoch': '0.871'}
{'paper_align_label_loss': '0.06108', 'paper_align_reason_loss': '0.2754', 'epoch': '0.871'}
{'loss': '0.5935', 'grad_norm': '5.222', 'learning_rate': '8.34e-05', 'epoch': '0.8759'}
{'paper_align_label_loss': '0.003302', 'paper_align_reason_loss': '0.1419', 'epoch': '0.8759'}
{'paper_align_label_loss': '0.3283', 'paper_align_reason_loss': '0.2164', 'epoch': '0.8759'}
{'paper_align_label_loss': '0.2202', 'paper_align_reason_loss': '0.3059', 'epoch': '0.8759'}
{'paper_align_label_loss': '0.08707', 'paper_align_reason_loss': '0.1958', 'epoch': '0.8759'}
{'paper_align_label_loss': '0.35', 'paper_align_reason_loss': '0.2393', 'epoch': '0.8808'}
{'paper_align_label_loss': '0.14', 'paper_align_reason_loss': '0.3074', 'epoch': '0.8808'}
{'paper_align_label_loss': '0.1021', 'paper_align_reason_loss': '0.2046', 'epoch': '0.8808'}
{'paper_align_label_loss': '0.09307', 'paper_align_reason_loss': '0.2869', 'epoch': '0.8808'}
{'paper_align_label_loss': '0.1104', 'paper_align_reason_loss': '0.1713', 'epoch': '0.8856'}
{'paper_align_label_loss': '0.1516', 'paper_align_reason_loss': '0.2036', 'epoch': '0.8856'}
{'paper_align_label_loss': '0.04075', 'paper_align_reason_loss': '0.09176', 'epoch': '0.8856'}
{'paper_align_label_loss': '0.1985', 'paper_align_reason_loss': '0.2108', 'epoch': '0.8856'}
{'paper_align_label_loss': '0.1818', 'paper_align_reason_loss': '0.2631', 'epoch': '0.8905'}
{'paper_align_label_loss': '0.2509', 'paper_align_reason_loss': '0.1138', 'epoch': '0.8905'}
{'paper_align_label_loss': '0.02236', 'paper_align_reason_loss': '0.1759', 'epoch': '0.8905'}
{'paper_align_label_loss': '0.09122', 'paper_align_reason_loss': '0.2106', 'epoch': '0.8905'}
{'paper_align_label_loss': '0.03588', 'paper_align_reason_loss': '0.2074', 'epoch': '0.8954'}
{'paper_align_label_loss': '0.1303', 'paper_align_reason_loss': '0.2386', 'epoch': '0.8954'}
{'paper_align_label_loss': '0.002716', 'paper_align_reason_loss': '0.1049', 'epoch': '0.8954'}
{'paper_align_label_loss': '0.1218', 'paper_align_reason_loss': '0.1369', 'epoch': '0.8954'}
{'paper_align_label_loss': '0.04363', 'paper_align_reason_loss': '0.2156', 'epoch': '0.9002'}
{'paper_align_label_loss': '0.05172', 'paper_align_reason_loss': '0.2909', 'epoch': '0.9002'}
{'paper_align_label_loss': '0.2567', 'paper_align_reason_loss': '0.2274', 'epoch': '0.9002'}
{'paper_align_label_loss': '0.06199', 'paper_align_reason_loss': '0.1825', 'epoch': '0.9002'}
{'paper_align_label_loss': '0.05102', 'paper_align_reason_loss': '0.2556', 'epoch': '0.9051'}
{'paper_align_label_loss': '0.2067', 'paper_align_reason_loss': '0.3282', 'epoch': '0.9051'}
{'paper_align_label_loss': '0.03562', 'paper_align_reason_loss': '0.1733', 'epoch': '0.9051'}
{'paper_align_label_loss': '0.05551', 'paper_align_reason_loss': '0.2121', 'epoch': '0.9051'}
{'paper_align_label_loss': '0.04115', 'paper_align_reason_loss': '0.1054', 'epoch': '0.91'}
{'paper_align_label_loss': '0.02492', 'paper_align_reason_loss': '0.2433', 'epoch': '0.91'}
{'paper_align_label_loss': '0.07338', 'paper_align_reason_loss': '0.1438', 'epoch': '0.91'}
{'paper_align_label_loss': '0.07932', 'paper_align_reason_loss': '0.2128', 'epoch': '0.91'}
{'paper_align_label_loss': '0.09998', 'paper_align_reason_loss': '0.1987', 'epoch': '0.9148'}
{'paper_align_label_loss': '0.0003788', 'paper_align_reason_loss': '0.173', 'epoch': '0.9148'}
{'paper_align_label_loss': '0.07977', 'paper_align_reason_loss': '0.2867', 'epoch': '0.9148'}
{'paper_align_label_loss': '0.07779', 'paper_align_reason_loss': '0.1951', 'epoch': '0.9148'}
{'paper_align_label_loss': '0.1786', 'paper_align_reason_loss': '0.1643', 'epoch': '0.9197'}
{'paper_align_label_loss': '0.0003075', 'paper_align_reason_loss': '0.1604', 'epoch': '0.9197'}
{'paper_align_label_loss': '0.1344', 'paper_align_reason_loss': '0.1371', 'epoch': '0.9197'}
{'paper_align_label_loss': '0.1412', 'paper_align_reason_loss': '0.3602', 'epoch': '0.9197'}
{'loss': '0.6325', 'grad_norm': '5.437', 'learning_rate': '8.141e-05', 'epoch': '0.9246'}
{'paper_align_label_loss': '0.2111', 'paper_align_reason_loss': '0.1908', 'epoch': '0.9246'}
{'paper_align_label_loss': '0.008306', 'paper_align_reason_loss': '0.1374', 'epoch': '0.9246'}
{'paper_align_label_loss': '0.1737', 'paper_align_reason_loss': '0.1772', 'epoch': '0.9246'}
{'paper_align_label_loss': '0.123', 'paper_align_reason_loss': '0.2368', 'epoch': '0.9246'}
{'paper_align_label_loss': '0.1033', 'paper_align_reason_loss': '0.1895', 'epoch': '0.9294'}

 31%|███       | 191/618 [07:33<17:04,  2.40s/it]2026-09-22 08:38:19,873 INFO [rev_util_verifiability|paper_align|Qwen3-0.6B] step=191 epoch=0.9294

                                                 

 31%|███       | 191/618 [07:34<17:04,  2.40s/it]2026-09-22 08:38:20,472 INFO [rev_util_verifiability|paper_align|Qwen3-0.6B] step=191 epoch=0.9294

                                                 

 31%|███       | 191/618 [07:35<17:04,  2.40s/it]
 31%|███       | 192/618 [07:35<16:56,  2.39s/it]2026-09-22 08:38:21,085 INFO [rev_util_verifiability|paper_align|Qwen3-0.6B] step=192 epoch=0.9343

                                                 

 31%|███       | 192/618 [07:35<16:56,  2.39s/it]2026-09-22 08:38:21,655 INFO [rev_util_verifiability|paper_align|Qwen3-0.6B] step=192 epoch=0.9343

                                                 

 31%|███       | 192/618 [07:36<16:56,  2.39s/it]2026-09-22 08:38:22,229 INFO [rev_util_verifiability|paper_align|Qwen3-0.6B] step=192 epoch=0.9343

                                                 

 31%|███       | 192/618 [07:36<16:56,  2.39s/it]2026-09-22 08:38:23,111 INFO [rev_util_verifiability|paper_align|Qwen3-0.6B] step=192 epoch=0.9343

                                                 

 31%|███       | 192/618 [07:37<16:56,  2.39s/it]
 31%|███       | 193/618 [07:38<17:27,  2.46s/it]2026-09-22 08:38:23,727 INFO [rev_util_verifiability|paper_align|Qwen3-0.6B] step=193 epoch=0.9392

                                                 

 31%|███       | 193/618 [07:38<17:27,  2.46s/it]2026-09-22 08:38:24,360 INFO [rev_util_verifiability|paper_align|Qwen3-0.6B] step=193 epoch=0.9392

                                                 

 31%|███       | 193/618 [07:39<17:27,  2.46s/it]2026-09-22 08:38:24,953 INFO [rev_util_verifiability|paper_align|Qwen3-0.6B] step=193 epoch=0.9392

                                                 

 31%|███       | 193/618 [07:39<17:27,  2.46s/it]2026-09-22 08:38:25,538 INFO [rev_util_verifiability|paper_align|Qwen3-0.6B] step=193 epoch=0.9392

                                                 

 31%|███       | 193/618 [07:40<17:27,  2.46s/it]
 31%|███▏      | 194/618 [07:40<17:21,  2.46s/it]2026-09-22 08:38:26,184 INFO [rev_util_verifiability|paper_align|Qwen3-0.6B] step=194 epoch=0.9440

                                                 

 31%|███▏      | 194/618 [07:40<17:21,  2.46s/it]2026-09-22 08:38:26,765 INFO [rev_util_verifiability|paper_align|Qwen3-0.6B] step=194 epoch=0.9440

                                                 

 31%|███▏      | 194/618 [07:41<17:21,  2.46s/it]2026-09-22 08:38:27,360 INFO [rev_util_verifiability|paper_align|Qwen3-0.6B] step=194 epoch=0.9440

                                                 

 31%|███▏      | 194/618 [07:42<17:21,  2.46s/it]2026-09-22 08:38:27,950 INFO [rev_util_verifiability|paper_align|Qwen3-0.6B] step=194 epoch=0.9440

                                                 

 31%|███▏      | 194/618 [07:42<17:21,  2.46s/it]
 32%|███▏      | 195/618 [07:43<17:11,  2.44s/it]2026-09-22 08:38:28,578 INFO [rev_util_verifiability|paper_align|Qwen3-0.6B] step=195 epoch=0.9489

                                                 

 32%|███▏      | 195/618 [07:43<17:11,  2.44s/it]2026-09-22 08:38:29,163 INFO [rev_util_verifiability|paper_align|Qwen3-0.6B] step=195 epoch=0.9489

                                                 

 32%|███▏      | 195/618 [07:43<17:11,  2.44s/it]2026-09-22 08:38:29,767 INFO [rev_util_verifiability|paper_align|Qwen3-0.6B] step=195 epoch=0.9489

                                                 

 32%|███▏      | 195/618 [07:44<17:11,  2.44s/it]2026-09-22 08:38:30,348 INFO [rev_util_verifiability|paper_align|Qwen3-0.6B] step=195 epoch=0.9489

                                                 

 32%|███▏      | 195/618 [07:45<17:11,  2.44s/it]
 32%|███▏      | 196/618 [07:45<17:03,  2.43s/it]2026-09-22 08:38:30,961 INFO [rev_util_verifiability|paper_align|Qwen3-0.6B] step=196 epoch=0.9538

                                                 

 32%|███▏      | 196/618 [07:45<17:03,  2.43s/it]2026-09-22 08:38:31,551 INFO [rev_util_verifiability|paper_align|Qwen3-0.6B] step=196 epoch=0.9538

                                                 

 32%|███▏      | 196/618 [07:46<17:03,  2.43s/it]2026-09-22 08:38:32,124 INFO [rev_util_verifiability|paper_align|Qwen3-0.6B] step=196 epoch=0.9538

                                                 

 32%|███▏      | 196/618 [07:46<17:03,  2.43s/it]2026-09-22 08:38:32,703 INFO [rev_util_verifiability|paper_align|Qwen3-0.6B] step=196 epoch=0.9538

                                                 

 32%|███▏      | 196/618 [07:47<17:03,  2.43s/it]
 32%|███▏      | 197/618 [07:47<16:53,  2.41s/it]2026-09-22 08:38:33,331 INFO [rev_util_verifiability|paper_align|Qwen3-0.6B] step=197 epoch=0.9586

                                                 

 32%|███▏      | 197/618 [07:48<16:53,  2.41s/it]2026-09-22 08:38:33,906 INFO [rev_util_verifiability|paper_align|Qwen3-0.6B] step=197 epoch=0.9586

                                                 

 32%|███▏      | 197/618 [07:48<16:53,  2.41s/it]2026-09-22 08:38:34,477 INFO [rev_util_verifiability|paper_align|Qwen3-0.6B] step=197 epoch=0.9586

                                                 

 32%|███▏      | 197/618 [07:49<16:53,  2.41s/it]2026-09-22 08:38:35,374 INFO [rev_util_verifiability|paper_align|Qwen3-0.6B] step=197 epoch=0.9586

                                                 

 32%|███▏      | 197/618 [07:50<16:53,  2.41s/it]
 32%|███▏      | 198/618 [07:50<17:25,  2.49s/it]2026-09-22 08:38:36,002 INFO [rev_util_verifiability|paper_align|Qwen3-0.6B] step=198 epoch=0.9635

                                                 

 32%|███▏      | 198/618 [07:50<17:25,  2.49s/it]2026-09-22 08:38:36,574 INFO [rev_util_verifiability|paper_align|Qwen3-0.6B] step=198 epoch=0.9635

                                                 

 32%|███▏      | 198/618 [07:51<17:25,  2.49s/it]2026-09-22 08:38:37,151 INFO [rev_util_verifiability|paper_align|Qwen3-0.6B] step=198 epoch=0.9635

                                                 

 32%|███▏      | 198/618 [07:51<17:25,  2.49s/it]2026-09-22 08:38:37,739 INFO [rev_util_verifiability|paper_align|Qwen3-0.6B] step=198 epoch=0.9635

                                                 

 32%|███▏      | 198/618 [07:52<17:25,  2.49s/it]
 32%|███▏      | 199/618 [07:52<17:05,  2.45s/it]2026-09-22 08:38:38,356 INFO [rev_util_verifiability|paper_align|Qwen3-0.6B] step=199 epoch=0.9684

                                                 

 32%|███▏      | 199/618 [07:53<17:05,  2.45s/it]2026-09-22 08:38:38,930 INFO [rev_util_verifiability|paper_align|Qwen3-0.6B] step=199 epoch=0.9684

                                                 

 32%|███▏      | 199/618 [07:53<17:05,  2.45s/it]2026-09-22 08:38:39,522 INFO [rev_util_verifiability|paper_align|Qwen3-0.6B] step=199 epoch=0.9684

                                                 

 32%|███▏      | 199/618 [07:54<17:05,  2.45s/it]2026-09-22 08:38:40,115 INFO [rev_util_verifiability|paper_align|Qwen3-0.6B] step=199 epoch=0.9684

                                                 

 32%|███▏      | 199/618 [07:54<17:05,  2.45s/it]
 32%|███▏      | 200/618 [07:55<16:53,  2.43s/it]2026-09-22 08:38:40,514 INFO [rev_util_verifiability|paper_align|Qwen3-0.6B] step=200 loss=0.5627 learning_rate=0.0001 epoch=0.9732

                                                 

 32%|███▏      | 200/618 [07:55<16:53,  2.43s/it]2026-09-22 08:38:40,713 INFO [rev_util_verifiability|paper_align|Qwen3-0.6B] step=200 epoch=0.9732

                                                 

 32%|███▏      | 200/618 [07:55<16:53,  2.43s/it]2026-09-22 08:38:41,281 INFO [rev_util_verifiability|paper_align|Qwen3-0.6B] step=200 epoch=0.9732

                                                 

 32%|███▏      | 200/618 [07:55<16:53,  2.43s/it]2026-09-22 08:38:41,857 INFO [rev_util_verifiability|paper_align|Qwen3-0.6B] step=200 epoch=0.9732

                                                 

 32%|███▏      | 200/618 [07:56<16:53,  2.43s/it]2026-09-22 08:38:42,452 INFO [rev_util_verifiability|paper_align|Qwen3-0.6B] step=200 epoch=0.9732

                                                 

 32%|███▏      | 200/618 [07:57<16:53,  2.43s/it]
 33%|███▎      | 201/618 [07:57<16:41,  2.40s/it]2026-09-22 08:38:43,063 INFO [rev_util_verifiability|paper_align|Qwen3-0.6B] step=201 epoch=0.9781

                                                 

 33%|███▎      | 201/618 [07:57<16:41,  2.40s/it]2026-09-22 08:38:43,635 INFO [rev_util_verifiability|paper_align|Qwen3-0.6B] step=201 epoch=0.9781

                                                 

 33%|███▎      | 201/618 [07:58<16:41,  2.40s/it]2026-09-22 08:38:44,216 INFO [rev_util_verifiability|paper_align|Qwen3-0.6B] step=201 epoch=0.9781

                                                 

 33%|███▎      | 201/618 [07:58<16:41,  2.40s/it]2026-09-22 08:38:44,810 INFO [rev_util_verifiability|paper_align|Qwen3-0.6B] step=201 epoch=0.9781

                                                 

 33%|███▎      | 201/618 [07:59<16:41,  2.40s/it]
 33%|███▎      | 202/618 [07:59<16:33,  2.39s/it]2026-09-22 08:38:45,454 INFO [rev_util_verifiability|paper_align|Qwen3-0.6B] step=202 epoch=0.9830

                                                 

 33%|███▎      | 202/618 [08:00<16:33,  2.39s/it]2026-09-22 08:38:46,028 INFO [rev_util_verifiability|paper_align|Qwen3-0.6B] step=202 epoch=0.9830

                                                 

 33%|███▎      | 202/618 [08:00<16:33,  2.39s/it]2026-09-22 08:38:46,612 INFO [rev_util_verifiability|paper_align|Qwen3-0.6B] step=202 epoch=0.9830

                                                 

 33%|███▎      | 202/618 [08:01<16:33,  2.39s/it]2026-09-22 08:38:47,489 INFO [rev_util_verifiability|paper_align|Qwen3-0.6B] step=202 epoch=0.9830

                                                 

 33%|███▎      | 202/618 [08:02<16:33,  2.39s/it]
 33%|███▎      | 203/618 [08:02<17:07,  2.48s/it]2026-09-22 08:38:48,121 INFO [rev_util_verifiability|paper_align|Qwen3-0.6B] step=203 epoch=0.9878

                                                 

 33%|███▎      | 203/618 [08:02<17:07,  2.48s/it]2026-09-22 08:38:48,692 INFO [rev_util_verifiability|paper_align|Qwen3-0.6B] step=203 epoch=0.9878

                                                 

 33%|███▎      | 203/618 [08:03<17:07,  2.48s/it]2026-09-22 08:38:49,260 INFO [rev_util_verifiability|paper_align|Qwen3-0.6B] step=203 epoch=0.9878

                                                 

 33%|███▎      | 203/618 [08:03<17:07,  2.48s/it]2026-09-22 08:38:49,849 INFO [rev_util_verifiability|paper_align|Qwen3-0.6B] step=203 epoch=0.9878

                                                 

 33%|███▎      | 203/618 [08:04<17:07,  2.48s/it]
 33%|███▎      | 204/618 [08:04<16:49,  2.44s/it]2026-09-22 08:38:50,468 INFO [rev_util_verifiability|paper_align|Qwen3-0.6B] step=204 epoch=0.9927

                                                 

 33%|███▎      | 204/618 [08:05<16:49,  2.44s/it]2026-09-22 08:38:51,041 INFO [rev_util_verifiability|paper_align|Qwen3-0.6B] step=204 epoch=0.9927

                                                 

 33%|███▎      | 204/618 [08:05<16:49,  2.44s/it]2026-09-22 08:38:51,616 INFO [rev_util_verifiability|paper_align|Qwen3-0.6B] step=204 epoch=0.9927

                                                 

 33%|███▎      | 204/618 [08:06<16:49,  2.44s/it]2026-09-22 08:38:52,186 INFO [rev_util_verifiability|paper_align|Qwen3-0.6B] step=204 epoch=0.9927

                                                 

 33%|███▎      | 204/618 [08:06<16:49,  2.44s/it]
 33%|███▎      | 205/618 [08:07<16:34,  2.41s/it]2026-09-22 08:38:52,789 INFO [rev_util_verifiability|paper_align|Qwen3-0.6B] step=205 epoch=0.9976

                                                 

 33%|███▎      | 205/618 [08:07<16:34,  2.41s/it]2026-09-22 08:38:53,352 INFO [rev_util_verifiability|paper_align|Qwen3-0.6B] step=205 epoch=0.9976

                                                 

 33%|███▎      | 205/618 [08:08<16:34,  2.41s/it]
 33%|███▎      | 206/618 [08:08<13:58,  2.03s/it]{'paper_align_label_loss': '0.001468', 'paper_align_reason_loss': '0.1491', 'epoch': '0.9294'}
{'paper_align_label_loss': '0.1101', 'paper_align_reason_loss': '0.2649', 'epoch': '0.9294'}
{'paper_align_label_loss': '0.003458', 'paper_align_reason_loss': '0.1048', 'epoch': '0.9294'}
{'paper_align_label_loss': '0.06735', 'paper_align_reason_loss': '0.2385', 'epoch': '0.9343'}
{'paper_align_label_loss': '0.09567', 'paper_align_reason_loss': '0.2606', 'epoch': '0.9343'}
{'paper_align_label_loss': '0.06422', 'paper_align_reason_loss': '0.234', 'epoch': '0.9343'}
{'paper_align_label_loss': '0.088', 'paper_align_reason_loss': '0.1957', 'epoch': '0.9343'}
{'paper_align_label_loss': '0.0114', 'paper_align_reason_loss': '0.06092', 'epoch': '0.9392'}
{'paper_align_label_loss': '0.137', 'paper_align_reason_loss': '0.5816', 'epoch': '0.9392'}
{'paper_align_label_loss': '0.03621', 'paper_align_reason_loss': '0.2197', 'epoch': '0.9392'}
{'paper_align_label_loss': '0.004117', 'paper_align_reason_loss': '0.1541', 'epoch': '0.9392'}
{'paper_align_label_loss': '0.04947', 'paper_align_reason_loss': '0.2379', 'epoch': '0.944'}
{'paper_align_label_loss': '0.1654', 'paper_align_reason_loss': '0.2147', 'epoch': '0.944'}
{'paper_align_label_loss': '0.04631', 'paper_align_reason_loss': '0.1781', 'epoch': '0.944'}
{'paper_align_label_loss': '0.0007151', 'paper_align_reason_loss': '0.1062', 'epoch': '0.944'}
{'paper_align_label_loss': '0.1474', 'paper_align_reason_loss': '0.2009', 'epoch': '0.9489'}
{'paper_align_label_loss': '0.1135', 'paper_align_reason_loss': '0.2689', 'epoch': '0.9489'}
{'paper_align_label_loss': '0.05541', 'paper_align_reason_loss': '0.1829', 'epoch': '0.9489'}
{'paper_align_label_loss': '0.05509', 'paper_align_reason_loss': '0.2791', 'epoch': '0.9489'}
{'paper_align_label_loss': '0.03516', 'paper_align_reason_loss': '0.1166', 'epoch': '0.9538'}
{'paper_align_label_loss': '0.05003', 'paper_align_reason_loss': '0.2687', 'epoch': '0.9538'}
{'paper_align_label_loss': '0.09994', 'paper_align_reason_loss': '0.168', 'epoch': '0.9538'}
{'paper_align_label_loss': '0.002551', 'paper_align_reason_loss': '0.1297', 'epoch': '0.9538'}
{'paper_align_label_loss': '0.09571', 'paper_align_reason_loss': '0.2856', 'epoch': '0.9586'}
{'paper_align_label_loss': '0.05072', 'paper_align_reason_loss': '0.1954', 'epoch': '0.9586'}
{'paper_align_label_loss': '0.01016', 'paper_align_reason_loss': '0.1276', 'epoch': '0.9586'}
{'paper_align_label_loss': '0.06741', 'paper_align_reason_loss': '0.1085', 'epoch': '0.9586'}
{'paper_align_label_loss': '0.01248', 'paper_align_reason_loss': '0.1882', 'epoch': '0.9635'}
{'paper_align_label_loss': '0.209', 'paper_align_reason_loss': '0.2963', 'epoch': '0.9635'}
{'paper_align_label_loss': '0.04413', 'paper_align_reason_loss': '0.1198', 'epoch': '0.9635'}
{'paper_align_label_loss': '0.04467', 'paper_align_reason_loss': '0.3356', 'epoch': '0.9635'}
{'paper_align_label_loss': '0.2056', 'paper_align_reason_loss': '0.2362', 'epoch': '0.9684'}
{'paper_align_label_loss': '0.06278', 'paper_align_reason_loss': '0.2303', 'epoch': '0.9684'}
{'paper_align_label_loss': '0.1122', 'paper_align_reason_loss': '0.2641', 'epoch': '0.9684'}
{'paper_align_label_loss': '0.008135', 'paper_align_reason_loss': '0.136', 'epoch': '0.9684'}
{'loss': '0.5627', 'grad_norm': '4.135', 'learning_rate': '7.933e-05', 'epoch': '0.9732'}
{'paper_align_label_loss': '0.1621', 'paper_align_reason_loss': '0.1924', 'epoch': '0.9732'}
{'paper_align_label_loss': '0.009725', 'paper_align_reason_loss': '0.08136', 'epoch': '0.9732'}
{'paper_align_label_loss': '0.05322', 'paper_align_reason_loss': '0.2007', 'epoch': '0.9732'}
{'paper_align_label_loss': '0.2244', 'paper_align_reason_loss': '0.2543', 'epoch': '0.9732'}
{'paper_align_label_loss': '0.005146', 'paper_align_reason_loss': '0.1352', 'epoch': '0.9781'}
{'paper_align_label_loss': '0.1013', 'paper_align_reason_loss': '0.1972', 'epoch': '0.9781'}
{'paper_align_label_loss': '0.0687', 'paper_align_reason_loss': '0.1665', 'epoch': '0.9781'}
{'paper_align_label_loss': '0.04149', 'paper_align_reason_loss': '0.1475', 'epoch': '0.9781'}
{'paper_align_label_loss': '0.08776', 'paper_align_reason_loss': '0.1981', 'epoch': '0.983'}
{'paper_align_label_loss': '0.1687', 'paper_align_reason_loss': '0.274', 'epoch': '0.983'}
{'paper_align_label_loss': '0.1906', 'paper_align_reason_loss': '0.1667', 'epoch': '0.983'}
{'paper_align_label_loss': '0.03482', 'paper_align_reason_loss': '0.2783', 'epoch': '0.983'}
{'paper_align_label_loss': '0.3019', 'paper_align_reason_loss': '0.2729', 'epoch': '0.9878'}
{'paper_align_label_loss': '0.08443', 'paper_align_reason_loss': '0.1924', 'epoch': '0.9878'}
{'paper_align_label_loss': '0.0061', 'paper_align_reason_loss': '0.1262', 'epoch': '0.9878'}
{'paper_align_label_loss': '0.08372', 'paper_align_reason_loss': '0.1239', 'epoch': '0.9878'}
{'paper_align_label_loss': '0.154', 'paper_align_reason_loss': '0.1936', 'epoch': '0.9927'}
{'paper_align_label_loss': '0.03271', 'paper_align_reason_loss': '0.1753', 'epoch': '0.9927'}
{'paper_align_label_loss': '0.2129', 'paper_align_reason_loss': '0.2199', 'epoch': '0.9927'}
{'paper_align_label_loss': '0.001482', 'paper_align_reason_loss': '0.1053', 'epoch': '0.9927'}
{'paper_align_label_loss': '0.08971', 'paper_align_reason_loss': '0.3005', 'epoch': '0.9976'}
{'paper_align_label_loss': '0.003098', 'paper_align_reason_loss': '0.103', 'epoch': '0.9976'}


  0%|          | 0/46 [00:00<?, ?it/s][A

  4%|▍         | 2/46 [00:00<00:02, 18.71it/s][A

  9%|▊         | 4/46 [00:00<00:03, 11.70it/s][A

 13%|█▎        | 6/46 [00:00<00:03, 10.36it/s][A

 17%|█▋        | 8/46 [00:00<00:03,  9.91it/s][A

 22%|██▏       | 10/46 [00:00<00:03,  9.69it/s][A

 26%|██▌       | 12/46 [00:01<00:03,  9.60it/s][A

 28%|██▊       | 13/46 [00:01<00:03,  9.55it/s][A

 30%|███       | 14/46 [00:01<00:03,  9.52it/s][A

 33%|███▎      | 15/46 [00:01<00:03,  9.44it/s][A

 35%|███▍      | 16/46 [00:01<00:03,  9.41it/s][A

 37%|███▋      | 17/46 [00:01<00:03,  9.41it/s][A

 39%|███▉      | 18/46 [00:01<00:02,  9.39it/s][A

 41%|████▏     | 19/46 [00:01<00:02,  9.40it/s][A

 43%|████▎     | 20/46 [00:02<00:02,  9.38it/s][A

 46%|████▌     | 21/46 [00:02<00:02,  9.38it/s][A

 48%|████▊     | 22/46 [00:02<00:02,  9.37it/s][A

 50%|█████     | 23/46 [00:02<00:02,  9.39it/s][A

 52%|█████▏    | 24/46 [00:02<00:02,  9.42it/s][A

 54%|█████▍    | 25/46 [00:02<00:02,  9.40it/s][A

 57%|█████▋    | 26/46 [00:02<00:02,  9.40it/s][A

 59%|█████▊    | 27/46 [00:02<00:02,  9.41it/s][A

 61%|██████    | 28/46 [00:02<00:01,  9.31it/s][A

 63%|██████▎   | 29/46 [00:03<00:01,  9.30it/s][A

 65%|██████▌   | 30/46 [00:03<00:01,  9.32it/s][A

 70%|██████▉   | 32/46 [00:03<00:01, 10.86it/s][A

 74%|███████▍  | 34/46 [00:03<00:00, 12.36it/s][A

 78%|███████▊  | 36/46 [00:03<00:00, 13.39it/s][A

 83%|████████▎ | 38/46 [00:03<00:00, 13.94it/s][A

 87%|████████▋ | 40/46 [00:03<00:00, 14.42it/s][A

 91%|█████████▏| 42/46 [00:03<00:00, 14.79it/s][A

 96%|█████████▌| 44/46 [00:04<00:00, 15.06it/s][A

100%|██████████| 46/46 [00:04<00:00, 15.31it/s][A2026-09-22 08:38:58,078 INFO [rev_util_verifiability|paper_align|Qwen3-0.6B] step=206 eval_loss=0.0907 epoch=1.0000

                                                 

                                               
[A
 33%|███▎      | 206/618 [08:12<13:58,  2.03s/it]

100%|██████████| 46/46 [00:04<00:00, 15.31it/s][A

                                               [A2026-09-22 08:38:58,231 INFO Starting generation validation on training device cuda:0: samples=182 batch_size=16
2026-09-22 08:38:58,891 INFO Generation validation progress: 16/182
2026-09-22 08:38:59,518 INFO Generation validation progress: 32/182
2026-09-22 08:39:00,142 INFO Generation validation progress: 48/182
2026-09-22 08:39:00,760 INFO Generation validation progress: 64/182
2026-09-22 08:39:01,394 INFO Generation validation progress: 80/182
2026-09-22 08:39:02,068 INFO Generation validation progress: 96/182
2026-09-22 08:39:02,706 INFO Generation validation progress: 112/182
2026-09-22 08:39:03,440 INFO Generation validation progress: 128/182
2026-09-22 08:39:04,156 INFO Generation validation progress: 144/182
2026-09-22 08:39:04,770 INFO Generation validation progress: 160/182
2026-09-22 08:39:05,413 INFO Generation validation progress: 176/182
2026-09-22 08:39:05,839 INFO Generation validation progress: 182/182
2026-09-22 08:39:05,884 INFO Generation val @ epoch=1.0 step=206: acc=0.7143 macro_f1=0.5625 valid=1.0000 (retaining last checkpoint)
2026-09-22 08:39:05,886 INFO [rev_util_verifiability|paper_align|Qwen3-0.6B] step=206 eval_generation_accuracy=0.7143 eval_generation_macro_f1=0.5625 eval_generation_format_valid_rate=1.0000 eval_generation_mae=0.3791 eval_generation_qwk=0.8014 epoch=1.0000

                                                 

 33%|███▎      | 206/618 [08:20<13:58,  2.03s/it]2026-09-22 08:39:06,368 INFO [rev_util_verifiability|paper_align|Qwen3-0.6B] step=206 epoch=1.0000

                                                 

 33%|███▎      | 206/618 [08:21<13:58,  2.03s/it]2026-09-22 08:39:06,855 INFO [rev_util_verifiability|paper_align|Qwen3-0.6B] step=206 epoch=1.0000

                                                 

 33%|███▎      | 206/618 [08:21<13:58,  2.03s/it]2026-09-22 08:39:07,351 INFO [rev_util_verifiability|paper_align|Qwen3-0.6B] step=206 epoch=1.0000

                                                 

 33%|███▎      | 206/618 [08:22<13:58,  2.03s/it]2026-09-22 08:39:07,852 INFO [rev_util_verifiability|paper_align|Qwen3-0.6B] step=206 epoch=1.0000

                                                 

 33%|███▎      | 206/618 [08:22<13:58,  2.03s/it]
 33%|███▎      | 207/618 [08:22<39:30,  5.77s/it]2026-09-22 08:39:08,375 INFO [rev_util_verifiability|paper_align|Qwen3-0.6B] step=207 epoch=1.0049

                                                 

 33%|███▎      | 207/618 [08:23<39:30,  5.77s/it]2026-09-22 08:39:08,853 INFO [rev_util_verifiability|paper_align|Qwen3-0.6B] step=207 epoch=1.0049

                                                 

 33%|███▎      | 207/618 [08:23<39:30,  5.77s/it]2026-09-22 08:39:09,314 INFO [rev_util_verifiability|paper_align|Qwen3-0.6B] step=207 epoch=1.0049

                                                 

 33%|███▎      | 207/618 [08:24<39:30,  5.77s/it]2026-09-22 08:39:09,813 INFO [rev_util_verifiability|paper_align|Qwen3-0.6B] step=207 epoch=1.0049

                                                 

 33%|███▎      | 207/618 [08:24<39:30,  5.77s/it]
 34%|███▎      | 208/618 [08:24<31:36,  4.63s/it]2026-09-22 08:39:10,332 INFO [rev_util_verifiability|paper_align|Qwen3-0.6B] step=208 epoch=1.0097

                                                 

 34%|███▎      | 208/618 [08:25<31:36,  4.63s/it]2026-09-22 08:39:10,806 INFO [rev_util_verifiability|paper_align|Qwen3-0.6B] step=208 epoch=1.0097

                                                 

 34%|███▎      | 208/618 [08:25<31:36,  4.63s/it]2026-09-22 08:39:11,450 INFO [rev_util_verifiability|paper_align|Qwen3-0.6B] step=208 epoch=1.0097

                                                 

 34%|███▎      | 208/618 [08:26<31:36,  4.63s/it]2026-09-22 08:39:11,942 INFO [rev_util_verifiability|paper_align|Qwen3-0.6B] step=208 epoch=1.0097

                                                 

 34%|███▎      | 208/618 [08:26<31:36,  4.63s/it]
 34%|███▍      | 209/618 [08:27<26:25,  3.88s/it]2026-09-22 08:39:12,466 INFO [rev_util_verifiability|paper_align|Qwen3-0.6B] step=209 epoch=1.0146

                                                 

 34%|███▍      | 209/618 [08:27<26:25,  3.88s/it]2026-09-22 08:39:12,951 INFO [rev_util_verifiability|paper_align|Qwen3-0.6B] step=209 epoch=1.0146

                                                 

 34%|███▍      | 209/618 [08:27<26:25,  3.88s/it]2026-09-22 08:39:13,443 INFO [rev_util_verifiability|paper_align|Qwen3-0.6B] step=209 epoch=1.0146

                                                 

 34%|███▍      | 209/618 [08:28<26:25,  3.88s/it]2026-09-22 08:39:13,929 INFO [rev_util_verifiability|paper_align|Qwen3-0.6B] step=209 epoch=1.0146

                                                 

 34%|███▍      | 209/618 [08:28<26:25,  3.88s/it]
 34%|███▍      | 210/618 [08:29<22:30,  3.31s/it]2026-09-22 08:39:14,307 INFO [rev_util_verifiability|paper_align|Qwen3-0.6B] step=210 loss=0.4989 learning_rate=0.0001 epoch=1.0195

                                                 

 34%|███▍      | 210/618 [08:29<22:30,  3.31s/it]2026-09-22 08:39:14,451 INFO [rev_util_verifiability|paper_align|Qwen3-0.6B] step=210 epoch=1.0195

                                                 

 34%|███▍      | 210/618 [08:29<22:30,  3.31s/it]2026-09-22 08:39:14,941 INFO [rev_util_verifiability|paper_align|Qwen3-0.6B] step=210 epoch=1.0195

                                                 

 34%|███▍      | 210/618 [08:29<22:30,  3.31s/it]2026-09-22 08:39:15,440 INFO [rev_util_verifiability|paper_align|Qwen3-0.6B] step=210 epoch=1.0195

                                                 

 34%|███▍      | 210/618 [08:30<22:30,  3.31s/it]2026-09-22 08:39:15,934 INFO [rev_util_verifiability|paper_align|Qwen3-0.6B] step=210 epoch=1.0195

                                                 

 34%|███▍      | 210/618 [08:30<22:30,  3.31s/it]
 34%|███▍      | 211/618 [08:30<19:45,  2.91s/it]2026-09-22 08:39:16,433 INFO [rev_util_verifiability|paper_align|Qwen3-0.6B] step=211 epoch=1.0243

                                                 

 34%|███▍      | 211/618 [08:31<19:45,  2.91s/it]2026-09-22 08:39:16,921 INFO [rev_util_verifiability|paper_align|Qwen3-0.6B] step=211 epoch=1.0243

                                                 

 34%|███▍      | 211/618 [08:31<19:45,  2.91s/it]2026-09-22 08:39:17,419 INFO [rev_util_verifiability|paper_align|Qwen3-0.6B] step=211 epoch=1.0243

                                                 

 34%|███▍      | 211/618 [08:32<19:45,  2.91s/it]2026-09-22 08:39:17,917 INFO [rev_util_verifiability|paper_align|Qwen3-0.6B] step=211 epoch=1.0243

                                                 

 34%|███▍      | 211/618 [08:32<19:45,  2.91s/it]
 34%|███▍      | 212/618 [08:32<17:51,  2.64s/it]2026-09-22 08:39:18,440 INFO [rev_util_verifiability|paper_align|Qwen3-0.6B] step=212 epoch=1.0292

                                                 

 34%|███▍      | 212/618 [08:33<17:51,  2.64s/it]2026-09-22 08:39:18,926 INFO [rev_util_verifiability|paper_align|Qwen3-0.6B] step=212 epoch=1.0292

                                                 

 34%|███▍      | 212/618 [08:33<17:51,  2.64s/it]2026-09-22 08:39:19,423 INFO [rev_util_verifiability|paper_align|Qwen3-0.6B] step=212 epoch=1.0292

                                                 

 34%|███▍      | 212/618 [08:34<17:51,  2.64s/it]2026-09-22 08:39:19,923 INFO [rev_util_verifiability|paper_align|Qwen3-0.6B] step=212 epoch=1.0292

                                                 

 34%|███▍      | 212/618 [08:34<17:51,  2.64s/it]
 34%|███▍      | 213/618 [08:35<16:32,  2.45s/it]2026-09-22 08:39:20,452 INFO [rev_util_verifiability|paper_align|Qwen3-0.6B] step=213 epoch=1.0341

                                                 

 34%|███▍      | 213/618 [08:35<16:32,  2.45s/it]2026-09-22 08:39:20,947 INFO [rev_util_verifiability|paper_align|Qwen3-0.6B] step=213 epoch=1.0341

                                                 

 34%|███▍      | 213/618 [08:35<16:32,  2.45s/it]2026-09-22 08:39:21,447 INFO [rev_util_verifiability|paper_align|Qwen3-0.6B] step=213 epoch=1.0341

                                                 

 34%|███▍      | 213/618 [08:36<16:32,  2.45s/it]2026-09-22 08:39:22,101 INFO [rev_util_verifiability|paper_align|Qwen3-0.6B] step=213 epoch=1.0341

                                                 

 34%|███▍      | 213/618 [08:36<16:32,  2.45s/it]
 35%|███▍      | 214/618 [08:37<15:56,  2.37s/it]2026-09-22 08:39:22,616 INFO [rev_util_verifiability|paper_align|Qwen3-0.6B] step=214 epoch=1.0389

                                                 

 35%|███▍      | 214/618 [08:37<15:56,  2.37s/it]2026-09-22 08:39:23,107 INFO [rev_util_verifiability|paper_align|Qwen3-0.6B] step=214 epoch=1.0389

                                                 

 35%|███▍      | 214/618 [08:37<15:56,  2.37s/it]2026-09-22 08:39:23,594 INFO [rev_util_verifiability|paper_align|Qwen3-0.6B] step=214 epoch=1.0389

                                                 

 35%|███▍      | 214/618 [08:38<15:56,  2.37s/it]2026-09-22 08:39:24,099 INFO [rev_util_verifiability|paper_align|Qwen3-0.6B] step=214 epoch=1.0389

                                                 

 35%|███▍      | 214/618 [08:38<15:56,  2.37s/it]
 35%|███▍      | 215/618 [08:39<15:09,  2.26s/it]2026-09-22 08:39:24,617 INFO [rev_util_verifiability|paper_align|Qwen3-0.6B] step=215 epoch=1.0438

                                                 

 35%|███▍      | 215/618 [08:39<15:09,  2.26s/it]2026-09-22 08:39:25,116 INFO [rev_util_verifiability|paper_align|Qwen3-0.6B] step=215 epoch=1.0438

                                                 

 35%|███▍      | 215/618 [08:39<15:09,  2.26s/it]2026-09-22 08:39:25,626 INFO [rev_util_verifiability|paper_align|Qwen3-0.6B] step=215 epoch=1.0438

                                                 

 35%|███▍      | 215/618 [08:40<15:09,  2.26s/it]2026-09-22 08:39:26,125 INFO [rev_util_verifiability|paper_align|Qwen3-0.6B] step=215 epoch=1.0438

                                                 

 35%|███▍      | 215/618 [08:40<15:09,  2.26s/it]
 35%|███▍      | 216/618 [08:41<14:36,  2.18s/it]2026-09-22 08:39:26,639 INFO [rev_util_verifiability|paper_align|Qwen3-0.6B] step=216 epoch=1.0487

                                                 

 35%|███▍      | 216/618 [08:41<14:36,  2.18s/it]2026-09-22 08:39:27,096 INFO [rev_util_verifiability|paper_align|Qwen3-0.6B] step=216 epoch=1.0487

                                                 

 35%|███▍      | 216/618 [08:41<14:36,  2.18s/it]2026-09-22 08:39:27,540 INFO [rev_util_verifiability|paper_align|Qwen3-0.6B] step=216 epoch=1.0487

                                                 

 35%|███▍      | 216/618 [08:42<14:36,  2.18s/it]2026-09-22 08:39:28,018 INFO [rev_util_verifiability|paper_align|Qwen3-0.6B] step=216 epoch=1.0487

                                                 

 35%|███▍      | 216/618 [08:42<14:36,  2.18s/it]
 35%|███▌      | 217/618 [08:43<13:59,  2.09s/it]2026-09-22 08:39:28,509 INFO [rev_util_verifiability|paper_align|Qwen3-0.6B] step=217 epoch=1.0535

                                                 

 35%|███▌      | 217/618 [08:43<13:59,  2.09s/it]2026-09-22 08:39:28,992 INFO [rev_util_verifiability|paper_align|Qwen3-0.6B] step=217 epoch=1.0535

                                                 

 35%|███▌      | 217/618 [08:43<13:59,  2.09s/it]2026-09-22 08:39:29,474 INFO [rev_util_verifiability|paper_align|Qwen3-0.6B] step=217 epoch=1.0535

                                                 

 35%|███▌      | 217/618 [08:44<13:59,  2.09s/it]2026-09-22 08:39:29,965 INFO [rev_util_verifiability|paper_align|Qwen3-0.6B] step=217 epoch=1.0535

                                                 

 35%|███▌      | 217/618 [08:44<13:59,  2.09s/it]
 35%|███▌      | 218/618 [08:45<13:41,  2.05s/it]2026-09-22 08:39:30,484 INFO [rev_util_verifiability|paper_align|Qwen3-0.6B] step=218 epoch=1.0584

                                                 

 35%|███▌      | 218/618 [08:45<13:41,  2.05s/it]2026-09-22 08:39:30,959 INFO [rev_util_verifiability|paper_align|Qwen3-0.6B] step=218 epoch=1.0584

                                                 

 35%|███▌      | 218/618 [08:45<13:41,  2.05s/it]2026-09-22 08:39:31,444 INFO [rev_util_verifiability|paper_align|Qwen3-0.6B] step=218 epoch=1.0584

                                                 

 35%|███▌      | 218/618 [08:46<13:41,  2.05s/it]2026-09-22 08:39:31,932 INFO [rev_util_verifiability|paper_align|Qwen3-0.6B] step=218 epoch=1.0584

                                                 

 35%|███▌      | 218/618 [08:46<13:41,  2.05s/it]
 35%|███▌      | 219/618 [08:47<13:29,  2.03s/it]2026-09-22 08:39:32,453 INFO [rev_util_verifiability|paper_align|Qwen3-0.6B] step=219 epoch=1.0633

                                                 

 35%|███▌      | 219/618 [08:47<13:29,  2.03s/it]2026-09-22 08:39:33,162 INFO [rev_util_verifiability|paper_align|Qwen3-0.6B] step=219 epoch=1.0633

                                                 

 35%|███▌      | 219/618 [08:47<13:29,  2.03s/it]2026-09-22 08:39:33,654 INFO [rev_util_verifiability|paper_align|Qwen3-0.6B] step=219 epoch=1.0633

                                                 

 35%|███▌      | 219/618 [08:48<13:29,  2.03s/it]2026-09-22 08:39:34,145 INFO [rev_util_verifiability|paper_align|Qwen3-0.6B] step=219 epoch=1.0633

                                                 

 35%|███▌      | 219/618 [08:48<13:29,  2.03s/it]
 36%|███▌      | 220/618 [08:49<13:49,  2.08s/it]2026-09-22 08:39:34,516 INFO [rev_util_verifiability|paper_align|Qwen3-0.6B] step=220 loss=0.4610 learning_rate=0.0001 epoch=1.0681

                                                 

 36%|███▌      | 220/618 [08:49<13:49,  2.08s/it]2026-09-22 08:39:34,665 INFO [rev_util_verifiability|paper_align|Qwen3-0.6B] step=220 epoch=1.0681

                                                 

 36%|███▌      | 220/618 [08:49<13:49,  2.08s/it]2026-09-22 08:39:35,155 INFO [rev_util_verifiability|paper_align|Qwen3-0.6B] step=220 epoch=1.0681

                                                 

 36%|███▌      | 220/618 [08:49<13:49,  2.08s/it]2026-09-22 08:39:35,613 INFO [rev_util_verifiability|paper_align|Qwen3-0.6B] step=220 epoch=1.0681

                                                 

 36%|███▌      | 220/618 [08:50<13:49,  2.08s/it]2026-09-22 08:39:36,093 INFO [rev_util_verifiability|paper_align|Qwen3-0.6B] step=220 epoch=1.0681

                                                 

 36%|███▌      | 220/618 [08:50<13:49,  2.08s/it]
 36%|███▌      | 221/618 [08:51<13:32,  2.05s/it]2026-09-22 08:39:36,626 INFO [rev_util_verifiability|paper_align|Qwen3-0.6B] step=221 epoch=1.0730

                                                 

 36%|███▌      | 221/618 [08:51<13:32,  2.05s/it]2026-09-22 08:39:37,120 INFO [rev_util_verifiability|paper_align|Qwen3-0.6B] step=221 epoch=1.0730

                                                 

 36%|███▌      | 221/618 [08:51<13:32,  2.05s/it]2026-09-22 08:39:37,616 INFO [rev_util_verifiability|paper_align|Qwen3-0.6B] step=221 epoch=1.0730

                                                 

 36%|███▌      | 221/618 [08:52<13:32,  2.05s/it]2026-09-22 08:39:38,106 INFO [rev_util_verifiability|paper_align|Qwen3-0.6B] step=221 epoch=1.0730

                                                 

 36%|███▌      | 221/618 [08:52<13:32,  2.05s/it]
 36%|███▌      | 222/618 [08:53<13:24,  2.03s/it]2026-09-22 08:39:38,622 INFO [rev_util_verifiability|paper_align|Qwen3-0.6B] step=222 epoch=1.0779

                                                 

 36%|███▌      | 222/618 [08:53<13:24,  2.03s/it]2026-09-22 08:39:39,111 INFO [rev_util_verifiability|paper_align|Qwen3-0.6B] step=222 epoch=1.0779

                                                 

 36%|███▌      | 222/618 [08:53<13:24,  2.03s/it]2026-09-22 08:39:39,602 INFO [rev_util_verifiability|paper_align|Qwen3-0.6B] step=222 epoch=1.0779

                                                 

 36%|███▌      | 222/618 [08:54<13:24,  2.03s/it]2026-09-22 08:39:40,100 INFO [rev_util_verifiability|paper_align|Qwen3-0.6B] step=222 epoch=1.0779

                                                 

 36%|███▌      | 222/618 [08:54<13:24,  2.03s/it]
 36%|███▌      | 223/618 [08:55<13:17,  2.02s/it]2026-09-22 08:39:40,610 INFO [rev_util_verifiability|paper_align|Qwen3-0.6B] step=223 epoch=1.0827

                                                 

 36%|███▌      | 223/618 [08:55<13:17,  2.02s/it]2026-09-22 08:39:41,103 INFO [rev_util_verifiability|paper_align|Qwen3-0.6B] step=223 epoch=1.0827

                                                 

 36%|███▌      | 223/618 [08:55<13:17,  2.02s/it]2026-09-22 08:39:41,599 INFO [rev_util_verifiability|paper_align|Qwen3-0.6B] step=223 epoch=1.0827

                                                 

 36%|███▌      | 223/618 [08:56<13:17,  2.02s/it]2026-09-22 08:39:42,089 INFO [rev_util_verifiability|paper_align|Qwen3-0.6B] step=223 epoch=1.0827

                                                 

 36%|███▌      | 223/618 [08:56<13:17,  2.02s/it]
 36%|███▌      | 224/618 [08:57<13:12,  2.01s/it]2026-09-22 08:39:42,786 INFO [rev_util_verifiability|paper_align|Qwen3-0.6B] step=224 epoch=1.0876

                                                 

 36%|███▌      | 224/618 [08:57<13:12,  2.01s/it]2026-09-22 08:39:43,260 INFO [rev_util_verifiability|paper_align|Qwen3-0.6B] step=224 epoch=1.0876

                                                 

 36%|███▌      | 224/618 [08:57<13:12,  2.01s/it]2026-09-22 08:39:43,719 INFO [rev_util_verifiability|paper_align|Qwen3-0.6B] step=224 epoch=1.0876

                                                 

 36%|███▌      | 224/618 [08:58<13:12,  2.01s/it]2026-09-22 08:39:44,198 INFO [rev_util_verifiability|paper_align|Qwen3-0.6B] step=224 epoch=1.0876

                                                 

 36%|███▌      | 224/618 [08:58<13:12,  2.01s/it]
 36%|███▋      | 225/618 [08:59<13:22,  2.04s/it]2026-09-22 08:39:44,715 INFO [rev_util_verifiability|paper_align|Qwen3-0.6B] step=225 epoch=1.0925

                                                 

 36%|███▋      | 225/618 [08:59<13:22,  2.04s/it]2026-09-22 08:39:45,193 INFO [rev_util_verifiability|paper_align|Qwen3-0.6B] step=225 epoch=1.0925

                                                 

 36%|███▋      | 225/618 [08:59<13:22,  2.04s/it]2026-09-22 08:39:45,682 INFO [rev_util_verifiability|paper_align|Qwen3-0.6B] step=225 epoch=1.0925

                                                 

 36%|███▋      | 225/618 [09:00<13:22,  2.04s/it]2026-09-22 08:39:46,171 INFO [rev_util_verifiability|paper_align|Qwen3-0.6B] step=225 epoch=1.0925

                                                 

 36%|███▋      | 225/618 [09:00<13:22,  2.04s/it]
 37%|███▋      | 226/618 [09:01<13:12,  2.02s/it]2026-09-22 08:39:46,689 INFO [rev_util_verifiability|paper_align|Qwen3-0.6B] step=226 epoch=1.0973

                                                 

 37%|███▋      | 226/618 [09:01<13:12,  2.02s/it]2026-09-22 08:39:47,163 INFO [rev_util_verifiability|paper_align|Qwen3-0.6B] step=226 epoch=1.0973

                                                 
{'eval_loss': '0.09066', 'eval_runtime': '4.326', 'eval_samples_per_second': '42.07', 'eval_steps_per_second': '10.63', 'eval_entropy': '0.08732', 'eval_num_tokens': '0', 'eval_mean_token_accuracy': '0.966', 'epoch': '1'}
{'eval_generation_accuracy': '0.7143', 'eval_generation_macro_f1': '0.5625', 'eval_generation_format_valid_rate': '1', 'eval_generation_invalid_outputs': 0, 'eval_generation_mae': '0.3791', 'eval_generation_qwk': '0.8014', 'epoch': '1'}
{'paper_align_label_loss': '0.05475', 'paper_align_reason_loss': '0.156', 'epoch': '1'}
{'paper_align_label_loss': '0.1067', 'paper_align_reason_loss': '0.2061', 'epoch': '1'}
{'paper_align_label_loss': '0.085', 'paper_align_reason_loss': '0.1974', 'epoch': '1'}
{'paper_align_label_loss': '0.0663', 'paper_align_reason_loss': '0.1784', 'epoch': '1'}
{'paper_align_label_loss': '0.1921', 'paper_align_reason_loss': '0.2264', 'epoch': '1.005'}
{'paper_align_label_loss': '0.004406', 'paper_align_reason_loss': '0.04864', 'epoch': '1.005'}
{'paper_align_label_loss': '0.02835', 'paper_align_reason_loss': '0.1629', 'epoch': '1.005'}
{'paper_align_label_loss': '0.03442', 'paper_align_reason_loss': '0.1531', 'epoch': '1.005'}
{'paper_align_label_loss': '0.05544', 'paper_align_reason_loss': '0.1734', 'epoch': '1.01'}
{'paper_align_label_loss': '0.07112', 'paper_align_reason_loss': '0.1258', 'epoch': '1.01'}
{'paper_align_label_loss': '0.155', 'paper_align_reason_loss': '0.2302', 'epoch': '1.01'}
{'paper_align_label_loss': '0.1378', 'paper_align_reason_loss': '0.2662', 'epoch': '1.01'}
{'paper_align_label_loss': '0.006354', 'paper_align_reason_loss': '0.09588', 'epoch': '1.015'}
{'paper_align_label_loss': '0.05941', 'paper_align_reason_loss': '0.1276', 'epoch': '1.015'}
{'paper_align_label_loss': '0.03881', 'paper_align_reason_loss': '0.07829', 'epoch': '1.015'}
{'paper_align_label_loss': '0.04559', 'paper_align_reason_loss': '0.1879', 'epoch': '1.015'}
{'loss': '0.4989', 'grad_norm': '3.3', 'learning_rate': '7.716e-05', 'epoch': '1.019'}
{'paper_align_label_loss': '0.02777', 'paper_align_reason_loss': '0.1738', 'epoch': '1.019'}
{'paper_align_label_loss': '0.03568', 'paper_align_reason_loss': '0.133', 'epoch': '1.019'}
{'paper_align_label_loss': '0.2428', 'paper_align_reason_loss': '0.1667', 'epoch': '1.019'}
{'paper_align_label_loss': '0.1271', 'paper_align_reason_loss': '0.1894', 'epoch': '1.019'}
{'paper_align_label_loss': '0.04765', 'paper_align_reason_loss': '0.144', 'epoch': '1.024'}
{'paper_align_label_loss': '0.04164', 'paper_align_reason_loss': '0.1079', 'epoch': '1.024'}
{'paper_align_label_loss': '0.00261', 'paper_align_reason_loss': '0.1153', 'epoch': '1.024'}
{'paper_align_label_loss': '0.09684', 'paper_align_reason_loss': '0.2252', 'epoch': '1.024'}
{'paper_align_label_loss': '0.0003526', 'paper_align_reason_loss': '0.09683', 'epoch': '1.029'}
{'paper_align_label_loss': '0.02888', 'paper_align_reason_loss': '0.1166', 'epoch': '1.029'}
{'paper_align_label_loss': '0.09674', 'paper_align_reason_loss': '0.1613', 'epoch': '1.029'}
{'paper_align_label_loss': '0.05637', 'paper_align_reason_loss': '0.1534', 'epoch': '1.029'}
{'paper_align_label_loss': '0.06014', 'paper_align_reason_loss': '0.2356', 'epoch': '1.034'}
{'paper_align_label_loss': '0.002122', 'paper_align_reason_loss': '0.09391', 'epoch': '1.034'}
{'paper_align_label_loss': '0.08171', 'paper_align_reason_loss': '0.1113', 'epoch': '1.034'}
{'paper_align_label_loss': '0.07972', 'paper_align_reason_loss': '0.168', 'epoch': '1.034'}
{'paper_align_label_loss': '0.2746', 'paper_align_reason_loss': '0.1436', 'epoch': '1.039'}
{'paper_align_label_loss': '0.0535', 'paper_align_reason_loss': '0.1532', 'epoch': '1.039'}
{'paper_align_label_loss': '0.242', 'paper_align_reason_loss': '0.1777', 'epoch': '1.039'}
{'paper_align_label_loss': '0.05128', 'paper_align_reason_loss': '0.172', 'epoch': '1.039'}
{'paper_align_label_loss': '0.00174', 'paper_align_reason_loss': '0.09862', 'epoch': '1.044'}
{'paper_align_label_loss': '0.06519', 'paper_align_reason_loss': '0.1141', 'epoch': '1.044'}
{'paper_align_label_loss': '0.1052', 'paper_align_reason_loss': '0.2142', 'epoch': '1.044'}
{'paper_align_label_loss': '0.2021', 'paper_align_reason_loss': '0.2048', 'epoch': '1.044'}
{'paper_align_label_loss': '0.03759', 'paper_align_reason_loss': '0.1218', 'epoch': '1.049'}
{'paper_align_label_loss': '0.002998', 'paper_align_reason_loss': '0.06801', 'epoch': '1.049'}
{'paper_align_label_loss': '0.04958', 'paper_align_reason_loss': '0.1394', 'epoch': '1.049'}
{'paper_align_label_loss': '0.03048', 'paper_align_reason_loss': '0.1685', 'epoch': '1.049'}
{'paper_align_label_loss': '0.02623', 'paper_align_reason_loss': '0.1553', 'epoch': '1.054'}
{'paper_align_label_loss': '0.03557', 'paper_align_reason_loss': '0.1713', 'epoch': '1.054'}
{'paper_align_label_loss': '0.1151', 'paper_align_reason_loss': '0.1829', 'epoch': '1.054'}
{'paper_align_label_loss': '0.05732', 'paper_align_reason_loss': '0.172', 'epoch': '1.054'}
{'paper_align_label_loss': '0.05842', 'paper_align_reason_loss': '0.2056', 'epoch': '1.058'}
{'paper_align_label_loss': '0.01961', 'paper_align_reason_loss': '0.2489', 'epoch': '1.058'}
{'paper_align_label_loss': '0.06174', 'paper_align_reason_loss': '0.1564', 'epoch': '1.058'}
{'paper_align_label_loss': '0.007326', 'paper_align_reason_loss': '0.08166', 'epoch': '1.058'}
{'paper_align_label_loss': '0.06096', 'paper_align_reason_loss': '0.1604', 'epoch': '1.063'}
{'paper_align_label_loss': '0.03792', 'paper_align_reason_loss': '0.1824', 'epoch': '1.063'}
{'paper_align_label_loss': '0.08507', 'paper_align_reason_loss': '0.2174', 'epoch': '1.063'}
{'paper_align_label_loss': '0.08412', 'paper_align_reason_loss': '0.3232', 'epoch': '1.063'}
{'loss': '0.461', 'grad_norm': '3.665', 'learning_rate': '7.492e-05', 'epoch': '1.068'}
{'paper_align_label_loss': '0.03567', 'paper_align_reason_loss': '0.1671', 'epoch': '1.068'}
{'paper_align_label_loss': '0.02647', 'paper_align_reason_loss': '0.09156', 'epoch': '1.068'}
{'paper_align_label_loss': '0.08856', 'paper_align_reason_loss': '0.2316', 'epoch': '1.068'}
{'paper_align_label_loss': '0.03986', 'paper_align_reason_loss': '0.2082', 'epoch': '1.068'}
{'paper_align_label_loss': '0.03924', 'paper_align_reason_loss': '0.1017', 'epoch': '1.073'}
{'paper_align_label_loss': '0.04312', 'paper_align_reason_loss': '0.2351', 'epoch': '1.073'}
{'paper_align_label_loss': '0.05147', 'paper_align_reason_loss': '0.1619', 'epoch': '1.073'}
{'paper_align_label_loss': '0.1486', 'paper_align_reason_loss': '0.2303', 'epoch': '1.073'}
{'paper_align_label_loss': '0.08916', 'paper_align_reason_loss': '0.1652', 'epoch': '1.078'}
{'paper_align_label_loss': '0.07098', 'paper_align_reason_loss': '0.1347', 'epoch': '1.078'}
{'paper_align_label_loss': '0.03799', 'paper_align_reason_loss': '0.1749', 'epoch': '1.078'}
{'paper_align_label_loss': '0.03875', 'paper_align_reason_loss': '0.1355', 'epoch': '1.078'}
{'paper_align_label_loss': '0.01686', 'paper_align_reason_loss': '0.1288', 'epoch': '1.083'}
{'paper_align_label_loss': '0.05644', 'paper_align_reason_loss': '0.1649', 'epoch': '1.083'}
{'paper_align_label_loss': '0.1546', 'paper_align_reason_loss': '0.1958', 'epoch': '1.083'}
{'paper_align_label_loss': '0.002294', 'paper_align_reason_loss': '0.05953', 'epoch': '1.083'}
{'paper_align_label_loss': '0.01993', 'paper_align_reason_loss': '0.03995', 'epoch': '1.088'}
{'paper_align_label_loss': '0.06678', 'paper_align_reason_loss': '0.2448', 'epoch': '1.088'}
{'paper_align_label_loss': '0.01718', 'paper_align_reason_loss': '0.1164', 'epoch': '1.088'}
{'paper_align_label_loss': '0.02084', 'paper_align_reason_loss': '0.08721', 'epoch': '1.088'}
{'paper_align_label_loss': '0.132', 'paper_align_reason_loss': '0.1173', 'epoch': '1.092'}
{'paper_align_label_loss': '0.001132', 'paper_align_reason_loss': '0.1428', 'epoch': '1.092'}
{'paper_align_label_loss': '0.0821', 'paper_align_reason_loss': '0.179', 'epoch': '1.092'}
{'paper_align_label_loss': '0.003519', 'paper_align_reason_loss': '0.1053', 'epoch': '1.092'}
{'paper_align_label_loss': '0.02846', 'paper_align_reason_loss': '0.205', 'epoch': '1.097'}

 37%|███▋      | 226/618 [09:01<13:12,  2.02s/it]2026-09-22 08:39:47,652 INFO [rev_util_verifiability|paper_align|Qwen3-0.6B] step=226 epoch=1.0973

                                                 

 37%|███▋      | 226/618 [09:02<13:12,  2.02s/it]2026-09-22 08:39:48,136 INFO [rev_util_verifiability|paper_align|Qwen3-0.6B] step=226 epoch=1.0973

                                                 

 37%|███▋      | 226/618 [09:02<13:12,  2.02s/it]
 37%|███▋      | 227/618 [09:03<13:10,  2.02s/it]2026-09-22 08:39:48,709 INFO [rev_util_verifiability|paper_align|Qwen3-0.6B] step=227 epoch=1.1022

                                                 

 37%|███▋      | 227/618 [09:03<13:10,  2.02s/it]2026-09-22 08:39:49,259 INFO [rev_util_verifiability|paper_align|Qwen3-0.6B] step=227 epoch=1.1022

                                                 

 37%|███▋      | 227/618 [09:03<13:10,  2.02s/it]2026-09-22 08:39:49,815 INFO [rev_util_verifiability|paper_align|Qwen3-0.6B] step=227 epoch=1.1022

                                                 

 37%|███▋      | 227/618 [09:04<13:10,  2.02s/it]2026-09-22 08:39:50,346 INFO [rev_util_verifiability|paper_align|Qwen3-0.6B] step=227 epoch=1.1022

                                                 

 37%|███▋      | 227/618 [09:05<13:10,  2.02s/it]
 37%|███▋      | 228/618 [09:05<13:23,  2.06s/it]2026-09-22 08:39:50,856 INFO [rev_util_verifiability|paper_align|Qwen3-0.6B] step=228 epoch=1.1071

                                                 

 37%|███▋      | 228/618 [09:05<13:23,  2.06s/it]2026-09-22 08:39:51,329 INFO [rev_util_verifiability|paper_align|Qwen3-0.6B] step=228 epoch=1.1071

                                                 

 37%|███▋      | 228/618 [09:06<13:23,  2.06s/it]2026-09-22 08:39:51,818 INFO [rev_util_verifiability|paper_align|Qwen3-0.6B] step=228 epoch=1.1071

                                                 

 37%|███▋      | 228/618 [09:06<13:23,  2.06s/it]2026-09-22 08:39:52,275 INFO [rev_util_verifiability|paper_align|Qwen3-0.6B] step=228 epoch=1.1071

                                                 

 37%|███▋      | 228/618 [09:06<13:23,  2.06s/it]
 37%|███▋      | 229/618 [09:07<13:02,  2.01s/it]2026-09-22 08:39:52,755 INFO [rev_util_verifiability|paper_align|Qwen3-0.6B] step=229 epoch=1.1119

                                                 

 37%|███▋      | 229/618 [09:07<13:02,  2.01s/it]2026-09-22 08:39:53,402 INFO [rev_util_verifiability|paper_align|Qwen3-0.6B] step=229 epoch=1.1119

                                                 

 37%|███▋      | 229/618 [09:08<13:02,  2.01s/it]2026-09-22 08:39:53,890 INFO [rev_util_verifiability|paper_align|Qwen3-0.6B] step=229 epoch=1.1119

                                                 

 37%|███▋      | 229/618 [09:08<13:02,  2.01s/it]2026-09-22 08:39:54,387 INFO [rev_util_verifiability|paper_align|Qwen3-0.6B] step=229 epoch=1.1119

                                                 

 37%|███▋      | 229/618 [09:09<13:02,  2.01s/it]
 37%|███▋      | 230/618 [09:09<13:15,  2.05s/it]2026-09-22 08:39:54,754 INFO [rev_util_verifiability|paper_align|Qwen3-0.6B] step=230 loss=0.4624 learning_rate=0.0001 epoch=1.1168

                                                 

 37%|███▋      | 230/618 [09:09<13:15,  2.05s/it]2026-09-22 08:39:54,903 INFO [rev_util_verifiability|paper_align|Qwen3-0.6B] step=230 epoch=1.1168

                                                 

 37%|███▋      | 230/618 [09:09<13:15,  2.05s/it]2026-09-22 08:39:55,393 INFO [rev_util_verifiability|paper_align|Qwen3-0.6B] step=230 epoch=1.1168

                                                 

 37%|███▋      | 230/618 [09:10<13:15,  2.05s/it]2026-09-22 08:39:55,873 INFO [rev_util_verifiability|paper_align|Qwen3-0.6B] step=230 epoch=1.1168

                                                 

 37%|███▋      | 230/618 [09:10<13:15,  2.05s/it]2026-09-22 08:39:56,356 INFO [rev_util_verifiability|paper_align|Qwen3-0.6B] step=230 epoch=1.1168

                                                 

 37%|███▋      | 230/618 [09:11<13:15,  2.05s/it]
 37%|███▋      | 231/618 [09:11<13:04,  2.03s/it]2026-09-22 08:39:56,867 INFO [rev_util_verifiability|paper_align|Qwen3-0.6B] step=231 epoch=1.1217

                                                 

 37%|███▋      | 231/618 [09:11<13:04,  2.03s/it]2026-09-22 08:39:57,344 INFO [rev_util_verifiability|paper_align|Qwen3-0.6B] step=231 epoch=1.1217

                                                 

 37%|███▋      | 231/618 [09:12<13:04,  2.03s/it]2026-09-22 08:39:57,834 INFO [rev_util_verifiability|paper_align|Qwen3-0.6B] step=231 epoch=1.1217

                                                 

 37%|███▋      | 231/618 [09:12<13:04,  2.03s/it]2026-09-22 08:39:58,324 INFO [rev_util_verifiability|paper_align|Qwen3-0.6B] step=231 epoch=1.1217

                                                 

 37%|███▋      | 231/618 [09:13<13:04,  2.03s/it]
 38%|███▊      | 232/618 [09:13<12:54,  2.01s/it]2026-09-22 08:39:58,830 INFO [rev_util_verifiability|paper_align|Qwen3-0.6B] step=232 epoch=1.1265

                                                 

 38%|███▊      | 232/618 [09:13<12:54,  2.01s/it]2026-09-22 08:39:59,318 INFO [rev_util_verifiability|paper_align|Qwen3-0.6B] step=232 epoch=1.1265

                                                 

 38%|███▊      | 232/618 [09:14<12:54,  2.01s/it]2026-09-22 08:39:59,813 INFO [rev_util_verifiability|paper_align|Qwen3-0.6B] step=232 epoch=1.1265

                                                 

 38%|███▊      | 232/618 [09:14<12:54,  2.01s/it]2026-09-22 08:40:00,353 INFO [rev_util_verifiability|paper_align|Qwen3-0.6B] step=232 epoch=1.1265

                                                 

 38%|███▊      | 232/618 [09:15<12:54,  2.01s/it]
 38%|███▊      | 233/618 [09:15<12:58,  2.02s/it]2026-09-22 08:40:00,960 INFO [rev_util_verifiability|paper_align|Qwen3-0.6B] step=233 epoch=1.1314

                                                 

 38%|███▊      | 233/618 [09:15<12:58,  2.02s/it]2026-09-22 08:40:01,524 INFO [rev_util_verifiability|paper_align|Qwen3-0.6B] step=233 epoch=1.1314

                                                 

 38%|███▊      | 233/618 [09:16<12:58,  2.02s/it]2026-09-22 08:40:02,097 INFO [rev_util_verifiability|paper_align|Qwen3-0.6B] step=233 epoch=1.1314

                                                 

 38%|███▊      | 233/618 [09:16<12:58,  2.02s/it]2026-09-22 08:40:02,668 INFO [rev_util_verifiability|paper_align|Qwen3-0.6B] step=233 epoch=1.1314

                                                 

 38%|███▊      | 233/618 [09:17<12:58,  2.02s/it]
 38%|███▊      | 234/618 [09:17<13:30,  2.11s/it]2026-09-22 08:40:03,280 INFO [rev_util_verifiability|paper_align|Qwen3-0.6B] step=234 epoch=1.1363

                                                 

 38%|███▊      | 234/618 [09:17<13:30,  2.11s/it]2026-09-22 08:40:04,137 INFO [rev_util_verifiability|paper_align|Qwen3-0.6B] step=234 epoch=1.1363

                                                 

 38%|███▊      | 234/618 [09:18<13:30,  2.11s/it]2026-09-22 08:40:04,704 INFO [rev_util_verifiability|paper_align|Qwen3-0.6B] step=234 epoch=1.1363

                                                 

 38%|███▊      | 234/618 [09:19<13:30,  2.11s/it]2026-09-22 08:40:05,270 INFO [rev_util_verifiability|paper_align|Qwen3-0.6B] step=234 epoch=1.1363

                                                 

 38%|███▊      | 234/618 [09:19<13:30,  2.11s/it]
 38%|███▊      | 235/618 [09:20<14:24,  2.26s/it]2026-09-22 08:40:05,883 INFO [rev_util_verifiability|paper_align|Qwen3-0.6B] step=235 epoch=1.1411

                                                 

 38%|███▊      | 235/618 [09:20<14:24,  2.26s/it]2026-09-22 08:40:06,453 INFO [rev_util_verifiability|paper_align|Qwen3-0.6B] step=235 epoch=1.1411

                                                 

 38%|███▊      | 235/618 [09:21<14:24,  2.26s/it]2026-09-22 08:40:07,029 INFO [rev_util_verifiability|paper_align|Qwen3-0.6B] step=235 epoch=1.1411

                                                 

 38%|███▊      | 235/618 [09:21<14:24,  2.26s/it]2026-09-22 08:40:07,602 INFO [rev_util_verifiability|paper_align|Qwen3-0.6B] step=235 epoch=1.1411

                                                 

 38%|███▊      | 235/618 [09:22<14:24,  2.26s/it]
 38%|███▊      | 236/618 [09:22<14:31,  2.28s/it]2026-09-22 08:40:08,216 INFO [rev_util_verifiability|paper_align|Qwen3-0.6B] step=236 epoch=1.1460

                                                 

 38%|███▊      | 236/618 [09:22<14:31,  2.28s/it]2026-09-22 08:40:08,787 INFO [rev_util_verifiability|paper_align|Qwen3-0.6B] step=236 epoch=1.1460

                                                 

 38%|███▊      | 236/618 [09:23<14:31,  2.28s/it]2026-09-22 08:40:09,368 INFO [rev_util_verifiability|paper_align|Qwen3-0.6B] step=236 epoch=1.1460

                                                 

 38%|███▊      | 236/618 [09:24<14:31,  2.28s/it]2026-09-22 08:40:09,945 INFO [rev_util_verifiability|paper_align|Qwen3-0.6B] step=236 epoch=1.1460

                                                 

 38%|███▊      | 236/618 [09:24<14:31,  2.28s/it]
 38%|███▊      | 237/618 [09:25<14:36,  2.30s/it]2026-09-22 08:40:10,558 INFO [rev_util_verifiability|paper_align|Qwen3-0.6B] step=237 epoch=1.1509

                                                 

 38%|███▊      | 237/618 [09:25<14:36,  2.30s/it]2026-09-22 08:40:11,113 INFO [rev_util_verifiability|paper_align|Qwen3-0.6B] step=237 epoch=1.1509

                                                 

 38%|███▊      | 237/618 [09:25<14:36,  2.30s/it]2026-09-22 08:40:11,661 INFO [rev_util_verifiability|paper_align|Qwen3-0.6B] step=237 epoch=1.1509

                                                 

 38%|███▊      | 237/618 [09:26<14:36,  2.30s/it]2026-09-22 08:40:12,226 INFO [rev_util_verifiability|paper_align|Qwen3-0.6B] step=237 epoch=1.1509

                                                 

 38%|███▊      | 237/618 [09:26<14:36,  2.30s/it]
 39%|███▊      | 238/618 [09:27<14:30,  2.29s/it]2026-09-22 08:40:12,819 INFO [rev_util_verifiability|paper_align|Qwen3-0.6B] step=238 epoch=1.1557

                                                 

 39%|███▊      | 238/618 [09:27<14:30,  2.29s/it]2026-09-22 08:40:13,362 INFO [rev_util_verifiability|paper_align|Qwen3-0.6B] step=238 epoch=1.1557

                                                 

 39%|███▊      | 238/618 [09:28<14:30,  2.29s/it]2026-09-22 08:40:13,909 INFO [rev_util_verifiability|paper_align|Qwen3-0.6B] step=238 epoch=1.1557

                                                 

 39%|███▊      | 238/618 [09:28<14:30,  2.29s/it]2026-09-22 08:40:14,479 INFO [rev_util_verifiability|paper_align|Qwen3-0.6B] step=238 epoch=1.1557

                                                 

 39%|███▊      | 238/618 [09:29<14:30,  2.29s/it]
 39%|███▊      | 239/618 [09:29<14:25,  2.28s/it]2026-09-22 08:40:15,097 INFO [rev_util_verifiability|paper_align|Qwen3-0.6B] step=239 epoch=1.1606

                                                 

 39%|███▊      | 239/618 [09:29<14:25,  2.28s/it]2026-09-22 08:40:15,663 INFO [rev_util_verifiability|paper_align|Qwen3-0.6B] step=239 epoch=1.1606

                                                 

 39%|███▊      | 239/618 [09:30<14:25,  2.28s/it]2026-09-22 08:40:16,488 INFO [rev_util_verifiability|paper_align|Qwen3-0.6B] step=239 epoch=1.1606

                                                 

 39%|███▊      | 239/618 [09:31<14:25,  2.28s/it]2026-09-22 08:40:17,064 INFO [rev_util_verifiability|paper_align|Qwen3-0.6B] step=239 epoch=1.1606

                                                 

 39%|███▊      | 239/618 [09:31<14:25,  2.28s/it]
 39%|███▉      | 240/618 [09:32<14:56,  2.37s/it]2026-09-22 08:40:17,455 INFO [rev_util_verifiability|paper_align|Qwen3-0.6B] step=240 loss=0.4529 learning_rate=0.0001 epoch=1.1655

                                                 

 39%|███▉      | 240/618 [09:32<14:56,  2.37s/it]2026-09-22 08:40:17,662 INFO [rev_util_verifiability|paper_align|Qwen3-0.6B] step=240 epoch=1.1655

                                                 

 39%|███▉      | 240/618 [09:32<14:56,  2.37s/it]2026-09-22 08:40:18,203 INFO [rev_util_verifiability|paper_align|Qwen3-0.6B] step=240 epoch=1.1655

                                                 

 39%|███▉      | 240/618 [09:32<14:56,  2.37s/it]2026-09-22 08:40:18,765 INFO [rev_util_verifiability|paper_align|Qwen3-0.6B] step=240 epoch=1.1655

                                                 

 39%|███▉      | 240/618 [09:33<14:56,  2.37s/it]2026-09-22 08:40:19,318 INFO [rev_util_verifiability|paper_align|Qwen3-0.6B] step=240 epoch=1.1655

                                                 

 39%|███▉      | 240/618 [09:34<14:56,  2.37s/it]
 39%|███▉      | 241/618 [09:34<14:39,  2.33s/it]2026-09-22 08:40:19,906 INFO [rev_util_verifiability|paper_align|Qwen3-0.6B] step=241 epoch=1.1703

                                                 

 39%|███▉      | 241/618 [09:34<14:39,  2.33s/it]2026-09-22 08:40:20,451 INFO [rev_util_verifiability|paper_align|Qwen3-0.6B] step=241 epoch=1.1703

                                                 

 39%|███▉      | 241/618 [09:35<14:39,  2.33s/it]2026-09-22 08:40:21,001 INFO [rev_util_verifiability|paper_align|Qwen3-0.6B] step=241 epoch=1.1703

                                                 

 39%|███▉      | 241/618 [09:35<14:39,  2.33s/it]2026-09-22 08:40:21,563 INFO [rev_util_verifiability|paper_align|Qwen3-0.6B] step=241 epoch=1.1703

                                                 

 39%|███▉      | 241/618 [09:36<14:39,  2.33s/it]
 39%|███▉      | 242/618 [09:36<14:28,  2.31s/it]2026-09-22 08:40:22,165 INFO [rev_util_verifiability|paper_align|Qwen3-0.6B] step=242 epoch=1.1752

                                                 

 39%|███▉      | 242/618 [09:36<14:28,  2.31s/it]2026-09-22 08:40:22,711 INFO [rev_util_verifiability|paper_align|Qwen3-0.6B] step=242 epoch=1.1752

                                                 

 39%|███▉      | 242/618 [09:37<14:28,  2.31s/it]2026-09-22 08:40:23,270 INFO [rev_util_verifiability|paper_align|Qwen3-0.6B] step=242 epoch=1.1752

                                                 

 39%|███▉      | 242/618 [09:37<14:28,  2.31s/it]2026-09-22 08:40:23,831 INFO [rev_util_verifiability|paper_align|Qwen3-0.6B] step=242 epoch=1.1752

                                                 

 39%|███▉      | 242/618 [09:38<14:28,  2.31s/it]
 39%|███▉      | 243/618 [09:38<14:22,  2.30s/it]2026-09-22 08:40:24,444 INFO [rev_util_verifiability|paper_align|Qwen3-0.6B] step=243 epoch=1.1800

                                                 

 39%|███▉      | 243/618 [09:39<14:22,  2.30s/it]2026-09-22 08:40:25,004 INFO [rev_util_verifiability|paper_align|Qwen3-0.6B] step=243 epoch=1.1800

                                                 

 39%|███▉      | 243/618 [09:39<14:22,  2.30s/it]2026-09-22 08:40:25,574 INFO [rev_util_verifiability|paper_align|Qwen3-0.6B] step=243 epoch=1.1800

                                                 

 39%|███▉      | 243/618 [09:40<14:22,  2.30s/it]2026-09-22 08:40:26,132 INFO [rev_util_verifiability|paper_align|Qwen3-0.6B] step=243 epoch=1.1800

                                                 

 39%|███▉      | 243/618 [09:40<14:22,  2.30s/it]
 39%|███▉      | 244/618 [09:41<14:20,  2.30s/it]2026-09-22 08:40:26,751 INFO [rev_util_verifiability|paper_align|Qwen3-0.6B] step=244 epoch=1.1849

                                                 

 39%|███▉      | 244/618 [09:41<14:20,  2.30s/it]2026-09-22 08:40:27,605 INFO [rev_util_verifiability|paper_align|Qwen3-0.6B] step=244 epoch=1.1849

                                                 

 39%|███▉      | 244/618 [09:42<14:20,  2.30s/it]2026-09-22 08:40:28,201 INFO [rev_util_verifiability|paper_align|Qwen3-0.6B] step=244 epoch=1.1849

                                                 

 39%|███▉      | 244/618 [09:42<14:20,  2.30s/it]2026-09-22 08:40:28,779 INFO [rev_util_verifiability|paper_align|Qwen3-0.6B] step=244 epoch=1.1849

                                                 

 39%|███▉      | 244/618 [09:43<14:20,  2.30s/it]
 40%|███▉      | 245/618 [09:43<14:57,  2.41s/it]2026-09-22 08:40:29,392 INFO [rev_util_verifiability|paper_align|Qwen3-0.6B] step=245 epoch=1.1898

                                                 

 40%|███▉      | 245/618 [09:44<14:57,  2.41s/it]2026-09-22 08:40:29,954 INFO [rev_util_verifiability|paper_align|Qwen3-0.6B] step=245 epoch=1.1898

                                                 

 40%|███▉      | 245/618 [09:44<14:57,  2.41s/it]2026-09-22 08:40:30,517 INFO [rev_util_verifiability|paper_align|Qwen3-0.6B] step=245 epoch=1.1898

                                                 

 40%|███▉      | 245/618 [09:45<14:57,  2.41s/it]2026-09-22 08:40:31,076 INFO [rev_util_verifiability|paper_align|Qwen3-0.6B] step=245 epoch=1.1898

                                                 

 40%|███▉      | 245/618 [09:45<14:57,  2.41s/it]
 40%|███▉      | 246/618 [09:46<14:41,  2.37s/it]2026-09-22 08:40:31,686 INFO [rev_util_verifiability|paper_align|Qwen3-0.6B] step=246 epoch=1.1946

                                                 

 40%|███▉      | 246/618 [09:46<14:41,  2.37s/it]2026-09-22 08:40:32,272 INFO [rev_util_verifiability|paper_align|Qwen3-0.6B] step=246 epoch=1.1946

                                                 

 40%|███▉      | 246/618 [09:46<14:41,  2.37s/it]2026-09-22 08:40:32,835 INFO [rev_util_verifiability|paper_align|Qwen3-0.6B] step=246 epoch=1.1946

                                                 

 40%|███▉      | 246/618 [09:47<14:41,  2.37s/it]2026-09-22 08:40:33,392 INFO [rev_util_verifiability|paper_align|Qwen3-0.6B] step=246 epoch=1.1946

                                                 

 40%|███▉      | 246/618 [09:48<14:41,  2.37s/it]
 40%|███▉      | 247/618 [09:48<14:33,  2.35s/it]2026-09-22 08:40:34,001 INFO [rev_util_verifiability|paper_align|Qwen3-0.6B] step=247 epoch=1.1995

                                                 

 40%|███▉      | 247/618 [09:48<14:33,  2.35s/it]2026-09-22 08:40:34,557 INFO [rev_util_verifiability|paper_align|Qwen3-0.6B] step=247 epoch=1.1995

                                                 

 40%|███▉      | 247/618 [09:49<14:33,  2.35s/it]2026-09-22 08:40:35,121 INFO [rev_util_verifiability|paper_align|Qwen3-0.6B] step=247 epoch=1.1995

                                                 

 40%|███▉      | 247/618 [09:49<14:33,  2.35s/it]2026-09-22 08:40:35,684 INFO [rev_util_verifiability|paper_align|Qwen3-0.6B] step=247 epoch=1.1995

                                                 
{'paper_align_label_loss': '0.05767', 'paper_align_reason_loss': '0.1478', 'epoch': '1.097'}
{'paper_align_label_loss': '0.0359', 'paper_align_reason_loss': '0.07402', 'epoch': '1.097'}
{'paper_align_label_loss': '0.06688', 'paper_align_reason_loss': '0.2308', 'epoch': '1.097'}
{'paper_align_label_loss': '0.09855', 'paper_align_reason_loss': '0.1999', 'epoch': '1.102'}
{'paper_align_label_loss': '0.1373', 'paper_align_reason_loss': '0.2045', 'epoch': '1.102'}
{'paper_align_label_loss': '0.07592', 'paper_align_reason_loss': '0.1647', 'epoch': '1.102'}
{'paper_align_label_loss': '0.1266', 'paper_align_reason_loss': '0.1679', 'epoch': '1.102'}
{'paper_align_label_loss': '0.02323', 'paper_align_reason_loss': '0.1241', 'epoch': '1.107'}
{'paper_align_label_loss': '0.01233', 'paper_align_reason_loss': '0.08565', 'epoch': '1.107'}
{'paper_align_label_loss': '0.09848', 'paper_align_reason_loss': '0.2383', 'epoch': '1.107'}
{'paper_align_label_loss': '0.2452', 'paper_align_reason_loss': '0.1751', 'epoch': '1.107'}
{'paper_align_label_loss': '0.1141', 'paper_align_reason_loss': '0.1681', 'epoch': '1.112'}
{'paper_align_label_loss': '0.03884', 'paper_align_reason_loss': '0.1516', 'epoch': '1.112'}
{'paper_align_label_loss': '0.1231', 'paper_align_reason_loss': '0.1703', 'epoch': '1.112'}
{'paper_align_label_loss': '0.36', 'paper_align_reason_loss': '0.1948', 'epoch': '1.112'}
{'loss': '0.4624', 'grad_norm': '4.528', 'learning_rate': '7.262e-05', 'epoch': '1.117'}
{'paper_align_label_loss': '0.2058', 'paper_align_reason_loss': '0.19', 'epoch': '1.117'}
{'paper_align_label_loss': '0.144', 'paper_align_reason_loss': '0.1476', 'epoch': '1.117'}
{'paper_align_label_loss': '0.03044', 'paper_align_reason_loss': '0.2382', 'epoch': '1.117'}
{'paper_align_label_loss': '0.1138', 'paper_align_reason_loss': '0.1083', 'epoch': '1.117'}
{'paper_align_label_loss': '0.3085', 'paper_align_reason_loss': '0.1363', 'epoch': '1.122'}
{'paper_align_label_loss': '0.01386', 'paper_align_reason_loss': '0.09016', 'epoch': '1.122'}
{'paper_align_label_loss': '0.01192', 'paper_align_reason_loss': '0.2224', 'epoch': '1.122'}
{'paper_align_label_loss': '0.03455', 'paper_align_reason_loss': '0.2045', 'epoch': '1.122'}
{'paper_align_label_loss': '0.02421', 'paper_align_reason_loss': '0.07526', 'epoch': '1.127'}
{'paper_align_label_loss': '0.1323', 'paper_align_reason_loss': '0.2256', 'epoch': '1.127'}
{'paper_align_label_loss': '0.003868', 'paper_align_reason_loss': '0.08', 'epoch': '1.127'}
{'paper_align_label_loss': '0.0295', 'paper_align_reason_loss': '0.1519', 'epoch': '1.127'}
{'paper_align_label_loss': '0.07439', 'paper_align_reason_loss': '0.2034', 'epoch': '1.131'}
{'paper_align_label_loss': '0.03311', 'paper_align_reason_loss': '0.1092', 'epoch': '1.131'}
{'paper_align_label_loss': '0.07192', 'paper_align_reason_loss': '0.1583', 'epoch': '1.131'}
{'paper_align_label_loss': '0.2173', 'paper_align_reason_loss': '0.1568', 'epoch': '1.131'}
{'paper_align_label_loss': '0.002197', 'paper_align_reason_loss': '0.07792', 'epoch': '1.136'}
{'paper_align_label_loss': '0.07001', 'paper_align_reason_loss': '0.1784', 'epoch': '1.136'}
{'paper_align_label_loss': '0.06068', 'paper_align_reason_loss': '0.1317', 'epoch': '1.136'}
{'paper_align_label_loss': '0.01205', 'paper_align_reason_loss': '0.184', 'epoch': '1.136'}
{'paper_align_label_loss': '0.06039', 'paper_align_reason_loss': '0.1896', 'epoch': '1.141'}
{'paper_align_label_loss': '0.05014', 'paper_align_reason_loss': '0.2266', 'epoch': '1.141'}
{'paper_align_label_loss': '0.03412', 'paper_align_reason_loss': '0.1241', 'epoch': '1.141'}
{'paper_align_label_loss': '0.05266', 'paper_align_reason_loss': '0.1264', 'epoch': '1.141'}
{'paper_align_label_loss': '0.05807', 'paper_align_reason_loss': '0.1478', 'epoch': '1.146'}
{'paper_align_label_loss': '0.1043', 'paper_align_reason_loss': '0.1275', 'epoch': '1.146'}
{'paper_align_label_loss': '0.1139', 'paper_align_reason_loss': '0.1229', 'epoch': '1.146'}
{'paper_align_label_loss': '0.1543', 'paper_align_reason_loss': '0.2182', 'epoch': '1.146'}
{'paper_align_label_loss': '0.03872', 'paper_align_reason_loss': '0.2005', 'epoch': '1.151'}
{'paper_align_label_loss': '0.04374', 'paper_align_reason_loss': '0.1576', 'epoch': '1.151'}
{'paper_align_label_loss': '0.07811', 'paper_align_reason_loss': '0.07114', 'epoch': '1.151'}
{'paper_align_label_loss': '0.06681', 'paper_align_reason_loss': '0.188', 'epoch': '1.151'}
{'paper_align_label_loss': '0.05889', 'paper_align_reason_loss': '0.2025', 'epoch': '1.156'}
{'paper_align_label_loss': '0.01341', 'paper_align_reason_loss': '0.1353', 'epoch': '1.156'}
{'paper_align_label_loss': '0.001058', 'paper_align_reason_loss': '0.1099', 'epoch': '1.156'}
{'paper_align_label_loss': '0.06896', 'paper_align_reason_loss': '0.2386', 'epoch': '1.156'}
{'paper_align_label_loss': '0.0211', 'paper_align_reason_loss': '0.136', 'epoch': '1.161'}
{'paper_align_label_loss': '0.09223', 'paper_align_reason_loss': '0.1167', 'epoch': '1.161'}
{'paper_align_label_loss': '0.01675', 'paper_align_reason_loss': '0.1487', 'epoch': '1.161'}
{'paper_align_label_loss': '0.1367', 'paper_align_reason_loss': '0.1422', 'epoch': '1.161'}
{'loss': '0.4529', 'grad_norm': '3.537', 'learning_rate': '7.025e-05', 'epoch': '1.165'}
{'paper_align_label_loss': '0.03121', 'paper_align_reason_loss': '0.1398', 'epoch': '1.165'}
{'paper_align_label_loss': '0.001017', 'paper_align_reason_loss': '0.1153', 'epoch': '1.165'}
{'paper_align_label_loss': '0.2045', 'paper_align_reason_loss': '0.2343', 'epoch': '1.165'}
{'paper_align_label_loss': '0.04386', 'paper_align_reason_loss': '0.1675', 'epoch': '1.165'}
{'paper_align_label_loss': '0.2131', 'paper_align_reason_loss': '0.1871', 'epoch': '1.17'}
{'paper_align_label_loss': '0.008227', 'paper_align_reason_loss': '0.101', 'epoch': '1.17'}
{'paper_align_label_loss': '0.01911', 'paper_align_reason_loss': '0.1473', 'epoch': '1.17'}
{'paper_align_label_loss': '0.1091', 'paper_align_reason_loss': '0.1581', 'epoch': '1.17'}
{'paper_align_label_loss': '0.07583', 'paper_align_reason_loss': '0.2079', 'epoch': '1.175'}
{'paper_align_label_loss': '0.3203', 'paper_align_reason_loss': '0.09294', 'epoch': '1.175'}
{'paper_align_label_loss': '0.0502', 'paper_align_reason_loss': '0.182', 'epoch': '1.175'}
{'paper_align_label_loss': '0.2174', 'paper_align_reason_loss': '0.1648', 'epoch': '1.175'}
{'paper_align_label_loss': '0.04164', 'paper_align_reason_loss': '0.162', 'epoch': '1.18'}
{'paper_align_label_loss': '0.04589', 'paper_align_reason_loss': '0.1582', 'epoch': '1.18'}
{'paper_align_label_loss': '0.05759', 'paper_align_reason_loss': '0.1669', 'epoch': '1.18'}
{'paper_align_label_loss': '0.0003365', 'paper_align_reason_loss': '0.1615', 'epoch': '1.18'}
{'paper_align_label_loss': '0.07955', 'paper_align_reason_loss': '0.1695', 'epoch': '1.185'}
{'paper_align_label_loss': '0.06494', 'paper_align_reason_loss': '0.1636', 'epoch': '1.185'}
{'paper_align_label_loss': '0.1134', 'paper_align_reason_loss': '0.141', 'epoch': '1.185'}
{'paper_align_label_loss': '0.00128', 'paper_align_reason_loss': '0.09553', 'epoch': '1.185'}
{'paper_align_label_loss': '0.134', 'paper_align_reason_loss': '0.09087', 'epoch': '1.19'}
{'paper_align_label_loss': '0.02735', 'paper_align_reason_loss': '0.1053', 'epoch': '1.19'}
{'paper_align_label_loss': '0.2183', 'paper_align_reason_loss': '0.1409', 'epoch': '1.19'}
{'paper_align_label_loss': '0.0001398', 'paper_align_reason_loss': '0.09484', 'epoch': '1.19'}
{'paper_align_label_loss': '0.1797', 'paper_align_reason_loss': '0.2162', 'epoch': '1.195'}
{'paper_align_label_loss': '0.03247', 'paper_align_reason_loss': '0.149', 'epoch': '1.195'}
{'paper_align_label_loss': '0.01401', 'paper_align_reason_loss': '0.1037', 'epoch': '1.195'}
{'paper_align_label_loss': '0.04865', 'paper_align_reason_loss': '0.1193', 'epoch': '1.195'}
{'paper_align_label_loss': '0.05563', 'paper_align_reason_loss': '0.1127', 'epoch': '1.2'}
{'paper_align_label_loss': '0.03041', 'paper_align_reason_loss': '0.138', 'epoch': '1.2'}
{'paper_align_label_loss': '0.02674', 'paper_align_reason_loss': '0.1541', 'epoch': '1.2'}

 40%|███▉      | 247/618 [09:50<14:33,  2.35s/it]
 40%|████      | 248/618 [09:50<14:24,  2.34s/it]2026-09-22 08:40:36,297 INFO [rev_util_verifiability|paper_align|Qwen3-0.6B] step=248 epoch=1.2044

                                                 

 40%|████      | 248/618 [09:51<14:24,  2.34s/it]2026-09-22 08:40:36,854 INFO [rev_util_verifiability|paper_align|Qwen3-0.6B] step=248 epoch=1.2044

                                                 

 40%|████      | 248/618 [09:51<14:24,  2.34s/it]2026-09-22 08:40:37,414 INFO [rev_util_verifiability|paper_align|Qwen3-0.6B] step=248 epoch=1.2044

                                                 

 40%|████      | 248/618 [09:52<14:24,  2.34s/it]2026-09-22 08:40:37,979 INFO [rev_util_verifiability|paper_align|Qwen3-0.6B] step=248 epoch=1.2044

                                                 

 40%|████      | 248/618 [09:52<14:24,  2.34s/it]
 40%|████      | 249/618 [09:53<14:17,  2.32s/it]2026-09-22 08:40:38,580 INFO [rev_util_verifiability|paper_align|Qwen3-0.6B] step=249 epoch=1.2092

                                                 

 40%|████      | 249/618 [09:53<14:17,  2.32s/it]2026-09-22 08:40:39,152 INFO [rev_util_verifiability|paper_align|Qwen3-0.6B] step=249 epoch=1.2092

                                                 

 40%|████      | 249/618 [09:53<14:17,  2.32s/it]2026-09-22 08:40:39,988 INFO [rev_util_verifiability|paper_align|Qwen3-0.6B] step=249 epoch=1.2092

                                                 

 40%|████      | 249/618 [09:54<14:17,  2.32s/it]2026-09-22 08:40:40,557 INFO [rev_util_verifiability|paper_align|Qwen3-0.6B] step=249 epoch=1.2092

                                                 

 40%|████      | 249/618 [09:55<14:17,  2.32s/it]
 40%|████      | 250/618 [09:55<14:43,  2.40s/it]2026-09-22 08:40:40,954 INFO [rev_util_verifiability|paper_align|Qwen3-0.6B] step=250 loss=0.4312 learning_rate=0.0001 epoch=1.2141

                                                 

 40%|████      | 250/618 [09:55<14:43,  2.40s/it]2026-09-22 08:40:41,163 INFO [rev_util_verifiability|paper_align|Qwen3-0.6B] step=250 epoch=1.2141

                                                 

 40%|████      | 250/618 [09:55<14:43,  2.40s/it]2026-09-22 08:40:41,731 INFO [rev_util_verifiability|paper_align|Qwen3-0.6B] step=250 epoch=1.2141

                                                 

 40%|████      | 250/618 [09:56<14:43,  2.40s/it]2026-09-22 08:40:42,292 INFO [rev_util_verifiability|paper_align|Qwen3-0.6B] step=250 epoch=1.2141

                                                 

 40%|████      | 250/618 [09:56<14:43,  2.40s/it]2026-09-22 08:40:42,865 INFO [rev_util_verifiability|paper_align|Qwen3-0.6B] step=250 epoch=1.2141

                                                 

 40%|████      | 250/618 [09:57<14:43,  2.40s/it]
 41%|████      | 251/618 [09:57<14:31,  2.38s/it]2026-09-22 08:40:43,477 INFO [rev_util_verifiability|paper_align|Qwen3-0.6B] step=251 epoch=1.2190

                                                 

 41%|████      | 251/618 [09:58<14:31,  2.38s/it]2026-09-22 08:40:44,059 INFO [rev_util_verifiability|paper_align|Qwen3-0.6B] step=251 epoch=1.2190

                                                 

 41%|████      | 251/618 [09:58<14:31,  2.38s/it]2026-09-22 08:40:44,637 INFO [rev_util_verifiability|paper_align|Qwen3-0.6B] step=251 epoch=1.2190

                                                 

 41%|████      | 251/618 [09:59<14:31,  2.38s/it]2026-09-22 08:40:45,274 INFO [rev_util_verifiability|paper_align|Qwen3-0.6B] step=251 epoch=1.2190

                                                 

 41%|████      | 251/618 [09:59<14:31,  2.38s/it]
 41%|████      | 252/618 [10:00<14:32,  2.38s/it]2026-09-22 08:40:45,893 INFO [rev_util_verifiability|paper_align|Qwen3-0.6B] step=252 epoch=1.2238

                                                 

 41%|████      | 252/618 [10:00<14:32,  2.38s/it]2026-09-22 08:40:46,476 INFO [rev_util_verifiability|paper_align|Qwen3-0.6B] step=252 epoch=1.2238

                                                 

 41%|████      | 252/618 [10:01<14:32,  2.38s/it]2026-09-22 08:40:47,056 INFO [rev_util_verifiability|paper_align|Qwen3-0.6B] step=252 epoch=1.2238

                                                 

 41%|████      | 252/618 [10:01<14:32,  2.38s/it]2026-09-22 08:40:47,648 INFO [rev_util_verifiability|paper_align|Qwen3-0.6B] step=252 epoch=1.2238

                                                 

 41%|████      | 252/618 [10:02<14:32,  2.38s/it]
 41%|████      | 253/618 [10:02<14:29,  2.38s/it]2026-09-22 08:40:48,264 INFO [rev_util_verifiability|paper_align|Qwen3-0.6B] step=253 epoch=1.2287

                                                 

 41%|████      | 253/618 [10:02<14:29,  2.38s/it]2026-09-22 08:40:48,826 INFO [rev_util_verifiability|paper_align|Qwen3-0.6B] step=253 epoch=1.2287

                                                 

 41%|████      | 253/618 [10:03<14:29,  2.38s/it]2026-09-22 08:40:49,396 INFO [rev_util_verifiability|paper_align|Qwen3-0.6B] step=253 epoch=1.2287

                                                 

 41%|████      | 253/618 [10:04<14:29,  2.38s/it]2026-09-22 08:40:49,956 INFO [rev_util_verifiability|paper_align|Qwen3-0.6B] step=253 epoch=1.2287

                                                 

 41%|████      | 253/618 [10:04<14:29,  2.38s/it]
 41%|████      | 254/618 [10:05<14:18,  2.36s/it]2026-09-22 08:40:50,560 INFO [rev_util_verifiability|paper_align|Qwen3-0.6B] step=254 epoch=1.2336

                                                 

 41%|████      | 254/618 [10:05<14:18,  2.36s/it]2026-09-22 08:40:51,132 INFO [rev_util_verifiability|paper_align|Qwen3-0.6B] step=254 epoch=1.2336

                                                 

 41%|████      | 254/618 [10:05<14:18,  2.36s/it]2026-09-22 08:40:51,985 INFO [rev_util_verifiability|paper_align|Qwen3-0.6B] step=254 epoch=1.2336

                                                 

 41%|████      | 254/618 [10:06<14:18,  2.36s/it]2026-09-22 08:40:52,558 INFO [rev_util_verifiability|paper_align|Qwen3-0.6B] step=254 epoch=1.2336

                                                 

 41%|████      | 254/618 [10:07<14:18,  2.36s/it]
 41%|████▏     | 255/618 [10:07<14:42,  2.43s/it]2026-09-22 08:40:53,168 INFO [rev_util_verifiability|paper_align|Qwen3-0.6B] step=255 epoch=1.2384

                                                 

 41%|████▏     | 255/618 [10:07<14:42,  2.43s/it]2026-09-22 08:40:53,741 INFO [rev_util_verifiability|paper_align|Qwen3-0.6B] step=255 epoch=1.2384

                                                 

 41%|████▏     | 255/618 [10:08<14:42,  2.43s/it]2026-09-22 08:40:54,313 INFO [rev_util_verifiability|paper_align|Qwen3-0.6B] step=255 epoch=1.2384

                                                 

 41%|████▏     | 255/618 [10:09<14:42,  2.43s/it]2026-09-22 08:40:54,874 INFO [rev_util_verifiability|paper_align|Qwen3-0.6B] step=255 epoch=1.2384

                                                 

 41%|████▏     | 255/618 [10:09<14:42,  2.43s/it]
 41%|████▏     | 256/618 [10:09<14:27,  2.40s/it]2026-09-22 08:40:55,484 INFO [rev_util_verifiability|paper_align|Qwen3-0.6B] step=256 epoch=1.2433

                                                 

 41%|████▏     | 256/618 [10:10<14:27,  2.40s/it]2026-09-22 08:40:56,061 INFO [rev_util_verifiability|paper_align|Qwen3-0.6B] step=256 epoch=1.2433

                                                 

 41%|████▏     | 256/618 [10:10<14:27,  2.40s/it]2026-09-22 08:40:56,627 INFO [rev_util_verifiability|paper_align|Qwen3-0.6B] step=256 epoch=1.2433

                                                 

 41%|████▏     | 256/618 [10:11<14:27,  2.40s/it]2026-09-22 08:40:57,191 INFO [rev_util_verifiability|paper_align|Qwen3-0.6B] step=256 epoch=1.2433

                                                 

 41%|████▏     | 256/618 [10:11<14:27,  2.40s/it]
 42%|████▏     | 257/618 [10:12<14:15,  2.37s/it]2026-09-22 08:40:57,788 INFO [rev_util_verifiability|paper_align|Qwen3-0.6B] step=257 epoch=1.2482

                                                 

 42%|████▏     | 257/618 [10:12<14:15,  2.37s/it]2026-09-22 08:40:58,355 INFO [rev_util_verifiability|paper_align|Qwen3-0.6B] step=257 epoch=1.2482

                                                 

 42%|████▏     | 257/618 [10:13<14:15,  2.37s/it]2026-09-22 08:40:58,920 INFO [rev_util_verifiability|paper_align|Qwen3-0.6B] step=257 epoch=1.2482

                                                 

 42%|████▏     | 257/618 [10:13<14:15,  2.37s/it]2026-09-22 08:40:59,483 INFO [rev_util_verifiability|paper_align|Qwen3-0.6B] step=257 epoch=1.2482

                                                 

 42%|████▏     | 257/618 [10:14<14:15,  2.37s/it]
 42%|████▏     | 258/618 [10:14<14:04,  2.35s/it]2026-09-22 08:41:00,085 INFO [rev_util_verifiability|paper_align|Qwen3-0.6B] step=258 epoch=1.2530

                                                 

 42%|████▏     | 258/618 [10:14<14:04,  2.35s/it]2026-09-22 08:41:00,649 INFO [rev_util_verifiability|paper_align|Qwen3-0.6B] step=258 epoch=1.2530

                                                 

 42%|████▏     | 258/618 [10:15<14:04,  2.35s/it]2026-09-22 08:41:01,222 INFO [rev_util_verifiability|paper_align|Qwen3-0.6B] step=258 epoch=1.2530

                                                 

 42%|████▏     | 258/618 [10:15<14:04,  2.35s/it]2026-09-22 08:41:01,800 INFO [rev_util_verifiability|paper_align|Qwen3-0.6B] step=258 epoch=1.2530

                                                 

 42%|████▏     | 258/618 [10:16<14:04,  2.35s/it]
 42%|████▏     | 259/618 [10:16<13:59,  2.34s/it]2026-09-22 08:41:02,399 INFO [rev_util_verifiability|paper_align|Qwen3-0.6B] step=259 epoch=1.2579

                                                 

 42%|████▏     | 259/618 [10:17<13:59,  2.34s/it]2026-09-22 08:41:02,961 INFO [rev_util_verifiability|paper_align|Qwen3-0.6B] step=259 epoch=1.2579

                                                 

 42%|████▏     | 259/618 [10:17<13:59,  2.34s/it]2026-09-22 08:41:03,818 INFO [rev_util_verifiability|paper_align|Qwen3-0.6B] step=259 epoch=1.2579

                                                 

 42%|████▏     | 259/618 [10:18<13:59,  2.34s/it]2026-09-22 08:41:04,391 INFO [rev_util_verifiability|paper_align|Qwen3-0.6B] step=259 epoch=1.2579

                                                 

 42%|████▏     | 259/618 [10:19<13:59,  2.34s/it]
 42%|████▏     | 260/618 [10:19<14:25,  2.42s/it]2026-09-22 08:41:04,790 INFO [rev_util_verifiability|paper_align|Qwen3-0.6B] step=260 loss=0.4604 learning_rate=0.0001 epoch=1.2628

                                                 

 42%|████▏     | 260/618 [10:19<14:25,  2.42s/it]2026-09-22 08:41:05,001 INFO [rev_util_verifiability|paper_align|Qwen3-0.6B] step=260 epoch=1.2628

                                                 

 42%|████▏     | 260/618 [10:19<14:25,  2.42s/it]2026-09-22 08:41:05,571 INFO [rev_util_verifiability|paper_align|Qwen3-0.6B] step=260 epoch=1.2628

                                                 

 42%|████▏     | 260/618 [10:20<14:25,  2.42s/it]2026-09-22 08:41:06,144 INFO [rev_util_verifiability|paper_align|Qwen3-0.6B] step=260 epoch=1.2628

                                                 

 42%|████▏     | 260/618 [10:20<14:25,  2.42s/it]2026-09-22 08:41:06,713 INFO [rev_util_verifiability|paper_align|Qwen3-0.6B] step=260 epoch=1.2628

                                                 

 42%|████▏     | 260/618 [10:21<14:25,  2.42s/it]
 42%|████▏     | 261/618 [10:21<14:11,  2.39s/it]2026-09-22 08:41:07,312 INFO [rev_util_verifiability|paper_align|Qwen3-0.6B] step=261 epoch=1.2676

                                                 

 42%|████▏     | 261/618 [10:22<14:11,  2.39s/it]2026-09-22 08:41:07,867 INFO [rev_util_verifiability|paper_align|Qwen3-0.6B] step=261 epoch=1.2676

                                                 

 42%|████▏     | 261/618 [10:22<14:11,  2.39s/it]2026-09-22 08:41:08,448 INFO [rev_util_verifiability|paper_align|Qwen3-0.6B] step=261 epoch=1.2676

                                                 

 42%|████▏     | 261/618 [10:23<14:11,  2.39s/it]2026-09-22 08:41:09,002 INFO [rev_util_verifiability|paper_align|Qwen3-0.6B] step=261 epoch=1.2676

                                                 

 42%|████▏     | 261/618 [10:23<14:11,  2.39s/it]
 42%|████▏     | 262/618 [10:24<13:58,  2.36s/it]2026-09-22 08:41:09,602 INFO [rev_util_verifiability|paper_align|Qwen3-0.6B] step=262 epoch=1.2725

                                                 

 42%|████▏     | 262/618 [10:24<13:58,  2.36s/it]2026-09-22 08:41:10,154 INFO [rev_util_verifiability|paper_align|Qwen3-0.6B] step=262 epoch=1.2725

                                                 

 42%|████▏     | 262/618 [10:24<13:58,  2.36s/it]2026-09-22 08:41:10,720 INFO [rev_util_verifiability|paper_align|Qwen3-0.6B] step=262 epoch=1.2725

                                                 

 42%|████▏     | 262/618 [10:25<13:58,  2.36s/it]2026-09-22 08:41:11,295 INFO [rev_util_verifiability|paper_align|Qwen3-0.6B] step=262 epoch=1.2725

                                                 

 42%|████▏     | 262/618 [10:25<13:58,  2.36s/it]
 43%|████▎     | 263/618 [10:26<13:49,  2.34s/it]2026-09-22 08:41:11,893 INFO [rev_util_verifiability|paper_align|Qwen3-0.6B] step=263 epoch=1.2774

                                                 

 43%|████▎     | 263/618 [10:26<13:49,  2.34s/it]2026-09-22 08:41:12,439 INFO [rev_util_verifiability|paper_align|Qwen3-0.6B] step=263 epoch=1.2774

                                                 

 43%|████▎     | 263/618 [10:27<13:49,  2.34s/it]2026-09-22 08:41:13,001 INFO [rev_util_verifiability|paper_align|Qwen3-0.6B] step=263 epoch=1.2774

                                                 

 43%|████▎     | 263/618 [10:27<13:49,  2.34s/it]2026-09-22 08:41:13,563 INFO [rev_util_verifiability|paper_align|Qwen3-0.6B] step=263 epoch=1.2774

                                                 

 43%|████▎     | 263/618 [10:28<13:49,  2.34s/it]
 43%|████▎     | 264/618 [10:28<13:39,  2.32s/it]2026-09-22 08:41:14,157 INFO [rev_util_verifiability|paper_align|Qwen3-0.6B] step=264 epoch=1.2822

                                                 

 43%|████▎     | 264/618 [10:28<13:39,  2.32s/it]2026-09-22 08:41:14,711 INFO [rev_util_verifiability|paper_align|Qwen3-0.6B] step=264 epoch=1.2822

                                                 

 43%|████▎     | 264/618 [10:29<13:39,  2.32s/it]2026-09-22 08:41:15,548 INFO [rev_util_verifiability|paper_align|Qwen3-0.6B] step=264 epoch=1.2822

                                                 

 43%|████▎     | 264/618 [10:30<13:39,  2.32s/it]2026-09-22 08:41:16,106 INFO [rev_util_verifiability|paper_align|Qwen3-0.6B] step=264 epoch=1.2822

                                                 

 43%|████▎     | 264/618 [10:30<13:39,  2.32s/it]
 43%|████▎     | 265/618 [10:31<14:01,  2.39s/it]2026-09-22 08:41:16,714 INFO [rev_util_verifiability|paper_align|Qwen3-0.6B] step=265 epoch=1.2871

                                                 

 43%|████▎     | 265/618 [10:31<14:01,  2.39s/it]2026-09-22 08:41:17,291 INFO [rev_util_verifiability|paper_align|Qwen3-0.6B] step=265 epoch=1.2871

                                                 

 43%|████▎     | 265/618 [10:31<14:01,  2.39s/it]2026-09-22 08:41:17,889 INFO [rev_util_verifiability|paper_align|Qwen3-0.6B] step=265 epoch=1.2871

                                                 

 43%|████▎     | 265/618 [10:32<14:01,  2.39s/it]2026-09-22 08:41:18,514 INFO [rev_util_verifiability|paper_align|Qwen3-0.6B] step=265 epoch=1.2871

                                                 

 43%|████▎     | 265/618 [10:33<14:01,  2.39s/it]
 43%|████▎     | 266/618 [10:33<14:03,  2.40s/it]2026-09-22 08:41:19,130 INFO [rev_util_verifiability|paper_align|Qwen3-0.6B] step=266 epoch=1.2920

                                                 

 43%|████▎     | 266/618 [10:33<14:03,  2.40s/it]2026-09-22 08:41:19,714 INFO [rev_util_verifiability|paper_align|Qwen3-0.6B] step=266 epoch=1.2920

                                                 

 43%|████▎     | 266/618 [10:34<14:03,  2.40s/it]2026-09-22 08:41:20,311 INFO [rev_util_verifiability|paper_align|Qwen3-0.6B] step=266 epoch=1.2920

                                                 

 43%|████▎     | 266/618 [10:35<14:03,  2.40s/it]2026-09-22 08:41:20,882 INFO [rev_util_verifiability|paper_align|Qwen3-0.6B] step=266 epoch=1.2920

                                                 

 43%|████▎     | 266/618 [10:35<14:03,  2.40s/it]
 43%|████▎     | 267/618 [10:35<13:57,  2.39s/it]2026-09-22 08:41:21,502 INFO [rev_util_verifiability|paper_align|Qwen3-0.6B] step=267 epoch=1.2968

                                                 

 43%|████▎     | 267/618 [10:36<13:57,  2.39s/it]2026-09-22 08:41:22,066 INFO [rev_util_verifiability|paper_align|Qwen3-0.6B] step=267 epoch=1.2968

                                                 

 43%|████▎     | 267/618 [10:36<13:57,  2.39s/it]2026-09-22 08:41:22,648 INFO [rev_util_verifiability|paper_align|Qwen3-0.6B] step=267 epoch=1.2968

                                                 

 43%|████▎     | 267/618 [10:37<13:57,  2.39s/it]2026-09-22 08:41:23,225 INFO [rev_util_verifiability|paper_align|Qwen3-0.6B] step=267 epoch=1.2968

                                                 

 43%|████▎     | 267/618 [10:37<13:57,  2.39s/it]
 43%|████▎     | 268/618 [10:38<13:50,  2.37s/it]2026-09-22 08:41:23,835 INFO [rev_util_verifiability|paper_align|Qwen3-0.6B] step=268 epoch=1.3017

                                                 

 43%|████▎     | 268/618 [10:38<13:50,  2.37s/it]2026-09-22 08:41:24,436 INFO [rev_util_verifiability|paper_align|Qwen3-0.6B] step=268 epoch=1.3017

                                                 

 43%|████▎     | 268/618 [10:39<13:50,  2.37s/it]2026-09-22 08:41:25,018 INFO [rev_util_verifiability|paper_align|Qwen3-0.6B] step=268 epoch=1.3017

                                                 

 43%|████▎     | 268/618 [10:39<13:50,  2.37s/it]2026-09-22 08:41:25,597 INFO [rev_util_verifiability|paper_align|Qwen3-0.6B] step=268 epoch=1.3017

                                                 

 43%|████▎     | 268/618 [10:40<13:50,  2.37s/it]
 44%|████▎     | 269/618 [10:40<13:47,  2.37s/it]2026-09-22 08:41:26,213 INFO [rev_util_verifiability|paper_align|Qwen3-0.6B] step=269 epoch=1.3066

                                                 

 44%|████▎     | 269/618 [10:40<13:47,  2.37s/it]2026-09-22 08:41:26,774 INFO [rev_util_verifiability|paper_align|Qwen3-0.6B] step=269 epoch=1.3066

                                                 
{'paper_align_label_loss': '0.03892', 'paper_align_reason_loss': '0.1159', 'epoch': '1.2'}
{'paper_align_label_loss': '0.02589', 'paper_align_reason_loss': '0.2405', 'epoch': '1.204'}
{'paper_align_label_loss': '0.001158', 'paper_align_reason_loss': '0.1208', 'epoch': '1.204'}
{'paper_align_label_loss': '0.05045', 'paper_align_reason_loss': '0.1092', 'epoch': '1.204'}
{'paper_align_label_loss': '0.01287', 'paper_align_reason_loss': '0.1525', 'epoch': '1.204'}
{'paper_align_label_loss': '0.02077', 'paper_align_reason_loss': '0.1102', 'epoch': '1.209'}
{'paper_align_label_loss': '0.0737', 'paper_align_reason_loss': '0.1633', 'epoch': '1.209'}
{'paper_align_label_loss': '0.1058', 'paper_align_reason_loss': '0.1524', 'epoch': '1.209'}
{'paper_align_label_loss': '0.03982', 'paper_align_reason_loss': '0.08223', 'epoch': '1.209'}
{'loss': '0.4312', 'grad_norm': '3.584', 'learning_rate': '6.782e-05', 'epoch': '1.214'}
{'paper_align_label_loss': '0.2047', 'paper_align_reason_loss': '0.12', 'epoch': '1.214'}
{'paper_align_label_loss': '0.08496', 'paper_align_reason_loss': '0.1916', 'epoch': '1.214'}
{'paper_align_label_loss': '0.02485', 'paper_align_reason_loss': '0.1301', 'epoch': '1.214'}
{'paper_align_label_loss': '0.03027', 'paper_align_reason_loss': '0.1371', 'epoch': '1.214'}
{'paper_align_label_loss': '0.1207', 'paper_align_reason_loss': '0.1541', 'epoch': '1.219'}
{'paper_align_label_loss': '0.005366', 'paper_align_reason_loss': '0.1165', 'epoch': '1.219'}
{'paper_align_label_loss': '0.09835', 'paper_align_reason_loss': '0.1792', 'epoch': '1.219'}
{'paper_align_label_loss': '0.007364', 'paper_align_reason_loss': '0.03183', 'epoch': '1.219'}
{'paper_align_label_loss': '0.03781', 'paper_align_reason_loss': '0.06461', 'epoch': '1.224'}
{'paper_align_label_loss': '0.03171', 'paper_align_reason_loss': '0.1502', 'epoch': '1.224'}
{'paper_align_label_loss': '0.05244', 'paper_align_reason_loss': '0.08566', 'epoch': '1.224'}
{'paper_align_label_loss': '0.03052', 'paper_align_reason_loss': '0.221', 'epoch': '1.224'}
{'paper_align_label_loss': '0.1793', 'paper_align_reason_loss': '0.2366', 'epoch': '1.229'}
{'paper_align_label_loss': '0.3563', 'paper_align_reason_loss': '0.1302', 'epoch': '1.229'}
{'paper_align_label_loss': '9.087e-05', 'paper_align_reason_loss': '0.1026', 'epoch': '1.229'}
{'paper_align_label_loss': '0.1265', 'paper_align_reason_loss': '0.1045', 'epoch': '1.229'}
{'paper_align_label_loss': '0.000198', 'paper_align_reason_loss': '0.05251', 'epoch': '1.234'}
{'paper_align_label_loss': '0.08727', 'paper_align_reason_loss': '0.1111', 'epoch': '1.234'}
{'paper_align_label_loss': '0.00078', 'paper_align_reason_loss': '0.1162', 'epoch': '1.234'}
{'paper_align_label_loss': '0.05098', 'paper_align_reason_loss': '0.1442', 'epoch': '1.234'}
{'paper_align_label_loss': '0.3951', 'paper_align_reason_loss': '0.225', 'epoch': '1.238'}
{'paper_align_label_loss': '0.5331', 'paper_align_reason_loss': '0.1864', 'epoch': '1.238'}
{'paper_align_label_loss': '0.1522', 'paper_align_reason_loss': '0.1847', 'epoch': '1.238'}
{'paper_align_label_loss': '0.005761', 'paper_align_reason_loss': '0.1299', 'epoch': '1.238'}
{'paper_align_label_loss': '0.09871', 'paper_align_reason_loss': '0.1186', 'epoch': '1.243'}
{'paper_align_label_loss': '0.03226', 'paper_align_reason_loss': '0.2274', 'epoch': '1.243'}
{'paper_align_label_loss': '0.06155', 'paper_align_reason_loss': '0.1963', 'epoch': '1.243'}
{'paper_align_label_loss': '0.07926', 'paper_align_reason_loss': '0.1408', 'epoch': '1.243'}
{'paper_align_label_loss': '0.0318', 'paper_align_reason_loss': '0.14', 'epoch': '1.248'}
{'paper_align_label_loss': '0.04383', 'paper_align_reason_loss': '0.2246', 'epoch': '1.248'}
{'paper_align_label_loss': '0.07758', 'paper_align_reason_loss': '0.1647', 'epoch': '1.248'}
{'paper_align_label_loss': '0.002243', 'paper_align_reason_loss': '0.1049', 'epoch': '1.248'}
{'paper_align_label_loss': '0.005941', 'paper_align_reason_loss': '0.1234', 'epoch': '1.253'}
{'paper_align_label_loss': '0.03168', 'paper_align_reason_loss': '0.1121', 'epoch': '1.253'}
{'paper_align_label_loss': '0.05135', 'paper_align_reason_loss': '0.1526', 'epoch': '1.253'}
{'paper_align_label_loss': '0.09888', 'paper_align_reason_loss': '0.1445', 'epoch': '1.253'}
{'paper_align_label_loss': '0.1474', 'paper_align_reason_loss': '0.1089', 'epoch': '1.258'}
{'paper_align_label_loss': '0.008997', 'paper_align_reason_loss': '0.0946', 'epoch': '1.258'}
{'paper_align_label_loss': '0.1162', 'paper_align_reason_loss': '0.1443', 'epoch': '1.258'}
{'paper_align_label_loss': '0.04564', 'paper_align_reason_loss': '0.1553', 'epoch': '1.258'}
{'loss': '0.4604', 'grad_norm': '4.106', 'learning_rate': '6.535e-05', 'epoch': '1.263'}
{'paper_align_label_loss': '0.000437', 'paper_align_reason_loss': '0.08961', 'epoch': '1.263'}
{'paper_align_label_loss': '0.01588', 'paper_align_reason_loss': '0.1333', 'epoch': '1.263'}
{'paper_align_label_loss': '0.04156', 'paper_align_reason_loss': '0.142', 'epoch': '1.263'}
{'paper_align_label_loss': '0.02006', 'paper_align_reason_loss': '0.0998', 'epoch': '1.263'}
{'paper_align_label_loss': '0.1081', 'paper_align_reason_loss': '0.05471', 'epoch': '1.268'}
{'paper_align_label_loss': '0.1252', 'paper_align_reason_loss': '0.1701', 'epoch': '1.268'}
{'paper_align_label_loss': '0.02996', 'paper_align_reason_loss': '0.1509', 'epoch': '1.268'}
{'paper_align_label_loss': '0.0008256', 'paper_align_reason_loss': '0.1191', 'epoch': '1.268'}
{'paper_align_label_loss': '0.2027', 'paper_align_reason_loss': '0.1751', 'epoch': '1.273'}
{'paper_align_label_loss': '0.09823', 'paper_align_reason_loss': '0.1353', 'epoch': '1.273'}
{'paper_align_label_loss': '0.04984', 'paper_align_reason_loss': '0.138', 'epoch': '1.273'}
{'paper_align_label_loss': '0.03803', 'paper_align_reason_loss': '0.1951', 'epoch': '1.273'}
{'paper_align_label_loss': '0.07773', 'paper_align_reason_loss': '0.12', 'epoch': '1.277'}
{'paper_align_label_loss': '0.0007109', 'paper_align_reason_loss': '0.06586', 'epoch': '1.277'}
{'paper_align_label_loss': '0.03093', 'paper_align_reason_loss': '0.1513', 'epoch': '1.277'}
{'paper_align_label_loss': '0.07711', 'paper_align_reason_loss': '0.1626', 'epoch': '1.277'}
{'paper_align_label_loss': '0.08478', 'paper_align_reason_loss': '0.1555', 'epoch': '1.282'}
{'paper_align_label_loss': '0.153', 'paper_align_reason_loss': '0.1703', 'epoch': '1.282'}
{'paper_align_label_loss': '0.02969', 'paper_align_reason_loss': '0.07372', 'epoch': '1.282'}
{'paper_align_label_loss': '0.01025', 'paper_align_reason_loss': '0.102', 'epoch': '1.282'}
{'paper_align_label_loss': '0.02591', 'paper_align_reason_loss': '0.1025', 'epoch': '1.287'}
{'paper_align_label_loss': '0.009918', 'paper_align_reason_loss': '0.04976', 'epoch': '1.287'}
{'paper_align_label_loss': '0.1797', 'paper_align_reason_loss': '0.1162', 'epoch': '1.287'}
{'paper_align_label_loss': '0.1504', 'paper_align_reason_loss': '0.182', 'epoch': '1.287'}
{'paper_align_label_loss': '0.007519', 'paper_align_reason_loss': '0.1332', 'epoch': '1.292'}
{'paper_align_label_loss': '0.05117', 'paper_align_reason_loss': '0.1394', 'epoch': '1.292'}
{'paper_align_label_loss': '0.1195', 'paper_align_reason_loss': '0.1109', 'epoch': '1.292'}
{'paper_align_label_loss': '0.1344', 'paper_align_reason_loss': '0.1461', 'epoch': '1.292'}
{'paper_align_label_loss': '0.05381', 'paper_align_reason_loss': '0.15', 'epoch': '1.297'}
{'paper_align_label_loss': '0.02843', 'paper_align_reason_loss': '0.04673', 'epoch': '1.297'}
{'paper_align_label_loss': '0.04449', 'paper_align_reason_loss': '0.1087', 'epoch': '1.297'}
{'paper_align_label_loss': '0.1987', 'paper_align_reason_loss': '0.1469', 'epoch': '1.297'}
{'paper_align_label_loss': '0.02154', 'paper_align_reason_loss': '0.1125', 'epoch': '1.302'}
{'paper_align_label_loss': '0.1557', 'paper_align_reason_loss': '0.2092', 'epoch': '1.302'}
{'paper_align_label_loss': '0.03921', 'paper_align_reason_loss': '0.08089', 'epoch': '1.302'}
{'paper_align_label_loss': '0.1039', 'paper_align_reason_loss': '0.166', 'epoch': '1.302'}
{'paper_align_label_loss': '0.007583', 'paper_align_reason_loss': '0.09676', 'epoch': '1.307'}

 44%|████▎     | 269/618 [10:41<13:47,  2.37s/it]2026-09-22 08:41:27,331 INFO [rev_util_verifiability|paper_align|Qwen3-0.6B] step=269 epoch=1.3066

                                                 

 44%|████▎     | 269/618 [10:42<13:47,  2.37s/it]2026-09-22 08:41:27,909 INFO [rev_util_verifiability|paper_align|Qwen3-0.6B] step=269 epoch=1.3066

                                                 

 44%|████▎     | 269/618 [10:42<13:47,  2.37s/it]
 44%|████▎     | 270/618 [10:43<14:13,  2.45s/it]2026-09-22 08:41:28,630 INFO [rev_util_verifiability|paper_align|Qwen3-0.6B] step=270 loss=0.3945 learning_rate=0.0001 epoch=1.3114

                                                 

 44%|████▎     | 270/618 [10:43<14:13,  2.45s/it]2026-09-22 08:41:28,869 INFO [rev_util_verifiability|paper_align|Qwen3-0.6B] step=270 epoch=1.3114

                                                 

 44%|████▎     | 270/618 [10:43<14:13,  2.45s/it]2026-09-22 08:41:29,431 INFO [rev_util_verifiability|paper_align|Qwen3-0.6B] step=270 epoch=1.3114

                                                 

 44%|████▎     | 270/618 [10:44<14:13,  2.45s/it]2026-09-22 08:41:29,995 INFO [rev_util_verifiability|paper_align|Qwen3-0.6B] step=270 epoch=1.3114

                                                 

 44%|████▎     | 270/618 [10:44<14:13,  2.45s/it]2026-09-22 08:41:30,572 INFO [rev_util_verifiability|paper_align|Qwen3-0.6B] step=270 epoch=1.3114

                                                 

 44%|████▎     | 270/618 [10:45<14:13,  2.45s/it]
 44%|████▍     | 271/618 [10:45<13:58,  2.42s/it]2026-09-22 08:41:31,180 INFO [rev_util_verifiability|paper_align|Qwen3-0.6B] step=271 epoch=1.3163

                                                 

 44%|████▍     | 271/618 [10:45<13:58,  2.42s/it]2026-09-22 08:41:31,732 INFO [rev_util_verifiability|paper_align|Qwen3-0.6B] step=271 epoch=1.3163

                                                 

 44%|████▍     | 271/618 [10:46<13:58,  2.42s/it]2026-09-22 08:41:32,295 INFO [rev_util_verifiability|paper_align|Qwen3-0.6B] step=271 epoch=1.3163

                                                 

 44%|████▍     | 271/618 [10:47<13:58,  2.42s/it]2026-09-22 08:41:32,865 INFO [rev_util_verifiability|paper_align|Qwen3-0.6B] step=271 epoch=1.3163

                                                 

 44%|████▍     | 271/618 [10:47<13:58,  2.42s/it]
 44%|████▍     | 272/618 [10:47<13:42,  2.38s/it]2026-09-22 08:41:33,483 INFO [rev_util_verifiability|paper_align|Qwen3-0.6B] step=272 epoch=1.3212

                                                 

 44%|████▍     | 272/618 [10:48<13:42,  2.38s/it]2026-09-22 08:41:34,046 INFO [rev_util_verifiability|paper_align|Qwen3-0.6B] step=272 epoch=1.3212

                                                 

 44%|████▍     | 272/618 [10:48<13:42,  2.38s/it]2026-09-22 08:41:34,610 INFO [rev_util_verifiability|paper_align|Qwen3-0.6B] step=272 epoch=1.3212

                                                 

 44%|████▍     | 272/618 [10:49<13:42,  2.38s/it]2026-09-22 08:41:35,200 INFO [rev_util_verifiability|paper_align|Qwen3-0.6B] step=272 epoch=1.3212

                                                 

 44%|████▍     | 272/618 [10:49<13:42,  2.38s/it]
 44%|████▍     | 273/618 [10:50<13:36,  2.37s/it]2026-09-22 08:41:35,808 INFO [rev_util_verifiability|paper_align|Qwen3-0.6B] step=273 epoch=1.3260

                                                 

 44%|████▍     | 273/618 [10:50<13:36,  2.37s/it]2026-09-22 08:41:36,370 INFO [rev_util_verifiability|paper_align|Qwen3-0.6B] step=273 epoch=1.3260

                                                 

 44%|████▍     | 273/618 [10:51<13:36,  2.37s/it]2026-09-22 08:41:36,956 INFO [rev_util_verifiability|paper_align|Qwen3-0.6B] step=273 epoch=1.3260

                                                 

 44%|████▍     | 273/618 [10:51<13:36,  2.37s/it]2026-09-22 08:41:37,539 INFO [rev_util_verifiability|paper_align|Qwen3-0.6B] step=273 epoch=1.3260

                                                 

 44%|████▍     | 273/618 [10:52<13:36,  2.37s/it]
 44%|████▍     | 274/618 [10:52<13:32,  2.36s/it]2026-09-22 08:41:38,157 INFO [rev_util_verifiability|paper_align|Qwen3-0.6B] step=274 epoch=1.3309

                                                 

 44%|████▍     | 274/618 [10:52<13:32,  2.36s/it]2026-09-22 08:41:38,730 INFO [rev_util_verifiability|paper_align|Qwen3-0.6B] step=274 epoch=1.3309

                                                 

 44%|████▍     | 274/618 [10:53<13:32,  2.36s/it]2026-09-22 08:41:39,310 INFO [rev_util_verifiability|paper_align|Qwen3-0.6B] step=274 epoch=1.3309

                                                 

 44%|████▍     | 274/618 [10:54<13:32,  2.36s/it]2026-09-22 08:41:39,903 INFO [rev_util_verifiability|paper_align|Qwen3-0.6B] step=274 epoch=1.3309

                                                 

 44%|████▍     | 274/618 [10:54<13:32,  2.36s/it]
 44%|████▍     | 275/618 [10:55<13:30,  2.36s/it]2026-09-22 08:41:40,524 INFO [rev_util_verifiability|paper_align|Qwen3-0.6B] step=275 epoch=1.3358

                                                 

 44%|████▍     | 275/618 [10:55<13:30,  2.36s/it]2026-09-22 08:41:41,424 INFO [rev_util_verifiability|paper_align|Qwen3-0.6B] step=275 epoch=1.3358

                                                 

 44%|████▍     | 275/618 [10:56<13:30,  2.36s/it]2026-09-22 08:41:42,000 INFO [rev_util_verifiability|paper_align|Qwen3-0.6B] step=275 epoch=1.3358

                                                 

 44%|████▍     | 275/618 [10:56<13:30,  2.36s/it]2026-09-22 08:41:42,583 INFO [rev_util_verifiability|paper_align|Qwen3-0.6B] step=275 epoch=1.3358

                                                 

 44%|████▍     | 275/618 [10:57<13:30,  2.36s/it]
 45%|████▍     | 276/618 [10:57<14:00,  2.46s/it]2026-09-22 08:41:43,199 INFO [rev_util_verifiability|paper_align|Qwen3-0.6B] step=276 epoch=1.3406

                                                 

 45%|████▍     | 276/618 [10:57<14:00,  2.46s/it]2026-09-22 08:41:43,766 INFO [rev_util_verifiability|paper_align|Qwen3-0.6B] step=276 epoch=1.3406

                                                 

 45%|████▍     | 276/618 [10:58<14:00,  2.46s/it]2026-09-22 08:41:44,351 INFO [rev_util_verifiability|paper_align|Qwen3-0.6B] step=276 epoch=1.3406

                                                 

 45%|████▍     | 276/618 [10:59<14:00,  2.46s/it]2026-09-22 08:41:44,940 INFO [rev_util_verifiability|paper_align|Qwen3-0.6B] step=276 epoch=1.3406

                                                 

 45%|████▍     | 276/618 [10:59<14:00,  2.46s/it]
 45%|████▍     | 277/618 [11:00<13:47,  2.43s/it]2026-09-22 08:41:45,564 INFO [rev_util_verifiability|paper_align|Qwen3-0.6B] step=277 epoch=1.3455

                                                 

 45%|████▍     | 277/618 [11:00<13:47,  2.43s/it]2026-09-22 08:41:46,139 INFO [rev_util_verifiability|paper_align|Qwen3-0.6B] step=277 epoch=1.3455

                                                 

 45%|████▍     | 277/618 [11:00<13:47,  2.43s/it]2026-09-22 08:41:46,715 INFO [rev_util_verifiability|paper_align|Qwen3-0.6B] step=277 epoch=1.3455

                                                 

 45%|████▍     | 277/618 [11:01<13:47,  2.43s/it]2026-09-22 08:41:47,285 INFO [rev_util_verifiability|paper_align|Qwen3-0.6B] step=277 epoch=1.3455

                                                 

 45%|████▍     | 277/618 [11:01<13:47,  2.43s/it]
 45%|████▍     | 278/618 [11:02<13:36,  2.40s/it]2026-09-22 08:41:47,897 INFO [rev_util_verifiability|paper_align|Qwen3-0.6B] step=278 epoch=1.3504

                                                 

 45%|████▍     | 278/618 [11:02<13:36,  2.40s/it]2026-09-22 08:41:48,460 INFO [rev_util_verifiability|paper_align|Qwen3-0.6B] step=278 epoch=1.3504

                                                 

 45%|████▍     | 278/618 [11:03<13:36,  2.40s/it]2026-09-22 08:41:49,027 INFO [rev_util_verifiability|paper_align|Qwen3-0.6B] step=278 epoch=1.3504

                                                 

 45%|████▍     | 278/618 [11:03<13:36,  2.40s/it]2026-09-22 08:41:49,515 INFO [rev_util_verifiability|paper_align|Qwen3-0.6B] step=278 epoch=1.3504

                                                 

 45%|████▍     | 278/618 [11:04<13:36,  2.40s/it]
 45%|████▌     | 279/618 [11:04<13:10,  2.33s/it]2026-09-22 08:41:50,031 INFO [rev_util_verifiability|paper_align|Qwen3-0.6B] step=279 epoch=1.3552

                                                 

 45%|████▌     | 279/618 [11:04<13:10,  2.33s/it]2026-09-22 08:41:50,517 INFO [rev_util_verifiability|paper_align|Qwen3-0.6B] step=279 epoch=1.3552

                                                 

 45%|████▌     | 279/618 [11:05<13:10,  2.33s/it]2026-09-22 08:41:50,998 INFO [rev_util_verifiability|paper_align|Qwen3-0.6B] step=279 epoch=1.3552

                                                 

 45%|████▌     | 279/618 [11:05<13:10,  2.33s/it]2026-09-22 08:41:51,474 INFO [rev_util_verifiability|paper_align|Qwen3-0.6B] step=279 epoch=1.3552

                                                 

 45%|████▌     | 279/618 [11:06<13:10,  2.33s/it]
 45%|████▌     | 280/618 [11:06<12:30,  2.22s/it]2026-09-22 08:41:51,814 INFO [rev_util_verifiability|paper_align|Qwen3-0.6B] step=280 loss=0.4378 learning_rate=0.0001 epoch=1.3601

                                                 

 45%|████▌     | 280/618 [11:06<12:30,  2.22s/it]2026-09-22 08:41:52,177 INFO [rev_util_verifiability|paper_align|Qwen3-0.6B] step=280 epoch=1.3601

                                                 

 45%|████▌     | 280/618 [11:06<12:30,  2.22s/it]2026-09-22 08:41:52,668 INFO [rev_util_verifiability|paper_align|Qwen3-0.6B] step=280 epoch=1.3601

                                                 

 45%|████▌     | 280/618 [11:07<12:30,  2.22s/it]2026-09-22 08:41:53,158 INFO [rev_util_verifiability|paper_align|Qwen3-0.6B] step=280 epoch=1.3601

                                                 

 45%|████▌     | 280/618 [11:07<12:30,  2.22s/it]2026-09-22 08:41:53,640 INFO [rev_util_verifiability|paper_align|Qwen3-0.6B] step=280 epoch=1.3601

                                                 

 45%|████▌     | 280/618 [11:08<12:30,  2.22s/it]
 45%|████▌     | 281/618 [11:08<12:21,  2.20s/it]2026-09-22 08:41:54,144 INFO [rev_util_verifiability|paper_align|Qwen3-0.6B] step=281 epoch=1.3650

                                                 

 45%|████▌     | 281/618 [11:08<12:21,  2.20s/it]2026-09-22 08:41:54,612 INFO [rev_util_verifiability|paper_align|Qwen3-0.6B] step=281 epoch=1.3650

                                                 

 45%|████▌     | 281/618 [11:09<12:21,  2.20s/it]2026-09-22 08:41:55,113 INFO [rev_util_verifiability|paper_align|Qwen3-0.6B] step=281 epoch=1.3650

                                                 

 45%|████▌     | 281/618 [11:09<12:21,  2.20s/it]2026-09-22 08:41:55,691 INFO [rev_util_verifiability|paper_align|Qwen3-0.6B] step=281 epoch=1.3650

                                                 

 45%|████▌     | 281/618 [11:10<12:21,  2.20s/it]
 46%|████▌     | 282/618 [11:10<12:11,  2.18s/it]2026-09-22 08:41:56,317 INFO [rev_util_verifiability|paper_align|Qwen3-0.6B] step=282 epoch=1.3698

                                                 

 46%|████▌     | 282/618 [11:11<12:11,  2.18s/it]2026-09-22 08:41:56,877 INFO [rev_util_verifiability|paper_align|Qwen3-0.6B] step=282 epoch=1.3698

                                                 

 46%|████▌     | 282/618 [11:11<12:11,  2.18s/it]2026-09-22 08:41:57,362 INFO [rev_util_verifiability|paper_align|Qwen3-0.6B] step=282 epoch=1.3698

                                                 

 46%|████▌     | 282/618 [11:12<12:11,  2.18s/it]2026-09-22 08:41:57,837 INFO [rev_util_verifiability|paper_align|Qwen3-0.6B] step=282 epoch=1.3698

                                                 

 46%|████▌     | 282/618 [11:12<12:11,  2.18s/it]
 46%|████▌     | 283/618 [11:12<11:59,  2.15s/it]2026-09-22 08:41:58,346 INFO [rev_util_verifiability|paper_align|Qwen3-0.6B] step=283 epoch=1.3747

                                                 

 46%|████▌     | 283/618 [11:13<11:59,  2.15s/it]2026-09-22 08:41:58,828 INFO [rev_util_verifiability|paper_align|Qwen3-0.6B] step=283 epoch=1.3747

                                                 

 46%|████▌     | 283/618 [11:13<11:59,  2.15s/it]2026-09-22 08:41:59,370 INFO [rev_util_verifiability|paper_align|Qwen3-0.6B] step=283 epoch=1.3747

                                                 

 46%|████▌     | 283/618 [11:14<11:59,  2.15s/it]2026-09-22 08:41:59,942 INFO [rev_util_verifiability|paper_align|Qwen3-0.6B] step=283 epoch=1.3747

                                                 

 46%|████▌     | 283/618 [11:14<11:59,  2.15s/it]
 46%|████▌     | 284/618 [11:15<11:59,  2.15s/it]2026-09-22 08:42:00,565 INFO [rev_util_verifiability|paper_align|Qwen3-0.6B] step=284 epoch=1.3796

                                                 

 46%|████▌     | 284/618 [11:15<11:59,  2.15s/it]2026-09-22 08:42:01,189 INFO [rev_util_verifiability|paper_align|Qwen3-0.6B] step=284 epoch=1.3796

                                                 

 46%|████▌     | 284/618 [11:15<11:59,  2.15s/it]2026-09-22 08:42:01,764 INFO [rev_util_verifiability|paper_align|Qwen3-0.6B] step=284 epoch=1.3796

                                                 

 46%|████▌     | 284/618 [11:16<11:59,  2.15s/it]2026-09-22 08:42:02,341 INFO [rev_util_verifiability|paper_align|Qwen3-0.6B] step=284 epoch=1.3796

                                                 

 46%|████▌     | 284/618 [11:17<11:59,  2.15s/it]
 46%|████▌     | 285/618 [11:17<12:22,  2.23s/it]2026-09-22 08:42:02,962 INFO [rev_util_verifiability|paper_align|Qwen3-0.6B] step=285 epoch=1.3844

                                                 

 46%|████▌     | 285/618 [11:17<12:22,  2.23s/it]2026-09-22 08:42:03,826 INFO [rev_util_verifiability|paper_align|Qwen3-0.6B] step=285 epoch=1.3844

                                                 

 46%|████▌     | 285/618 [11:18<12:22,  2.23s/it]2026-09-22 08:42:04,415 INFO [rev_util_verifiability|paper_align|Qwen3-0.6B] step=285 epoch=1.3844

                                                 

 46%|████▌     | 285/618 [11:19<12:22,  2.23s/it]2026-09-22 08:42:04,994 INFO [rev_util_verifiability|paper_align|Qwen3-0.6B] step=285 epoch=1.3844

                                                 

 46%|████▌     | 285/618 [11:19<12:22,  2.23s/it]
 46%|████▋     | 286/618 [11:20<13:02,  2.36s/it]2026-09-22 08:42:05,616 INFO [rev_util_verifiability|paper_align|Qwen3-0.6B] step=286 epoch=1.3893

                                                 

 46%|████▋     | 286/618 [11:20<13:02,  2.36s/it]2026-09-22 08:42:06,194 INFO [rev_util_verifiability|paper_align|Qwen3-0.6B] step=286 epoch=1.3893

                                                 

 46%|████▋     | 286/618 [11:20<13:02,  2.36s/it]2026-09-22 08:42:06,775 INFO [rev_util_verifiability|paper_align|Qwen3-0.6B] step=286 epoch=1.3893

                                                 

 46%|████▋     | 286/618 [11:21<13:02,  2.36s/it]2026-09-22 08:42:07,349 INFO [rev_util_verifiability|paper_align|Qwen3-0.6B] step=286 epoch=1.3893

                                                 

 46%|████▋     | 286/618 [11:22<13:02,  2.36s/it]
 46%|████▋     | 287/618 [11:22<13:00,  2.36s/it]2026-09-22 08:42:07,968 INFO [rev_util_verifiability|paper_align|Qwen3-0.6B] step=287 epoch=1.3942

                                                 

 46%|████▋     | 287/618 [11:22<13:00,  2.36s/it]2026-09-22 08:42:08,553 INFO [rev_util_verifiability|paper_align|Qwen3-0.6B] step=287 epoch=1.3942

                                                 

 46%|████▋     | 287/618 [11:23<13:00,  2.36s/it]2026-09-22 08:42:09,142 INFO [rev_util_verifiability|paper_align|Qwen3-0.6B] step=287 epoch=1.3942

                                                 

 46%|████▋     | 287/618 [11:23<13:00,  2.36s/it]2026-09-22 08:42:09,723 INFO [rev_util_verifiability|paper_align|Qwen3-0.6B] step=287 epoch=1.3942

                                                 

 46%|████▋     | 287/618 [11:24<13:00,  2.36s/it]
 47%|████▋     | 288/618 [11:24<12:59,  2.36s/it]2026-09-22 08:42:10,338 INFO [rev_util_verifiability|paper_align|Qwen3-0.6B] step=288 epoch=1.3990

                                                 

 47%|████▋     | 288/618 [11:25<12:59,  2.36s/it]2026-09-22 08:42:10,913 INFO [rev_util_verifiability|paper_align|Qwen3-0.6B] step=288 epoch=1.3990

                                                 

 47%|████▋     | 288/618 [11:25<12:59,  2.36s/it]2026-09-22 08:42:11,489 INFO [rev_util_verifiability|paper_align|Qwen3-0.6B] step=288 epoch=1.3990

                                                 

 47%|████▋     | 288/618 [11:26<12:59,  2.36s/it]2026-09-22 08:42:12,069 INFO [rev_util_verifiability|paper_align|Qwen3-0.6B] step=288 epoch=1.3990

                                                 

 47%|████▋     | 288/618 [11:26<12:59,  2.36s/it]
 47%|████▋     | 289/618 [11:27<12:55,  2.36s/it]2026-09-22 08:42:12,694 INFO [rev_util_verifiability|paper_align|Qwen3-0.6B] step=289 epoch=1.4039

                                                 

 47%|████▋     | 289/618 [11:27<12:55,  2.36s/it]2026-09-22 08:42:13,273 INFO [rev_util_verifiability|paper_align|Qwen3-0.6B] step=289 epoch=1.4039

                                                 

 47%|████▋     | 289/618 [11:27<12:55,  2.36s/it]2026-09-22 08:42:13,856 INFO [rev_util_verifiability|paper_align|Qwen3-0.6B] step=289 epoch=1.4039

                                                 

 47%|████▋     | 289/618 [11:28<12:55,  2.36s/it]2026-09-22 08:42:14,433 INFO [rev_util_verifiability|paper_align|Qwen3-0.6B] step=289 epoch=1.4039

                                                 

 47%|████▋     | 289/618 [11:29<12:55,  2.36s/it]
 47%|████▋     | 290/618 [11:29<12:54,  2.36s/it]2026-09-22 08:42:14,843 INFO [rev_util_verifiability|paper_align|Qwen3-0.6B] step=290 loss=0.4449 learning_rate=0.0001 epoch=1.4088

                                                 

 47%|████▋     | 290/618 [11:29<12:54,  2.36s/it]2026-09-22 08:42:15,081 INFO [rev_util_verifiability|paper_align|Qwen3-0.6B] step=290 epoch=1.4088

                                                 

 47%|████▋     | 290/618 [11:29<12:54,  2.36s/it]2026-09-22 08:42:15,927 INFO [rev_util_verifiability|paper_align|Qwen3-0.6B] step=290 epoch=1.4088

                                                 

 47%|████▋     | 290/618 [11:30<12:54,  2.36s/it]2026-09-22 08:42:16,501 INFO [rev_util_verifiability|paper_align|Qwen3-0.6B] step=290 epoch=1.4088

                                                 
{'paper_align_label_loss': '0.04908', 'paper_align_reason_loss': '0.2429', 'epoch': '1.307'}
{'paper_align_label_loss': '0.1201', 'paper_align_reason_loss': '0.14', 'epoch': '1.307'}
{'paper_align_label_loss': '0.01604', 'paper_align_reason_loss': '0.09183', 'epoch': '1.307'}
{'loss': '0.3945', 'grad_norm': '3.31', 'learning_rate': '6.284e-05', 'epoch': '1.311'}
{'paper_align_label_loss': '0.02843', 'paper_align_reason_loss': '0.1489', 'epoch': '1.311'}
{'paper_align_label_loss': '0.02943', 'paper_align_reason_loss': '0.13', 'epoch': '1.311'}
{'paper_align_label_loss': '0.1544', 'paper_align_reason_loss': '0.1195', 'epoch': '1.311'}
{'paper_align_label_loss': '0.1482', 'paper_align_reason_loss': '0.158', 'epoch': '1.311'}
{'paper_align_label_loss': '0.02479', 'paper_align_reason_loss': '0.1093', 'epoch': '1.316'}
{'paper_align_label_loss': '0.04885', 'paper_align_reason_loss': '0.148', 'epoch': '1.316'}
{'paper_align_label_loss': '0.1454', 'paper_align_reason_loss': '0.2669', 'epoch': '1.316'}
{'paper_align_label_loss': '0.0565', 'paper_align_reason_loss': '0.1844', 'epoch': '1.316'}
{'paper_align_label_loss': '0.06992', 'paper_align_reason_loss': '0.1787', 'epoch': '1.321'}
{'paper_align_label_loss': '0.1029', 'paper_align_reason_loss': '0.1733', 'epoch': '1.321'}
{'paper_align_label_loss': '0.01253', 'paper_align_reason_loss': '0.1371', 'epoch': '1.321'}
{'paper_align_label_loss': '0.07096', 'paper_align_reason_loss': '0.1909', 'epoch': '1.321'}
{'paper_align_label_loss': '0.1188', 'paper_align_reason_loss': '0.15', 'epoch': '1.326'}
{'paper_align_label_loss': '0.1153', 'paper_align_reason_loss': '0.1914', 'epoch': '1.326'}
{'paper_align_label_loss': '0.09327', 'paper_align_reason_loss': '0.233', 'epoch': '1.326'}
{'paper_align_label_loss': '0.05541', 'paper_align_reason_loss': '0.16', 'epoch': '1.326'}
{'paper_align_label_loss': '0.1161', 'paper_align_reason_loss': '0.1732', 'epoch': '1.331'}
{'paper_align_label_loss': '0.06786', 'paper_align_reason_loss': '0.08011', 'epoch': '1.331'}
{'paper_align_label_loss': '0.09843', 'paper_align_reason_loss': '0.182', 'epoch': '1.331'}
{'paper_align_label_loss': '0.1017', 'paper_align_reason_loss': '0.1439', 'epoch': '1.331'}
{'paper_align_label_loss': '0.03611', 'paper_align_reason_loss': '0.2275', 'epoch': '1.336'}
{'paper_align_label_loss': '0.06474', 'paper_align_reason_loss': '0.1512', 'epoch': '1.336'}
{'paper_align_label_loss': '0.0004638', 'paper_align_reason_loss': '0.07517', 'epoch': '1.336'}
{'paper_align_label_loss': '0.1304', 'paper_align_reason_loss': '0.1429', 'epoch': '1.336'}
{'paper_align_label_loss': '0.04197', 'paper_align_reason_loss': '0.1601', 'epoch': '1.341'}
{'paper_align_label_loss': '0.08157', 'paper_align_reason_loss': '0.108', 'epoch': '1.341'}
{'paper_align_label_loss': '0.04321', 'paper_align_reason_loss': '0.2322', 'epoch': '1.341'}
{'paper_align_label_loss': '0.002047', 'paper_align_reason_loss': '0.06669', 'epoch': '1.341'}
{'paper_align_label_loss': '0.02321', 'paper_align_reason_loss': '0.1281', 'epoch': '1.345'}
{'paper_align_label_loss': '0.06628', 'paper_align_reason_loss': '0.1723', 'epoch': '1.345'}
{'paper_align_label_loss': '0.06631', 'paper_align_reason_loss': '0.1833', 'epoch': '1.345'}
{'paper_align_label_loss': '0.08449', 'paper_align_reason_loss': '0.1541', 'epoch': '1.345'}
{'paper_align_label_loss': '0.02932', 'paper_align_reason_loss': '0.1864', 'epoch': '1.35'}
{'paper_align_label_loss': '0.005624', 'paper_align_reason_loss': '0.1325', 'epoch': '1.35'}
{'paper_align_label_loss': '0.09199', 'paper_align_reason_loss': '0.1478', 'epoch': '1.35'}
{'paper_align_label_loss': '0.004415', 'paper_align_reason_loss': '0.08511', 'epoch': '1.35'}
{'paper_align_label_loss': '0.009281', 'paper_align_reason_loss': '0.1004', 'epoch': '1.355'}
{'paper_align_label_loss': '0.1201', 'paper_align_reason_loss': '0.1796', 'epoch': '1.355'}
{'paper_align_label_loss': '0.006581', 'paper_align_reason_loss': '0.06851', 'epoch': '1.355'}
{'paper_align_label_loss': '0.06618', 'paper_align_reason_loss': '0.1609', 'epoch': '1.355'}
{'loss': '0.4378', 'grad_norm': '3.064', 'learning_rate': '6.028e-05', 'epoch': '1.36'}
{'paper_align_label_loss': '0.07236', 'paper_align_reason_loss': '0.1265', 'epoch': '1.36'}
{'paper_align_label_loss': '0.09057', 'paper_align_reason_loss': '0.1943', 'epoch': '1.36'}
{'paper_align_label_loss': '0.04263', 'paper_align_reason_loss': '0.1605', 'epoch': '1.36'}
{'paper_align_label_loss': '0.0669', 'paper_align_reason_loss': '0.1356', 'epoch': '1.36'}
{'paper_align_label_loss': '0.05712', 'paper_align_reason_loss': '0.1939', 'epoch': '1.365'}
{'paper_align_label_loss': '0.01392', 'paper_align_reason_loss': '0.1516', 'epoch': '1.365'}
{'paper_align_label_loss': '0.05789', 'paper_align_reason_loss': '0.106', 'epoch': '1.365'}
{'paper_align_label_loss': '0.05887', 'paper_align_reason_loss': '0.1518', 'epoch': '1.365'}
{'paper_align_label_loss': '0.03151', 'paper_align_reason_loss': '0.1619', 'epoch': '1.37'}
{'paper_align_label_loss': '0.2205', 'paper_align_reason_loss': '0.2813', 'epoch': '1.37'}
{'paper_align_label_loss': '0.05394', 'paper_align_reason_loss': '0.1672', 'epoch': '1.37'}
{'paper_align_label_loss': '0.001515', 'paper_align_reason_loss': '0.07633', 'epoch': '1.37'}
{'paper_align_label_loss': '0.000716', 'paper_align_reason_loss': '0.08277', 'epoch': '1.375'}
{'paper_align_label_loss': '0.02143', 'paper_align_reason_loss': '0.2111', 'epoch': '1.375'}
{'paper_align_label_loss': '0.05886', 'paper_align_reason_loss': '0.1277', 'epoch': '1.375'}
{'paper_align_label_loss': '0.04184', 'paper_align_reason_loss': '0.139', 'epoch': '1.375'}
{'paper_align_label_loss': '4.214e-05', 'paper_align_reason_loss': '0.08687', 'epoch': '1.38'}
{'paper_align_label_loss': '0.1069', 'paper_align_reason_loss': '0.1625', 'epoch': '1.38'}
{'paper_align_label_loss': '0.0006096', 'paper_align_reason_loss': '0.1597', 'epoch': '1.38'}
{'paper_align_label_loss': '0.03174', 'paper_align_reason_loss': '0.1109', 'epoch': '1.38'}
{'paper_align_label_loss': '0.1463', 'paper_align_reason_loss': '0.2457', 'epoch': '1.384'}
{'paper_align_label_loss': '0.3633', 'paper_align_reason_loss': '0.188', 'epoch': '1.384'}
{'paper_align_label_loss': '0.03087', 'paper_align_reason_loss': '0.161', 'epoch': '1.384'}
{'paper_align_label_loss': '0.003432', 'paper_align_reason_loss': '0.05726', 'epoch': '1.384'}
{'paper_align_label_loss': '0.1947', 'paper_align_reason_loss': '0.228', 'epoch': '1.389'}
{'paper_align_label_loss': '0.09673', 'paper_align_reason_loss': '0.1576', 'epoch': '1.389'}
{'paper_align_label_loss': '0.1198', 'paper_align_reason_loss': '0.1168', 'epoch': '1.389'}
{'paper_align_label_loss': '0.1007', 'paper_align_reason_loss': '0.08927', 'epoch': '1.389'}
{'paper_align_label_loss': '0.05486', 'paper_align_reason_loss': '0.1404', 'epoch': '1.394'}
{'paper_align_label_loss': '0.2058', 'paper_align_reason_loss': '0.2034', 'epoch': '1.394'}
{'paper_align_label_loss': '0.08408', 'paper_align_reason_loss': '0.1514', 'epoch': '1.394'}
{'paper_align_label_loss': '0.1299', 'paper_align_reason_loss': '0.1749', 'epoch': '1.394'}
{'paper_align_label_loss': '0.1244', 'paper_align_reason_loss': '0.08237', 'epoch': '1.399'}
{'paper_align_label_loss': '0.01546', 'paper_align_reason_loss': '0.1379', 'epoch': '1.399'}
{'paper_align_label_loss': '0.0008465', 'paper_align_reason_loss': '0.07786', 'epoch': '1.399'}
{'paper_align_label_loss': '0.02622', 'paper_align_reason_loss': '0.1388', 'epoch': '1.399'}
{'paper_align_label_loss': '0.0616', 'paper_align_reason_loss': '0.1339', 'epoch': '1.404'}
{'paper_align_label_loss': '0.1224', 'paper_align_reason_loss': '0.1909', 'epoch': '1.404'}
{'paper_align_label_loss': '0.01675', 'paper_align_reason_loss': '0.1813', 'epoch': '1.404'}
{'paper_align_label_loss': '0.04158', 'paper_align_reason_loss': '0.085', 'epoch': '1.404'}
{'loss': '0.4449', 'grad_norm': '4.222', 'learning_rate': '5.771e-05', 'epoch': '1.409'}
{'paper_align_label_loss': '0.133', 'paper_align_reason_loss': '0.1831', 'epoch': '1.409'}
{'paper_align_label_loss': '0.04004', 'paper_align_reason_loss': '0.06842', 'epoch': '1.409'}

 47%|████▋     | 290/618 [11:31<12:54,  2.36s/it]2026-09-22 08:42:17,084 INFO [rev_util_verifiability|paper_align|Qwen3-0.6B] step=290 epoch=1.4088

                                                 

 47%|████▋     | 290/618 [11:31<12:54,  2.36s/it]
 47%|████▋     | 291/618 [11:32<13:19,  2.45s/it]2026-09-22 08:42:17,724 INFO [rev_util_verifiability|paper_align|Qwen3-0.6B] step=291 epoch=1.4136

                                                 

 47%|████▋     | 291/618 [11:32<13:19,  2.45s/it]2026-09-22 08:42:18,287 INFO [rev_util_verifiability|paper_align|Qwen3-0.6B] step=291 epoch=1.4136

                                                 

 47%|████▋     | 291/618 [11:32<13:19,  2.45s/it]2026-09-22 08:42:18,872 INFO [rev_util_verifiability|paper_align|Qwen3-0.6B] step=291 epoch=1.4136

                                                 

 47%|████▋     | 291/618 [11:33<13:19,  2.45s/it]2026-09-22 08:42:19,488 INFO [rev_util_verifiability|paper_align|Qwen3-0.6B] step=291 epoch=1.4136

                                                 

 47%|████▋     | 291/618 [11:34<13:19,  2.45s/it]
 47%|████▋     | 292/618 [11:34<13:12,  2.43s/it]2026-09-22 08:42:20,099 INFO [rev_util_verifiability|paper_align|Qwen3-0.6B] step=292 epoch=1.4185

                                                 

 47%|████▋     | 292/618 [11:34<13:12,  2.43s/it]2026-09-22 08:42:20,666 INFO [rev_util_verifiability|paper_align|Qwen3-0.6B] step=292 epoch=1.4185

                                                 

 47%|████▋     | 292/618 [11:35<13:12,  2.43s/it]2026-09-22 08:42:21,239 INFO [rev_util_verifiability|paper_align|Qwen3-0.6B] step=292 epoch=1.4185

                                                 

 47%|████▋     | 292/618 [11:35<13:12,  2.43s/it]2026-09-22 08:42:21,816 INFO [rev_util_verifiability|paper_align|Qwen3-0.6B] step=292 epoch=1.4185

                                                 

 47%|████▋     | 292/618 [11:36<13:12,  2.43s/it]
 47%|████▋     | 293/618 [11:36<13:00,  2.40s/it]2026-09-22 08:42:22,430 INFO [rev_util_verifiability|paper_align|Qwen3-0.6B] step=293 epoch=1.4234

                                                 

 47%|████▋     | 293/618 [11:37<13:00,  2.40s/it]2026-09-22 08:42:23,072 INFO [rev_util_verifiability|paper_align|Qwen3-0.6B] step=293 epoch=1.4234

                                                 

 47%|████▋     | 293/618 [11:37<13:00,  2.40s/it]2026-09-22 08:42:23,647 INFO [rev_util_verifiability|paper_align|Qwen3-0.6B] step=293 epoch=1.4234

                                                 

 47%|████▋     | 293/618 [11:38<13:00,  2.40s/it]2026-09-22 08:42:24,229 INFO [rev_util_verifiability|paper_align|Qwen3-0.6B] step=293 epoch=1.4234

                                                 

 47%|████▋     | 293/618 [11:38<13:00,  2.40s/it]
 48%|████▊     | 294/618 [11:39<12:59,  2.41s/it]2026-09-22 08:42:24,853 INFO [rev_util_verifiability|paper_align|Qwen3-0.6B] step=294 epoch=1.4282

                                                 

 48%|████▊     | 294/618 [11:39<12:59,  2.41s/it]2026-09-22 08:42:25,435 INFO [rev_util_verifiability|paper_align|Qwen3-0.6B] step=294 epoch=1.4282

                                                 

 48%|████▊     | 294/618 [11:40<12:59,  2.41s/it]2026-09-22 08:42:26,023 INFO [rev_util_verifiability|paper_align|Qwen3-0.6B] step=294 epoch=1.4282

                                                 

 48%|████▊     | 294/618 [11:40<12:59,  2.41s/it]2026-09-22 08:42:26,612 INFO [rev_util_verifiability|paper_align|Qwen3-0.6B] step=294 epoch=1.4282

                                                 

 48%|████▊     | 294/618 [11:41<12:59,  2.41s/it]
 48%|████▊     | 295/618 [11:41<12:55,  2.40s/it]2026-09-22 08:42:27,229 INFO [rev_util_verifiability|paper_align|Qwen3-0.6B] step=295 epoch=1.4331

                                                 

 48%|████▊     | 295/618 [11:41<12:55,  2.40s/it]2026-09-22 08:42:27,801 INFO [rev_util_verifiability|paper_align|Qwen3-0.6B] step=295 epoch=1.4331

                                                 

 48%|████▊     | 295/618 [11:42<12:55,  2.40s/it]2026-09-22 08:42:28,669 INFO [rev_util_verifiability|paper_align|Qwen3-0.6B] step=295 epoch=1.4331

                                                 

 48%|████▊     | 295/618 [11:43<12:55,  2.40s/it]2026-09-22 08:42:29,254 INFO [rev_util_verifiability|paper_align|Qwen3-0.6B] step=295 epoch=1.4331

                                                 

 48%|████▊     | 295/618 [11:43<12:55,  2.40s/it]
 48%|████▊     | 296/618 [11:44<13:16,  2.47s/it]2026-09-22 08:42:29,880 INFO [rev_util_verifiability|paper_align|Qwen3-0.6B] step=296 epoch=1.4380

                                                 

 48%|████▊     | 296/618 [11:44<13:16,  2.47s/it]2026-09-22 08:42:30,461 INFO [rev_util_verifiability|paper_align|Qwen3-0.6B] step=296 epoch=1.4380

                                                 

 48%|████▊     | 296/618 [11:45<13:16,  2.47s/it]2026-09-22 08:42:31,045 INFO [rev_util_verifiability|paper_align|Qwen3-0.6B] step=296 epoch=1.4380

                                                 

 48%|████▊     | 296/618 [11:45<13:16,  2.47s/it]2026-09-22 08:42:31,629 INFO [rev_util_verifiability|paper_align|Qwen3-0.6B] step=296 epoch=1.4380

                                                 

 48%|████▊     | 296/618 [11:46<13:16,  2.47s/it]
 48%|████▊     | 297/618 [11:46<13:04,  2.44s/it]2026-09-22 08:42:32,252 INFO [rev_util_verifiability|paper_align|Qwen3-0.6B] step=297 epoch=1.4428

                                                 

 48%|████▊     | 297/618 [11:46<13:04,  2.44s/it]2026-09-22 08:42:32,811 INFO [rev_util_verifiability|paper_align|Qwen3-0.6B] step=297 epoch=1.4428

                                                 

 48%|████▊     | 297/618 [11:47<13:04,  2.44s/it]2026-09-22 08:42:33,366 INFO [rev_util_verifiability|paper_align|Qwen3-0.6B] step=297 epoch=1.4428

                                                 

 48%|████▊     | 297/618 [11:48<13:04,  2.44s/it]2026-09-22 08:42:33,918 INFO [rev_util_verifiability|paper_align|Qwen3-0.6B] step=297 epoch=1.4428

                                                 

 48%|████▊     | 297/618 [11:48<13:04,  2.44s/it]
 48%|████▊     | 298/618 [11:49<12:46,  2.39s/it]2026-09-22 08:42:34,525 INFO [rev_util_verifiability|paper_align|Qwen3-0.6B] step=298 epoch=1.4477

                                                 

 48%|████▊     | 298/618 [11:49<12:46,  2.39s/it]2026-09-22 08:42:35,088 INFO [rev_util_verifiability|paper_align|Qwen3-0.6B] step=298 epoch=1.4477

                                                 

 48%|████▊     | 298/618 [11:49<12:46,  2.39s/it]2026-09-22 08:42:35,641 INFO [rev_util_verifiability|paper_align|Qwen3-0.6B] step=298 epoch=1.4477

                                                 

 48%|████▊     | 298/618 [11:50<12:46,  2.39s/it]2026-09-22 08:42:36,193 INFO [rev_util_verifiability|paper_align|Qwen3-0.6B] step=298 epoch=1.4477

                                                 

 48%|████▊     | 298/618 [11:50<12:46,  2.39s/it]
 48%|████▊     | 299/618 [11:51<12:35,  2.37s/it]2026-09-22 08:42:36,831 INFO [rev_util_verifiability|paper_align|Qwen3-0.6B] step=299 epoch=1.4526

                                                 

 48%|████▊     | 299/618 [11:51<12:35,  2.37s/it]2026-09-22 08:42:37,386 INFO [rev_util_verifiability|paper_align|Qwen3-0.6B] step=299 epoch=1.4526

                                                 

 48%|████▊     | 299/618 [11:52<12:35,  2.37s/it]2026-09-22 08:42:37,937 INFO [rev_util_verifiability|paper_align|Qwen3-0.6B] step=299 epoch=1.4526

                                                 

 48%|████▊     | 299/618 [11:52<12:35,  2.37s/it]2026-09-22 08:42:38,491 INFO [rev_util_verifiability|paper_align|Qwen3-0.6B] step=299 epoch=1.4526

                                                 

 48%|████▊     | 299/618 [11:53<12:35,  2.37s/it]
 49%|████▊     | 300/618 [11:53<12:22,  2.33s/it]2026-09-22 08:42:38,879 INFO [rev_util_verifiability|paper_align|Qwen3-0.6B] step=300 loss=0.4251 learning_rate=0.0001 epoch=1.4574

                                                 

 49%|████▊     | 300/618 [11:53<12:22,  2.33s/it]2026-09-22 08:42:39,094 INFO [rev_util_verifiability|paper_align|Qwen3-0.6B] step=300 epoch=1.4574

                                                 

 49%|████▊     | 300/618 [11:53<12:22,  2.33s/it]2026-09-22 08:42:39,931 INFO [rev_util_verifiability|paper_align|Qwen3-0.6B] step=300 epoch=1.4574

                                                 

 49%|████▊     | 300/618 [11:54<12:22,  2.33s/it]2026-09-22 08:42:40,492 INFO [rev_util_verifiability|paper_align|Qwen3-0.6B] step=300 epoch=1.4574

                                                 

 49%|████▊     | 300/618 [11:55<12:22,  2.33s/it]2026-09-22 08:42:41,049 INFO [rev_util_verifiability|paper_align|Qwen3-0.6B] step=300 epoch=1.4574

                                                 

 49%|████▊     | 300/618 [11:55<12:22,  2.33s/it]
 49%|████▊     | 301/618 [11:56<12:42,  2.40s/it]2026-09-22 08:42:41,659 INFO [rev_util_verifiability|paper_align|Qwen3-0.6B] step=301 epoch=1.4623

                                                 

 49%|████▊     | 301/618 [11:56<12:42,  2.40s/it]2026-09-22 08:42:42,193 INFO [rev_util_verifiability|paper_align|Qwen3-0.6B] step=301 epoch=1.4623

                                                 

 49%|████▊     | 301/618 [11:56<12:42,  2.40s/it]2026-09-22 08:42:42,746 INFO [rev_util_verifiability|paper_align|Qwen3-0.6B] step=301 epoch=1.4623

                                                 

 49%|████▊     | 301/618 [11:57<12:42,  2.40s/it]2026-09-22 08:42:43,306 INFO [rev_util_verifiability|paper_align|Qwen3-0.6B] step=301 epoch=1.4623

                                                 

 49%|████▊     | 301/618 [11:58<12:42,  2.40s/it]
 49%|████▉     | 302/618 [11:58<12:24,  2.36s/it]2026-09-22 08:42:43,911 INFO [rev_util_verifiability|paper_align|Qwen3-0.6B] step=302 epoch=1.4672

                                                 

 49%|████▉     | 302/618 [11:58<12:24,  2.36s/it]2026-09-22 08:42:44,468 INFO [rev_util_verifiability|paper_align|Qwen3-0.6B] step=302 epoch=1.4672

                                                 

 49%|████▉     | 302/618 [11:59<12:24,  2.36s/it]2026-09-22 08:42:45,020 INFO [rev_util_verifiability|paper_align|Qwen3-0.6B] step=302 epoch=1.4672

                                                 

 49%|████▉     | 302/618 [11:59<12:24,  2.36s/it]2026-09-22 08:42:45,588 INFO [rev_util_verifiability|paper_align|Qwen3-0.6B] step=302 epoch=1.4672

                                                 

 49%|████▉     | 302/618 [12:00<12:24,  2.36s/it]
 49%|████▉     | 303/618 [12:00<12:15,  2.33s/it]2026-09-22 08:42:46,186 INFO [rev_util_verifiability|paper_align|Qwen3-0.6B] step=303 epoch=1.4720

                                                 

 49%|████▉     | 303/618 [12:00<12:15,  2.33s/it]2026-09-22 08:42:46,752 INFO [rev_util_verifiability|paper_align|Qwen3-0.6B] step=303 epoch=1.4720

                                                 

 49%|████▉     | 303/618 [12:01<12:15,  2.33s/it]2026-09-22 08:42:47,314 INFO [rev_util_verifiability|paper_align|Qwen3-0.6B] step=303 epoch=1.4720

                                                 

 49%|████▉     | 303/618 [12:02<12:15,  2.33s/it]2026-09-22 08:42:47,960 INFO [rev_util_verifiability|paper_align|Qwen3-0.6B] step=303 epoch=1.4720

                                                 

 49%|████▉     | 303/618 [12:02<12:15,  2.33s/it]
 49%|████▉     | 304/618 [12:03<12:17,  2.35s/it]2026-09-22 08:42:48,568 INFO [rev_util_verifiability|paper_align|Qwen3-0.6B] step=304 epoch=1.4769

                                                 

 49%|████▉     | 304/618 [12:03<12:17,  2.35s/it]2026-09-22 08:42:49,144 INFO [rev_util_verifiability|paper_align|Qwen3-0.6B] step=304 epoch=1.4769

                                                 

 49%|████▉     | 304/618 [12:03<12:17,  2.35s/it]2026-09-22 08:42:49,720 INFO [rev_util_verifiability|paper_align|Qwen3-0.6B] step=304 epoch=1.4769

                                                 

 49%|████▉     | 304/618 [12:04<12:17,  2.35s/it]2026-09-22 08:42:50,296 INFO [rev_util_verifiability|paper_align|Qwen3-0.6B] step=304 epoch=1.4769

                                                 

 49%|████▉     | 304/618 [12:05<12:17,  2.35s/it]
 49%|████▉     | 305/618 [12:05<12:15,  2.35s/it]2026-09-22 08:42:50,921 INFO [rev_util_verifiability|paper_align|Qwen3-0.6B] step=305 epoch=1.4818

                                                 

 49%|████▉     | 305/618 [12:05<12:15,  2.35s/it]2026-09-22 08:42:51,556 INFO [rev_util_verifiability|paper_align|Qwen3-0.6B] step=305 epoch=1.4818

                                                 

 49%|████▉     | 305/618 [12:06<12:15,  2.35s/it]2026-09-22 08:42:52,379 INFO [rev_util_verifiability|paper_align|Qwen3-0.6B] step=305 epoch=1.4818

                                                 

 49%|████▉     | 305/618 [12:07<12:15,  2.35s/it]2026-09-22 08:42:52,937 INFO [rev_util_verifiability|paper_align|Qwen3-0.6B] step=305 epoch=1.4818

                                                 

 49%|████▉     | 305/618 [12:07<12:15,  2.35s/it]
 50%|████▉     | 306/618 [12:08<12:38,  2.43s/it]2026-09-22 08:42:53,540 INFO [rev_util_verifiability|paper_align|Qwen3-0.6B] step=306 epoch=1.4866

                                                 

 50%|████▉     | 306/618 [12:08<12:38,  2.43s/it]2026-09-22 08:42:54,102 INFO [rev_util_verifiability|paper_align|Qwen3-0.6B] step=306 epoch=1.4866

                                                 

 50%|████▉     | 306/618 [12:08<12:38,  2.43s/it]2026-09-22 08:42:54,675 INFO [rev_util_verifiability|paper_align|Qwen3-0.6B] step=306 epoch=1.4866

                                                 

 50%|████▉     | 306/618 [12:09<12:38,  2.43s/it]2026-09-22 08:42:55,234 INFO [rev_util_verifiability|paper_align|Qwen3-0.6B] step=306 epoch=1.4866

                                                 

 50%|████▉     | 306/618 [12:09<12:38,  2.43s/it]
 50%|████▉     | 307/618 [12:10<12:23,  2.39s/it]2026-09-22 08:42:55,834 INFO [rev_util_verifiability|paper_align|Qwen3-0.6B] step=307 epoch=1.4915

                                                 

 50%|████▉     | 307/618 [12:10<12:23,  2.39s/it]2026-09-22 08:42:56,406 INFO [rev_util_verifiability|paper_align|Qwen3-0.6B] step=307 epoch=1.4915

                                                 

 50%|████▉     | 307/618 [12:11<12:23,  2.39s/it]2026-09-22 08:42:56,980 INFO [rev_util_verifiability|paper_align|Qwen3-0.6B] step=307 epoch=1.4915

                                                 

 50%|████▉     | 307/618 [12:11<12:23,  2.39s/it]2026-09-22 08:42:57,547 INFO [rev_util_verifiability|paper_align|Qwen3-0.6B] step=307 epoch=1.4915

                                                 

 50%|████▉     | 307/618 [12:12<12:23,  2.39s/it]
 50%|████▉     | 308/618 [12:12<12:14,  2.37s/it]2026-09-22 08:42:58,147 INFO [rev_util_verifiability|paper_align|Qwen3-0.6B] step=308 epoch=1.4964

                                                 

 50%|████▉     | 308/618 [12:12<12:14,  2.37s/it]2026-09-22 08:42:58,702 INFO [rev_util_verifiability|paper_align|Qwen3-0.6B] step=308 epoch=1.4964

                                                 

 50%|████▉     | 308/618 [12:13<12:14,  2.37s/it]2026-09-22 08:42:59,267 INFO [rev_util_verifiability|paper_align|Qwen3-0.6B] step=308 epoch=1.4964

                                                 

 50%|████▉     | 308/618 [12:13<12:14,  2.37s/it]2026-09-22 08:42:59,834 INFO [rev_util_verifiability|paper_align|Qwen3-0.6B] step=308 epoch=1.4964

                                                 

 50%|████▉     | 308/618 [12:14<12:14,  2.37s/it]
 50%|█████     | 309/618 [12:14<12:04,  2.34s/it]2026-09-22 08:43:00,445 INFO [rev_util_verifiability|paper_align|Qwen3-0.6B] step=309 epoch=1.5012

                                                 

 50%|█████     | 309/618 [12:15<12:04,  2.34s/it]2026-09-22 08:43:01,041 INFO [rev_util_verifiability|paper_align|Qwen3-0.6B] step=309 epoch=1.5012

                                                 

 50%|█████     | 309/618 [12:15<12:04,  2.34s/it]2026-09-22 08:43:01,619 INFO [rev_util_verifiability|paper_align|Qwen3-0.6B] step=309 epoch=1.5012

                                                 

 50%|█████     | 309/618 [12:16<12:04,  2.34s/it]2026-09-22 08:43:02,175 INFO [rev_util_verifiability|paper_align|Qwen3-0.6B] step=309 epoch=1.5012

                                                 

 50%|█████     | 309/618 [12:16<12:04,  2.34s/it]
 50%|█████     | 310/618 [12:17<12:02,  2.34s/it]2026-09-22 08:43:02,577 INFO [rev_util_verifiability|paper_align|Qwen3-0.6B] step=310 loss=0.4421 learning_rate=0.0001 epoch=1.5061

                                                 

 50%|█████     | 310/618 [12:17<12:02,  2.34s/it]2026-09-22 08:43:02,788 INFO [rev_util_verifiability|paper_align|Qwen3-0.6B] step=310 epoch=1.5061

                                                 

 50%|█████     | 310/618 [12:17<12:02,  2.34s/it]2026-09-22 08:43:03,350 INFO [rev_util_verifiability|paper_align|Qwen3-0.6B] step=310 epoch=1.5061

                                                 

 50%|█████     | 310/618 [12:18<12:02,  2.34s/it]2026-09-22 08:43:04,241 INFO [rev_util_verifiability|paper_align|Qwen3-0.6B] step=310 epoch=1.5061

                                                 

 50%|█████     | 310/618 [12:18<12:02,  2.34s/it]2026-09-22 08:43:04,806 INFO [rev_util_verifiability|paper_align|Qwen3-0.6B] step=310 epoch=1.5061

                                                 

 50%|█████     | 310/618 [12:19<12:02,  2.34s/it]
 50%|█████     | 311/618 [12:19<12:26,  2.43s/it]2026-09-22 08:43:05,427 INFO [rev_util_verifiability|paper_align|Qwen3-0.6B] step=311 epoch=1.5109

                                                 

 50%|█████     | 311/618 [12:20<12:26,  2.43s/it]2026-09-22 08:43:05,996 INFO [rev_util_verifiability|paper_align|Qwen3-0.6B] step=311 epoch=1.5109

                                                 

 50%|█████     | 311/618 [12:20<12:26,  2.43s/it]2026-09-22 08:43:06,577 INFO [rev_util_verifiability|paper_align|Qwen3-0.6B] step=311 epoch=1.5109

                                                 

 50%|█████     | 311/618 [12:21<12:26,  2.43s/it]2026-09-22 08:43:07,151 INFO [rev_util_verifiability|paper_align|Qwen3-0.6B] step=311 epoch=1.5109

                                                 

 50%|█████     | 311/618 [12:21<12:26,  2.43s/it]
 50%|█████     | 312/618 [12:22<12:15,  2.40s/it]2026-09-22 08:43:07,765 INFO [rev_util_verifiability|paper_align|Qwen3-0.6B] step=312 epoch=1.5158

                                                 
{'paper_align_label_loss': '0.0006362', 'paper_align_reason_loss': '0.08985', 'epoch': '1.409'}
{'paper_align_label_loss': '0.1625', 'paper_align_reason_loss': '0.115', 'epoch': '1.409'}
{'paper_align_label_loss': '0.05667', 'paper_align_reason_loss': '0.1656', 'epoch': '1.414'}
{'paper_align_label_loss': '0.1291', 'paper_align_reason_loss': '0.1664', 'epoch': '1.414'}
{'paper_align_label_loss': '0.1637', 'paper_align_reason_loss': '0.09066', 'epoch': '1.414'}
{'paper_align_label_loss': '0.02054', 'paper_align_reason_loss': '0.1136', 'epoch': '1.414'}
{'paper_align_label_loss': '0.05054', 'paper_align_reason_loss': '0.15', 'epoch': '1.418'}
{'paper_align_label_loss': '0.02612', 'paper_align_reason_loss': '0.181', 'epoch': '1.418'}
{'paper_align_label_loss': '0.02477', 'paper_align_reason_loss': '0.1171', 'epoch': '1.418'}
{'paper_align_label_loss': '0.3025', 'paper_align_reason_loss': '0.2482', 'epoch': '1.418'}
{'paper_align_label_loss': '0.07392', 'paper_align_reason_loss': '0.1219', 'epoch': '1.423'}
{'paper_align_label_loss': '0.03129', 'paper_align_reason_loss': '0.148', 'epoch': '1.423'}
{'paper_align_label_loss': '0.03747', 'paper_align_reason_loss': '0.06148', 'epoch': '1.423'}
{'paper_align_label_loss': '0.0001786', 'paper_align_reason_loss': '0.08844', 'epoch': '1.423'}
{'paper_align_label_loss': '0.03892', 'paper_align_reason_loss': '0.1841', 'epoch': '1.428'}
{'paper_align_label_loss': '0.06449', 'paper_align_reason_loss': '0.1714', 'epoch': '1.428'}
{'paper_align_label_loss': '0.04812', 'paper_align_reason_loss': '0.1389', 'epoch': '1.428'}
{'paper_align_label_loss': '0.00725', 'paper_align_reason_loss': '0.05194', 'epoch': '1.428'}
{'paper_align_label_loss': '0.1757', 'paper_align_reason_loss': '0.09357', 'epoch': '1.433'}
{'paper_align_label_loss': '0.0207', 'paper_align_reason_loss': '0.07001', 'epoch': '1.433'}
{'paper_align_label_loss': '0.05469', 'paper_align_reason_loss': '0.1967', 'epoch': '1.433'}
{'paper_align_label_loss': '0.1207', 'paper_align_reason_loss': '0.1264', 'epoch': '1.433'}
{'paper_align_label_loss': '0.07367', 'paper_align_reason_loss': '0.2172', 'epoch': '1.438'}
{'paper_align_label_loss': '0.1583', 'paper_align_reason_loss': '0.1838', 'epoch': '1.438'}
{'paper_align_label_loss': '0.02069', 'paper_align_reason_loss': '0.1372', 'epoch': '1.438'}
{'paper_align_label_loss': '0.2344', 'paper_align_reason_loss': '0.1464', 'epoch': '1.438'}
{'paper_align_label_loss': '0.02525', 'paper_align_reason_loss': '0.1781', 'epoch': '1.443'}
{'paper_align_label_loss': '0.06409', 'paper_align_reason_loss': '0.08424', 'epoch': '1.443'}
{'paper_align_label_loss': '6.392e-05', 'paper_align_reason_loss': '0.1058', 'epoch': '1.443'}
{'paper_align_label_loss': '0.0001116', 'paper_align_reason_loss': '0.04062', 'epoch': '1.443'}
{'paper_align_label_loss': '0.09333', 'paper_align_reason_loss': '0.1657', 'epoch': '1.448'}
{'paper_align_label_loss': '0.0006544', 'paper_align_reason_loss': '0.05841', 'epoch': '1.448'}
{'paper_align_label_loss': '0.3278', 'paper_align_reason_loss': '0.137', 'epoch': '1.448'}
{'paper_align_label_loss': '0.2009', 'paper_align_reason_loss': '0.1688', 'epoch': '1.448'}
{'paper_align_label_loss': '8.981e-05', 'paper_align_reason_loss': '0.1168', 'epoch': '1.453'}
{'paper_align_label_loss': '0.002591', 'paper_align_reason_loss': '0.1009', 'epoch': '1.453'}
{'paper_align_label_loss': '0.08059', 'paper_align_reason_loss': '0.2293', 'epoch': '1.453'}
{'paper_align_label_loss': '0.05263', 'paper_align_reason_loss': '0.1712', 'epoch': '1.453'}
{'loss': '0.4251', 'grad_norm': '4.862', 'learning_rate': '5.51e-05', 'epoch': '1.457'}
{'paper_align_label_loss': '0.0287', 'paper_align_reason_loss': '0.1108', 'epoch': '1.457'}
{'paper_align_label_loss': '0.02921', 'paper_align_reason_loss': '0.101', 'epoch': '1.457'}
{'paper_align_label_loss': '0.04071', 'paper_align_reason_loss': '0.1001', 'epoch': '1.457'}
{'paper_align_label_loss': '0.09795', 'paper_align_reason_loss': '0.1394', 'epoch': '1.457'}
{'paper_align_label_loss': '0.2922', 'paper_align_reason_loss': '0.147', 'epoch': '1.462'}
{'paper_align_label_loss': '0.009402', 'paper_align_reason_loss': '0.1464', 'epoch': '1.462'}
{'paper_align_label_loss': '0.02193', 'paper_align_reason_loss': '0.1188', 'epoch': '1.462'}
{'paper_align_label_loss': '0.07923', 'paper_align_reason_loss': '0.2494', 'epoch': '1.462'}
{'paper_align_label_loss': '0.09017', 'paper_align_reason_loss': '0.1579', 'epoch': '1.467'}
{'paper_align_label_loss': '0.1895', 'paper_align_reason_loss': '0.1607', 'epoch': '1.467'}
{'paper_align_label_loss': '0.03657', 'paper_align_reason_loss': '0.1077', 'epoch': '1.467'}
{'paper_align_label_loss': '0.06043', 'paper_align_reason_loss': '0.1499', 'epoch': '1.467'}
{'paper_align_label_loss': '0.09218', 'paper_align_reason_loss': '0.1233', 'epoch': '1.472'}
{'paper_align_label_loss': '0.07114', 'paper_align_reason_loss': '0.1598', 'epoch': '1.472'}
{'paper_align_label_loss': '0.04079', 'paper_align_reason_loss': '0.1095', 'epoch': '1.472'}
{'paper_align_label_loss': '0.04312', 'paper_align_reason_loss': '0.1895', 'epoch': '1.472'}
{'paper_align_label_loss': '0.0274', 'paper_align_reason_loss': '0.1247', 'epoch': '1.477'}
{'paper_align_label_loss': '0.05845', 'paper_align_reason_loss': '0.2139', 'epoch': '1.477'}
{'paper_align_label_loss': '0.0238', 'paper_align_reason_loss': '0.1045', 'epoch': '1.477'}
{'paper_align_label_loss': '0.06885', 'paper_align_reason_loss': '0.1061', 'epoch': '1.477'}
{'paper_align_label_loss': '0.1926', 'paper_align_reason_loss': '0.1351', 'epoch': '1.482'}
{'paper_align_label_loss': '0.0664', 'paper_align_reason_loss': '0.126', 'epoch': '1.482'}
{'paper_align_label_loss': '0.0285', 'paper_align_reason_loss': '0.1574', 'epoch': '1.482'}
{'paper_align_label_loss': '0.03193', 'paper_align_reason_loss': '0.1056', 'epoch': '1.482'}
{'paper_align_label_loss': '0.088', 'paper_align_reason_loss': '0.1568', 'epoch': '1.487'}
{'paper_align_label_loss': '0.08092', 'paper_align_reason_loss': '0.09202', 'epoch': '1.487'}
{'paper_align_label_loss': '0.1852', 'paper_align_reason_loss': '0.2483', 'epoch': '1.487'}
{'paper_align_label_loss': '0.1503', 'paper_align_reason_loss': '0.1135', 'epoch': '1.487'}
{'paper_align_label_loss': '0.05866', 'paper_align_reason_loss': '0.1787', 'epoch': '1.491'}
{'paper_align_label_loss': '0.08063', 'paper_align_reason_loss': '0.1508', 'epoch': '1.491'}
{'paper_align_label_loss': '0.07258', 'paper_align_reason_loss': '0.1501', 'epoch': '1.491'}
{'paper_align_label_loss': '0.02741', 'paper_align_reason_loss': '0.2133', 'epoch': '1.491'}
{'paper_align_label_loss': '0.1841', 'paper_align_reason_loss': '0.1177', 'epoch': '1.496'}
{'paper_align_label_loss': '0.04576', 'paper_align_reason_loss': '0.1636', 'epoch': '1.496'}
{'paper_align_label_loss': '0.02131', 'paper_align_reason_loss': '0.2147', 'epoch': '1.496'}
{'paper_align_label_loss': '0.03403', 'paper_align_reason_loss': '0.1868', 'epoch': '1.496'}
{'paper_align_label_loss': '0.0342', 'paper_align_reason_loss': '0.2048', 'epoch': '1.501'}
{'paper_align_label_loss': '0.04659', 'paper_align_reason_loss': '0.13', 'epoch': '1.501'}
{'paper_align_label_loss': '0.08014', 'paper_align_reason_loss': '0.1487', 'epoch': '1.501'}
{'paper_align_label_loss': '0.0006162', 'paper_align_reason_loss': '0.1167', 'epoch': '1.501'}
{'loss': '0.4421', 'grad_norm': '3.892', 'learning_rate': '5.249e-05', 'epoch': '1.506'}
{'paper_align_label_loss': '0.02988', 'paper_align_reason_loss': '0.1201', 'epoch': '1.506'}
{'paper_align_label_loss': '0.1666', 'paper_align_reason_loss': '0.1711', 'epoch': '1.506'}
{'paper_align_label_loss': '0.03481', 'paper_align_reason_loss': '0.1063', 'epoch': '1.506'}
{'paper_align_label_loss': '0.06798', 'paper_align_reason_loss': '0.1054', 'epoch': '1.506'}
{'paper_align_label_loss': '0.03759', 'paper_align_reason_loss': '0.1539', 'epoch': '1.511'}
{'paper_align_label_loss': '0.009229', 'paper_align_reason_loss': '0.2194', 'epoch': '1.511'}
{'paper_align_label_loss': '0.2136', 'paper_align_reason_loss': '0.1402', 'epoch': '1.511'}
{'paper_align_label_loss': '0.02323', 'paper_align_reason_loss': '0.1505', 'epoch': '1.511'}

 50%|█████     | 312/618 [12:22<12:15,  2.40s/it]2026-09-22 08:43:08,344 INFO [rev_util_verifiability|paper_align|Qwen3-0.6B] step=312 epoch=1.5158

                                                 

 50%|█████     | 312/618 [12:23<12:15,  2.40s/it]2026-09-22 08:43:08,929 INFO [rev_util_verifiability|paper_align|Qwen3-0.6B] step=312 epoch=1.5158

                                                 

 50%|█████     | 312/618 [12:23<12:15,  2.40s/it]2026-09-22 08:43:09,505 INFO [rev_util_verifiability|paper_align|Qwen3-0.6B] step=312 epoch=1.5158

                                                 

 50%|█████     | 312/618 [12:24<12:15,  2.40s/it]
 51%|█████     | 313/618 [12:24<12:08,  2.39s/it]2026-09-22 08:43:10,117 INFO [rev_util_verifiability|paper_align|Qwen3-0.6B] step=313 epoch=1.5207

                                                 

 51%|█████     | 313/618 [12:24<12:08,  2.39s/it]2026-09-22 08:43:10,691 INFO [rev_util_verifiability|paper_align|Qwen3-0.6B] step=313 epoch=1.5207

                                                 

 51%|█████     | 313/618 [12:25<12:08,  2.39s/it]2026-09-22 08:43:11,281 INFO [rev_util_verifiability|paper_align|Qwen3-0.6B] step=313 epoch=1.5207

                                                 

 51%|█████     | 313/618 [12:25<12:08,  2.39s/it]2026-09-22 08:43:11,776 INFO [rev_util_verifiability|paper_align|Qwen3-0.6B] step=313 epoch=1.5207

                                                 

 51%|█████     | 313/618 [12:26<12:08,  2.39s/it]
 51%|█████     | 314/618 [12:26<11:49,  2.33s/it]2026-09-22 08:43:12,285 INFO [rev_util_verifiability|paper_align|Qwen3-0.6B] step=314 epoch=1.5255

                                                 

 51%|█████     | 314/618 [12:26<11:49,  2.33s/it]2026-09-22 08:43:12,753 INFO [rev_util_verifiability|paper_align|Qwen3-0.6B] step=314 epoch=1.5255

                                                 

 51%|█████     | 314/618 [12:27<11:49,  2.33s/it]2026-09-22 08:43:13,303 INFO [rev_util_verifiability|paper_align|Qwen3-0.6B] step=314 epoch=1.5255

                                                 

 51%|█████     | 314/618 [12:28<11:49,  2.33s/it]2026-09-22 08:43:13,860 INFO [rev_util_verifiability|paper_align|Qwen3-0.6B] step=314 epoch=1.5255

                                                 

 51%|█████     | 314/618 [12:28<11:49,  2.33s/it]
 51%|█████     | 315/618 [12:28<11:29,  2.28s/it]2026-09-22 08:43:14,458 INFO [rev_util_verifiability|paper_align|Qwen3-0.6B] step=315 epoch=1.5304

                                                 

 51%|█████     | 315/618 [12:29<11:29,  2.28s/it]2026-09-22 08:43:15,018 INFO [rev_util_verifiability|paper_align|Qwen3-0.6B] step=315 epoch=1.5304

                                                 

 51%|█████     | 315/618 [12:29<11:29,  2.28s/it]2026-09-22 08:43:15,876 INFO [rev_util_verifiability|paper_align|Qwen3-0.6B] step=315 epoch=1.5304

                                                 

 51%|█████     | 315/618 [12:30<11:29,  2.28s/it]2026-09-22 08:43:16,410 INFO [rev_util_verifiability|paper_align|Qwen3-0.6B] step=315 epoch=1.5304

                                                 

 51%|█████     | 315/618 [12:31<11:29,  2.28s/it]
 51%|█████     | 316/618 [12:31<11:46,  2.34s/it]2026-09-22 08:43:16,916 INFO [rev_util_verifiability|paper_align|Qwen3-0.6B] step=316 epoch=1.5353

                                                 

 51%|█████     | 316/618 [12:31<11:46,  2.34s/it]2026-09-22 08:43:17,388 INFO [rev_util_verifiability|paper_align|Qwen3-0.6B] step=316 epoch=1.5353

                                                 

 51%|█████     | 316/618 [12:32<11:46,  2.34s/it]2026-09-22 08:43:17,862 INFO [rev_util_verifiability|paper_align|Qwen3-0.6B] step=316 epoch=1.5353

                                                 

 51%|█████     | 316/618 [12:32<11:46,  2.34s/it]2026-09-22 08:43:18,342 INFO [rev_util_verifiability|paper_align|Qwen3-0.6B] step=316 epoch=1.5353

                                                 

 51%|█████     | 316/618 [12:33<11:46,  2.34s/it]
 51%|█████▏    | 317/618 [12:33<11:07,  2.22s/it]2026-09-22 08:43:18,854 INFO [rev_util_verifiability|paper_align|Qwen3-0.6B] step=317 epoch=1.5401

                                                 

 51%|█████▏    | 317/618 [12:33<11:07,  2.22s/it]2026-09-22 08:43:19,319 INFO [rev_util_verifiability|paper_align|Qwen3-0.6B] step=317 epoch=1.5401

                                                 

 51%|█████▏    | 317/618 [12:34<11:07,  2.22s/it]2026-09-22 08:43:19,795 INFO [rev_util_verifiability|paper_align|Qwen3-0.6B] step=317 epoch=1.5401

                                                 

 51%|█████▏    | 317/618 [12:34<11:07,  2.22s/it]2026-09-22 08:43:20,266 INFO [rev_util_verifiability|paper_align|Qwen3-0.6B] step=317 epoch=1.5401

                                                 

 51%|█████▏    | 317/618 [12:34<11:07,  2.22s/it]
 51%|█████▏    | 318/618 [12:35<10:38,  2.13s/it]2026-09-22 08:43:20,776 INFO [rev_util_verifiability|paper_align|Qwen3-0.6B] step=318 epoch=1.5450

                                                 

 51%|█████▏    | 318/618 [12:35<10:38,  2.13s/it]2026-09-22 08:43:21,258 INFO [rev_util_verifiability|paper_align|Qwen3-0.6B] step=318 epoch=1.5450

                                                 

 51%|█████▏    | 318/618 [12:35<10:38,  2.13s/it]2026-09-22 08:43:21,742 INFO [rev_util_verifiability|paper_align|Qwen3-0.6B] step=318 epoch=1.5450

                                                 

 51%|█████▏    | 318/618 [12:36<10:38,  2.13s/it]2026-09-22 08:43:22,219 INFO [rev_util_verifiability|paper_align|Qwen3-0.6B] step=318 epoch=1.5450

                                                 

 51%|█████▏    | 318/618 [12:36<10:38,  2.13s/it]
 52%|█████▏    | 319/618 [12:37<10:20,  2.08s/it]2026-09-22 08:43:22,730 INFO [rev_util_verifiability|paper_align|Qwen3-0.6B] step=319 epoch=1.5499

                                                 

 52%|█████▏    | 319/618 [12:37<10:20,  2.08s/it]2026-09-22 08:43:23,211 INFO [rev_util_verifiability|paper_align|Qwen3-0.6B] step=319 epoch=1.5499

                                                 

 52%|█████▏    | 319/618 [12:37<10:20,  2.08s/it]2026-09-22 08:43:23,694 INFO [rev_util_verifiability|paper_align|Qwen3-0.6B] step=319 epoch=1.5499

                                                 

 52%|█████▏    | 319/618 [12:38<10:20,  2.08s/it]2026-09-22 08:43:24,173 INFO [rev_util_verifiability|paper_align|Qwen3-0.6B] step=319 epoch=1.5499

                                                 

 52%|█████▏    | 319/618 [12:38<10:20,  2.08s/it]
 52%|█████▏    | 320/618 [12:39<10:08,  2.04s/it]2026-09-22 08:43:24,510 INFO [rev_util_verifiability|paper_align|Qwen3-0.6B] step=320 loss=0.4489 learning_rate=0.0000 epoch=1.5547

                                                 

 52%|█████▏    | 320/618 [12:39<10:08,  2.04s/it]2026-09-22 08:43:24,690 INFO [rev_util_verifiability|paper_align|Qwen3-0.6B] step=320 epoch=1.5547

                                                 

 52%|█████▏    | 320/618 [12:39<10:08,  2.04s/it]2026-09-22 08:43:25,178 INFO [rev_util_verifiability|paper_align|Qwen3-0.6B] step=320 epoch=1.5547

                                                 

 52%|█████▏    | 320/618 [12:39<10:08,  2.04s/it]2026-09-22 08:43:25,845 INFO [rev_util_verifiability|paper_align|Qwen3-0.6B] step=320 epoch=1.5547

                                                 

 52%|█████▏    | 320/618 [12:40<10:08,  2.04s/it]2026-09-22 08:43:26,334 INFO [rev_util_verifiability|paper_align|Qwen3-0.6B] step=320 epoch=1.5547

                                                 

 52%|█████▏    | 320/618 [12:41<10:08,  2.04s/it]
 52%|█████▏    | 321/618 [12:41<10:17,  2.08s/it]2026-09-22 08:43:26,856 INFO [rev_util_verifiability|paper_align|Qwen3-0.6B] step=321 epoch=1.5596

                                                 

 52%|█████▏    | 321/618 [12:41<10:17,  2.08s/it]2026-09-22 08:43:27,343 INFO [rev_util_verifiability|paper_align|Qwen3-0.6B] step=321 epoch=1.5596

                                                 

 52%|█████▏    | 321/618 [12:42<10:17,  2.08s/it]2026-09-22 08:43:27,823 INFO [rev_util_verifiability|paper_align|Qwen3-0.6B] step=321 epoch=1.5596

                                                 

 52%|█████▏    | 321/618 [12:42<10:17,  2.08s/it]2026-09-22 08:43:28,299 INFO [rev_util_verifiability|paper_align|Qwen3-0.6B] step=321 epoch=1.5596

                                                 

 52%|█████▏    | 321/618 [12:43<10:17,  2.08s/it]
 52%|█████▏    | 322/618 [12:43<10:04,  2.04s/it]2026-09-22 08:43:28,805 INFO [rev_util_verifiability|paper_align|Qwen3-0.6B] step=322 epoch=1.5645

                                                 

 52%|█████▏    | 322/618 [12:43<10:04,  2.04s/it]2026-09-22 08:43:29,275 INFO [rev_util_verifiability|paper_align|Qwen3-0.6B] step=322 epoch=1.5645

                                                 

 52%|█████▏    | 322/618 [12:43<10:04,  2.04s/it]2026-09-22 08:43:29,752 INFO [rev_util_verifiability|paper_align|Qwen3-0.6B] step=322 epoch=1.5645

                                                 

 52%|█████▏    | 322/618 [12:44<10:04,  2.04s/it]2026-09-22 08:43:30,234 INFO [rev_util_verifiability|paper_align|Qwen3-0.6B] step=322 epoch=1.5645

                                                 

 52%|█████▏    | 322/618 [12:44<10:04,  2.04s/it]
 52%|█████▏    | 323/618 [12:45<09:53,  2.01s/it]2026-09-22 08:43:30,747 INFO [rev_util_verifiability|paper_align|Qwen3-0.6B] step=323 epoch=1.5693

                                                 

 52%|█████▏    | 323/618 [12:45<09:53,  2.01s/it]2026-09-22 08:43:31,221 INFO [rev_util_verifiability|paper_align|Qwen3-0.6B] step=323 epoch=1.5693

                                                 

 52%|█████▏    | 323/618 [12:45<09:53,  2.01s/it]2026-09-22 08:43:31,701 INFO [rev_util_verifiability|paper_align|Qwen3-0.6B] step=323 epoch=1.5693

                                                 

 52%|█████▏    | 323/618 [12:46<09:53,  2.01s/it]2026-09-22 08:43:32,169 INFO [rev_util_verifiability|paper_align|Qwen3-0.6B] step=323 epoch=1.5693

                                                 

 52%|█████▏    | 323/618 [12:46<09:53,  2.01s/it]
 52%|█████▏    | 324/618 [12:47<09:44,  1.99s/it]2026-09-22 08:43:32,676 INFO [rev_util_verifiability|paper_align|Qwen3-0.6B] step=324 epoch=1.5742

                                                 

 52%|█████▏    | 324/618 [12:47<09:44,  1.99s/it]2026-09-22 08:43:33,148 INFO [rev_util_verifiability|paper_align|Qwen3-0.6B] step=324 epoch=1.5742

                                                 

 52%|█████▏    | 324/618 [12:47<09:44,  1.99s/it]2026-09-22 08:43:33,625 INFO [rev_util_verifiability|paper_align|Qwen3-0.6B] step=324 epoch=1.5742

                                                 

 52%|█████▏    | 324/618 [12:48<09:44,  1.99s/it]2026-09-22 08:43:34,098 INFO [rev_util_verifiability|paper_align|Qwen3-0.6B] step=324 epoch=1.5742

                                                 

 52%|█████▏    | 324/618 [12:48<09:44,  1.99s/it]
 53%|█████▎    | 325/618 [12:49<09:36,  1.97s/it]2026-09-22 08:43:34,607 INFO [rev_util_verifiability|paper_align|Qwen3-0.6B] step=325 epoch=1.5791

                                                 

 53%|█████▎    | 325/618 [12:49<09:36,  1.97s/it]2026-09-22 08:43:35,079 INFO [rev_util_verifiability|paper_align|Qwen3-0.6B] step=325 epoch=1.5791

                                                 

 53%|█████▎    | 325/618 [12:49<09:36,  1.97s/it]2026-09-22 08:43:35,558 INFO [rev_util_verifiability|paper_align|Qwen3-0.6B] step=325 epoch=1.5791

                                                 

 53%|█████▎    | 325/618 [12:50<09:36,  1.97s/it]2026-09-22 08:43:36,108 INFO [rev_util_verifiability|paper_align|Qwen3-0.6B] step=325 epoch=1.5791

                                                 

 53%|█████▎    | 325/618 [12:50<09:36,  1.97s/it]
 53%|█████▎    | 326/618 [12:51<10:06,  2.08s/it]2026-09-22 08:43:36,964 INFO [rev_util_verifiability|paper_align|Qwen3-0.6B] step=326 epoch=1.5839

                                                 

 53%|█████▎    | 326/618 [12:51<10:06,  2.08s/it]2026-09-22 08:43:37,532 INFO [rev_util_verifiability|paper_align|Qwen3-0.6B] step=326 epoch=1.5839

                                                 

 53%|█████▎    | 326/618 [12:52<10:06,  2.08s/it]2026-09-22 08:43:38,093 INFO [rev_util_verifiability|paper_align|Qwen3-0.6B] step=326 epoch=1.5839

                                                 

 53%|█████▎    | 326/618 [12:52<10:06,  2.08s/it]2026-09-22 08:43:38,662 INFO [rev_util_verifiability|paper_align|Qwen3-0.6B] step=326 epoch=1.5839

                                                 

 53%|█████▎    | 326/618 [12:53<10:06,  2.08s/it]
 53%|█████▎    | 327/618 [12:53<10:23,  2.14s/it]2026-09-22 08:43:39,264 INFO [rev_util_verifiability|paper_align|Qwen3-0.6B] step=327 epoch=1.5888

                                                 

 53%|█████▎    | 327/618 [12:53<10:23,  2.14s/it]2026-09-22 08:43:39,834 INFO [rev_util_verifiability|paper_align|Qwen3-0.6B] step=327 epoch=1.5888

                                                 

 53%|█████▎    | 327/618 [12:54<10:23,  2.14s/it]2026-09-22 08:43:40,409 INFO [rev_util_verifiability|paper_align|Qwen3-0.6B] step=327 epoch=1.5888

                                                 

 53%|█████▎    | 327/618 [12:55<10:23,  2.14s/it]2026-09-22 08:43:40,973 INFO [rev_util_verifiability|paper_align|Qwen3-0.6B] step=327 epoch=1.5888

                                                 

 53%|█████▎    | 327/618 [12:55<10:23,  2.14s/it]
 53%|█████▎    | 328/618 [12:56<10:36,  2.20s/it]2026-09-22 08:43:41,585 INFO [rev_util_verifiability|paper_align|Qwen3-0.6B] step=328 epoch=1.5937

                                                 

 53%|█████▎    | 328/618 [12:56<10:36,  2.20s/it]2026-09-22 08:43:42,171 INFO [rev_util_verifiability|paper_align|Qwen3-0.6B] step=328 epoch=1.5937

                                                 

 53%|█████▎    | 328/618 [12:56<10:36,  2.20s/it]2026-09-22 08:43:42,756 INFO [rev_util_verifiability|paper_align|Qwen3-0.6B] step=328 epoch=1.5937

                                                 

 53%|█████▎    | 328/618 [12:57<10:36,  2.20s/it]2026-09-22 08:43:43,342 INFO [rev_util_verifiability|paper_align|Qwen3-0.6B] step=328 epoch=1.5937

                                                 

 53%|█████▎    | 328/618 [12:58<10:36,  2.20s/it]
 53%|█████▎    | 329/618 [12:58<10:51,  2.25s/it]2026-09-22 08:43:44,032 INFO [rev_util_verifiability|paper_align|Qwen3-0.6B] step=329 epoch=1.5985

                                                 

 53%|█████▎    | 329/618 [12:58<10:51,  2.25s/it]2026-09-22 08:43:44,616 INFO [rev_util_verifiability|paper_align|Qwen3-0.6B] step=329 epoch=1.5985

                                                 

 53%|█████▎    | 329/618 [12:59<10:51,  2.25s/it]2026-09-22 08:43:45,206 INFO [rev_util_verifiability|paper_align|Qwen3-0.6B] step=329 epoch=1.5985

                                                 

 53%|█████▎    | 329/618 [12:59<10:51,  2.25s/it]2026-09-22 08:43:45,803 INFO [rev_util_verifiability|paper_align|Qwen3-0.6B] step=329 epoch=1.5985

                                                 

 53%|█████▎    | 329/618 [13:00<10:51,  2.25s/it]
 53%|█████▎    | 330/618 [13:00<11:06,  2.31s/it]2026-09-22 08:43:46,218 INFO [rev_util_verifiability|paper_align|Qwen3-0.6B] step=330 loss=0.3892 learning_rate=0.0000 epoch=1.6034

                                                 

 53%|█████▎    | 330/618 [13:00<11:06,  2.31s/it]2026-09-22 08:43:46,443 INFO [rev_util_verifiability|paper_align|Qwen3-0.6B] step=330 epoch=1.6034

                                                 

 53%|█████▎    | 330/618 [13:01<11:06,  2.31s/it]2026-09-22 08:43:47,034 INFO [rev_util_verifiability|paper_align|Qwen3-0.6B] step=330 epoch=1.6034

                                                 

 53%|█████▎    | 330/618 [13:01<11:06,  2.31s/it]2026-09-22 08:43:47,605 INFO [rev_util_verifiability|paper_align|Qwen3-0.6B] step=330 epoch=1.6034

                                                 

 53%|█████▎    | 330/618 [13:02<11:06,  2.31s/it]2026-09-22 08:43:48,184 INFO [rev_util_verifiability|paper_align|Qwen3-0.6B] step=330 epoch=1.6034

                                                 

 53%|█████▎    | 330/618 [13:02<11:06,  2.31s/it]
 54%|█████▎    | 331/618 [13:03<11:08,  2.33s/it]2026-09-22 08:43:48,806 INFO [rev_util_verifiability|paper_align|Qwen3-0.6B] step=331 epoch=1.6083

                                                 

 54%|█████▎    | 331/618 [13:03<11:08,  2.33s/it]2026-09-22 08:43:49,663 INFO [rev_util_verifiability|paper_align|Qwen3-0.6B] step=331 epoch=1.6083

                                                 

 54%|█████▎    | 331/618 [13:04<11:08,  2.33s/it]2026-09-22 08:43:50,239 INFO [rev_util_verifiability|paper_align|Qwen3-0.6B] step=331 epoch=1.6083

                                                 

 54%|█████▎    | 331/618 [13:04<11:08,  2.33s/it]2026-09-22 08:43:50,819 INFO [rev_util_verifiability|paper_align|Qwen3-0.6B] step=331 epoch=1.6083

                                                 

 54%|█████▎    | 331/618 [13:05<11:08,  2.33s/it]
 54%|█████▎    | 332/618 [13:05<11:32,  2.42s/it]2026-09-22 08:43:51,433 INFO [rev_util_verifiability|paper_align|Qwen3-0.6B] step=332 epoch=1.6131

                                                 

 54%|█████▎    | 332/618 [13:06<11:32,  2.42s/it]2026-09-22 08:43:52,004 INFO [rev_util_verifiability|paper_align|Qwen3-0.6B] step=332 epoch=1.6131

                                                 

 54%|█████▎    | 332/618 [13:06<11:32,  2.42s/it]2026-09-22 08:43:52,579 INFO [rev_util_verifiability|paper_align|Qwen3-0.6B] step=332 epoch=1.6131

                                                 

 54%|█████▎    | 332/618 [13:07<11:32,  2.42s/it]2026-09-22 08:43:53,150 INFO [rev_util_verifiability|paper_align|Qwen3-0.6B] step=332 epoch=1.6131

                                                 

 54%|█████▎    | 332/618 [13:07<11:32,  2.42s/it]
 54%|█████▍    | 333/618 [13:08<11:22,  2.39s/it]2026-09-22 08:43:53,766 INFO [rev_util_verifiability|paper_align|Qwen3-0.6B] step=333 epoch=1.6180

                                                 

 54%|█████▍    | 333/618 [13:08<11:22,  2.39s/it]2026-09-22 08:43:54,339 INFO [rev_util_verifiability|paper_align|Qwen3-0.6B] step=333 epoch=1.6180

                                                 

 54%|█████▍    | 333/618 [13:09<11:22,  2.39s/it]2026-09-22 08:43:54,917 INFO [rev_util_verifiability|paper_align|Qwen3-0.6B] step=333 epoch=1.6180

                                                 
{'paper_align_label_loss': '0.06249', 'paper_align_reason_loss': '0.1539', 'epoch': '1.516'}
{'paper_align_label_loss': '0.1494', 'paper_align_reason_loss': '0.2337', 'epoch': '1.516'}
{'paper_align_label_loss': '0.2724', 'paper_align_reason_loss': '0.1801', 'epoch': '1.516'}
{'paper_align_label_loss': '0.1936', 'paper_align_reason_loss': '0.2747', 'epoch': '1.516'}
{'paper_align_label_loss': '0.049', 'paper_align_reason_loss': '0.1676', 'epoch': '1.521'}
{'paper_align_label_loss': '0.1609', 'paper_align_reason_loss': '0.157', 'epoch': '1.521'}
{'paper_align_label_loss': '0.04638', 'paper_align_reason_loss': '0.07348', 'epoch': '1.521'}
{'paper_align_label_loss': '0.09875', 'paper_align_reason_loss': '0.146', 'epoch': '1.521'}
{'paper_align_label_loss': '0.07053', 'paper_align_reason_loss': '0.1258', 'epoch': '1.526'}
{'paper_align_label_loss': '0.004012', 'paper_align_reason_loss': '0.1164', 'epoch': '1.526'}
{'paper_align_label_loss': '0.01346', 'paper_align_reason_loss': '0.1349', 'epoch': '1.526'}
{'paper_align_label_loss': '0.0009085', 'paper_align_reason_loss': '0.08039', 'epoch': '1.526'}
{'paper_align_label_loss': '0.1737', 'paper_align_reason_loss': '0.1029', 'epoch': '1.53'}
{'paper_align_label_loss': '0.09037', 'paper_align_reason_loss': '0.1463', 'epoch': '1.53'}
{'paper_align_label_loss': '0.06137', 'paper_align_reason_loss': '0.1474', 'epoch': '1.53'}
{'paper_align_label_loss': '0.09585', 'paper_align_reason_loss': '0.1372', 'epoch': '1.53'}
{'paper_align_label_loss': '0.001604', 'paper_align_reason_loss': '0.07087', 'epoch': '1.535'}
{'paper_align_label_loss': '0.09352', 'paper_align_reason_loss': '0.1321', 'epoch': '1.535'}
{'paper_align_label_loss': '0.06908', 'paper_align_reason_loss': '0.2073', 'epoch': '1.535'}
{'paper_align_label_loss': '0.03337', 'paper_align_reason_loss': '0.1402', 'epoch': '1.535'}
{'paper_align_label_loss': '0.08543', 'paper_align_reason_loss': '0.1701', 'epoch': '1.54'}
{'paper_align_label_loss': '0.004114', 'paper_align_reason_loss': '0.08501', 'epoch': '1.54'}
{'paper_align_label_loss': '0.06212', 'paper_align_reason_loss': '0.2445', 'epoch': '1.54'}
{'paper_align_label_loss': '0.2547', 'paper_align_reason_loss': '0.08814', 'epoch': '1.54'}
{'paper_align_label_loss': '0.02403', 'paper_align_reason_loss': '0.08671', 'epoch': '1.545'}
{'paper_align_label_loss': '0.06135', 'paper_align_reason_loss': '0.16', 'epoch': '1.545'}
{'paper_align_label_loss': '0.1335', 'paper_align_reason_loss': '0.1446', 'epoch': '1.545'}
{'paper_align_label_loss': '0.02672', 'paper_align_reason_loss': '0.1174', 'epoch': '1.545'}
{'paper_align_label_loss': '0.07449', 'paper_align_reason_loss': '0.1171', 'epoch': '1.55'}
{'paper_align_label_loss': '0.02941', 'paper_align_reason_loss': '0.1415', 'epoch': '1.55'}
{'paper_align_label_loss': '0.06805', 'paper_align_reason_loss': '0.154', 'epoch': '1.55'}
{'paper_align_label_loss': '0.1246', 'paper_align_reason_loss': '0.1009', 'epoch': '1.55'}
{'loss': '0.4489', 'grad_norm': '3.239', 'learning_rate': '4.987e-05', 'epoch': '1.555'}
{'paper_align_label_loss': '0.00211', 'paper_align_reason_loss': '0.0904', 'epoch': '1.555'}
{'paper_align_label_loss': '0.1006', 'paper_align_reason_loss': '0.2074', 'epoch': '1.555'}
{'paper_align_label_loss': '0.2215', 'paper_align_reason_loss': '0.1605', 'epoch': '1.555'}
{'paper_align_label_loss': '0.06353', 'paper_align_reason_loss': '0.1416', 'epoch': '1.555'}
{'paper_align_label_loss': '0.09676', 'paper_align_reason_loss': '0.1552', 'epoch': '1.56'}
{'paper_align_label_loss': '0.1016', 'paper_align_reason_loss': '0.1661', 'epoch': '1.56'}
{'paper_align_label_loss': '0.002612', 'paper_align_reason_loss': '0.04556', 'epoch': '1.56'}
{'paper_align_label_loss': '0.07088', 'paper_align_reason_loss': '0.143', 'epoch': '1.56'}
{'paper_align_label_loss': '0.02006', 'paper_align_reason_loss': '0.156', 'epoch': '1.564'}
{'paper_align_label_loss': '0.0139', 'paper_align_reason_loss': '0.08625', 'epoch': '1.564'}
{'paper_align_label_loss': '0.01779', 'paper_align_reason_loss': '0.09734', 'epoch': '1.564'}
{'paper_align_label_loss': '0.07559', 'paper_align_reason_loss': '0.1486', 'epoch': '1.564'}
{'paper_align_label_loss': '0.1214', 'paper_align_reason_loss': '0.1397', 'epoch': '1.569'}
{'paper_align_label_loss': '0.01082', 'paper_align_reason_loss': '0.1684', 'epoch': '1.569'}
{'paper_align_label_loss': '0.0551', 'paper_align_reason_loss': '0.171', 'epoch': '1.569'}
{'paper_align_label_loss': '4.853e-05', 'paper_align_reason_loss': '0.07221', 'epoch': '1.569'}
{'paper_align_label_loss': '0.03681', 'paper_align_reason_loss': '0.09407', 'epoch': '1.574'}
{'paper_align_label_loss': '0.05169', 'paper_align_reason_loss': '0.1601', 'epoch': '1.574'}
{'paper_align_label_loss': '0.09107', 'paper_align_reason_loss': '0.1197', 'epoch': '1.574'}
{'paper_align_label_loss': '0.001276', 'paper_align_reason_loss': '0.07738', 'epoch': '1.574'}
{'paper_align_label_loss': '0.1709', 'paper_align_reason_loss': '0.2788', 'epoch': '1.579'}
{'paper_align_label_loss': '0.08264', 'paper_align_reason_loss': '0.08867', 'epoch': '1.579'}
{'paper_align_label_loss': '0.06613', 'paper_align_reason_loss': '0.1447', 'epoch': '1.579'}
{'paper_align_label_loss': '0.01071', 'paper_align_reason_loss': '0.07086', 'epoch': '1.579'}
{'paper_align_label_loss': '0.01198', 'paper_align_reason_loss': '0.1142', 'epoch': '1.584'}
{'paper_align_label_loss': '0.05517', 'paper_align_reason_loss': '0.1832', 'epoch': '1.584'}
{'paper_align_label_loss': '0.003136', 'paper_align_reason_loss': '0.08134', 'epoch': '1.584'}
{'paper_align_label_loss': '0.1366', 'paper_align_reason_loss': '0.1085', 'epoch': '1.584'}
{'paper_align_label_loss': '0.1618', 'paper_align_reason_loss': '0.09692', 'epoch': '1.589'}
{'paper_align_label_loss': '0.1919', 'paper_align_reason_loss': '0.1728', 'epoch': '1.589'}
{'paper_align_label_loss': '0.09605', 'paper_align_reason_loss': '0.06962', 'epoch': '1.589'}
{'paper_align_label_loss': '0.0002987', 'paper_align_reason_loss': '0.04293', 'epoch': '1.589'}
{'paper_align_label_loss': '0.03282', 'paper_align_reason_loss': '0.08989', 'epoch': '1.594'}
{'paper_align_label_loss': '0.03727', 'paper_align_reason_loss': '0.1893', 'epoch': '1.594'}
{'paper_align_label_loss': '0.01826', 'paper_align_reason_loss': '0.1544', 'epoch': '1.594'}
{'paper_align_label_loss': '0.06456', 'paper_align_reason_loss': '0.1473', 'epoch': '1.594'}
{'paper_align_label_loss': '0.02646', 'paper_align_reason_loss': '0.1227', 'epoch': '1.599'}
{'paper_align_label_loss': '0.1515', 'paper_align_reason_loss': '0.08875', 'epoch': '1.599'}
{'paper_align_label_loss': '0.1368', 'paper_align_reason_loss': '0.134', 'epoch': '1.599'}
{'paper_align_label_loss': '0.0522', 'paper_align_reason_loss': '0.142', 'epoch': '1.599'}
{'loss': '0.3892', 'grad_norm': '4.577', 'learning_rate': '4.725e-05', 'epoch': '1.603'}
{'paper_align_label_loss': '0.1105', 'paper_align_reason_loss': '0.1743', 'epoch': '1.603'}
{'paper_align_label_loss': '0.0003675', 'paper_align_reason_loss': '0.04568', 'epoch': '1.603'}
{'paper_align_label_loss': '0.105', 'paper_align_reason_loss': '0.2038', 'epoch': '1.603'}
{'paper_align_label_loss': '0.1387', 'paper_align_reason_loss': '0.189', 'epoch': '1.603'}
{'paper_align_label_loss': '0.01718', 'paper_align_reason_loss': '0.137', 'epoch': '1.608'}
{'paper_align_label_loss': '0.1823', 'paper_align_reason_loss': '0.1557', 'epoch': '1.608'}
{'paper_align_label_loss': '0.05035', 'paper_align_reason_loss': '0.147', 'epoch': '1.608'}
{'paper_align_label_loss': '0.09815', 'paper_align_reason_loss': '0.1295', 'epoch': '1.608'}
{'paper_align_label_loss': '0.0614', 'paper_align_reason_loss': '0.1038', 'epoch': '1.613'}
{'paper_align_label_loss': '0.1296', 'paper_align_reason_loss': '0.1262', 'epoch': '1.613'}
{'paper_align_label_loss': '0.01847', 'paper_align_reason_loss': '0.1325', 'epoch': '1.613'}
{'paper_align_label_loss': '0.001199', 'paper_align_reason_loss': '0.07999', 'epoch': '1.613'}
{'paper_align_label_loss': '0.00115', 'paper_align_reason_loss': '0.09548', 'epoch': '1.618'}
{'paper_align_label_loss': '0.1739', 'paper_align_reason_loss': '0.2166', 'epoch': '1.618'}

 54%|█████▍    | 333/618 [13:09<11:22,  2.39s/it]2026-09-22 08:43:55,492 INFO [rev_util_verifiability|paper_align|Qwen3-0.6B] step=333 epoch=1.6180

                                                 

 54%|█████▍    | 333/618 [13:10<11:22,  2.39s/it]
 54%|█████▍    | 334/618 [13:10<11:15,  2.38s/it]2026-09-22 08:43:56,112 INFO [rev_util_verifiability|paper_align|Qwen3-0.6B] step=334 epoch=1.6229

                                                 

 54%|█████▍    | 334/618 [13:10<11:15,  2.38s/it]2026-09-22 08:43:56,690 INFO [rev_util_verifiability|paper_align|Qwen3-0.6B] step=334 epoch=1.6229

                                                 

 54%|█████▍    | 334/618 [13:11<11:15,  2.38s/it]2026-09-22 08:43:57,264 INFO [rev_util_verifiability|paper_align|Qwen3-0.6B] step=334 epoch=1.6229

                                                 

 54%|█████▍    | 334/618 [13:11<11:15,  2.38s/it]2026-09-22 08:43:57,846 INFO [rev_util_verifiability|paper_align|Qwen3-0.6B] step=334 epoch=1.6229

                                                 

 54%|█████▍    | 334/618 [13:12<11:15,  2.38s/it]
 54%|█████▍    | 335/618 [13:12<11:11,  2.37s/it]2026-09-22 08:43:58,473 INFO [rev_util_verifiability|paper_align|Qwen3-0.6B] step=335 epoch=1.6277

                                                 

 54%|█████▍    | 335/618 [13:13<11:11,  2.37s/it]2026-09-22 08:43:59,055 INFO [rev_util_verifiability|paper_align|Qwen3-0.6B] step=335 epoch=1.6277

                                                 

 54%|█████▍    | 335/618 [13:13<11:11,  2.37s/it]2026-09-22 08:43:59,643 INFO [rev_util_verifiability|paper_align|Qwen3-0.6B] step=335 epoch=1.6277

                                                 

 54%|█████▍    | 335/618 [13:14<11:11,  2.37s/it]2026-09-22 08:44:00,262 INFO [rev_util_verifiability|paper_align|Qwen3-0.6B] step=335 epoch=1.6277

                                                 

 54%|█████▍    | 335/618 [13:14<11:11,  2.37s/it]
 54%|█████▍    | 336/618 [13:15<11:12,  2.39s/it]2026-09-22 08:44:01,206 INFO [rev_util_verifiability|paper_align|Qwen3-0.6B] step=336 epoch=1.6326

                                                 

 54%|█████▍    | 336/618 [13:15<11:12,  2.39s/it]2026-09-22 08:44:01,785 INFO [rev_util_verifiability|paper_align|Qwen3-0.6B] step=336 epoch=1.6326

                                                 

 54%|█████▍    | 336/618 [13:16<11:12,  2.39s/it]2026-09-22 08:44:02,366 INFO [rev_util_verifiability|paper_align|Qwen3-0.6B] step=336 epoch=1.6326

                                                 

 54%|█████▍    | 336/618 [13:17<11:12,  2.39s/it]2026-09-22 08:44:02,947 INFO [rev_util_verifiability|paper_align|Qwen3-0.6B] step=336 epoch=1.6326

                                                 

 54%|█████▍    | 336/618 [13:17<11:12,  2.39s/it]
 55%|█████▍    | 337/618 [13:18<11:44,  2.51s/it]2026-09-22 08:44:03,659 INFO [rev_util_verifiability|paper_align|Qwen3-0.6B] step=337 epoch=1.6375

                                                 

 55%|█████▍    | 337/618 [13:18<11:44,  2.51s/it]2026-09-22 08:44:04,309 INFO [rev_util_verifiability|paper_align|Qwen3-0.6B] step=337 epoch=1.6375

                                                 

 55%|█████▍    | 337/618 [13:19<11:44,  2.51s/it]2026-09-22 08:44:04,973 INFO [rev_util_verifiability|paper_align|Qwen3-0.6B] step=337 epoch=1.6375

                                                 

 55%|█████▍    | 337/618 [13:19<11:44,  2.51s/it]2026-09-22 08:44:05,563 INFO [rev_util_verifiability|paper_align|Qwen3-0.6B] step=337 epoch=1.6375

                                                 

 55%|█████▍    | 337/618 [13:20<11:44,  2.51s/it]
 55%|█████▍    | 338/618 [13:20<11:41,  2.51s/it]2026-09-22 08:44:06,173 INFO [rev_util_verifiability|paper_align|Qwen3-0.6B] step=338 epoch=1.6423

                                                 

 55%|█████▍    | 338/618 [13:20<11:41,  2.51s/it]2026-09-22 08:44:06,754 INFO [rev_util_verifiability|paper_align|Qwen3-0.6B] step=338 epoch=1.6423

                                                 

 55%|█████▍    | 338/618 [13:21<11:41,  2.51s/it]2026-09-22 08:44:07,334 INFO [rev_util_verifiability|paper_align|Qwen3-0.6B] step=338 epoch=1.6423

                                                 

 55%|█████▍    | 338/618 [13:22<11:41,  2.51s/it]2026-09-22 08:44:07,915 INFO [rev_util_verifiability|paper_align|Qwen3-0.6B] step=338 epoch=1.6423

                                                 

 55%|█████▍    | 338/618 [13:22<11:41,  2.51s/it]
 55%|█████▍    | 339/618 [13:23<11:27,  2.46s/it]2026-09-22 08:44:08,536 INFO [rev_util_verifiability|paper_align|Qwen3-0.6B] step=339 epoch=1.6472

                                                 

 55%|█████▍    | 339/618 [13:23<11:27,  2.46s/it]2026-09-22 08:44:09,113 INFO [rev_util_verifiability|paper_align|Qwen3-0.6B] step=339 epoch=1.6472

                                                 

 55%|█████▍    | 339/618 [13:23<11:27,  2.46s/it]2026-09-22 08:44:09,683 INFO [rev_util_verifiability|paper_align|Qwen3-0.6B] step=339 epoch=1.6472

                                                 

 55%|█████▍    | 339/618 [13:24<11:27,  2.46s/it]2026-09-22 08:44:10,265 INFO [rev_util_verifiability|paper_align|Qwen3-0.6B] step=339 epoch=1.6472

                                                 

 55%|█████▍    | 339/618 [13:24<11:27,  2.46s/it]
 55%|█████▌    | 340/618 [13:25<11:18,  2.44s/it]2026-09-22 08:44:10,713 INFO [rev_util_verifiability|paper_align|Qwen3-0.6B] step=340 loss=0.4244 learning_rate=0.0000 epoch=1.6521

                                                 

 55%|█████▌    | 340/618 [13:25<11:18,  2.44s/it]2026-09-22 08:44:10,921 INFO [rev_util_verifiability|paper_align|Qwen3-0.6B] step=340 epoch=1.6521

                                                 

 55%|█████▌    | 340/618 [13:25<11:18,  2.44s/it]2026-09-22 08:44:11,500 INFO [rev_util_verifiability|paper_align|Qwen3-0.6B] step=340 epoch=1.6521

                                                 

 55%|█████▌    | 340/618 [13:26<11:18,  2.44s/it]2026-09-22 08:44:12,092 INFO [rev_util_verifiability|paper_align|Qwen3-0.6B] step=340 epoch=1.6521

                                                 

 55%|█████▌    | 340/618 [13:26<11:18,  2.44s/it]2026-09-22 08:44:12,671 INFO [rev_util_verifiability|paper_align|Qwen3-0.6B] step=340 epoch=1.6521

                                                 

 55%|█████▌    | 340/618 [13:27<11:18,  2.44s/it]
 55%|█████▌    | 341/618 [13:27<11:09,  2.42s/it]2026-09-22 08:44:13,294 INFO [rev_util_verifiability|paper_align|Qwen3-0.6B] step=341 epoch=1.6569

                                                 

 55%|█████▌    | 341/618 [13:27<11:09,  2.42s/it]2026-09-22 08:44:14,154 INFO [rev_util_verifiability|paper_align|Qwen3-0.6B] step=341 epoch=1.6569

                                                 

 55%|█████▌    | 341/618 [13:28<11:09,  2.42s/it]2026-09-22 08:44:14,740 INFO [rev_util_verifiability|paper_align|Qwen3-0.6B] step=341 epoch=1.6569

                                                 

 55%|█████▌    | 341/618 [13:29<11:09,  2.42s/it]2026-09-22 08:44:15,327 INFO [rev_util_verifiability|paper_align|Qwen3-0.6B] step=341 epoch=1.6569

                                                 

 55%|█████▌    | 341/618 [13:30<11:09,  2.42s/it]
 55%|█████▌    | 342/618 [13:30<11:27,  2.49s/it]2026-09-22 08:44:15,960 INFO [rev_util_verifiability|paper_align|Qwen3-0.6B] step=342 epoch=1.6618

                                                 

 55%|█████▌    | 342/618 [13:30<11:27,  2.49s/it]2026-09-22 08:44:16,549 INFO [rev_util_verifiability|paper_align|Qwen3-0.6B] step=342 epoch=1.6618

                                                 

 55%|█████▌    | 342/618 [13:31<11:27,  2.49s/it]2026-09-22 08:44:17,131 INFO [rev_util_verifiability|paper_align|Qwen3-0.6B] step=342 epoch=1.6618

                                                 

 55%|█████▌    | 342/618 [13:31<11:27,  2.49s/it]2026-09-22 08:44:17,756 INFO [rev_util_verifiability|paper_align|Qwen3-0.6B] step=342 epoch=1.6618

                                                 

 55%|█████▌    | 342/618 [13:32<11:27,  2.49s/it]
 56%|█████▌    | 343/618 [13:32<11:21,  2.48s/it]2026-09-22 08:44:18,404 INFO [rev_util_verifiability|paper_align|Qwen3-0.6B] step=343 epoch=1.6667

                                                 

 56%|█████▌    | 343/618 [13:33<11:21,  2.48s/it]2026-09-22 08:44:18,989 INFO [rev_util_verifiability|paper_align|Qwen3-0.6B] step=343 epoch=1.6667

                                                 

 56%|█████▌    | 343/618 [13:33<11:21,  2.48s/it]2026-09-22 08:44:19,570 INFO [rev_util_verifiability|paper_align|Qwen3-0.6B] step=343 epoch=1.6667

                                                 

 56%|█████▌    | 343/618 [13:34<11:21,  2.48s/it]2026-09-22 08:44:20,149 INFO [rev_util_verifiability|paper_align|Qwen3-0.6B] step=343 epoch=1.6667

                                                 

 56%|█████▌    | 343/618 [13:34<11:21,  2.48s/it]
 56%|█████▌    | 344/618 [13:35<11:09,  2.44s/it]2026-09-22 08:44:20,766 INFO [rev_util_verifiability|paper_align|Qwen3-0.6B] step=344 epoch=1.6715

                                                 

 56%|█████▌    | 344/618 [13:35<11:09,  2.44s/it]2026-09-22 08:44:21,354 INFO [rev_util_verifiability|paper_align|Qwen3-0.6B] step=344 epoch=1.6715

                                                 

 56%|█████▌    | 344/618 [13:36<11:09,  2.44s/it]2026-09-22 08:44:21,933 INFO [rev_util_verifiability|paper_align|Qwen3-0.6B] step=344 epoch=1.6715

                                                 

 56%|█████▌    | 344/618 [13:36<11:09,  2.44s/it]2026-09-22 08:44:22,526 INFO [rev_util_verifiability|paper_align|Qwen3-0.6B] step=344 epoch=1.6715

                                                 

 56%|█████▌    | 344/618 [13:37<11:09,  2.44s/it]
 56%|█████▌    | 345/618 [13:37<11:02,  2.43s/it]2026-09-22 08:44:23,159 INFO [rev_util_verifiability|paper_align|Qwen3-0.6B] step=345 epoch=1.6764

                                                 

 56%|█████▌    | 345/618 [13:37<11:02,  2.43s/it]2026-09-22 08:44:23,740 INFO [rev_util_verifiability|paper_align|Qwen3-0.6B] step=345 epoch=1.6764

                                                 

 56%|█████▌    | 345/618 [13:38<11:02,  2.43s/it]2026-09-22 08:44:24,337 INFO [rev_util_verifiability|paper_align|Qwen3-0.6B] step=345 epoch=1.6764

                                                 

 56%|█████▌    | 345/618 [13:39<11:02,  2.43s/it]2026-09-22 08:44:24,914 INFO [rev_util_verifiability|paper_align|Qwen3-0.6B] step=345 epoch=1.6764

                                                 

 56%|█████▌    | 345/618 [13:39<11:02,  2.43s/it]
 56%|█████▌    | 346/618 [13:40<10:56,  2.41s/it]2026-09-22 08:44:25,534 INFO [rev_util_verifiability|paper_align|Qwen3-0.6B] step=346 epoch=1.6813

                                                 

 56%|█████▌    | 346/618 [13:40<10:56,  2.41s/it]2026-09-22 08:44:26,390 INFO [rev_util_verifiability|paper_align|Qwen3-0.6B] step=346 epoch=1.6813

                                                 

 56%|█████▌    | 346/618 [13:41<10:56,  2.41s/it]2026-09-22 08:44:26,971 INFO [rev_util_verifiability|paper_align|Qwen3-0.6B] step=346 epoch=1.6813

                                                 

 56%|█████▌    | 346/618 [13:41<10:56,  2.41s/it]2026-09-22 08:44:27,552 INFO [rev_util_verifiability|paper_align|Qwen3-0.6B] step=346 epoch=1.6813

                                                 

 56%|█████▌    | 346/618 [13:42<10:56,  2.41s/it]
 56%|█████▌    | 347/618 [13:42<11:11,  2.48s/it]2026-09-22 08:44:28,166 INFO [rev_util_verifiability|paper_align|Qwen3-0.6B] step=347 epoch=1.6861

                                                 

 56%|█████▌    | 347/618 [13:42<11:11,  2.48s/it]2026-09-22 08:44:28,740 INFO [rev_util_verifiability|paper_align|Qwen3-0.6B] step=347 epoch=1.6861

                                                 

 56%|█████▌    | 347/618 [13:43<11:11,  2.48s/it]2026-09-22 08:44:29,319 INFO [rev_util_verifiability|paper_align|Qwen3-0.6B] step=347 epoch=1.6861

                                                 

 56%|█████▌    | 347/618 [13:44<11:11,  2.48s/it]2026-09-22 08:44:29,903 INFO [rev_util_verifiability|paper_align|Qwen3-0.6B] step=347 epoch=1.6861

                                                 

 56%|█████▌    | 347/618 [13:44<11:11,  2.48s/it]
 56%|█████▋    | 348/618 [13:45<10:59,  2.44s/it]2026-09-22 08:44:30,530 INFO [rev_util_verifiability|paper_align|Qwen3-0.6B] step=348 epoch=1.6910

                                                 

 56%|█████▋    | 348/618 [13:45<10:59,  2.44s/it]2026-09-22 08:44:31,109 INFO [rev_util_verifiability|paper_align|Qwen3-0.6B] step=348 epoch=1.6910

                                                 

 56%|█████▋    | 348/618 [13:45<10:59,  2.44s/it]2026-09-22 08:44:31,700 INFO [rev_util_verifiability|paper_align|Qwen3-0.6B] step=348 epoch=1.6910

                                                 

 56%|█████▋    | 348/618 [13:46<10:59,  2.44s/it]2026-09-22 08:44:32,283 INFO [rev_util_verifiability|paper_align|Qwen3-0.6B] step=348 epoch=1.6910

                                                 

 56%|█████▋    | 348/618 [13:46<10:59,  2.44s/it]
 56%|█████▋    | 349/618 [13:47<10:51,  2.42s/it]2026-09-22 08:44:32,903 INFO [rev_util_verifiability|paper_align|Qwen3-0.6B] step=349 epoch=1.6959

                                                 

 56%|█████▋    | 349/618 [13:47<10:51,  2.42s/it]2026-09-22 08:44:33,508 INFO [rev_util_verifiability|paper_align|Qwen3-0.6B] step=349 epoch=1.6959

                                                 

 56%|█████▋    | 349/618 [13:48<10:51,  2.42s/it]2026-09-22 08:44:34,092 INFO [rev_util_verifiability|paper_align|Qwen3-0.6B] step=349 epoch=1.6959

                                                 

 56%|█████▋    | 349/618 [13:48<10:51,  2.42s/it]2026-09-22 08:44:34,664 INFO [rev_util_verifiability|paper_align|Qwen3-0.6B] step=349 epoch=1.6959

                                                 

 56%|█████▋    | 349/618 [13:49<10:51,  2.42s/it]
 57%|█████▋    | 350/618 [13:49<10:46,  2.41s/it]2026-09-22 08:44:35,075 INFO [rev_util_verifiability|paper_align|Qwen3-0.6B] step=350 loss=0.4314 learning_rate=0.0000 epoch=1.7007

                                                 

 57%|█████▋    | 350/618 [13:49<10:46,  2.41s/it]2026-09-22 08:44:35,293 INFO [rev_util_verifiability|paper_align|Qwen3-0.6B] step=350 epoch=1.7007

                                                 

 57%|█████▋    | 350/618 [13:49<10:46,  2.41s/it]2026-09-22 08:44:35,876 INFO [rev_util_verifiability|paper_align|Qwen3-0.6B] step=350 epoch=1.7007

                                                 

 57%|█████▋    | 350/618 [13:50<10:46,  2.41s/it]2026-09-22 08:44:36,455 INFO [rev_util_verifiability|paper_align|Qwen3-0.6B] step=350 epoch=1.7007

                                                 

 57%|█████▋    | 350/618 [13:51<10:46,  2.41s/it]2026-09-22 08:44:37,041 INFO [rev_util_verifiability|paper_align|Qwen3-0.6B] step=350 epoch=1.7007

                                                 

 57%|█████▋    | 350/618 [13:51<10:46,  2.41s/it]
 57%|█████▋    | 351/618 [13:52<10:40,  2.40s/it]2026-09-22 08:44:37,670 INFO [rev_util_verifiability|paper_align|Qwen3-0.6B] step=351 epoch=1.7056

                                                 

 57%|█████▋    | 351/618 [13:52<10:40,  2.40s/it]2026-09-22 08:44:38,253 INFO [rev_util_verifiability|paper_align|Qwen3-0.6B] step=351 epoch=1.7056

                                                 

 57%|█████▋    | 351/618 [13:52<10:40,  2.40s/it]2026-09-22 08:44:39,128 INFO [rev_util_verifiability|paper_align|Qwen3-0.6B] step=351 epoch=1.7056

                                                 

 57%|█████▋    | 351/618 [13:53<10:40,  2.40s/it]2026-09-22 08:44:39,721 INFO [rev_util_verifiability|paper_align|Qwen3-0.6B] step=351 epoch=1.7056

                                                 

 57%|█████▋    | 351/618 [13:54<10:40,  2.40s/it]
 57%|█████▋    | 352/618 [13:54<11:01,  2.49s/it]2026-09-22 08:44:40,353 INFO [rev_util_verifiability|paper_align|Qwen3-0.6B] step=352 epoch=1.7105

                                                 

 57%|█████▋    | 352/618 [13:55<11:01,  2.49s/it]2026-09-22 08:44:40,932 INFO [rev_util_verifiability|paper_align|Qwen3-0.6B] step=352 epoch=1.7105

                                                 

 57%|█████▋    | 352/618 [13:55<11:01,  2.49s/it]2026-09-22 08:44:41,529 INFO [rev_util_verifiability|paper_align|Qwen3-0.6B] step=352 epoch=1.7105

                                                 

 57%|█████▋    | 352/618 [13:56<11:01,  2.49s/it]2026-09-22 08:44:42,122 INFO [rev_util_verifiability|paper_align|Qwen3-0.6B] step=352 epoch=1.7105

                                                 

 57%|█████▋    | 352/618 [13:56<11:01,  2.49s/it]
 57%|█████▋    | 353/618 [13:57<10:51,  2.46s/it]2026-09-22 08:44:42,751 INFO [rev_util_verifiability|paper_align|Qwen3-0.6B] step=353 epoch=1.7153

                                                 

 57%|█████▋    | 353/618 [13:57<10:51,  2.46s/it]2026-09-22 08:44:43,327 INFO [rev_util_verifiability|paper_align|Qwen3-0.6B] step=353 epoch=1.7153

                                                 

 57%|█████▋    | 353/618 [13:58<10:51,  2.46s/it]2026-09-22 08:44:43,915 INFO [rev_util_verifiability|paper_align|Qwen3-0.6B] step=353 epoch=1.7153

                                                 

 57%|█████▋    | 353/618 [13:58<10:51,  2.46s/it]2026-09-22 08:44:44,507 INFO [rev_util_verifiability|paper_align|Qwen3-0.6B] step=353 epoch=1.7153

                                                 

 57%|█████▋    | 353/618 [13:59<10:51,  2.46s/it]
 57%|█████▋    | 354/618 [13:59<10:43,  2.44s/it]2026-09-22 08:44:45,141 INFO [rev_util_verifiability|paper_align|Qwen3-0.6B] step=354 epoch=1.7202

                                                 

 57%|█████▋    | 354/618 [13:59<10:43,  2.44s/it]2026-09-22 08:44:45,729 INFO [rev_util_verifiability|paper_align|Qwen3-0.6B] step=354 epoch=1.7202

                                                 

 57%|█████▋    | 354/618 [14:00<10:43,  2.44s/it]2026-09-22 08:44:46,321 INFO [rev_util_verifiability|paper_align|Qwen3-0.6B] step=354 epoch=1.7202

                                                 

 57%|█████▋    | 354/618 [14:01<10:43,  2.44s/it]2026-09-22 08:44:46,922 INFO [rev_util_verifiability|paper_align|Qwen3-0.6B] step=354 epoch=1.7202

                                                 

 57%|█████▋    | 354/618 [14:01<10:43,  2.44s/it]
 57%|█████▋    | 355/618 [14:02<10:39,  2.43s/it]2026-09-22 08:44:47,546 INFO [rev_util_verifiability|paper_align|Qwen3-0.6B] step=355 epoch=1.7251

                                                 
{'paper_align_label_loss': '0.03411', 'paper_align_reason_loss': '0.1369', 'epoch': '1.618'}
{'paper_align_label_loss': '0.0181', 'paper_align_reason_loss': '0.08522', 'epoch': '1.618'}
{'paper_align_label_loss': '0.169', 'paper_align_reason_loss': '0.1741', 'epoch': '1.623'}
{'paper_align_label_loss': '0.03716', 'paper_align_reason_loss': '0.1582', 'epoch': '1.623'}
{'paper_align_label_loss': '0.03872', 'paper_align_reason_loss': '0.1558', 'epoch': '1.623'}
{'paper_align_label_loss': '0.06984', 'paper_align_reason_loss': '0.114', 'epoch': '1.623'}
{'paper_align_label_loss': '0.1148', 'paper_align_reason_loss': '0.1188', 'epoch': '1.628'}
{'paper_align_label_loss': '0.0954', 'paper_align_reason_loss': '0.09139', 'epoch': '1.628'}
{'paper_align_label_loss': '0.01176', 'paper_align_reason_loss': '0.0782', 'epoch': '1.628'}
{'paper_align_label_loss': '0.02949', 'paper_align_reason_loss': '0.1571', 'epoch': '1.628'}
{'paper_align_label_loss': '0.1029', 'paper_align_reason_loss': '0.1054', 'epoch': '1.633'}
{'paper_align_label_loss': '0.03373', 'paper_align_reason_loss': '0.0993', 'epoch': '1.633'}
{'paper_align_label_loss': '0.04053', 'paper_align_reason_loss': '0.1064', 'epoch': '1.633'}
{'paper_align_label_loss': '0.02801', 'paper_align_reason_loss': '0.1663', 'epoch': '1.633'}
{'paper_align_label_loss': '0.006486', 'paper_align_reason_loss': '0.08008', 'epoch': '1.637'}
{'paper_align_label_loss': '0.0108', 'paper_align_reason_loss': '0.09814', 'epoch': '1.637'}
{'paper_align_label_loss': '0.08031', 'paper_align_reason_loss': '0.1366', 'epoch': '1.637'}
{'paper_align_label_loss': '0.06857', 'paper_align_reason_loss': '0.1263', 'epoch': '1.637'}
{'paper_align_label_loss': '0.01035', 'paper_align_reason_loss': '0.2051', 'epoch': '1.642'}
{'paper_align_label_loss': '0.004342', 'paper_align_reason_loss': '0.1034', 'epoch': '1.642'}
{'paper_align_label_loss': '0.1945', 'paper_align_reason_loss': '0.1653', 'epoch': '1.642'}
{'paper_align_label_loss': '0.1345', 'paper_align_reason_loss': '0.3117', 'epoch': '1.642'}
{'paper_align_label_loss': '0.05354', 'paper_align_reason_loss': '0.1521', 'epoch': '1.647'}
{'paper_align_label_loss': '0.09059', 'paper_align_reason_loss': '0.1678', 'epoch': '1.647'}
{'paper_align_label_loss': '0.1685', 'paper_align_reason_loss': '0.1802', 'epoch': '1.647'}
{'paper_align_label_loss': '0.1707', 'paper_align_reason_loss': '0.1735', 'epoch': '1.647'}
{'loss': '0.4244', 'grad_norm': '7.024', 'learning_rate': '4.463e-05', 'epoch': '1.652'}
{'paper_align_label_loss': '0.08627', 'paper_align_reason_loss': '0.198', 'epoch': '1.652'}
{'paper_align_label_loss': '0.0003151', 'paper_align_reason_loss': '0.1296', 'epoch': '1.652'}
{'paper_align_label_loss': '0.05794', 'paper_align_reason_loss': '0.161', 'epoch': '1.652'}
{'paper_align_label_loss': '0.00507', 'paper_align_reason_loss': '0.1146', 'epoch': '1.652'}
{'paper_align_label_loss': '0.08003', 'paper_align_reason_loss': '0.106', 'epoch': '1.657'}
{'paper_align_label_loss': '0.128', 'paper_align_reason_loss': '0.2542', 'epoch': '1.657'}
{'paper_align_label_loss': '0.1321', 'paper_align_reason_loss': '0.123', 'epoch': '1.657'}
{'paper_align_label_loss': '0.01491', 'paper_align_reason_loss': '0.1592', 'epoch': '1.657'}
{'paper_align_label_loss': '0.06582', 'paper_align_reason_loss': '0.1788', 'epoch': '1.662'}
{'paper_align_label_loss': '0.0642', 'paper_align_reason_loss': '0.1229', 'epoch': '1.662'}
{'paper_align_label_loss': '0.06164', 'paper_align_reason_loss': '0.1571', 'epoch': '1.662'}
{'paper_align_label_loss': '0.08203', 'paper_align_reason_loss': '0.2081', 'epoch': '1.662'}
{'paper_align_label_loss': '0.008026', 'paper_align_reason_loss': '0.1033', 'epoch': '1.667'}
{'paper_align_label_loss': '0.1268', 'paper_align_reason_loss': '0.1683', 'epoch': '1.667'}
{'paper_align_label_loss': '0.03206', 'paper_align_reason_loss': '0.2714', 'epoch': '1.667'}
{'paper_align_label_loss': '0.000165', 'paper_align_reason_loss': '0.1034', 'epoch': '1.667'}
{'paper_align_label_loss': '0.0644', 'paper_align_reason_loss': '0.1372', 'epoch': '1.672'}
{'paper_align_label_loss': '0.03661', 'paper_align_reason_loss': '0.1359', 'epoch': '1.672'}
{'paper_align_label_loss': '0.002215', 'paper_align_reason_loss': '0.09184', 'epoch': '1.672'}
{'paper_align_label_loss': '0.2404', 'paper_align_reason_loss': '0.1755', 'epoch': '1.672'}
{'paper_align_label_loss': '0.00046', 'paper_align_reason_loss': '0.08583', 'epoch': '1.676'}
{'paper_align_label_loss': '0.02921', 'paper_align_reason_loss': '0.1889', 'epoch': '1.676'}
{'paper_align_label_loss': '0.04514', 'paper_align_reason_loss': '0.145', 'epoch': '1.676'}
{'paper_align_label_loss': '0.04752', 'paper_align_reason_loss': '0.1137', 'epoch': '1.676'}
{'paper_align_label_loss': '0.06617', 'paper_align_reason_loss': '0.1611', 'epoch': '1.681'}
{'paper_align_label_loss': '0.3943', 'paper_align_reason_loss': '0.1627', 'epoch': '1.681'}
{'paper_align_label_loss': '0.2827', 'paper_align_reason_loss': '0.131', 'epoch': '1.681'}
{'paper_align_label_loss': '0.1131', 'paper_align_reason_loss': '0.1235', 'epoch': '1.681'}
{'paper_align_label_loss': '0.04515', 'paper_align_reason_loss': '0.1941', 'epoch': '1.686'}
{'paper_align_label_loss': '0.02767', 'paper_align_reason_loss': '0.07192', 'epoch': '1.686'}
{'paper_align_label_loss': '0.08688', 'paper_align_reason_loss': '0.08476', 'epoch': '1.686'}
{'paper_align_label_loss': '0.04931', 'paper_align_reason_loss': '0.1523', 'epoch': '1.686'}
{'paper_align_label_loss': '0.07588', 'paper_align_reason_loss': '0.1336', 'epoch': '1.691'}
{'paper_align_label_loss': '0.04258', 'paper_align_reason_loss': '0.1749', 'epoch': '1.691'}
{'paper_align_label_loss': '0.08284', 'paper_align_reason_loss': '0.1857', 'epoch': '1.691'}
{'paper_align_label_loss': '0.002173', 'paper_align_reason_loss': '0.08883', 'epoch': '1.691'}
{'paper_align_label_loss': '0.09851', 'paper_align_reason_loss': '0.1101', 'epoch': '1.696'}
{'paper_align_label_loss': '0.06343', 'paper_align_reason_loss': '0.1203', 'epoch': '1.696'}
{'paper_align_label_loss': '0.0589', 'paper_align_reason_loss': '0.1136', 'epoch': '1.696'}
{'paper_align_label_loss': '0.001622', 'paper_align_reason_loss': '0.0846', 'epoch': '1.696'}
{'loss': '0.4314', 'grad_norm': '4.041', 'learning_rate': '4.204e-05', 'epoch': '1.701'}
{'paper_align_label_loss': '0.01892', 'paper_align_reason_loss': '0.2119', 'epoch': '1.701'}
{'paper_align_label_loss': '0.0008929', 'paper_align_reason_loss': '0.05667', 'epoch': '1.701'}
{'paper_align_label_loss': '0.006451', 'paper_align_reason_loss': '0.0655', 'epoch': '1.701'}
{'paper_align_label_loss': '0.02112', 'paper_align_reason_loss': '0.1421', 'epoch': '1.701'}
{'paper_align_label_loss': '0.2281', 'paper_align_reason_loss': '0.1334', 'epoch': '1.706'}
{'paper_align_label_loss': '0.07879', 'paper_align_reason_loss': '0.1989', 'epoch': '1.706'}
{'paper_align_label_loss': '0.06059', 'paper_align_reason_loss': '0.1915', 'epoch': '1.706'}
{'paper_align_label_loss': '0.07496', 'paper_align_reason_loss': '0.1845', 'epoch': '1.706'}
{'paper_align_label_loss': '0.001193', 'paper_align_reason_loss': '0.04423', 'epoch': '1.71'}
{'paper_align_label_loss': '0.08512', 'paper_align_reason_loss': '0.1165', 'epoch': '1.71'}
{'paper_align_label_loss': '0.1099', 'paper_align_reason_loss': '0.2887', 'epoch': '1.71'}
{'paper_align_label_loss': '0.1081', 'paper_align_reason_loss': '0.2167', 'epoch': '1.71'}
{'paper_align_label_loss': '0.003075', 'paper_align_reason_loss': '0.05216', 'epoch': '1.715'}
{'paper_align_label_loss': '0.0003135', 'paper_align_reason_loss': '0.09676', 'epoch': '1.715'}
{'paper_align_label_loss': '0.05412', 'paper_align_reason_loss': '0.1628', 'epoch': '1.715'}
{'paper_align_label_loss': '0.2011', 'paper_align_reason_loss': '0.08779', 'epoch': '1.715'}
{'paper_align_label_loss': '0.1062', 'paper_align_reason_loss': '0.1587', 'epoch': '1.72'}
{'paper_align_label_loss': '0.02728', 'paper_align_reason_loss': '0.2614', 'epoch': '1.72'}
{'paper_align_label_loss': '0.01462', 'paper_align_reason_loss': '0.2581', 'epoch': '1.72'}
{'paper_align_label_loss': '0.03652', 'paper_align_reason_loss': '0.1734', 'epoch': '1.72'}

 57%|█████▋    | 355/618 [14:02<10:39,  2.43s/it]2026-09-22 08:44:48,121 INFO [rev_util_verifiability|paper_align|Qwen3-0.6B] step=355 epoch=1.7251

                                                 

 57%|█████▋    | 355/618 [14:02<10:39,  2.43s/it]2026-09-22 08:44:48,714 INFO [rev_util_verifiability|paper_align|Qwen3-0.6B] step=355 epoch=1.7251

                                                 

 57%|█████▋    | 355/618 [14:03<10:39,  2.43s/it]2026-09-22 08:44:49,304 INFO [rev_util_verifiability|paper_align|Qwen3-0.6B] step=355 epoch=1.7251

                                                 

 57%|█████▋    | 355/618 [14:04<10:39,  2.43s/it]
 58%|█████▊    | 356/618 [14:04<10:36,  2.43s/it]2026-09-22 08:44:49,984 INFO [rev_util_verifiability|paper_align|Qwen3-0.6B] step=356 epoch=1.7299

                                                 

 58%|█████▊    | 356/618 [14:04<10:36,  2.43s/it]2026-09-22 08:44:50,908 INFO [rev_util_verifiability|paper_align|Qwen3-0.6B] step=356 epoch=1.7299

                                                 

 58%|█████▊    | 356/618 [14:05<10:36,  2.43s/it]2026-09-22 08:44:51,508 INFO [rev_util_verifiability|paper_align|Qwen3-0.6B] step=356 epoch=1.7299

                                                 

 58%|█████▊    | 356/618 [14:06<10:36,  2.43s/it]2026-09-22 08:44:52,103 INFO [rev_util_verifiability|paper_align|Qwen3-0.6B] step=356 epoch=1.7299

                                                 

 58%|█████▊    | 356/618 [14:06<10:36,  2.43s/it]
 58%|█████▊    | 357/618 [14:07<10:59,  2.53s/it]2026-09-22 08:44:52,732 INFO [rev_util_verifiability|paper_align|Qwen3-0.6B] step=357 epoch=1.7348

                                                 

 58%|█████▊    | 357/618 [14:07<10:59,  2.53s/it]2026-09-22 08:44:53,322 INFO [rev_util_verifiability|paper_align|Qwen3-0.6B] step=357 epoch=1.7348

                                                 

 58%|█████▊    | 357/618 [14:08<10:59,  2.53s/it]2026-09-22 08:44:53,910 INFO [rev_util_verifiability|paper_align|Qwen3-0.6B] step=357 epoch=1.7348

                                                 

 58%|█████▊    | 357/618 [14:08<10:59,  2.53s/it]2026-09-22 08:44:54,507 INFO [rev_util_verifiability|paper_align|Qwen3-0.6B] step=357 epoch=1.7348

                                                 

 58%|█████▊    | 357/618 [14:09<10:59,  2.53s/it]
 58%|█████▊    | 358/618 [14:09<10:47,  2.49s/it]2026-09-22 08:44:55,143 INFO [rev_util_verifiability|paper_align|Qwen3-0.6B] step=358 epoch=1.7397

                                                 

 58%|█████▊    | 358/618 [14:09<10:47,  2.49s/it]2026-09-22 08:44:55,762 INFO [rev_util_verifiability|paper_align|Qwen3-0.6B] step=358 epoch=1.7397

                                                 

 58%|█████▊    | 358/618 [14:10<10:47,  2.49s/it]2026-09-22 08:44:56,360 INFO [rev_util_verifiability|paper_align|Qwen3-0.6B] step=358 epoch=1.7397

                                                 

 58%|█████▊    | 358/618 [14:11<10:47,  2.49s/it]2026-09-22 08:44:56,948 INFO [rev_util_verifiability|paper_align|Qwen3-0.6B] step=358 epoch=1.7397

                                                 

 58%|█████▊    | 358/618 [14:11<10:47,  2.49s/it]
 58%|█████▊    | 359/618 [14:12<10:40,  2.47s/it]2026-09-22 08:44:57,577 INFO [rev_util_verifiability|paper_align|Qwen3-0.6B] step=359 epoch=1.7445

                                                 

 58%|█████▊    | 359/618 [14:12<10:40,  2.47s/it]2026-09-22 08:44:58,162 INFO [rev_util_verifiability|paper_align|Qwen3-0.6B] step=359 epoch=1.7445

                                                 

 58%|█████▊    | 359/618 [14:12<10:40,  2.47s/it]2026-09-22 08:44:58,747 INFO [rev_util_verifiability|paper_align|Qwen3-0.6B] step=359 epoch=1.7445

                                                 

 58%|█████▊    | 359/618 [14:13<10:40,  2.47s/it]2026-09-22 08:44:59,331 INFO [rev_util_verifiability|paper_align|Qwen3-0.6B] step=359 epoch=1.7445

                                                 

 58%|█████▊    | 359/618 [14:14<10:40,  2.47s/it]
 58%|█████▊    | 360/618 [14:14<10:32,  2.45s/it]2026-09-22 08:44:59,752 INFO [rev_util_verifiability|paper_align|Qwen3-0.6B] step=360 loss=0.4179 learning_rate=0.0000 epoch=1.7494

                                                 

 58%|█████▊    | 360/618 [14:14<10:32,  2.45s/it]2026-09-22 08:44:59,965 INFO [rev_util_verifiability|paper_align|Qwen3-0.6B] step=360 epoch=1.7494

                                                 

 58%|█████▊    | 360/618 [14:14<10:32,  2.45s/it]2026-09-22 08:45:00,542 INFO [rev_util_verifiability|paper_align|Qwen3-0.6B] step=360 epoch=1.7494

                                                 

 58%|█████▊    | 360/618 [14:15<10:32,  2.45s/it]2026-09-22 08:45:01,119 INFO [rev_util_verifiability|paper_align|Qwen3-0.6B] step=360 epoch=1.7494

                                                 

 58%|█████▊    | 360/618 [14:15<10:32,  2.45s/it]2026-09-22 08:45:01,696 INFO [rev_util_verifiability|paper_align|Qwen3-0.6B] step=360 epoch=1.7494

                                                 

 58%|█████▊    | 360/618 [14:16<10:32,  2.45s/it]
 58%|█████▊    | 361/618 [14:16<10:22,  2.42s/it]2026-09-22 08:45:02,325 INFO [rev_util_verifiability|paper_align|Qwen3-0.6B] step=361 epoch=1.7543

                                                 

 58%|█████▊    | 361/618 [14:17<10:22,  2.42s/it]2026-09-22 08:45:02,904 INFO [rev_util_verifiability|paper_align|Qwen3-0.6B] step=361 epoch=1.7543

                                                 

 58%|█████▊    | 361/618 [14:17<10:22,  2.42s/it]2026-09-22 08:45:03,771 INFO [rev_util_verifiability|paper_align|Qwen3-0.6B] step=361 epoch=1.7543

                                                 

 58%|█████▊    | 361/618 [14:18<10:22,  2.42s/it]2026-09-22 08:45:04,354 INFO [rev_util_verifiability|paper_align|Qwen3-0.6B] step=361 epoch=1.7543

                                                 

 58%|█████▊    | 361/618 [14:19<10:22,  2.42s/it]
 59%|█████▊    | 362/618 [14:19<10:38,  2.49s/it]2026-09-22 08:45:04,981 INFO [rev_util_verifiability|paper_align|Qwen3-0.6B] step=362 epoch=1.7591

                                                 

 59%|█████▊    | 362/618 [14:19<10:38,  2.49s/it]2026-09-22 08:45:05,564 INFO [rev_util_verifiability|paper_align|Qwen3-0.6B] step=362 epoch=1.7591

                                                 

 59%|█████▊    | 362/618 [14:20<10:38,  2.49s/it]2026-09-22 08:45:06,144 INFO [rev_util_verifiability|paper_align|Qwen3-0.6B] step=362 epoch=1.7591

                                                 

 59%|█████▊    | 362/618 [14:20<10:38,  2.49s/it]2026-09-22 08:45:06,727 INFO [rev_util_verifiability|paper_align|Qwen3-0.6B] step=362 epoch=1.7591

                                                 

 59%|█████▊    | 362/618 [14:21<10:38,  2.49s/it]
 59%|█████▊    | 363/618 [14:21<10:25,  2.45s/it]2026-09-22 08:45:07,338 INFO [rev_util_verifiability|paper_align|Qwen3-0.6B] step=363 epoch=1.7640

                                                 

 59%|█████▊    | 363/618 [14:22<10:25,  2.45s/it]2026-09-22 08:45:07,905 INFO [rev_util_verifiability|paper_align|Qwen3-0.6B] step=363 epoch=1.7640

                                                 

 59%|█████▊    | 363/618 [14:22<10:25,  2.45s/it]2026-09-22 08:45:08,478 INFO [rev_util_verifiability|paper_align|Qwen3-0.6B] step=363 epoch=1.7640

                                                 

 59%|█████▊    | 363/618 [14:23<10:25,  2.45s/it]2026-09-22 08:45:09,066 INFO [rev_util_verifiability|paper_align|Qwen3-0.6B] step=363 epoch=1.7640

                                                 

 59%|█████▊    | 363/618 [14:23<10:25,  2.45s/it]
 59%|█████▉    | 364/618 [14:24<10:15,  2.42s/it]2026-09-22 08:45:09,678 INFO [rev_util_verifiability|paper_align|Qwen3-0.6B] step=364 epoch=1.7689

                                                 

 59%|█████▉    | 364/618 [14:24<10:15,  2.42s/it]2026-09-22 08:45:10,242 INFO [rev_util_verifiability|paper_align|Qwen3-0.6B] step=364 epoch=1.7689

                                                 

 59%|█████▉    | 364/618 [14:24<10:15,  2.42s/it]2026-09-22 08:45:10,823 INFO [rev_util_verifiability|paper_align|Qwen3-0.6B] step=364 epoch=1.7689

                                                 

 59%|█████▉    | 364/618 [14:25<10:15,  2.42s/it]2026-09-22 08:45:11,407 INFO [rev_util_verifiability|paper_align|Qwen3-0.6B] step=364 epoch=1.7689

                                                 

 59%|█████▉    | 364/618 [14:26<10:15,  2.42s/it]
 59%|█████▉    | 365/618 [14:26<10:06,  2.40s/it]2026-09-22 08:45:12,028 INFO [rev_util_verifiability|paper_align|Qwen3-0.6B] step=365 epoch=1.7737

                                                 

 59%|█████▉    | 365/618 [14:26<10:06,  2.40s/it]2026-09-22 08:45:12,601 INFO [rev_util_verifiability|paper_align|Qwen3-0.6B] step=365 epoch=1.7737

                                                 

 59%|█████▉    | 365/618 [14:27<10:06,  2.40s/it]2026-09-22 08:45:13,191 INFO [rev_util_verifiability|paper_align|Qwen3-0.6B] step=365 epoch=1.7737

                                                 

 59%|█████▉    | 365/618 [14:27<10:06,  2.40s/it]2026-09-22 08:45:13,781 INFO [rev_util_verifiability|paper_align|Qwen3-0.6B] step=365 epoch=1.7737

                                                 

 59%|█████▉    | 365/618 [14:28<10:06,  2.40s/it]
 59%|█████▉    | 366/618 [14:28<10:02,  2.39s/it]2026-09-22 08:45:14,404 INFO [rev_util_verifiability|paper_align|Qwen3-0.6B] step=366 epoch=1.7786

                                                 

 59%|█████▉    | 366/618 [14:29<10:02,  2.39s/it]2026-09-22 08:45:14,978 INFO [rev_util_verifiability|paper_align|Qwen3-0.6B] step=366 epoch=1.7786

                                                 

 59%|█████▉    | 366/618 [14:29<10:02,  2.39s/it]2026-09-22 08:45:15,862 INFO [rev_util_verifiability|paper_align|Qwen3-0.6B] step=366 epoch=1.7786

                                                 

 59%|█████▉    | 366/618 [14:30<10:02,  2.39s/it]2026-09-22 08:45:16,445 INFO [rev_util_verifiability|paper_align|Qwen3-0.6B] step=366 epoch=1.7786

                                                 

 59%|█████▉    | 366/618 [14:31<10:02,  2.39s/it]
 59%|█████▉    | 367/618 [14:31<10:20,  2.47s/it]2026-09-22 08:45:17,056 INFO [rev_util_verifiability|paper_align|Qwen3-0.6B] step=367 epoch=1.7835

                                                 

 59%|█████▉    | 367/618 [14:31<10:20,  2.47s/it]2026-09-22 08:45:17,623 INFO [rev_util_verifiability|paper_align|Qwen3-0.6B] step=367 epoch=1.7835

                                                 

 59%|█████▉    | 367/618 [14:32<10:20,  2.47s/it]2026-09-22 08:45:18,192 INFO [rev_util_verifiability|paper_align|Qwen3-0.6B] step=367 epoch=1.7835

                                                 

 59%|█████▉    | 367/618 [14:32<10:20,  2.47s/it]2026-09-22 08:45:18,760 INFO [rev_util_verifiability|paper_align|Qwen3-0.6B] step=367 epoch=1.7835

                                                 

 59%|█████▉    | 367/618 [14:33<10:20,  2.47s/it]
 60%|█████▉    | 368/618 [14:33<10:05,  2.42s/it]2026-09-22 08:45:19,365 INFO [rev_util_verifiability|paper_align|Qwen3-0.6B] step=368 epoch=1.7883

                                                 

 60%|█████▉    | 368/618 [14:34<10:05,  2.42s/it]2026-09-22 08:45:19,939 INFO [rev_util_verifiability|paper_align|Qwen3-0.6B] step=368 epoch=1.7883

                                                 

 60%|█████▉    | 368/618 [14:34<10:05,  2.42s/it]2026-09-22 08:45:20,517 INFO [rev_util_verifiability|paper_align|Qwen3-0.6B] step=368 epoch=1.7883

                                                 

 60%|█████▉    | 368/618 [14:35<10:05,  2.42s/it]2026-09-22 08:45:21,104 INFO [rev_util_verifiability|paper_align|Qwen3-0.6B] step=368 epoch=1.7883

                                                 

 60%|█████▉    | 368/618 [14:35<10:05,  2.42s/it]
 60%|█████▉    | 369/618 [14:36<09:57,  2.40s/it]2026-09-22 08:45:21,720 INFO [rev_util_verifiability|paper_align|Qwen3-0.6B] step=369 epoch=1.7932

                                                 

 60%|█████▉    | 369/618 [14:36<09:57,  2.40s/it]2026-09-22 08:45:22,288 INFO [rev_util_verifiability|paper_align|Qwen3-0.6B] step=369 epoch=1.7932

                                                 

 60%|█████▉    | 369/618 [14:36<09:57,  2.40s/it]2026-09-22 08:45:22,861 INFO [rev_util_verifiability|paper_align|Qwen3-0.6B] step=369 epoch=1.7932

                                                 

 60%|█████▉    | 369/618 [14:37<09:57,  2.40s/it]2026-09-22 08:45:23,434 INFO [rev_util_verifiability|paper_align|Qwen3-0.6B] step=369 epoch=1.7932

                                                 

 60%|█████▉    | 369/618 [14:38<09:57,  2.40s/it]
 60%|█████▉    | 370/618 [14:38<09:50,  2.38s/it]2026-09-22 08:45:23,839 INFO [rev_util_verifiability|paper_align|Qwen3-0.6B] step=370 loss=0.3330 learning_rate=0.0000 epoch=1.7981

                                                 

 60%|█████▉    | 370/618 [14:38<09:50,  2.38s/it]2026-09-22 08:45:24,048 INFO [rev_util_verifiability|paper_align|Qwen3-0.6B] step=370 epoch=1.7981

                                                 

 60%|█████▉    | 370/618 [14:38<09:50,  2.38s/it]2026-09-22 08:45:24,629 INFO [rev_util_verifiability|paper_align|Qwen3-0.6B] step=370 epoch=1.7981

                                                 

 60%|█████▉    | 370/618 [14:39<09:50,  2.38s/it]2026-09-22 08:45:25,218 INFO [rev_util_verifiability|paper_align|Qwen3-0.6B] step=370 epoch=1.7981

                                                 

 60%|█████▉    | 370/618 [14:39<09:50,  2.38s/it]2026-09-22 08:45:25,819 INFO [rev_util_verifiability|paper_align|Qwen3-0.6B] step=370 epoch=1.7981

                                                 

 60%|█████▉    | 370/618 [14:40<09:50,  2.38s/it]
 60%|██████    | 371/618 [14:40<09:48,  2.38s/it]2026-09-22 08:45:26,451 INFO [rev_util_verifiability|paper_align|Qwen3-0.6B] step=371 epoch=1.8029

                                                 

 60%|██████    | 371/618 [14:41<09:48,  2.38s/it]2026-09-22 08:45:27,018 INFO [rev_util_verifiability|paper_align|Qwen3-0.6B] step=371 epoch=1.8029

                                                 

 60%|██████    | 371/618 [14:41<09:48,  2.38s/it]2026-09-22 08:45:27,923 INFO [rev_util_verifiability|paper_align|Qwen3-0.6B] step=371 epoch=1.8029

                                                 

 60%|██████    | 371/618 [14:42<09:48,  2.38s/it]2026-09-22 08:45:28,544 INFO [rev_util_verifiability|paper_align|Qwen3-0.6B] step=371 epoch=1.8029

                                                 

 60%|██████    | 371/618 [14:43<09:48,  2.38s/it]
 60%|██████    | 372/618 [14:43<10:12,  2.49s/it]2026-09-22 08:45:29,210 INFO [rev_util_verifiability|paper_align|Qwen3-0.6B] step=372 epoch=1.8078

                                                 

 60%|██████    | 372/618 [14:43<10:12,  2.49s/it]2026-09-22 08:45:29,826 INFO [rev_util_verifiability|paper_align|Qwen3-0.6B] step=372 epoch=1.8078

                                                 

 60%|██████    | 372/618 [14:44<10:12,  2.49s/it]2026-09-22 08:45:30,458 INFO [rev_util_verifiability|paper_align|Qwen3-0.6B] step=372 epoch=1.8078

                                                 

 60%|██████    | 372/618 [14:45<10:12,  2.49s/it]2026-09-22 08:45:31,066 INFO [rev_util_verifiability|paper_align|Qwen3-0.6B] step=372 epoch=1.8078

                                                 

 60%|██████    | 372/618 [14:45<10:12,  2.49s/it]
 60%|██████    | 373/618 [14:46<10:10,  2.49s/it]2026-09-22 08:45:31,678 INFO [rev_util_verifiability|paper_align|Qwen3-0.6B] step=373 epoch=1.8127

                                                 

 60%|██████    | 373/618 [14:46<10:10,  2.49s/it]2026-09-22 08:45:32,295 INFO [rev_util_verifiability|paper_align|Qwen3-0.6B] step=373 epoch=1.8127

                                                 

 60%|██████    | 373/618 [14:46<10:10,  2.49s/it]2026-09-22 08:45:32,883 INFO [rev_util_verifiability|paper_align|Qwen3-0.6B] step=373 epoch=1.8127

                                                 

 60%|██████    | 373/618 [14:47<10:10,  2.49s/it]2026-09-22 08:45:33,487 INFO [rev_util_verifiability|paper_align|Qwen3-0.6B] step=373 epoch=1.8127

                                                 

 60%|██████    | 373/618 [14:48<10:10,  2.49s/it]
 61%|██████    | 374/618 [14:48<10:03,  2.47s/it]2026-09-22 08:45:34,115 INFO [rev_util_verifiability|paper_align|Qwen3-0.6B] step=374 epoch=1.8175

                                                 

 61%|██████    | 374/618 [14:48<10:03,  2.47s/it]2026-09-22 08:45:34,686 INFO [rev_util_verifiability|paper_align|Qwen3-0.6B] step=374 epoch=1.8175

                                                 

 61%|██████    | 374/618 [14:49<10:03,  2.47s/it]2026-09-22 08:45:35,270 INFO [rev_util_verifiability|paper_align|Qwen3-0.6B] step=374 epoch=1.8175

                                                 

 61%|██████    | 374/618 [14:49<10:03,  2.47s/it]2026-09-22 08:45:35,844 INFO [rev_util_verifiability|paper_align|Qwen3-0.6B] step=374 epoch=1.8175

                                                 

 61%|██████    | 374/618 [14:50<10:03,  2.47s/it]
 61%|██████    | 375/618 [14:50<09:52,  2.44s/it]2026-09-22 08:45:36,455 INFO [rev_util_verifiability|paper_align|Qwen3-0.6B] step=375 epoch=1.8224

                                                 

 61%|██████    | 375/618 [14:51<09:52,  2.44s/it]2026-09-22 08:45:37,027 INFO [rev_util_verifiability|paper_align|Qwen3-0.6B] step=375 epoch=1.8224

                                                 

 61%|██████    | 375/618 [14:51<09:52,  2.44s/it]2026-09-22 08:45:37,601 INFO [rev_util_verifiability|paper_align|Qwen3-0.6B] step=375 epoch=1.8224

                                                 

 61%|██████    | 375/618 [14:52<09:52,  2.44s/it]2026-09-22 08:45:38,180 INFO [rev_util_verifiability|paper_align|Qwen3-0.6B] step=375 epoch=1.8224

                                                 

 61%|██████    | 375/618 [14:52<09:52,  2.44s/it]
 61%|██████    | 376/618 [14:53<09:42,  2.41s/it]2026-09-22 08:45:38,791 INFO [rev_util_verifiability|paper_align|Qwen3-0.6B] step=376 epoch=1.8273

                                                 

 61%|██████    | 376/618 [14:53<09:42,  2.41s/it]2026-09-22 08:45:39,365 INFO [rev_util_verifiability|paper_align|Qwen3-0.6B] step=376 epoch=1.8273

                                                 
{'paper_align_label_loss': '0.1473', 'paper_align_reason_loss': '0.1488', 'epoch': '1.725'}
{'paper_align_label_loss': '0.0001851', 'paper_align_reason_loss': '0.07614', 'epoch': '1.725'}
{'paper_align_label_loss': '0.05523', 'paper_align_reason_loss': '0.1725', 'epoch': '1.725'}
{'paper_align_label_loss': '0.03399', 'paper_align_reason_loss': '0.1399', 'epoch': '1.725'}
{'paper_align_label_loss': '0.0001301', 'paper_align_reason_loss': '0.1033', 'epoch': '1.73'}
{'paper_align_label_loss': '0.06544', 'paper_align_reason_loss': '0.1625', 'epoch': '1.73'}
{'paper_align_label_loss': '0.07561', 'paper_align_reason_loss': '0.1423', 'epoch': '1.73'}
{'paper_align_label_loss': '0.0003343', 'paper_align_reason_loss': '0.05504', 'epoch': '1.73'}
{'paper_align_label_loss': '0.2098', 'paper_align_reason_loss': '0.174', 'epoch': '1.735'}
{'paper_align_label_loss': '0.0897', 'paper_align_reason_loss': '0.1467', 'epoch': '1.735'}
{'paper_align_label_loss': '0.2274', 'paper_align_reason_loss': '0.1463', 'epoch': '1.735'}
{'paper_align_label_loss': '0.03239', 'paper_align_reason_loss': '0.1632', 'epoch': '1.735'}
{'paper_align_label_loss': '0.06348', 'paper_align_reason_loss': '0.2018', 'epoch': '1.74'}
{'paper_align_label_loss': '0.06247', 'paper_align_reason_loss': '0.1403', 'epoch': '1.74'}
{'paper_align_label_loss': '0.01481', 'paper_align_reason_loss': '0.1196', 'epoch': '1.74'}
{'paper_align_label_loss': '0.03258', 'paper_align_reason_loss': '0.1016', 'epoch': '1.74'}
{'paper_align_label_loss': '0.03413', 'paper_align_reason_loss': '0.1395', 'epoch': '1.745'}
{'paper_align_label_loss': '0.01465', 'paper_align_reason_loss': '0.191', 'epoch': '1.745'}
{'paper_align_label_loss': '0.02203', 'paper_align_reason_loss': '0.1433', 'epoch': '1.745'}
{'paper_align_label_loss': '0.02683', 'paper_align_reason_loss': '0.143', 'epoch': '1.745'}
{'loss': '0.4179', 'grad_norm': '2.995', 'learning_rate': '3.946e-05', 'epoch': '1.749'}
{'paper_align_label_loss': '0.007778', 'paper_align_reason_loss': '0.06085', 'epoch': '1.749'}
{'paper_align_label_loss': '0.09105', 'paper_align_reason_loss': '0.0909', 'epoch': '1.749'}
{'paper_align_label_loss': '0.1425', 'paper_align_reason_loss': '0.09183', 'epoch': '1.749'}
{'paper_align_label_loss': '0.01183', 'paper_align_reason_loss': '0.1037', 'epoch': '1.749'}
{'paper_align_label_loss': '0.0321', 'paper_align_reason_loss': '0.1213', 'epoch': '1.754'}
{'paper_align_label_loss': '0.1389', 'paper_align_reason_loss': '0.1175', 'epoch': '1.754'}
{'paper_align_label_loss': '0.04412', 'paper_align_reason_loss': '0.1267', 'epoch': '1.754'}
{'paper_align_label_loss': '0.04682', 'paper_align_reason_loss': '0.1909', 'epoch': '1.754'}
{'paper_align_label_loss': '0.0005243', 'paper_align_reason_loss': '0.05958', 'epoch': '1.759'}
{'paper_align_label_loss': '0.001761', 'paper_align_reason_loss': '0.07138', 'epoch': '1.759'}
{'paper_align_label_loss': '0.03499', 'paper_align_reason_loss': '0.1079', 'epoch': '1.759'}
{'paper_align_label_loss': '0.001508', 'paper_align_reason_loss': '0.1069', 'epoch': '1.759'}
{'paper_align_label_loss': '0.03286', 'paper_align_reason_loss': '0.1088', 'epoch': '1.764'}
{'paper_align_label_loss': '0.1172', 'paper_align_reason_loss': '0.1233', 'epoch': '1.764'}
{'paper_align_label_loss': '0.06382', 'paper_align_reason_loss': '0.1566', 'epoch': '1.764'}
{'paper_align_label_loss': '0.03961', 'paper_align_reason_loss': '0.1781', 'epoch': '1.764'}
{'paper_align_label_loss': '0.08842', 'paper_align_reason_loss': '0.1057', 'epoch': '1.769'}
{'paper_align_label_loss': '0.004415', 'paper_align_reason_loss': '0.08067', 'epoch': '1.769'}
{'paper_align_label_loss': '0.1427', 'paper_align_reason_loss': '0.1601', 'epoch': '1.769'}
{'paper_align_label_loss': '0.05635', 'paper_align_reason_loss': '0.1308', 'epoch': '1.769'}
{'paper_align_label_loss': '0.02116', 'paper_align_reason_loss': '0.09859', 'epoch': '1.774'}
{'paper_align_label_loss': '0.05982', 'paper_align_reason_loss': '0.1481', 'epoch': '1.774'}
{'paper_align_label_loss': '0.0005474', 'paper_align_reason_loss': '0.06712', 'epoch': '1.774'}
{'paper_align_label_loss': '0.0008676', 'paper_align_reason_loss': '0.07575', 'epoch': '1.774'}
{'paper_align_label_loss': '0.1279', 'paper_align_reason_loss': '0.1637', 'epoch': '1.779'}
{'paper_align_label_loss': '6.029e-05', 'paper_align_reason_loss': '0.08833', 'epoch': '1.779'}
{'paper_align_label_loss': '0.00285', 'paper_align_reason_loss': '0.1329', 'epoch': '1.779'}
{'paper_align_label_loss': '0.01762', 'paper_align_reason_loss': '0.2473', 'epoch': '1.779'}
{'paper_align_label_loss': '0.2647', 'paper_align_reason_loss': '0.1322', 'epoch': '1.783'}
{'paper_align_label_loss': '0.05859', 'paper_align_reason_loss': '0.1562', 'epoch': '1.783'}
{'paper_align_label_loss': '0.0324', 'paper_align_reason_loss': '0.1343', 'epoch': '1.783'}
{'paper_align_label_loss': '0.0005219', 'paper_align_reason_loss': '0.09836', 'epoch': '1.783'}
{'paper_align_label_loss': '0.04484', 'paper_align_reason_loss': '0.1046', 'epoch': '1.788'}
{'paper_align_label_loss': '0.0621', 'paper_align_reason_loss': '0.1227', 'epoch': '1.788'}
{'paper_align_label_loss': '0.05497', 'paper_align_reason_loss': '0.09378', 'epoch': '1.788'}
{'paper_align_label_loss': '0.001075', 'paper_align_reason_loss': '0.03452', 'epoch': '1.788'}
{'paper_align_label_loss': '0.08956', 'paper_align_reason_loss': '0.1792', 'epoch': '1.793'}
{'paper_align_label_loss': '0.09414', 'paper_align_reason_loss': '0.0908', 'epoch': '1.793'}
{'paper_align_label_loss': '0.0001464', 'paper_align_reason_loss': '0.07865', 'epoch': '1.793'}
{'paper_align_label_loss': '0.0004496', 'paper_align_reason_loss': '0.08498', 'epoch': '1.793'}
{'loss': '0.333', 'grad_norm': '3.726', 'learning_rate': '3.691e-05', 'epoch': '1.798'}
{'paper_align_label_loss': '0.008129', 'paper_align_reason_loss': '0.1182', 'epoch': '1.798'}
{'paper_align_label_loss': '0.01406', 'paper_align_reason_loss': '0.115', 'epoch': '1.798'}
{'paper_align_label_loss': '0.1273', 'paper_align_reason_loss': '0.1803', 'epoch': '1.798'}
{'paper_align_label_loss': '0.02341', 'paper_align_reason_loss': '0.187', 'epoch': '1.798'}
{'paper_align_label_loss': '0.02915', 'paper_align_reason_loss': '0.2061', 'epoch': '1.803'}
{'paper_align_label_loss': '0.07043', 'paper_align_reason_loss': '0.125', 'epoch': '1.803'}
{'paper_align_label_loss': '0.0002505', 'paper_align_reason_loss': '0.03823', 'epoch': '1.803'}
{'paper_align_label_loss': '0.1841', 'paper_align_reason_loss': '0.1369', 'epoch': '1.803'}
{'paper_align_label_loss': '0.0002612', 'paper_align_reason_loss': '0.05689', 'epoch': '1.808'}
{'paper_align_label_loss': '0.005033', 'paper_align_reason_loss': '0.1532', 'epoch': '1.808'}
{'paper_align_label_loss': '0.2513', 'paper_align_reason_loss': '0.135', 'epoch': '1.808'}
{'paper_align_label_loss': '0.00314', 'paper_align_reason_loss': '0.09744', 'epoch': '1.808'}
{'paper_align_label_loss': '0.03703', 'paper_align_reason_loss': '0.1467', 'epoch': '1.813'}
{'paper_align_label_loss': '0.003276', 'paper_align_reason_loss': '0.1759', 'epoch': '1.813'}
{'paper_align_label_loss': '0.000852', 'paper_align_reason_loss': '0.1004', 'epoch': '1.813'}
{'paper_align_label_loss': '0.03905', 'paper_align_reason_loss': '0.1527', 'epoch': '1.813'}
{'paper_align_label_loss': '0.134', 'paper_align_reason_loss': '0.1676', 'epoch': '1.818'}
{'paper_align_label_loss': '0.06188', 'paper_align_reason_loss': '0.1654', 'epoch': '1.818'}
{'paper_align_label_loss': '0.3754', 'paper_align_reason_loss': '0.2525', 'epoch': '1.818'}
{'paper_align_label_loss': '0.0001107', 'paper_align_reason_loss': '0.06738', 'epoch': '1.818'}
{'paper_align_label_loss': '0.01309', 'paper_align_reason_loss': '0.1574', 'epoch': '1.822'}
{'paper_align_label_loss': '0.03492', 'paper_align_reason_loss': '0.1612', 'epoch': '1.822'}
{'paper_align_label_loss': '0.2421', 'paper_align_reason_loss': '0.1841', 'epoch': '1.822'}
{'paper_align_label_loss': '0.0811', 'paper_align_reason_loss': '0.1379', 'epoch': '1.822'}
{'paper_align_label_loss': '0.003448', 'paper_align_reason_loss': '0.1146', 'epoch': '1.827'}

 61%|██████    | 376/618 [14:54<09:42,  2.41s/it]2026-09-22 08:45:40,217 INFO [rev_util_verifiability|paper_align|Qwen3-0.6B] step=376 epoch=1.8273

                                                 

 61%|██████    | 376/618 [14:54<09:42,  2.41s/it]2026-09-22 08:45:40,792 INFO [rev_util_verifiability|paper_align|Qwen3-0.6B] step=376 epoch=1.8273

                                                 

 61%|██████    | 376/618 [14:55<09:42,  2.41s/it]
 61%|██████    | 377/618 [14:55<09:54,  2.47s/it]2026-09-22 08:45:41,405 INFO [rev_util_verifiability|paper_align|Qwen3-0.6B] step=377 epoch=1.8321

                                                 

 61%|██████    | 377/618 [14:56<09:54,  2.47s/it]2026-09-22 08:45:41,972 INFO [rev_util_verifiability|paper_align|Qwen3-0.6B] step=377 epoch=1.8321

                                                 

 61%|██████    | 377/618 [14:56<09:54,  2.47s/it]2026-09-22 08:45:42,543 INFO [rev_util_verifiability|paper_align|Qwen3-0.6B] step=377 epoch=1.8321

                                                 

 61%|██████    | 377/618 [14:57<09:54,  2.47s/it]2026-09-22 08:45:43,122 INFO [rev_util_verifiability|paper_align|Qwen3-0.6B] step=377 epoch=1.8321

                                                 

 61%|██████    | 377/618 [14:57<09:54,  2.47s/it]
 61%|██████    | 378/618 [14:58<09:42,  2.43s/it]2026-09-22 08:45:43,739 INFO [rev_util_verifiability|paper_align|Qwen3-0.6B] step=378 epoch=1.8370

                                                 

 61%|██████    | 378/618 [14:58<09:42,  2.43s/it]2026-09-22 08:45:44,304 INFO [rev_util_verifiability|paper_align|Qwen3-0.6B] step=378 epoch=1.8370

                                                 

 61%|██████    | 378/618 [14:59<09:42,  2.43s/it]2026-09-22 08:45:44,896 INFO [rev_util_verifiability|paper_align|Qwen3-0.6B] step=378 epoch=1.8370

                                                 

 61%|██████    | 378/618 [14:59<09:42,  2.43s/it]2026-09-22 08:45:45,483 INFO [rev_util_verifiability|paper_align|Qwen3-0.6B] step=378 epoch=1.8370

                                                 

 61%|██████    | 378/618 [15:00<09:42,  2.43s/it]
 61%|██████▏   | 379/618 [15:00<09:36,  2.41s/it]2026-09-22 08:45:46,112 INFO [rev_util_verifiability|paper_align|Qwen3-0.6B] step=379 epoch=1.8418

                                                 

 61%|██████▏   | 379/618 [15:00<09:36,  2.41s/it]2026-09-22 08:45:46,684 INFO [rev_util_verifiability|paper_align|Qwen3-0.6B] step=379 epoch=1.8418

                                                 

 61%|██████▏   | 379/618 [15:01<09:36,  2.41s/it]2026-09-22 08:45:47,269 INFO [rev_util_verifiability|paper_align|Qwen3-0.6B] step=379 epoch=1.8418

                                                 

 61%|██████▏   | 379/618 [15:01<09:36,  2.41s/it]2026-09-22 08:45:47,866 INFO [rev_util_verifiability|paper_align|Qwen3-0.6B] step=379 epoch=1.8418

                                                 

 61%|██████▏   | 379/618 [15:02<09:36,  2.41s/it]
 61%|██████▏   | 380/618 [15:02<09:31,  2.40s/it]2026-09-22 08:45:48,276 INFO [rev_util_verifiability|paper_align|Qwen3-0.6B] step=380 loss=0.3777 learning_rate=0.0000 epoch=1.8467

                                                 

 61%|██████▏   | 380/618 [15:02<09:31,  2.40s/it]2026-09-22 08:45:48,513 INFO [rev_util_verifiability|paper_align|Qwen3-0.6B] step=380 epoch=1.8467

                                                 

 61%|██████▏   | 380/618 [15:03<09:31,  2.40s/it]2026-09-22 08:45:49,092 INFO [rev_util_verifiability|paper_align|Qwen3-0.6B] step=380 epoch=1.8467

                                                 

 61%|██████▏   | 380/618 [15:03<09:31,  2.40s/it]2026-09-22 08:45:49,675 INFO [rev_util_verifiability|paper_align|Qwen3-0.6B] step=380 epoch=1.8467

                                                 

 61%|██████▏   | 380/618 [15:04<09:31,  2.40s/it]2026-09-22 08:45:50,265 INFO [rev_util_verifiability|paper_align|Qwen3-0.6B] step=380 epoch=1.8467

                                                 

 61%|██████▏   | 380/618 [15:04<09:31,  2.40s/it]
 62%|██████▏   | 381/618 [15:05<09:29,  2.41s/it]2026-09-22 08:45:50,961 INFO [rev_util_verifiability|paper_align|Qwen3-0.6B] step=381 epoch=1.8516

                                                 

 62%|██████▏   | 381/618 [15:05<09:29,  2.41s/it]2026-09-22 08:45:51,537 INFO [rev_util_verifiability|paper_align|Qwen3-0.6B] step=381 epoch=1.8516

                                                 

 62%|██████▏   | 381/618 [15:06<09:29,  2.41s/it]2026-09-22 08:45:52,114 INFO [rev_util_verifiability|paper_align|Qwen3-0.6B] step=381 epoch=1.8516

                                                 

 62%|██████▏   | 381/618 [15:06<09:29,  2.41s/it]2026-09-22 08:45:52,685 INFO [rev_util_verifiability|paper_align|Qwen3-0.6B] step=381 epoch=1.8516

                                                 

 62%|██████▏   | 381/618 [15:07<09:29,  2.41s/it]
 62%|██████▏   | 382/618 [15:08<09:44,  2.48s/it]2026-09-22 08:45:53,555 INFO [rev_util_verifiability|paper_align|Qwen3-0.6B] step=382 epoch=1.8564

                                                 

 62%|██████▏   | 382/618 [15:08<09:44,  2.48s/it]2026-09-22 08:45:54,118 INFO [rev_util_verifiability|paper_align|Qwen3-0.6B] step=382 epoch=1.8564

                                                 

 62%|██████▏   | 382/618 [15:08<09:44,  2.48s/it]2026-09-22 08:45:54,688 INFO [rev_util_verifiability|paper_align|Qwen3-0.6B] step=382 epoch=1.8564

                                                 

 62%|██████▏   | 382/618 [15:09<09:44,  2.48s/it]2026-09-22 08:45:55,274 INFO [rev_util_verifiability|paper_align|Qwen3-0.6B] step=382 epoch=1.8564

                                                 

 62%|██████▏   | 382/618 [15:09<09:44,  2.48s/it]
 62%|██████▏   | 383/618 [15:10<09:31,  2.43s/it]2026-09-22 08:45:55,878 INFO [rev_util_verifiability|paper_align|Qwen3-0.6B] step=383 epoch=1.8613

                                                 

 62%|██████▏   | 383/618 [15:10<09:31,  2.43s/it]2026-09-22 08:45:56,439 INFO [rev_util_verifiability|paper_align|Qwen3-0.6B] step=383 epoch=1.8613

                                                 

 62%|██████▏   | 383/618 [15:11<09:31,  2.43s/it]2026-09-22 08:45:57,009 INFO [rev_util_verifiability|paper_align|Qwen3-0.6B] step=383 epoch=1.8613

                                                 

 62%|██████▏   | 383/618 [15:11<09:31,  2.43s/it]2026-09-22 08:45:57,577 INFO [rev_util_verifiability|paper_align|Qwen3-0.6B] step=383 epoch=1.8613

                                                 

 62%|██████▏   | 383/618 [15:12<09:31,  2.43s/it]
 62%|██████▏   | 384/618 [15:12<09:20,  2.40s/it]2026-09-22 08:45:58,181 INFO [rev_util_verifiability|paper_align|Qwen3-0.6B] step=384 epoch=1.8662

                                                 

 62%|██████▏   | 384/618 [15:12<09:20,  2.40s/it]2026-09-22 08:45:58,740 INFO [rev_util_verifiability|paper_align|Qwen3-0.6B] step=384 epoch=1.8662

                                                 

 62%|██████▏   | 384/618 [15:13<09:20,  2.40s/it]2026-09-22 08:45:59,298 INFO [rev_util_verifiability|paper_align|Qwen3-0.6B] step=384 epoch=1.8662

                                                 

 62%|██████▏   | 384/618 [15:14<09:20,  2.40s/it]2026-09-22 08:45:59,854 INFO [rev_util_verifiability|paper_align|Qwen3-0.6B] step=384 epoch=1.8662

                                                 

 62%|██████▏   | 384/618 [15:14<09:20,  2.40s/it]
 62%|██████▏   | 385/618 [15:14<09:10,  2.36s/it]2026-09-22 08:46:00,467 INFO [rev_util_verifiability|paper_align|Qwen3-0.6B] step=385 epoch=1.8710

                                                 

 62%|██████▏   | 385/618 [15:15<09:10,  2.36s/it]2026-09-22 08:46:01,023 INFO [rev_util_verifiability|paper_align|Qwen3-0.6B] step=385 epoch=1.8710

                                                 

 62%|██████▏   | 385/618 [15:15<09:10,  2.36s/it]2026-09-22 08:46:01,578 INFO [rev_util_verifiability|paper_align|Qwen3-0.6B] step=385 epoch=1.8710

                                                 

 62%|██████▏   | 385/618 [15:16<09:10,  2.36s/it]2026-09-22 08:46:02,129 INFO [rev_util_verifiability|paper_align|Qwen3-0.6B] step=385 epoch=1.8710

                                                 

 62%|██████▏   | 385/618 [15:16<09:10,  2.36s/it]
 62%|██████▏   | 386/618 [15:17<09:01,  2.33s/it]2026-09-22 08:46:02,733 INFO [rev_util_verifiability|paper_align|Qwen3-0.6B] step=386 epoch=1.8759

                                                 

 62%|██████▏   | 386/618 [15:17<09:01,  2.33s/it]2026-09-22 08:46:03,296 INFO [rev_util_verifiability|paper_align|Qwen3-0.6B] step=386 epoch=1.8759

                                                 

 62%|██████▏   | 386/618 [15:18<09:01,  2.33s/it]2026-09-22 08:46:03,863 INFO [rev_util_verifiability|paper_align|Qwen3-0.6B] step=386 epoch=1.8759

                                                 

 62%|██████▏   | 386/618 [15:18<09:01,  2.33s/it]2026-09-22 08:46:04,422 INFO [rev_util_verifiability|paper_align|Qwen3-0.6B] step=386 epoch=1.8759

                                                 

 62%|██████▏   | 386/618 [15:19<09:01,  2.33s/it]
 63%|██████▎   | 387/618 [15:19<08:56,  2.32s/it]2026-09-22 08:46:05,033 INFO [rev_util_verifiability|paper_align|Qwen3-0.6B] step=387 epoch=1.8808

                                                 

 63%|██████▎   | 387/618 [15:19<08:56,  2.32s/it]2026-09-22 08:46:05,864 INFO [rev_util_verifiability|paper_align|Qwen3-0.6B] step=387 epoch=1.8808

                                                 

 63%|██████▎   | 387/618 [15:20<08:56,  2.32s/it]2026-09-22 08:46:06,435 INFO [rev_util_verifiability|paper_align|Qwen3-0.6B] step=387 epoch=1.8808

                                                 

 63%|██████▎   | 387/618 [15:21<08:56,  2.32s/it]2026-09-22 08:46:07,007 INFO [rev_util_verifiability|paper_align|Qwen3-0.6B] step=387 epoch=1.8808

                                                 

 63%|██████▎   | 387/618 [15:21<08:56,  2.32s/it]
 63%|██████▎   | 388/618 [15:22<09:13,  2.41s/it]2026-09-22 08:46:07,638 INFO [rev_util_verifiability|paper_align|Qwen3-0.6B] step=388 epoch=1.8856

                                                 

 63%|██████▎   | 388/618 [15:22<09:13,  2.41s/it]2026-09-22 08:46:08,219 INFO [rev_util_verifiability|paper_align|Qwen3-0.6B] step=388 epoch=1.8856

                                                 

 63%|██████▎   | 388/618 [15:22<09:13,  2.41s/it]2026-09-22 08:46:08,800 INFO [rev_util_verifiability|paper_align|Qwen3-0.6B] step=388 epoch=1.8856

                                                 

 63%|██████▎   | 388/618 [15:23<09:13,  2.41s/it]2026-09-22 08:46:09,378 INFO [rev_util_verifiability|paper_align|Qwen3-0.6B] step=388 epoch=1.8856

                                                 

 63%|██████▎   | 388/618 [15:24<09:13,  2.41s/it]
 63%|██████▎   | 389/618 [15:24<09:07,  2.39s/it]2026-09-22 08:46:09,991 INFO [rev_util_verifiability|paper_align|Qwen3-0.6B] step=389 epoch=1.8905

                                                 

 63%|██████▎   | 389/618 [15:24<09:07,  2.39s/it]2026-09-22 08:46:10,552 INFO [rev_util_verifiability|paper_align|Qwen3-0.6B] step=389 epoch=1.8905

                                                 

 63%|██████▎   | 389/618 [15:25<09:07,  2.39s/it]2026-09-22 08:46:11,128 INFO [rev_util_verifiability|paper_align|Qwen3-0.6B] step=389 epoch=1.8905

                                                 

 63%|██████▎   | 389/618 [15:25<09:07,  2.39s/it]2026-09-22 08:46:11,698 INFO [rev_util_verifiability|paper_align|Qwen3-0.6B] step=389 epoch=1.8905

                                                 

 63%|██████▎   | 389/618 [15:26<09:07,  2.39s/it]
 63%|██████▎   | 390/618 [15:26<09:00,  2.37s/it]2026-09-22 08:46:12,103 INFO [rev_util_verifiability|paper_align|Qwen3-0.6B] step=390 loss=0.4495 learning_rate=0.0000 epoch=1.8954

                                                 

 63%|██████▎   | 390/618 [15:26<09:00,  2.37s/it]2026-09-22 08:46:12,319 INFO [rev_util_verifiability|paper_align|Qwen3-0.6B] step=390 epoch=1.8954

                                                 

 63%|██████▎   | 390/618 [15:27<09:00,  2.37s/it]2026-09-22 08:46:12,877 INFO [rev_util_verifiability|paper_align|Qwen3-0.6B] step=390 epoch=1.8954

                                                 

 63%|██████▎   | 390/618 [15:27<09:00,  2.37s/it]2026-09-22 08:46:13,440 INFO [rev_util_verifiability|paper_align|Qwen3-0.6B] step=390 epoch=1.8954

                                                 

 63%|██████▎   | 390/618 [15:28<09:00,  2.37s/it]2026-09-22 08:46:13,999 INFO [rev_util_verifiability|paper_align|Qwen3-0.6B] step=390 epoch=1.8954

                                                 

 63%|██████▎   | 390/618 [15:28<09:00,  2.37s/it]
 63%|██████▎   | 391/618 [15:29<08:52,  2.35s/it]2026-09-22 08:46:14,608 INFO [rev_util_verifiability|paper_align|Qwen3-0.6B] step=391 epoch=1.9002

                                                 

 63%|██████▎   | 391/618 [15:29<08:52,  2.35s/it]2026-09-22 08:46:15,175 INFO [rev_util_verifiability|paper_align|Qwen3-0.6B] step=391 epoch=1.9002

                                                 

 63%|██████▎   | 391/618 [15:29<08:52,  2.35s/it]2026-09-22 08:46:15,739 INFO [rev_util_verifiability|paper_align|Qwen3-0.6B] step=391 epoch=1.9002

                                                 

 63%|██████▎   | 391/618 [15:30<08:52,  2.35s/it]2026-09-22 08:46:16,303 INFO [rev_util_verifiability|paper_align|Qwen3-0.6B] step=391 epoch=1.9002

                                                 

 63%|██████▎   | 391/618 [15:31<08:52,  2.35s/it]
 63%|██████▎   | 392/618 [15:31<08:47,  2.33s/it]2026-09-22 08:46:17,191 INFO [rev_util_verifiability|paper_align|Qwen3-0.6B] step=392 epoch=1.9051

                                                 

 63%|██████▎   | 392/618 [15:31<08:47,  2.33s/it]2026-09-22 08:46:17,757 INFO [rev_util_verifiability|paper_align|Qwen3-0.6B] step=392 epoch=1.9051

                                                 

 63%|██████▎   | 392/618 [15:32<08:47,  2.33s/it]2026-09-22 08:46:18,320 INFO [rev_util_verifiability|paper_align|Qwen3-0.6B] step=392 epoch=1.9051

                                                 

 63%|██████▎   | 392/618 [15:33<08:47,  2.33s/it]2026-09-22 08:46:18,886 INFO [rev_util_verifiability|paper_align|Qwen3-0.6B] step=392 epoch=1.9051

                                                 

 63%|██████▎   | 392/618 [15:33<08:47,  2.33s/it]
 64%|██████▎   | 393/618 [15:33<09:02,  2.41s/it]2026-09-22 08:46:19,506 INFO [rev_util_verifiability|paper_align|Qwen3-0.6B] step=393 epoch=1.9100

                                                 

 64%|██████▎   | 393/618 [15:34<09:02,  2.41s/it]2026-09-22 08:46:20,077 INFO [rev_util_verifiability|paper_align|Qwen3-0.6B] step=393 epoch=1.9100

                                                 

 64%|██████▎   | 393/618 [15:34<09:02,  2.41s/it]2026-09-22 08:46:20,649 INFO [rev_util_verifiability|paper_align|Qwen3-0.6B] step=393 epoch=1.9100

                                                 

 64%|██████▎   | 393/618 [15:35<09:02,  2.41s/it]2026-09-22 08:46:21,209 INFO [rev_util_verifiability|paper_align|Qwen3-0.6B] step=393 epoch=1.9100

                                                 

 64%|██████▎   | 393/618 [15:35<09:02,  2.41s/it]
 64%|██████▍   | 394/618 [15:36<08:53,  2.38s/it]2026-09-22 08:46:21,810 INFO [rev_util_verifiability|paper_align|Qwen3-0.6B] step=394 epoch=1.9148

                                                 

 64%|██████▍   | 394/618 [15:36<08:53,  2.38s/it]2026-09-22 08:46:22,371 INFO [rev_util_verifiability|paper_align|Qwen3-0.6B] step=394 epoch=1.9148

                                                 

 64%|██████▍   | 394/618 [15:37<08:53,  2.38s/it]2026-09-22 08:46:22,936 INFO [rev_util_verifiability|paper_align|Qwen3-0.6B] step=394 epoch=1.9148

                                                 

 64%|██████▍   | 394/618 [15:37<08:53,  2.38s/it]2026-09-22 08:46:23,495 INFO [rev_util_verifiability|paper_align|Qwen3-0.6B] step=394 epoch=1.9148

                                                 

 64%|██████▍   | 394/618 [15:38<08:53,  2.38s/it]
 64%|██████▍   | 395/618 [15:38<08:44,  2.35s/it]2026-09-22 08:46:24,103 INFO [rev_util_verifiability|paper_align|Qwen3-0.6B] step=395 epoch=1.9197

                                                 

 64%|██████▍   | 395/618 [15:38<08:44,  2.35s/it]2026-09-22 08:46:24,691 INFO [rev_util_verifiability|paper_align|Qwen3-0.6B] step=395 epoch=1.9197

                                                 

 64%|██████▍   | 395/618 [15:39<08:44,  2.35s/it]2026-09-22 08:46:25,276 INFO [rev_util_verifiability|paper_align|Qwen3-0.6B] step=395 epoch=1.9197

                                                 

 64%|██████▍   | 395/618 [15:39<08:44,  2.35s/it]2026-09-22 08:46:25,857 INFO [rev_util_verifiability|paper_align|Qwen3-0.6B] step=395 epoch=1.9197

                                                 

 64%|██████▍   | 395/618 [15:40<08:44,  2.35s/it]
 64%|██████▍   | 396/618 [15:41<08:48,  2.38s/it]2026-09-22 08:46:26,548 INFO [rev_util_verifiability|paper_align|Qwen3-0.6B] step=396 epoch=1.9246

                                                 

 64%|██████▍   | 396/618 [15:41<08:48,  2.38s/it]2026-09-22 08:46:27,122 INFO [rev_util_verifiability|paper_align|Qwen3-0.6B] step=396 epoch=1.9246

                                                 

 64%|██████▍   | 396/618 [15:41<08:48,  2.38s/it]2026-09-22 08:46:27,737 INFO [rev_util_verifiability|paper_align|Qwen3-0.6B] step=396 epoch=1.9246

                                                 

 64%|██████▍   | 396/618 [15:42<08:48,  2.38s/it]2026-09-22 08:46:28,323 INFO [rev_util_verifiability|paper_align|Qwen3-0.6B] step=396 epoch=1.9246

                                                 

 64%|██████▍   | 396/618 [15:43<08:48,  2.38s/it]
 64%|██████▍   | 397/618 [15:43<08:46,  2.38s/it]2026-09-22 08:46:28,939 INFO [rev_util_verifiability|paper_align|Qwen3-0.6B] step=397 epoch=1.9294

                                                 

 64%|██████▍   | 397/618 [15:43<08:46,  2.38s/it]2026-09-22 08:46:29,806 INFO [rev_util_verifiability|paper_align|Qwen3-0.6B] step=397 epoch=1.9294

                                                 

 64%|██████▍   | 397/618 [15:44<08:46,  2.38s/it]2026-09-22 08:46:30,387 INFO [rev_util_verifiability|paper_align|Qwen3-0.6B] step=397 epoch=1.9294

                                                 

 64%|██████▍   | 397/618 [15:45<08:46,  2.38s/it]2026-09-22 08:46:30,972 INFO [rev_util_verifiability|paper_align|Qwen3-0.6B] step=397 epoch=1.9294

                                                 
{'paper_align_label_loss': '0.05372', 'paper_align_reason_loss': '0.2067', 'epoch': '1.827'}
{'paper_align_label_loss': '0.05832', 'paper_align_reason_loss': '0.1053', 'epoch': '1.827'}
{'paper_align_label_loss': '0.01784', 'paper_align_reason_loss': '0.1365', 'epoch': '1.827'}
{'paper_align_label_loss': '0.007048', 'paper_align_reason_loss': '0.08951', 'epoch': '1.832'}
{'paper_align_label_loss': '0.0008218', 'paper_align_reason_loss': '0.1017', 'epoch': '1.832'}
{'paper_align_label_loss': '0.006574', 'paper_align_reason_loss': '0.09787', 'epoch': '1.832'}
{'paper_align_label_loss': '0.08607', 'paper_align_reason_loss': '0.1004', 'epoch': '1.832'}
{'paper_align_label_loss': '0.0524', 'paper_align_reason_loss': '0.1368', 'epoch': '1.837'}
{'paper_align_label_loss': '7.266e-05', 'paper_align_reason_loss': '0.08235', 'epoch': '1.837'}
{'paper_align_label_loss': '0.03871', 'paper_align_reason_loss': '0.13', 'epoch': '1.837'}
{'paper_align_label_loss': '0.01496', 'paper_align_reason_loss': '0.1548', 'epoch': '1.837'}
{'paper_align_label_loss': '0.01874', 'paper_align_reason_loss': '0.1637', 'epoch': '1.842'}
{'paper_align_label_loss': '0.04331', 'paper_align_reason_loss': '0.1591', 'epoch': '1.842'}
{'paper_align_label_loss': '0.01379', 'paper_align_reason_loss': '0.0953', 'epoch': '1.842'}
{'paper_align_label_loss': '0.004499', 'paper_align_reason_loss': '0.1017', 'epoch': '1.842'}
{'loss': '0.3777', 'grad_norm': '2.945', 'learning_rate': '3.44e-05', 'epoch': '1.847'}
{'paper_align_label_loss': '0.01768', 'paper_align_reason_loss': '0.1471', 'epoch': '1.847'}
{'paper_align_label_loss': '0.01064', 'paper_align_reason_loss': '0.102', 'epoch': '1.847'}
{'paper_align_label_loss': '0.1438', 'paper_align_reason_loss': '0.128', 'epoch': '1.847'}
{'paper_align_label_loss': '0.02125', 'paper_align_reason_loss': '0.1339', 'epoch': '1.847'}
{'paper_align_label_loss': '0.03468', 'paper_align_reason_loss': '0.1412', 'epoch': '1.852'}
{'paper_align_label_loss': '0.04691', 'paper_align_reason_loss': '0.1034', 'epoch': '1.852'}
{'paper_align_label_loss': '0.06988', 'paper_align_reason_loss': '0.1213', 'epoch': '1.852'}
{'paper_align_label_loss': '0.02823', 'paper_align_reason_loss': '0.1826', 'epoch': '1.852'}
{'paper_align_label_loss': '0.01306', 'paper_align_reason_loss': '0.1343', 'epoch': '1.856'}
{'paper_align_label_loss': '0.08317', 'paper_align_reason_loss': '0.1372', 'epoch': '1.856'}
{'paper_align_label_loss': '0.1179', 'paper_align_reason_loss': '0.1092', 'epoch': '1.856'}
{'paper_align_label_loss': '0.2433', 'paper_align_reason_loss': '0.2531', 'epoch': '1.856'}
{'paper_align_label_loss': '0.03822', 'paper_align_reason_loss': '0.166', 'epoch': '1.861'}
{'paper_align_label_loss': '0.02331', 'paper_align_reason_loss': '0.1394', 'epoch': '1.861'}
{'paper_align_label_loss': '0.3089', 'paper_align_reason_loss': '0.2094', 'epoch': '1.861'}
{'paper_align_label_loss': '0.2085', 'paper_align_reason_loss': '0.1961', 'epoch': '1.861'}
{'paper_align_label_loss': '0.07882', 'paper_align_reason_loss': '0.1736', 'epoch': '1.866'}
{'paper_align_label_loss': '0.1874', 'paper_align_reason_loss': '0.1386', 'epoch': '1.866'}
{'paper_align_label_loss': '0.09838', 'paper_align_reason_loss': '0.1172', 'epoch': '1.866'}
{'paper_align_label_loss': '0.00672', 'paper_align_reason_loss': '0.1027', 'epoch': '1.866'}
{'paper_align_label_loss': '0.04872', 'paper_align_reason_loss': '0.1186', 'epoch': '1.871'}
{'paper_align_label_loss': '0.1104', 'paper_align_reason_loss': '0.1345', 'epoch': '1.871'}
{'paper_align_label_loss': '0.07845', 'paper_align_reason_loss': '0.08353', 'epoch': '1.871'}
{'paper_align_label_loss': '0.03184', 'paper_align_reason_loss': '0.0912', 'epoch': '1.871'}
{'paper_align_label_loss': '0.009647', 'paper_align_reason_loss': '0.07061', 'epoch': '1.876'}
{'paper_align_label_loss': '0.2019', 'paper_align_reason_loss': '0.1316', 'epoch': '1.876'}
{'paper_align_label_loss': '0.02434', 'paper_align_reason_loss': '0.1762', 'epoch': '1.876'}
{'paper_align_label_loss': '0.0006265', 'paper_align_reason_loss': '0.09889', 'epoch': '1.876'}
{'paper_align_label_loss': '0.05718', 'paper_align_reason_loss': '0.1774', 'epoch': '1.881'}
{'paper_align_label_loss': '0.0004378', 'paper_align_reason_loss': '0.06129', 'epoch': '1.881'}
{'paper_align_label_loss': '0.2845', 'paper_align_reason_loss': '0.1353', 'epoch': '1.881'}
{'paper_align_label_loss': '0.04818', 'paper_align_reason_loss': '0.2168', 'epoch': '1.881'}
{'paper_align_label_loss': '0.1996', 'paper_align_reason_loss': '0.204', 'epoch': '1.886'}
{'paper_align_label_loss': '0.288', 'paper_align_reason_loss': '0.1219', 'epoch': '1.886'}
{'paper_align_label_loss': '0.1705', 'paper_align_reason_loss': '0.2027', 'epoch': '1.886'}
{'paper_align_label_loss': '0.05683', 'paper_align_reason_loss': '0.2033', 'epoch': '1.886'}
{'paper_align_label_loss': '0.04959', 'paper_align_reason_loss': '0.1067', 'epoch': '1.891'}
{'paper_align_label_loss': '0.06168', 'paper_align_reason_loss': '0.1081', 'epoch': '1.891'}
{'paper_align_label_loss': '0.001767', 'paper_align_reason_loss': '0.08616', 'epoch': '1.891'}
{'paper_align_label_loss': '7.934e-05', 'paper_align_reason_loss': '0.01957', 'epoch': '1.891'}
{'loss': '0.4495', 'grad_norm': '2.517', 'learning_rate': '3.193e-05', 'epoch': '1.895'}
{'paper_align_label_loss': '0.05927', 'paper_align_reason_loss': '0.182', 'epoch': '1.895'}
{'paper_align_label_loss': '0.0003284', 'paper_align_reason_loss': '0.05936', 'epoch': '1.895'}
{'paper_align_label_loss': '0.0607', 'paper_align_reason_loss': '0.1349', 'epoch': '1.895'}
{'paper_align_label_loss': '0.006671', 'paper_align_reason_loss': '0.1469', 'epoch': '1.895'}
{'paper_align_label_loss': '0.1489', 'paper_align_reason_loss': '0.07162', 'epoch': '1.9'}
{'paper_align_label_loss': '0.05487', 'paper_align_reason_loss': '0.04441', 'epoch': '1.9'}
{'paper_align_label_loss': '0.1897', 'paper_align_reason_loss': '0.09289', 'epoch': '1.9'}
{'paper_align_label_loss': '0.2252', 'paper_align_reason_loss': '0.1047', 'epoch': '1.9'}
{'paper_align_label_loss': '0.06931', 'paper_align_reason_loss': '0.2284', 'epoch': '1.905'}
{'paper_align_label_loss': '0.000185', 'paper_align_reason_loss': '0.06385', 'epoch': '1.905'}
{'paper_align_label_loss': '0.02074', 'paper_align_reason_loss': '0.08668', 'epoch': '1.905'}
{'paper_align_label_loss': '0.02568', 'paper_align_reason_loss': '0.1235', 'epoch': '1.905'}
{'paper_align_label_loss': '0.05351', 'paper_align_reason_loss': '0.1599', 'epoch': '1.91'}
{'paper_align_label_loss': '0.03628', 'paper_align_reason_loss': '0.181', 'epoch': '1.91'}
{'paper_align_label_loss': '0.0217', 'paper_align_reason_loss': '0.09165', 'epoch': '1.91'}
{'paper_align_label_loss': '0.01385', 'paper_align_reason_loss': '0.08527', 'epoch': '1.91'}
{'paper_align_label_loss': '0.08147', 'paper_align_reason_loss': '0.1808', 'epoch': '1.915'}
{'paper_align_label_loss': '0.3671', 'paper_align_reason_loss': '0.3139', 'epoch': '1.915'}
{'paper_align_label_loss': '0.2438', 'paper_align_reason_loss': '0.1363', 'epoch': '1.915'}
{'paper_align_label_loss': '0.01897', 'paper_align_reason_loss': '0.1199', 'epoch': '1.915'}
{'paper_align_label_loss': '0.02541', 'paper_align_reason_loss': '0.1888', 'epoch': '1.92'}
{'paper_align_label_loss': '0.05464', 'paper_align_reason_loss': '0.1562', 'epoch': '1.92'}
{'paper_align_label_loss': '0.01811', 'paper_align_reason_loss': '0.07419', 'epoch': '1.92'}
{'paper_align_label_loss': '0.009178', 'paper_align_reason_loss': '0.08352', 'epoch': '1.92'}
{'paper_align_label_loss': '0.09096', 'paper_align_reason_loss': '0.1267', 'epoch': '1.925'}
{'paper_align_label_loss': '0.001025', 'paper_align_reason_loss': '0.05282', 'epoch': '1.925'}
{'paper_align_label_loss': '0.1559', 'paper_align_reason_loss': '0.247', 'epoch': '1.925'}
{'paper_align_label_loss': '0.06153', 'paper_align_reason_loss': '0.1555', 'epoch': '1.925'}
{'paper_align_label_loss': '0.08575', 'paper_align_reason_loss': '0.1581', 'epoch': '1.929'}
{'paper_align_label_loss': '0.0179', 'paper_align_reason_loss': '0.06511', 'epoch': '1.929'}
{'paper_align_label_loss': '0.07227', 'paper_align_reason_loss': '0.2141', 'epoch': '1.929'}

 64%|██████▍   | 397/618 [15:45<08:46,  2.38s/it]
 64%|██████▍   | 398/618 [15:46<09:01,  2.46s/it]2026-09-22 08:46:31,576 INFO [rev_util_verifiability|paper_align|Qwen3-0.6B] step=398 epoch=1.9343

                                                 

 64%|██████▍   | 398/618 [15:46<09:01,  2.46s/it]2026-09-22 08:46:32,158 INFO [rev_util_verifiability|paper_align|Qwen3-0.6B] step=398 epoch=1.9343

                                                 

 64%|██████▍   | 398/618 [15:46<09:01,  2.46s/it]2026-09-22 08:46:32,733 INFO [rev_util_verifiability|paper_align|Qwen3-0.6B] step=398 epoch=1.9343

                                                 

 64%|██████▍   | 398/618 [15:47<09:01,  2.46s/it]2026-09-22 08:46:33,327 INFO [rev_util_verifiability|paper_align|Qwen3-0.6B] step=398 epoch=1.9343

                                                 

 64%|██████▍   | 398/618 [15:48<09:01,  2.46s/it]
 65%|██████▍   | 399/618 [15:48<08:53,  2.43s/it]2026-09-22 08:46:33,955 INFO [rev_util_verifiability|paper_align|Qwen3-0.6B] step=399 epoch=1.9392

                                                 

 65%|██████▍   | 399/618 [15:48<08:53,  2.43s/it]2026-09-22 08:46:34,535 INFO [rev_util_verifiability|paper_align|Qwen3-0.6B] step=399 epoch=1.9392

                                                 

 65%|██████▍   | 399/618 [15:49<08:53,  2.43s/it]2026-09-22 08:46:35,110 INFO [rev_util_verifiability|paper_align|Qwen3-0.6B] step=399 epoch=1.9392

                                                 

 65%|██████▍   | 399/618 [15:49<08:53,  2.43s/it]2026-09-22 08:46:35,694 INFO [rev_util_verifiability|paper_align|Qwen3-0.6B] step=399 epoch=1.9392

                                                 

 65%|██████▍   | 399/618 [15:50<08:53,  2.43s/it]
 65%|██████▍   | 400/618 [15:50<08:46,  2.41s/it]2026-09-22 08:46:36,107 INFO [rev_util_verifiability|paper_align|Qwen3-0.6B] step=400 loss=0.3872 learning_rate=0.0000 epoch=1.9440

                                                 

 65%|██████▍   | 400/618 [15:50<08:46,  2.41s/it]2026-09-22 08:46:36,321 INFO [rev_util_verifiability|paper_align|Qwen3-0.6B] step=400 epoch=1.9440

                                                 

 65%|██████▍   | 400/618 [15:51<08:46,  2.41s/it]2026-09-22 08:46:36,889 INFO [rev_util_verifiability|paper_align|Qwen3-0.6B] step=400 epoch=1.9440

                                                 

 65%|██████▍   | 400/618 [15:51<08:46,  2.41s/it]2026-09-22 08:46:37,478 INFO [rev_util_verifiability|paper_align|Qwen3-0.6B] step=400 epoch=1.9440

                                                 

 65%|██████▍   | 400/618 [15:52<08:46,  2.41s/it]2026-09-22 08:46:38,066 INFO [rev_util_verifiability|paper_align|Qwen3-0.6B] step=400 epoch=1.9440

                                                 

 65%|██████▍   | 400/618 [15:52<08:46,  2.41s/it]
 65%|██████▍   | 401/618 [15:53<08:41,  2.40s/it]2026-09-22 08:46:38,698 INFO [rev_util_verifiability|paper_align|Qwen3-0.6B] step=401 epoch=1.9489

                                                 

 65%|██████▍   | 401/618 [15:53<08:41,  2.40s/it]2026-09-22 08:46:39,283 INFO [rev_util_verifiability|paper_align|Qwen3-0.6B] step=401 epoch=1.9489

                                                 

 65%|██████▍   | 401/618 [15:53<08:41,  2.40s/it]2026-09-22 08:46:39,881 INFO [rev_util_verifiability|paper_align|Qwen3-0.6B] step=401 epoch=1.9489

                                                 

 65%|██████▍   | 401/618 [15:54<08:41,  2.40s/it]2026-09-22 08:46:40,469 INFO [rev_util_verifiability|paper_align|Qwen3-0.6B] step=401 epoch=1.9489

                                                 

 65%|██████▍   | 401/618 [15:55<08:41,  2.40s/it]
 65%|██████▌   | 402/618 [15:55<08:38,  2.40s/it]2026-09-22 08:46:41,083 INFO [rev_util_verifiability|paper_align|Qwen3-0.6B] step=402 epoch=1.9538

                                                 

 65%|██████▌   | 402/618 [15:55<08:38,  2.40s/it]2026-09-22 08:46:42,003 INFO [rev_util_verifiability|paper_align|Qwen3-0.6B] step=402 epoch=1.9538

                                                 

 65%|██████▌   | 402/618 [15:56<08:38,  2.40s/it]2026-09-22 08:46:42,589 INFO [rev_util_verifiability|paper_align|Qwen3-0.6B] step=402 epoch=1.9538

                                                 

 65%|██████▌   | 402/618 [15:57<08:38,  2.40s/it]2026-09-22 08:46:43,181 INFO [rev_util_verifiability|paper_align|Qwen3-0.6B] step=402 epoch=1.9538

                                                 

 65%|██████▌   | 402/618 [15:57<08:38,  2.40s/it]
 65%|██████▌   | 403/618 [15:58<08:55,  2.49s/it]2026-09-22 08:46:43,784 INFO [rev_util_verifiability|paper_align|Qwen3-0.6B] step=403 epoch=1.9586

                                                 

 65%|██████▌   | 403/618 [15:58<08:55,  2.49s/it]2026-09-22 08:46:44,386 INFO [rev_util_verifiability|paper_align|Qwen3-0.6B] step=403 epoch=1.9586

                                                 

 65%|██████▌   | 403/618 [15:59<08:55,  2.49s/it]2026-09-22 08:46:44,980 INFO [rev_util_verifiability|paper_align|Qwen3-0.6B] step=403 epoch=1.9586

                                                 

 65%|██████▌   | 403/618 [15:59<08:55,  2.49s/it]2026-09-22 08:46:45,568 INFO [rev_util_verifiability|paper_align|Qwen3-0.6B] step=403 epoch=1.9586

                                                 

 65%|██████▌   | 403/618 [16:00<08:55,  2.49s/it]
 65%|██████▌   | 404/618 [16:00<08:46,  2.46s/it]2026-09-22 08:46:46,177 INFO [rev_util_verifiability|paper_align|Qwen3-0.6B] step=404 epoch=1.9635

                                                 

 65%|██████▌   | 404/618 [16:00<08:46,  2.46s/it]2026-09-22 08:46:46,748 INFO [rev_util_verifiability|paper_align|Qwen3-0.6B] step=404 epoch=1.9635

                                                 

 65%|██████▌   | 404/618 [16:01<08:46,  2.46s/it]2026-09-22 08:46:47,362 INFO [rev_util_verifiability|paper_align|Qwen3-0.6B] step=404 epoch=1.9635

                                                 

 65%|██████▌   | 404/618 [16:02<08:46,  2.46s/it]2026-09-22 08:46:47,943 INFO [rev_util_verifiability|paper_align|Qwen3-0.6B] step=404 epoch=1.9635

                                                 

 65%|██████▌   | 404/618 [16:02<08:46,  2.46s/it]
 66%|██████▌   | 405/618 [16:03<08:39,  2.44s/it]2026-09-22 08:46:48,555 INFO [rev_util_verifiability|paper_align|Qwen3-0.6B] step=405 epoch=1.9684

                                                 

 66%|██████▌   | 405/618 [16:03<08:39,  2.44s/it]2026-09-22 08:46:49,134 INFO [rev_util_verifiability|paper_align|Qwen3-0.6B] step=405 epoch=1.9684

                                                 

 66%|██████▌   | 405/618 [16:03<08:39,  2.44s/it]2026-09-22 08:46:49,748 INFO [rev_util_verifiability|paper_align|Qwen3-0.6B] step=405 epoch=1.9684

                                                 

 66%|██████▌   | 405/618 [16:04<08:39,  2.44s/it]2026-09-22 08:46:50,343 INFO [rev_util_verifiability|paper_align|Qwen3-0.6B] step=405 epoch=1.9684

                                                 

 66%|██████▌   | 405/618 [16:05<08:39,  2.44s/it]
 66%|██████▌   | 406/618 [16:05<08:35,  2.43s/it]2026-09-22 08:46:50,970 INFO [rev_util_verifiability|paper_align|Qwen3-0.6B] step=406 epoch=1.9732

                                                 

 66%|██████▌   | 406/618 [16:05<08:35,  2.43s/it]2026-09-22 08:46:51,550 INFO [rev_util_verifiability|paper_align|Qwen3-0.6B] step=406 epoch=1.9732

                                                 

 66%|██████▌   | 406/618 [16:06<08:35,  2.43s/it]2026-09-22 08:46:52,124 INFO [rev_util_verifiability|paper_align|Qwen3-0.6B] step=406 epoch=1.9732

                                                 

 66%|██████▌   | 406/618 [16:06<08:35,  2.43s/it]2026-09-22 08:46:52,713 INFO [rev_util_verifiability|paper_align|Qwen3-0.6B] step=406 epoch=1.9732

                                                 

 66%|██████▌   | 406/618 [16:07<08:35,  2.43s/it]
 66%|██████▌   | 407/618 [16:07<08:28,  2.41s/it]2026-09-22 08:46:53,342 INFO [rev_util_verifiability|paper_align|Qwen3-0.6B] step=407 epoch=1.9781

                                                 

 66%|██████▌   | 407/618 [16:08<08:28,  2.41s/it]2026-09-22 08:46:53,913 INFO [rev_util_verifiability|paper_align|Qwen3-0.6B] step=407 epoch=1.9781

                                                 

 66%|██████▌   | 407/618 [16:08<08:28,  2.41s/it]2026-09-22 08:46:54,806 INFO [rev_util_verifiability|paper_align|Qwen3-0.6B] step=407 epoch=1.9781

                                                 

 66%|██████▌   | 407/618 [16:09<08:28,  2.41s/it]2026-09-22 08:46:55,380 INFO [rev_util_verifiability|paper_align|Qwen3-0.6B] step=407 epoch=1.9781

                                                 

 66%|██████▌   | 407/618 [16:10<08:28,  2.41s/it]
 66%|██████▌   | 408/618 [16:10<08:42,  2.49s/it]2026-09-22 08:46:56,011 INFO [rev_util_verifiability|paper_align|Qwen3-0.6B] step=408 epoch=1.9830

                                                 

 66%|██████▌   | 408/618 [16:10<08:42,  2.49s/it]2026-09-22 08:46:56,591 INFO [rev_util_verifiability|paper_align|Qwen3-0.6B] step=408 epoch=1.9830

                                                 

 66%|██████▌   | 408/618 [16:11<08:42,  2.49s/it]2026-09-22 08:46:57,159 INFO [rev_util_verifiability|paper_align|Qwen3-0.6B] step=408 epoch=1.9830

                                                 

 66%|██████▌   | 408/618 [16:11<08:42,  2.49s/it]2026-09-22 08:46:57,737 INFO [rev_util_verifiability|paper_align|Qwen3-0.6B] step=408 epoch=1.9830

                                                 

 66%|██████▌   | 408/618 [16:12<08:42,  2.49s/it]
 66%|██████▌   | 409/618 [16:12<08:30,  2.44s/it]2026-09-22 08:46:58,350 INFO [rev_util_verifiability|paper_align|Qwen3-0.6B] step=409 epoch=1.9878

                                                 

 66%|██████▌   | 409/618 [16:13<08:30,  2.44s/it]2026-09-22 08:46:58,941 INFO [rev_util_verifiability|paper_align|Qwen3-0.6B] step=409 epoch=1.9878

                                                 

 66%|██████▌   | 409/618 [16:13<08:30,  2.44s/it]2026-09-22 08:46:59,533 INFO [rev_util_verifiability|paper_align|Qwen3-0.6B] step=409 epoch=1.9878

                                                 

 66%|██████▌   | 409/618 [16:14<08:30,  2.44s/it]2026-09-22 08:47:00,123 INFO [rev_util_verifiability|paper_align|Qwen3-0.6B] step=409 epoch=1.9878

                                                 

 66%|██████▌   | 409/618 [16:14<08:30,  2.44s/it]
 66%|██████▋   | 410/618 [16:15<08:25,  2.43s/it]2026-09-22 08:47:00,538 INFO [rev_util_verifiability|paper_align|Qwen3-0.6B] step=410 loss=0.3889 learning_rate=0.0000 epoch=1.9927

                                                 

 66%|██████▋   | 410/618 [16:15<08:25,  2.43s/it]2026-09-22 08:47:00,748 INFO [rev_util_verifiability|paper_align|Qwen3-0.6B] step=410 epoch=1.9927

                                                 

 66%|██████▋   | 410/618 [16:15<08:25,  2.43s/it]2026-09-22 08:47:01,335 INFO [rev_util_verifiability|paper_align|Qwen3-0.6B] step=410 epoch=1.9927

                                                 

 66%|██████▋   | 410/618 [16:16<08:25,  2.43s/it]2026-09-22 08:47:01,921 INFO [rev_util_verifiability|paper_align|Qwen3-0.6B] step=410 epoch=1.9927

                                                 

 66%|██████▋   | 410/618 [16:16<08:25,  2.43s/it]2026-09-22 08:47:02,509 INFO [rev_util_verifiability|paper_align|Qwen3-0.6B] step=410 epoch=1.9927

                                                 

 66%|██████▋   | 410/618 [16:17<08:25,  2.43s/it]
 67%|██████▋   | 411/618 [16:17<08:19,  2.41s/it]2026-09-22 08:47:03,107 INFO [rev_util_verifiability|paper_align|Qwen3-0.6B] step=411 epoch=1.9976

                                                 

 67%|██████▋   | 411/618 [16:17<08:19,  2.41s/it]2026-09-22 08:47:03,661 INFO [rev_util_verifiability|paper_align|Qwen3-0.6B] step=411 epoch=1.9976

                                                 

 67%|██████▋   | 411/618 [16:18<08:19,  2.41s/it]
 67%|██████▋   | 412/618 [16:18<06:59,  2.04s/it]{'paper_align_label_loss': '0.01176', 'paper_align_reason_loss': '0.124', 'epoch': '1.929'}
{'paper_align_label_loss': '3.637e-05', 'paper_align_reason_loss': '0.0657', 'epoch': '1.934'}
{'paper_align_label_loss': '0.07118', 'paper_align_reason_loss': '0.134', 'epoch': '1.934'}
{'paper_align_label_loss': '0.06715', 'paper_align_reason_loss': '0.129', 'epoch': '1.934'}
{'paper_align_label_loss': '0.01207', 'paper_align_reason_loss': '0.1301', 'epoch': '1.934'}
{'paper_align_label_loss': '0.02969', 'paper_align_reason_loss': '0.1054', 'epoch': '1.939'}
{'paper_align_label_loss': '0.1586', 'paper_align_reason_loss': '0.061', 'epoch': '1.939'}
{'paper_align_label_loss': '7.797e-05', 'paper_align_reason_loss': '0.08457', 'epoch': '1.939'}
{'paper_align_label_loss': '0.0386', 'paper_align_reason_loss': '0.09966', 'epoch': '1.939'}
{'loss': '0.3872', 'grad_norm': '3.868', 'learning_rate': '2.951e-05', 'epoch': '1.944'}
{'paper_align_label_loss': '0.1017', 'paper_align_reason_loss': '0.09743', 'epoch': '1.944'}
{'paper_align_label_loss': '0.06388', 'paper_align_reason_loss': '0.137', 'epoch': '1.944'}
{'paper_align_label_loss': '0.03761', 'paper_align_reason_loss': '0.1055', 'epoch': '1.944'}
{'paper_align_label_loss': '0.1376', 'paper_align_reason_loss': '0.1001', 'epoch': '1.944'}
{'paper_align_label_loss': '0.0596', 'paper_align_reason_loss': '0.1486', 'epoch': '1.949'}
{'paper_align_label_loss': '0.02258', 'paper_align_reason_loss': '0.1408', 'epoch': '1.949'}
{'paper_align_label_loss': '0.002986', 'paper_align_reason_loss': '0.09013', 'epoch': '1.949'}
{'paper_align_label_loss': '3.802e-05', 'paper_align_reason_loss': '0.0492', 'epoch': '1.949'}
{'paper_align_label_loss': '0.02788', 'paper_align_reason_loss': '0.2144', 'epoch': '1.954'}
{'paper_align_label_loss': '0.1024', 'paper_align_reason_loss': '0.1805', 'epoch': '1.954'}
{'paper_align_label_loss': '0.08532', 'paper_align_reason_loss': '0.07643', 'epoch': '1.954'}
{'paper_align_label_loss': '0.06156', 'paper_align_reason_loss': '0.151', 'epoch': '1.954'}
{'paper_align_label_loss': '0.000594', 'paper_align_reason_loss': '0.08746', 'epoch': '1.959'}
{'paper_align_label_loss': '0.04597', 'paper_align_reason_loss': '0.07334', 'epoch': '1.959'}
{'paper_align_label_loss': '0.041', 'paper_align_reason_loss': '0.1478', 'epoch': '1.959'}
{'paper_align_label_loss': '0.03567', 'paper_align_reason_loss': '0.08756', 'epoch': '1.959'}
{'paper_align_label_loss': '0.002891', 'paper_align_reason_loss': '0.06784', 'epoch': '1.964'}
{'paper_align_label_loss': '0.05726', 'paper_align_reason_loss': '0.1438', 'epoch': '1.964'}
{'paper_align_label_loss': '0.05828', 'paper_align_reason_loss': '0.1392', 'epoch': '1.964'}
{'paper_align_label_loss': '0.01845', 'paper_align_reason_loss': '0.133', 'epoch': '1.964'}
{'paper_align_label_loss': '0.07093', 'paper_align_reason_loss': '0.1154', 'epoch': '1.968'}
{'paper_align_label_loss': '0.04032', 'paper_align_reason_loss': '0.1148', 'epoch': '1.968'}
{'paper_align_label_loss': '0.02477', 'paper_align_reason_loss': '0.1233', 'epoch': '1.968'}
{'paper_align_label_loss': '0.02242', 'paper_align_reason_loss': '0.1205', 'epoch': '1.968'}
{'paper_align_label_loss': '0.09323', 'paper_align_reason_loss': '0.1447', 'epoch': '1.973'}
{'paper_align_label_loss': '0.1681', 'paper_align_reason_loss': '0.08825', 'epoch': '1.973'}
{'paper_align_label_loss': '0.0006969', 'paper_align_reason_loss': '0.118', 'epoch': '1.973'}
{'paper_align_label_loss': '0.223', 'paper_align_reason_loss': '0.1149', 'epoch': '1.973'}
{'paper_align_label_loss': '0.104', 'paper_align_reason_loss': '0.1579', 'epoch': '1.978'}
{'paper_align_label_loss': '0.0001725', 'paper_align_reason_loss': '0.1025', 'epoch': '1.978'}
{'paper_align_label_loss': '0.1498', 'paper_align_reason_loss': '0.1612', 'epoch': '1.978'}
{'paper_align_label_loss': '0.002501', 'paper_align_reason_loss': '0.06756', 'epoch': '1.978'}
{'paper_align_label_loss': '0.3257', 'paper_align_reason_loss': '0.1971', 'epoch': '1.983'}
{'paper_align_label_loss': '0.09247', 'paper_align_reason_loss': '0.1724', 'epoch': '1.983'}
{'paper_align_label_loss': '0.1335', 'paper_align_reason_loss': '0.1571', 'epoch': '1.983'}
{'paper_align_label_loss': '0.08191', 'paper_align_reason_loss': '0.143', 'epoch': '1.983'}
{'paper_align_label_loss': '0.001475', 'paper_align_reason_loss': '0.05471', 'epoch': '1.988'}
{'paper_align_label_loss': '0.1012', 'paper_align_reason_loss': '0.1452', 'epoch': '1.988'}
{'paper_align_label_loss': '0.09358', 'paper_align_reason_loss': '0.1819', 'epoch': '1.988'}
{'paper_align_label_loss': '0.09324', 'paper_align_reason_loss': '0.1407', 'epoch': '1.988'}
{'loss': '0.3889', 'grad_norm': '3.63', 'learning_rate': '2.715e-05', 'epoch': '1.993'}
{'paper_align_label_loss': '0.02584', 'paper_align_reason_loss': '0.1468', 'epoch': '1.993'}
{'paper_align_label_loss': '0.007691', 'paper_align_reason_loss': '0.128', 'epoch': '1.993'}
{'paper_align_label_loss': '0.0002651', 'paper_align_reason_loss': '0.05312', 'epoch': '1.993'}
{'paper_align_label_loss': '0.03835', 'paper_align_reason_loss': '0.1062', 'epoch': '1.993'}
{'paper_align_label_loss': '8.959e-05', 'paper_align_reason_loss': '0.1659', 'epoch': '1.998'}
{'paper_align_label_loss': '0.4718', 'paper_align_reason_loss': '0.08858', 'epoch': '1.998'}


  0%|          | 0/46 [00:00<?, ?it/s][A

  4%|▍         | 2/46 [00:00<00:02, 18.37it/s][A

  9%|▊         | 4/46 [00:00<00:03, 11.69it/s][A

 13%|█▎        | 6/46 [00:00<00:03, 10.30it/s][A

 17%|█▋        | 8/46 [00:00<00:03,  9.78it/s][A

 22%|██▏       | 10/46 [00:00<00:03,  9.65it/s][A

 26%|██▌       | 12/46 [00:01<00:03,  9.39it/s][A

 28%|██▊       | 13/46 [00:01<00:03,  8.74it/s][A

 30%|███       | 14/46 [00:01<00:03,  8.51it/s][A

 33%|███▎      | 15/46 [00:01<00:03,  8.73it/s][A

 35%|███▍      | 16/46 [00:01<00:03,  8.83it/s][A

 37%|███▋      | 17/46 [00:01<00:03,  8.95it/s][A

 39%|███▉      | 18/46 [00:01<00:03,  9.12it/s][A

 41%|████▏     | 19/46 [00:02<00:02,  9.05it/s][A

 43%|████▎     | 20/46 [00:02<00:02,  9.18it/s][A

 46%|████▌     | 21/46 [00:02<00:02,  9.22it/s][A

 48%|████▊     | 22/46 [00:02<00:02,  9.19it/s][A

 50%|█████     | 23/46 [00:02<00:02,  9.31it/s][A

 52%|█████▏    | 24/46 [00:02<00:02,  9.34it/s][A

 54%|█████▍    | 25/46 [00:02<00:02,  9.31it/s][A

 57%|█████▋    | 26/46 [00:02<00:02,  9.31it/s][A

 59%|█████▊    | 27/46 [00:02<00:02,  9.32it/s][A

 61%|██████    | 28/46 [00:02<00:01,  9.41it/s][A

 63%|██████▎   | 29/46 [00:03<00:01,  9.33it/s][A

 65%|██████▌   | 30/46 [00:03<00:01,  9.31it/s][A

 67%|██████▋   | 31/46 [00:03<00:01,  9.28it/s][A

 70%|██████▉   | 32/46 [00:03<00:01,  9.26it/s][A

 72%|███████▏  | 33/46 [00:03<00:01,  9.31it/s][A

 74%|███████▍  | 34/46 [00:03<00:01,  9.35it/s][A

 76%|███████▌  | 35/46 [00:03<00:01,  9.34it/s][A

 78%|███████▊  | 36/46 [00:03<00:01,  9.41it/s][A

 80%|████████  | 37/46 [00:03<00:00,  9.31it/s][A

 83%|████████▎ | 38/46 [00:04<00:00,  9.39it/s][A

 85%|████████▍ | 39/46 [00:04<00:00,  9.41it/s][A

 87%|████████▋ | 40/46 [00:04<00:00,  9.37it/s][A

 89%|████████▉ | 41/46 [00:04<00:00,  9.43it/s][A

 91%|█████████▏| 42/46 [00:04<00:00,  9.38it/s][A

 93%|█████████▎| 43/46 [00:04<00:00,  9.34it/s][A

 96%|█████████▌| 44/46 [00:04<00:00,  9.31it/s][A

 98%|█████████▊| 45/46 [00:04<00:00,  9.35it/s][A

100%|██████████| 46/46 [00:04<00:00,  9.41it/s][A2026-09-22 08:47:09,102 INFO [rev_util_verifiability|paper_align|Qwen3-0.6B] step=412 eval_loss=0.0921 epoch=2.0000

                                                 

                                               
[A
 67%|██████▋   | 412/618 [16:23<06:59,  2.04s/it]

100%|██████████| 46/46 [00:04<00:00,  9.41it/s][A

                                               [A2026-09-22 08:47:09,261 INFO Starting generation validation on training device cuda:0: samples=182 batch_size=16
2026-09-22 08:47:09,908 INFO Generation validation progress: 16/182
2026-09-22 08:47:10,533 INFO Generation validation progress: 32/182
2026-09-22 08:47:11,160 INFO Generation validation progress: 48/182
2026-09-22 08:47:11,790 INFO Generation validation progress: 64/182
2026-09-22 08:47:12,411 INFO Generation validation progress: 80/182
2026-09-22 08:47:13,084 INFO Generation validation progress: 96/182
2026-09-22 08:47:13,726 INFO Generation validation progress: 112/182
2026-09-22 08:47:14,454 INFO Generation validation progress: 128/182
2026-09-22 08:47:15,167 INFO Generation validation progress: 144/182
2026-09-22 08:47:15,793 INFO Generation validation progress: 160/182
2026-09-22 08:47:16,430 INFO Generation validation progress: 176/182
2026-09-22 08:47:16,856 INFO Generation validation progress: 182/182
2026-09-22 08:47:16,902 INFO Generation val @ epoch=2.0 step=412: acc=0.7198 macro_f1=0.6100 valid=1.0000 (retaining last checkpoint)
2026-09-22 08:47:16,903 INFO [rev_util_verifiability|paper_align|Qwen3-0.6B] step=412 eval_generation_accuracy=0.7198 eval_generation_macro_f1=0.6100 eval_generation_format_valid_rate=1.0000 eval_generation_mae=0.3462 eval_generation_qwk=0.8324 epoch=2.0000

                                                 

 67%|██████▋   | 412/618 [16:31<06:59,  2.04s/it]2026-09-22 08:47:17,390 INFO [rev_util_verifiability|paper_align|Qwen3-0.6B] step=412 epoch=2.0000

                                                 

 67%|██████▋   | 412/618 [16:32<06:59,  2.04s/it]2026-09-22 08:47:17,888 INFO [rev_util_verifiability|paper_align|Qwen3-0.6B] step=412 epoch=2.0000

                                                 

 67%|██████▋   | 412/618 [16:32<06:59,  2.04s/it]2026-09-22 08:47:18,558 INFO [rev_util_verifiability|paper_align|Qwen3-0.6B] step=412 epoch=2.0000

                                                 

 67%|██████▋   | 412/618 [16:33<06:59,  2.04s/it]2026-09-22 08:47:19,055 INFO [rev_util_verifiability|paper_align|Qwen3-0.6B] step=412 epoch=2.0000

                                                 

 67%|██████▋   | 412/618 [16:33<06:59,  2.04s/it]
 67%|██████▋   | 413/618 [16:34<20:36,  6.03s/it]2026-09-22 08:47:19,571 INFO [rev_util_verifiability|paper_align|Qwen3-0.6B] step=413 epoch=2.0049

                                                 

 67%|██████▋   | 413/618 [16:34<20:36,  6.03s/it]2026-09-22 08:47:20,067 INFO [rev_util_verifiability|paper_align|Qwen3-0.6B] step=413 epoch=2.0049

                                                 

 67%|██████▋   | 413/618 [16:34<20:36,  6.03s/it]2026-09-22 08:47:20,551 INFO [rev_util_verifiability|paper_align|Qwen3-0.6B] step=413 epoch=2.0049

                                                 

 67%|██████▋   | 413/618 [16:35<20:36,  6.03s/it]2026-09-22 08:47:21,038 INFO [rev_util_verifiability|paper_align|Qwen3-0.6B] step=413 epoch=2.0049

                                                 

 67%|██████▋   | 413/618 [16:35<20:36,  6.03s/it]
 67%|██████▋   | 414/618 [16:36<16:23,  4.82s/it]2026-09-22 08:47:21,557 INFO [rev_util_verifiability|paper_align|Qwen3-0.6B] step=414 epoch=2.0097

                                                 

 67%|██████▋   | 414/618 [16:36<16:23,  4.82s/it]2026-09-22 08:47:22,048 INFO [rev_util_verifiability|paper_align|Qwen3-0.6B] step=414 epoch=2.0097

                                                 

 67%|██████▋   | 414/618 [16:36<16:23,  4.82s/it]2026-09-22 08:47:22,568 INFO [rev_util_verifiability|paper_align|Qwen3-0.6B] step=414 epoch=2.0097

                                                 

 67%|██████▋   | 414/618 [16:37<16:23,  4.82s/it]2026-09-22 08:47:23,071 INFO [rev_util_verifiability|paper_align|Qwen3-0.6B] step=414 epoch=2.0097

                                                 

 67%|██████▋   | 414/618 [16:37<16:23,  4.82s/it]
 67%|██████▋   | 415/618 [16:38<13:28,  3.98s/it]2026-09-22 08:47:23,590 INFO [rev_util_verifiability|paper_align|Qwen3-0.6B] step=415 epoch=2.0146

                                                 

 67%|██████▋   | 415/618 [16:38<13:28,  3.98s/it]2026-09-22 08:47:24,067 INFO [rev_util_verifiability|paper_align|Qwen3-0.6B] step=415 epoch=2.0146

                                                 

 67%|██████▋   | 415/618 [16:38<13:28,  3.98s/it]2026-09-22 08:47:24,561 INFO [rev_util_verifiability|paper_align|Qwen3-0.6B] step=415 epoch=2.0146

                                                 

 67%|██████▋   | 415/618 [16:39<13:28,  3.98s/it]2026-09-22 08:47:25,077 INFO [rev_util_verifiability|paper_align|Qwen3-0.6B] step=415 epoch=2.0146

                                                 

 67%|██████▋   | 415/618 [16:39<13:28,  3.98s/it]
 67%|██████▋   | 416/618 [16:40<11:24,  3.39s/it]2026-09-22 08:47:25,594 INFO [rev_util_verifiability|paper_align|Qwen3-0.6B] step=416 epoch=2.0195

                                                 

 67%|██████▋   | 416/618 [16:40<11:24,  3.39s/it]2026-09-22 08:47:26,079 INFO [rev_util_verifiability|paper_align|Qwen3-0.6B] step=416 epoch=2.0195

                                                 

 67%|██████▋   | 416/618 [16:40<11:24,  3.39s/it]2026-09-22 08:47:26,580 INFO [rev_util_verifiability|paper_align|Qwen3-0.6B] step=416 epoch=2.0195

                                                 

 67%|██████▋   | 416/618 [16:41<11:24,  3.39s/it]2026-09-22 08:47:27,083 INFO [rev_util_verifiability|paper_align|Qwen3-0.6B] step=416 epoch=2.0195

                                                 

 67%|██████▋   | 416/618 [16:41<11:24,  3.39s/it]
 67%|██████▋   | 417/618 [16:42<09:58,  2.98s/it]2026-09-22 08:47:27,615 INFO [rev_util_verifiability|paper_align|Qwen3-0.6B] step=417 epoch=2.0243

                                                 

 67%|██████▋   | 417/618 [16:42<09:58,  2.98s/it]2026-09-22 08:47:28,094 INFO [rev_util_verifiability|paper_align|Qwen3-0.6B] step=417 epoch=2.0243

                                                 

 67%|██████▋   | 417/618 [16:42<09:58,  2.98s/it]2026-09-22 08:47:28,588 INFO [rev_util_verifiability|paper_align|Qwen3-0.6B] step=417 epoch=2.0243

                                                 

 67%|██████▋   | 417/618 [16:43<09:58,  2.98s/it]2026-09-22 08:47:29,205 INFO [rev_util_verifiability|paper_align|Qwen3-0.6B] step=417 epoch=2.0243

                                                 

 67%|██████▋   | 417/618 [16:43<09:58,  2.98s/it]
 68%|██████▊   | 418/618 [16:44<09:03,  2.72s/it]2026-09-22 08:47:29,727 INFO [rev_util_verifiability|paper_align|Qwen3-0.6B] step=418 epoch=2.0292

                                                 

 68%|██████▊   | 418/618 [16:44<09:03,  2.72s/it]2026-09-22 08:47:30,247 INFO [rev_util_verifiability|paper_align|Qwen3-0.6B] step=418 epoch=2.0292

                                                 

 68%|██████▊   | 418/618 [16:44<09:03,  2.72s/it]2026-09-22 08:47:30,699 INFO [rev_util_verifiability|paper_align|Qwen3-0.6B] step=418 epoch=2.0292

                                                 

 68%|██████▊   | 418/618 [16:45<09:03,  2.72s/it]2026-09-22 08:47:31,195 INFO [rev_util_verifiability|paper_align|Qwen3-0.6B] step=418 epoch=2.0292

                                                 

 68%|██████▊   | 418/618 [16:45<09:03,  2.72s/it]
 68%|██████▊   | 419/618 [16:46<08:17,  2.50s/it]2026-09-22 08:47:31,721 INFO [rev_util_verifiability|paper_align|Qwen3-0.6B] step=419 epoch=2.0341

                                                 

 68%|██████▊   | 419/618 [16:46<08:17,  2.50s/it]2026-09-22 08:47:32,206 INFO [rev_util_verifiability|paper_align|Qwen3-0.6B] step=419 epoch=2.0341

                                                 

 68%|██████▊   | 419/618 [16:46<08:17,  2.50s/it]2026-09-22 08:47:32,721 INFO [rev_util_verifiability|paper_align|Qwen3-0.6B] step=419 epoch=2.0341

                                                 

 68%|██████▊   | 419/618 [16:47<08:17,  2.50s/it]2026-09-22 08:47:33,168 INFO [rev_util_verifiability|paper_align|Qwen3-0.6B] step=419 epoch=2.0341

                                                 

 68%|██████▊   | 419/618 [16:47<08:17,  2.50s/it]
 68%|██████▊   | 420/618 [16:48<07:43,  2.34s/it]2026-09-22 08:47:33,540 INFO [rev_util_verifiability|paper_align|Qwen3-0.6B] step=420 loss=0.2790 learning_rate=0.0000 epoch=2.0389

                                                 

 68%|██████▊   | 420/618 [16:48<07:43,  2.34s/it]2026-09-22 08:47:33,688 INFO [rev_util_verifiability|paper_align|Qwen3-0.6B] step=420 epoch=2.0389

                                                 

 68%|██████▊   | 420/618 [16:48<07:43,  2.34s/it]2026-09-22 08:47:34,184 INFO [rev_util_verifiability|paper_align|Qwen3-0.6B] step=420 epoch=2.0389

                                                 

 68%|██████▊   | 420/618 [16:48<07:43,  2.34s/it]2026-09-22 08:47:34,667 INFO [rev_util_verifiability|paper_align|Qwen3-0.6B] step=420 epoch=2.0389

                                                 

 68%|██████▊   | 420/618 [16:49<07:43,  2.34s/it]2026-09-22 08:47:35,167 INFO [rev_util_verifiability|paper_align|Qwen3-0.6B] step=420 epoch=2.0389

                                                 

 68%|██████▊   | 420/618 [16:49<07:43,  2.34s/it]
 68%|██████▊   | 421/618 [16:50<07:20,  2.24s/it]2026-09-22 08:47:35,674 INFO [rev_util_verifiability|paper_align|Qwen3-0.6B] step=421 epoch=2.0438

                                                 

 68%|██████▊   | 421/618 [16:50<07:20,  2.24s/it]2026-09-22 08:47:36,177 INFO [rev_util_verifiability|paper_align|Qwen3-0.6B] step=421 epoch=2.0438

                                                 

 68%|██████▊   | 421/618 [16:50<07:20,  2.24s/it]2026-09-22 08:47:36,712 INFO [rev_util_verifiability|paper_align|Qwen3-0.6B] step=421 epoch=2.0438

                                                 

 68%|██████▊   | 421/618 [16:51<07:20,  2.24s/it]2026-09-22 08:47:37,220 INFO [rev_util_verifiability|paper_align|Qwen3-0.6B] step=421 epoch=2.0438

                                                 

 68%|██████▊   | 421/618 [16:51<07:20,  2.24s/it]
 68%|██████▊   | 422/618 [16:52<07:08,  2.19s/it]2026-09-22 08:47:37,815 INFO [rev_util_verifiability|paper_align|Qwen3-0.6B] step=422 epoch=2.0487

                                                 

 68%|██████▊   | 422/618 [16:52<07:08,  2.19s/it]2026-09-22 08:47:38,381 INFO [rev_util_verifiability|paper_align|Qwen3-0.6B] step=422 epoch=2.0487

                                                 

 68%|██████▊   | 422/618 [16:53<07:08,  2.19s/it]2026-09-22 08:47:39,211 INFO [rev_util_verifiability|paper_align|Qwen3-0.6B] step=422 epoch=2.0487

                                                 

 68%|██████▊   | 422/618 [16:53<07:08,  2.19s/it]2026-09-22 08:47:39,802 INFO [rev_util_verifiability|paper_align|Qwen3-0.6B] step=422 epoch=2.0487

                                                 

 68%|██████▊   | 422/618 [16:54<07:08,  2.19s/it]
 68%|██████▊   | 423/618 [16:54<07:30,  2.31s/it]2026-09-22 08:47:40,407 INFO [rev_util_verifiability|paper_align|Qwen3-0.6B] step=423 epoch=2.0535

                                                 

 68%|██████▊   | 423/618 [16:55<07:30,  2.31s/it]2026-09-22 08:47:40,965 INFO [rev_util_verifiability|paper_align|Qwen3-0.6B] step=423 epoch=2.0535

                                                 

 68%|██████▊   | 423/618 [16:55<07:30,  2.31s/it]2026-09-22 08:47:41,543 INFO [rev_util_verifiability|paper_align|Qwen3-0.6B] step=423 epoch=2.0535

                                                 

 68%|██████▊   | 423/618 [16:56<07:30,  2.31s/it]2026-09-22 08:47:42,105 INFO [rev_util_verifiability|paper_align|Qwen3-0.6B] step=423 epoch=2.0535

                                                 

 68%|██████▊   | 423/618 [16:56<07:30,  2.31s/it]
 69%|██████▊   | 424/618 [16:57<07:27,  2.31s/it]2026-09-22 08:47:42,724 INFO [rev_util_verifiability|paper_align|Qwen3-0.6B] step=424 epoch=2.0584

                                                 

 69%|██████▊   | 424/618 [16:57<07:27,  2.31s/it]2026-09-22 08:47:43,319 INFO [rev_util_verifiability|paper_align|Qwen3-0.6B] step=424 epoch=2.0584

                                                 

 69%|██████▊   | 424/618 [16:58<07:27,  2.31s/it]2026-09-22 08:47:43,885 INFO [rev_util_verifiability|paper_align|Qwen3-0.6B] step=424 epoch=2.0584

                                                 

 69%|██████▊   | 424/618 [16:58<07:27,  2.31s/it]2026-09-22 08:47:44,460 INFO [rev_util_verifiability|paper_align|Qwen3-0.6B] step=424 epoch=2.0584

                                                 

 69%|██████▊   | 424/618 [16:59<07:27,  2.31s/it]
 69%|██████▉   | 425/618 [16:59<07:28,  2.33s/it]2026-09-22 08:47:45,096 INFO [rev_util_verifiability|paper_align|Qwen3-0.6B] step=425 epoch=2.0633

                                                 

 69%|██████▉   | 425/618 [16:59<07:28,  2.33s/it]2026-09-22 08:47:45,668 INFO [rev_util_verifiability|paper_align|Qwen3-0.6B] step=425 epoch=2.0633

                                                 

 69%|██████▉   | 425/618 [17:00<07:28,  2.33s/it]2026-09-22 08:47:46,230 INFO [rev_util_verifiability|paper_align|Qwen3-0.6B] step=425 epoch=2.0633

                                                 

 69%|██████▉   | 425/618 [17:00<07:28,  2.33s/it]2026-09-22 08:47:46,814 INFO [rev_util_verifiability|paper_align|Qwen3-0.6B] step=425 epoch=2.0633

                                                 

 69%|██████▉   | 425/618 [17:01<07:28,  2.33s/it]
 69%|██████▉   | 426/618 [17:01<07:27,  2.33s/it]2026-09-22 08:47:47,430 INFO [rev_util_verifiability|paper_align|Qwen3-0.6B] step=426 epoch=2.0681

                                                 

 69%|██████▉   | 426/618 [17:02<07:27,  2.33s/it]2026-09-22 08:47:47,998 INFO [rev_util_verifiability|paper_align|Qwen3-0.6B] step=426 epoch=2.0681

                                                 

 69%|██████▉   | 426/618 [17:02<07:27,  2.33s/it]2026-09-22 08:47:48,559 INFO [rev_util_verifiability|paper_align|Qwen3-0.6B] step=426 epoch=2.0681

                                                 

 69%|██████▉   | 426/618 [17:03<07:27,  2.33s/it]2026-09-22 08:47:49,116 INFO [rev_util_verifiability|paper_align|Qwen3-0.6B] step=426 epoch=2.0681

                                                 

 69%|██████▉   | 426/618 [17:03<07:27,  2.33s/it]
 69%|██████▉   | 427/618 [17:04<07:22,  2.32s/it]2026-09-22 08:47:49,723 INFO [rev_util_verifiability|paper_align|Qwen3-0.6B] step=427 epoch=2.0730

                                                 

 69%|██████▉   | 427/618 [17:04<07:22,  2.32s/it]2026-09-22 08:47:50,289 INFO [rev_util_verifiability|paper_align|Qwen3-0.6B] step=427 epoch=2.0730

                                                 

 69%|██████▉   | 427/618 [17:04<07:22,  2.32s/it]2026-09-22 08:47:50,850 INFO [rev_util_verifiability|paper_align|Qwen3-0.6B] step=427 epoch=2.0730

                                                 

 69%|██████▉   | 427/618 [17:05<07:22,  2.32s/it]2026-09-22 08:47:51,688 INFO [rev_util_verifiability|paper_align|Qwen3-0.6B] step=427 epoch=2.0730

                                                 

 69%|██████▉   | 427/618 [17:06<07:22,  2.32s/it]
 69%|██████▉   | 428/618 [17:06<07:34,  2.39s/it]2026-09-22 08:47:52,293 INFO [rev_util_verifiability|paper_align|Qwen3-0.6B] step=428 epoch=2.0779

                                                 

 69%|██████▉   | 428/618 [17:06<07:34,  2.39s/it]2026-09-22 08:47:52,864 INFO [rev_util_verifiability|paper_align|Qwen3-0.6B] step=428 epoch=2.0779

                                                 

 69%|██████▉   | 428/618 [17:07<07:34,  2.39s/it]2026-09-22 08:47:53,429 INFO [rev_util_verifiability|paper_align|Qwen3-0.6B] step=428 epoch=2.0779

                                                 

 69%|██████▉   | 428/618 [17:08<07:34,  2.39s/it]2026-09-22 08:47:54,005 INFO [rev_util_verifiability|paper_align|Qwen3-0.6B] step=428 epoch=2.0779

                                                 

 69%|██████▉   | 428/618 [17:08<07:34,  2.39s/it]
 69%|██████▉   | 429/618 [17:09<07:28,  2.37s/it]2026-09-22 08:47:54,623 INFO [rev_util_verifiability|paper_align|Qwen3-0.6B] step=429 epoch=2.0827

                                                 

 69%|██████▉   | 429/618 [17:09<07:28,  2.37s/it]2026-09-22 08:47:55,202 INFO [rev_util_verifiability|paper_align|Qwen3-0.6B] step=429 epoch=2.0827

                                                 

 69%|██████▉   | 429/618 [17:09<07:28,  2.37s/it]2026-09-22 08:47:55,771 INFO [rev_util_verifiability|paper_align|Qwen3-0.6B] step=429 epoch=2.0827

                                                 

 69%|██████▉   | 429/618 [17:10<07:28,  2.37s/it]2026-09-22 08:47:56,343 INFO [rev_util_verifiability|paper_align|Qwen3-0.6B] step=429 epoch=2.0827

                                                 

 69%|██████▉   | 429/618 [17:11<07:28,  2.37s/it]
 70%|██████▉   | 430/618 [17:11<07:23,  2.36s/it]2026-09-22 08:47:56,732 INFO [rev_util_verifiability|paper_align|Qwen3-0.6B] step=430 loss=0.2718 learning_rate=0.0000 epoch=2.0876

                                                 

 70%|██████▉   | 430/618 [17:11<07:23,  2.36s/it]2026-09-22 08:47:56,937 INFO [rev_util_verifiability|paper_align|Qwen3-0.6B] step=430 epoch=2.0876

                                                 

 70%|██████▉   | 430/618 [17:11<07:23,  2.36s/it]2026-09-22 08:47:57,506 INFO [rev_util_verifiability|paper_align|Qwen3-0.6B] step=430 epoch=2.0876

                                                 

 70%|██████▉   | 430/618 [17:12<07:23,  2.36s/it]2026-09-22 08:47:58,075 INFO [rev_util_verifiability|paper_align|Qwen3-0.6B] step=430 epoch=2.0876

                                                 

 70%|██████▉   | 430/618 [17:12<07:23,  2.36s/it]2026-09-22 08:47:58,641 INFO [rev_util_verifiability|paper_align|Qwen3-0.6B] step=430 epoch=2.0876

                                                 

 70%|██████▉   | 430/618 [17:13<07:23,  2.36s/it]
 70%|██████▉   | 431/618 [17:13<07:17,  2.34s/it]2026-09-22 08:47:59,233 INFO [rev_util_verifiability|paper_align|Qwen3-0.6B] step=431 epoch=2.0925

                                                 

 70%|██████▉   | 431/618 [17:13<07:17,  2.34s/it]2026-09-22 08:47:59,796 INFO [rev_util_verifiability|paper_align|Qwen3-0.6B] step=431 epoch=2.0925

                                                 

 70%|██████▉   | 431/618 [17:14<07:17,  2.34s/it]2026-09-22 08:48:00,352 INFO [rev_util_verifiability|paper_align|Qwen3-0.6B] step=431 epoch=2.0925

                                                 

 70%|██████▉   | 431/618 [17:15<07:17,  2.34s/it]2026-09-22 08:48:00,903 INFO [rev_util_verifiability|paper_align|Qwen3-0.6B] step=431 epoch=2.0925

                                                 

 70%|██████▉   | 431/618 [17:15<07:17,  2.34s/it]
 70%|██████▉   | 432/618 [17:15<07:10,  2.32s/it]2026-09-22 08:48:01,497 INFO [rev_util_verifiability|paper_align|Qwen3-0.6B] step=432 epoch=2.0973

                                                 

 70%|██████▉   | 432/618 [17:16<07:10,  2.32s/it]2026-09-22 08:48:02,054 INFO [rev_util_verifiability|paper_align|Qwen3-0.6B] step=432 epoch=2.0973

                                                 
{'eval_loss': '0.09206', 'eval_runtime': '5.024', 'eval_samples_per_second': '36.23', 'eval_steps_per_second': '9.157', 'eval_entropy': '0.06094', 'eval_num_tokens': '0', 'eval_mean_token_accuracy': '0.9654', 'epoch': '2'}
{'eval_generation_accuracy': '0.7198', 'eval_generation_macro_f1': '0.61', 'eval_generation_format_valid_rate': '1', 'eval_generation_invalid_outputs': 0, 'eval_generation_mae': '0.3462', 'eval_generation_qwk': '0.8324', 'epoch': '2'}
{'paper_align_label_loss': '0.002248', 'paper_align_reason_loss': '0.04451', 'epoch': '2'}
{'paper_align_label_loss': '0.06161', 'paper_align_reason_loss': '0.09981', 'epoch': '2'}
{'paper_align_label_loss': '0.00014', 'paper_align_reason_loss': '0.03889', 'epoch': '2'}
{'paper_align_label_loss': '0.04081', 'paper_align_reason_loss': '0.1153', 'epoch': '2'}
{'paper_align_label_loss': '0.02546', 'paper_align_reason_loss': '0.0901', 'epoch': '2.005'}
{'paper_align_label_loss': '0.06938', 'paper_align_reason_loss': '0.1046', 'epoch': '2.005'}
{'paper_align_label_loss': '0.008903', 'paper_align_reason_loss': '0.08254', 'epoch': '2.005'}
{'paper_align_label_loss': '0.0001221', 'paper_align_reason_loss': '0.02185', 'epoch': '2.005'}
{'paper_align_label_loss': '0.0009334', 'paper_align_reason_loss': '0.08527', 'epoch': '2.01'}
{'paper_align_label_loss': '0.0227', 'paper_align_reason_loss': '0.1104', 'epoch': '2.01'}
{'paper_align_label_loss': '0.06725', 'paper_align_reason_loss': '0.1258', 'epoch': '2.01'}
{'paper_align_label_loss': '0.06313', 'paper_align_reason_loss': '0.1212', 'epoch': '2.01'}
{'paper_align_label_loss': '0.06758', 'paper_align_reason_loss': '0.0837', 'epoch': '2.015'}
{'paper_align_label_loss': '0.0155', 'paper_align_reason_loss': '0.05625', 'epoch': '2.015'}
{'paper_align_label_loss': '0.04623', 'paper_align_reason_loss': '0.1304', 'epoch': '2.015'}
{'paper_align_label_loss': '0.04443', 'paper_align_reason_loss': '0.1684', 'epoch': '2.015'}
{'paper_align_label_loss': '0.02884', 'paper_align_reason_loss': '0.07644', 'epoch': '2.019'}
{'paper_align_label_loss': '0.03829', 'paper_align_reason_loss': '0.112', 'epoch': '2.019'}
{'paper_align_label_loss': '0.01062', 'paper_align_reason_loss': '0.123', 'epoch': '2.019'}
{'paper_align_label_loss': '0.1586', 'paper_align_reason_loss': '0.06926', 'epoch': '2.019'}
{'paper_align_label_loss': '0.04923', 'paper_align_reason_loss': '0.09932', 'epoch': '2.024'}
{'paper_align_label_loss': '0.01542', 'paper_align_reason_loss': '0.07383', 'epoch': '2.024'}
{'paper_align_label_loss': '0.1122', 'paper_align_reason_loss': '0.08431', 'epoch': '2.024'}
{'paper_align_label_loss': '0.02062', 'paper_align_reason_loss': '0.09141', 'epoch': '2.024'}
{'paper_align_label_loss': '0.03451', 'paper_align_reason_loss': '0.108', 'epoch': '2.029'}
{'paper_align_label_loss': '0.04132', 'paper_align_reason_loss': '0.1566', 'epoch': '2.029'}
{'paper_align_label_loss': '0.04376', 'paper_align_reason_loss': '0.1207', 'epoch': '2.029'}
{'paper_align_label_loss': '0.007746', 'paper_align_reason_loss': '0.09921', 'epoch': '2.029'}
{'paper_align_label_loss': '0.002749', 'paper_align_reason_loss': '0.04839', 'epoch': '2.034'}
{'paper_align_label_loss': '0.05067', 'paper_align_reason_loss': '0.1054', 'epoch': '2.034'}
{'paper_align_label_loss': '0.04567', 'paper_align_reason_loss': '0.1054', 'epoch': '2.034'}
{'paper_align_label_loss': '0.05875', 'paper_align_reason_loss': '0.1397', 'epoch': '2.034'}
{'loss': '0.279', 'grad_norm': '3.265', 'learning_rate': '2.485e-05', 'epoch': '2.039'}
{'paper_align_label_loss': '0.01455', 'paper_align_reason_loss': '0.05461', 'epoch': '2.039'}
{'paper_align_label_loss': '0.01497', 'paper_align_reason_loss': '0.06927', 'epoch': '2.039'}
{'paper_align_label_loss': '0.005715', 'paper_align_reason_loss': '0.07557', 'epoch': '2.039'}
{'paper_align_label_loss': '0.02374', 'paper_align_reason_loss': '0.07524', 'epoch': '2.039'}
{'paper_align_label_loss': '0.07284', 'paper_align_reason_loss': '0.0961', 'epoch': '2.044'}
{'paper_align_label_loss': '0.01338', 'paper_align_reason_loss': '0.08391', 'epoch': '2.044'}
{'paper_align_label_loss': '0.002992', 'paper_align_reason_loss': '0.08113', 'epoch': '2.044'}
{'paper_align_label_loss': '0.01563', 'paper_align_reason_loss': '0.115', 'epoch': '2.044'}
{'paper_align_label_loss': '0.0002715', 'paper_align_reason_loss': '0.05202', 'epoch': '2.049'}
{'paper_align_label_loss': '0.03806', 'paper_align_reason_loss': '0.104', 'epoch': '2.049'}
{'paper_align_label_loss': '0.03547', 'paper_align_reason_loss': '0.08575', 'epoch': '2.049'}
{'paper_align_label_loss': '0.06433', 'paper_align_reason_loss': '0.1105', 'epoch': '2.049'}
{'paper_align_label_loss': '0.0168', 'paper_align_reason_loss': '0.07332', 'epoch': '2.054'}
{'paper_align_label_loss': '0.04407', 'paper_align_reason_loss': '0.1315', 'epoch': '2.054'}
{'paper_align_label_loss': '0.0688', 'paper_align_reason_loss': '0.132', 'epoch': '2.054'}
{'paper_align_label_loss': '0.2747', 'paper_align_reason_loss': '0.0754', 'epoch': '2.054'}
{'paper_align_label_loss': '0.02403', 'paper_align_reason_loss': '0.1134', 'epoch': '2.058'}
{'paper_align_label_loss': '0.03727', 'paper_align_reason_loss': '0.1251', 'epoch': '2.058'}
{'paper_align_label_loss': '0.0002285', 'paper_align_reason_loss': '0.0562', 'epoch': '2.058'}
{'paper_align_label_loss': '0.02168', 'paper_align_reason_loss': '0.1629', 'epoch': '2.058'}
{'paper_align_label_loss': '0.01455', 'paper_align_reason_loss': '0.08141', 'epoch': '2.063'}
{'paper_align_label_loss': '0.06068', 'paper_align_reason_loss': '0.05326', 'epoch': '2.063'}
{'paper_align_label_loss': '0.1159', 'paper_align_reason_loss': '0.08276', 'epoch': '2.063'}
{'paper_align_label_loss': '0.02146', 'paper_align_reason_loss': '0.09003', 'epoch': '2.063'}
{'paper_align_label_loss': '0.008776', 'paper_align_reason_loss': '0.1008', 'epoch': '2.068'}
{'paper_align_label_loss': '0.01525', 'paper_align_reason_loss': '0.09919', 'epoch': '2.068'}
{'paper_align_label_loss': '0.0438', 'paper_align_reason_loss': '0.11', 'epoch': '2.068'}
{'paper_align_label_loss': '0.0003818', 'paper_align_reason_loss': '0.08177', 'epoch': '2.068'}
{'paper_align_label_loss': '0.06835', 'paper_align_reason_loss': '0.07881', 'epoch': '2.073'}
{'paper_align_label_loss': '0.03595', 'paper_align_reason_loss': '0.204', 'epoch': '2.073'}
{'paper_align_label_loss': '0.01912', 'paper_align_reason_loss': '0.0989', 'epoch': '2.073'}
{'paper_align_label_loss': '0.008995', 'paper_align_reason_loss': '0.07899', 'epoch': '2.073'}
{'paper_align_label_loss': '0.0678', 'paper_align_reason_loss': '0.1493', 'epoch': '2.078'}
{'paper_align_label_loss': '0.07068', 'paper_align_reason_loss': '0.1533', 'epoch': '2.078'}
{'paper_align_label_loss': '0.05662', 'paper_align_reason_loss': '0.08814', 'epoch': '2.078'}
{'paper_align_label_loss': '0.0295', 'paper_align_reason_loss': '0.06687', 'epoch': '2.078'}
{'paper_align_label_loss': '0.01964', 'paper_align_reason_loss': '0.08829', 'epoch': '2.083'}
{'paper_align_label_loss': '0.01713', 'paper_align_reason_loss': '0.1096', 'epoch': '2.083'}
{'paper_align_label_loss': '0.03764', 'paper_align_reason_loss': '0.1225', 'epoch': '2.083'}
{'paper_align_label_loss': '0.05351', 'paper_align_reason_loss': '0.0702', 'epoch': '2.083'}
{'loss': '0.2718', 'grad_norm': '2.607', 'learning_rate': '2.262e-05', 'epoch': '2.088'}
{'paper_align_label_loss': '0.001059', 'paper_align_reason_loss': '0.06171', 'epoch': '2.088'}
{'paper_align_label_loss': '0.03932', 'paper_align_reason_loss': '0.1401', 'epoch': '2.088'}
{'paper_align_label_loss': '0.0004991', 'paper_align_reason_loss': '0.08322', 'epoch': '2.088'}
{'paper_align_label_loss': '0.001778', 'paper_align_reason_loss': '0.05001', 'epoch': '2.088'}
{'paper_align_label_loss': '0.04516', 'paper_align_reason_loss': '0.1181', 'epoch': '2.092'}
{'paper_align_label_loss': '0.07906', 'paper_align_reason_loss': '0.07983', 'epoch': '2.092'}
{'paper_align_label_loss': '0.02518', 'paper_align_reason_loss': '0.06537', 'epoch': '2.092'}
{'paper_align_label_loss': '0.03636', 'paper_align_reason_loss': '0.08361', 'epoch': '2.092'}
{'paper_align_label_loss': '0.01519', 'paper_align_reason_loss': '0.1056', 'epoch': '2.097'}

 70%|██████▉   | 432/618 [17:16<07:10,  2.32s/it]2026-09-22 08:48:02,621 INFO [rev_util_verifiability|paper_align|Qwen3-0.6B] step=432 epoch=2.0973

                                                 

 70%|██████▉   | 432/618 [17:17<07:10,  2.32s/it]2026-09-22 08:48:03,180 INFO [rev_util_verifiability|paper_align|Qwen3-0.6B] step=432 epoch=2.0973

                                                 

 70%|██████▉   | 432/618 [17:17<07:10,  2.32s/it]
 70%|███████   | 433/618 [17:18<07:06,  2.31s/it]2026-09-22 08:48:03,775 INFO [rev_util_verifiability|paper_align|Qwen3-0.6B] step=433 epoch=2.1022

                                                 

 70%|███████   | 433/618 [17:18<07:06,  2.31s/it]2026-09-22 08:48:04,591 INFO [rev_util_verifiability|paper_align|Qwen3-0.6B] step=433 epoch=2.1022

                                                 

 70%|███████   | 433/618 [17:19<07:06,  2.31s/it]2026-09-22 08:48:05,158 INFO [rev_util_verifiability|paper_align|Qwen3-0.6B] step=433 epoch=2.1022

                                                 

 70%|███████   | 433/618 [17:19<07:06,  2.31s/it]2026-09-22 08:48:05,737 INFO [rev_util_verifiability|paper_align|Qwen3-0.6B] step=433 epoch=2.1022

                                                 

 70%|███████   | 433/618 [17:20<07:06,  2.31s/it]
 70%|███████   | 434/618 [17:20<07:18,  2.38s/it]2026-09-22 08:48:06,330 INFO [rev_util_verifiability|paper_align|Qwen3-0.6B] step=434 epoch=2.1071

                                                 

 70%|███████   | 434/618 [17:21<07:18,  2.38s/it]2026-09-22 08:48:06,884 INFO [rev_util_verifiability|paper_align|Qwen3-0.6B] step=434 epoch=2.1071

                                                 

 70%|███████   | 434/618 [17:21<07:18,  2.38s/it]2026-09-22 08:48:07,455 INFO [rev_util_verifiability|paper_align|Qwen3-0.6B] step=434 epoch=2.1071

                                                 

 70%|███████   | 434/618 [17:22<07:18,  2.38s/it]2026-09-22 08:48:08,010 INFO [rev_util_verifiability|paper_align|Qwen3-0.6B] step=434 epoch=2.1071

                                                 

 70%|███████   | 434/618 [17:22<07:18,  2.38s/it]
 70%|███████   | 435/618 [17:23<07:09,  2.35s/it]2026-09-22 08:48:08,602 INFO [rev_util_verifiability|paper_align|Qwen3-0.6B] step=435 epoch=2.1119

                                                 

 70%|███████   | 435/618 [17:23<07:09,  2.35s/it]2026-09-22 08:48:09,145 INFO [rev_util_verifiability|paper_align|Qwen3-0.6B] step=435 epoch=2.1119

                                                 

 70%|███████   | 435/618 [17:23<07:09,  2.35s/it]2026-09-22 08:48:09,705 INFO [rev_util_verifiability|paper_align|Qwen3-0.6B] step=435 epoch=2.1119

                                                 

 70%|███████   | 435/618 [17:24<07:09,  2.35s/it]2026-09-22 08:48:10,265 INFO [rev_util_verifiability|paper_align|Qwen3-0.6B] step=435 epoch=2.1119

                                                 

 70%|███████   | 435/618 [17:24<07:09,  2.35s/it]
 71%|███████   | 436/618 [17:25<07:02,  2.32s/it]2026-09-22 08:48:10,868 INFO [rev_util_verifiability|paper_align|Qwen3-0.6B] step=436 epoch=2.1168

                                                 

 71%|███████   | 436/618 [17:25<07:02,  2.32s/it]2026-09-22 08:48:11,424 INFO [rev_util_verifiability|paper_align|Qwen3-0.6B] step=436 epoch=2.1168

                                                 

 71%|███████   | 436/618 [17:26<07:02,  2.32s/it]2026-09-22 08:48:11,984 INFO [rev_util_verifiability|paper_align|Qwen3-0.6B] step=436 epoch=2.1168

                                                 

 71%|███████   | 436/618 [17:26<07:02,  2.32s/it]2026-09-22 08:48:12,549 INFO [rev_util_verifiability|paper_align|Qwen3-0.6B] step=436 epoch=2.1168

                                                 

 71%|███████   | 436/618 [17:27<07:02,  2.32s/it]
 71%|███████   | 437/618 [17:27<06:58,  2.31s/it]2026-09-22 08:48:13,161 INFO [rev_util_verifiability|paper_align|Qwen3-0.6B] step=437 epoch=2.1217

                                                 

 71%|███████   | 437/618 [17:27<06:58,  2.31s/it]2026-09-22 08:48:13,739 INFO [rev_util_verifiability|paper_align|Qwen3-0.6B] step=437 epoch=2.1217

                                                 

 71%|███████   | 437/618 [17:28<06:58,  2.31s/it]2026-09-22 08:48:14,351 INFO [rev_util_verifiability|paper_align|Qwen3-0.6B] step=437 epoch=2.1217

                                                 

 71%|███████   | 437/618 [17:29<06:58,  2.31s/it]2026-09-22 08:48:14,924 INFO [rev_util_verifiability|paper_align|Qwen3-0.6B] step=437 epoch=2.1217

                                                 

 71%|███████   | 437/618 [17:29<06:58,  2.31s/it]
 71%|███████   | 438/618 [17:30<06:59,  2.33s/it]2026-09-22 08:48:15,853 INFO [rev_util_verifiability|paper_align|Qwen3-0.6B] step=438 epoch=2.1265

                                                 

 71%|███████   | 438/618 [17:30<06:59,  2.33s/it]2026-09-22 08:48:16,410 INFO [rev_util_verifiability|paper_align|Qwen3-0.6B] step=438 epoch=2.1265

                                                 

 71%|███████   | 438/618 [17:31<06:59,  2.33s/it]2026-09-22 08:48:16,969 INFO [rev_util_verifiability|paper_align|Qwen3-0.6B] step=438 epoch=2.1265

                                                 

 71%|███████   | 438/618 [17:31<06:59,  2.33s/it]2026-09-22 08:48:17,554 INFO [rev_util_verifiability|paper_align|Qwen3-0.6B] step=438 epoch=2.1265

                                                 

 71%|███████   | 438/618 [17:32<06:59,  2.33s/it]
 71%|███████   | 439/618 [17:32<07:13,  2.42s/it]2026-09-22 08:48:18,164 INFO [rev_util_verifiability|paper_align|Qwen3-0.6B] step=439 epoch=2.1314

                                                 

 71%|███████   | 439/618 [17:32<07:13,  2.42s/it]2026-09-22 08:48:18,738 INFO [rev_util_verifiability|paper_align|Qwen3-0.6B] step=439 epoch=2.1314

                                                 

 71%|███████   | 439/618 [17:33<07:13,  2.42s/it]2026-09-22 08:48:19,308 INFO [rev_util_verifiability|paper_align|Qwen3-0.6B] step=439 epoch=2.1314

                                                 

 71%|███████   | 439/618 [17:34<07:13,  2.42s/it]2026-09-22 08:48:19,866 INFO [rev_util_verifiability|paper_align|Qwen3-0.6B] step=439 epoch=2.1314

                                                 

 71%|███████   | 439/618 [17:34<07:13,  2.42s/it]
 71%|███████   | 440/618 [17:34<07:05,  2.39s/it]2026-09-22 08:48:20,271 INFO [rev_util_verifiability|paper_align|Qwen3-0.6B] step=440 loss=0.2494 learning_rate=0.0000 epoch=2.1363

                                                 

 71%|███████   | 440/618 [17:34<07:05,  2.39s/it]2026-09-22 08:48:20,482 INFO [rev_util_verifiability|paper_align|Qwen3-0.6B] step=440 epoch=2.1363

                                                 

 71%|███████   | 440/618 [17:35<07:05,  2.39s/it]2026-09-22 08:48:21,035 INFO [rev_util_verifiability|paper_align|Qwen3-0.6B] step=440 epoch=2.1363

                                                 

 71%|███████   | 440/618 [17:35<07:05,  2.39s/it]2026-09-22 08:48:21,614 INFO [rev_util_verifiability|paper_align|Qwen3-0.6B] step=440 epoch=2.1363

                                                 

 71%|███████   | 440/618 [17:36<07:05,  2.39s/it]2026-09-22 08:48:22,193 INFO [rev_util_verifiability|paper_align|Qwen3-0.6B] step=440 epoch=2.1363

                                                 

 71%|███████   | 440/618 [17:36<07:05,  2.39s/it]
 71%|███████▏  | 441/618 [17:37<06:58,  2.37s/it]2026-09-22 08:48:22,787 INFO [rev_util_verifiability|paper_align|Qwen3-0.6B] step=441 epoch=2.1411

                                                 

 71%|███████▏  | 441/618 [17:37<06:58,  2.37s/it]2026-09-22 08:48:23,350 INFO [rev_util_verifiability|paper_align|Qwen3-0.6B] step=441 epoch=2.1411

                                                 

 71%|███████▏  | 441/618 [17:38<06:58,  2.37s/it]2026-09-22 08:48:23,907 INFO [rev_util_verifiability|paper_align|Qwen3-0.6B] step=441 epoch=2.1411

                                                 

 71%|███████▏  | 441/618 [17:38<06:58,  2.37s/it]2026-09-22 08:48:24,476 INFO [rev_util_verifiability|paper_align|Qwen3-0.6B] step=441 epoch=2.1411

                                                 

 71%|███████▏  | 441/618 [17:39<06:58,  2.37s/it]
 72%|███████▏  | 442/618 [17:39<06:53,  2.35s/it]2026-09-22 08:48:25,092 INFO [rev_util_verifiability|paper_align|Qwen3-0.6B] step=442 epoch=2.1460

                                                 

 72%|███████▏  | 442/618 [17:39<06:53,  2.35s/it]2026-09-22 08:48:25,658 INFO [rev_util_verifiability|paper_align|Qwen3-0.6B] step=442 epoch=2.1460

                                                 

 72%|███████▏  | 442/618 [17:40<06:53,  2.35s/it]2026-09-22 08:48:26,222 INFO [rev_util_verifiability|paper_align|Qwen3-0.6B] step=442 epoch=2.1460

                                                 

 72%|███████▏  | 442/618 [17:40<06:53,  2.35s/it]2026-09-22 08:48:26,800 INFO [rev_util_verifiability|paper_align|Qwen3-0.6B] step=442 epoch=2.1460

                                                 

 72%|███████▏  | 442/618 [17:41<06:53,  2.35s/it]
 72%|███████▏  | 443/618 [17:41<06:48,  2.34s/it]2026-09-22 08:48:27,405 INFO [rev_util_verifiability|paper_align|Qwen3-0.6B] step=443 epoch=2.1509

                                                 

 72%|███████▏  | 443/618 [17:42<06:48,  2.34s/it]2026-09-22 08:48:28,246 INFO [rev_util_verifiability|paper_align|Qwen3-0.6B] step=443 epoch=2.1509

                                                 

 72%|███████▏  | 443/618 [17:42<06:48,  2.34s/it]2026-09-22 08:48:28,813 INFO [rev_util_verifiability|paper_align|Qwen3-0.6B] step=443 epoch=2.1509

                                                 

 72%|███████▏  | 443/618 [17:43<06:48,  2.34s/it]2026-09-22 08:48:29,389 INFO [rev_util_verifiability|paper_align|Qwen3-0.6B] step=443 epoch=2.1509

                                                 

 72%|███████▏  | 443/618 [17:44<06:48,  2.34s/it]
 72%|███████▏  | 444/618 [17:44<06:59,  2.41s/it]2026-09-22 08:48:29,986 INFO [rev_util_verifiability|paper_align|Qwen3-0.6B] step=444 epoch=2.1557

                                                 

 72%|███████▏  | 444/618 [17:44<06:59,  2.41s/it]2026-09-22 08:48:30,550 INFO [rev_util_verifiability|paper_align|Qwen3-0.6B] step=444 epoch=2.1557

                                                 

 72%|███████▏  | 444/618 [17:45<06:59,  2.41s/it]2026-09-22 08:48:31,121 INFO [rev_util_verifiability|paper_align|Qwen3-0.6B] step=444 epoch=2.1557

                                                 

 72%|███████▏  | 444/618 [17:45<06:59,  2.41s/it]2026-09-22 08:48:31,736 INFO [rev_util_verifiability|paper_align|Qwen3-0.6B] step=444 epoch=2.1557

                                                 

 72%|███████▏  | 444/618 [17:46<06:59,  2.41s/it]
 72%|███████▏  | 445/618 [17:46<06:54,  2.40s/it]2026-09-22 08:48:32,412 INFO [rev_util_verifiability|paper_align|Qwen3-0.6B] step=445 epoch=2.1606

                                                 

 72%|███████▏  | 445/618 [17:47<06:54,  2.40s/it]2026-09-22 08:48:32,986 INFO [rev_util_verifiability|paper_align|Qwen3-0.6B] step=445 epoch=2.1606

                                                 

 72%|███████▏  | 445/618 [17:47<06:54,  2.40s/it]2026-09-22 08:48:33,559 INFO [rev_util_verifiability|paper_align|Qwen3-0.6B] step=445 epoch=2.1606

                                                 

 72%|███████▏  | 445/618 [17:48<06:54,  2.40s/it]2026-09-22 08:48:34,146 INFO [rev_util_verifiability|paper_align|Qwen3-0.6B] step=445 epoch=2.1606

                                                 

 72%|███████▏  | 445/618 [17:48<06:54,  2.40s/it]
 72%|███████▏  | 446/618 [17:49<06:52,  2.40s/it]2026-09-22 08:48:34,768 INFO [rev_util_verifiability|paper_align|Qwen3-0.6B] step=446 epoch=2.1655

                                                 

 72%|███████▏  | 446/618 [17:49<06:52,  2.40s/it]2026-09-22 08:48:35,342 INFO [rev_util_verifiability|paper_align|Qwen3-0.6B] step=446 epoch=2.1655

                                                 

 72%|███████▏  | 446/618 [17:50<06:52,  2.40s/it]2026-09-22 08:48:35,936 INFO [rev_util_verifiability|paper_align|Qwen3-0.6B] step=446 epoch=2.1655

                                                 

 72%|███████▏  | 446/618 [17:50<06:52,  2.40s/it]2026-09-22 08:48:36,510 INFO [rev_util_verifiability|paper_align|Qwen3-0.6B] step=446 epoch=2.1655

                                                 

 72%|███████▏  | 446/618 [17:51<06:52,  2.40s/it]
 72%|███████▏  | 447/618 [17:51<06:48,  2.39s/it]2026-09-22 08:48:37,138 INFO [rev_util_verifiability|paper_align|Qwen3-0.6B] step=447 epoch=2.1703

                                                 

 72%|███████▏  | 447/618 [17:51<06:48,  2.39s/it]2026-09-22 08:48:37,714 INFO [rev_util_verifiability|paper_align|Qwen3-0.6B] step=447 epoch=2.1703

                                                 

 72%|███████▏  | 447/618 [17:52<06:48,  2.39s/it]2026-09-22 08:48:38,285 INFO [rev_util_verifiability|paper_align|Qwen3-0.6B] step=447 epoch=2.1703

                                                 

 72%|███████▏  | 447/618 [17:52<06:48,  2.39s/it]2026-09-22 08:48:38,865 INFO [rev_util_verifiability|paper_align|Qwen3-0.6B] step=447 epoch=2.1703

                                                 

 72%|███████▏  | 447/618 [17:53<06:48,  2.39s/it]
 72%|███████▏  | 448/618 [17:53<06:44,  2.38s/it]2026-09-22 08:48:39,491 INFO [rev_util_verifiability|paper_align|Qwen3-0.6B] step=448 epoch=2.1752

                                                 

 72%|███████▏  | 448/618 [17:54<06:44,  2.38s/it]2026-09-22 08:48:40,362 INFO [rev_util_verifiability|paper_align|Qwen3-0.6B] step=448 epoch=2.1752

                                                 

 72%|███████▏  | 448/618 [17:55<06:44,  2.38s/it]2026-09-22 08:48:40,926 INFO [rev_util_verifiability|paper_align|Qwen3-0.6B] step=448 epoch=2.1752

                                                 

 72%|███████▏  | 448/618 [17:55<06:44,  2.38s/it]2026-09-22 08:48:41,512 INFO [rev_util_verifiability|paper_align|Qwen3-0.6B] step=448 epoch=2.1752

                                                 

 72%|███████▏  | 448/618 [17:56<06:44,  2.38s/it]
 73%|███████▎  | 449/618 [17:56<06:55,  2.46s/it]2026-09-22 08:48:42,112 INFO [rev_util_verifiability|paper_align|Qwen3-0.6B] step=449 epoch=2.1800

                                                 

 73%|███████▎  | 449/618 [17:56<06:55,  2.46s/it]2026-09-22 08:48:42,671 INFO [rev_util_verifiability|paper_align|Qwen3-0.6B] step=449 epoch=2.1800

                                                 

 73%|███████▎  | 449/618 [17:57<06:55,  2.46s/it]2026-09-22 08:48:43,247 INFO [rev_util_verifiability|paper_align|Qwen3-0.6B] step=449 epoch=2.1800

                                                 

 73%|███████▎  | 449/618 [17:57<06:55,  2.46s/it]2026-09-22 08:48:43,826 INFO [rev_util_verifiability|paper_align|Qwen3-0.6B] step=449 epoch=2.1800

                                                 

 73%|███████▎  | 449/618 [17:58<06:55,  2.46s/it]
 73%|███████▎  | 450/618 [17:58<06:45,  2.41s/it]2026-09-22 08:48:44,218 INFO [rev_util_verifiability|paper_align|Qwen3-0.6B] step=450 loss=0.2876 learning_rate=0.0000 epoch=2.1849

                                                 

 73%|███████▎  | 450/618 [17:58<06:45,  2.41s/it]2026-09-22 08:48:44,429 INFO [rev_util_verifiability|paper_align|Qwen3-0.6B] step=450 epoch=2.1849

                                                 

 73%|███████▎  | 450/618 [17:59<06:45,  2.41s/it]2026-09-22 08:48:45,002 INFO [rev_util_verifiability|paper_align|Qwen3-0.6B] step=450 epoch=2.1849

                                                 

 73%|███████▎  | 450/618 [17:59<06:45,  2.41s/it]2026-09-22 08:48:45,578 INFO [rev_util_verifiability|paper_align|Qwen3-0.6B] step=450 epoch=2.1849

                                                 

 73%|███████▎  | 450/618 [18:00<06:45,  2.41s/it]2026-09-22 08:48:46,135 INFO [rev_util_verifiability|paper_align|Qwen3-0.6B] step=450 epoch=2.1849

                                                 

 73%|███████▎  | 450/618 [18:00<06:45,  2.41s/it]
 73%|███████▎  | 451/618 [18:01<06:38,  2.39s/it]2026-09-22 08:48:46,763 INFO [rev_util_verifiability|paper_align|Qwen3-0.6B] step=451 epoch=2.1898

                                                 

 73%|███████▎  | 451/618 [18:01<06:38,  2.39s/it]2026-09-22 08:48:47,322 INFO [rev_util_verifiability|paper_align|Qwen3-0.6B] step=451 epoch=2.1898

                                                 

 73%|███████▎  | 451/618 [18:02<06:38,  2.39s/it]2026-09-22 08:48:47,894 INFO [rev_util_verifiability|paper_align|Qwen3-0.6B] step=451 epoch=2.1898

                                                 

 73%|███████▎  | 451/618 [18:02<06:38,  2.39s/it]2026-09-22 08:48:48,462 INFO [rev_util_verifiability|paper_align|Qwen3-0.6B] step=451 epoch=2.1898

                                                 

 73%|███████▎  | 451/618 [18:03<06:38,  2.39s/it]
 73%|███████▎  | 452/618 [18:03<06:32,  2.37s/it]2026-09-22 08:48:49,069 INFO [rev_util_verifiability|paper_align|Qwen3-0.6B] step=452 epoch=2.1946

                                                 

 73%|███████▎  | 452/618 [18:03<06:32,  2.37s/it]2026-09-22 08:48:49,634 INFO [rev_util_verifiability|paper_align|Qwen3-0.6B] step=452 epoch=2.1946

                                                 

 73%|███████▎  | 452/618 [18:04<06:32,  2.37s/it]2026-09-22 08:48:50,210 INFO [rev_util_verifiability|paper_align|Qwen3-0.6B] step=452 epoch=2.1946

                                                 

 73%|███████▎  | 452/618 [18:04<06:32,  2.37s/it]2026-09-22 08:48:50,776 INFO [rev_util_verifiability|paper_align|Qwen3-0.6B] step=452 epoch=2.1946

                                                 

 73%|███████▎  | 452/618 [18:05<06:32,  2.37s/it]
 73%|███████▎  | 453/618 [18:05<06:28,  2.35s/it]2026-09-22 08:48:51,402 INFO [rev_util_verifiability|paper_align|Qwen3-0.6B] step=453 epoch=2.1995

                                                 

 73%|███████▎  | 453/618 [18:06<06:28,  2.35s/it]2026-09-22 08:48:51,978 INFO [rev_util_verifiability|paper_align|Qwen3-0.6B] step=453 epoch=2.1995

                                                 

 73%|███████▎  | 453/618 [18:06<06:28,  2.35s/it]2026-09-22 08:48:52,833 INFO [rev_util_verifiability|paper_align|Qwen3-0.6B] step=453 epoch=2.1995

                                                 
{'paper_align_label_loss': '0.008991', 'paper_align_reason_loss': '0.09835', 'epoch': '2.097'}
{'paper_align_label_loss': '0.02004', 'paper_align_reason_loss': '0.1349', 'epoch': '2.097'}
{'paper_align_label_loss': '0.06127', 'paper_align_reason_loss': '0.09984', 'epoch': '2.097'}
{'paper_align_label_loss': '0.02666', 'paper_align_reason_loss': '0.07526', 'epoch': '2.102'}
{'paper_align_label_loss': '0.0002305', 'paper_align_reason_loss': '0.04389', 'epoch': '2.102'}
{'paper_align_label_loss': '0.02524', 'paper_align_reason_loss': '0.1534', 'epoch': '2.102'}
{'paper_align_label_loss': '0.0003134', 'paper_align_reason_loss': '0.05603', 'epoch': '2.102'}
{'paper_align_label_loss': '0.009707', 'paper_align_reason_loss': '0.08332', 'epoch': '2.107'}
{'paper_align_label_loss': '0.08518', 'paper_align_reason_loss': '0.1281', 'epoch': '2.107'}
{'paper_align_label_loss': '0.0234', 'paper_align_reason_loss': '0.1547', 'epoch': '2.107'}
{'paper_align_label_loss': '0.0215', 'paper_align_reason_loss': '0.05571', 'epoch': '2.107'}
{'paper_align_label_loss': '0.03824', 'paper_align_reason_loss': '0.04983', 'epoch': '2.112'}
{'paper_align_label_loss': '0.02615', 'paper_align_reason_loss': '0.08516', 'epoch': '2.112'}
{'paper_align_label_loss': '0.02483', 'paper_align_reason_loss': '0.07689', 'epoch': '2.112'}
{'paper_align_label_loss': '0.007633', 'paper_align_reason_loss': '0.09184', 'epoch': '2.112'}
{'paper_align_label_loss': '0.0292', 'paper_align_reason_loss': '0.1782', 'epoch': '2.117'}
{'paper_align_label_loss': '0.1412', 'paper_align_reason_loss': '0.1345', 'epoch': '2.117'}
{'paper_align_label_loss': '0.003954', 'paper_align_reason_loss': '0.05927', 'epoch': '2.117'}
{'paper_align_label_loss': '0.193', 'paper_align_reason_loss': '0.04567', 'epoch': '2.117'}
{'paper_align_label_loss': '0.03376', 'paper_align_reason_loss': '0.1203', 'epoch': '2.122'}
{'paper_align_label_loss': '0.07262', 'paper_align_reason_loss': '0.1059', 'epoch': '2.122'}
{'paper_align_label_loss': '0.03718', 'paper_align_reason_loss': '0.07439', 'epoch': '2.122'}
{'paper_align_label_loss': '2.2e-05', 'paper_align_reason_loss': '0.08243', 'epoch': '2.122'}
{'paper_align_label_loss': '0.07809', 'paper_align_reason_loss': '0.121', 'epoch': '2.127'}
{'paper_align_label_loss': '0.03361', 'paper_align_reason_loss': '0.04486', 'epoch': '2.127'}
{'paper_align_label_loss': '0.0006979', 'paper_align_reason_loss': '0.0541', 'epoch': '2.127'}
{'paper_align_label_loss': '0.0002187', 'paper_align_reason_loss': '0.05179', 'epoch': '2.127'}
{'paper_align_label_loss': '0.02705', 'paper_align_reason_loss': '0.06354', 'epoch': '2.131'}
{'paper_align_label_loss': '0.1519', 'paper_align_reason_loss': '0.1227', 'epoch': '2.131'}
{'paper_align_label_loss': '0.001326', 'paper_align_reason_loss': '0.02952', 'epoch': '2.131'}
{'paper_align_label_loss': '0.04364', 'paper_align_reason_loss': '0.05418', 'epoch': '2.131'}
{'loss': '0.2494', 'grad_norm': '5.401', 'learning_rate': '2.046e-05', 'epoch': '2.136'}
{'paper_align_label_loss': '0.0006291', 'paper_align_reason_loss': '0.09246', 'epoch': '2.136'}
{'paper_align_label_loss': '0.005227', 'paper_align_reason_loss': '0.08983', 'epoch': '2.136'}
{'paper_align_label_loss': '0.02697', 'paper_align_reason_loss': '0.1377', 'epoch': '2.136'}
{'paper_align_label_loss': '0.0237', 'paper_align_reason_loss': '0.1036', 'epoch': '2.136'}
{'paper_align_label_loss': '0.1762', 'paper_align_reason_loss': '0.07773', 'epoch': '2.141'}
{'paper_align_label_loss': '0.001317', 'paper_align_reason_loss': '0.0396', 'epoch': '2.141'}
{'paper_align_label_loss': '0.07381', 'paper_align_reason_loss': '0.07783', 'epoch': '2.141'}
{'paper_align_label_loss': '0.003629', 'paper_align_reason_loss': '0.06743', 'epoch': '2.141'}
{'paper_align_label_loss': '0.05741', 'paper_align_reason_loss': '0.0794', 'epoch': '2.146'}
{'paper_align_label_loss': '1.16e-05', 'paper_align_reason_loss': '0.05065', 'epoch': '2.146'}
{'paper_align_label_loss': '0.03254', 'paper_align_reason_loss': '0.06372', 'epoch': '2.146'}
{'paper_align_label_loss': '0.1069', 'paper_align_reason_loss': '0.1034', 'epoch': '2.146'}
{'paper_align_label_loss': '0.01079', 'paper_align_reason_loss': '0.09252', 'epoch': '2.151'}
{'paper_align_label_loss': '0.01062', 'paper_align_reason_loss': '0.07919', 'epoch': '2.151'}
{'paper_align_label_loss': '0.07741', 'paper_align_reason_loss': '0.1079', 'epoch': '2.151'}
{'paper_align_label_loss': '0.1688', 'paper_align_reason_loss': '0.2618', 'epoch': '2.151'}
{'paper_align_label_loss': '0.0156', 'paper_align_reason_loss': '0.1067', 'epoch': '2.156'}
{'paper_align_label_loss': '0.02498', 'paper_align_reason_loss': '0.08782', 'epoch': '2.156'}
{'paper_align_label_loss': '0.005955', 'paper_align_reason_loss': '0.0877', 'epoch': '2.156'}
{'paper_align_label_loss': '0.06735', 'paper_align_reason_loss': '0.1398', 'epoch': '2.156'}
{'paper_align_label_loss': '0.009107', 'paper_align_reason_loss': '0.14', 'epoch': '2.161'}
{'paper_align_label_loss': '0.1043', 'paper_align_reason_loss': '0.1746', 'epoch': '2.161'}
{'paper_align_label_loss': '0.0471', 'paper_align_reason_loss': '0.08351', 'epoch': '2.161'}
{'paper_align_label_loss': '0.0416', 'paper_align_reason_loss': '0.09271', 'epoch': '2.161'}
{'paper_align_label_loss': '0.04108', 'paper_align_reason_loss': '0.1267', 'epoch': '2.165'}
{'paper_align_label_loss': '0.01059', 'paper_align_reason_loss': '0.09453', 'epoch': '2.165'}
{'paper_align_label_loss': '0.03023', 'paper_align_reason_loss': '0.1268', 'epoch': '2.165'}
{'paper_align_label_loss': '0.1924', 'paper_align_reason_loss': '0.1129', 'epoch': '2.165'}
{'paper_align_label_loss': '0.04136', 'paper_align_reason_loss': '0.09559', 'epoch': '2.17'}
{'paper_align_label_loss': '0.01726', 'paper_align_reason_loss': '0.08241', 'epoch': '2.17'}
{'paper_align_label_loss': '0.003217', 'paper_align_reason_loss': '0.1136', 'epoch': '2.17'}
{'paper_align_label_loss': '0.023', 'paper_align_reason_loss': '0.09268', 'epoch': '2.17'}
{'paper_align_label_loss': '0.01127', 'paper_align_reason_loss': '0.06943', 'epoch': '2.175'}
{'paper_align_label_loss': '0.06895', 'paper_align_reason_loss': '0.1203', 'epoch': '2.175'}
{'paper_align_label_loss': '4.237e-05', 'paper_align_reason_loss': '0.04547', 'epoch': '2.175'}
{'paper_align_label_loss': '0.03129', 'paper_align_reason_loss': '0.1679', 'epoch': '2.175'}
{'paper_align_label_loss': '0.0003811', 'paper_align_reason_loss': '0.05694', 'epoch': '2.18'}
{'paper_align_label_loss': '0.05801', 'paper_align_reason_loss': '0.1276', 'epoch': '2.18'}
{'paper_align_label_loss': '0.01555', 'paper_align_reason_loss': '0.06654', 'epoch': '2.18'}
{'paper_align_label_loss': '0.03927', 'paper_align_reason_loss': '0.1399', 'epoch': '2.18'}
{'loss': '0.2876', 'grad_norm': '2.952', 'learning_rate': '1.839e-05', 'epoch': '2.185'}
{'paper_align_label_loss': '0.007436', 'paper_align_reason_loss': '0.09779', 'epoch': '2.185'}
{'paper_align_label_loss': '0.001026', 'paper_align_reason_loss': '0.07759', 'epoch': '2.185'}
{'paper_align_label_loss': '0.04376', 'paper_align_reason_loss': '0.1117', 'epoch': '2.185'}
{'paper_align_label_loss': '0.07158', 'paper_align_reason_loss': '0.1318', 'epoch': '2.185'}
{'paper_align_label_loss': '0.0007984', 'paper_align_reason_loss': '0.07376', 'epoch': '2.19'}
{'paper_align_label_loss': '2.092e-05', 'paper_align_reason_loss': '0.06713', 'epoch': '2.19'}
{'paper_align_label_loss': '0.0001371', 'paper_align_reason_loss': '0.05131', 'epoch': '2.19'}
{'paper_align_label_loss': '0.1024', 'paper_align_reason_loss': '0.1376', 'epoch': '2.19'}
{'paper_align_label_loss': '0.005833', 'paper_align_reason_loss': '0.08271', 'epoch': '2.195'}
{'paper_align_label_loss': '0.1245', 'paper_align_reason_loss': '0.07416', 'epoch': '2.195'}
{'paper_align_label_loss': '0.004195', 'paper_align_reason_loss': '0.05482', 'epoch': '2.195'}
{'paper_align_label_loss': '0.0513', 'paper_align_reason_loss': '0.1244', 'epoch': '2.195'}
{'paper_align_label_loss': '0.01086', 'paper_align_reason_loss': '0.1125', 'epoch': '2.2'}
{'paper_align_label_loss': '0.07152', 'paper_align_reason_loss': '0.1082', 'epoch': '2.2'}

 73%|███████▎  | 453/618 [18:07<06:28,  2.35s/it]2026-09-22 08:48:53,424 INFO [rev_util_verifiability|paper_align|Qwen3-0.6B] step=453 epoch=2.1995

                                                 

 73%|███████▎  | 453/618 [18:08<06:28,  2.35s/it]
 73%|███████▎  | 454/618 [18:08<06:40,  2.44s/it]2026-09-22 08:48:54,048 INFO [rev_util_verifiability|paper_align|Qwen3-0.6B] step=454 epoch=2.2044

                                                 

 73%|███████▎  | 454/618 [18:08<06:40,  2.44s/it]2026-09-22 08:48:54,619 INFO [rev_util_verifiability|paper_align|Qwen3-0.6B] step=454 epoch=2.2044

                                                 

 73%|███████▎  | 454/618 [18:09<06:40,  2.44s/it]2026-09-22 08:48:55,203 INFO [rev_util_verifiability|paper_align|Qwen3-0.6B] step=454 epoch=2.2044

                                                 

 73%|███████▎  | 454/618 [18:09<06:40,  2.44s/it]2026-09-22 08:48:55,772 INFO [rev_util_verifiability|paper_align|Qwen3-0.6B] step=454 epoch=2.2044

                                                 

 73%|███████▎  | 454/618 [18:10<06:40,  2.44s/it]
 74%|███████▎  | 455/618 [18:10<06:33,  2.42s/it]2026-09-22 08:48:56,412 INFO [rev_util_verifiability|paper_align|Qwen3-0.6B] step=455 epoch=2.2092

                                                 

 74%|███████▎  | 455/618 [18:11<06:33,  2.42s/it]2026-09-22 08:48:56,991 INFO [rev_util_verifiability|paper_align|Qwen3-0.6B] step=455 epoch=2.2092

                                                 

 74%|███████▎  | 455/618 [18:11<06:33,  2.42s/it]2026-09-22 08:48:57,558 INFO [rev_util_verifiability|paper_align|Qwen3-0.6B] step=455 epoch=2.2092

                                                 

 74%|███████▎  | 455/618 [18:12<06:33,  2.42s/it]2026-09-22 08:48:58,137 INFO [rev_util_verifiability|paper_align|Qwen3-0.6B] step=455 epoch=2.2092

                                                 

 74%|███████▎  | 455/618 [18:12<06:33,  2.42s/it]
 74%|███████▍  | 456/618 [18:13<06:28,  2.40s/it]2026-09-22 08:48:58,754 INFO [rev_util_verifiability|paper_align|Qwen3-0.6B] step=456 epoch=2.2141

                                                 

 74%|███████▍  | 456/618 [18:13<06:28,  2.40s/it]2026-09-22 08:48:59,328 INFO [rev_util_verifiability|paper_align|Qwen3-0.6B] step=456 epoch=2.2141

                                                 

 74%|███████▍  | 456/618 [18:14<06:28,  2.40s/it]2026-09-22 08:48:59,915 INFO [rev_util_verifiability|paper_align|Qwen3-0.6B] step=456 epoch=2.2141

                                                 

 74%|███████▍  | 456/618 [18:14<06:28,  2.40s/it]2026-09-22 08:49:00,489 INFO [rev_util_verifiability|paper_align|Qwen3-0.6B] step=456 epoch=2.2141

                                                 

 74%|███████▍  | 456/618 [18:15<06:28,  2.40s/it]
 74%|███████▍  | 457/618 [18:15<06:23,  2.38s/it]2026-09-22 08:49:01,098 INFO [rev_util_verifiability|paper_align|Qwen3-0.6B] step=457 epoch=2.2190

                                                 

 74%|███████▍  | 457/618 [18:15<06:23,  2.38s/it]2026-09-22 08:49:01,684 INFO [rev_util_verifiability|paper_align|Qwen3-0.6B] step=457 epoch=2.2190

                                                 

 74%|███████▍  | 457/618 [18:16<06:23,  2.38s/it]2026-09-22 08:49:02,263 INFO [rev_util_verifiability|paper_align|Qwen3-0.6B] step=457 epoch=2.2190

                                                 

 74%|███████▍  | 457/618 [18:16<06:23,  2.38s/it]2026-09-22 08:49:02,829 INFO [rev_util_verifiability|paper_align|Qwen3-0.6B] step=457 epoch=2.2190

                                                 

 74%|███████▍  | 457/618 [18:17<06:23,  2.38s/it]
 74%|███████▍  | 458/618 [18:17<06:20,  2.38s/it]2026-09-22 08:49:03,464 INFO [rev_util_verifiability|paper_align|Qwen3-0.6B] step=458 epoch=2.2238

                                                 

 74%|███████▍  | 458/618 [18:18<06:20,  2.38s/it]2026-09-22 08:49:04,291 INFO [rev_util_verifiability|paper_align|Qwen3-0.6B] step=458 epoch=2.2238

                                                 

 74%|███████▍  | 458/618 [18:18<06:20,  2.38s/it]2026-09-22 08:49:04,863 INFO [rev_util_verifiability|paper_align|Qwen3-0.6B] step=458 epoch=2.2238

                                                 

 74%|███████▍  | 458/618 [18:19<06:20,  2.38s/it]2026-09-22 08:49:05,447 INFO [rev_util_verifiability|paper_align|Qwen3-0.6B] step=458 epoch=2.2238

                                                 

 74%|███████▍  | 458/618 [18:20<06:20,  2.38s/it]
 74%|███████▍  | 459/618 [18:20<06:28,  2.44s/it]2026-09-22 08:49:06,071 INFO [rev_util_verifiability|paper_align|Qwen3-0.6B] step=459 epoch=2.2287

                                                 

 74%|███████▍  | 459/618 [18:20<06:28,  2.44s/it]2026-09-22 08:49:06,640 INFO [rev_util_verifiability|paper_align|Qwen3-0.6B] step=459 epoch=2.2287

                                                 

 74%|███████▍  | 459/618 [18:21<06:28,  2.44s/it]2026-09-22 08:49:07,228 INFO [rev_util_verifiability|paper_align|Qwen3-0.6B] step=459 epoch=2.2287

                                                 

 74%|███████▍  | 459/618 [18:21<06:28,  2.44s/it]2026-09-22 08:49:07,800 INFO [rev_util_verifiability|paper_align|Qwen3-0.6B] step=459 epoch=2.2287

                                                 

 74%|███████▍  | 459/618 [18:22<06:28,  2.44s/it]
 74%|███████▍  | 460/618 [18:22<06:22,  2.42s/it]2026-09-22 08:49:08,215 INFO [rev_util_verifiability|paper_align|Qwen3-0.6B] step=460 loss=0.2967 learning_rate=0.0000 epoch=2.2336

                                                 

 74%|███████▍  | 460/618 [18:22<06:22,  2.42s/it]2026-09-22 08:49:08,429 INFO [rev_util_verifiability|paper_align|Qwen3-0.6B] step=460 epoch=2.2336

                                                 

 74%|███████▍  | 460/618 [18:23<06:22,  2.42s/it]2026-09-22 08:49:08,994 INFO [rev_util_verifiability|paper_align|Qwen3-0.6B] step=460 epoch=2.2336

                                                 

 74%|███████▍  | 460/618 [18:23<06:22,  2.42s/it]2026-09-22 08:49:09,570 INFO [rev_util_verifiability|paper_align|Qwen3-0.6B] step=460 epoch=2.2336

                                                 

 74%|███████▍  | 460/618 [18:24<06:22,  2.42s/it]2026-09-22 08:49:10,154 INFO [rev_util_verifiability|paper_align|Qwen3-0.6B] step=460 epoch=2.2336

                                                 

 74%|███████▍  | 460/618 [18:24<06:22,  2.42s/it]
 75%|███████▍  | 461/618 [18:25<06:16,  2.40s/it]2026-09-22 08:49:10,775 INFO [rev_util_verifiability|paper_align|Qwen3-0.6B] step=461 epoch=2.2384

                                                 

 75%|███████▍  | 461/618 [18:25<06:16,  2.40s/it]2026-09-22 08:49:11,339 INFO [rev_util_verifiability|paper_align|Qwen3-0.6B] step=461 epoch=2.2384

                                                 

 75%|███████▍  | 461/618 [18:26<06:16,  2.40s/it]2026-09-22 08:49:11,912 INFO [rev_util_verifiability|paper_align|Qwen3-0.6B] step=461 epoch=2.2384

                                                 

 75%|███████▍  | 461/618 [18:26<06:16,  2.40s/it]2026-09-22 08:49:12,508 INFO [rev_util_verifiability|paper_align|Qwen3-0.6B] step=461 epoch=2.2384

                                                 

 75%|███████▍  | 461/618 [18:27<06:16,  2.40s/it]
 75%|███████▍  | 462/618 [18:27<06:11,  2.38s/it]2026-09-22 08:49:13,142 INFO [rev_util_verifiability|paper_align|Qwen3-0.6B] step=462 epoch=2.2433

                                                 

 75%|███████▍  | 462/618 [18:27<06:11,  2.38s/it]2026-09-22 08:49:13,698 INFO [rev_util_verifiability|paper_align|Qwen3-0.6B] step=462 epoch=2.2433

                                                 

 75%|███████▍  | 462/618 [18:28<06:11,  2.38s/it]2026-09-22 08:49:14,262 INFO [rev_util_verifiability|paper_align|Qwen3-0.6B] step=462 epoch=2.2433

                                                 

 75%|███████▍  | 462/618 [18:28<06:11,  2.38s/it]2026-09-22 08:49:14,828 INFO [rev_util_verifiability|paper_align|Qwen3-0.6B] step=462 epoch=2.2433

                                                 

 75%|███████▍  | 462/618 [18:29<06:11,  2.38s/it]
 75%|███████▍  | 463/618 [18:29<06:06,  2.36s/it]2026-09-22 08:49:15,442 INFO [rev_util_verifiability|paper_align|Qwen3-0.6B] step=463 epoch=2.2482

                                                 

 75%|███████▍  | 463/618 [18:30<06:06,  2.36s/it]2026-09-22 08:49:16,032 INFO [rev_util_verifiability|paper_align|Qwen3-0.6B] step=463 epoch=2.2482

                                                 

 75%|███████▍  | 463/618 [18:30<06:06,  2.36s/it]2026-09-22 08:49:16,873 INFO [rev_util_verifiability|paper_align|Qwen3-0.6B] step=463 epoch=2.2482

                                                 

 75%|███████▍  | 463/618 [18:31<06:06,  2.36s/it]2026-09-22 08:49:17,447 INFO [rev_util_verifiability|paper_align|Qwen3-0.6B] step=463 epoch=2.2482

                                                 

 75%|███████▍  | 463/618 [18:32<06:06,  2.36s/it]
 75%|███████▌  | 464/618 [18:32<06:15,  2.44s/it]2026-09-22 08:49:18,058 INFO [rev_util_verifiability|paper_align|Qwen3-0.6B] step=464 epoch=2.2530

                                                 

 75%|███████▌  | 464/618 [18:32<06:15,  2.44s/it]2026-09-22 08:49:18,635 INFO [rev_util_verifiability|paper_align|Qwen3-0.6B] step=464 epoch=2.2530

                                                 

 75%|███████▌  | 464/618 [18:33<06:15,  2.44s/it]2026-09-22 08:49:19,204 INFO [rev_util_verifiability|paper_align|Qwen3-0.6B] step=464 epoch=2.2530

                                                 

 75%|███████▌  | 464/618 [18:33<06:15,  2.44s/it]2026-09-22 08:49:19,761 INFO [rev_util_verifiability|paper_align|Qwen3-0.6B] step=464 epoch=2.2530

                                                 

 75%|███████▌  | 464/618 [18:34<06:15,  2.44s/it]
 75%|███████▌  | 465/618 [18:34<06:07,  2.40s/it]2026-09-22 08:49:20,370 INFO [rev_util_verifiability|paper_align|Qwen3-0.6B] step=465 epoch=2.2579

                                                 

 75%|███████▌  | 465/618 [18:35<06:07,  2.40s/it]2026-09-22 08:49:20,951 INFO [rev_util_verifiability|paper_align|Qwen3-0.6B] step=465 epoch=2.2579

                                                 

 75%|███████▌  | 465/618 [18:35<06:07,  2.40s/it]2026-09-22 08:49:21,527 INFO [rev_util_verifiability|paper_align|Qwen3-0.6B] step=465 epoch=2.2579

                                                 

 75%|███████▌  | 465/618 [18:36<06:07,  2.40s/it]2026-09-22 08:49:22,096 INFO [rev_util_verifiability|paper_align|Qwen3-0.6B] step=465 epoch=2.2579

                                                 

 75%|███████▌  | 465/618 [18:36<06:07,  2.40s/it]
 75%|███████▌  | 466/618 [18:37<06:02,  2.38s/it]2026-09-22 08:49:22,716 INFO [rev_util_verifiability|paper_align|Qwen3-0.6B] step=466 epoch=2.2628

                                                 

 75%|███████▌  | 466/618 [18:37<06:02,  2.38s/it]2026-09-22 08:49:23,302 INFO [rev_util_verifiability|paper_align|Qwen3-0.6B] step=466 epoch=2.2628

                                                 

 75%|███████▌  | 466/618 [18:38<06:02,  2.38s/it]2026-09-22 08:49:23,895 INFO [rev_util_verifiability|paper_align|Qwen3-0.6B] step=466 epoch=2.2628

                                                 

 75%|███████▌  | 466/618 [18:38<06:02,  2.38s/it]2026-09-22 08:49:24,466 INFO [rev_util_verifiability|paper_align|Qwen3-0.6B] step=466 epoch=2.2628

                                                 

 75%|███████▌  | 466/618 [18:39<06:02,  2.38s/it]
 76%|███████▌  | 467/618 [18:39<05:59,  2.38s/it]2026-09-22 08:49:25,081 INFO [rev_util_verifiability|paper_align|Qwen3-0.6B] step=467 epoch=2.2676

                                                 

 76%|███████▌  | 467/618 [18:39<05:59,  2.38s/it]2026-09-22 08:49:25,675 INFO [rev_util_verifiability|paper_align|Qwen3-0.6B] step=467 epoch=2.2676

                                                 

 76%|███████▌  | 467/618 [18:40<05:59,  2.38s/it]2026-09-22 08:49:26,252 INFO [rev_util_verifiability|paper_align|Qwen3-0.6B] step=467 epoch=2.2676

                                                 

 76%|███████▌  | 467/618 [18:40<05:59,  2.38s/it]2026-09-22 08:49:26,825 INFO [rev_util_verifiability|paper_align|Qwen3-0.6B] step=467 epoch=2.2676

                                                 

 76%|███████▌  | 467/618 [18:41<05:59,  2.38s/it]
 76%|███████▌  | 468/618 [18:41<05:56,  2.37s/it]2026-09-22 08:49:27,441 INFO [rev_util_verifiability|paper_align|Qwen3-0.6B] step=468 epoch=2.2725

                                                 

 76%|███████▌  | 468/618 [18:42<05:56,  2.37s/it]2026-09-22 08:49:28,042 INFO [rev_util_verifiability|paper_align|Qwen3-0.6B] step=468 epoch=2.2725

                                                 

 76%|███████▌  | 468/618 [18:42<05:56,  2.37s/it]2026-09-22 08:49:28,887 INFO [rev_util_verifiability|paper_align|Qwen3-0.6B] step=468 epoch=2.2725

                                                 

 76%|███████▌  | 468/618 [18:43<05:56,  2.37s/it]2026-09-22 08:49:29,461 INFO [rev_util_verifiability|paper_align|Qwen3-0.6B] step=468 epoch=2.2725

                                                 

 76%|███████▌  | 468/618 [18:44<05:56,  2.37s/it]
 76%|███████▌  | 469/618 [18:44<06:05,  2.45s/it]2026-09-22 08:49:30,079 INFO [rev_util_verifiability|paper_align|Qwen3-0.6B] step=469 epoch=2.2774

                                                 

 76%|███████▌  | 469/618 [18:44<06:05,  2.45s/it]2026-09-22 08:49:30,650 INFO [rev_util_verifiability|paper_align|Qwen3-0.6B] step=469 epoch=2.2774

                                                 

 76%|███████▌  | 469/618 [18:45<06:05,  2.45s/it]2026-09-22 08:49:31,231 INFO [rev_util_verifiability|paper_align|Qwen3-0.6B] step=469 epoch=2.2774

                                                 

 76%|███████▌  | 469/618 [18:45<06:05,  2.45s/it]2026-09-22 08:49:31,810 INFO [rev_util_verifiability|paper_align|Qwen3-0.6B] step=469 epoch=2.2774

                                                 

 76%|███████▌  | 469/618 [18:46<06:05,  2.45s/it]
 76%|███████▌  | 470/618 [18:46<05:58,  2.42s/it]2026-09-22 08:49:32,209 INFO [rev_util_verifiability|paper_align|Qwen3-0.6B] step=470 loss=0.3195 learning_rate=0.0000 epoch=2.2822

                                                 

 76%|███████▌  | 470/618 [18:46<05:58,  2.42s/it]2026-09-22 08:49:32,433 INFO [rev_util_verifiability|paper_align|Qwen3-0.6B] step=470 epoch=2.2822

                                                 

 76%|███████▌  | 470/618 [18:47<05:58,  2.42s/it]2026-09-22 08:49:33,022 INFO [rev_util_verifiability|paper_align|Qwen3-0.6B] step=470 epoch=2.2822

                                                 

 76%|███████▌  | 470/618 [18:47<05:58,  2.42s/it]2026-09-22 08:49:33,609 INFO [rev_util_verifiability|paper_align|Qwen3-0.6B] step=470 epoch=2.2822

                                                 

 76%|███████▌  | 470/618 [18:48<05:58,  2.42s/it]2026-09-22 08:49:34,193 INFO [rev_util_verifiability|paper_align|Qwen3-0.6B] step=470 epoch=2.2822

                                                 

 76%|███████▌  | 470/618 [18:48<05:58,  2.42s/it]
 76%|███████▌  | 471/618 [18:49<05:54,  2.41s/it]2026-09-22 08:49:34,820 INFO [rev_util_verifiability|paper_align|Qwen3-0.6B] step=471 epoch=2.2871

                                                 

 76%|███████▌  | 471/618 [18:49<05:54,  2.41s/it]2026-09-22 08:49:35,391 INFO [rev_util_verifiability|paper_align|Qwen3-0.6B] step=471 epoch=2.2871

                                                 

 76%|███████▌  | 471/618 [18:50<05:54,  2.41s/it]2026-09-22 08:49:35,977 INFO [rev_util_verifiability|paper_align|Qwen3-0.6B] step=471 epoch=2.2871

                                                 

 76%|███████▌  | 471/618 [18:50<05:54,  2.41s/it]2026-09-22 08:49:36,567 INFO [rev_util_verifiability|paper_align|Qwen3-0.6B] step=471 epoch=2.2871

                                                 

 76%|███████▌  | 471/618 [18:51<05:54,  2.41s/it]
 76%|███████▋  | 472/618 [18:51<05:50,  2.40s/it]2026-09-22 08:49:37,183 INFO [rev_util_verifiability|paper_align|Qwen3-0.6B] step=472 epoch=2.2920

                                                 

 76%|███████▋  | 472/618 [18:51<05:50,  2.40s/it]2026-09-22 08:49:37,786 INFO [rev_util_verifiability|paper_align|Qwen3-0.6B] step=472 epoch=2.2920

                                                 

 76%|███████▋  | 472/618 [18:52<05:50,  2.40s/it]2026-09-22 08:49:38,369 INFO [rev_util_verifiability|paper_align|Qwen3-0.6B] step=472 epoch=2.2920

                                                 

 76%|███████▋  | 472/618 [18:53<05:50,  2.40s/it]2026-09-22 08:49:38,938 INFO [rev_util_verifiability|paper_align|Qwen3-0.6B] step=472 epoch=2.2920

                                                 

 76%|███████▋  | 472/618 [18:53<05:50,  2.40s/it]
 77%|███████▋  | 473/618 [18:54<05:46,  2.39s/it]2026-09-22 08:49:39,547 INFO [rev_util_verifiability|paper_align|Qwen3-0.6B] step=473 epoch=2.2968

                                                 

 77%|███████▋  | 473/618 [18:54<05:46,  2.39s/it]2026-09-22 08:49:40,117 INFO [rev_util_verifiability|paper_align|Qwen3-0.6B] step=473 epoch=2.2968

                                                 

 77%|███████▋  | 473/618 [18:54<05:46,  2.39s/it]2026-09-22 08:49:40,971 INFO [rev_util_verifiability|paper_align|Qwen3-0.6B] step=473 epoch=2.2968

                                                 

 77%|███████▋  | 473/618 [18:55<05:46,  2.39s/it]2026-09-22 08:49:41,543 INFO [rev_util_verifiability|paper_align|Qwen3-0.6B] step=473 epoch=2.2968

                                                 

 77%|███████▋  | 473/618 [18:56<05:46,  2.39s/it]
 77%|███████▋  | 474/618 [18:56<05:53,  2.45s/it]2026-09-22 08:49:42,152 INFO [rev_util_verifiability|paper_align|Qwen3-0.6B] step=474 epoch=2.3017

                                                 

 77%|███████▋  | 474/618 [18:56<05:53,  2.45s/it]2026-09-22 08:49:42,723 INFO [rev_util_verifiability|paper_align|Qwen3-0.6B] step=474 epoch=2.3017

                                                 

 77%|███████▋  | 474/618 [18:57<05:53,  2.45s/it]2026-09-22 08:49:43,301 INFO [rev_util_verifiability|paper_align|Qwen3-0.6B] step=474 epoch=2.3017

                                                 

 77%|███████▋  | 474/618 [18:58<05:53,  2.45s/it]2026-09-22 08:49:43,876 INFO [rev_util_verifiability|paper_align|Qwen3-0.6B] step=474 epoch=2.3017

                                                 
{'paper_align_label_loss': '1.052e-05', 'paper_align_reason_loss': '0.06362', 'epoch': '2.2'}
{'paper_align_label_loss': '0.1242', 'paper_align_reason_loss': '0.1812', 'epoch': '2.2'}
{'paper_align_label_loss': '0.06765', 'paper_align_reason_loss': '0.1448', 'epoch': '2.204'}
{'paper_align_label_loss': '0.0001347', 'paper_align_reason_loss': '0.09585', 'epoch': '2.204'}
{'paper_align_label_loss': '0.02393', 'paper_align_reason_loss': '0.08038', 'epoch': '2.204'}
{'paper_align_label_loss': '0.05489', 'paper_align_reason_loss': '0.04678', 'epoch': '2.204'}
{'paper_align_label_loss': '0.001932', 'paper_align_reason_loss': '0.1187', 'epoch': '2.209'}
{'paper_align_label_loss': '0.1289', 'paper_align_reason_loss': '0.1054', 'epoch': '2.209'}
{'paper_align_label_loss': '0.01014', 'paper_align_reason_loss': '0.09625', 'epoch': '2.209'}
{'paper_align_label_loss': '0.00247', 'paper_align_reason_loss': '0.08809', 'epoch': '2.209'}
{'paper_align_label_loss': '0.01607', 'paper_align_reason_loss': '0.09342', 'epoch': '2.214'}
{'paper_align_label_loss': '0.0295', 'paper_align_reason_loss': '0.1141', 'epoch': '2.214'}
{'paper_align_label_loss': '0.0009404', 'paper_align_reason_loss': '0.05883', 'epoch': '2.214'}
{'paper_align_label_loss': '0.04431', 'paper_align_reason_loss': '0.1221', 'epoch': '2.214'}
{'paper_align_label_loss': '0.01256', 'paper_align_reason_loss': '0.08511', 'epoch': '2.219'}
{'paper_align_label_loss': '0.0002793', 'paper_align_reason_loss': '0.07044', 'epoch': '2.219'}
{'paper_align_label_loss': '0.01516', 'paper_align_reason_loss': '0.06885', 'epoch': '2.219'}
{'paper_align_label_loss': '0.02075', 'paper_align_reason_loss': '0.09377', 'epoch': '2.219'}
{'paper_align_label_loss': '0.01796', 'paper_align_reason_loss': '0.1277', 'epoch': '2.224'}
{'paper_align_label_loss': '0.2135', 'paper_align_reason_loss': '0.08869', 'epoch': '2.224'}
{'paper_align_label_loss': '0.1064', 'paper_align_reason_loss': '0.1127', 'epoch': '2.224'}
{'paper_align_label_loss': '0.2118', 'paper_align_reason_loss': '0.1096', 'epoch': '2.224'}
{'paper_align_label_loss': '0.01791', 'paper_align_reason_loss': '0.1431', 'epoch': '2.229'}
{'paper_align_label_loss': '0.03757', 'paper_align_reason_loss': '0.1051', 'epoch': '2.229'}
{'paper_align_label_loss': '0.2214', 'paper_align_reason_loss': '0.1341', 'epoch': '2.229'}
{'paper_align_label_loss': '0.06261', 'paper_align_reason_loss': '0.1421', 'epoch': '2.229'}
{'loss': '0.2967', 'grad_norm': '5.779', 'learning_rate': '1.64e-05', 'epoch': '2.234'}
{'paper_align_label_loss': '0.06622', 'paper_align_reason_loss': '0.1408', 'epoch': '2.234'}
{'paper_align_label_loss': '0.007296', 'paper_align_reason_loss': '0.06517', 'epoch': '2.234'}
{'paper_align_label_loss': '0.02032', 'paper_align_reason_loss': '0.1095', 'epoch': '2.234'}
{'paper_align_label_loss': '0.1615', 'paper_align_reason_loss': '0.08313', 'epoch': '2.234'}
{'paper_align_label_loss': '0.02179', 'paper_align_reason_loss': '0.1432', 'epoch': '2.238'}
{'paper_align_label_loss': '0.03787', 'paper_align_reason_loss': '0.1453', 'epoch': '2.238'}
{'paper_align_label_loss': '0.0721', 'paper_align_reason_loss': '0.1095', 'epoch': '2.238'}
{'paper_align_label_loss': '0.02203', 'paper_align_reason_loss': '0.1211', 'epoch': '2.238'}
{'paper_align_label_loss': '0.01043', 'paper_align_reason_loss': '0.09865', 'epoch': '2.243'}
{'paper_align_label_loss': '0.06175', 'paper_align_reason_loss': '0.06164', 'epoch': '2.243'}
{'paper_align_label_loss': '0.1411', 'paper_align_reason_loss': '0.09426', 'epoch': '2.243'}
{'paper_align_label_loss': '0.001897', 'paper_align_reason_loss': '0.1116', 'epoch': '2.243'}
{'paper_align_label_loss': '0.03203', 'paper_align_reason_loss': '0.1449', 'epoch': '2.248'}
{'paper_align_label_loss': '0.1944', 'paper_align_reason_loss': '0.1829', 'epoch': '2.248'}
{'paper_align_label_loss': '0.04681', 'paper_align_reason_loss': '0.1111', 'epoch': '2.248'}
{'paper_align_label_loss': '0.06127', 'paper_align_reason_loss': '0.1074', 'epoch': '2.248'}
{'paper_align_label_loss': '0.00676', 'paper_align_reason_loss': '0.1067', 'epoch': '2.253'}
{'paper_align_label_loss': '0.03018', 'paper_align_reason_loss': '0.146', 'epoch': '2.253'}
{'paper_align_label_loss': '0.06258', 'paper_align_reason_loss': '0.09514', 'epoch': '2.253'}
{'paper_align_label_loss': '0.08807', 'paper_align_reason_loss': '0.05467', 'epoch': '2.253'}
{'paper_align_label_loss': '0.001316', 'paper_align_reason_loss': '0.04466', 'epoch': '2.258'}
{'paper_align_label_loss': '0.09078', 'paper_align_reason_loss': '0.1202', 'epoch': '2.258'}
{'paper_align_label_loss': '0.1019', 'paper_align_reason_loss': '0.1864', 'epoch': '2.258'}
{'paper_align_label_loss': '0.01325', 'paper_align_reason_loss': '0.05783', 'epoch': '2.258'}
{'paper_align_label_loss': '0.218', 'paper_align_reason_loss': '0.1279', 'epoch': '2.263'}
{'paper_align_label_loss': '0.02563', 'paper_align_reason_loss': '0.07596', 'epoch': '2.263'}
{'paper_align_label_loss': '0.01811', 'paper_align_reason_loss': '0.08621', 'epoch': '2.263'}
{'paper_align_label_loss': '0.08307', 'paper_align_reason_loss': '0.06439', 'epoch': '2.263'}
{'paper_align_label_loss': '0.01383', 'paper_align_reason_loss': '0.1027', 'epoch': '2.268'}
{'paper_align_label_loss': '0.01584', 'paper_align_reason_loss': '0.04065', 'epoch': '2.268'}
{'paper_align_label_loss': '0.01941', 'paper_align_reason_loss': '0.1392', 'epoch': '2.268'}
{'paper_align_label_loss': '0.007193', 'paper_align_reason_loss': '0.1167', 'epoch': '2.268'}
{'paper_align_label_loss': '0.01458', 'paper_align_reason_loss': '0.2065', 'epoch': '2.273'}
{'paper_align_label_loss': '0.001176', 'paper_align_reason_loss': '0.08302', 'epoch': '2.273'}
{'paper_align_label_loss': '0.01025', 'paper_align_reason_loss': '0.09251', 'epoch': '2.273'}
{'paper_align_label_loss': '0.02702', 'paper_align_reason_loss': '0.1292', 'epoch': '2.273'}
{'paper_align_label_loss': '0.07947', 'paper_align_reason_loss': '0.09124', 'epoch': '2.277'}
{'paper_align_label_loss': '0.2062', 'paper_align_reason_loss': '0.1138', 'epoch': '2.277'}
{'paper_align_label_loss': '0.02354', 'paper_align_reason_loss': '0.08025', 'epoch': '2.277'}
{'paper_align_label_loss': '0.01335', 'paper_align_reason_loss': '0.06684', 'epoch': '2.277'}
{'loss': '0.3195', 'grad_norm': '4.57', 'learning_rate': '1.451e-05', 'epoch': '2.282'}
{'paper_align_label_loss': '0.07818', 'paper_align_reason_loss': '0.1444', 'epoch': '2.282'}
{'paper_align_label_loss': '0.1064', 'paper_align_reason_loss': '0.1261', 'epoch': '2.282'}
{'paper_align_label_loss': '0.04943', 'paper_align_reason_loss': '0.09457', 'epoch': '2.282'}
{'paper_align_label_loss': '0.0006527', 'paper_align_reason_loss': '0.08338', 'epoch': '2.282'}
{'paper_align_label_loss': '0.01979', 'paper_align_reason_loss': '0.07079', 'epoch': '2.287'}
{'paper_align_label_loss': '0.02095', 'paper_align_reason_loss': '0.08873', 'epoch': '2.287'}
{'paper_align_label_loss': '0.01001', 'paper_align_reason_loss': '0.07718', 'epoch': '2.287'}
{'paper_align_label_loss': '0.03342', 'paper_align_reason_loss': '0.1358', 'epoch': '2.287'}
{'paper_align_label_loss': '0.01511', 'paper_align_reason_loss': '0.08886', 'epoch': '2.292'}
{'paper_align_label_loss': '0.01873', 'paper_align_reason_loss': '0.08522', 'epoch': '2.292'}
{'paper_align_label_loss': '0.1016', 'paper_align_reason_loss': '0.1164', 'epoch': '2.292'}
{'paper_align_label_loss': '0.02483', 'paper_align_reason_loss': '0.06623', 'epoch': '2.292'}
{'paper_align_label_loss': '0.0004565', 'paper_align_reason_loss': '0.07583', 'epoch': '2.297'}
{'paper_align_label_loss': '0.0897', 'paper_align_reason_loss': '0.07678', 'epoch': '2.297'}
{'paper_align_label_loss': '0.002724', 'paper_align_reason_loss': '0.04626', 'epoch': '2.297'}
{'paper_align_label_loss': '1.351e-05', 'paper_align_reason_loss': '0.06852', 'epoch': '2.297'}
{'paper_align_label_loss': '0.003455', 'paper_align_reason_loss': '0.08598', 'epoch': '2.302'}
{'paper_align_label_loss': '0.07441', 'paper_align_reason_loss': '0.08927', 'epoch': '2.302'}
{'paper_align_label_loss': '7.263e-05', 'paper_align_reason_loss': '0.03926', 'epoch': '2.302'}

 77%|███████▋  | 474/618 [18:58<05:53,  2.45s/it]
 77%|███████▋  | 475/618 [18:58<05:46,  2.42s/it]2026-09-22 08:49:44,501 INFO [rev_util_verifiability|paper_align|Qwen3-0.6B] step=475 epoch=2.3066

                                                 

 77%|███████▋  | 475/618 [18:59<05:46,  2.42s/it]2026-09-22 08:49:45,052 INFO [rev_util_verifiability|paper_align|Qwen3-0.6B] step=475 epoch=2.3066

                                                 

 77%|███████▋  | 475/618 [18:59<05:46,  2.42s/it]2026-09-22 08:49:45,643 INFO [rev_util_verifiability|paper_align|Qwen3-0.6B] step=475 epoch=2.3066

                                                 

 77%|███████▋  | 475/618 [19:00<05:46,  2.42s/it]2026-09-22 08:49:46,240 INFO [rev_util_verifiability|paper_align|Qwen3-0.6B] step=475 epoch=2.3066

                                                 

 77%|███████▋  | 475/618 [19:00<05:46,  2.42s/it]
 77%|███████▋  | 476/618 [19:01<05:41,  2.40s/it]2026-09-22 08:49:46,857 INFO [rev_util_verifiability|paper_align|Qwen3-0.6B] step=476 epoch=2.3114

                                                 

 77%|███████▋  | 476/618 [19:01<05:41,  2.40s/it]2026-09-22 08:49:47,474 INFO [rev_util_verifiability|paper_align|Qwen3-0.6B] step=476 epoch=2.3114

                                                 

 77%|███████▋  | 476/618 [19:02<05:41,  2.40s/it]2026-09-22 08:49:48,050 INFO [rev_util_verifiability|paper_align|Qwen3-0.6B] step=476 epoch=2.3114

                                                 

 77%|███████▋  | 476/618 [19:02<05:41,  2.40s/it]2026-09-22 08:49:48,606 INFO [rev_util_verifiability|paper_align|Qwen3-0.6B] step=476 epoch=2.3114

                                                 

 77%|███████▋  | 476/618 [19:03<05:41,  2.40s/it]
 77%|███████▋  | 477/618 [19:03<05:36,  2.39s/it]2026-09-22 08:49:49,200 INFO [rev_util_verifiability|paper_align|Qwen3-0.6B] step=477 epoch=2.3163

                                                 

 77%|███████▋  | 477/618 [19:03<05:36,  2.39s/it]2026-09-22 08:49:49,773 INFO [rev_util_verifiability|paper_align|Qwen3-0.6B] step=477 epoch=2.3163

                                                 

 77%|███████▋  | 477/618 [19:04<05:36,  2.39s/it]2026-09-22 08:49:50,343 INFO [rev_util_verifiability|paper_align|Qwen3-0.6B] step=477 epoch=2.3163

                                                 

 77%|███████▋  | 477/618 [19:05<05:36,  2.39s/it]2026-09-22 08:49:50,906 INFO [rev_util_verifiability|paper_align|Qwen3-0.6B] step=477 epoch=2.3163

                                                 

 77%|███████▋  | 477/618 [19:05<05:36,  2.39s/it]
 77%|███████▋  | 478/618 [19:05<05:30,  2.36s/it]2026-09-22 08:49:51,512 INFO [rev_util_verifiability|paper_align|Qwen3-0.6B] step=478 epoch=2.3212

                                                 

 77%|███████▋  | 478/618 [19:06<05:30,  2.36s/it]2026-09-22 08:49:52,077 INFO [rev_util_verifiability|paper_align|Qwen3-0.6B] step=478 epoch=2.3212

                                                 

 77%|███████▋  | 478/618 [19:06<05:30,  2.36s/it]2026-09-22 08:49:52,922 INFO [rev_util_verifiability|paper_align|Qwen3-0.6B] step=478 epoch=2.3212

                                                 

 77%|███████▋  | 478/618 [19:07<05:30,  2.36s/it]2026-09-22 08:49:53,499 INFO [rev_util_verifiability|paper_align|Qwen3-0.6B] step=478 epoch=2.3212

                                                 

 77%|███████▋  | 478/618 [19:08<05:30,  2.36s/it]
 78%|███████▊  | 479/618 [19:08<05:38,  2.43s/it]2026-09-22 08:49:54,106 INFO [rev_util_verifiability|paper_align|Qwen3-0.6B] step=479 epoch=2.3260

                                                 

 78%|███████▊  | 479/618 [19:08<05:38,  2.43s/it]2026-09-22 08:49:54,657 INFO [rev_util_verifiability|paper_align|Qwen3-0.6B] step=479 epoch=2.3260

                                                 

 78%|███████▊  | 479/618 [19:09<05:38,  2.43s/it]2026-09-22 08:49:55,224 INFO [rev_util_verifiability|paper_align|Qwen3-0.6B] step=479 epoch=2.3260

                                                 

 78%|███████▊  | 479/618 [19:09<05:38,  2.43s/it]2026-09-22 08:49:55,785 INFO [rev_util_verifiability|paper_align|Qwen3-0.6B] step=479 epoch=2.3260

                                                 

 78%|███████▊  | 479/618 [19:10<05:38,  2.43s/it]
 78%|███████▊  | 480/618 [19:10<05:29,  2.39s/it]2026-09-22 08:49:56,171 INFO [rev_util_verifiability|paper_align|Qwen3-0.6B] step=480 loss=0.2505 learning_rate=0.0000 epoch=2.3309

                                                 

 78%|███████▊  | 480/618 [19:10<05:29,  2.39s/it]2026-09-22 08:49:56,394 INFO [rev_util_verifiability|paper_align|Qwen3-0.6B] step=480 epoch=2.3309

                                                 

 78%|███████▊  | 480/618 [19:11<05:29,  2.39s/it]2026-09-22 08:49:56,949 INFO [rev_util_verifiability|paper_align|Qwen3-0.6B] step=480 epoch=2.3309

                                                 

 78%|███████▊  | 480/618 [19:11<05:29,  2.39s/it]2026-09-22 08:49:57,509 INFO [rev_util_verifiability|paper_align|Qwen3-0.6B] step=480 epoch=2.3309

                                                 

 78%|███████▊  | 480/618 [19:12<05:29,  2.39s/it]2026-09-22 08:49:58,088 INFO [rev_util_verifiability|paper_align|Qwen3-0.6B] step=480 epoch=2.3309

                                                 

 78%|███████▊  | 480/618 [19:12<05:29,  2.39s/it]
 78%|███████▊  | 481/618 [19:13<05:23,  2.36s/it]2026-09-22 08:49:58,690 INFO [rev_util_verifiability|paper_align|Qwen3-0.6B] step=481 epoch=2.3358

                                                 

 78%|███████▊  | 481/618 [19:13<05:23,  2.36s/it]2026-09-22 08:49:59,255 INFO [rev_util_verifiability|paper_align|Qwen3-0.6B] step=481 epoch=2.3358

                                                 

 78%|███████▊  | 481/618 [19:13<05:23,  2.36s/it]2026-09-22 08:49:59,818 INFO [rev_util_verifiability|paper_align|Qwen3-0.6B] step=481 epoch=2.3358

                                                 

 78%|███████▊  | 481/618 [19:14<05:23,  2.36s/it]2026-09-22 08:50:00,451 INFO [rev_util_verifiability|paper_align|Qwen3-0.6B] step=481 epoch=2.3358

                                                 

 78%|███████▊  | 481/618 [19:15<05:23,  2.36s/it]
 78%|███████▊  | 482/618 [19:15<05:21,  2.37s/it]2026-09-22 08:50:01,065 INFO [rev_util_verifiability|paper_align|Qwen3-0.6B] step=482 epoch=2.3406

                                                 

 78%|███████▊  | 482/618 [19:15<05:21,  2.37s/it]2026-09-22 08:50:01,647 INFO [rev_util_verifiability|paper_align|Qwen3-0.6B] step=482 epoch=2.3406

                                                 

 78%|███████▊  | 482/618 [19:16<05:21,  2.37s/it]2026-09-22 08:50:02,228 INFO [rev_util_verifiability|paper_align|Qwen3-0.6B] step=482 epoch=2.3406

                                                 

 78%|███████▊  | 482/618 [19:16<05:21,  2.37s/it]2026-09-22 08:50:02,820 INFO [rev_util_verifiability|paper_align|Qwen3-0.6B] step=482 epoch=2.3406

                                                 

 78%|███████▊  | 482/618 [19:17<05:21,  2.37s/it]
 78%|███████▊  | 483/618 [19:17<05:20,  2.37s/it]2026-09-22 08:50:03,451 INFO [rev_util_verifiability|paper_align|Qwen3-0.6B] step=483 epoch=2.3455

                                                 

 78%|███████▊  | 483/618 [19:18<05:20,  2.37s/it]2026-09-22 08:50:04,029 INFO [rev_util_verifiability|paper_align|Qwen3-0.6B] step=483 epoch=2.3455

                                                 

 78%|███████▊  | 483/618 [19:18<05:20,  2.37s/it]2026-09-22 08:50:04,614 INFO [rev_util_verifiability|paper_align|Qwen3-0.6B] step=483 epoch=2.3455

                                                 

 78%|███████▊  | 483/618 [19:19<05:20,  2.37s/it]2026-09-22 08:50:05,205 INFO [rev_util_verifiability|paper_align|Qwen3-0.6B] step=483 epoch=2.3455

                                                 

 78%|███████▊  | 483/618 [19:19<05:20,  2.37s/it]
 78%|███████▊  | 484/618 [19:20<05:30,  2.47s/it]2026-09-22 08:50:06,152 INFO [rev_util_verifiability|paper_align|Qwen3-0.6B] step=484 epoch=2.3504

                                                 

 78%|███████▊  | 484/618 [19:20<05:30,  2.47s/it]2026-09-22 08:50:06,695 INFO [rev_util_verifiability|paper_align|Qwen3-0.6B] step=484 epoch=2.3504

                                                 

 78%|███████▊  | 484/618 [19:21<05:30,  2.47s/it]2026-09-22 08:50:07,280 INFO [rev_util_verifiability|paper_align|Qwen3-0.6B] step=484 epoch=2.3504

                                                 

 78%|███████▊  | 484/618 [19:21<05:30,  2.47s/it]2026-09-22 08:50:07,803 INFO [rev_util_verifiability|paper_align|Qwen3-0.6B] step=484 epoch=2.3504

                                                 

 78%|███████▊  | 484/618 [19:22<05:30,  2.47s/it]
 78%|███████▊  | 485/618 [19:22<05:20,  2.41s/it]2026-09-22 08:50:08,411 INFO [rev_util_verifiability|paper_align|Qwen3-0.6B] step=485 epoch=2.3552

                                                 

 78%|███████▊  | 485/618 [19:23<05:20,  2.41s/it]2026-09-22 08:50:08,984 INFO [rev_util_verifiability|paper_align|Qwen3-0.6B] step=485 epoch=2.3552

                                                 

 78%|███████▊  | 485/618 [19:23<05:20,  2.41s/it]2026-09-22 08:50:09,570 INFO [rev_util_verifiability|paper_align|Qwen3-0.6B] step=485 epoch=2.3552

                                                 

 78%|███████▊  | 485/618 [19:24<05:20,  2.41s/it]2026-09-22 08:50:10,152 INFO [rev_util_verifiability|paper_align|Qwen3-0.6B] step=485 epoch=2.3552

                                                 

 78%|███████▊  | 485/618 [19:24<05:20,  2.41s/it]
 79%|███████▊  | 486/618 [19:25<05:15,  2.39s/it]2026-09-22 08:50:10,758 INFO [rev_util_verifiability|paper_align|Qwen3-0.6B] step=486 epoch=2.3601

                                                 

 79%|███████▊  | 486/618 [19:25<05:15,  2.39s/it]2026-09-22 08:50:11,323 INFO [rev_util_verifiability|paper_align|Qwen3-0.6B] step=486 epoch=2.3601

                                                 

 79%|███████▊  | 486/618 [19:26<05:15,  2.39s/it]2026-09-22 08:50:11,901 INFO [rev_util_verifiability|paper_align|Qwen3-0.6B] step=486 epoch=2.3601

                                                 

 79%|███████▊  | 486/618 [19:26<05:15,  2.39s/it]2026-09-22 08:50:12,477 INFO [rev_util_verifiability|paper_align|Qwen3-0.6B] step=486 epoch=2.3601

                                                 

 79%|███████▊  | 486/618 [19:27<05:15,  2.39s/it]
 79%|███████▉  | 487/618 [19:27<05:10,  2.37s/it]2026-09-22 08:50:13,085 INFO [rev_util_verifiability|paper_align|Qwen3-0.6B] step=487 epoch=2.3650

                                                 

 79%|███████▉  | 487/618 [19:27<05:10,  2.37s/it]2026-09-22 08:50:13,653 INFO [rev_util_verifiability|paper_align|Qwen3-0.6B] step=487 epoch=2.3650

                                                 

 79%|███████▉  | 487/618 [19:28<05:10,  2.37s/it]2026-09-22 08:50:14,228 INFO [rev_util_verifiability|paper_align|Qwen3-0.6B] step=487 epoch=2.3650

                                                 

 79%|███████▉  | 487/618 [19:28<05:10,  2.37s/it]2026-09-22 08:50:14,798 INFO [rev_util_verifiability|paper_align|Qwen3-0.6B] step=487 epoch=2.3650

                                                 

 79%|███████▉  | 487/618 [19:29<05:10,  2.37s/it]
 79%|███████▉  | 488/618 [19:29<05:06,  2.36s/it]2026-09-22 08:50:15,417 INFO [rev_util_verifiability|paper_align|Qwen3-0.6B] step=488 epoch=2.3698

                                                 

 79%|███████▉  | 488/618 [19:30<05:06,  2.36s/it]2026-09-22 08:50:15,986 INFO [rev_util_verifiability|paper_align|Qwen3-0.6B] step=488 epoch=2.3698

                                                 

 79%|███████▉  | 488/618 [19:30<05:06,  2.36s/it]2026-09-22 08:50:16,573 INFO [rev_util_verifiability|paper_align|Qwen3-0.6B] step=488 epoch=2.3698

                                                 

 79%|███████▉  | 488/618 [19:31<05:06,  2.36s/it]2026-09-22 08:50:17,164 INFO [rev_util_verifiability|paper_align|Qwen3-0.6B] step=488 epoch=2.3698

                                                 

 79%|███████▉  | 488/618 [19:31<05:06,  2.36s/it]
 79%|███████▉  | 489/618 [19:32<05:04,  2.36s/it]2026-09-22 08:50:17,777 INFO [rev_util_verifiability|paper_align|Qwen3-0.6B] step=489 epoch=2.3747

                                                 

 79%|███████▉  | 489/618 [19:32<05:04,  2.36s/it]2026-09-22 08:50:18,627 INFO [rev_util_verifiability|paper_align|Qwen3-0.6B] step=489 epoch=2.3747

                                                 

 79%|███████▉  | 489/618 [19:33<05:04,  2.36s/it]2026-09-22 08:50:19,204 INFO [rev_util_verifiability|paper_align|Qwen3-0.6B] step=489 epoch=2.3747

                                                 

 79%|███████▉  | 489/618 [19:33<05:04,  2.36s/it]2026-09-22 08:50:19,787 INFO [rev_util_verifiability|paper_align|Qwen3-0.6B] step=489 epoch=2.3747

                                                 

 79%|███████▉  | 489/618 [19:34<05:04,  2.36s/it]
 79%|███████▉  | 490/618 [19:34<05:12,  2.44s/it]2026-09-22 08:50:20,208 INFO [rev_util_verifiability|paper_align|Qwen3-0.6B] step=490 loss=0.2569 learning_rate=0.0000 epoch=2.3796

                                                 

 79%|███████▉  | 490/618 [19:34<05:12,  2.44s/it]2026-09-22 08:50:20,426 INFO [rev_util_verifiability|paper_align|Qwen3-0.6B] step=490 epoch=2.3796

                                                 

 79%|███████▉  | 490/618 [19:35<05:12,  2.44s/it]2026-09-22 08:50:20,998 INFO [rev_util_verifiability|paper_align|Qwen3-0.6B] step=490 epoch=2.3796

                                                 

 79%|███████▉  | 490/618 [19:35<05:12,  2.44s/it]2026-09-22 08:50:21,600 INFO [rev_util_verifiability|paper_align|Qwen3-0.6B] step=490 epoch=2.3796

                                                 

 79%|███████▉  | 490/618 [19:36<05:12,  2.44s/it]2026-09-22 08:50:22,201 INFO [rev_util_verifiability|paper_align|Qwen3-0.6B] step=490 epoch=2.3796

                                                 

 79%|███████▉  | 490/618 [19:36<05:12,  2.44s/it]
 79%|███████▉  | 491/618 [19:37<05:09,  2.43s/it]2026-09-22 08:50:22,860 INFO [rev_util_verifiability|paper_align|Qwen3-0.6B] step=491 epoch=2.3844

                                                 

 79%|███████▉  | 491/618 [19:37<05:09,  2.43s/it]2026-09-22 08:50:23,454 INFO [rev_util_verifiability|paper_align|Qwen3-0.6B] step=491 epoch=2.3844

                                                 

 79%|███████▉  | 491/618 [19:38<05:09,  2.43s/it]2026-09-22 08:50:24,044 INFO [rev_util_verifiability|paper_align|Qwen3-0.6B] step=491 epoch=2.3844

                                                 

 79%|███████▉  | 491/618 [19:38<05:09,  2.43s/it]2026-09-22 08:50:24,618 INFO [rev_util_verifiability|paper_align|Qwen3-0.6B] step=491 epoch=2.3844

                                                 

 79%|███████▉  | 491/618 [19:39<05:09,  2.43s/it]
 80%|███████▉  | 492/618 [19:39<05:05,  2.43s/it]2026-09-22 08:50:25,245 INFO [rev_util_verifiability|paper_align|Qwen3-0.6B] step=492 epoch=2.3893

                                                 

 80%|███████▉  | 492/618 [19:39<05:05,  2.43s/it]2026-09-22 08:50:25,831 INFO [rev_util_verifiability|paper_align|Qwen3-0.6B] step=492 epoch=2.3893

                                                 

 80%|███████▉  | 492/618 [19:40<05:05,  2.43s/it]2026-09-22 08:50:26,414 INFO [rev_util_verifiability|paper_align|Qwen3-0.6B] step=492 epoch=2.3893

                                                 

 80%|███████▉  | 492/618 [19:41<05:05,  2.43s/it]2026-09-22 08:50:26,993 INFO [rev_util_verifiability|paper_align|Qwen3-0.6B] step=492 epoch=2.3893

                                                 

 80%|███████▉  | 492/618 [19:41<05:05,  2.43s/it]
 80%|███████▉  | 493/618 [19:42<05:01,  2.41s/it]2026-09-22 08:50:27,609 INFO [rev_util_verifiability|paper_align|Qwen3-0.6B] step=493 epoch=2.3942

                                                 

 80%|███████▉  | 493/618 [19:42<05:01,  2.41s/it]2026-09-22 08:50:28,176 INFO [rev_util_verifiability|paper_align|Qwen3-0.6B] step=493 epoch=2.3942

                                                 

 80%|███████▉  | 493/618 [19:42<05:01,  2.41s/it]2026-09-22 08:50:28,747 INFO [rev_util_verifiability|paper_align|Qwen3-0.6B] step=493 epoch=2.3942

                                                 

 80%|███████▉  | 493/618 [19:43<05:01,  2.41s/it]2026-09-22 08:50:29,361 INFO [rev_util_verifiability|paper_align|Qwen3-0.6B] step=493 epoch=2.3942

                                                 

 80%|███████▉  | 493/618 [19:44<05:01,  2.41s/it]
 80%|███████▉  | 494/618 [19:44<04:57,  2.40s/it]2026-09-22 08:50:30,295 INFO [rev_util_verifiability|paper_align|Qwen3-0.6B] step=494 epoch=2.3990

                                                 

 80%|███████▉  | 494/618 [19:44<04:57,  2.40s/it]2026-09-22 08:50:30,871 INFO [rev_util_verifiability|paper_align|Qwen3-0.6B] step=494 epoch=2.3990

                                                 

 80%|███████▉  | 494/618 [19:45<04:57,  2.40s/it]2026-09-22 08:50:31,451 INFO [rev_util_verifiability|paper_align|Qwen3-0.6B] step=494 epoch=2.3990

                                                 

 80%|███████▉  | 494/618 [19:46<04:57,  2.40s/it]2026-09-22 08:50:32,019 INFO [rev_util_verifiability|paper_align|Qwen3-0.6B] step=494 epoch=2.3990

                                                 

 80%|███████▉  | 494/618 [19:46<04:57,  2.40s/it]
 80%|████████  | 495/618 [19:47<05:04,  2.48s/it]2026-09-22 08:50:32,641 INFO [rev_util_verifiability|paper_align|Qwen3-0.6B] step=495 epoch=2.4039

                                                 

 80%|████████  | 495/618 [19:47<05:04,  2.48s/it]2026-09-22 08:50:33,217 INFO [rev_util_verifiability|paper_align|Qwen3-0.6B] step=495 epoch=2.4039

                                                 

 80%|████████  | 495/618 [19:47<05:04,  2.48s/it]2026-09-22 08:50:33,790 INFO [rev_util_verifiability|paper_align|Qwen3-0.6B] step=495 epoch=2.4039

                                                 

 80%|████████  | 495/618 [19:48<05:04,  2.48s/it]2026-09-22 08:50:34,371 INFO [rev_util_verifiability|paper_align|Qwen3-0.6B] step=495 epoch=2.4039

                                                 

 80%|████████  | 495/618 [19:49<05:04,  2.48s/it]
 80%|████████  | 496/618 [19:49<04:57,  2.44s/it]2026-09-22 08:50:34,989 INFO [rev_util_verifiability|paper_align|Qwen3-0.6B] step=496 epoch=2.4088

                                                 
{'paper_align_label_loss': '0.03034', 'paper_align_reason_loss': '0.08489', 'epoch': '2.302'}
{'paper_align_label_loss': '0.03674', 'paper_align_reason_loss': '0.1273', 'epoch': '2.307'}
{'paper_align_label_loss': '0.0006412', 'paper_align_reason_loss': '0.05892', 'epoch': '2.307'}
{'paper_align_label_loss': '0.02314', 'paper_align_reason_loss': '0.1408', 'epoch': '2.307'}
{'paper_align_label_loss': '0.005656', 'paper_align_reason_loss': '0.0485', 'epoch': '2.307'}
{'paper_align_label_loss': '0.01807', 'paper_align_reason_loss': '0.116', 'epoch': '2.311'}
{'paper_align_label_loss': '0.0017', 'paper_align_reason_loss': '0.0704', 'epoch': '2.311'}
{'paper_align_label_loss': '0.003552', 'paper_align_reason_loss': '0.03929', 'epoch': '2.311'}
{'paper_align_label_loss': '9.458e-05', 'paper_align_reason_loss': '0.05738', 'epoch': '2.311'}
{'paper_align_label_loss': '0.01974', 'paper_align_reason_loss': '0.1253', 'epoch': '2.316'}
{'paper_align_label_loss': '0.03613', 'paper_align_reason_loss': '0.1179', 'epoch': '2.316'}
{'paper_align_label_loss': '0.2388', 'paper_align_reason_loss': '0.1086', 'epoch': '2.316'}
{'paper_align_label_loss': '0.07235', 'paper_align_reason_loss': '0.1199', 'epoch': '2.316'}
{'paper_align_label_loss': '0.04997', 'paper_align_reason_loss': '0.1018', 'epoch': '2.321'}
{'paper_align_label_loss': '0.02695', 'paper_align_reason_loss': '0.08', 'epoch': '2.321'}
{'paper_align_label_loss': '0.04815', 'paper_align_reason_loss': '0.09933', 'epoch': '2.321'}
{'paper_align_label_loss': '0.006325', 'paper_align_reason_loss': '0.1095', 'epoch': '2.321'}
{'paper_align_label_loss': '0.008984', 'paper_align_reason_loss': '0.1472', 'epoch': '2.326'}
{'paper_align_label_loss': '0.009177', 'paper_align_reason_loss': '0.08517', 'epoch': '2.326'}
{'paper_align_label_loss': '0.02448', 'paper_align_reason_loss': '0.09489', 'epoch': '2.326'}
{'paper_align_label_loss': '0.007872', 'paper_align_reason_loss': '0.09878', 'epoch': '2.326'}
{'loss': '0.2505', 'grad_norm': '3.296', 'learning_rate': '1.271e-05', 'epoch': '2.331'}
{'paper_align_label_loss': '0.1083', 'paper_align_reason_loss': '0.06136', 'epoch': '2.331'}
{'paper_align_label_loss': '0.01428', 'paper_align_reason_loss': '0.1315', 'epoch': '2.331'}
{'paper_align_label_loss': '0.0738', 'paper_align_reason_loss': '0.09325', 'epoch': '2.331'}
{'paper_align_label_loss': '0.01636', 'paper_align_reason_loss': '0.07292', 'epoch': '2.331'}
{'paper_align_label_loss': '0.001509', 'paper_align_reason_loss': '0.03658', 'epoch': '2.336'}
{'paper_align_label_loss': '0.002722', 'paper_align_reason_loss': '0.08803', 'epoch': '2.336'}
{'paper_align_label_loss': '0.04899', 'paper_align_reason_loss': '0.146', 'epoch': '2.336'}
{'paper_align_label_loss': '0.131', 'paper_align_reason_loss': '0.1157', 'epoch': '2.336'}
{'paper_align_label_loss': '0.0001119', 'paper_align_reason_loss': '0.08393', 'epoch': '2.341'}
{'paper_align_label_loss': '0.0002404', 'paper_align_reason_loss': '0.05325', 'epoch': '2.341'}
{'paper_align_label_loss': '0.01501', 'paper_align_reason_loss': '0.09269', 'epoch': '2.341'}
{'paper_align_label_loss': '0.02803', 'paper_align_reason_loss': '0.07146', 'epoch': '2.341'}
{'paper_align_label_loss': '0.09001', 'paper_align_reason_loss': '0.1251', 'epoch': '2.345'}
{'paper_align_label_loss': '0.009237', 'paper_align_reason_loss': '0.09296', 'epoch': '2.345'}
{'paper_align_label_loss': '0.01778', 'paper_align_reason_loss': '0.09817', 'epoch': '2.345'}
{'paper_align_label_loss': '0.001529', 'paper_align_reason_loss': '0.06377', 'epoch': '2.345'}
{'paper_align_label_loss': '0.004689', 'paper_align_reason_loss': '0.07875', 'epoch': '2.35'}
{'paper_align_label_loss': '0.0779', 'paper_align_reason_loss': '0.08581', 'epoch': '2.35'}
{'paper_align_label_loss': '0.01658', 'paper_align_reason_loss': '0.0715', 'epoch': '2.35'}
{'paper_align_label_loss': '0.0183', 'paper_align_reason_loss': '0.1158', 'epoch': '2.35'}
{'paper_align_label_loss': '0.04013', 'paper_align_reason_loss': '0.06107', 'epoch': '2.355'}
{'paper_align_label_loss': '0.005867', 'paper_align_reason_loss': '0.1138', 'epoch': '2.355'}
{'paper_align_label_loss': '0.01591', 'paper_align_reason_loss': '0.08564', 'epoch': '2.355'}
{'paper_align_label_loss': '0.000915', 'paper_align_reason_loss': '0.07457', 'epoch': '2.355'}
{'paper_align_label_loss': '2.518e-05', 'paper_align_reason_loss': '0.07761', 'epoch': '2.36'}
{'paper_align_label_loss': '0.003539', 'paper_align_reason_loss': '0.07334', 'epoch': '2.36'}
{'paper_align_label_loss': '0.1001', 'paper_align_reason_loss': '0.1142', 'epoch': '2.36'}
{'paper_align_label_loss': '0.01327', 'paper_align_reason_loss': '0.05561', 'epoch': '2.36'}
{'paper_align_label_loss': '0.05268', 'paper_align_reason_loss': '0.04948', 'epoch': '2.365'}
{'paper_align_label_loss': '0.03125', 'paper_align_reason_loss': '0.07316', 'epoch': '2.365'}
{'paper_align_label_loss': '0.1378', 'paper_align_reason_loss': '0.1009', 'epoch': '2.365'}
{'paper_align_label_loss': '0.1597', 'paper_align_reason_loss': '0.1254', 'epoch': '2.365'}
{'paper_align_label_loss': '0.09751', 'paper_align_reason_loss': '0.1422', 'epoch': '2.37'}
{'paper_align_label_loss': '0.01325', 'paper_align_reason_loss': '0.1102', 'epoch': '2.37'}
{'paper_align_label_loss': '0.03064', 'paper_align_reason_loss': '0.2005', 'epoch': '2.37'}
{'paper_align_label_loss': '0.0013', 'paper_align_reason_loss': '0.09971', 'epoch': '2.37'}
{'paper_align_label_loss': '0.00951', 'paper_align_reason_loss': '0.08485', 'epoch': '2.375'}
{'paper_align_label_loss': '0.001483', 'paper_align_reason_loss': '0.1158', 'epoch': '2.375'}
{'paper_align_label_loss': '0.01151', 'paper_align_reason_loss': '0.07943', 'epoch': '2.375'}
{'paper_align_label_loss': '0.004215', 'paper_align_reason_loss': '0.1156', 'epoch': '2.375'}
{'loss': '0.2569', 'grad_norm': '2.826', 'learning_rate': '1.101e-05', 'epoch': '2.38'}
{'paper_align_label_loss': '0.0007222', 'paper_align_reason_loss': '0.09915', 'epoch': '2.38'}
{'paper_align_label_loss': '4.909e-05', 'paper_align_reason_loss': '0.04215', 'epoch': '2.38'}
{'paper_align_label_loss': '0.008857', 'paper_align_reason_loss': '0.06326', 'epoch': '2.38'}
{'paper_align_label_loss': '0.03653', 'paper_align_reason_loss': '0.08049', 'epoch': '2.38'}
{'paper_align_label_loss': '0.2443', 'paper_align_reason_loss': '0.1253', 'epoch': '2.384'}
{'paper_align_label_loss': '0.0686', 'paper_align_reason_loss': '0.1435', 'epoch': '2.384'}
{'paper_align_label_loss': '0.0529', 'paper_align_reason_loss': '0.08779', 'epoch': '2.384'}
{'paper_align_label_loss': '0.002137', 'paper_align_reason_loss': '0.05836', 'epoch': '2.384'}
{'paper_align_label_loss': '0.003975', 'paper_align_reason_loss': '0.09295', 'epoch': '2.389'}
{'paper_align_label_loss': '0.005414', 'paper_align_reason_loss': '0.07688', 'epoch': '2.389'}
{'paper_align_label_loss': '0.003419', 'paper_align_reason_loss': '0.1396', 'epoch': '2.389'}
{'paper_align_label_loss': '0.2512', 'paper_align_reason_loss': '0.07383', 'epoch': '2.389'}
{'paper_align_label_loss': '0.1408', 'paper_align_reason_loss': '0.06248', 'epoch': '2.394'}
{'paper_align_label_loss': '0.05651', 'paper_align_reason_loss': '0.06432', 'epoch': '2.394'}
{'paper_align_label_loss': '0.1001', 'paper_align_reason_loss': '0.06268', 'epoch': '2.394'}
{'paper_align_label_loss': '0.01614', 'paper_align_reason_loss': '0.08402', 'epoch': '2.394'}
{'paper_align_label_loss': '0.008291', 'paper_align_reason_loss': '0.08442', 'epoch': '2.399'}
{'paper_align_label_loss': '0.02424', 'paper_align_reason_loss': '0.1635', 'epoch': '2.399'}
{'paper_align_label_loss': '0.0522', 'paper_align_reason_loss': '0.09574', 'epoch': '2.399'}
{'paper_align_label_loss': '0.0291', 'paper_align_reason_loss': '0.05962', 'epoch': '2.399'}
{'paper_align_label_loss': '0.07651', 'paper_align_reason_loss': '0.1062', 'epoch': '2.404'}
{'paper_align_label_loss': '0.001796', 'paper_align_reason_loss': '0.08076', 'epoch': '2.404'}
{'paper_align_label_loss': '0.0309', 'paper_align_reason_loss': '0.08594', 'epoch': '2.404'}
{'paper_align_label_loss': '0.0447', 'paper_align_reason_loss': '0.07717', 'epoch': '2.404'}

 80%|████████  | 496/618 [19:49<04:57,  2.44s/it]2026-09-22 08:50:35,557 INFO [rev_util_verifiability|paper_align|Qwen3-0.6B] step=496 epoch=2.4088

                                                 

 80%|████████  | 496/618 [19:50<04:57,  2.44s/it]2026-09-22 08:50:36,128 INFO [rev_util_verifiability|paper_align|Qwen3-0.6B] step=496 epoch=2.4088

                                                 

 80%|████████  | 496/618 [19:50<04:57,  2.44s/it]2026-09-22 08:50:36,708 INFO [rev_util_verifiability|paper_align|Qwen3-0.6B] step=496 epoch=2.4088

                                                 

 80%|████████  | 496/618 [19:51<04:57,  2.44s/it]
 80%|████████  | 497/618 [19:51<04:51,  2.41s/it]2026-09-22 08:50:37,323 INFO [rev_util_verifiability|paper_align|Qwen3-0.6B] step=497 epoch=2.4136

                                                 

 80%|████████  | 497/618 [19:52<04:51,  2.41s/it]2026-09-22 08:50:37,893 INFO [rev_util_verifiability|paper_align|Qwen3-0.6B] step=497 epoch=2.4136

                                                 

 80%|████████  | 497/618 [19:52<04:51,  2.41s/it]2026-09-22 08:50:38,464 INFO [rev_util_verifiability|paper_align|Qwen3-0.6B] step=497 epoch=2.4136

                                                 

 80%|████████  | 497/618 [19:53<04:51,  2.41s/it]2026-09-22 08:50:39,035 INFO [rev_util_verifiability|paper_align|Qwen3-0.6B] step=497 epoch=2.4136

                                                 

 80%|████████  | 497/618 [19:53<04:51,  2.41s/it]
 81%|████████  | 498/618 [19:54<04:45,  2.38s/it]2026-09-22 08:50:39,657 INFO [rev_util_verifiability|paper_align|Qwen3-0.6B] step=498 epoch=2.4185

                                                 

 81%|████████  | 498/618 [19:54<04:45,  2.38s/it]2026-09-22 08:50:40,231 INFO [rev_util_verifiability|paper_align|Qwen3-0.6B] step=498 epoch=2.4185

                                                 

 81%|████████  | 498/618 [19:54<04:45,  2.38s/it]2026-09-22 08:50:40,814 INFO [rev_util_verifiability|paper_align|Qwen3-0.6B] step=498 epoch=2.4185

                                                 

 81%|████████  | 498/618 [19:55<04:45,  2.38s/it]2026-09-22 08:50:41,380 INFO [rev_util_verifiability|paper_align|Qwen3-0.6B] step=498 epoch=2.4185

                                                 

 81%|████████  | 498/618 [19:56<04:45,  2.38s/it]
 81%|████████  | 499/618 [19:56<04:42,  2.37s/it]2026-09-22 08:50:42,010 INFO [rev_util_verifiability|paper_align|Qwen3-0.6B] step=499 epoch=2.4234

                                                 

 81%|████████  | 499/618 [19:56<04:42,  2.37s/it]2026-09-22 08:50:42,868 INFO [rev_util_verifiability|paper_align|Qwen3-0.6B] step=499 epoch=2.4234

                                                 

 81%|████████  | 499/618 [19:57<04:42,  2.37s/it]2026-09-22 08:50:43,454 INFO [rev_util_verifiability|paper_align|Qwen3-0.6B] step=499 epoch=2.4234

                                                 

 81%|████████  | 499/618 [19:58<04:42,  2.37s/it]2026-09-22 08:50:44,029 INFO [rev_util_verifiability|paper_align|Qwen3-0.6B] step=499 epoch=2.4234

                                                 

 81%|████████  | 499/618 [19:58<04:42,  2.37s/it]
 81%|████████  | 500/618 [19:59<04:50,  2.46s/it]2026-09-22 08:50:44,444 INFO [rev_util_verifiability|paper_align|Qwen3-0.6B] step=500 loss=0.2765 learning_rate=0.0000 epoch=2.4282

                                                 

 81%|████████  | 500/618 [19:59<04:50,  2.46s/it]2026-09-22 08:50:44,660 INFO [rev_util_verifiability|paper_align|Qwen3-0.6B] step=500 epoch=2.4282

                                                 

 81%|████████  | 500/618 [19:59<04:50,  2.46s/it]2026-09-22 08:50:45,235 INFO [rev_util_verifiability|paper_align|Qwen3-0.6B] step=500 epoch=2.4282

                                                 

 81%|████████  | 500/618 [19:59<04:50,  2.46s/it]2026-09-22 08:50:45,814 INFO [rev_util_verifiability|paper_align|Qwen3-0.6B] step=500 epoch=2.4282

                                                 

 81%|████████  | 500/618 [20:00<04:50,  2.46s/it]2026-09-22 08:50:46,384 INFO [rev_util_verifiability|paper_align|Qwen3-0.6B] step=500 epoch=2.4282

                                                 

 81%|████████  | 500/618 [20:01<04:50,  2.46s/it]
 81%|████████  | 501/618 [20:01<04:43,  2.42s/it]2026-09-22 08:50:46,998 INFO [rev_util_verifiability|paper_align|Qwen3-0.6B] step=501 epoch=2.4331

                                                 

 81%|████████  | 501/618 [20:01<04:43,  2.42s/it]2026-09-22 08:50:47,569 INFO [rev_util_verifiability|paper_align|Qwen3-0.6B] step=501 epoch=2.4331

                                                 

 81%|████████  | 501/618 [20:02<04:43,  2.42s/it]2026-09-22 08:50:48,143 INFO [rev_util_verifiability|paper_align|Qwen3-0.6B] step=501 epoch=2.4331

                                                 

 81%|████████  | 501/618 [20:02<04:43,  2.42s/it]2026-09-22 08:50:48,710 INFO [rev_util_verifiability|paper_align|Qwen3-0.6B] step=501 epoch=2.4331

                                                 

 81%|████████  | 501/618 [20:03<04:43,  2.42s/it]
 81%|████████  | 502/618 [20:03<04:38,  2.40s/it]2026-09-22 08:50:49,332 INFO [rev_util_verifiability|paper_align|Qwen3-0.6B] step=502 epoch=2.4380

                                                 

 81%|████████  | 502/618 [20:04<04:38,  2.40s/it]2026-09-22 08:50:49,907 INFO [rev_util_verifiability|paper_align|Qwen3-0.6B] step=502 epoch=2.4380

                                                 

 81%|████████  | 502/618 [20:04<04:38,  2.40s/it]2026-09-22 08:50:50,482 INFO [rev_util_verifiability|paper_align|Qwen3-0.6B] step=502 epoch=2.4380

                                                 

 81%|████████  | 502/618 [20:05<04:38,  2.40s/it]2026-09-22 08:50:51,052 INFO [rev_util_verifiability|paper_align|Qwen3-0.6B] step=502 epoch=2.4380

                                                 

 81%|████████  | 502/618 [20:05<04:38,  2.40s/it]
 81%|████████▏ | 503/618 [20:06<04:33,  2.38s/it]2026-09-22 08:50:51,671 INFO [rev_util_verifiability|paper_align|Qwen3-0.6B] step=503 epoch=2.4428

                                                 

 81%|████████▏ | 503/618 [20:06<04:33,  2.38s/it]2026-09-22 08:50:52,241 INFO [rev_util_verifiability|paper_align|Qwen3-0.6B] step=503 epoch=2.4428

                                                 

 81%|████████▏ | 503/618 [20:06<04:33,  2.38s/it]2026-09-22 08:50:52,807 INFO [rev_util_verifiability|paper_align|Qwen3-0.6B] step=503 epoch=2.4428

                                                 

 81%|████████▏ | 503/618 [20:07<04:33,  2.38s/it]2026-09-22 08:50:53,380 INFO [rev_util_verifiability|paper_align|Qwen3-0.6B] step=503 epoch=2.4428

                                                 

 81%|████████▏ | 503/618 [20:08<04:33,  2.38s/it]
 82%|████████▏ | 504/618 [20:08<04:29,  2.36s/it]2026-09-22 08:50:53,991 INFO [rev_util_verifiability|paper_align|Qwen3-0.6B] step=504 epoch=2.4477

                                                 

 82%|████████▏ | 504/618 [20:08<04:29,  2.36s/it]2026-09-22 08:50:54,826 INFO [rev_util_verifiability|paper_align|Qwen3-0.6B] step=504 epoch=2.4477

                                                 

 82%|████████▏ | 504/618 [20:09<04:29,  2.36s/it]2026-09-22 08:50:55,413 INFO [rev_util_verifiability|paper_align|Qwen3-0.6B] step=504 epoch=2.4477

                                                 

 82%|████████▏ | 504/618 [20:10<04:29,  2.36s/it]2026-09-22 08:50:55,981 INFO [rev_util_verifiability|paper_align|Qwen3-0.6B] step=504 epoch=2.4477

                                                 

 82%|████████▏ | 504/618 [20:10<04:29,  2.36s/it]
 82%|████████▏ | 505/618 [20:11<04:35,  2.44s/it]2026-09-22 08:50:56,600 INFO [rev_util_verifiability|paper_align|Qwen3-0.6B] step=505 epoch=2.4526

                                                 

 82%|████████▏ | 505/618 [20:11<04:35,  2.44s/it]2026-09-22 08:50:57,168 INFO [rev_util_verifiability|paper_align|Qwen3-0.6B] step=505 epoch=2.4526

                                                 

 82%|████████▏ | 505/618 [20:11<04:35,  2.44s/it]2026-09-22 08:50:57,753 INFO [rev_util_verifiability|paper_align|Qwen3-0.6B] step=505 epoch=2.4526

                                                 

 82%|████████▏ | 505/618 [20:12<04:35,  2.44s/it]2026-09-22 08:50:58,333 INFO [rev_util_verifiability|paper_align|Qwen3-0.6B] step=505 epoch=2.4526

                                                 

 82%|████████▏ | 505/618 [20:13<04:35,  2.44s/it]
 82%|████████▏ | 506/618 [20:13<04:30,  2.41s/it]2026-09-22 08:50:58,966 INFO [rev_util_verifiability|paper_align|Qwen3-0.6B] step=506 epoch=2.4574

                                                 

 82%|████████▏ | 506/618 [20:13<04:30,  2.41s/it]2026-09-22 08:50:59,562 INFO [rev_util_verifiability|paper_align|Qwen3-0.6B] step=506 epoch=2.4574

                                                 

 82%|████████▏ | 506/618 [20:14<04:30,  2.41s/it]2026-09-22 08:51:00,133 INFO [rev_util_verifiability|paper_align|Qwen3-0.6B] step=506 epoch=2.4574

                                                 

 82%|████████▏ | 506/618 [20:14<04:30,  2.41s/it]2026-09-22 08:51:00,746 INFO [rev_util_verifiability|paper_align|Qwen3-0.6B] step=506 epoch=2.4574

                                                 

 82%|████████▏ | 506/618 [20:15<04:30,  2.41s/it]
 82%|████████▏ | 507/618 [20:15<04:27,  2.41s/it]2026-09-22 08:51:01,378 INFO [rev_util_verifiability|paper_align|Qwen3-0.6B] step=507 epoch=2.4623

                                                 

 82%|████████▏ | 507/618 [20:16<04:27,  2.41s/it]2026-09-22 08:51:01,953 INFO [rev_util_verifiability|paper_align|Qwen3-0.6B] step=507 epoch=2.4623

                                                 

 82%|████████▏ | 507/618 [20:16<04:27,  2.41s/it]2026-09-22 08:51:02,524 INFO [rev_util_verifiability|paper_align|Qwen3-0.6B] step=507 epoch=2.4623

                                                 

 82%|████████▏ | 507/618 [20:17<04:27,  2.41s/it]2026-09-22 08:51:03,095 INFO [rev_util_verifiability|paper_align|Qwen3-0.6B] step=507 epoch=2.4623

                                                 

 82%|████████▏ | 507/618 [20:17<04:27,  2.41s/it]
 82%|████████▏ | 508/618 [20:18<04:23,  2.39s/it]2026-09-22 08:51:03,708 INFO [rev_util_verifiability|paper_align|Qwen3-0.6B] step=508 epoch=2.4672

                                                 

 82%|████████▏ | 508/618 [20:18<04:23,  2.39s/it]2026-09-22 08:51:04,293 INFO [rev_util_verifiability|paper_align|Qwen3-0.6B] step=508 epoch=2.4672

                                                 

 82%|████████▏ | 508/618 [20:18<04:23,  2.39s/it]2026-09-22 08:51:04,880 INFO [rev_util_verifiability|paper_align|Qwen3-0.6B] step=508 epoch=2.4672

                                                 

 82%|████████▏ | 508/618 [20:19<04:23,  2.39s/it]2026-09-22 08:51:05,457 INFO [rev_util_verifiability|paper_align|Qwen3-0.6B] step=508 epoch=2.4672

                                                 

 82%|████████▏ | 508/618 [20:20<04:23,  2.39s/it]
 82%|████████▏ | 509/618 [20:20<04:19,  2.38s/it]2026-09-22 08:51:06,053 INFO [rev_util_verifiability|paper_align|Qwen3-0.6B] step=509 epoch=2.4720

                                                 

 82%|████████▏ | 509/618 [20:20<04:19,  2.38s/it]2026-09-22 08:51:06,623 INFO [rev_util_verifiability|paper_align|Qwen3-0.6B] step=509 epoch=2.4720

                                                 

 82%|████████▏ | 509/618 [20:21<04:19,  2.38s/it]2026-09-22 08:51:07,459 INFO [rev_util_verifiability|paper_align|Qwen3-0.6B] step=509 epoch=2.4720

                                                 

 82%|████████▏ | 509/618 [20:22<04:19,  2.38s/it]2026-09-22 08:51:08,021 INFO [rev_util_verifiability|paper_align|Qwen3-0.6B] step=509 epoch=2.4720

                                                 

 82%|████████▏ | 509/618 [20:22<04:19,  2.38s/it]
 83%|████████▎ | 510/618 [20:23<04:23,  2.44s/it]2026-09-22 08:51:08,423 INFO [rev_util_verifiability|paper_align|Qwen3-0.6B] step=510 loss=0.2566 learning_rate=0.0000 epoch=2.4769

                                                 

 83%|████████▎ | 510/618 [20:23<04:23,  2.44s/it]2026-09-22 08:51:08,631 INFO [rev_util_verifiability|paper_align|Qwen3-0.6B] step=510 epoch=2.4769

                                                 

 83%|████████▎ | 510/618 [20:23<04:23,  2.44s/it]2026-09-22 08:51:09,194 INFO [rev_util_verifiability|paper_align|Qwen3-0.6B] step=510 epoch=2.4769

                                                 

 83%|████████▎ | 510/618 [20:23<04:23,  2.44s/it]2026-09-22 08:51:09,761 INFO [rev_util_verifiability|paper_align|Qwen3-0.6B] step=510 epoch=2.4769

                                                 

 83%|████████▎ | 510/618 [20:24<04:23,  2.44s/it]2026-09-22 08:51:10,323 INFO [rev_util_verifiability|paper_align|Qwen3-0.6B] step=510 epoch=2.4769

                                                 

 83%|████████▎ | 510/618 [20:25<04:23,  2.44s/it]
 83%|████████▎ | 511/618 [20:25<04:16,  2.39s/it]2026-09-22 08:51:10,920 INFO [rev_util_verifiability|paper_align|Qwen3-0.6B] step=511 epoch=2.4818

                                                 

 83%|████████▎ | 511/618 [20:25<04:16,  2.39s/it]2026-09-22 08:51:11,483 INFO [rev_util_verifiability|paper_align|Qwen3-0.6B] step=511 epoch=2.4818

                                                 

 83%|████████▎ | 511/618 [20:26<04:16,  2.39s/it]2026-09-22 08:51:12,044 INFO [rev_util_verifiability|paper_align|Qwen3-0.6B] step=511 epoch=2.4818

                                                 

 83%|████████▎ | 511/618 [20:26<04:16,  2.39s/it]2026-09-22 08:51:12,616 INFO [rev_util_verifiability|paper_align|Qwen3-0.6B] step=511 epoch=2.4818

                                                 

 83%|████████▎ | 511/618 [20:27<04:16,  2.39s/it]
 83%|████████▎ | 512/618 [20:27<04:10,  2.36s/it]2026-09-22 08:51:13,216 INFO [rev_util_verifiability|paper_align|Qwen3-0.6B] step=512 epoch=2.4866

                                                 

 83%|████████▎ | 512/618 [20:27<04:10,  2.36s/it]2026-09-22 08:51:13,782 INFO [rev_util_verifiability|paper_align|Qwen3-0.6B] step=512 epoch=2.4866

                                                 

 83%|████████▎ | 512/618 [20:28<04:10,  2.36s/it]2026-09-22 08:51:14,348 INFO [rev_util_verifiability|paper_align|Qwen3-0.6B] step=512 epoch=2.4866

                                                 

 83%|████████▎ | 512/618 [20:29<04:10,  2.36s/it]2026-09-22 08:51:14,913 INFO [rev_util_verifiability|paper_align|Qwen3-0.6B] step=512 epoch=2.4866

                                                 

 83%|████████▎ | 512/618 [20:29<04:10,  2.36s/it]
 83%|████████▎ | 513/618 [20:30<04:06,  2.34s/it]2026-09-22 08:51:15,515 INFO [rev_util_verifiability|paper_align|Qwen3-0.6B] step=513 epoch=2.4915

                                                 

 83%|████████▎ | 513/618 [20:30<04:06,  2.34s/it]2026-09-22 08:51:16,084 INFO [rev_util_verifiability|paper_align|Qwen3-0.6B] step=513 epoch=2.4915

                                                 

 83%|████████▎ | 513/618 [20:30<04:06,  2.34s/it]2026-09-22 08:51:16,652 INFO [rev_util_verifiability|paper_align|Qwen3-0.6B] step=513 epoch=2.4915

                                                 

 83%|████████▎ | 513/618 [20:31<04:06,  2.34s/it]2026-09-22 08:51:17,224 INFO [rev_util_verifiability|paper_align|Qwen3-0.6B] step=513 epoch=2.4915

                                                 

 83%|████████▎ | 513/618 [20:31<04:06,  2.34s/it]
 83%|████████▎ | 514/618 [20:32<04:02,  2.33s/it]2026-09-22 08:51:17,831 INFO [rev_util_verifiability|paper_align|Qwen3-0.6B] step=514 epoch=2.4964

                                                 

 83%|████████▎ | 514/618 [20:32<04:02,  2.33s/it]2026-09-22 08:51:18,681 INFO [rev_util_verifiability|paper_align|Qwen3-0.6B] step=514 epoch=2.4964

                                                 

 83%|████████▎ | 514/618 [20:33<04:02,  2.33s/it]2026-09-22 08:51:19,255 INFO [rev_util_verifiability|paper_align|Qwen3-0.6B] step=514 epoch=2.4964

                                                 

 83%|████████▎ | 514/618 [20:33<04:02,  2.33s/it]2026-09-22 08:51:19,826 INFO [rev_util_verifiability|paper_align|Qwen3-0.6B] step=514 epoch=2.4964

                                                 

 83%|████████▎ | 514/618 [20:34<04:02,  2.33s/it]
 83%|████████▎ | 515/618 [20:34<04:08,  2.42s/it]2026-09-22 08:51:20,445 INFO [rev_util_verifiability|paper_align|Qwen3-0.6B] step=515 epoch=2.5012

                                                 

 83%|████████▎ | 515/618 [20:35<04:08,  2.42s/it]2026-09-22 08:51:21,064 INFO [rev_util_verifiability|paper_align|Qwen3-0.6B] step=515 epoch=2.5012

                                                 

 83%|████████▎ | 515/618 [20:35<04:08,  2.42s/it]2026-09-22 08:51:21,640 INFO [rev_util_verifiability|paper_align|Qwen3-0.6B] step=515 epoch=2.5012

                                                 

 83%|████████▎ | 515/618 [20:36<04:08,  2.42s/it]2026-09-22 08:51:22,216 INFO [rev_util_verifiability|paper_align|Qwen3-0.6B] step=515 epoch=2.5012

                                                 

 83%|████████▎ | 515/618 [20:36<04:08,  2.42s/it]
 83%|████████▎ | 516/618 [20:37<04:05,  2.41s/it]2026-09-22 08:51:22,832 INFO [rev_util_verifiability|paper_align|Qwen3-0.6B] step=516 epoch=2.5061

                                                 

 83%|████████▎ | 516/618 [20:37<04:05,  2.41s/it]2026-09-22 08:51:23,412 INFO [rev_util_verifiability|paper_align|Qwen3-0.6B] step=516 epoch=2.5061

                                                 

 83%|████████▎ | 516/618 [20:38<04:05,  2.41s/it]2026-09-22 08:51:23,989 INFO [rev_util_verifiability|paper_align|Qwen3-0.6B] step=516 epoch=2.5061

                                                 

 83%|████████▎ | 516/618 [20:38<04:05,  2.41s/it]2026-09-22 08:51:24,554 INFO [rev_util_verifiability|paper_align|Qwen3-0.6B] step=516 epoch=2.5061

                                                 

 83%|████████▎ | 516/618 [20:39<04:05,  2.41s/it]
 84%|████████▎ | 517/618 [20:39<04:01,  2.39s/it]2026-09-22 08:51:25,163 INFO [rev_util_verifiability|paper_align|Qwen3-0.6B] step=517 epoch=2.5109

                                                 

 84%|████████▎ | 517/618 [20:39<04:01,  2.39s/it]2026-09-22 08:51:25,736 INFO [rev_util_verifiability|paper_align|Qwen3-0.6B] step=517 epoch=2.5109

                                                 
{'paper_align_label_loss': '0.1075', 'paper_align_reason_loss': '0.1503', 'epoch': '2.409'}
{'paper_align_label_loss': '0.02232', 'paper_align_reason_loss': '0.04829', 'epoch': '2.409'}
{'paper_align_label_loss': '0.02627', 'paper_align_reason_loss': '0.06133', 'epoch': '2.409'}
{'paper_align_label_loss': '0.0001417', 'paper_align_reason_loss': '0.05776', 'epoch': '2.409'}
{'paper_align_label_loss': '0.2579', 'paper_align_reason_loss': '0.1202', 'epoch': '2.414'}
{'paper_align_label_loss': '0.06812', 'paper_align_reason_loss': '0.07203', 'epoch': '2.414'}
{'paper_align_label_loss': '0.001173', 'paper_align_reason_loss': '0.08691', 'epoch': '2.414'}
{'paper_align_label_loss': '0.01726', 'paper_align_reason_loss': '0.07339', 'epoch': '2.414'}
{'paper_align_label_loss': '0.01201', 'paper_align_reason_loss': '0.04374', 'epoch': '2.418'}
{'paper_align_label_loss': '0.09681', 'paper_align_reason_loss': '0.08997', 'epoch': '2.418'}
{'paper_align_label_loss': '0.008592', 'paper_align_reason_loss': '0.1093', 'epoch': '2.418'}
{'paper_align_label_loss': '0.008226', 'paper_align_reason_loss': '0.08133', 'epoch': '2.418'}
{'paper_align_label_loss': '0.09702', 'paper_align_reason_loss': '0.1567', 'epoch': '2.423'}
{'paper_align_label_loss': '0.04561', 'paper_align_reason_loss': '0.05262', 'epoch': '2.423'}
{'paper_align_label_loss': '0.009025', 'paper_align_reason_loss': '0.072', 'epoch': '2.423'}
{'paper_align_label_loss': '0.01129', 'paper_align_reason_loss': '0.09596', 'epoch': '2.423'}
{'loss': '0.2765', 'grad_norm': '5.26', 'learning_rate': '9.426e-06', 'epoch': '2.428'}
{'paper_align_label_loss': '0.01312', 'paper_align_reason_loss': '0.1268', 'epoch': '2.428'}
{'paper_align_label_loss': '0.06683', 'paper_align_reason_loss': '0.0714', 'epoch': '2.428'}
{'paper_align_label_loss': '0.02826', 'paper_align_reason_loss': '0.07461', 'epoch': '2.428'}
{'paper_align_label_loss': '0.00425', 'paper_align_reason_loss': '0.1129', 'epoch': '2.428'}
{'paper_align_label_loss': '0.02261', 'paper_align_reason_loss': '0.08281', 'epoch': '2.433'}
{'paper_align_label_loss': '0.0005365', 'paper_align_reason_loss': '0.08061', 'epoch': '2.433'}
{'paper_align_label_loss': '0.007867', 'paper_align_reason_loss': '0.08363', 'epoch': '2.433'}
{'paper_align_label_loss': '0.000338', 'paper_align_reason_loss': '0.08655', 'epoch': '2.433'}
{'paper_align_label_loss': '0.03405', 'paper_align_reason_loss': '0.08832', 'epoch': '2.438'}
{'paper_align_label_loss': '0.07252', 'paper_align_reason_loss': '0.06756', 'epoch': '2.438'}
{'paper_align_label_loss': '0.03054', 'paper_align_reason_loss': '0.06899', 'epoch': '2.438'}
{'paper_align_label_loss': '3.423e-05', 'paper_align_reason_loss': '0.03632', 'epoch': '2.438'}
{'paper_align_label_loss': '0.0384', 'paper_align_reason_loss': '0.06623', 'epoch': '2.443'}
{'paper_align_label_loss': '0.0008228', 'paper_align_reason_loss': '0.06163', 'epoch': '2.443'}
{'paper_align_label_loss': '1.314e-05', 'paper_align_reason_loss': '0.05176', 'epoch': '2.443'}
{'paper_align_label_loss': '0.1068', 'paper_align_reason_loss': '0.09189', 'epoch': '2.443'}
{'paper_align_label_loss': '0.278', 'paper_align_reason_loss': '0.102', 'epoch': '2.448'}
{'paper_align_label_loss': '0.0009028', 'paper_align_reason_loss': '0.06747', 'epoch': '2.448'}
{'paper_align_label_loss': '0.05963', 'paper_align_reason_loss': '0.1162', 'epoch': '2.448'}
{'paper_align_label_loss': '0.003582', 'paper_align_reason_loss': '0.05275', 'epoch': '2.448'}
{'paper_align_label_loss': '0.0001202', 'paper_align_reason_loss': '0.08162', 'epoch': '2.453'}
{'paper_align_label_loss': '0.1831', 'paper_align_reason_loss': '0.103', 'epoch': '2.453'}
{'paper_align_label_loss': '0.08507', 'paper_align_reason_loss': '0.1056', 'epoch': '2.453'}
{'paper_align_label_loss': '0.02224', 'paper_align_reason_loss': '0.147', 'epoch': '2.453'}
{'paper_align_label_loss': '0.01714', 'paper_align_reason_loss': '0.1302', 'epoch': '2.457'}
{'paper_align_label_loss': '0.01814', 'paper_align_reason_loss': '0.1217', 'epoch': '2.457'}
{'paper_align_label_loss': '0.002391', 'paper_align_reason_loss': '0.0664', 'epoch': '2.457'}
{'paper_align_label_loss': '0.008216', 'paper_align_reason_loss': '0.09664', 'epoch': '2.457'}
{'paper_align_label_loss': '0.01448', 'paper_align_reason_loss': '0.1061', 'epoch': '2.462'}
{'paper_align_label_loss': '0.06455', 'paper_align_reason_loss': '0.05412', 'epoch': '2.462'}
{'paper_align_label_loss': '0.01429', 'paper_align_reason_loss': '0.07011', 'epoch': '2.462'}
{'paper_align_label_loss': '0.2849', 'paper_align_reason_loss': '0.1215', 'epoch': '2.462'}
{'paper_align_label_loss': '0.01144', 'paper_align_reason_loss': '0.1053', 'epoch': '2.467'}
{'paper_align_label_loss': '0.009749', 'paper_align_reason_loss': '0.06105', 'epoch': '2.467'}
{'paper_align_label_loss': '1.302e-05', 'paper_align_reason_loss': '0.04995', 'epoch': '2.467'}
{'paper_align_label_loss': '0.01007', 'paper_align_reason_loss': '0.1077', 'epoch': '2.467'}
{'paper_align_label_loss': '0.01137', 'paper_align_reason_loss': '0.09136', 'epoch': '2.472'}
{'paper_align_label_loss': '0.01036', 'paper_align_reason_loss': '0.1066', 'epoch': '2.472'}
{'paper_align_label_loss': '0.05198', 'paper_align_reason_loss': '0.06056', 'epoch': '2.472'}
{'paper_align_label_loss': '0.05718', 'paper_align_reason_loss': '0.1092', 'epoch': '2.472'}
{'loss': '0.2566', 'grad_norm': '3.927', 'learning_rate': '7.95e-06', 'epoch': '2.477'}
{'paper_align_label_loss': '0.03054', 'paper_align_reason_loss': '0.06205', 'epoch': '2.477'}
{'paper_align_label_loss': '0.01403', 'paper_align_reason_loss': '0.0931', 'epoch': '2.477'}
{'paper_align_label_loss': '0.02781', 'paper_align_reason_loss': '0.07618', 'epoch': '2.477'}
{'paper_align_label_loss': '0.2042', 'paper_align_reason_loss': '0.09886', 'epoch': '2.477'}
{'paper_align_label_loss': '0.01503', 'paper_align_reason_loss': '0.0672', 'epoch': '2.482'}
{'paper_align_label_loss': '8.41e-05', 'paper_align_reason_loss': '0.05449', 'epoch': '2.482'}
{'paper_align_label_loss': '0.0277', 'paper_align_reason_loss': '0.1072', 'epoch': '2.482'}
{'paper_align_label_loss': '0.0131', 'paper_align_reason_loss': '0.1056', 'epoch': '2.482'}
{'paper_align_label_loss': '0.01132', 'paper_align_reason_loss': '0.1123', 'epoch': '2.487'}
{'paper_align_label_loss': '4.567e-05', 'paper_align_reason_loss': '0.03472', 'epoch': '2.487'}
{'paper_align_label_loss': '0.01672', 'paper_align_reason_loss': '0.09072', 'epoch': '2.487'}
{'paper_align_label_loss': '0.007263', 'paper_align_reason_loss': '0.09521', 'epoch': '2.487'}
{'paper_align_label_loss': '0.1084', 'paper_align_reason_loss': '0.1354', 'epoch': '2.491'}
{'paper_align_label_loss': '0.1255', 'paper_align_reason_loss': '0.1676', 'epoch': '2.491'}
{'paper_align_label_loss': '0.02247', 'paper_align_reason_loss': '0.08116', 'epoch': '2.491'}
{'paper_align_label_loss': '1.355e-05', 'paper_align_reason_loss': '0.05284', 'epoch': '2.491'}
{'paper_align_label_loss': '0.03295', 'paper_align_reason_loss': '0.1435', 'epoch': '2.496'}
{'paper_align_label_loss': '0.04257', 'paper_align_reason_loss': '0.0898', 'epoch': '2.496'}
{'paper_align_label_loss': '0.01471', 'paper_align_reason_loss': '0.07618', 'epoch': '2.496'}
{'paper_align_label_loss': '0.04671', 'paper_align_reason_loss': '0.1309', 'epoch': '2.496'}
{'paper_align_label_loss': '0.07739', 'paper_align_reason_loss': '0.1274', 'epoch': '2.501'}
{'paper_align_label_loss': '0.02807', 'paper_align_reason_loss': '0.1547', 'epoch': '2.501'}
{'paper_align_label_loss': '0.005448', 'paper_align_reason_loss': '0.05748', 'epoch': '2.501'}
{'paper_align_label_loss': '0.002942', 'paper_align_reason_loss': '0.05778', 'epoch': '2.501'}
{'paper_align_label_loss': '0.1067', 'paper_align_reason_loss': '0.08107', 'epoch': '2.506'}
{'paper_align_label_loss': '0.03637', 'paper_align_reason_loss': '0.2153', 'epoch': '2.506'}
{'paper_align_label_loss': '0.005031', 'paper_align_reason_loss': '0.07154', 'epoch': '2.506'}
{'paper_align_label_loss': '0.0002077', 'paper_align_reason_loss': '0.0497', 'epoch': '2.506'}
{'paper_align_label_loss': '0.1234', 'paper_align_reason_loss': '0.1012', 'epoch': '2.511'}

 84%|████████▎ | 517/618 [20:40<04:01,  2.39s/it]2026-09-22 08:51:26,311 INFO [rev_util_verifiability|paper_align|Qwen3-0.6B] step=517 epoch=2.5109

                                                 

 84%|████████▎ | 517/618 [20:41<04:01,  2.39s/it]2026-09-22 08:51:26,880 INFO [rev_util_verifiability|paper_align|Qwen3-0.6B] step=517 epoch=2.5109

                                                 

 84%|████████▎ | 517/618 [20:41<04:01,  2.39s/it]
 84%|████████▍ | 518/618 [20:41<03:56,  2.37s/it]2026-09-22 08:51:27,497 INFO [rev_util_verifiability|paper_align|Qwen3-0.6B] step=518 epoch=2.5158

                                                 

 84%|████████▍ | 518/618 [20:42<03:56,  2.37s/it]2026-09-22 08:51:28,069 INFO [rev_util_verifiability|paper_align|Qwen3-0.6B] step=518 epoch=2.5158

                                                 

 84%|████████▍ | 518/618 [20:42<03:56,  2.37s/it]2026-09-22 08:51:28,654 INFO [rev_util_verifiability|paper_align|Qwen3-0.6B] step=518 epoch=2.5158

                                                 

 84%|████████▍ | 518/618 [20:43<03:56,  2.37s/it]2026-09-22 08:51:29,224 INFO [rev_util_verifiability|paper_align|Qwen3-0.6B] step=518 epoch=2.5158

                                                 

 84%|████████▍ | 518/618 [20:43<03:56,  2.37s/it]
 84%|████████▍ | 519/618 [20:44<03:53,  2.36s/it]2026-09-22 08:51:29,828 INFO [rev_util_verifiability|paper_align|Qwen3-0.6B] step=519 epoch=2.5207

                                                 

 84%|████████▍ | 519/618 [20:44<03:53,  2.36s/it]2026-09-22 08:51:30,395 INFO [rev_util_verifiability|paper_align|Qwen3-0.6B] step=519 epoch=2.5207

                                                 

 84%|████████▍ | 519/618 [20:45<03:53,  2.36s/it]2026-09-22 08:51:31,236 INFO [rev_util_verifiability|paper_align|Qwen3-0.6B] step=519 epoch=2.5207

                                                 

 84%|████████▍ | 519/618 [20:45<03:53,  2.36s/it]2026-09-22 08:51:31,805 INFO [rev_util_verifiability|paper_align|Qwen3-0.6B] step=519 epoch=2.5207

                                                 

 84%|████████▍ | 519/618 [20:46<03:53,  2.36s/it]
 84%|████████▍ | 520/618 [20:46<03:57,  2.43s/it]2026-09-22 08:51:32,200 INFO [rev_util_verifiability|paper_align|Qwen3-0.6B] step=520 loss=0.2532 learning_rate=0.0000 epoch=2.5255

                                                 

 84%|████████▍ | 520/618 [20:46<03:57,  2.43s/it]2026-09-22 08:51:32,408 INFO [rev_util_verifiability|paper_align|Qwen3-0.6B] step=520 epoch=2.5255

                                                 

 84%|████████▍ | 520/618 [20:47<03:57,  2.43s/it]2026-09-22 08:51:32,969 INFO [rev_util_verifiability|paper_align|Qwen3-0.6B] step=520 epoch=2.5255

                                                 

 84%|████████▍ | 520/618 [20:47<03:57,  2.43s/it]2026-09-22 08:51:33,526 INFO [rev_util_verifiability|paper_align|Qwen3-0.6B] step=520 epoch=2.5255

                                                 

 84%|████████▍ | 520/618 [20:48<03:57,  2.43s/it]2026-09-22 08:51:34,098 INFO [rev_util_verifiability|paper_align|Qwen3-0.6B] step=520 epoch=2.5255

                                                 

 84%|████████▍ | 520/618 [20:48<03:57,  2.43s/it]
 84%|████████▍ | 521/618 [20:49<03:51,  2.39s/it]2026-09-22 08:51:34,716 INFO [rev_util_verifiability|paper_align|Qwen3-0.6B] step=521 epoch=2.5304

                                                 

 84%|████████▍ | 521/618 [20:49<03:51,  2.39s/it]2026-09-22 08:51:35,289 INFO [rev_util_verifiability|paper_align|Qwen3-0.6B] step=521 epoch=2.5304

                                                 

 84%|████████▍ | 521/618 [20:49<03:51,  2.39s/it]2026-09-22 08:51:35,865 INFO [rev_util_verifiability|paper_align|Qwen3-0.6B] step=521 epoch=2.5304

                                                 

 84%|████████▍ | 521/618 [20:50<03:51,  2.39s/it]2026-09-22 08:51:36,437 INFO [rev_util_verifiability|paper_align|Qwen3-0.6B] step=521 epoch=2.5304

                                                 

 84%|████████▍ | 521/618 [20:51<03:51,  2.39s/it]
 84%|████████▍ | 522/618 [20:51<03:47,  2.37s/it]2026-09-22 08:51:37,058 INFO [rev_util_verifiability|paper_align|Qwen3-0.6B] step=522 epoch=2.5353

                                                 

 84%|████████▍ | 522/618 [20:51<03:47,  2.37s/it]2026-09-22 08:51:37,624 INFO [rev_util_verifiability|paper_align|Qwen3-0.6B] step=522 epoch=2.5353

                                                 

 84%|████████▍ | 522/618 [20:52<03:47,  2.37s/it]2026-09-22 08:51:38,205 INFO [rev_util_verifiability|paper_align|Qwen3-0.6B] step=522 epoch=2.5353

                                                 

 84%|████████▍ | 522/618 [20:52<03:47,  2.37s/it]2026-09-22 08:51:38,777 INFO [rev_util_verifiability|paper_align|Qwen3-0.6B] step=522 epoch=2.5353

                                                 

 84%|████████▍ | 522/618 [20:53<03:47,  2.37s/it]
 85%|████████▍ | 523/618 [20:53<03:44,  2.37s/it]2026-09-22 08:51:39,399 INFO [rev_util_verifiability|paper_align|Qwen3-0.6B] step=523 epoch=2.5401

                                                 

 85%|████████▍ | 523/618 [20:54<03:44,  2.37s/it]2026-09-22 08:51:39,932 INFO [rev_util_verifiability|paper_align|Qwen3-0.6B] step=523 epoch=2.5401

                                                 

 85%|████████▍ | 523/618 [20:54<03:44,  2.37s/it]2026-09-22 08:51:40,463 INFO [rev_util_verifiability|paper_align|Qwen3-0.6B] step=523 epoch=2.5401

                                                 

 85%|████████▍ | 523/618 [20:55<03:44,  2.37s/it]2026-09-22 08:51:40,990 INFO [rev_util_verifiability|paper_align|Qwen3-0.6B] step=523 epoch=2.5401

                                                 

 85%|████████▍ | 523/618 [20:55<03:44,  2.37s/it]
 85%|████████▍ | 524/618 [20:56<03:37,  2.31s/it]2026-09-22 08:51:41,571 INFO [rev_util_verifiability|paper_align|Qwen3-0.6B] step=524 epoch=2.5450

                                                 

 85%|████████▍ | 524/618 [20:56<03:37,  2.31s/it]2026-09-22 08:51:42,102 INFO [rev_util_verifiability|paper_align|Qwen3-0.6B] step=524 epoch=2.5450

                                                 

 85%|████████▍ | 524/618 [20:56<03:37,  2.31s/it]2026-09-22 08:51:42,964 INFO [rev_util_verifiability|paper_align|Qwen3-0.6B] step=524 epoch=2.5450

                                                 

 85%|████████▍ | 524/618 [20:57<03:37,  2.31s/it]2026-09-22 08:51:43,507 INFO [rev_util_verifiability|paper_align|Qwen3-0.6B] step=524 epoch=2.5450

                                                 

 85%|████████▍ | 524/618 [20:58<03:37,  2.31s/it]
 85%|████████▍ | 525/618 [20:58<03:40,  2.37s/it]2026-09-22 08:51:44,077 INFO [rev_util_verifiability|paper_align|Qwen3-0.6B] step=525 epoch=2.5499

                                                 

 85%|████████▍ | 525/618 [20:58<03:40,  2.37s/it]2026-09-22 08:51:44,609 INFO [rev_util_verifiability|paper_align|Qwen3-0.6B] step=525 epoch=2.5499

                                                 

 85%|████████▍ | 525/618 [20:59<03:40,  2.37s/it]2026-09-22 08:51:45,155 INFO [rev_util_verifiability|paper_align|Qwen3-0.6B] step=525 epoch=2.5499

                                                 

 85%|████████▍ | 525/618 [20:59<03:40,  2.37s/it]2026-09-22 08:51:45,690 INFO [rev_util_verifiability|paper_align|Qwen3-0.6B] step=525 epoch=2.5499

                                                 

 85%|████████▍ | 525/618 [21:00<03:40,  2.37s/it]
 85%|████████▌ | 526/618 [21:00<03:32,  2.31s/it]2026-09-22 08:51:46,270 INFO [rev_util_verifiability|paper_align|Qwen3-0.6B] step=526 epoch=2.5547

                                                 

 85%|████████▌ | 526/618 [21:00<03:32,  2.31s/it]2026-09-22 08:51:46,802 INFO [rev_util_verifiability|paper_align|Qwen3-0.6B] step=526 epoch=2.5547

                                                 

 85%|████████▌ | 526/618 [21:01<03:32,  2.31s/it]2026-09-22 08:51:47,336 INFO [rev_util_verifiability|paper_align|Qwen3-0.6B] step=526 epoch=2.5547

                                                 

 85%|████████▌ | 526/618 [21:02<03:32,  2.31s/it]2026-09-22 08:51:47,880 INFO [rev_util_verifiability|paper_align|Qwen3-0.6B] step=526 epoch=2.5547

                                                 

 85%|████████▌ | 526/618 [21:02<03:32,  2.31s/it]
 85%|████████▌ | 527/618 [21:02<03:27,  2.28s/it]2026-09-22 08:51:48,453 INFO [rev_util_verifiability|paper_align|Qwen3-0.6B] step=527 epoch=2.5596

                                                 

 85%|████████▌ | 527/618 [21:03<03:27,  2.28s/it]2026-09-22 08:51:48,976 INFO [rev_util_verifiability|paper_align|Qwen3-0.6B] step=527 epoch=2.5596

                                                 

 85%|████████▌ | 527/618 [21:03<03:27,  2.28s/it]2026-09-22 08:51:49,514 INFO [rev_util_verifiability|paper_align|Qwen3-0.6B] step=527 epoch=2.5596

                                                 

 85%|████████▌ | 527/618 [21:04<03:27,  2.28s/it]2026-09-22 08:51:50,056 INFO [rev_util_verifiability|paper_align|Qwen3-0.6B] step=527 epoch=2.5596

                                                 

 85%|████████▌ | 527/618 [21:04<03:27,  2.28s/it]
 85%|████████▌ | 528/618 [21:05<03:22,  2.25s/it]2026-09-22 08:51:50,629 INFO [rev_util_verifiability|paper_align|Qwen3-0.6B] step=528 epoch=2.5645

                                                 

 85%|████████▌ | 528/618 [21:05<03:22,  2.25s/it]2026-09-22 08:51:51,162 INFO [rev_util_verifiability|paper_align|Qwen3-0.6B] step=528 epoch=2.5645

                                                 

 85%|████████▌ | 528/618 [21:05<03:22,  2.25s/it]2026-09-22 08:51:51,696 INFO [rev_util_verifiability|paper_align|Qwen3-0.6B] step=528 epoch=2.5645

                                                 

 85%|████████▌ | 528/618 [21:06<03:22,  2.25s/it]2026-09-22 08:51:52,239 INFO [rev_util_verifiability|paper_align|Qwen3-0.6B] step=528 epoch=2.5645

                                                 

 85%|████████▌ | 528/618 [21:06<03:22,  2.25s/it]
 86%|████████▌ | 529/618 [21:07<03:18,  2.23s/it]2026-09-22 08:51:52,818 INFO [rev_util_verifiability|paper_align|Qwen3-0.6B] step=529 epoch=2.5693

                                                 

 86%|████████▌ | 529/618 [21:07<03:18,  2.23s/it]2026-09-22 08:51:53,358 INFO [rev_util_verifiability|paper_align|Qwen3-0.6B] step=529 epoch=2.5693

                                                 

 86%|████████▌ | 529/618 [21:08<03:18,  2.23s/it]2026-09-22 08:51:54,167 INFO [rev_util_verifiability|paper_align|Qwen3-0.6B] step=529 epoch=2.5693

                                                 

 86%|████████▌ | 529/618 [21:08<03:18,  2.23s/it]2026-09-22 08:51:54,705 INFO [rev_util_verifiability|paper_align|Qwen3-0.6B] step=529 epoch=2.5693

                                                 

 86%|████████▌ | 529/618 [21:09<03:18,  2.23s/it]
 86%|████████▌ | 530/618 [21:09<03:22,  2.30s/it]2026-09-22 08:51:55,074 INFO [rev_util_verifiability|paper_align|Qwen3-0.6B] step=530 loss=0.3068 learning_rate=0.0000 epoch=2.5742

                                                 

 86%|████████▌ | 530/618 [21:09<03:22,  2.30s/it]2026-09-22 08:51:55,287 INFO [rev_util_verifiability|paper_align|Qwen3-0.6B] step=530 epoch=2.5742

                                                 

 86%|████████▌ | 530/618 [21:09<03:22,  2.30s/it]2026-09-22 08:51:55,831 INFO [rev_util_verifiability|paper_align|Qwen3-0.6B] step=530 epoch=2.5742

                                                 

 86%|████████▌ | 530/618 [21:10<03:22,  2.30s/it]2026-09-22 08:51:56,369 INFO [rev_util_verifiability|paper_align|Qwen3-0.6B] step=530 epoch=2.5742

                                                 

 86%|████████▌ | 530/618 [21:11<03:22,  2.30s/it]2026-09-22 08:51:56,898 INFO [rev_util_verifiability|paper_align|Qwen3-0.6B] step=530 epoch=2.5742

                                                 

 86%|████████▌ | 530/618 [21:11<03:22,  2.30s/it]
 86%|████████▌ | 531/618 [21:11<03:17,  2.26s/it]2026-09-22 08:51:57,468 INFO [rev_util_verifiability|paper_align|Qwen3-0.6B] step=531 epoch=2.5791

                                                 

 86%|████████▌ | 531/618 [21:12<03:17,  2.26s/it]2026-09-22 08:51:57,991 INFO [rev_util_verifiability|paper_align|Qwen3-0.6B] step=531 epoch=2.5791

                                                 

 86%|████████▌ | 531/618 [21:12<03:17,  2.26s/it]2026-09-22 08:51:58,523 INFO [rev_util_verifiability|paper_align|Qwen3-0.6B] step=531 epoch=2.5791

                                                 

 86%|████████▌ | 531/618 [21:13<03:17,  2.26s/it]2026-09-22 08:51:59,059 INFO [rev_util_verifiability|paper_align|Qwen3-0.6B] step=531 epoch=2.5791

                                                 

 86%|████████▌ | 531/618 [21:13<03:17,  2.26s/it]
 86%|████████▌ | 532/618 [21:14<03:12,  2.24s/it]2026-09-22 08:51:59,636 INFO [rev_util_verifiability|paper_align|Qwen3-0.6B] step=532 epoch=2.5839

                                                 

 86%|████████▌ | 532/618 [21:14<03:12,  2.24s/it]2026-09-22 08:52:00,169 INFO [rev_util_verifiability|paper_align|Qwen3-0.6B] step=532 epoch=2.5839

                                                 

 86%|████████▌ | 532/618 [21:14<03:12,  2.24s/it]2026-09-22 08:52:00,702 INFO [rev_util_verifiability|paper_align|Qwen3-0.6B] step=532 epoch=2.5839

                                                 

 86%|████████▌ | 532/618 [21:15<03:12,  2.24s/it]2026-09-22 08:52:01,238 INFO [rev_util_verifiability|paper_align|Qwen3-0.6B] step=532 epoch=2.5839

                                                 

 86%|████████▌ | 532/618 [21:15<03:12,  2.24s/it]
 86%|████████▌ | 533/618 [21:16<03:08,  2.22s/it]2026-09-22 08:52:01,814 INFO [rev_util_verifiability|paper_align|Qwen3-0.6B] step=533 epoch=2.5888

                                                 

 86%|████████▌ | 533/618 [21:16<03:08,  2.22s/it]2026-09-22 08:52:02,340 INFO [rev_util_verifiability|paper_align|Qwen3-0.6B] step=533 epoch=2.5888

                                                 

 86%|████████▌ | 533/618 [21:17<03:08,  2.22s/it]2026-09-22 08:52:02,870 INFO [rev_util_verifiability|paper_align|Qwen3-0.6B] step=533 epoch=2.5888

                                                 

 86%|████████▌ | 533/618 [21:17<03:08,  2.22s/it]2026-09-22 08:52:03,404 INFO [rev_util_verifiability|paper_align|Qwen3-0.6B] step=533 epoch=2.5888

                                                 

 86%|████████▌ | 533/618 [21:18<03:08,  2.22s/it]
 86%|████████▋ | 534/618 [21:18<03:04,  2.20s/it]2026-09-22 08:52:03,977 INFO [rev_util_verifiability|paper_align|Qwen3-0.6B] step=534 epoch=2.5937

                                                 

 86%|████████▋ | 534/618 [21:18<03:04,  2.20s/it]2026-09-22 08:52:04,505 INFO [rev_util_verifiability|paper_align|Qwen3-0.6B] step=534 epoch=2.5937

                                                 

 86%|████████▋ | 534/618 [21:19<03:04,  2.20s/it]2026-09-22 08:52:05,359 INFO [rev_util_verifiability|paper_align|Qwen3-0.6B] step=534 epoch=2.5937

                                                 

 86%|████████▋ | 534/618 [21:20<03:04,  2.20s/it]2026-09-22 08:52:05,895 INFO [rev_util_verifiability|paper_align|Qwen3-0.6B] step=534 epoch=2.5937

                                                 

 86%|████████▋ | 534/618 [21:20<03:04,  2.20s/it]
 87%|████████▋ | 535/618 [21:20<03:09,  2.29s/it]2026-09-22 08:52:06,467 INFO [rev_util_verifiability|paper_align|Qwen3-0.6B] step=535 epoch=2.5985

                                                 

 87%|████████▋ | 535/618 [21:21<03:09,  2.29s/it]2026-09-22 08:52:07,000 INFO [rev_util_verifiability|paper_align|Qwen3-0.6B] step=535 epoch=2.5985

                                                 

 87%|████████▋ | 535/618 [21:21<03:09,  2.29s/it]2026-09-22 08:52:07,540 INFO [rev_util_verifiability|paper_align|Qwen3-0.6B] step=535 epoch=2.5985

                                                 

 87%|████████▋ | 535/618 [21:22<03:09,  2.29s/it]2026-09-22 08:52:08,081 INFO [rev_util_verifiability|paper_align|Qwen3-0.6B] step=535 epoch=2.5985

                                                 

 87%|████████▋ | 535/618 [21:22<03:09,  2.29s/it]
 87%|████████▋ | 536/618 [21:23<03:05,  2.26s/it]2026-09-22 08:52:08,654 INFO [rev_util_verifiability|paper_align|Qwen3-0.6B] step=536 epoch=2.6034

                                                 

 87%|████████▋ | 536/618 [21:23<03:05,  2.26s/it]2026-09-22 08:52:09,181 INFO [rev_util_verifiability|paper_align|Qwen3-0.6B] step=536 epoch=2.6034

                                                 

 87%|████████▋ | 536/618 [21:23<03:05,  2.26s/it]2026-09-22 08:52:09,713 INFO [rev_util_verifiability|paper_align|Qwen3-0.6B] step=536 epoch=2.6034

                                                 

 87%|████████▋ | 536/618 [21:24<03:05,  2.26s/it]2026-09-22 08:52:10,249 INFO [rev_util_verifiability|paper_align|Qwen3-0.6B] step=536 epoch=2.6034

                                                 

 87%|████████▋ | 536/618 [21:24<03:05,  2.26s/it]
 87%|████████▋ | 537/618 [21:25<03:00,  2.23s/it]2026-09-22 08:52:10,826 INFO [rev_util_verifiability|paper_align|Qwen3-0.6B] step=537 epoch=2.6083

                                                 

 87%|████████▋ | 537/618 [21:25<03:00,  2.23s/it]2026-09-22 08:52:11,358 INFO [rev_util_verifiability|paper_align|Qwen3-0.6B] step=537 epoch=2.6083

                                                 

 87%|████████▋ | 537/618 [21:26<03:00,  2.23s/it]2026-09-22 08:52:11,894 INFO [rev_util_verifiability|paper_align|Qwen3-0.6B] step=537 epoch=2.6083

                                                 

 87%|████████▋ | 537/618 [21:26<03:00,  2.23s/it]2026-09-22 08:52:12,423 INFO [rev_util_verifiability|paper_align|Qwen3-0.6B] step=537 epoch=2.6083

                                                 

 87%|████████▋ | 537/618 [21:27<03:00,  2.23s/it]
 87%|████████▋ | 538/618 [21:27<02:57,  2.21s/it]2026-09-22 08:52:12,988 INFO [rev_util_verifiability|paper_align|Qwen3-0.6B] step=538 epoch=2.6131

                                                 

 87%|████████▋ | 538/618 [21:27<02:57,  2.21s/it]2026-09-22 08:52:13,518 INFO [rev_util_verifiability|paper_align|Qwen3-0.6B] step=538 epoch=2.6131

                                                 

 87%|████████▋ | 538/618 [21:28<02:57,  2.21s/it]2026-09-22 08:52:14,051 INFO [rev_util_verifiability|paper_align|Qwen3-0.6B] step=538 epoch=2.6131

                                                 
{'paper_align_label_loss': '0.001602', 'paper_align_reason_loss': '0.05357', 'epoch': '2.511'}
{'paper_align_label_loss': '0.006936', 'paper_align_reason_loss': '0.1133', 'epoch': '2.511'}
{'paper_align_label_loss': '6.497e-06', 'paper_align_reason_loss': '0.05138', 'epoch': '2.511'}
{'paper_align_label_loss': '0.0013', 'paper_align_reason_loss': '0.07738', 'epoch': '2.516'}
{'paper_align_label_loss': '0.1231', 'paper_align_reason_loss': '0.06544', 'epoch': '2.516'}
{'paper_align_label_loss': '0.004467', 'paper_align_reason_loss': '0.07411', 'epoch': '2.516'}
{'paper_align_label_loss': '0.00474', 'paper_align_reason_loss': '0.09004', 'epoch': '2.516'}
{'paper_align_label_loss': '2.459e-05', 'paper_align_reason_loss': '0.03472', 'epoch': '2.521'}
{'paper_align_label_loss': '0.07681', 'paper_align_reason_loss': '0.05151', 'epoch': '2.521'}
{'paper_align_label_loss': '0.1815', 'paper_align_reason_loss': '0.04184', 'epoch': '2.521'}
{'paper_align_label_loss': '0.005946', 'paper_align_reason_loss': '0.06692', 'epoch': '2.521'}
{'loss': '0.2532', 'grad_norm': '5.381', 'learning_rate': '6.59e-06', 'epoch': '2.526'}
{'paper_align_label_loss': '0.005012', 'paper_align_reason_loss': '0.06627', 'epoch': '2.526'}
{'paper_align_label_loss': '0.01143', 'paper_align_reason_loss': '0.109', 'epoch': '2.526'}
{'paper_align_label_loss': '3.435e-05', 'paper_align_reason_loss': '0.05842', 'epoch': '2.526'}
{'paper_align_label_loss': '0.2997', 'paper_align_reason_loss': '0.07504', 'epoch': '2.526'}
{'paper_align_label_loss': '0.02043', 'paper_align_reason_loss': '0.08732', 'epoch': '2.53'}
{'paper_align_label_loss': '0.00167', 'paper_align_reason_loss': '0.03484', 'epoch': '2.53'}
{'paper_align_label_loss': '0.07656', 'paper_align_reason_loss': '0.1589', 'epoch': '2.53'}
{'paper_align_label_loss': '0.02242', 'paper_align_reason_loss': '0.0994', 'epoch': '2.53'}
{'paper_align_label_loss': '0.0002923', 'paper_align_reason_loss': '0.1058', 'epoch': '2.535'}
{'paper_align_label_loss': '0.1262', 'paper_align_reason_loss': '0.1195', 'epoch': '2.535'}
{'paper_align_label_loss': '0.09459', 'paper_align_reason_loss': '0.05722', 'epoch': '2.535'}
{'paper_align_label_loss': '0.08545', 'paper_align_reason_loss': '0.1425', 'epoch': '2.535'}
{'paper_align_label_loss': '0.04322', 'paper_align_reason_loss': '0.1287', 'epoch': '2.54'}
{'paper_align_label_loss': '0.1244', 'paper_align_reason_loss': '0.1335', 'epoch': '2.54'}
{'paper_align_label_loss': '0.003454', 'paper_align_reason_loss': '0.05664', 'epoch': '2.54'}
{'paper_align_label_loss': '0.207', 'paper_align_reason_loss': '0.07064', 'epoch': '2.54'}
{'paper_align_label_loss': '0.01219', 'paper_align_reason_loss': '0.08525', 'epoch': '2.545'}
{'paper_align_label_loss': '0.03301', 'paper_align_reason_loss': '0.124', 'epoch': '2.545'}
{'paper_align_label_loss': '0.0205', 'paper_align_reason_loss': '0.09864', 'epoch': '2.545'}
{'paper_align_label_loss': '8.252e-05', 'paper_align_reason_loss': '0.05802', 'epoch': '2.545'}
{'paper_align_label_loss': '0.05612', 'paper_align_reason_loss': '0.1069', 'epoch': '2.55'}
{'paper_align_label_loss': '0.02274', 'paper_align_reason_loss': '0.07653', 'epoch': '2.55'}
{'paper_align_label_loss': '0.07132', 'paper_align_reason_loss': '0.1597', 'epoch': '2.55'}
{'paper_align_label_loss': '3.464e-05', 'paper_align_reason_loss': '0.01916', 'epoch': '2.55'}
{'paper_align_label_loss': '0.1262', 'paper_align_reason_loss': '0.07334', 'epoch': '2.555'}
{'paper_align_label_loss': '0.2332', 'paper_align_reason_loss': '0.06585', 'epoch': '2.555'}
{'paper_align_label_loss': '0.2508', 'paper_align_reason_loss': '0.06937', 'epoch': '2.555'}
{'paper_align_label_loss': '0.03019', 'paper_align_reason_loss': '0.1135', 'epoch': '2.555'}
{'paper_align_label_loss': '0.122', 'paper_align_reason_loss': '0.1032', 'epoch': '2.56'}
{'paper_align_label_loss': '0.0001782', 'paper_align_reason_loss': '0.04991', 'epoch': '2.56'}
{'paper_align_label_loss': '0.001167', 'paper_align_reason_loss': '0.08564', 'epoch': '2.56'}
{'paper_align_label_loss': '0.0001596', 'paper_align_reason_loss': '0.1064', 'epoch': '2.56'}
{'paper_align_label_loss': '0.01302', 'paper_align_reason_loss': '0.06862', 'epoch': '2.564'}
{'paper_align_label_loss': '0.007978', 'paper_align_reason_loss': '0.1223', 'epoch': '2.564'}
{'paper_align_label_loss': '0.01921', 'paper_align_reason_loss': '0.064', 'epoch': '2.564'}
{'paper_align_label_loss': '0.1169', 'paper_align_reason_loss': '0.2067', 'epoch': '2.564'}
{'paper_align_label_loss': '0.0001508', 'paper_align_reason_loss': '0.03793', 'epoch': '2.569'}
{'paper_align_label_loss': '0.01582', 'paper_align_reason_loss': '0.1463', 'epoch': '2.569'}
{'paper_align_label_loss': '0.01884', 'paper_align_reason_loss': '0.04356', 'epoch': '2.569'}
{'paper_align_label_loss': '0.1491', 'paper_align_reason_loss': '0.1053', 'epoch': '2.569'}
{'loss': '0.3068', 'grad_norm': '4.094', 'learning_rate': '5.349e-06', 'epoch': '2.574'}
{'paper_align_label_loss': '0.2207', 'paper_align_reason_loss': '0.08989', 'epoch': '2.574'}
{'paper_align_label_loss': '0.04148', 'paper_align_reason_loss': '0.06568', 'epoch': '2.574'}
{'paper_align_label_loss': '0.116', 'paper_align_reason_loss': '0.08822', 'epoch': '2.574'}
{'paper_align_label_loss': '0.002865', 'paper_align_reason_loss': '0.08809', 'epoch': '2.574'}
{'paper_align_label_loss': '0.1744', 'paper_align_reason_loss': '0.1022', 'epoch': '2.579'}
{'paper_align_label_loss': '0.00639', 'paper_align_reason_loss': '0.07707', 'epoch': '2.579'}
{'paper_align_label_loss': '0.03362', 'paper_align_reason_loss': '0.08392', 'epoch': '2.579'}
{'paper_align_label_loss': '0.00797', 'paper_align_reason_loss': '0.07593', 'epoch': '2.579'}
{'paper_align_label_loss': '0.06242', 'paper_align_reason_loss': '0.1478', 'epoch': '2.584'}
{'paper_align_label_loss': '0.02474', 'paper_align_reason_loss': '0.1039', 'epoch': '2.584'}
{'paper_align_label_loss': '2.165e-05', 'paper_align_reason_loss': '0.04927', 'epoch': '2.584'}
{'paper_align_label_loss': '0.004806', 'paper_align_reason_loss': '0.09431', 'epoch': '2.584'}
{'paper_align_label_loss': '0.0797', 'paper_align_reason_loss': '0.05276', 'epoch': '2.589'}
{'paper_align_label_loss': '0.001314', 'paper_align_reason_loss': '0.06336', 'epoch': '2.589'}
{'paper_align_label_loss': '0.0102', 'paper_align_reason_loss': '0.06321', 'epoch': '2.589'}
{'paper_align_label_loss': '2.242e-05', 'paper_align_reason_loss': '0.06366', 'epoch': '2.589'}
{'paper_align_label_loss': '0.004965', 'paper_align_reason_loss': '0.07835', 'epoch': '2.594'}
{'paper_align_label_loss': '0.07683', 'paper_align_reason_loss': '0.1065', 'epoch': '2.594'}
{'paper_align_label_loss': '0.03948', 'paper_align_reason_loss': '0.09476', 'epoch': '2.594'}
{'paper_align_label_loss': '0.03949', 'paper_align_reason_loss': '0.06074', 'epoch': '2.594'}
{'paper_align_label_loss': '0.06602', 'paper_align_reason_loss': '0.1452', 'epoch': '2.599'}
{'paper_align_label_loss': '4.939e-05', 'paper_align_reason_loss': '0.04988', 'epoch': '2.599'}
{'paper_align_label_loss': '0.07673', 'paper_align_reason_loss': '0.09395', 'epoch': '2.599'}
{'paper_align_label_loss': '0.01702', 'paper_align_reason_loss': '0.1304', 'epoch': '2.599'}
{'paper_align_label_loss': '0.004328', 'paper_align_reason_loss': '0.1039', 'epoch': '2.603'}
{'paper_align_label_loss': '0.004994', 'paper_align_reason_loss': '0.08931', 'epoch': '2.603'}
{'paper_align_label_loss': '0.02267', 'paper_align_reason_loss': '0.07343', 'epoch': '2.603'}
{'paper_align_label_loss': '0.00142', 'paper_align_reason_loss': '0.1324', 'epoch': '2.603'}
{'paper_align_label_loss': '0.07554', 'paper_align_reason_loss': '0.08036', 'epoch': '2.608'}
{'paper_align_label_loss': '0.05543', 'paper_align_reason_loss': '0.1095', 'epoch': '2.608'}
{'paper_align_label_loss': '0.2214', 'paper_align_reason_loss': '0.07287', 'epoch': '2.608'}
{'paper_align_label_loss': '0.003622', 'paper_align_reason_loss': '0.06684', 'epoch': '2.608'}
{'paper_align_label_loss': '0.008121', 'paper_align_reason_loss': '0.05175', 'epoch': '2.613'}
{'paper_align_label_loss': '0.04467', 'paper_align_reason_loss': '0.1112', 'epoch': '2.613'}

 87%|████████▋ | 538/618 [21:28<02:57,  2.21s/it]2026-09-22 08:52:14,578 INFO [rev_util_verifiability|paper_align|Qwen3-0.6B] step=538 epoch=2.6131

                                                 

 87%|████████▋ | 538/618 [21:29<02:57,  2.21s/it]
 87%|████████▋ | 539/618 [21:29<02:53,  2.19s/it]2026-09-22 08:52:15,141 INFO [rev_util_verifiability|paper_align|Qwen3-0.6B] step=539 epoch=2.6180

                                                 

 87%|████████▋ | 539/618 [21:29<02:53,  2.19s/it]2026-09-22 08:52:15,665 INFO [rev_util_verifiability|paper_align|Qwen3-0.6B] step=539 epoch=2.6180

                                                 

 87%|████████▋ | 539/618 [21:30<02:53,  2.19s/it]2026-09-22 08:52:16,192 INFO [rev_util_verifiability|paper_align|Qwen3-0.6B] step=539 epoch=2.6180

                                                 

 87%|████████▋ | 539/618 [21:30<02:53,  2.19s/it]2026-09-22 08:52:16,722 INFO [rev_util_verifiability|paper_align|Qwen3-0.6B] step=539 epoch=2.6180

                                                 

 87%|████████▋ | 539/618 [21:31<02:53,  2.19s/it]
 87%|████████▋ | 540/618 [21:32<02:56,  2.26s/it]2026-09-22 08:52:17,344 INFO [rev_util_verifiability|paper_align|Qwen3-0.6B] step=540 loss=0.2586 learning_rate=0.0000 epoch=2.6229

                                                 

 87%|████████▋ | 540/618 [21:32<02:56,  2.26s/it]2026-09-22 08:52:17,550 INFO [rev_util_verifiability|paper_align|Qwen3-0.6B] step=540 epoch=2.6229

                                                 

 87%|████████▋ | 540/618 [21:32<02:56,  2.26s/it]2026-09-22 08:52:18,080 INFO [rev_util_verifiability|paper_align|Qwen3-0.6B] step=540 epoch=2.6229

                                                 

 87%|████████▋ | 540/618 [21:32<02:56,  2.26s/it]2026-09-22 08:52:18,608 INFO [rev_util_verifiability|paper_align|Qwen3-0.6B] step=540 epoch=2.6229

                                                 

 87%|████████▋ | 540/618 [21:33<02:56,  2.26s/it]2026-09-22 08:52:19,139 INFO [rev_util_verifiability|paper_align|Qwen3-0.6B] step=540 epoch=2.6229

                                                 

 87%|████████▋ | 540/618 [21:33<02:56,  2.26s/it]
 88%|████████▊ | 541/618 [21:34<02:51,  2.23s/it]2026-09-22 08:52:19,697 INFO [rev_util_verifiability|paper_align|Qwen3-0.6B] step=541 epoch=2.6277

                                                 

 88%|████████▊ | 541/618 [21:34<02:51,  2.23s/it]2026-09-22 08:52:20,225 INFO [rev_util_verifiability|paper_align|Qwen3-0.6B] step=541 epoch=2.6277

                                                 

 88%|████████▊ | 541/618 [21:34<02:51,  2.23s/it]2026-09-22 08:52:20,757 INFO [rev_util_verifiability|paper_align|Qwen3-0.6B] step=541 epoch=2.6277

                                                 

 88%|████████▊ | 541/618 [21:35<02:51,  2.23s/it]2026-09-22 08:52:21,286 INFO [rev_util_verifiability|paper_align|Qwen3-0.6B] step=541 epoch=2.6277

                                                 

 88%|████████▊ | 541/618 [21:35<02:51,  2.23s/it]
 88%|████████▊ | 542/618 [21:36<02:47,  2.20s/it]2026-09-22 08:52:21,857 INFO [rev_util_verifiability|paper_align|Qwen3-0.6B] step=542 epoch=2.6326

                                                 

 88%|████████▊ | 542/618 [21:36<02:47,  2.20s/it]2026-09-22 08:52:22,381 INFO [rev_util_verifiability|paper_align|Qwen3-0.6B] step=542 epoch=2.6326

                                                 

 88%|████████▊ | 542/618 [21:37<02:47,  2.20s/it]2026-09-22 08:52:22,907 INFO [rev_util_verifiability|paper_align|Qwen3-0.6B] step=542 epoch=2.6326

                                                 

 88%|████████▊ | 542/618 [21:37<02:47,  2.20s/it]2026-09-22 08:52:23,432 INFO [rev_util_verifiability|paper_align|Qwen3-0.6B] step=542 epoch=2.6326

                                                 

 88%|████████▊ | 542/618 [21:38<02:47,  2.20s/it]
 88%|████████▊ | 543/618 [21:38<02:43,  2.19s/it]2026-09-22 08:52:23,994 INFO [rev_util_verifiability|paper_align|Qwen3-0.6B] step=543 epoch=2.6375

                                                 

 88%|████████▊ | 543/618 [21:38<02:43,  2.19s/it]2026-09-22 08:52:24,510 INFO [rev_util_verifiability|paper_align|Qwen3-0.6B] step=543 epoch=2.6375

                                                 

 88%|████████▊ | 543/618 [21:39<02:43,  2.19s/it]2026-09-22 08:52:25,031 INFO [rev_util_verifiability|paper_align|Qwen3-0.6B] step=543 epoch=2.6375

                                                 

 88%|████████▊ | 543/618 [21:39<02:43,  2.19s/it]2026-09-22 08:52:25,562 INFO [rev_util_verifiability|paper_align|Qwen3-0.6B] step=543 epoch=2.6375

                                                 

 88%|████████▊ | 543/618 [21:40<02:43,  2.19s/it]
 88%|████████▊ | 544/618 [21:40<02:40,  2.17s/it]2026-09-22 08:52:26,119 INFO [rev_util_verifiability|paper_align|Qwen3-0.6B] step=544 epoch=2.6423

                                                 

 88%|████████▊ | 544/618 [21:40<02:40,  2.17s/it]2026-09-22 08:52:26,641 INFO [rev_util_verifiability|paper_align|Qwen3-0.6B] step=544 epoch=2.6423

                                                 

 88%|████████▊ | 544/618 [21:41<02:40,  2.17s/it]2026-09-22 08:52:27,167 INFO [rev_util_verifiability|paper_align|Qwen3-0.6B] step=544 epoch=2.6423

                                                 

 88%|████████▊ | 544/618 [21:41<02:40,  2.17s/it]2026-09-22 08:52:27,695 INFO [rev_util_verifiability|paper_align|Qwen3-0.6B] step=544 epoch=2.6423

                                                 

 88%|████████▊ | 544/618 [21:42<02:40,  2.17s/it]
 88%|████████▊ | 545/618 [21:42<02:37,  2.16s/it]2026-09-22 08:52:28,272 INFO [rev_util_verifiability|paper_align|Qwen3-0.6B] step=545 epoch=2.6472

                                                 

 88%|████████▊ | 545/618 [21:42<02:37,  2.16s/it]2026-09-22 08:52:29,075 INFO [rev_util_verifiability|paper_align|Qwen3-0.6B] step=545 epoch=2.6472

                                                 

 88%|████████▊ | 545/618 [21:43<02:37,  2.16s/it]2026-09-22 08:52:29,605 INFO [rev_util_verifiability|paper_align|Qwen3-0.6B] step=545 epoch=2.6472

                                                 

 88%|████████▊ | 545/618 [21:44<02:37,  2.16s/it]2026-09-22 08:52:30,146 INFO [rev_util_verifiability|paper_align|Qwen3-0.6B] step=545 epoch=2.6472

                                                 

 88%|████████▊ | 545/618 [21:44<02:37,  2.16s/it]
 88%|████████▊ | 546/618 [21:45<02:42,  2.25s/it]2026-09-22 08:52:30,744 INFO [rev_util_verifiability|paper_align|Qwen3-0.6B] step=546 epoch=2.6521

                                                 

 88%|████████▊ | 546/618 [21:45<02:42,  2.25s/it]2026-09-22 08:52:31,307 INFO [rev_util_verifiability|paper_align|Qwen3-0.6B] step=546 epoch=2.6521

                                                 

 88%|████████▊ | 546/618 [21:46<02:42,  2.25s/it]2026-09-22 08:52:31,871 INFO [rev_util_verifiability|paper_align|Qwen3-0.6B] step=546 epoch=2.6521

                                                 

 88%|████████▊ | 546/618 [21:46<02:42,  2.25s/it]2026-09-22 08:52:32,439 INFO [rev_util_verifiability|paper_align|Qwen3-0.6B] step=546 epoch=2.6521

                                                 

 88%|████████▊ | 546/618 [21:47<02:42,  2.25s/it]
 89%|████████▊ | 547/618 [21:47<02:41,  2.27s/it]2026-09-22 08:52:33,049 INFO [rev_util_verifiability|paper_align|Qwen3-0.6B] step=547 epoch=2.6569

                                                 

 89%|████████▊ | 547/618 [21:47<02:41,  2.27s/it]2026-09-22 08:52:33,614 INFO [rev_util_verifiability|paper_align|Qwen3-0.6B] step=547 epoch=2.6569

                                                 

 89%|████████▊ | 547/618 [21:48<02:41,  2.27s/it]2026-09-22 08:52:34,183 INFO [rev_util_verifiability|paper_align|Qwen3-0.6B] step=547 epoch=2.6569

                                                 

 89%|████████▊ | 547/618 [21:48<02:41,  2.27s/it]2026-09-22 08:52:34,742 INFO [rev_util_verifiability|paper_align|Qwen3-0.6B] step=547 epoch=2.6569

                                                 

 89%|████████▊ | 547/618 [21:49<02:41,  2.27s/it]
 89%|████████▊ | 548/618 [21:49<02:39,  2.28s/it]2026-09-22 08:52:35,340 INFO [rev_util_verifiability|paper_align|Qwen3-0.6B] step=548 epoch=2.6618

                                                 

 89%|████████▊ | 548/618 [21:50<02:39,  2.28s/it]2026-09-22 08:52:35,897 INFO [rev_util_verifiability|paper_align|Qwen3-0.6B] step=548 epoch=2.6618

                                                 

 89%|████████▊ | 548/618 [21:50<02:39,  2.28s/it]2026-09-22 08:52:36,460 INFO [rev_util_verifiability|paper_align|Qwen3-0.6B] step=548 epoch=2.6618

                                                 

 89%|████████▊ | 548/618 [21:51<02:39,  2.28s/it]2026-09-22 08:52:37,015 INFO [rev_util_verifiability|paper_align|Qwen3-0.6B] step=548 epoch=2.6618

                                                 

 89%|████████▊ | 548/618 [21:51<02:39,  2.28s/it]
 89%|████████▉ | 549/618 [21:52<02:37,  2.28s/it]2026-09-22 08:52:37,626 INFO [rev_util_verifiability|paper_align|Qwen3-0.6B] step=549 epoch=2.6667

                                                 

 89%|████████▉ | 549/618 [21:52<02:37,  2.28s/it]2026-09-22 08:52:38,181 INFO [rev_util_verifiability|paper_align|Qwen3-0.6B] step=549 epoch=2.6667

                                                 

 89%|████████▉ | 549/618 [21:52<02:37,  2.28s/it]2026-09-22 08:52:38,744 INFO [rev_util_verifiability|paper_align|Qwen3-0.6B] step=549 epoch=2.6667

                                                 

 89%|████████▉ | 549/618 [21:53<02:37,  2.28s/it]2026-09-22 08:52:39,299 INFO [rev_util_verifiability|paper_align|Qwen3-0.6B] step=549 epoch=2.6667

                                                 

 89%|████████▉ | 549/618 [21:54<02:37,  2.28s/it]
 89%|████████▉ | 550/618 [21:54<02:35,  2.28s/it]2026-09-22 08:52:39,692 INFO [rev_util_verifiability|paper_align|Qwen3-0.6B] step=550 loss=0.2553 learning_rate=0.0000 epoch=2.6715

                                                 

 89%|████████▉ | 550/618 [21:54<02:35,  2.28s/it]2026-09-22 08:52:40,193 INFO [rev_util_verifiability|paper_align|Qwen3-0.6B] step=550 epoch=2.6715

                                                 

 89%|████████▉ | 550/618 [21:54<02:35,  2.28s/it]2026-09-22 08:52:40,759 INFO [rev_util_verifiability|paper_align|Qwen3-0.6B] step=550 epoch=2.6715

                                                 

 89%|████████▉ | 550/618 [21:55<02:35,  2.28s/it]2026-09-22 08:52:41,333 INFO [rev_util_verifiability|paper_align|Qwen3-0.6B] step=550 epoch=2.6715

                                                 

 89%|████████▉ | 550/618 [21:56<02:35,  2.28s/it]2026-09-22 08:52:41,902 INFO [rev_util_verifiability|paper_align|Qwen3-0.6B] step=550 epoch=2.6715

                                                 

 89%|████████▉ | 550/618 [21:56<02:35,  2.28s/it]
 89%|████████▉ | 551/618 [21:56<02:39,  2.38s/it]2026-09-22 08:52:42,513 INFO [rev_util_verifiability|paper_align|Qwen3-0.6B] step=551 epoch=2.6764

                                                 

 89%|████████▉ | 551/618 [21:57<02:39,  2.38s/it]2026-09-22 08:52:43,072 INFO [rev_util_verifiability|paper_align|Qwen3-0.6B] step=551 epoch=2.6764

                                                 

 89%|████████▉ | 551/618 [21:57<02:39,  2.38s/it]2026-09-22 08:52:43,631 INFO [rev_util_verifiability|paper_align|Qwen3-0.6B] step=551 epoch=2.6764

                                                 

 89%|████████▉ | 551/618 [21:58<02:39,  2.38s/it]2026-09-22 08:52:44,195 INFO [rev_util_verifiability|paper_align|Qwen3-0.6B] step=551 epoch=2.6764

                                                 

 89%|████████▉ | 551/618 [21:58<02:39,  2.38s/it]
 89%|████████▉ | 552/618 [21:59<02:35,  2.35s/it]2026-09-22 08:52:44,832 INFO [rev_util_verifiability|paper_align|Qwen3-0.6B] step=552 epoch=2.6813

                                                 

 89%|████████▉ | 552/618 [21:59<02:35,  2.35s/it]2026-09-22 08:52:45,392 INFO [rev_util_verifiability|paper_align|Qwen3-0.6B] step=552 epoch=2.6813

                                                 

 89%|████████▉ | 552/618 [22:00<02:35,  2.35s/it]2026-09-22 08:52:45,945 INFO [rev_util_verifiability|paper_align|Qwen3-0.6B] step=552 epoch=2.6813

                                                 

 89%|████████▉ | 552/618 [22:00<02:35,  2.35s/it]2026-09-22 08:52:46,519 INFO [rev_util_verifiability|paper_align|Qwen3-0.6B] step=552 epoch=2.6813

                                                 

 89%|████████▉ | 552/618 [22:01<02:35,  2.35s/it]
 89%|████████▉ | 553/618 [22:01<02:32,  2.34s/it]2026-09-22 08:52:47,125 INFO [rev_util_verifiability|paper_align|Qwen3-0.6B] step=553 epoch=2.6861

                                                 

 89%|████████▉ | 553/618 [22:01<02:32,  2.34s/it]2026-09-22 08:52:47,701 INFO [rev_util_verifiability|paper_align|Qwen3-0.6B] step=553 epoch=2.6861

                                                 

 89%|████████▉ | 553/618 [22:02<02:32,  2.34s/it]2026-09-22 08:52:48,336 INFO [rev_util_verifiability|paper_align|Qwen3-0.6B] step=553 epoch=2.6861

                                                 

 89%|████████▉ | 553/618 [22:03<02:32,  2.34s/it]2026-09-22 08:52:48,909 INFO [rev_util_verifiability|paper_align|Qwen3-0.6B] step=553 epoch=2.6861

                                                 

 89%|████████▉ | 553/618 [22:03<02:32,  2.34s/it]
 90%|████████▉ | 554/618 [22:04<02:30,  2.36s/it]2026-09-22 08:52:49,534 INFO [rev_util_verifiability|paper_align|Qwen3-0.6B] step=554 epoch=2.6910

                                                 

 90%|████████▉ | 554/618 [22:04<02:30,  2.36s/it]2026-09-22 08:52:50,165 INFO [rev_util_verifiability|paper_align|Qwen3-0.6B] step=554 epoch=2.6910

                                                 

 90%|████████▉ | 554/618 [22:04<02:30,  2.36s/it]2026-09-22 08:52:50,739 INFO [rev_util_verifiability|paper_align|Qwen3-0.6B] step=554 epoch=2.6910

                                                 

 90%|████████▉ | 554/618 [22:05<02:30,  2.36s/it]2026-09-22 08:52:51,310 INFO [rev_util_verifiability|paper_align|Qwen3-0.6B] step=554 epoch=2.6910

                                                 

 90%|████████▉ | 554/618 [22:06<02:30,  2.36s/it]
 90%|████████▉ | 555/618 [22:06<02:29,  2.37s/it]2026-09-22 08:52:51,928 INFO [rev_util_verifiability|paper_align|Qwen3-0.6B] step=555 epoch=2.6959

                                                 

 90%|████████▉ | 555/618 [22:06<02:29,  2.37s/it]2026-09-22 08:52:52,765 INFO [rev_util_verifiability|paper_align|Qwen3-0.6B] step=555 epoch=2.6959

                                                 

 90%|████████▉ | 555/618 [22:07<02:29,  2.37s/it]2026-09-22 08:52:53,345 INFO [rev_util_verifiability|paper_align|Qwen3-0.6B] step=555 epoch=2.6959

                                                 

 90%|████████▉ | 555/618 [22:08<02:29,  2.37s/it]2026-09-22 08:52:53,917 INFO [rev_util_verifiability|paper_align|Qwen3-0.6B] step=555 epoch=2.6959

                                                 

 90%|████████▉ | 555/618 [22:08<02:29,  2.37s/it]
 90%|████████▉ | 556/618 [22:09<02:31,  2.44s/it]2026-09-22 08:52:54,520 INFO [rev_util_verifiability|paper_align|Qwen3-0.6B] step=556 epoch=2.7007

                                                 

 90%|████████▉ | 556/618 [22:09<02:31,  2.44s/it]2026-09-22 08:52:55,078 INFO [rev_util_verifiability|paper_align|Qwen3-0.6B] step=556 epoch=2.7007

                                                 

 90%|████████▉ | 556/618 [22:09<02:31,  2.44s/it]2026-09-22 08:52:55,638 INFO [rev_util_verifiability|paper_align|Qwen3-0.6B] step=556 epoch=2.7007

                                                 

 90%|████████▉ | 556/618 [22:10<02:31,  2.44s/it]2026-09-22 08:52:56,209 INFO [rev_util_verifiability|paper_align|Qwen3-0.6B] step=556 epoch=2.7007

                                                 

 90%|████████▉ | 556/618 [22:10<02:31,  2.44s/it]
 90%|█████████ | 557/618 [22:11<02:26,  2.40s/it]2026-09-22 08:52:56,816 INFO [rev_util_verifiability|paper_align|Qwen3-0.6B] step=557 epoch=2.7056

                                                 

 90%|█████████ | 557/618 [22:11<02:26,  2.40s/it]2026-09-22 08:52:57,378 INFO [rev_util_verifiability|paper_align|Qwen3-0.6B] step=557 epoch=2.7056

                                                 

 90%|█████████ | 557/618 [22:12<02:26,  2.40s/it]2026-09-22 08:52:57,937 INFO [rev_util_verifiability|paper_align|Qwen3-0.6B] step=557 epoch=2.7056

                                                 

 90%|█████████ | 557/618 [22:12<02:26,  2.40s/it]2026-09-22 08:52:58,493 INFO [rev_util_verifiability|paper_align|Qwen3-0.6B] step=557 epoch=2.7056

                                                 

 90%|█████████ | 557/618 [22:13<02:26,  2.40s/it]
 90%|█████████ | 558/618 [22:13<02:21,  2.36s/it]2026-09-22 08:52:59,089 INFO [rev_util_verifiability|paper_align|Qwen3-0.6B] step=558 epoch=2.7105

                                                 

 90%|█████████ | 558/618 [22:13<02:21,  2.36s/it]2026-09-22 08:52:59,645 INFO [rev_util_verifiability|paper_align|Qwen3-0.6B] step=558 epoch=2.7105

                                                 

 90%|█████████ | 558/618 [22:14<02:21,  2.36s/it]2026-09-22 08:53:00,204 INFO [rev_util_verifiability|paper_align|Qwen3-0.6B] step=558 epoch=2.7105

                                                 

 90%|█████████ | 558/618 [22:14<02:21,  2.36s/it]2026-09-22 08:53:00,765 INFO [rev_util_verifiability|paper_align|Qwen3-0.6B] step=558 epoch=2.7105

                                                 

 90%|█████████ | 558/618 [22:15<02:21,  2.36s/it]
 90%|█████████ | 559/618 [22:15<02:17,  2.33s/it]2026-09-22 08:53:01,363 INFO [rev_util_verifiability|paper_align|Qwen3-0.6B] step=559 epoch=2.7153

                                                 

 90%|█████████ | 559/618 [22:16<02:17,  2.33s/it]2026-09-22 08:53:01,925 INFO [rev_util_verifiability|paper_align|Qwen3-0.6B] step=559 epoch=2.7153

                                                 

 90%|█████████ | 559/618 [22:16<02:17,  2.33s/it]2026-09-22 08:53:02,487 INFO [rev_util_verifiability|paper_align|Qwen3-0.6B] step=559 epoch=2.7153

                                                 

 90%|█████████ | 559/618 [22:17<02:17,  2.33s/it]2026-09-22 08:53:03,048 INFO [rev_util_verifiability|paper_align|Qwen3-0.6B] step=559 epoch=2.7153

                                                 
{'paper_align_label_loss': '0.09746', 'paper_align_reason_loss': '0.08694', 'epoch': '2.613'}
{'paper_align_label_loss': '0.06097', 'paper_align_reason_loss': '0.08353', 'epoch': '2.613'}
{'paper_align_label_loss': '0.1051', 'paper_align_reason_loss': '0.06367', 'epoch': '2.618'}
{'paper_align_label_loss': '0.0003074', 'paper_align_reason_loss': '0.03749', 'epoch': '2.618'}
{'paper_align_label_loss': '7.491e-05', 'paper_align_reason_loss': '0.06374', 'epoch': '2.618'}
{'paper_align_label_loss': '0.001171', 'paper_align_reason_loss': '0.06249', 'epoch': '2.618'}
{'loss': '0.2586', 'grad_norm': '3.623', 'learning_rate': '4.231e-06', 'epoch': '2.623'}
{'paper_align_label_loss': '0.237', 'paper_align_reason_loss': '0.0514', 'epoch': '2.623'}
{'paper_align_label_loss': '0.004325', 'paper_align_reason_loss': '0.08309', 'epoch': '2.623'}
{'paper_align_label_loss': '0.01806', 'paper_align_reason_loss': '0.05994', 'epoch': '2.623'}
{'paper_align_label_loss': '1.807e-05', 'paper_align_reason_loss': '0.05317', 'epoch': '2.623'}
{'paper_align_label_loss': '2.27e-05', 'paper_align_reason_loss': '0.03095', 'epoch': '2.628'}
{'paper_align_label_loss': '0.0503', 'paper_align_reason_loss': '0.1007', 'epoch': '2.628'}
{'paper_align_label_loss': '0.006313', 'paper_align_reason_loss': '0.07509', 'epoch': '2.628'}
{'paper_align_label_loss': '0.02042', 'paper_align_reason_loss': '0.1075', 'epoch': '2.628'}
{'paper_align_label_loss': '0.002588', 'paper_align_reason_loss': '0.09355', 'epoch': '2.633'}
{'paper_align_label_loss': '0.1839', 'paper_align_reason_loss': '0.09304', 'epoch': '2.633'}
{'paper_align_label_loss': '0.001175', 'paper_align_reason_loss': '0.07552', 'epoch': '2.633'}
{'paper_align_label_loss': '0.0001', 'paper_align_reason_loss': '0.08055', 'epoch': '2.633'}
{'paper_align_label_loss': '0.1102', 'paper_align_reason_loss': '0.0854', 'epoch': '2.637'}
{'paper_align_label_loss': '0.008699', 'paper_align_reason_loss': '0.07147', 'epoch': '2.637'}
{'paper_align_label_loss': '0.003998', 'paper_align_reason_loss': '0.03788', 'epoch': '2.637'}
{'paper_align_label_loss': '0.03681', 'paper_align_reason_loss': '0.08473', 'epoch': '2.637'}
{'paper_align_label_loss': '0.001112', 'paper_align_reason_loss': '0.07468', 'epoch': '2.642'}
{'paper_align_label_loss': '3.358e-05', 'paper_align_reason_loss': '0.06376', 'epoch': '2.642'}
{'paper_align_label_loss': '0.07491', 'paper_align_reason_loss': '0.03085', 'epoch': '2.642'}
{'paper_align_label_loss': '0.02145', 'paper_align_reason_loss': '0.08337', 'epoch': '2.642'}
{'paper_align_label_loss': '0.01233', 'paper_align_reason_loss': '0.0768', 'epoch': '2.647'}
{'paper_align_label_loss': '0.03431', 'paper_align_reason_loss': '0.09146', 'epoch': '2.647'}
{'paper_align_label_loss': '0.2209', 'paper_align_reason_loss': '0.05627', 'epoch': '2.647'}
{'paper_align_label_loss': '0.2314', 'paper_align_reason_loss': '0.1336', 'epoch': '2.647'}
{'paper_align_label_loss': '0.009915', 'paper_align_reason_loss': '0.1026', 'epoch': '2.652'}
{'paper_align_label_loss': '0.09423', 'paper_align_reason_loss': '0.05538', 'epoch': '2.652'}
{'paper_align_label_loss': '1.389e-05', 'paper_align_reason_loss': '0.03137', 'epoch': '2.652'}
{'paper_align_label_loss': '0.01453', 'paper_align_reason_loss': '0.1354', 'epoch': '2.652'}
{'paper_align_label_loss': '0.01802', 'paper_align_reason_loss': '0.06443', 'epoch': '2.657'}
{'paper_align_label_loss': '3.819e-05', 'paper_align_reason_loss': '0.06115', 'epoch': '2.657'}
{'paper_align_label_loss': '0.001431', 'paper_align_reason_loss': '0.09101', 'epoch': '2.657'}
{'paper_align_label_loss': '0.19', 'paper_align_reason_loss': '0.1331', 'epoch': '2.657'}
{'paper_align_label_loss': '0.0006551', 'paper_align_reason_loss': '0.08745', 'epoch': '2.662'}
{'paper_align_label_loss': '0.01034', 'paper_align_reason_loss': '0.085', 'epoch': '2.662'}
{'paper_align_label_loss': '0.02155', 'paper_align_reason_loss': '0.04993', 'epoch': '2.662'}
{'paper_align_label_loss': '0.2385', 'paper_align_reason_loss': '0.127', 'epoch': '2.662'}
{'paper_align_label_loss': '1.106e-05', 'paper_align_reason_loss': '0.04746', 'epoch': '2.667'}
{'paper_align_label_loss': '0.06119', 'paper_align_reason_loss': '0.0736', 'epoch': '2.667'}
{'paper_align_label_loss': '0.004124', 'paper_align_reason_loss': '0.09913', 'epoch': '2.667'}
{'paper_align_label_loss': '0.008952', 'paper_align_reason_loss': '0.113', 'epoch': '2.667'}
{'loss': '0.2553', 'grad_norm': '4.704', 'learning_rate': '3.238e-06', 'epoch': '2.672'}
{'paper_align_label_loss': '0.051', 'paper_align_reason_loss': '0.139', 'epoch': '2.672'}
{'paper_align_label_loss': '0.1837', 'paper_align_reason_loss': '0.1472', 'epoch': '2.672'}
{'paper_align_label_loss': '0.07851', 'paper_align_reason_loss': '0.05548', 'epoch': '2.672'}
{'paper_align_label_loss': '0.006523', 'paper_align_reason_loss': '0.1367', 'epoch': '2.672'}
{'paper_align_label_loss': '0.0004554', 'paper_align_reason_loss': '0.09271', 'epoch': '2.676'}
{'paper_align_label_loss': '0.04407', 'paper_align_reason_loss': '0.1112', 'epoch': '2.676'}
{'paper_align_label_loss': '0.1153', 'paper_align_reason_loss': '0.08743', 'epoch': '2.676'}
{'paper_align_label_loss': '0.007639', 'paper_align_reason_loss': '0.1107', 'epoch': '2.676'}
{'paper_align_label_loss': '0.03969', 'paper_align_reason_loss': '0.1127', 'epoch': '2.681'}
{'paper_align_label_loss': '0.07577', 'paper_align_reason_loss': '0.1161', 'epoch': '2.681'}
{'paper_align_label_loss': '0.001036', 'paper_align_reason_loss': '0.07621', 'epoch': '2.681'}
{'paper_align_label_loss': '0.2366', 'paper_align_reason_loss': '0.09952', 'epoch': '2.681'}
{'paper_align_label_loss': '0.01619', 'paper_align_reason_loss': '0.094', 'epoch': '2.686'}
{'paper_align_label_loss': '0.01017', 'paper_align_reason_loss': '0.07527', 'epoch': '2.686'}
{'paper_align_label_loss': '0.01908', 'paper_align_reason_loss': '0.07618', 'epoch': '2.686'}
{'paper_align_label_loss': '0.003901', 'paper_align_reason_loss': '0.0967', 'epoch': '2.686'}
{'paper_align_label_loss': '3.605e-05', 'paper_align_reason_loss': '0.07375', 'epoch': '2.691'}
{'paper_align_label_loss': '0.006042', 'paper_align_reason_loss': '0.0739', 'epoch': '2.691'}
{'paper_align_label_loss': '3.591e-05', 'paper_align_reason_loss': '0.06204', 'epoch': '2.691'}
{'paper_align_label_loss': '0.0009236', 'paper_align_reason_loss': '0.04519', 'epoch': '2.691'}
{'paper_align_label_loss': '0.05188', 'paper_align_reason_loss': '0.134', 'epoch': '2.696'}
{'paper_align_label_loss': '0.02317', 'paper_align_reason_loss': '0.0746', 'epoch': '2.696'}
{'paper_align_label_loss': '0.2365', 'paper_align_reason_loss': '0.1159', 'epoch': '2.696'}
{'paper_align_label_loss': '0.01869', 'paper_align_reason_loss': '0.06325', 'epoch': '2.696'}
{'paper_align_label_loss': '0.01966', 'paper_align_reason_loss': '0.1158', 'epoch': '2.701'}
{'paper_align_label_loss': '0.06766', 'paper_align_reason_loss': '0.1069', 'epoch': '2.701'}
{'paper_align_label_loss': '0.002446', 'paper_align_reason_loss': '0.03737', 'epoch': '2.701'}
{'paper_align_label_loss': '0.03975', 'paper_align_reason_loss': '0.08111', 'epoch': '2.701'}
{'paper_align_label_loss': '0.01956', 'paper_align_reason_loss': '0.09309', 'epoch': '2.706'}
{'paper_align_label_loss': '0.3274', 'paper_align_reason_loss': '0.131', 'epoch': '2.706'}
{'paper_align_label_loss': '0.01846', 'paper_align_reason_loss': '0.1335', 'epoch': '2.706'}
{'paper_align_label_loss': '1.223e-05', 'paper_align_reason_loss': '0.03041', 'epoch': '2.706'}
{'paper_align_label_loss': '0.01338', 'paper_align_reason_loss': '0.1156', 'epoch': '2.71'}
{'paper_align_label_loss': '0.02918', 'paper_align_reason_loss': '0.08277', 'epoch': '2.71'}
{'paper_align_label_loss': '0.06222', 'paper_align_reason_loss': '0.07297', 'epoch': '2.71'}
{'paper_align_label_loss': '0.0002159', 'paper_align_reason_loss': '0.06934', 'epoch': '2.71'}
{'paper_align_label_loss': '0.00843', 'paper_align_reason_loss': '0.106', 'epoch': '2.715'}
{'paper_align_label_loss': '0.04056', 'paper_align_reason_loss': '0.08258', 'epoch': '2.715'}
{'paper_align_label_loss': '0.008435', 'paper_align_reason_loss': '0.1102', 'epoch': '2.715'}

 90%|█████████ | 559/618 [22:17<02:17,  2.33s/it]
 91%|█████████ | 560/618 [22:18<02:14,  2.32s/it]2026-09-22 08:53:03,430 INFO [rev_util_verifiability|paper_align|Qwen3-0.6B] step=560 loss=0.2783 learning_rate=0.0000 epoch=2.7202

                                                 

 91%|█████████ | 560/618 [22:18<02:14,  2.32s/it]2026-09-22 08:53:03,645 INFO [rev_util_verifiability|paper_align|Qwen3-0.6B] step=560 epoch=2.7202

                                                 

 91%|█████████ | 560/618 [22:18<02:14,  2.32s/it]2026-09-22 08:53:04,485 INFO [rev_util_verifiability|paper_align|Qwen3-0.6B] step=560 epoch=2.7202

                                                 

 91%|█████████ | 560/618 [22:19<02:14,  2.32s/it]2026-09-22 08:53:05,063 INFO [rev_util_verifiability|paper_align|Qwen3-0.6B] step=560 epoch=2.7202

                                                 

 91%|█████████ | 560/618 [22:19<02:14,  2.32s/it]2026-09-22 08:53:05,636 INFO [rev_util_verifiability|paper_align|Qwen3-0.6B] step=560 epoch=2.7202

                                                 

 91%|█████████ | 560/618 [22:20<02:14,  2.32s/it]
 91%|█████████ | 561/618 [22:20<02:16,  2.40s/it]2026-09-22 08:53:06,238 INFO [rev_util_verifiability|paper_align|Qwen3-0.6B] step=561 epoch=2.7251

                                                 

 91%|█████████ | 561/618 [22:20<02:16,  2.40s/it]2026-09-22 08:53:06,801 INFO [rev_util_verifiability|paper_align|Qwen3-0.6B] step=561 epoch=2.7251

                                                 

 91%|█████████ | 561/618 [22:21<02:16,  2.40s/it]2026-09-22 08:53:07,388 INFO [rev_util_verifiability|paper_align|Qwen3-0.6B] step=561 epoch=2.7251

                                                 

 91%|█████████ | 561/618 [22:22<02:16,  2.40s/it]2026-09-22 08:53:07,952 INFO [rev_util_verifiability|paper_align|Qwen3-0.6B] step=561 epoch=2.7251

                                                 

 91%|█████████ | 561/618 [22:22<02:16,  2.40s/it]
 91%|█████████ | 562/618 [22:23<02:13,  2.38s/it]2026-09-22 08:53:08,558 INFO [rev_util_verifiability|paper_align|Qwen3-0.6B] step=562 epoch=2.7299

                                                 

 91%|█████████ | 562/618 [22:23<02:13,  2.38s/it]2026-09-22 08:53:09,123 INFO [rev_util_verifiability|paper_align|Qwen3-0.6B] step=562 epoch=2.7299

                                                 

 91%|█████████ | 562/618 [22:23<02:13,  2.38s/it]2026-09-22 08:53:09,697 INFO [rev_util_verifiability|paper_align|Qwen3-0.6B] step=562 epoch=2.7299

                                                 

 91%|█████████ | 562/618 [22:24<02:13,  2.38s/it]2026-09-22 08:53:10,261 INFO [rev_util_verifiability|paper_align|Qwen3-0.6B] step=562 epoch=2.7299

                                                 

 91%|█████████ | 562/618 [22:24<02:13,  2.38s/it]
 91%|█████████ | 563/618 [22:25<02:09,  2.36s/it]2026-09-22 08:53:10,871 INFO [rev_util_verifiability|paper_align|Qwen3-0.6B] step=563 epoch=2.7348

                                                 

 91%|█████████ | 563/618 [22:25<02:09,  2.36s/it]2026-09-22 08:53:11,441 INFO [rev_util_verifiability|paper_align|Qwen3-0.6B] step=563 epoch=2.7348

                                                 

 91%|█████████ | 563/618 [22:26<02:09,  2.36s/it]2026-09-22 08:53:12,011 INFO [rev_util_verifiability|paper_align|Qwen3-0.6B] step=563 epoch=2.7348

                                                 

 91%|█████████ | 563/618 [22:26<02:09,  2.36s/it]2026-09-22 08:53:12,576 INFO [rev_util_verifiability|paper_align|Qwen3-0.6B] step=563 epoch=2.7348

                                                 

 91%|█████████ | 563/618 [22:27<02:09,  2.36s/it]
 91%|█████████▏| 564/618 [22:27<02:06,  2.34s/it]2026-09-22 08:53:13,175 INFO [rev_util_verifiability|paper_align|Qwen3-0.6B] step=564 epoch=2.7397

                                                 

 91%|█████████▏| 564/618 [22:27<02:06,  2.34s/it]2026-09-22 08:53:13,743 INFO [rev_util_verifiability|paper_align|Qwen3-0.6B] step=564 epoch=2.7397

                                                 

 91%|█████████▏| 564/618 [22:28<02:06,  2.34s/it]2026-09-22 08:53:14,318 INFO [rev_util_verifiability|paper_align|Qwen3-0.6B] step=564 epoch=2.7397

                                                 

 91%|█████████▏| 564/618 [22:29<02:06,  2.34s/it]2026-09-22 08:53:14,884 INFO [rev_util_verifiability|paper_align|Qwen3-0.6B] step=564 epoch=2.7397

                                                 

 91%|█████████▏| 564/618 [22:29<02:06,  2.34s/it]
 91%|█████████▏| 565/618 [22:29<02:03,  2.33s/it]2026-09-22 08:53:15,491 INFO [rev_util_verifiability|paper_align|Qwen3-0.6B] step=565 epoch=2.7445

                                                 

 91%|█████████▏| 565/618 [22:30<02:03,  2.33s/it]2026-09-22 08:53:16,056 INFO [rev_util_verifiability|paper_align|Qwen3-0.6B] step=565 epoch=2.7445

                                                 

 91%|█████████▏| 565/618 [22:30<02:03,  2.33s/it]2026-09-22 08:53:16,897 INFO [rev_util_verifiability|paper_align|Qwen3-0.6B] step=565 epoch=2.7445

                                                 

 91%|█████████▏| 565/618 [22:31<02:03,  2.33s/it]2026-09-22 08:53:17,459 INFO [rev_util_verifiability|paper_align|Qwen3-0.6B] step=565 epoch=2.7445

                                                 

 91%|█████████▏| 565/618 [22:32<02:03,  2.33s/it]
 92%|█████████▏| 566/618 [22:32<02:05,  2.41s/it]2026-09-22 08:53:18,065 INFO [rev_util_verifiability|paper_align|Qwen3-0.6B] step=566 epoch=2.7494

                                                 

 92%|█████████▏| 566/618 [22:32<02:05,  2.41s/it]2026-09-22 08:53:18,616 INFO [rev_util_verifiability|paper_align|Qwen3-0.6B] step=566 epoch=2.7494

                                                 

 92%|█████████▏| 566/618 [22:33<02:05,  2.41s/it]2026-09-22 08:53:19,212 INFO [rev_util_verifiability|paper_align|Qwen3-0.6B] step=566 epoch=2.7494

                                                 

 92%|█████████▏| 566/618 [22:33<02:05,  2.41s/it]2026-09-22 08:53:19,774 INFO [rev_util_verifiability|paper_align|Qwen3-0.6B] step=566 epoch=2.7494

                                                 

 92%|█████████▏| 566/618 [22:34<02:05,  2.41s/it]
 92%|█████████▏| 567/618 [22:34<02:01,  2.38s/it]2026-09-22 08:53:20,383 INFO [rev_util_verifiability|paper_align|Qwen3-0.6B] step=567 epoch=2.7543

                                                 

 92%|█████████▏| 567/618 [22:35<02:01,  2.38s/it]2026-09-22 08:53:20,939 INFO [rev_util_verifiability|paper_align|Qwen3-0.6B] step=567 epoch=2.7543

                                                 

 92%|█████████▏| 567/618 [22:35<02:01,  2.38s/it]2026-09-22 08:53:21,504 INFO [rev_util_verifiability|paper_align|Qwen3-0.6B] step=567 epoch=2.7543

                                                 

 92%|█████████▏| 567/618 [22:36<02:01,  2.38s/it]2026-09-22 08:53:22,066 INFO [rev_util_verifiability|paper_align|Qwen3-0.6B] step=567 epoch=2.7543

                                                 

 92%|█████████▏| 567/618 [22:36<02:01,  2.38s/it]
 92%|█████████▏| 568/618 [22:37<01:57,  2.35s/it]2026-09-22 08:53:22,663 INFO [rev_util_verifiability|paper_align|Qwen3-0.6B] step=568 epoch=2.7591

                                                 

 92%|█████████▏| 568/618 [22:37<01:57,  2.35s/it]2026-09-22 08:53:23,209 INFO [rev_util_verifiability|paper_align|Qwen3-0.6B] step=568 epoch=2.7591

                                                 

 92%|█████████▏| 568/618 [22:37<01:57,  2.35s/it]2026-09-22 08:53:23,770 INFO [rev_util_verifiability|paper_align|Qwen3-0.6B] step=568 epoch=2.7591

                                                 

 92%|█████████▏| 568/618 [22:38<01:57,  2.35s/it]2026-09-22 08:53:24,348 INFO [rev_util_verifiability|paper_align|Qwen3-0.6B] step=568 epoch=2.7591

                                                 

 92%|█████████▏| 568/618 [22:39<01:57,  2.35s/it]
 92%|█████████▏| 569/618 [22:39<01:54,  2.34s/it]2026-09-22 08:53:24,970 INFO [rev_util_verifiability|paper_align|Qwen3-0.6B] step=569 epoch=2.7640

                                                 

 92%|█████████▏| 569/618 [22:39<01:54,  2.34s/it]2026-09-22 08:53:25,526 INFO [rev_util_verifiability|paper_align|Qwen3-0.6B] step=569 epoch=2.7640

                                                 

 92%|█████████▏| 569/618 [22:40<01:54,  2.34s/it]2026-09-22 08:53:26,081 INFO [rev_util_verifiability|paper_align|Qwen3-0.6B] step=569 epoch=2.7640

                                                 

 92%|█████████▏| 569/618 [22:40<01:54,  2.34s/it]2026-09-22 08:53:26,672 INFO [rev_util_verifiability|paper_align|Qwen3-0.6B] step=569 epoch=2.7640

                                                 

 92%|█████████▏| 569/618 [22:41<01:54,  2.34s/it]
 92%|█████████▏| 570/618 [22:41<01:51,  2.33s/it]2026-09-22 08:53:27,067 INFO [rev_util_verifiability|paper_align|Qwen3-0.6B] step=570 loss=0.2601 learning_rate=0.0000 epoch=2.7689

                                                 

 92%|█████████▏| 570/618 [22:41<01:51,  2.33s/it]2026-09-22 08:53:27,292 INFO [rev_util_verifiability|paper_align|Qwen3-0.6B] step=570 epoch=2.7689

                                                 

 92%|█████████▏| 570/618 [22:41<01:51,  2.33s/it]2026-09-22 08:53:28,199 INFO [rev_util_verifiability|paper_align|Qwen3-0.6B] step=570 epoch=2.7689

                                                 

 92%|█████████▏| 570/618 [22:42<01:51,  2.33s/it]2026-09-22 08:53:28,783 INFO [rev_util_verifiability|paper_align|Qwen3-0.6B] step=570 epoch=2.7689

                                                 

 92%|█████████▏| 570/618 [22:43<01:51,  2.33s/it]2026-09-22 08:53:29,351 INFO [rev_util_verifiability|paper_align|Qwen3-0.6B] step=570 epoch=2.7689

                                                 

 92%|█████████▏| 570/618 [22:44<01:51,  2.33s/it]
 92%|█████████▏| 571/618 [22:44<01:54,  2.43s/it]2026-09-22 08:53:29,964 INFO [rev_util_verifiability|paper_align|Qwen3-0.6B] step=571 epoch=2.7737

                                                 

 92%|█████████▏| 571/618 [22:44<01:54,  2.43s/it]2026-09-22 08:53:30,541 INFO [rev_util_verifiability|paper_align|Qwen3-0.6B] step=571 epoch=2.7737

                                                 

 92%|█████████▏| 571/618 [22:45<01:54,  2.43s/it]2026-09-22 08:53:31,114 INFO [rev_util_verifiability|paper_align|Qwen3-0.6B] step=571 epoch=2.7737

                                                 

 92%|█████████▏| 571/618 [22:45<01:54,  2.43s/it]2026-09-22 08:53:31,701 INFO [rev_util_verifiability|paper_align|Qwen3-0.6B] step=571 epoch=2.7737

                                                 

 92%|█████████▏| 571/618 [22:46<01:54,  2.43s/it]
 93%|█████████▎| 572/618 [22:46<01:50,  2.41s/it]2026-09-22 08:53:32,310 INFO [rev_util_verifiability|paper_align|Qwen3-0.6B] step=572 epoch=2.7786

                                                 

 93%|█████████▎| 572/618 [22:47<01:50,  2.41s/it]2026-09-22 08:53:32,870 INFO [rev_util_verifiability|paper_align|Qwen3-0.6B] step=572 epoch=2.7786

                                                 

 93%|█████████▎| 572/618 [22:47<01:50,  2.41s/it]2026-09-22 08:53:33,429 INFO [rev_util_verifiability|paper_align|Qwen3-0.6B] step=572 epoch=2.7786

                                                 

 93%|█████████▎| 572/618 [22:48<01:50,  2.41s/it]2026-09-22 08:53:33,991 INFO [rev_util_verifiability|paper_align|Qwen3-0.6B] step=572 epoch=2.7786

                                                 

 93%|█████████▎| 572/618 [22:48<01:50,  2.41s/it]
 93%|█████████▎| 573/618 [22:49<01:46,  2.37s/it]2026-09-22 08:53:34,584 INFO [rev_util_verifiability|paper_align|Qwen3-0.6B] step=573 epoch=2.7835

                                                 

 93%|█████████▎| 573/618 [22:49<01:46,  2.37s/it]2026-09-22 08:53:35,137 INFO [rev_util_verifiability|paper_align|Qwen3-0.6B] step=573 epoch=2.7835

                                                 

 93%|█████████▎| 573/618 [22:49<01:46,  2.37s/it]2026-09-22 08:53:35,701 INFO [rev_util_verifiability|paper_align|Qwen3-0.6B] step=573 epoch=2.7835

                                                 

 93%|█████████▎| 573/618 [22:50<01:46,  2.37s/it]2026-09-22 08:53:36,272 INFO [rev_util_verifiability|paper_align|Qwen3-0.6B] step=573 epoch=2.7835

                                                 

 93%|█████████▎| 573/618 [22:50<01:46,  2.37s/it]
 93%|█████████▎| 574/618 [22:51<01:43,  2.34s/it]2026-09-22 08:53:36,878 INFO [rev_util_verifiability|paper_align|Qwen3-0.6B] step=574 epoch=2.7883

                                                 

 93%|█████████▎| 574/618 [22:51<01:43,  2.34s/it]2026-09-22 08:53:37,430 INFO [rev_util_verifiability|paper_align|Qwen3-0.6B] step=574 epoch=2.7883

                                                 

 93%|█████████▎| 574/618 [22:52<01:43,  2.34s/it]2026-09-22 08:53:37,994 INFO [rev_util_verifiability|paper_align|Qwen3-0.6B] step=574 epoch=2.7883

                                                 

 93%|█████████▎| 574/618 [22:52<01:43,  2.34s/it]2026-09-22 08:53:38,556 INFO [rev_util_verifiability|paper_align|Qwen3-0.6B] step=574 epoch=2.7883

                                                 

 93%|█████████▎| 574/618 [22:53<01:43,  2.34s/it]
 93%|█████████▎| 575/618 [22:53<01:40,  2.33s/it]2026-09-22 08:53:39,154 INFO [rev_util_verifiability|paper_align|Qwen3-0.6B] step=575 epoch=2.7932

                                                 

 93%|█████████▎| 575/618 [22:53<01:40,  2.33s/it]2026-09-22 08:53:39,704 INFO [rev_util_verifiability|paper_align|Qwen3-0.6B] step=575 epoch=2.7932

                                                 

 93%|█████████▎| 575/618 [22:54<01:40,  2.33s/it]2026-09-22 08:53:40,541 INFO [rev_util_verifiability|paper_align|Qwen3-0.6B] step=575 epoch=2.7932

                                                 

 93%|█████████▎| 575/618 [22:55<01:40,  2.33s/it]2026-09-22 08:53:41,112 INFO [rev_util_verifiability|paper_align|Qwen3-0.6B] step=575 epoch=2.7932

                                                 

 93%|█████████▎| 575/618 [22:55<01:40,  2.33s/it]
 93%|█████████▎| 576/618 [22:56<01:40,  2.40s/it]2026-09-22 08:53:41,712 INFO [rev_util_verifiability|paper_align|Qwen3-0.6B] step=576 epoch=2.7981

                                                 

 93%|█████████▎| 576/618 [22:56<01:40,  2.40s/it]2026-09-22 08:53:42,276 INFO [rev_util_verifiability|paper_align|Qwen3-0.6B] step=576 epoch=2.7981

                                                 

 93%|█████████▎| 576/618 [22:56<01:40,  2.40s/it]2026-09-22 08:53:42,843 INFO [rev_util_verifiability|paper_align|Qwen3-0.6B] step=576 epoch=2.7981

                                                 

 93%|█████████▎| 576/618 [22:57<01:40,  2.40s/it]2026-09-22 08:53:43,411 INFO [rev_util_verifiability|paper_align|Qwen3-0.6B] step=576 epoch=2.7981

                                                 

 93%|█████████▎| 576/618 [22:58<01:40,  2.40s/it]
 93%|█████████▎| 577/618 [22:58<01:36,  2.37s/it]2026-09-22 08:53:44,007 INFO [rev_util_verifiability|paper_align|Qwen3-0.6B] step=577 epoch=2.8029

                                                 

 93%|█████████▎| 577/618 [22:58<01:36,  2.37s/it]2026-09-22 08:53:44,564 INFO [rev_util_verifiability|paper_align|Qwen3-0.6B] step=577 epoch=2.8029

                                                 

 93%|█████████▎| 577/618 [22:59<01:36,  2.37s/it]2026-09-22 08:53:45,136 INFO [rev_util_verifiability|paper_align|Qwen3-0.6B] step=577 epoch=2.8029

                                                 

 93%|█████████▎| 577/618 [22:59<01:36,  2.37s/it]2026-09-22 08:53:45,723 INFO [rev_util_verifiability|paper_align|Qwen3-0.6B] step=577 epoch=2.8029

                                                 

 93%|█████████▎| 577/618 [23:00<01:36,  2.37s/it]
 94%|█████████▎| 578/618 [23:00<01:34,  2.36s/it]2026-09-22 08:53:46,353 INFO [rev_util_verifiability|paper_align|Qwen3-0.6B] step=578 epoch=2.8078

                                                 

 94%|█████████▎| 578/618 [23:01<01:34,  2.36s/it]2026-09-22 08:53:46,928 INFO [rev_util_verifiability|paper_align|Qwen3-0.6B] step=578 epoch=2.8078

                                                 

 94%|█████████▎| 578/618 [23:01<01:34,  2.36s/it]2026-09-22 08:53:47,509 INFO [rev_util_verifiability|paper_align|Qwen3-0.6B] step=578 epoch=2.8078

                                                 

 94%|█████████▎| 578/618 [23:02<01:34,  2.36s/it]2026-09-22 08:53:48,085 INFO [rev_util_verifiability|paper_align|Qwen3-0.6B] step=578 epoch=2.8078

                                                 

 94%|█████████▎| 578/618 [23:02<01:34,  2.36s/it]
 94%|█████████▎| 579/618 [23:03<01:31,  2.36s/it]2026-09-22 08:53:48,704 INFO [rev_util_verifiability|paper_align|Qwen3-0.6B] step=579 epoch=2.8127

                                                 

 94%|█████████▎| 579/618 [23:03<01:31,  2.36s/it]2026-09-22 08:53:49,285 INFO [rev_util_verifiability|paper_align|Qwen3-0.6B] step=579 epoch=2.8127

                                                 

 94%|█████████▎| 579/618 [23:03<01:31,  2.36s/it]2026-09-22 08:53:49,860 INFO [rev_util_verifiability|paper_align|Qwen3-0.6B] step=579 epoch=2.8127

                                                 

 94%|█████████▎| 579/618 [23:04<01:31,  2.36s/it]2026-09-22 08:53:50,434 INFO [rev_util_verifiability|paper_align|Qwen3-0.6B] step=579 epoch=2.8127

                                                 

 94%|█████████▎| 579/618 [23:05<01:31,  2.36s/it]
 94%|█████████▍| 580/618 [23:05<01:29,  2.36s/it]2026-09-22 08:53:50,839 INFO [rev_util_verifiability|paper_align|Qwen3-0.6B] step=580 loss=0.2906 learning_rate=0.0000 epoch=2.8175

                                                 

 94%|█████████▍| 580/618 [23:05<01:29,  2.36s/it]2026-09-22 08:53:51,066 INFO [rev_util_verifiability|paper_align|Qwen3-0.6B] step=580 epoch=2.8175

                                                 

 94%|█████████▍| 580/618 [23:05<01:29,  2.36s/it]2026-09-22 08:53:51,637 INFO [rev_util_verifiability|paper_align|Qwen3-0.6B] step=580 epoch=2.8175

                                                 

 94%|█████████▍| 580/618 [23:06<01:29,  2.36s/it]2026-09-22 08:53:52,513 INFO [rev_util_verifiability|paper_align|Qwen3-0.6B] step=580 epoch=2.8175

                                                 

 94%|█████████▍| 580/618 [23:07<01:29,  2.36s/it]2026-09-22 08:53:53,093 INFO [rev_util_verifiability|paper_align|Qwen3-0.6B] step=580 epoch=2.8175

                                                 
{'paper_align_label_loss': '0.01013', 'paper_align_reason_loss': '0.03373', 'epoch': '2.715'}
{'loss': '0.2783', 'grad_norm': '2.682', 'learning_rate': '2.375e-06', 'epoch': '2.72'}
{'paper_align_label_loss': '0.001812', 'paper_align_reason_loss': '0.1455', 'epoch': '2.72'}
{'paper_align_label_loss': '0.01115', 'paper_align_reason_loss': '0.09998', 'epoch': '2.72'}
{'paper_align_label_loss': '0.07658', 'paper_align_reason_loss': '0.09678', 'epoch': '2.72'}
{'paper_align_label_loss': '0.0567', 'paper_align_reason_loss': '0.05238', 'epoch': '2.72'}
{'paper_align_label_loss': '0.3216', 'paper_align_reason_loss': '0.06699', 'epoch': '2.725'}
{'paper_align_label_loss': '0.004238', 'paper_align_reason_loss': '0.06524', 'epoch': '2.725'}
{'paper_align_label_loss': '0.01373', 'paper_align_reason_loss': '0.09856', 'epoch': '2.725'}
{'paper_align_label_loss': '0.06129', 'paper_align_reason_loss': '0.1439', 'epoch': '2.725'}
{'paper_align_label_loss': '0.0198', 'paper_align_reason_loss': '0.074', 'epoch': '2.73'}
{'paper_align_label_loss': '0.005333', 'paper_align_reason_loss': '0.09473', 'epoch': '2.73'}
{'paper_align_label_loss': '0.001874', 'paper_align_reason_loss': '0.1053', 'epoch': '2.73'}
{'paper_align_label_loss': '3.016e-05', 'paper_align_reason_loss': '0.05503', 'epoch': '2.73'}
{'paper_align_label_loss': '0.2069', 'paper_align_reason_loss': '0.07325', 'epoch': '2.735'}
{'paper_align_label_loss': '0.07176', 'paper_align_reason_loss': '0.1277', 'epoch': '2.735'}
{'paper_align_label_loss': '0.01314', 'paper_align_reason_loss': '0.08325', 'epoch': '2.735'}
{'paper_align_label_loss': '0.04373', 'paper_align_reason_loss': '0.08126', 'epoch': '2.735'}
{'paper_align_label_loss': '0.02785', 'paper_align_reason_loss': '0.1212', 'epoch': '2.74'}
{'paper_align_label_loss': '0.00836', 'paper_align_reason_loss': '0.08562', 'epoch': '2.74'}
{'paper_align_label_loss': '0.01183', 'paper_align_reason_loss': '0.12', 'epoch': '2.74'}
{'paper_align_label_loss': '0.002197', 'paper_align_reason_loss': '0.06092', 'epoch': '2.74'}
{'paper_align_label_loss': '0.0003946', 'paper_align_reason_loss': '0.09001', 'epoch': '2.745'}
{'paper_align_label_loss': '0.06659', 'paper_align_reason_loss': '0.14', 'epoch': '2.745'}
{'paper_align_label_loss': '0.0522', 'paper_align_reason_loss': '0.1184', 'epoch': '2.745'}
{'paper_align_label_loss': '0.002139', 'paper_align_reason_loss': '0.04216', 'epoch': '2.745'}
{'paper_align_label_loss': '0.01272', 'paper_align_reason_loss': '0.07708', 'epoch': '2.749'}
{'paper_align_label_loss': '0.03282', 'paper_align_reason_loss': '0.0676', 'epoch': '2.749'}
{'paper_align_label_loss': '0.02437', 'paper_align_reason_loss': '0.08222', 'epoch': '2.749'}
{'paper_align_label_loss': '0.01465', 'paper_align_reason_loss': '0.1062', 'epoch': '2.749'}
{'paper_align_label_loss': '0.06913', 'paper_align_reason_loss': '0.1007', 'epoch': '2.754'}
{'paper_align_label_loss': '0.05174', 'paper_align_reason_loss': '0.06415', 'epoch': '2.754'}
{'paper_align_label_loss': '0.1372', 'paper_align_reason_loss': '0.1277', 'epoch': '2.754'}
{'paper_align_label_loss': '0.04268', 'paper_align_reason_loss': '0.08283', 'epoch': '2.754'}
{'paper_align_label_loss': '0.007784', 'paper_align_reason_loss': '0.132', 'epoch': '2.759'}
{'paper_align_label_loss': '3.599e-05', 'paper_align_reason_loss': '0.07382', 'epoch': '2.759'}
{'paper_align_label_loss': '0.0001242', 'paper_align_reason_loss': '0.05044', 'epoch': '2.759'}
{'paper_align_label_loss': '1.694e-05', 'paper_align_reason_loss': '0.08648', 'epoch': '2.759'}
{'paper_align_label_loss': '0.03068', 'paper_align_reason_loss': '0.1313', 'epoch': '2.764'}
{'paper_align_label_loss': '0.01666', 'paper_align_reason_loss': '0.1101', 'epoch': '2.764'}
{'paper_align_label_loss': '2.589e-05', 'paper_align_reason_loss': '0.04806', 'epoch': '2.764'}
{'paper_align_label_loss': '0.004398', 'paper_align_reason_loss': '0.09306', 'epoch': '2.764'}
{'loss': '0.2601', 'grad_norm': '3.511', 'learning_rate': '1.642e-06', 'epoch': '2.769'}
{'paper_align_label_loss': '0.01143', 'paper_align_reason_loss': '0.1423', 'epoch': '2.769'}
{'paper_align_label_loss': '0.01667', 'paper_align_reason_loss': '0.1507', 'epoch': '2.769'}
{'paper_align_label_loss': '0.01269', 'paper_align_reason_loss': '0.07694', 'epoch': '2.769'}
{'paper_align_label_loss': '0.0006823', 'paper_align_reason_loss': '0.05279', 'epoch': '2.769'}
{'paper_align_label_loss': '0.02916', 'paper_align_reason_loss': '0.1655', 'epoch': '2.774'}
{'paper_align_label_loss': '0.01615', 'paper_align_reason_loss': '0.1153', 'epoch': '2.774'}
{'paper_align_label_loss': '0.02862', 'paper_align_reason_loss': '0.1172', 'epoch': '2.774'}
{'paper_align_label_loss': '0.01161', 'paper_align_reason_loss': '0.07003', 'epoch': '2.774'}
{'paper_align_label_loss': '3.892e-05', 'paper_align_reason_loss': '0.05393', 'epoch': '2.779'}
{'paper_align_label_loss': '0.07642', 'paper_align_reason_loss': '0.0881', 'epoch': '2.779'}
{'paper_align_label_loss': '0.1618', 'paper_align_reason_loss': '0.1252', 'epoch': '2.779'}
{'paper_align_label_loss': '0.02992', 'paper_align_reason_loss': '0.09981', 'epoch': '2.779'}
{'paper_align_label_loss': '0.00657', 'paper_align_reason_loss': '0.04961', 'epoch': '2.783'}
{'paper_align_label_loss': '0.0134', 'paper_align_reason_loss': '0.0838', 'epoch': '2.783'}
{'paper_align_label_loss': '0.01179', 'paper_align_reason_loss': '0.0674', 'epoch': '2.783'}
{'paper_align_label_loss': '0.05701', 'paper_align_reason_loss': '0.1307', 'epoch': '2.783'}
{'paper_align_label_loss': '0.06823', 'paper_align_reason_loss': '0.1434', 'epoch': '2.788'}
{'paper_align_label_loss': '0.0003772', 'paper_align_reason_loss': '0.08827', 'epoch': '2.788'}
{'paper_align_label_loss': '0.07183', 'paper_align_reason_loss': '0.1308', 'epoch': '2.788'}
{'paper_align_label_loss': '0.006992', 'paper_align_reason_loss': '0.1139', 'epoch': '2.788'}
{'paper_align_label_loss': '0.2061', 'paper_align_reason_loss': '0.1125', 'epoch': '2.793'}
{'paper_align_label_loss': '0.02758', 'paper_align_reason_loss': '0.1581', 'epoch': '2.793'}
{'paper_align_label_loss': '0.03746', 'paper_align_reason_loss': '0.06966', 'epoch': '2.793'}
{'paper_align_label_loss': '0.05757', 'paper_align_reason_loss': '0.1175', 'epoch': '2.793'}
{'paper_align_label_loss': '0.05836', 'paper_align_reason_loss': '0.1074', 'epoch': '2.798'}
{'paper_align_label_loss': '0.008726', 'paper_align_reason_loss': '0.07289', 'epoch': '2.798'}
{'paper_align_label_loss': '3.619e-05', 'paper_align_reason_loss': '0.1229', 'epoch': '2.798'}
{'paper_align_label_loss': '0.07266', 'paper_align_reason_loss': '0.07811', 'epoch': '2.798'}
{'paper_align_label_loss': '0.05177', 'paper_align_reason_loss': '0.08762', 'epoch': '2.803'}
{'paper_align_label_loss': '0.2743', 'paper_align_reason_loss': '0.1723', 'epoch': '2.803'}
{'paper_align_label_loss': '0.003552', 'paper_align_reason_loss': '0.1572', 'epoch': '2.803'}
{'paper_align_label_loss': '2.225e-05', 'paper_align_reason_loss': '0.04154', 'epoch': '2.803'}
{'paper_align_label_loss': '0.02108', 'paper_align_reason_loss': '0.1367', 'epoch': '2.808'}
{'paper_align_label_loss': '0.06871', 'paper_align_reason_loss': '0.1005', 'epoch': '2.808'}
{'paper_align_label_loss': '0.009424', 'paper_align_reason_loss': '0.1216', 'epoch': '2.808'}
{'paper_align_label_loss': '0.08275', 'paper_align_reason_loss': '0.08135', 'epoch': '2.808'}
{'paper_align_label_loss': '0.04544', 'paper_align_reason_loss': '0.06373', 'epoch': '2.813'}
{'paper_align_label_loss': '0.02626', 'paper_align_reason_loss': '0.09141', 'epoch': '2.813'}
{'paper_align_label_loss': '0.008128', 'paper_align_reason_loss': '0.08205', 'epoch': '2.813'}
{'paper_align_label_loss': '0.002205', 'paper_align_reason_loss': '0.07774', 'epoch': '2.813'}
{'loss': '0.2906', 'grad_norm': '3.125', 'learning_rate': '1.042e-06', 'epoch': '2.818'}
{'paper_align_label_loss': '0.003081', 'paper_align_reason_loss': '0.08019', 'epoch': '2.818'}
{'paper_align_label_loss': '0.01774', 'paper_align_reason_loss': '0.07643', 'epoch': '2.818'}
{'paper_align_label_loss': '0.2097', 'paper_align_reason_loss': '0.06209', 'epoch': '2.818'}

 94%|█████████▍| 580/618 [23:07<01:29,  2.36s/it]
 94%|█████████▍| 581/618 [23:08<01:30,  2.44s/it]2026-09-22 08:53:53,706 INFO [rev_util_verifiability|paper_align|Qwen3-0.6B] step=581 epoch=2.8224

                                                 

 94%|█████████▍| 581/618 [23:08<01:30,  2.44s/it]2026-09-22 08:53:54,268 INFO [rev_util_verifiability|paper_align|Qwen3-0.6B] step=581 epoch=2.8224

                                                 

 94%|█████████▍| 581/618 [23:08<01:30,  2.44s/it]2026-09-22 08:53:54,838 INFO [rev_util_verifiability|paper_align|Qwen3-0.6B] step=581 epoch=2.8224

                                                 

 94%|█████████▍| 581/618 [23:09<01:30,  2.44s/it]2026-09-22 08:53:55,423 INFO [rev_util_verifiability|paper_align|Qwen3-0.6B] step=581 epoch=2.8224

                                                 

 94%|█████████▍| 581/618 [23:10<01:30,  2.44s/it]
 94%|█████████▍| 582/618 [23:10<01:27,  2.42s/it]2026-09-22 08:53:56,066 INFO [rev_util_verifiability|paper_align|Qwen3-0.6B] step=582 epoch=2.8273

                                                 

 94%|█████████▍| 582/618 [23:10<01:27,  2.42s/it]2026-09-22 08:53:56,627 INFO [rev_util_verifiability|paper_align|Qwen3-0.6B] step=582 epoch=2.8273

                                                 

 94%|█████████▍| 582/618 [23:11<01:27,  2.42s/it]2026-09-22 08:53:57,193 INFO [rev_util_verifiability|paper_align|Qwen3-0.6B] step=582 epoch=2.8273

                                                 

 94%|█████████▍| 582/618 [23:11<01:27,  2.42s/it]2026-09-22 08:53:57,813 INFO [rev_util_verifiability|paper_align|Qwen3-0.6B] step=582 epoch=2.8273

                                                 

 94%|█████████▍| 582/618 [23:12<01:27,  2.42s/it]
 94%|█████████▍| 583/618 [23:12<01:24,  2.40s/it]2026-09-22 08:53:58,420 INFO [rev_util_verifiability|paper_align|Qwen3-0.6B] step=583 epoch=2.8321

                                                 

 94%|█████████▍| 583/618 [23:13<01:24,  2.40s/it]2026-09-22 08:53:58,984 INFO [rev_util_verifiability|paper_align|Qwen3-0.6B] step=583 epoch=2.8321

                                                 

 94%|█████████▍| 583/618 [23:13<01:24,  2.40s/it]2026-09-22 08:53:59,560 INFO [rev_util_verifiability|paper_align|Qwen3-0.6B] step=583 epoch=2.8321

                                                 

 94%|█████████▍| 583/618 [23:14<01:24,  2.40s/it]2026-09-22 08:54:00,127 INFO [rev_util_verifiability|paper_align|Qwen3-0.6B] step=583 epoch=2.8321

                                                 

 94%|█████████▍| 583/618 [23:14<01:24,  2.40s/it]
 94%|█████████▍| 584/618 [23:15<01:20,  2.38s/it]2026-09-22 08:54:00,757 INFO [rev_util_verifiability|paper_align|Qwen3-0.6B] step=584 epoch=2.8370

                                                 

 94%|█████████▍| 584/618 [23:15<01:20,  2.38s/it]2026-09-22 08:54:01,328 INFO [rev_util_verifiability|paper_align|Qwen3-0.6B] step=584 epoch=2.8370

                                                 

 94%|█████████▍| 584/618 [23:16<01:20,  2.38s/it]2026-09-22 08:54:01,908 INFO [rev_util_verifiability|paper_align|Qwen3-0.6B] step=584 epoch=2.8370

                                                 

 94%|█████████▍| 584/618 [23:16<01:20,  2.38s/it]2026-09-22 08:54:02,500 INFO [rev_util_verifiability|paper_align|Qwen3-0.6B] step=584 epoch=2.8370

                                                 

 94%|█████████▍| 584/618 [23:17<01:20,  2.38s/it]
 95%|█████████▍| 585/618 [23:17<01:18,  2.37s/it]2026-09-22 08:54:03,122 INFO [rev_util_verifiability|paper_align|Qwen3-0.6B] step=585 epoch=2.8418

                                                 

 95%|█████████▍| 585/618 [23:17<01:18,  2.37s/it]2026-09-22 08:54:03,692 INFO [rev_util_verifiability|paper_align|Qwen3-0.6B] step=585 epoch=2.8418

                                                 

 95%|█████████▍| 585/618 [23:18<01:18,  2.37s/it]2026-09-22 08:54:04,548 INFO [rev_util_verifiability|paper_align|Qwen3-0.6B] step=585 epoch=2.8418

                                                 

 95%|█████████▍| 585/618 [23:19<01:18,  2.37s/it]2026-09-22 08:54:05,126 INFO [rev_util_verifiability|paper_align|Qwen3-0.6B] step=585 epoch=2.8418

                                                 

 95%|█████████▍| 585/618 [23:19<01:18,  2.37s/it]
 95%|█████████▍| 586/618 [23:20<01:18,  2.45s/it]2026-09-22 08:54:05,745 INFO [rev_util_verifiability|paper_align|Qwen3-0.6B] step=586 epoch=2.8467

                                                 

 95%|█████████▍| 586/618 [23:20<01:18,  2.45s/it]2026-09-22 08:54:06,320 INFO [rev_util_verifiability|paper_align|Qwen3-0.6B] step=586 epoch=2.8467

                                                 

 95%|█████████▍| 586/618 [23:21<01:18,  2.45s/it]2026-09-22 08:54:06,894 INFO [rev_util_verifiability|paper_align|Qwen3-0.6B] step=586 epoch=2.8467

                                                 

 95%|█████████▍| 586/618 [23:21<01:18,  2.45s/it]2026-09-22 08:54:07,480 INFO [rev_util_verifiability|paper_align|Qwen3-0.6B] step=586 epoch=2.8467

                                                 

 95%|█████████▍| 586/618 [23:22<01:18,  2.45s/it]
 95%|█████████▍| 587/618 [23:22<01:15,  2.42s/it]2026-09-22 08:54:08,098 INFO [rev_util_verifiability|paper_align|Qwen3-0.6B] step=587 epoch=2.8516

                                                 

 95%|█████████▍| 587/618 [23:22<01:15,  2.42s/it]2026-09-22 08:54:08,672 INFO [rev_util_verifiability|paper_align|Qwen3-0.6B] step=587 epoch=2.8516

                                                 

 95%|█████████▍| 587/618 [23:23<01:15,  2.42s/it]2026-09-22 08:54:09,247 INFO [rev_util_verifiability|paper_align|Qwen3-0.6B] step=587 epoch=2.8516

                                                 

 95%|█████████▍| 587/618 [23:23<01:15,  2.42s/it]2026-09-22 08:54:09,816 INFO [rev_util_verifiability|paper_align|Qwen3-0.6B] step=587 epoch=2.8516

                                                 

 95%|█████████▍| 587/618 [23:24<01:15,  2.42s/it]
 95%|█████████▌| 588/618 [23:24<01:11,  2.39s/it]2026-09-22 08:54:10,415 INFO [rev_util_verifiability|paper_align|Qwen3-0.6B] step=588 epoch=2.8564

                                                 

 95%|█████████▌| 588/618 [23:25<01:11,  2.39s/it]2026-09-22 08:54:10,980 INFO [rev_util_verifiability|paper_align|Qwen3-0.6B] step=588 epoch=2.8564

                                                 

 95%|█████████▌| 588/618 [23:25<01:11,  2.39s/it]2026-09-22 08:54:11,560 INFO [rev_util_verifiability|paper_align|Qwen3-0.6B] step=588 epoch=2.8564

                                                 

 95%|█████████▌| 588/618 [23:26<01:11,  2.39s/it]2026-09-22 08:54:12,131 INFO [rev_util_verifiability|paper_align|Qwen3-0.6B] step=588 epoch=2.8564

                                                 

 95%|█████████▌| 588/618 [23:26<01:11,  2.39s/it]
 95%|█████████▌| 589/618 [23:27<01:08,  2.37s/it]2026-09-22 08:54:12,739 INFO [rev_util_verifiability|paper_align|Qwen3-0.6B] step=589 epoch=2.8613

                                                 

 95%|█████████▌| 589/618 [23:27<01:08,  2.37s/it]2026-09-22 08:54:13,315 INFO [rev_util_verifiability|paper_align|Qwen3-0.6B] step=589 epoch=2.8613

                                                 

 95%|█████████▌| 589/618 [23:28<01:08,  2.37s/it]2026-09-22 08:54:13,889 INFO [rev_util_verifiability|paper_align|Qwen3-0.6B] step=589 epoch=2.8613

                                                 

 95%|█████████▌| 589/618 [23:28<01:08,  2.37s/it]2026-09-22 08:54:14,455 INFO [rev_util_verifiability|paper_align|Qwen3-0.6B] step=589 epoch=2.8613

                                                 

 95%|█████████▌| 589/618 [23:29<01:08,  2.37s/it]
 95%|█████████▌| 590/618 [23:29<01:06,  2.36s/it]2026-09-22 08:54:14,852 INFO [rev_util_verifiability|paper_align|Qwen3-0.6B] step=590 loss=0.3147 learning_rate=0.0000 epoch=2.8662

                                                 

 95%|█████████▌| 590/618 [23:29<01:06,  2.36s/it]2026-09-22 08:54:15,077 INFO [rev_util_verifiability|paper_align|Qwen3-0.6B] step=590 epoch=2.8662

                                                 

 95%|█████████▌| 590/618 [23:29<01:06,  2.36s/it]2026-09-22 08:54:15,676 INFO [rev_util_verifiability|paper_align|Qwen3-0.6B] step=590 epoch=2.8662

                                                 

 95%|█████████▌| 590/618 [23:30<01:06,  2.36s/it]2026-09-22 08:54:16,588 INFO [rev_util_verifiability|paper_align|Qwen3-0.6B] step=590 epoch=2.8662

                                                 

 95%|█████████▌| 590/618 [23:31<01:06,  2.36s/it]2026-09-22 08:54:17,162 INFO [rev_util_verifiability|paper_align|Qwen3-0.6B] step=590 epoch=2.8662

                                                 

 95%|█████████▌| 590/618 [23:31<01:06,  2.36s/it]
 96%|█████████▌| 591/618 [23:32<01:06,  2.46s/it]2026-09-22 08:54:17,779 INFO [rev_util_verifiability|paper_align|Qwen3-0.6B] step=591 epoch=2.8710

                                                 

 96%|█████████▌| 591/618 [23:32<01:06,  2.46s/it]2026-09-22 08:54:18,355 INFO [rev_util_verifiability|paper_align|Qwen3-0.6B] step=591 epoch=2.8710

                                                 

 96%|█████████▌| 591/618 [23:33<01:06,  2.46s/it]2026-09-22 08:54:18,920 INFO [rev_util_verifiability|paper_align|Qwen3-0.6B] step=591 epoch=2.8710

                                                 

 96%|█████████▌| 591/618 [23:33<01:06,  2.46s/it]2026-09-22 08:54:19,438 INFO [rev_util_verifiability|paper_align|Qwen3-0.6B] step=591 epoch=2.8710

                                                 

 96%|█████████▌| 591/618 [23:34<01:06,  2.46s/it]
 96%|█████████▌| 592/618 [23:34<01:02,  2.41s/it]2026-09-22 08:54:20,066 INFO [rev_util_verifiability|paper_align|Qwen3-0.6B] step=592 epoch=2.8759

                                                 

 96%|█████████▌| 592/618 [23:34<01:02,  2.41s/it]2026-09-22 08:54:20,638 INFO [rev_util_verifiability|paper_align|Qwen3-0.6B] step=592 epoch=2.8759

                                                 

 96%|█████████▌| 592/618 [23:35<01:02,  2.41s/it]2026-09-22 08:54:21,212 INFO [rev_util_verifiability|paper_align|Qwen3-0.6B] step=592 epoch=2.8759

                                                 

 96%|█████████▌| 592/618 [23:35<01:02,  2.41s/it]2026-09-22 08:54:21,776 INFO [rev_util_verifiability|paper_align|Qwen3-0.6B] step=592 epoch=2.8759

                                                 

 96%|█████████▌| 592/618 [23:36<01:02,  2.41s/it]
 96%|█████████▌| 593/618 [23:36<00:59,  2.38s/it]2026-09-22 08:54:22,380 INFO [rev_util_verifiability|paper_align|Qwen3-0.6B] step=593 epoch=2.8808

                                                 

 96%|█████████▌| 593/618 [23:37<00:59,  2.38s/it]2026-09-22 08:54:22,955 INFO [rev_util_verifiability|paper_align|Qwen3-0.6B] step=593 epoch=2.8808

                                                 

 96%|█████████▌| 593/618 [23:37<00:59,  2.38s/it]2026-09-22 08:54:23,510 INFO [rev_util_verifiability|paper_align|Qwen3-0.6B] step=593 epoch=2.8808

                                                 

 96%|█████████▌| 593/618 [23:38<00:59,  2.38s/it]2026-09-22 08:54:24,084 INFO [rev_util_verifiability|paper_align|Qwen3-0.6B] step=593 epoch=2.8808

                                                 

 96%|█████████▌| 593/618 [23:38<00:59,  2.38s/it]
 96%|█████████▌| 594/618 [23:39<00:56,  2.36s/it]2026-09-22 08:54:24,681 INFO [rev_util_verifiability|paper_align|Qwen3-0.6B] step=594 epoch=2.8856

                                                 

 96%|█████████▌| 594/618 [23:39<00:56,  2.36s/it]2026-09-22 08:54:25,241 INFO [rev_util_verifiability|paper_align|Qwen3-0.6B] step=594 epoch=2.8856

                                                 

 96%|█████████▌| 594/618 [23:39<00:56,  2.36s/it]2026-09-22 08:54:25,820 INFO [rev_util_verifiability|paper_align|Qwen3-0.6B] step=594 epoch=2.8856

                                                 

 96%|█████████▌| 594/618 [23:40<00:56,  2.36s/it]2026-09-22 08:54:26,409 INFO [rev_util_verifiability|paper_align|Qwen3-0.6B] step=594 epoch=2.8856

                                                 

 96%|█████████▌| 594/618 [23:41<00:56,  2.36s/it]
 96%|█████████▋| 595/618 [23:41<00:54,  2.36s/it]2026-09-22 08:54:27,031 INFO [rev_util_verifiability|paper_align|Qwen3-0.6B] step=595 epoch=2.8905

                                                 

 96%|█████████▋| 595/618 [23:41<00:54,  2.36s/it]2026-09-22 08:54:27,610 INFO [rev_util_verifiability|paper_align|Qwen3-0.6B] step=595 epoch=2.8905

                                                 

 96%|█████████▋| 595/618 [23:42<00:54,  2.36s/it]2026-09-22 08:54:28,191 INFO [rev_util_verifiability|paper_align|Qwen3-0.6B] step=595 epoch=2.8905

                                                 

 96%|█████████▋| 595/618 [23:42<00:54,  2.36s/it]2026-09-22 08:54:28,776 INFO [rev_util_verifiability|paper_align|Qwen3-0.6B] step=595 epoch=2.8905

                                                 

 96%|█████████▋| 595/618 [23:43<00:54,  2.36s/it]
 96%|█████████▋| 596/618 [23:44<00:53,  2.44s/it]2026-09-22 08:54:29,678 INFO [rev_util_verifiability|paper_align|Qwen3-0.6B] step=596 epoch=2.8954

                                                 

 96%|█████████▋| 596/618 [23:44<00:53,  2.44s/it]2026-09-22 08:54:30,267 INFO [rev_util_verifiability|paper_align|Qwen3-0.6B] step=596 epoch=2.8954

                                                 

 96%|█████████▋| 596/618 [23:44<00:53,  2.44s/it]2026-09-22 08:54:30,856 INFO [rev_util_verifiability|paper_align|Qwen3-0.6B] step=596 epoch=2.8954

                                                 

 96%|█████████▋| 596/618 [23:45<00:53,  2.44s/it]2026-09-22 08:54:31,431 INFO [rev_util_verifiability|paper_align|Qwen3-0.6B] step=596 epoch=2.8954

                                                 

 96%|█████████▋| 596/618 [23:46<00:53,  2.44s/it]
 97%|█████████▋| 597/618 [23:46<00:50,  2.42s/it]2026-09-22 08:54:32,048 INFO [rev_util_verifiability|paper_align|Qwen3-0.6B] step=597 epoch=2.9002

                                                 

 97%|█████████▋| 597/618 [23:46<00:50,  2.42s/it]2026-09-22 08:54:32,639 INFO [rev_util_verifiability|paper_align|Qwen3-0.6B] step=597 epoch=2.9002

                                                 

 97%|█████████▋| 597/618 [23:47<00:50,  2.42s/it]2026-09-22 08:54:33,216 INFO [rev_util_verifiability|paper_align|Qwen3-0.6B] step=597 epoch=2.9002

                                                 

 97%|█████████▋| 597/618 [23:47<00:50,  2.42s/it]2026-09-22 08:54:33,800 INFO [rev_util_verifiability|paper_align|Qwen3-0.6B] step=597 epoch=2.9002

                                                 

 97%|█████████▋| 597/618 [23:48<00:50,  2.42s/it]
 97%|█████████▋| 598/618 [23:48<00:48,  2.41s/it]2026-09-22 08:54:34,427 INFO [rev_util_verifiability|paper_align|Qwen3-0.6B] step=598 epoch=2.9051

                                                 

 97%|█████████▋| 598/618 [23:49<00:48,  2.41s/it]2026-09-22 08:54:34,995 INFO [rev_util_verifiability|paper_align|Qwen3-0.6B] step=598 epoch=2.9051

                                                 

 97%|█████████▋| 598/618 [23:49<00:48,  2.41s/it]2026-09-22 08:54:35,586 INFO [rev_util_verifiability|paper_align|Qwen3-0.6B] step=598 epoch=2.9051

                                                 

 97%|█████████▋| 598/618 [23:50<00:48,  2.41s/it]2026-09-22 08:54:36,175 INFO [rev_util_verifiability|paper_align|Qwen3-0.6B] step=598 epoch=2.9051

                                                 

 97%|█████████▋| 598/618 [23:50<00:48,  2.41s/it]
 97%|█████████▋| 599/618 [23:51<00:45,  2.40s/it]2026-09-22 08:54:36,787 INFO [rev_util_verifiability|paper_align|Qwen3-0.6B] step=599 epoch=2.9100

                                                 

 97%|█████████▋| 599/618 [23:51<00:45,  2.40s/it]2026-09-22 08:54:37,365 INFO [rev_util_verifiability|paper_align|Qwen3-0.6B] step=599 epoch=2.9100

                                                 

 97%|█████████▋| 599/618 [23:52<00:45,  2.40s/it]2026-09-22 08:54:37,950 INFO [rev_util_verifiability|paper_align|Qwen3-0.6B] step=599 epoch=2.9100

                                                 

 97%|█████████▋| 599/618 [23:52<00:45,  2.40s/it]2026-09-22 08:54:38,535 INFO [rev_util_verifiability|paper_align|Qwen3-0.6B] step=599 epoch=2.9100

                                                 

 97%|█████████▋| 599/618 [23:53<00:45,  2.40s/it]
 97%|█████████▋| 600/618 [23:53<00:42,  2.39s/it]2026-09-22 08:54:38,937 INFO [rev_util_verifiability|paper_align|Qwen3-0.6B] step=600 loss=0.2573 learning_rate=0.0000 epoch=2.9148

                                                 

 97%|█████████▋| 600/618 [23:53<00:42,  2.39s/it]2026-09-22 08:54:39,154 INFO [rev_util_verifiability|paper_align|Qwen3-0.6B] step=600 epoch=2.9148

                                                 

 97%|█████████▋| 600/618 [23:53<00:42,  2.39s/it]2026-09-22 08:54:39,733 INFO [rev_util_verifiability|paper_align|Qwen3-0.6B] step=600 epoch=2.9148

                                                 

 97%|█████████▋| 600/618 [23:54<00:42,  2.39s/it]2026-09-22 08:54:40,325 INFO [rev_util_verifiability|paper_align|Qwen3-0.6B] step=600 epoch=2.9148

                                                 

 97%|█████████▋| 600/618 [23:55<00:42,  2.39s/it]2026-09-22 08:54:40,911 INFO [rev_util_verifiability|paper_align|Qwen3-0.6B] step=600 epoch=2.9148

                                                 

 97%|█████████▋| 600/618 [23:55<00:42,  2.39s/it]
 97%|█████████▋| 601/618 [23:56<00:40,  2.38s/it]2026-09-22 08:54:41,526 INFO [rev_util_verifiability|paper_align|Qwen3-0.6B] step=601 epoch=2.9197

                                                 

 97%|█████████▋| 601/618 [23:56<00:40,  2.38s/it]2026-09-22 08:54:42,346 INFO [rev_util_verifiability|paper_align|Qwen3-0.6B] step=601 epoch=2.9197

                                                 

 97%|█████████▋| 601/618 [23:57<00:40,  2.38s/it]2026-09-22 08:54:42,926 INFO [rev_util_verifiability|paper_align|Qwen3-0.6B] step=601 epoch=2.9197

                                                 

 97%|█████████▋| 601/618 [23:57<00:40,  2.38s/it]2026-09-22 08:54:43,497 INFO [rev_util_verifiability|paper_align|Qwen3-0.6B] step=601 epoch=2.9197

                                                 

 97%|█████████▋| 601/618 [23:58<00:40,  2.38s/it]
 97%|█████████▋| 602/618 [23:58<00:39,  2.44s/it]2026-09-22 08:54:44,102 INFO [rev_util_verifiability|paper_align|Qwen3-0.6B] step=602 epoch=2.9246

                                                 
{'paper_align_label_loss': '0.1309', 'paper_align_reason_loss': '0.09371', 'epoch': '2.818'}
{'paper_align_label_loss': '0.147', 'paper_align_reason_loss': '0.06615', 'epoch': '2.822'}
{'paper_align_label_loss': '0.02702', 'paper_align_reason_loss': '0.08783', 'epoch': '2.822'}
{'paper_align_label_loss': '0.01609', 'paper_align_reason_loss': '0.136', 'epoch': '2.822'}
{'paper_align_label_loss': '0.1116', 'paper_align_reason_loss': '0.1347', 'epoch': '2.822'}
{'paper_align_label_loss': '0.004544', 'paper_align_reason_loss': '0.08064', 'epoch': '2.827'}
{'paper_align_label_loss': '0.01771', 'paper_align_reason_loss': '0.07033', 'epoch': '2.827'}
{'paper_align_label_loss': '0.01574', 'paper_align_reason_loss': '0.05747', 'epoch': '2.827'}
{'paper_align_label_loss': '0.0002038', 'paper_align_reason_loss': '0.06575', 'epoch': '2.827'}
{'paper_align_label_loss': '0.004535', 'paper_align_reason_loss': '0.09995', 'epoch': '2.832'}
{'paper_align_label_loss': '0.3357', 'paper_align_reason_loss': '0.1546', 'epoch': '2.832'}
{'paper_align_label_loss': '5.379e-05', 'paper_align_reason_loss': '0.08415', 'epoch': '2.832'}
{'paper_align_label_loss': '0.07822', 'paper_align_reason_loss': '0.0993', 'epoch': '2.832'}
{'paper_align_label_loss': '0.2906', 'paper_align_reason_loss': '0.0983', 'epoch': '2.837'}
{'paper_align_label_loss': '0.1337', 'paper_align_reason_loss': '0.1028', 'epoch': '2.837'}
{'paper_align_label_loss': '0.1221', 'paper_align_reason_loss': '0.06782', 'epoch': '2.837'}
{'paper_align_label_loss': '0.03608', 'paper_align_reason_loss': '0.1258', 'epoch': '2.837'}
{'paper_align_label_loss': '0.1134', 'paper_align_reason_loss': '0.1682', 'epoch': '2.842'}
{'paper_align_label_loss': '0.001696', 'paper_align_reason_loss': '0.06287', 'epoch': '2.842'}
{'paper_align_label_loss': '0.3312', 'paper_align_reason_loss': '0.1425', 'epoch': '2.842'}
{'paper_align_label_loss': '0.04566', 'paper_align_reason_loss': '0.131', 'epoch': '2.842'}
{'paper_align_label_loss': '0.0793', 'paper_align_reason_loss': '0.1036', 'epoch': '2.847'}
{'paper_align_label_loss': '0.001962', 'paper_align_reason_loss': '0.076', 'epoch': '2.847'}
{'paper_align_label_loss': '0.01593', 'paper_align_reason_loss': '0.09951', 'epoch': '2.847'}
{'paper_align_label_loss': '0.02198', 'paper_align_reason_loss': '0.08184', 'epoch': '2.847'}
{'paper_align_label_loss': '0.003693', 'paper_align_reason_loss': '0.1127', 'epoch': '2.852'}
{'paper_align_label_loss': '0.01543', 'paper_align_reason_loss': '0.1474', 'epoch': '2.852'}
{'paper_align_label_loss': '0.02855', 'paper_align_reason_loss': '0.1271', 'epoch': '2.852'}
{'paper_align_label_loss': '0.01832', 'paper_align_reason_loss': '0.1284', 'epoch': '2.852'}
{'paper_align_label_loss': '1.655e-05', 'paper_align_reason_loss': '0.08419', 'epoch': '2.856'}
{'paper_align_label_loss': '8.345e-06', 'paper_align_reason_loss': '0.04305', 'epoch': '2.856'}
{'paper_align_label_loss': '0.007247', 'paper_align_reason_loss': '0.106', 'epoch': '2.856'}
{'paper_align_label_loss': '0.01234', 'paper_align_reason_loss': '0.08469', 'epoch': '2.856'}
{'paper_align_label_loss': '0.000483', 'paper_align_reason_loss': '0.0578', 'epoch': '2.861'}
{'paper_align_label_loss': '0.02462', 'paper_align_reason_loss': '0.05598', 'epoch': '2.861'}
{'paper_align_label_loss': '0.01695', 'paper_align_reason_loss': '0.08171', 'epoch': '2.861'}
{'paper_align_label_loss': '0.01354', 'paper_align_reason_loss': '0.1006', 'epoch': '2.861'}
{'loss': '0.3147', 'grad_norm': '2.759', 'learning_rate': '5.772e-07', 'epoch': '2.866'}
{'paper_align_label_loss': '0.01669', 'paper_align_reason_loss': '0.1085', 'epoch': '2.866'}
{'paper_align_label_loss': '0.02339', 'paper_align_reason_loss': '0.08782', 'epoch': '2.866'}
{'paper_align_label_loss': '0.03145', 'paper_align_reason_loss': '0.1021', 'epoch': '2.866'}
{'paper_align_label_loss': '0.01601', 'paper_align_reason_loss': '0.1779', 'epoch': '2.866'}
{'paper_align_label_loss': '0.07064', 'paper_align_reason_loss': '0.1182', 'epoch': '2.871'}
{'paper_align_label_loss': '0.04097', 'paper_align_reason_loss': '0.08584', 'epoch': '2.871'}
{'paper_align_label_loss': '1.325e-05', 'paper_align_reason_loss': '0.04364', 'epoch': '2.871'}
{'paper_align_label_loss': '0.05518', 'paper_align_reason_loss': '0.09865', 'epoch': '2.871'}
{'paper_align_label_loss': '0.02103', 'paper_align_reason_loss': '0.07283', 'epoch': '2.876'}
{'paper_align_label_loss': '0.009623', 'paper_align_reason_loss': '0.1105', 'epoch': '2.876'}
{'paper_align_label_loss': '0.0005064', 'paper_align_reason_loss': '0.07051', 'epoch': '2.876'}
{'paper_align_label_loss': '0.1643', 'paper_align_reason_loss': '0.09081', 'epoch': '2.876'}
{'paper_align_label_loss': '0.02556', 'paper_align_reason_loss': '0.1061', 'epoch': '2.881'}
{'paper_align_label_loss': '0.03792', 'paper_align_reason_loss': '0.124', 'epoch': '2.881'}
{'paper_align_label_loss': '0.01408', 'paper_align_reason_loss': '0.08944', 'epoch': '2.881'}
{'paper_align_label_loss': '0.07188', 'paper_align_reason_loss': '0.1312', 'epoch': '2.881'}
{'paper_align_label_loss': '0.1783', 'paper_align_reason_loss': '0.09391', 'epoch': '2.886'}
{'paper_align_label_loss': '0.002787', 'paper_align_reason_loss': '0.06944', 'epoch': '2.886'}
{'paper_align_label_loss': '0.01251', 'paper_align_reason_loss': '0.08346', 'epoch': '2.886'}
{'paper_align_label_loss': '0.004507', 'paper_align_reason_loss': '0.09951', 'epoch': '2.886'}
{'paper_align_label_loss': '0.02086', 'paper_align_reason_loss': '0.04536', 'epoch': '2.891'}
{'paper_align_label_loss': '0.1083', 'paper_align_reason_loss': '0.06711', 'epoch': '2.891'}
{'paper_align_label_loss': '0.00296', 'paper_align_reason_loss': '0.04055', 'epoch': '2.891'}
{'paper_align_label_loss': '0.01741', 'paper_align_reason_loss': '0.1202', 'epoch': '2.891'}
{'paper_align_label_loss': '0.08279', 'paper_align_reason_loss': '0.06286', 'epoch': '2.895'}
{'paper_align_label_loss': '0.05042', 'paper_align_reason_loss': '0.1042', 'epoch': '2.895'}
{'paper_align_label_loss': '2.873e-05', 'paper_align_reason_loss': '0.07608', 'epoch': '2.895'}
{'paper_align_label_loss': '0.001492', 'paper_align_reason_loss': '0.03442', 'epoch': '2.895'}
{'paper_align_label_loss': '0.009883', 'paper_align_reason_loss': '0.1079', 'epoch': '2.9'}
{'paper_align_label_loss': '0.1337', 'paper_align_reason_loss': '0.1287', 'epoch': '2.9'}
{'paper_align_label_loss': '0.002134', 'paper_align_reason_loss': '0.1123', 'epoch': '2.9'}
{'paper_align_label_loss': '0.07148', 'paper_align_reason_loss': '0.08574', 'epoch': '2.9'}
{'paper_align_label_loss': '0.009912', 'paper_align_reason_loss': '0.125', 'epoch': '2.905'}
{'paper_align_label_loss': '0.0005701', 'paper_align_reason_loss': '0.07438', 'epoch': '2.905'}
{'paper_align_label_loss': '0.01683', 'paper_align_reason_loss': '0.07025', 'epoch': '2.905'}
{'paper_align_label_loss': '0.02802', 'paper_align_reason_loss': '0.09367', 'epoch': '2.905'}
{'paper_align_label_loss': '0.0001662', 'paper_align_reason_loss': '0.0482', 'epoch': '2.91'}
{'paper_align_label_loss': '0.0003451', 'paper_align_reason_loss': '0.05323', 'epoch': '2.91'}
{'paper_align_label_loss': '0.1127', 'paper_align_reason_loss': '0.1894', 'epoch': '2.91'}
{'paper_align_label_loss': '0.005666', 'paper_align_reason_loss': '0.06816', 'epoch': '2.91'}
{'loss': '0.2573', 'grad_norm': '4.691', 'learning_rate': '2.48e-07', 'epoch': '2.915'}
{'paper_align_label_loss': '0.0444', 'paper_align_reason_loss': '0.07731', 'epoch': '2.915'}
{'paper_align_label_loss': '0.0269', 'paper_align_reason_loss': '0.1194', 'epoch': '2.915'}
{'paper_align_label_loss': '0.05467', 'paper_align_reason_loss': '0.06074', 'epoch': '2.915'}
{'paper_align_label_loss': '0.004855', 'paper_align_reason_loss': '0.1681', 'epoch': '2.915'}
{'paper_align_label_loss': '0.008011', 'paper_align_reason_loss': '0.07053', 'epoch': '2.92'}
{'paper_align_label_loss': '0.1401', 'paper_align_reason_loss': '0.09166', 'epoch': '2.92'}
{'paper_align_label_loss': '0.1086', 'paper_align_reason_loss': '0.105', 'epoch': '2.92'}
{'paper_align_label_loss': '0.000271', 'paper_align_reason_loss': '0.05904', 'epoch': '2.92'}

 97%|█████████▋| 602/618 [23:58<00:39,  2.44s/it]2026-09-22 08:54:44,670 INFO [rev_util_verifiability|paper_align|Qwen3-0.6B] step=602 epoch=2.9246

                                                 

 97%|█████████▋| 602/618 [23:59<00:39,  2.44s/it]2026-09-22 08:54:45,263 INFO [rev_util_verifiability|paper_align|Qwen3-0.6B] step=602 epoch=2.9246

                                                 

 97%|█████████▋| 602/618 [23:59<00:39,  2.44s/it]2026-09-22 08:54:45,843 INFO [rev_util_verifiability|paper_align|Qwen3-0.6B] step=602 epoch=2.9246

                                                 

 97%|█████████▋| 602/618 [24:00<00:39,  2.44s/it]
 98%|█████████▊| 603/618 [24:00<00:36,  2.41s/it]2026-09-22 08:54:46,452 INFO [rev_util_verifiability|paper_align|Qwen3-0.6B] step=603 epoch=2.9294

                                                 

 98%|█████████▊| 603/618 [24:01<00:36,  2.41s/it]2026-09-22 08:54:47,023 INFO [rev_util_verifiability|paper_align|Qwen3-0.6B] step=603 epoch=2.9294

                                                 

 98%|█████████▊| 603/618 [24:01<00:36,  2.41s/it]2026-09-22 08:54:47,591 INFO [rev_util_verifiability|paper_align|Qwen3-0.6B] step=603 epoch=2.9294

                                                 

 98%|█████████▊| 603/618 [24:02<00:36,  2.41s/it]2026-09-22 08:54:48,157 INFO [rev_util_verifiability|paper_align|Qwen3-0.6B] step=603 epoch=2.9294

                                                 

 98%|█████████▊| 603/618 [24:02<00:36,  2.41s/it]
 98%|█████████▊| 604/618 [24:03<00:33,  2.38s/it]2026-09-22 08:54:48,756 INFO [rev_util_verifiability|paper_align|Qwen3-0.6B] step=604 epoch=2.9343

                                                 

 98%|█████████▊| 604/618 [24:03<00:33,  2.38s/it]2026-09-22 08:54:49,308 INFO [rev_util_verifiability|paper_align|Qwen3-0.6B] step=604 epoch=2.9343

                                                 

 98%|█████████▊| 604/618 [24:04<00:33,  2.38s/it]2026-09-22 08:54:49,870 INFO [rev_util_verifiability|paper_align|Qwen3-0.6B] step=604 epoch=2.9343

                                                 

 98%|█████████▊| 604/618 [24:04<00:33,  2.38s/it]2026-09-22 08:54:50,441 INFO [rev_util_verifiability|paper_align|Qwen3-0.6B] step=604 epoch=2.9343

                                                 

 98%|█████████▊| 604/618 [24:05<00:33,  2.38s/it]
 98%|█████████▊| 605/618 [24:05<00:30,  2.35s/it]2026-09-22 08:54:51,046 INFO [rev_util_verifiability|paper_align|Qwen3-0.6B] step=605 epoch=2.9392

                                                 

 98%|█████████▊| 605/618 [24:05<00:30,  2.35s/it]2026-09-22 08:54:51,608 INFO [rev_util_verifiability|paper_align|Qwen3-0.6B] step=605 epoch=2.9392

                                                 

 98%|█████████▊| 605/618 [24:06<00:30,  2.35s/it]2026-09-22 08:54:52,172 INFO [rev_util_verifiability|paper_align|Qwen3-0.6B] step=605 epoch=2.9392

                                                 

 98%|█████████▊| 605/618 [24:06<00:30,  2.35s/it]2026-09-22 08:54:52,756 INFO [rev_util_verifiability|paper_align|Qwen3-0.6B] step=605 epoch=2.9392

                                                 

 98%|█████████▊| 605/618 [24:07<00:30,  2.35s/it]
 98%|█████████▊| 606/618 [24:07<00:28,  2.34s/it]2026-09-22 08:54:53,623 INFO [rev_util_verifiability|paper_align|Qwen3-0.6B] step=606 epoch=2.9440

                                                 

 98%|█████████▊| 606/618 [24:08<00:28,  2.34s/it]2026-09-22 08:54:54,194 INFO [rev_util_verifiability|paper_align|Qwen3-0.6B] step=606 epoch=2.9440

                                                 

 98%|█████████▊| 606/618 [24:08<00:28,  2.34s/it]2026-09-22 08:54:54,764 INFO [rev_util_verifiability|paper_align|Qwen3-0.6B] step=606 epoch=2.9440

                                                 

 98%|█████████▊| 606/618 [24:09<00:28,  2.34s/it]2026-09-22 08:54:55,339 INFO [rev_util_verifiability|paper_align|Qwen3-0.6B] step=606 epoch=2.9440

                                                 

 98%|█████████▊| 606/618 [24:10<00:28,  2.34s/it]
 98%|█████████▊| 607/618 [24:10<00:26,  2.42s/it]2026-09-22 08:54:55,955 INFO [rev_util_verifiability|paper_align|Qwen3-0.6B] step=607 epoch=2.9489

                                                 

 98%|█████████▊| 607/618 [24:10<00:26,  2.42s/it]2026-09-22 08:54:56,527 INFO [rev_util_verifiability|paper_align|Qwen3-0.6B] step=607 epoch=2.9489

                                                 

 98%|█████████▊| 607/618 [24:11<00:26,  2.42s/it]2026-09-22 08:54:57,110 INFO [rev_util_verifiability|paper_align|Qwen3-0.6B] step=607 epoch=2.9489

                                                 

 98%|█████████▊| 607/618 [24:11<00:26,  2.42s/it]2026-09-22 08:54:57,701 INFO [rev_util_verifiability|paper_align|Qwen3-0.6B] step=607 epoch=2.9489

                                                 

 98%|█████████▊| 607/618 [24:12<00:26,  2.42s/it]
 98%|█████████▊| 608/618 [24:12<00:24,  2.42s/it]2026-09-22 08:54:58,401 INFO [rev_util_verifiability|paper_align|Qwen3-0.6B] step=608 epoch=2.9538

                                                 

 98%|█████████▊| 608/618 [24:13<00:24,  2.42s/it]2026-09-22 08:54:58,992 INFO [rev_util_verifiability|paper_align|Qwen3-0.6B] step=608 epoch=2.9538

                                                 

 98%|█████████▊| 608/618 [24:13<00:24,  2.42s/it]2026-09-22 08:54:59,575 INFO [rev_util_verifiability|paper_align|Qwen3-0.6B] step=608 epoch=2.9538

                                                 

 98%|█████████▊| 608/618 [24:14<00:24,  2.42s/it]2026-09-22 08:55:00,172 INFO [rev_util_verifiability|paper_align|Qwen3-0.6B] step=608 epoch=2.9538

                                                 

 98%|█████████▊| 608/618 [24:14<00:24,  2.42s/it]
 99%|█████████▊| 609/618 [24:15<00:21,  2.42s/it]2026-09-22 08:55:00,793 INFO [rev_util_verifiability|paper_align|Qwen3-0.6B] step=609 epoch=2.9586

                                                 

 99%|█████████▊| 609/618 [24:15<00:21,  2.42s/it]2026-09-22 08:55:01,375 INFO [rev_util_verifiability|paper_align|Qwen3-0.6B] step=609 epoch=2.9586

                                                 

 99%|█████████▊| 609/618 [24:16<00:21,  2.42s/it]2026-09-22 08:55:01,941 INFO [rev_util_verifiability|paper_align|Qwen3-0.6B] step=609 epoch=2.9586

                                                 

 99%|█████████▊| 609/618 [24:16<00:21,  2.42s/it]2026-09-22 08:55:02,515 INFO [rev_util_verifiability|paper_align|Qwen3-0.6B] step=609 epoch=2.9586

                                                 

 99%|█████████▊| 609/618 [24:17<00:21,  2.42s/it]
 99%|█████████▊| 610/618 [24:17<00:19,  2.39s/it]2026-09-22 08:55:02,912 INFO [rev_util_verifiability|paper_align|Qwen3-0.6B] step=610 loss=0.2420 learning_rate=0.0000 epoch=2.9635

                                                 

 99%|█████████▊| 610/618 [24:17<00:19,  2.39s/it]2026-09-22 08:55:03,124 INFO [rev_util_verifiability|paper_align|Qwen3-0.6B] step=610 epoch=2.9635

                                                 

 99%|█████████▊| 610/618 [24:17<00:19,  2.39s/it]2026-09-22 08:55:03,691 INFO [rev_util_verifiability|paper_align|Qwen3-0.6B] step=610 epoch=2.9635

                                                 

 99%|█████████▊| 610/618 [24:18<00:19,  2.39s/it]2026-09-22 08:55:04,255 INFO [rev_util_verifiability|paper_align|Qwen3-0.6B] step=610 epoch=2.9635

                                                 

 99%|█████████▊| 610/618 [24:18<00:19,  2.39s/it]2026-09-22 08:55:04,825 INFO [rev_util_verifiability|paper_align|Qwen3-0.6B] step=610 epoch=2.9635

                                                 

 99%|█████████▊| 610/618 [24:19<00:19,  2.39s/it]
 99%|█████████▉| 611/618 [24:19<00:16,  2.37s/it]2026-09-22 08:55:05,444 INFO [rev_util_verifiability|paper_align|Qwen3-0.6B] step=611 epoch=2.9684

                                                 

 99%|█████████▉| 611/618 [24:20<00:16,  2.37s/it]2026-09-22 08:55:06,281 INFO [rev_util_verifiability|paper_align|Qwen3-0.6B] step=611 epoch=2.9684

                                                 

 99%|█████████▉| 611/618 [24:20<00:16,  2.37s/it]2026-09-22 08:55:06,850 INFO [rev_util_verifiability|paper_align|Qwen3-0.6B] step=611 epoch=2.9684

                                                 

 99%|█████████▉| 611/618 [24:21<00:16,  2.37s/it]2026-09-22 08:55:07,452 INFO [rev_util_verifiability|paper_align|Qwen3-0.6B] step=611 epoch=2.9684

                                                 

 99%|█████████▉| 611/618 [24:22<00:16,  2.37s/it]
 99%|█████████▉| 612/618 [24:22<00:14,  2.45s/it]2026-09-22 08:55:08,064 INFO [rev_util_verifiability|paper_align|Qwen3-0.6B] step=612 epoch=2.9732

                                                 

 99%|█████████▉| 612/618 [24:22<00:14,  2.45s/it]2026-09-22 08:55:08,622 INFO [rev_util_verifiability|paper_align|Qwen3-0.6B] step=612 epoch=2.9732

                                                 

 99%|█████████▉| 612/618 [24:23<00:14,  2.45s/it]2026-09-22 08:55:09,182 INFO [rev_util_verifiability|paper_align|Qwen3-0.6B] step=612 epoch=2.9732

                                                 

 99%|█████████▉| 612/618 [24:23<00:14,  2.45s/it]2026-09-22 08:55:09,753 INFO [rev_util_verifiability|paper_align|Qwen3-0.6B] step=612 epoch=2.9732

                                                 

 99%|█████████▉| 612/618 [24:24<00:14,  2.45s/it]
 99%|█████████▉| 613/618 [24:24<00:12,  2.40s/it]2026-09-22 08:55:10,362 INFO [rev_util_verifiability|paper_align|Qwen3-0.6B] step=613 epoch=2.9781

                                                 

 99%|█████████▉| 613/618 [24:25<00:12,  2.40s/it]2026-09-22 08:55:10,921 INFO [rev_util_verifiability|paper_align|Qwen3-0.6B] step=613 epoch=2.9781

                                                 

 99%|█████████▉| 613/618 [24:25<00:12,  2.40s/it]2026-09-22 08:55:11,489 INFO [rev_util_verifiability|paper_align|Qwen3-0.6B] step=613 epoch=2.9781

                                                 

 99%|█████████▉| 613/618 [24:26<00:12,  2.40s/it]2026-09-22 08:55:12,060 INFO [rev_util_verifiability|paper_align|Qwen3-0.6B] step=613 epoch=2.9781

                                                 

 99%|█████████▉| 613/618 [24:26<00:12,  2.40s/it]
 99%|█████████▉| 614/618 [24:27<00:09,  2.37s/it]2026-09-22 08:55:12,675 INFO [rev_util_verifiability|paper_align|Qwen3-0.6B] step=614 epoch=2.9830

                                                 

 99%|█████████▉| 614/618 [24:27<00:09,  2.37s/it]2026-09-22 08:55:13,241 INFO [rev_util_verifiability|paper_align|Qwen3-0.6B] step=614 epoch=2.9830

                                                 

 99%|█████████▉| 614/618 [24:27<00:09,  2.37s/it]2026-09-22 08:55:13,808 INFO [rev_util_verifiability|paper_align|Qwen3-0.6B] step=614 epoch=2.9830

                                                 

 99%|█████████▉| 614/618 [24:28<00:09,  2.37s/it]2026-09-22 08:55:14,378 INFO [rev_util_verifiability|paper_align|Qwen3-0.6B] step=614 epoch=2.9830

                                                 

 99%|█████████▉| 614/618 [24:29<00:09,  2.37s/it]
100%|█████████▉| 615/618 [24:29<00:07,  2.36s/it]2026-09-22 08:55:15,008 INFO [rev_util_verifiability|paper_align|Qwen3-0.6B] step=615 epoch=2.9878

                                                 

100%|█████████▉| 615/618 [24:29<00:07,  2.36s/it]2026-09-22 08:55:15,629 INFO [rev_util_verifiability|paper_align|Qwen3-0.6B] step=615 epoch=2.9878

                                                 

100%|█████████▉| 615/618 [24:30<00:07,  2.36s/it]2026-09-22 08:55:16,207 INFO [rev_util_verifiability|paper_align|Qwen3-0.6B] step=615 epoch=2.9878

                                                 

100%|█████████▉| 615/618 [24:30<00:07,  2.36s/it]2026-09-22 08:55:16,786 INFO [rev_util_verifiability|paper_align|Qwen3-0.6B] step=615 epoch=2.9878

                                                 

100%|█████████▉| 615/618 [24:31<00:07,  2.36s/it]
100%|█████████▉| 616/618 [24:31<00:04,  2.37s/it]2026-09-22 08:55:17,413 INFO [rev_util_verifiability|paper_align|Qwen3-0.6B] step=616 epoch=2.9927

                                                 

100%|█████████▉| 616/618 [24:32<00:04,  2.37s/it]2026-09-22 08:55:18,326 INFO [rev_util_verifiability|paper_align|Qwen3-0.6B] step=616 epoch=2.9927

                                                 

100%|█████████▉| 616/618 [24:33<00:04,  2.37s/it]2026-09-22 08:55:18,911 INFO [rev_util_verifiability|paper_align|Qwen3-0.6B] step=616 epoch=2.9927

                                                 

100%|█████████▉| 616/618 [24:33<00:04,  2.37s/it]2026-09-22 08:55:19,485 INFO [rev_util_verifiability|paper_align|Qwen3-0.6B] step=616 epoch=2.9927

                                                 

100%|█████████▉| 616/618 [24:34<00:04,  2.37s/it]
100%|█████████▉| 617/618 [24:34<00:02,  2.47s/it]2026-09-22 08:55:20,085 INFO [rev_util_verifiability|paper_align|Qwen3-0.6B] step=617 epoch=2.9976

                                                 

100%|█████████▉| 617/618 [24:34<00:02,  2.47s/it]2026-09-22 08:55:20,654 INFO [rev_util_verifiability|paper_align|Qwen3-0.6B] step=617 epoch=2.9976

                                                 

100%|█████████▉| 617/618 [24:35<00:02,  2.47s/it]
100%|██████████| 618/618 [24:35<00:00,  2.08s/it]{'paper_align_label_loss': '0.004984', 'paper_align_reason_loss': '0.06179', 'epoch': '2.925'}
{'paper_align_label_loss': '0.01857', 'paper_align_reason_loss': '0.06398', 'epoch': '2.925'}
{'paper_align_label_loss': '0.09237', 'paper_align_reason_loss': '0.0895', 'epoch': '2.925'}
{'paper_align_label_loss': '9.065e-05', 'paper_align_reason_loss': '0.08089', 'epoch': '2.925'}
{'paper_align_label_loss': '0.01633', 'paper_align_reason_loss': '0.05779', 'epoch': '2.929'}
{'paper_align_label_loss': '0.08013', 'paper_align_reason_loss': '0.1589', 'epoch': '2.929'}
{'paper_align_label_loss': '0.03575', 'paper_align_reason_loss': '0.07308', 'epoch': '2.929'}
{'paper_align_label_loss': '0.008249', 'paper_align_reason_loss': '0.1361', 'epoch': '2.929'}
{'paper_align_label_loss': '0.0009512', 'paper_align_reason_loss': '0.04037', 'epoch': '2.934'}
{'paper_align_label_loss': '0.003797', 'paper_align_reason_loss': '0.06366', 'epoch': '2.934'}
{'paper_align_label_loss': '0.003128', 'paper_align_reason_loss': '0.1159', 'epoch': '2.934'}
{'paper_align_label_loss': '0.001792', 'paper_align_reason_loss': '0.0639', 'epoch': '2.934'}
{'paper_align_label_loss': '0.02807', 'paper_align_reason_loss': '0.06344', 'epoch': '2.939'}
{'paper_align_label_loss': '0.02382', 'paper_align_reason_loss': '0.1174', 'epoch': '2.939'}
{'paper_align_label_loss': '0.04999', 'paper_align_reason_loss': '0.07779', 'epoch': '2.939'}
{'paper_align_label_loss': '0.1495', 'paper_align_reason_loss': '0.1125', 'epoch': '2.939'}
{'paper_align_label_loss': '0.01197', 'paper_align_reason_loss': '0.1341', 'epoch': '2.944'}
{'paper_align_label_loss': '0.06204', 'paper_align_reason_loss': '0.1234', 'epoch': '2.944'}
{'paper_align_label_loss': '2.374e-05', 'paper_align_reason_loss': '0.05528', 'epoch': '2.944'}
{'paper_align_label_loss': '3.031e-05', 'paper_align_reason_loss': '0.05473', 'epoch': '2.944'}
{'paper_align_label_loss': '0.00786', 'paper_align_reason_loss': '0.08211', 'epoch': '2.949'}
{'paper_align_label_loss': '0.01025', 'paper_align_reason_loss': '0.06232', 'epoch': '2.949'}
{'paper_align_label_loss': '0.0002514', 'paper_align_reason_loss': '0.04184', 'epoch': '2.949'}
{'paper_align_label_loss': '0.01575', 'paper_align_reason_loss': '0.1008', 'epoch': '2.949'}
{'paper_align_label_loss': '0.04498', 'paper_align_reason_loss': '0.127', 'epoch': '2.954'}
{'paper_align_label_loss': '0.1009', 'paper_align_reason_loss': '0.09037', 'epoch': '2.954'}
{'paper_align_label_loss': '0.004327', 'paper_align_reason_loss': '0.07944', 'epoch': '2.954'}
{'paper_align_label_loss': '0.08329', 'paper_align_reason_loss': '0.1173', 'epoch': '2.954'}
{'paper_align_label_loss': '0.000512', 'paper_align_reason_loss': '0.07963', 'epoch': '2.959'}
{'paper_align_label_loss': '0.01687', 'paper_align_reason_loss': '0.08585', 'epoch': '2.959'}
{'paper_align_label_loss': '0.05399', 'paper_align_reason_loss': '0.08748', 'epoch': '2.959'}
{'paper_align_label_loss': '0.004137', 'paper_align_reason_loss': '0.06731', 'epoch': '2.959'}
{'loss': '0.242', 'grad_norm': '3.06', 'learning_rate': '5.569e-08', 'epoch': '2.964'}
{'paper_align_label_loss': '0.001481', 'paper_align_reason_loss': '0.0681', 'epoch': '2.964'}
{'paper_align_label_loss': '0.003446', 'paper_align_reason_loss': '0.1211', 'epoch': '2.964'}
{'paper_align_label_loss': '0.001267', 'paper_align_reason_loss': '0.07463', 'epoch': '2.964'}
{'paper_align_label_loss': '0.009609', 'paper_align_reason_loss': '0.1074', 'epoch': '2.964'}
{'paper_align_label_loss': '0.1401', 'paper_align_reason_loss': '0.1024', 'epoch': '2.968'}
{'paper_align_label_loss': '0.1688', 'paper_align_reason_loss': '0.09939', 'epoch': '2.968'}
{'paper_align_label_loss': '0.02148', 'paper_align_reason_loss': '0.1171', 'epoch': '2.968'}
{'paper_align_label_loss': '0.003468', 'paper_align_reason_loss': '0.06513', 'epoch': '2.968'}
{'paper_align_label_loss': '0.04594', 'paper_align_reason_loss': '0.09672', 'epoch': '2.973'}
{'paper_align_label_loss': '0.01212', 'paper_align_reason_loss': '0.02879', 'epoch': '2.973'}
{'paper_align_label_loss': '2.137e-05', 'paper_align_reason_loss': '0.02713', 'epoch': '2.973'}
{'paper_align_label_loss': '0.01602', 'paper_align_reason_loss': '0.05244', 'epoch': '2.973'}
{'paper_align_label_loss': '0.0185', 'paper_align_reason_loss': '0.04413', 'epoch': '2.978'}
{'paper_align_label_loss': '0.06344', 'paper_align_reason_loss': '0.07789', 'epoch': '2.978'}
{'paper_align_label_loss': '0.05553', 'paper_align_reason_loss': '0.07767', 'epoch': '2.978'}
{'paper_align_label_loss': '0.02043', 'paper_align_reason_loss': '0.1117', 'epoch': '2.978'}
{'paper_align_label_loss': '0.05796', 'paper_align_reason_loss': '0.1277', 'epoch': '2.983'}
{'paper_align_label_loss': '0.02135', 'paper_align_reason_loss': '0.137', 'epoch': '2.983'}
{'paper_align_label_loss': '0.05947', 'paper_align_reason_loss': '0.06631', 'epoch': '2.983'}
{'paper_align_label_loss': '0.0004777', 'paper_align_reason_loss': '0.06983', 'epoch': '2.983'}
{'paper_align_label_loss': '0.0002144', 'paper_align_reason_loss': '0.05731', 'epoch': '2.988'}
{'paper_align_label_loss': '0.02133', 'paper_align_reason_loss': '0.06745', 'epoch': '2.988'}
{'paper_align_label_loss': '0.133', 'paper_align_reason_loss': '0.0937', 'epoch': '2.988'}
{'paper_align_label_loss': '0.01161', 'paper_align_reason_loss': '0.102', 'epoch': '2.988'}
{'paper_align_label_loss': '0.01369', 'paper_align_reason_loss': '0.07747', 'epoch': '2.993'}
{'paper_align_label_loss': '0.03232', 'paper_align_reason_loss': '0.1078', 'epoch': '2.993'}
{'paper_align_label_loss': '0.02572', 'paper_align_reason_loss': '0.07866', 'epoch': '2.993'}
{'paper_align_label_loss': '0.0001587', 'paper_align_reason_loss': '0.04743', 'epoch': '2.993'}
{'paper_align_label_loss': '0.03282', 'paper_align_reason_loss': '0.1234', 'epoch': '2.998'}
{'paper_align_label_loss': '0.2056', 'paper_align_reason_loss': '0.12', 'epoch': '2.998'}


  0%|          | 0/46 [00:00<?, ?it/s][A

  4%|▍         | 2/46 [00:00<00:02, 19.51it/s][A

  9%|▊         | 4/46 [00:00<00:03, 12.20it/s][A

 13%|█▎        | 6/46 [00:00<00:03, 10.87it/s][A

 17%|█▋        | 8/46 [00:00<00:03, 10.35it/s][A

 22%|██▏       | 10/46 [00:00<00:03,  9.95it/s][A

 26%|██▌       | 12/46 [00:01<00:03,  9.82it/s][A

 30%|███       | 14/46 [00:01<00:03,  9.75it/s][A

 33%|███▎      | 15/46 [00:01<00:03,  9.72it/s][A

 35%|███▍      | 16/46 [00:01<00:03,  9.70it/s][A

 37%|███▋      | 17/46 [00:01<00:02,  9.70it/s][A

 39%|███▉      | 18/46 [00:01<00:02,  9.67it/s][A

 41%|████▏     | 19/46 [00:01<00:02,  9.64it/s][A

 43%|████▎     | 20/46 [00:01<00:02,  9.64it/s][A

 46%|████▌     | 21/46 [00:02<00:02,  9.65it/s][A

 48%|████▊     | 22/46 [00:02<00:02,  9.64it/s][A

 50%|█████     | 23/46 [00:02<00:02,  9.60it/s][A

 52%|█████▏    | 24/46 [00:02<00:02,  9.66it/s][A

 54%|█████▍    | 25/46 [00:02<00:02,  9.65it/s][A

 57%|█████▋    | 26/46 [00:02<00:02,  9.63it/s][A

 59%|█████▊    | 27/46 [00:02<00:01,  9.61it/s][A

 61%|██████    | 28/46 [00:02<00:01,  9.61it/s][A

 63%|██████▎   | 29/46 [00:02<00:01,  9.60it/s][A

 65%|██████▌   | 30/46 [00:03<00:01,  9.62it/s][A

 67%|██████▋   | 31/46 [00:03<00:01,  9.58it/s][A

 70%|██████▉   | 32/46 [00:03<00:01,  9.61it/s][A

 72%|███████▏  | 33/46 [00:03<00:01,  9.71it/s][A

 76%|███████▌  | 35/46 [00:03<00:00, 11.44it/s][A

 80%|████████  | 37/46 [00:03<00:00, 12.86it/s][A

 85%|████████▍ | 39/46 [00:03<00:00, 13.79it/s][A

 89%|████████▉ | 41/46 [00:03<00:00, 14.40it/s][A

 93%|█████████▎| 43/46 [00:03<00:00, 14.51it/s][A

 98%|█████████▊| 45/46 [00:04<00:00, 14.91it/s][A2026-09-22 08:55:25,353 INFO [rev_util_verifiability|paper_align|Qwen3-0.6B] step=618 eval_loss=0.1070 epoch=3.0000

                                                 

                                               
[A
100%|██████████| 618/618 [24:40<00:00,  2.08s/it]

100%|██████████| 46/46 [00:04<00:00, 14.91it/s][A

                                               [A2026-09-22 08:55:25,502 INFO Starting generation validation on training device cuda:0: samples=182 batch_size=16
2026-09-22 08:55:26,133 INFO Generation validation progress: 16/182
2026-09-22 08:55:26,755 INFO Generation validation progress: 32/182
2026-09-22 08:55:27,366 INFO Generation validation progress: 48/182
2026-09-22 08:55:27,979 INFO Generation validation progress: 64/182
2026-09-22 08:55:28,592 INFO Generation validation progress: 80/182
2026-09-22 08:55:29,263 INFO Generation validation progress: 96/182
2026-09-22 08:55:29,884 INFO Generation validation progress: 112/182
2026-09-22 08:55:30,603 INFO Generation validation progress: 128/182
2026-09-22 08:55:31,297 INFO Generation validation progress: 144/182
2026-09-22 08:55:31,904 INFO Generation validation progress: 160/182
2026-09-22 08:55:32,527 INFO Generation validation progress: 176/182
2026-09-22 08:55:32,947 INFO Generation validation progress: 182/182
2026-09-22 08:55:32,992 INFO Generation val @ epoch=3.0 step=618: acc=0.7363 macro_f1=0.6503 valid=1.0000 (retaining last checkpoint)
2026-09-22 08:55:32,994 INFO [rev_util_verifiability|paper_align|Qwen3-0.6B] step=618 eval_generation_accuracy=0.7363 eval_generation_macro_f1=0.6503 eval_generation_format_valid_rate=1.0000 eval_generation_mae=0.3242 eval_generation_qwk=0.8438 epoch=3.0000

                                                 

100%|██████████| 618/618 [24:47<00:00,  2.08s/it]2026-09-22 08:55:33,343 INFO [rev_util_verifiability|paper_align|Qwen3-0.6B] step=618 epoch=3.0000

                                                 

100%|██████████| 618/618 [24:48<00:00,  2.08s/it]
100%|██████████| 618/618 [24:48<00:00,  2.41s/it]
{'eval_loss': '0.107', 'eval_runtime': '4.295', 'eval_samples_per_second': '42.38', 'eval_steps_per_second': '10.71', 'eval_entropy': '0.04115', 'eval_num_tokens': '0', 'eval_mean_token_accuracy': '0.9674', 'epoch': '3'}
{'eval_generation_accuracy': '0.7363', 'eval_generation_macro_f1': '0.6503', 'eval_generation_format_valid_rate': '1', 'eval_generation_invalid_outputs': 0, 'eval_generation_mae': '0.3242', 'eval_generation_qwk': '0.8438', 'epoch': '3'}
{'train_runtime': '1488', 'train_samples_per_second': '3.312', 'train_steps_per_second': '0.415', 'train_loss': '0.5524', 'epoch': '3'}

  0%|          | 0/46 [00:00<?, ?it/s]
  7%|▋         | 3/46 [00:00<00:01, 23.76it/s]
 13%|█▎        | 6/46 [00:00<00:02, 18.36it/s]
 17%|█▋        | 8/46 [00:00<00:02, 16.82it/s]
 22%|██▏       | 10/46 [00:00<00:02, 16.14it/s]
 26%|██▌       | 12/46 [00:00<00:02, 15.82it/s]
 30%|███       | 14/46 [00:00<00:02, 15.56it/s]
 35%|███▍      | 16/46 [00:00<00:01, 15.55it/s]
 39%|███▉      | 18/46 [00:01<00:01, 15.46it/s]
 43%|████▎     | 20/46 [00:01<00:01, 15.55it/s]
 48%|████▊     | 22/46 [00:01<00:01, 15.56it/s]
 52%|█████▏    | 24/46 [00:01<00:01, 15.58it/s]
 57%|█████▋    | 26/46 [00:01<00:01, 15.24it/s]
 61%|██████    | 28/46 [00:01<00:01, 15.22it/s]
 65%|██████▌   | 30/46 [00:01<00:01, 15.22it/s]
 70%|██████▉   | 32/46 [00:02<00:00, 15.26it/s]
 74%|███████▍  | 34/46 [00:02<00:00, 15.23it/s]
 78%|███████▊  | 36/46 [00:02<00:00, 15.22it/s]
 83%|████████▎ | 38/46 [00:02<00:00, 15.34it/s]
 87%|████████▋ | 40/46 [00:02<00:00, 15.41it/s]
 91%|█████████▏| 42/46 [00:02<00:00, 15.46it/s]
 96%|█████████▌| 44/46 [00:02<00:00, 15.12it/s]
100%|██████████| 46/46 [00:02<00:00, 15.20it/s]2026-09-22 08:55:36,371 INFO [rev_util_verifiability|paper_align|Qwen3-0.6B] step=618 eval_loss=0.1070 epoch=3.0000

100%|██████████| 46/46 [00:02<00:00, 15.62it/s]
2026-09-22 08:55:36,401 INFO Starting generation validation on training device cuda:0: samples=182 batch_size=16
2026-09-22 08:55:37,042 INFO Generation validation progress: 16/182
2026-09-22 08:55:37,666 INFO Generation validation progress: 32/182
2026-09-22 08:55:38,284 INFO Generation validation progress: 48/182
2026-09-22 08:55:38,917 INFO Generation validation progress: 64/182
2026-09-22 08:55:39,541 INFO Generation validation progress: 80/182
2026-09-22 08:55:40,210 INFO Generation validation progress: 96/182
2026-09-22 08:55:40,825 INFO Generation validation progress: 112/182
2026-09-22 08:55:41,542 INFO Generation validation progress: 128/182
2026-09-22 08:55:42,234 INFO Generation validation progress: 144/182
2026-09-22 08:55:42,839 INFO Generation validation progress: 160/182
2026-09-22 08:55:43,469 INFO Generation validation progress: 176/182
2026-09-22 08:55:43,880 INFO Generation validation progress: 182/182
2026-09-22 08:55:43,925 INFO Generation val @ epoch=3.0 step=618: acc=0.7363 macro_f1=0.6503 valid=1.0000 (retaining last checkpoint)
2026-09-22 08:55:43,927 INFO [rev_util_verifiability|paper_align|Qwen3-0.6B] step=618 eval_generation_accuracy=0.7363 eval_generation_macro_f1=0.6503 eval_generation_format_valid_rate=1.0000 eval_generation_mae=0.3242 eval_generation_qwk=0.8438 epoch=3.0000
2026-09-22 08:55:44,214 INFO [rev_util_verifiability|paper_align|Qwen3-0.6B] Completed run rev_util_verifiability#qwen3_0.6b#self_correct_align__seed44__2026-09-22_08-30-38 | final_epoch=3.0 final_acc=0.7362637362637363
2026-09-22 08:55:44,214 INFO [rev_util_verifiability|paper_align|Qwen3-0.6B] Validation metrics: {'samples': 182, 'score_sets': [1, 2, 3, 4, 5], 'accuracy': 0.7362637362637363, 'macro_f1': 0.650289452815226, 'format_valid_rate': 1.0, 'invalid_outputs': 0, 'confusion_matrix': {'1': {'1': 88, '2': 4, '3': 4, '4': 0, '5': 0, 'invalid': 0}, '2': {'1': 5, '2': 9, '3': 10, '4': 1, '5': 0, 'invalid': 0}, '3': {'1': 5, '2': 7, '3': 22, '4': 2, '5': 1, 'invalid': 0}, '4': {'1': 0, '2': 0, '3': 7, '4': 10, '5': 0, 'invalid': 0}, '5': {'1': 0, '2': 0, '3': 0, '4': 2, '5': 5, 'invalid': 0}}, 'per_class': {'1': {'precision': 0.8979591836734694, 'recall': 0.9166666666666666, 'f1': 0.9072164948453607, 'support': 96}, '2': {'precision': 0.45, 'recall': 0.36, 'f1': 0.39999999999999997, 'support': 25}, '3': {'precision': 0.5116279069767442, 'recall': 0.5945945945945946, 'f1': 0.55, 'support': 37}, '4': {'precision': 0.6666666666666666, 'recall': 0.5882352941176471, 'f1': 0.625, 'support': 17}, '5': {'precision': 0.8333333333333334, 'recall': 0.7142857142857143, 'f1': 0.7692307692307692, 'support': 7}}, 'mae': 0.3241758241758242, 'qwk': 0.8438380542785111, 'tokens': {'samples': 182, 'avg_output_tokens': 7.0, 'avg_reasoning_tokens': 0.0, 'total_output_tokens': 1274, 'total_reasoning_tokens': 0}}
