{
    "exp_name": "peerreview_abs_only_qwen3_4b_thinking",
    "model_name": "/data01/public/yangxin/small-paper/model/Qwen3-4B",
    "dataset_file": "/data01/public/yangxin/small-paper/data/peerreview-bench/peerreview-bench_abs_only/prompted_meta_reviewer_abs_only.json",
    "max_model_len": 16384,
    "max_tokens": 2048,
    "temp": 0.0,
    "top_p": 1.0,
    "rollout": 1,
    "batch_size": 1,
    "enable_thinking": true,
    "output_path": "/data01/public/yangxin/small-paper/data/eval_outputs",
    "recompute_from": "",
    "task": "meta_reviewer_eval",
    "results": {
        "cascade_10way": {
            "rollout_reward_dist": [
                {
                    "-0.5": 13,
                    "0.0": 0,
                    "0.25": 0,
                    "0.5": 339,
                    "1.5": 164
                }
            ],
            "rollout_sums": [
                409.0
            ],
            "rollout_means": [
                0.7926356589147286
            ],
            "rollout_stds": [
                0.5078261599655833
            ],
            "rollout_accuracy": [
                0.3178294573643411
            ],
            "rollout_f1": [
                0.07778743855015043
            ],
            "rollout_macro_f1": [
                0.07778743855015043
            ],
            "rollout_weighted_f1": [
                0.21240613665229358
            ],
            "rollout_micro_f1": [
                0.3178294573643411
            ],
            "rollout_ten_class_accuracy": [
                0.3178294573643411
            ],
            "rollout_mse": [
                25.320079522862823
            ],
            "rollout_pearson": [
                0.15325157001527848
            ],
            "rollout_valid_rate": [
                0.9748062015503876
            ],
            "overall_aspect_reward_dist": {
                "-0.5": 13,
                "0.0": 0,
                "0.25": 0,
                "0.5": 339,
                "1.5": 164
            },
            "overall_aspect_reward_mean": 0.7926356589147286,
            "aspect_reward_mean_stds": 0.5078261599655833,
            "accuracy_mean": 0.3178294573643411,
            "accuracy_std": 0.0,
            "f1_mean": 0.07778743855015043,
            "f1_std": 0.0,
            "macro_f1_mean": 0.07778743855015043,
            "macro_f1_std": 0.0,
            "weighted_f1_mean": 0.21240613665229358,
            "weighted_f1_std": 0.0,
            "micro_f1_mean": 0.3178294573643411,
            "micro_f1_std": 0.0,
            "ten_class_accuracy_mean": 0.3178294573643411,
            "ten_class_accuracy_std": 0.0,
            "mse_mean": 25.320079522862823,
            "mse_std": 0.0,
            "pearson_mean": 0.15325157001527848,
            "pearson_std": 0.0,
            "valid_rate_mean": 0.9748062015503876,
            "paper_metrics": {
                "accuracy": "0.3178 \u00b1 0.0000",
                "f1": "0.0778 \u00b1 0.0000",
                "macro_f1": "0.0778 \u00b1 0.0000",
                "weighted_f1": "0.2124 \u00b1 0.0000",
                "micro_f1": "0.3178 \u00b1 0.0000",
                "ten_class_accuracy": "0.3178 \u00b1 0.0000",
                "mse": "25.3201 \u00b1 0.0000",
                "pearson": "0.1533 \u00b1 0.0000"
            },
            "peerreview_task2_metrics": {
                "accuracy": "0.3178 \u00b1 0.0000",
                "f1": "0.0778 \u00b1 0.0000",
                "ten_class_accuracy": "0.3178 \u00b1 0.0000",
                "macro_f1": "0.0778 \u00b1 0.0000"
            }
        },
        "whole_task": {
            "rollout_reward_dist": [
                {
                    "-0.5": 13,
                    "0.0": 0,
                    "0.25": 0,
                    "0.5": 339,
                    "1.5": 164
                }
            ],
            "rollout_sums": [
                409.0
            ],
            "rollout_means": [
                0.7926356589147286
            ],
            "rollout_stds": [
                0.5078261599655833
            ],
            "rollout_accuracy": [
                0.3178294573643411
            ],
            "rollout_f1": [
                0.07778743855015043
            ],
            "rollout_macro_f1": [
                0.07778743855015043
            ],
            "rollout_weighted_f1": [
                0.21240613665229358
            ],
            "rollout_micro_f1": [
                0.3178294573643411
            ],
            "rollout_ten_class_accuracy": [
                0.3178294573643411
            ],
            "rollout_mse": [
                25.320079522862823
            ],
            "rollout_pearson": [
                0.15325157001527848
            ],
            "rollout_valid_rate": [
                0.9748062015503876
            ],
            "overall_task_reward_dist": {
                "-0.5": 13,
                "0.0": 0,
                "0.25": 0,
                "0.5": 339,
                "1.5": 164
            },
            "overall_task_reward_mean": 0.7926356589147286,
            "task_reward_mean_stds": 0.5078261599655833,
            "accuracy_mean": 0.3178294573643411,
            "accuracy_std": 0.0,
            "f1_mean": 0.07778743855015043,
            "f1_std": 0.0,
            "macro_f1_mean": 0.07778743855015043,
            "macro_f1_std": 0.0,
            "weighted_f1_mean": 0.21240613665229358,
            "weighted_f1_std": 0.0,
            "micro_f1_mean": 0.3178294573643411,
            "micro_f1_std": 0.0,
            "ten_class_accuracy_mean": 0.3178294573643411,
            "ten_class_accuracy_std": 0.0,
            "mse_mean": 25.320079522862823,
            "mse_std": 0.0,
            "pearson_mean": 0.15325157001527848,
            "pearson_std": 0.0,
            "valid_rate_mean": 0.9748062015503876,
            "paper_metrics": {
                "accuracy": "0.3178 \u00b1 0.0000",
                "f1": "0.0778 \u00b1 0.0000",
                "macro_f1": "0.0778 \u00b1 0.0000",
                "weighted_f1": "0.2124 \u00b1 0.0000",
                "micro_f1": "0.3178 \u00b1 0.0000",
                "ten_class_accuracy": "0.3178 \u00b1 0.0000",
                "mse": "25.3201 \u00b1 0.0000",
                "pearson": "0.1533 \u00b1 0.0000"
            },
            "peerreview_task2_metrics": {
                "accuracy": "0.3178 \u00b1 0.0000",
                "f1": "0.0778 \u00b1 0.0000",
                "ten_class_accuracy": "0.3178 \u00b1 0.0000",
                "macro_f1": "0.0778 \u00b1 0.0000"
            }
        }
    }
}