
[2026-09-18T09:25:19.590875+00:00] + /root/miniconda3/bin/python scripts/train.py --config configs/training/training-0.6B/rev_util_verifiability/paper_align.yaml --seed 42 --fresh
[transformers] `torch_dtype` is deprecated! Use `dtype` instead!

Loading weights:   0%|          | 0/311 [00:00<?, ?it/s]
Loading weights: 100%|██████████| 311/311 [00:00<00:00, 7546.51it/s]
[transformers] warmup_ratio is deprecated and will be removed in v5.2. Use `warmup_steps` instead.
[transformers] `logging_dir` is deprecated and will be removed in v5.2. Please set `TENSORBOARD_LOGGING_DIR` instead.
2026-09-18 17:25:30,634 INFO [rev_util_verifiability|paper_align|Qwen3-0.6B] Starting fresh run rev_util_verifiability#qwen3_0.6b#paper_align__seed42__2026-09-18_17-25-25 seed=42 train=1643 val=182 scores=[1, 2, 3, 4, 5] method=paper_align
2026-09-18 17:25:30,634 INFO [rev_util_verifiability|paper_align|Qwen3-0.6B] Trainable parameters=10092544 (1.6650%); save_strategy=epoch; retaining final checkpoint only
[transformers] The tokenizer has new PAD/BOS/EOS tokens that differ from the model config and generation config. The model config and generation config were aligned accordingly, being updated with the tokenizer's values. Updated tokens: {'bos_token_id': None, 'pad_token_id': 151643}.

  0%|          | 0/618 [00:00<?, ?it/s]2026-09-18 17:25:31,436 INFO [rev_util_verifiability|paper_align|Qwen3-0.6B] step=0 epoch=0

                                       

  0%|          | 0/618 [00:00<?, ?it/s]2026-09-18 17:25:31,977 INFO [rev_util_verifiability|paper_align|Qwen3-0.6B] step=0 epoch=0

                                       

  0%|          | 0/618 [00:01<?, ?it/s]
  0%|          | 1/618 [00:01<14:50,  1.44s/it]2026-09-18 17:25:32,524 INFO [rev_util_verifiability|paper_align|Qwen3-0.6B] step=1 epoch=0.0049

                                               

  0%|          | 1/618 [00:01<14:50,  1.44s/it]2026-09-18 17:25:32,957 INFO [rev_util_verifiability|paper_align|Qwen3-0.6B] step=1 epoch=0.0049

                                               

  0%|          | 1/618 [00:02<14:50,  1.44s/it]
  0%|          | 2/618 [00:02<11:15,  1.10s/it]2026-09-18 17:25:33,372 INFO [rev_util_verifiability|paper_align|Qwen3-0.6B] step=2 epoch=0.0097

                                               

  0%|          | 2/618 [00:02<11:15,  1.10s/it]2026-09-18 17:25:33,797 INFO [rev_util_verifiability|paper_align|Qwen3-0.6B] step=2 epoch=0.0097

                                               

  0%|          | 2/618 [00:02<11:15,  1.10s/it]
  0%|          | 3/618 [00:03<10:08,  1.01it/s]2026-09-18 17:25:34,233 INFO [rev_util_verifiability|paper_align|Qwen3-0.6B] step=3 epoch=0.0146

                                               

  0%|          | 3/618 [00:03<10:08,  1.01it/s]2026-09-18 17:25:34,611 INFO [rev_util_verifiability|paper_align|Qwen3-0.6B] step=3 epoch=0.0146

                                               

  0%|          | 3/618 [00:03<10:08,  1.01it/s]
  1%|          | 4/618 [00:03<09:10,  1.12it/s]2026-09-18 17:25:34,995 INFO [rev_util_verifiability|paper_align|Qwen3-0.6B] step=4 epoch=0.0195

                                               

  1%|          | 4/618 [00:04<09:10,  1.12it/s]2026-09-18 17:25:35,435 INFO [rev_util_verifiability|paper_align|Qwen3-0.6B] step=4 epoch=0.0195

                                               

  1%|          | 4/618 [00:04<09:10,  1.12it/s]
  1%|          | 5/618 [00:04<09:09,  1.12it/s]2026-09-18 17:25:35,883 INFO [rev_util_verifiability|paper_align|Qwen3-0.6B] step=5 epoch=0.0243

                                               

  1%|          | 5/618 [00:04<09:09,  1.12it/s]2026-09-18 17:25:36,294 INFO [rev_util_verifiability|paper_align|Qwen3-0.6B] step=5 epoch=0.0243

                                               

  1%|          | 5/618 [00:05<09:09,  1.12it/s]
  1%|          | 6/618 [00:05<08:53,  1.15it/s]2026-09-18 17:25:36,704 INFO [rev_util_verifiability|paper_align|Qwen3-0.6B] step=6 epoch=0.0292

                                               

  1%|          | 6/618 [00:05<08:53,  1.15it/s]2026-09-18 17:25:37,088 INFO [rev_util_verifiability|paper_align|Qwen3-0.6B] step=6 epoch=0.0292

                                               

  1%|          | 6/618 [00:06<08:53,  1.15it/s]
  1%|          | 7/618 [00:06<08:35,  1.18it/s]2026-09-18 17:25:37,495 INFO [rev_util_verifiability|paper_align|Qwen3-0.6B] step=7 epoch=0.0341

                                               

  1%|          | 7/618 [00:06<08:35,  1.18it/s]2026-09-18 17:25:37,912 INFO [rev_util_verifiability|paper_align|Qwen3-0.6B] step=7 epoch=0.0341

                                               

  1%|          | 7/618 [00:06<08:35,  1.18it/s]
  1%|▏         | 8/618 [00:07<08:50,  1.15it/s]2026-09-18 17:25:38,430 INFO [rev_util_verifiability|paper_align|Qwen3-0.6B] step=8 epoch=0.0389

                                               

  1%|▏         | 8/618 [00:07<08:50,  1.15it/s]2026-09-18 17:25:38,860 INFO [rev_util_verifiability|paper_align|Qwen3-0.6B] step=8 epoch=0.0389

                                               

  1%|▏         | 8/618 [00:07<08:50,  1.15it/s]
  1%|▏         | 9/618 [00:08<08:45,  1.16it/s]2026-09-18 17:25:39,267 INFO [rev_util_verifiability|paper_align|Qwen3-0.6B] step=9 epoch=0.0438

                                               

  1%|▏         | 9/618 [00:08<08:45,  1.16it/s]2026-09-18 17:25:39,875 INFO [rev_util_verifiability|paper_align|Qwen3-0.6B] step=9 epoch=0.0438

                                               

  1%|▏         | 9/618 [00:08<08:45,  1.16it/s]
  2%|▏         | 10/618 [00:09<09:15,  1.09it/s]2026-09-18 17:25:40,162 INFO [rev_util_verifiability|paper_align|Qwen3-0.6B] step=10 loss=2.1759 learning_rate=0.0000 epoch=0.0487

                                                

  2%|▏         | 10/618 [00:09<09:15,  1.09it/s]2026-09-18 17:25:40,294 INFO [rev_util_verifiability|paper_align|Qwen3-0.6B] step=10 epoch=0.0487

                                                

  2%|▏         | 10/618 [00:09<09:15,  1.09it/s]2026-09-18 17:25:40,684 INFO [rev_util_verifiability|paper_align|Qwen3-0.6B] step=10 epoch=0.0487

                                                

  2%|▏         | 10/618 [00:09<09:15,  1.09it/s]
  2%|▏         | 11/618 [00:10<08:55,  1.13it/s]2026-09-18 17:25:41,108 INFO [rev_util_verifiability|paper_align|Qwen3-0.6B] step=11 epoch=0.0535

                                                

  2%|▏         | 11/618 [00:10<08:55,  1.13it/s]2026-09-18 17:25:41,541 INFO [rev_util_verifiability|paper_align|Qwen3-0.6B] step=11 epoch=0.0535

                                                

  2%|▏         | 11/618 [00:10<08:55,  1.13it/s]
  2%|▏         | 12/618 [00:10<08:56,  1.13it/s]2026-09-18 17:25:42,016 INFO [rev_util_verifiability|paper_align|Qwen3-0.6B] step=12 epoch=0.0584

                                                

  2%|▏         | 12/618 [00:11<08:56,  1.13it/s]2026-09-18 17:25:42,485 INFO [rev_util_verifiability|paper_align|Qwen3-0.6B] step=12 epoch=0.0584

                                                

  2%|▏         | 12/618 [00:11<08:56,  1.13it/s]
  2%|▏         | 13/618 [00:11<09:06,  1.11it/s]2026-09-18 17:25:42,926 INFO [rev_util_verifiability|paper_align|Qwen3-0.6B] step=13 epoch=0.0633

                                                

  2%|▏         | 13/618 [00:11<09:06,  1.11it/s]2026-09-18 17:25:43,307 INFO [rev_util_verifiability|paper_align|Qwen3-0.6B] step=13 epoch=0.0633

                                                

  2%|▏         | 13/618 [00:12<09:06,  1.11it/s]
  2%|▏         | 14/618 [00:12<08:55,  1.13it/s]2026-09-18 17:25:43,807 INFO [rev_util_verifiability|paper_align|Qwen3-0.6B] step=14 epoch=0.0681

                                                

  2%|▏         | 14/618 [00:12<08:55,  1.13it/s]2026-09-18 17:25:44,287 INFO [rev_util_verifiability|paper_align|Qwen3-0.6B] step=14 epoch=0.0681

                                                

  2%|▏         | 14/618 [00:13<08:55,  1.13it/s]
  2%|▏         | 15/618 [00:13<09:08,  1.10it/s]2026-09-18 17:25:44,771 INFO [rev_util_verifiability|paper_align|Qwen3-0.6B] step=15 epoch=0.0730

                                                

  2%|▏         | 15/618 [00:13<09:08,  1.10it/s]2026-09-18 17:25:45,238 INFO [rev_util_verifiability|paper_align|Qwen3-0.6B] step=15 epoch=0.0730

                                                

  2%|▏         | 15/618 [00:14<09:08,  1.10it/s]
  3%|▎         | 16/618 [00:14<09:07,  1.10it/s]2026-09-18 17:25:45,640 INFO [rev_util_verifiability|paper_align|Qwen3-0.6B] step=16 epoch=0.0779

                                                

  3%|▎         | 16/618 [00:14<09:07,  1.10it/s]2026-09-18 17:25:46,013 INFO [rev_util_verifiability|paper_align|Qwen3-0.6B] step=16 epoch=0.0779

                                                

  3%|▎         | 16/618 [00:15<09:07,  1.10it/s]
  3%|▎         | 17/618 [00:15<08:52,  1.13it/s]2026-09-18 17:25:46,493 INFO [rev_util_verifiability|paper_align|Qwen3-0.6B] step=17 epoch=0.0827

                                                

  3%|▎         | 17/618 [00:15<08:52,  1.13it/s]2026-09-18 17:25:46,903 INFO [rev_util_verifiability|paper_align|Qwen3-0.6B] step=17 epoch=0.0827

                                                

  3%|▎         | 17/618 [00:15<08:52,  1.13it/s]
  3%|▎         | 18/618 [00:16<08:45,  1.14it/s]2026-09-18 17:25:47,347 INFO [rev_util_verifiability|paper_align|Qwen3-0.6B] step=18 epoch=0.0876

                                                

  3%|▎         | 18/618 [00:16<08:45,  1.14it/s]2026-09-18 17:25:47,773 INFO [rev_util_verifiability|paper_align|Qwen3-0.6B] step=18 epoch=0.0876

                                                

  3%|▎         | 18/618 [00:16<08:45,  1.14it/s]
  3%|▎         | 19/618 [00:17<08:52,  1.13it/s]2026-09-18 17:25:48,512 INFO [rev_util_verifiability|paper_align|Qwen3-0.6B] step=19 epoch=0.0925

                                                

  3%|▎         | 19/618 [00:17<08:52,  1.13it/s]2026-09-18 17:25:48,964 INFO [rev_util_verifiability|paper_align|Qwen3-0.6B] step=19 epoch=0.0925

                                                

  3%|▎         | 19/618 [00:18<08:52,  1.13it/s]
  3%|▎         | 20/618 [00:18<09:39,  1.03it/s]2026-09-18 17:25:49,290 INFO [rev_util_verifiability|paper_align|Qwen3-0.6B] step=20 loss=1.5720 learning_rate=0.0001 epoch=0.0973

                                                

  3%|▎         | 20/618 [00:18<09:39,  1.03it/s]2026-09-18 17:25:49,430 INFO [rev_util_verifiability|paper_align|Qwen3-0.6B] step=20 epoch=0.0973

                                                

  3%|▎         | 20/618 [00:18<09:39,  1.03it/s]2026-09-18 17:25:49,893 INFO [rev_util_verifiability|paper_align|Qwen3-0.6B] step=20 epoch=0.0973

                                                

  3%|▎         | 20/618 [00:18<09:39,  1.03it/s]
  3%|▎         | 21/618 [00:19<09:40,  1.03it/s]2026-09-18 17:25:50,440 INFO [rev_util_verifiability|paper_align|Qwen3-0.6B] step=21 epoch=0.1022

                                                

  3%|▎         | 21/618 [00:19<09:40,  1.03it/s]2026-09-18 17:25:50,942 INFO [rev_util_verifiability|paper_align|Qwen3-0.6B] step=21 epoch=0.1022

                                                

  3%|▎         | 21/618 [00:20<09:40,  1.03it/s]
  4%|▎         | 22/618 [00:20<09:44,  1.02it/s]2026-09-18 17:25:51,425 INFO [rev_util_verifiability|paper_align|Qwen3-0.6B] step=22 epoch=0.1071

                                                

  4%|▎         | 22/618 [00:20<09:44,  1.02it/s]2026-09-18 17:25:51,906 INFO [rev_util_verifiability|paper_align|Qwen3-0.6B] step=22 epoch=0.1071

                                                

  4%|▎         | 22/618 [00:20<09:44,  1.02it/s]
  4%|▎         | 23/618 [00:21<09:37,  1.03it/s]2026-09-18 17:25:52,368 INFO [rev_util_verifiability|paper_align|Qwen3-0.6B] step=23 epoch=0.1119

                                                

  4%|▎         | 23/618 [00:21<09:37,  1.03it/s]2026-09-18 17:25:52,818 INFO [rev_util_verifiability|paper_align|Qwen3-0.6B] step=23 epoch=0.1119

                                                

  4%|▎         | 23/618 [00:21<09:37,  1.03it/s]
  4%|▍         | 24/618 [00:22<09:30,  1.04it/s]2026-09-18 17:25:53,330 INFO [rev_util_verifiability|paper_align|Qwen3-0.6B] step=24 epoch=0.1168

                                                

  4%|▍         | 24/618 [00:22<09:30,  1.04it/s]2026-09-18 17:25:53,744 INFO [rev_util_verifiability|paper_align|Qwen3-0.6B] step=24 epoch=0.1168

                                                

  4%|▍         | 24/618 [00:22<09:30,  1.04it/s]
  4%|▍         | 25/618 [00:23<09:20,  1.06it/s]2026-09-18 17:25:54,203 INFO [rev_util_verifiability|paper_align|Qwen3-0.6B] step=25 epoch=0.1217

                                                

  4%|▍         | 25/618 [00:23<09:20,  1.06it/s]2026-09-18 17:25:54,647 INFO [rev_util_verifiability|paper_align|Qwen3-0.6B] step=25 epoch=0.1217

                                                

  4%|▍         | 25/618 [00:23<09:20,  1.06it/s]
  4%|▍         | 26/618 [00:24<09:12,  1.07it/s]2026-09-18 17:25:55,094 INFO [rev_util_verifiability|paper_align|Qwen3-0.6B] step=26 epoch=0.1265

                                                

  4%|▍         | 26/618 [00:24<09:12,  1.07it/s]2026-09-18 17:25:55,479 INFO [rev_util_verifiability|paper_align|Qwen3-0.6B] step=26 epoch=0.1265

                                                

  4%|▍         | 26/618 [00:24<09:12,  1.07it/s]
  4%|▍         | 27/618 [00:24<08:47,  1.12it/s]2026-09-18 17:25:56,118 INFO [rev_util_verifiability|paper_align|Qwen3-0.6B] step=27 epoch=0.1314

                                                

  4%|▍         | 27/618 [00:25<08:47,  1.12it/s]2026-09-18 17:25:56,759 INFO [rev_util_verifiability|paper_align|Qwen3-0.6B] step=27 epoch=0.1314

                                                

  4%|▍         | 27/618 [00:25<08:47,  1.12it/s]
  5%|▍         | 28/618 [00:26<09:59,  1.02s/it]2026-09-18 17:25:57,226 INFO [rev_util_verifiability|paper_align|Qwen3-0.6B] step=28 epoch=0.1363

                                                

  5%|▍         | 28/618 [00:26<09:59,  1.02s/it]2026-09-18 17:25:57,699 INFO [rev_util_verifiability|paper_align|Qwen3-0.6B] step=28 epoch=0.1363

                                                

  5%|▍         | 28/618 [00:26<09:59,  1.02s/it]
  5%|▍         | 29/618 [00:27<09:47,  1.00it/s]2026-09-18 17:25:58,168 INFO [rev_util_verifiability|paper_align|Qwen3-0.6B] step=29 epoch=0.1411

                                                

  5%|▍         | 29/618 [00:27<09:47,  1.00it/s]2026-09-18 17:25:58,849 INFO [rev_util_verifiability|paper_align|Qwen3-0.6B] step=29 epoch=0.1411

                                                

  5%|▍         | 29/618 [00:27<09:47,  1.00it/s]
  5%|▍         | 30/618 [00:28<10:13,  1.04s/it]2026-09-18 17:25:59,177 INFO [rev_util_verifiability|paper_align|Qwen3-0.6B] step=30 loss=1.3214 learning_rate=0.0001 epoch=0.1460

                                                

  5%|▍         | 30/618 [00:28<10:13,  1.04s/it]2026-09-18 17:25:59,325 INFO [rev_util_verifiability|paper_align|Qwen3-0.6B] step=30 epoch=0.1460

                                                

  5%|▍         | 30/618 [00:28<10:13,  1.04s/it]2026-09-18 17:25:59,765 INFO [rev_util_verifiability|paper_align|Qwen3-0.6B] step=30 epoch=0.1460

                                                

  5%|▍         | 30/618 [00:28<10:13,  1.04s/it]
  5%|▌         | 31/618 [00:29<09:47,  1.00s/it]2026-09-18 17:26:00,210 INFO [rev_util_verifiability|paper_align|Qwen3-0.6B] step=31 epoch=0.1509

                                                

  5%|▌         | 31/618 [00:29<09:47,  1.00s/it]2026-09-18 17:26:00,613 INFO [rev_util_verifiability|paper_align|Qwen3-0.6B] step=31 epoch=0.1509

                                                

  5%|▌         | 31/618 [00:29<09:47,  1.00s/it]
  5%|▌         | 32/618 [00:29<09:15,  1.05it/s]2026-09-18 17:26:01,074 INFO [rev_util_verifiability|paper_align|Qwen3-0.6B] step=32 epoch=0.1557

                                                

  5%|▌         | 32/618 [00:30<09:15,  1.05it/s]2026-09-18 17:26:01,623 INFO [rev_util_verifiability|paper_align|Qwen3-0.6B] step=32 epoch=0.1557

                                                

  5%|▌         | 32/618 [00:30<09:15,  1.05it/s]
  5%|▌         | 33/618 [00:31<09:43,  1.00it/s]2026-09-18 17:26:02,159 INFO [rev_util_verifiability|paper_align|Qwen3-0.6B] step=33 epoch=0.1606

                                                

  5%|▌         | 33/618 [00:31<09:43,  1.00it/s]2026-09-18 17:26:02,610 INFO [rev_util_verifiability|paper_align|Qwen3-0.6B] step=33 epoch=0.1606

                                                

  5%|▌         | 33/618 [00:31<09:43,  1.00it/s]
  6%|▌         | 34/618 [00:32<09:29,  1.02it/s]2026-09-18 17:26:03,081 INFO [rev_util_verifiability|paper_align|Qwen3-0.6B] step=34 epoch=0.1655

                                                

  6%|▌         | 34/618 [00:32<09:29,  1.02it/s]2026-09-18 17:26:03,533 INFO [rev_util_verifiability|paper_align|Qwen3-0.6B] step=34 epoch=0.1655

                                                

  6%|▌         | 34/618 [00:32<09:29,  1.02it/s]
  6%|▌         | 35/618 [00:32<09:24,  1.03it/s]2026-09-18 17:26:04,032 INFO [rev_util_verifiability|paper_align|Qwen3-0.6B] step=35 epoch=0.1703

                                                

  6%|▌         | 35/618 [00:33<09:24,  1.03it/s]2026-09-18 17:26:04,470 INFO [rev_util_verifiability|paper_align|Qwen3-0.6B] step=35 epoch=0.1703

                                                

  6%|▌         | 35/618 [00:33<09:24,  1.03it/s]
  6%|▌         | 36/618 [00:33<09:12,  1.05it/s]2026-09-18 17:26:04,927 INFO [rev_util_verifiability|paper_align|Qwen3-0.6B] step=36 epoch=0.1752

                                                

  6%|▌         | 36/618 [00:33<09:12,  1.05it/s]2026-09-18 17:26:05,332 INFO [rev_util_verifiability|paper_align|Qwen3-0.6B] step=36 epoch=0.1752

                                                

  6%|▌         | 36/618 [00:34<09:12,  1.05it/s]
  6%|▌         | 37/618 [00:34<08:53,  1.09it/s]2026-09-18 17:26:05,795 INFO [rev_util_verifiability|paper_align|Qwen3-0.6B] step=37 epoch=0.1800

                                                

  6%|▌         | 37/618 [00:34<08:53,  1.09it/s]2026-09-18 17:26:06,256 INFO [rev_util_verifiability|paper_align|Qwen3-0.6B] step=37 epoch=0.1800

                                                

  6%|▌         | 37/618 [00:35<08:53,  1.09it/s]
  6%|▌         | 38/618 [00:35<08:49,  1.10it/s]2026-09-18 17:26:06,690 INFO [rev_util_verifiability|paper_align|Qwen3-0.6B] step=38 epoch=0.1849

                                                

  6%|▌         | 38/618 [00:35<08:49,  1.10it/s]2026-09-18 17:26:07,162 INFO [rev_util_verifiability|paper_align|Qwen3-0.6B] step=38 epoch=0.1849

                                                

  6%|▌         | 38/618 [00:36<08:49,  1.10it/s]
  6%|▋         | 39/618 [00:36<09:03,  1.07it/s]2026-09-18 17:26:07,679 INFO [rev_util_verifiability|paper_align|Qwen3-0.6B] step=39 epoch=0.1898

                                                

  6%|▋         | 39/618 [00:36<09:03,  1.07it/s]2026-09-18 17:26:08,374 INFO [rev_util_verifiability|paper_align|Qwen3-0.6B] step=39 epoch=0.1898

                                                

  6%|▋         | 39/618 [00:37<09:03,  1.07it/s]
  6%|▋         | 40/618 [00:37<09:40,  1.00s/it]2026-09-18 17:26:08,701 INFO [rev_util_verifiability|paper_align|Qwen3-0.6B] step=40 loss=1.2946 learning_rate=0.0001 epoch=0.1946

                                                

  6%|▋         | 40/618 [00:37<09:40,  1.00s/it]2026-09-18 17:26:08,853 INFO [rev_util_verifiability|paper_align|Qwen3-0.6B] step=40 epoch=0.1946

                                                

  6%|▋         | 40/618 [00:37<09:40,  1.00s/it]2026-09-18 17:26:09,308 INFO [rev_util_verifiability|paper_align|Qwen3-0.6B] step=40 epoch=0.1946

                                                

  6%|▋         | 40/618 [00:38<09:40,  1.00s/it]
  7%|▋         | 41/618 [00:38<09:27,  1.02it/s]2026-09-18 17:26:09,776 INFO [rev_util_verifiability|paper_align|Qwen3-0.6B] step=41 epoch=0.1995

                                                

  7%|▋         | 41/618 [00:38<09:27,  1.02it/s]2026-09-18 17:26:10,219 INFO [rev_util_verifiability|paper_align|Qwen3-0.6B] step=41 epoch=0.1995

                                                

  7%|▋         | 41/618 [00:39<09:27,  1.02it/s]
  7%|▋         | 42/618 [00:39<09:15,  1.04it/s]2026-09-18 17:26:10,679 INFO [rev_util_verifiability|paper_align|Qwen3-0.6B] step=42 epoch=0.2044

                                                
{'paper_align_label_loss': '0.4751', 'paper_align_reason_loss': '1.892', 'epoch': 0}
{'paper_align_label_loss': '0.5706', 'paper_align_reason_loss': '1.953', 'epoch': 0}
{'paper_align_label_loss': '0.3724', 'paper_align_reason_loss': '2.038', 'epoch': '0.004866'}
{'paper_align_label_loss': '0.6827', 'paper_align_reason_loss': '1.894', 'epoch': '0.004866'}
{'paper_align_label_loss': '0.2871', 'paper_align_reason_loss': '1.765', 'epoch': '0.009732'}
{'paper_align_label_loss': '0.6908', 'paper_align_reason_loss': '1.658', 'epoch': '0.009732'}
{'paper_align_label_loss': '0.7025', 'paper_align_reason_loss': '2.066', 'epoch': '0.0146'}
{'paper_align_label_loss': '0.8304', 'paper_align_reason_loss': '1.596', 'epoch': '0.0146'}
{'paper_align_label_loss': '0.5067', 'paper_align_reason_loss': '1.759', 'epoch': '0.01946'}
{'paper_align_label_loss': '0.2903', 'paper_align_reason_loss': '1.982', 'epoch': '0.01946'}
{'paper_align_label_loss': '0.188', 'paper_align_reason_loss': '1.92', 'epoch': '0.02433'}
{'paper_align_label_loss': '0.2308', 'paper_align_reason_loss': '1.69', 'epoch': '0.02433'}
{'paper_align_label_loss': '0.1671', 'paper_align_reason_loss': '1.597', 'epoch': '0.0292'}
{'paper_align_label_loss': '0.199', 'paper_align_reason_loss': '1.474', 'epoch': '0.0292'}
{'paper_align_label_loss': '0.1999', 'paper_align_reason_loss': '1.742', 'epoch': '0.03406'}
{'paper_align_label_loss': '0.3701', 'paper_align_reason_loss': '1.679', 'epoch': '0.03406'}
{'paper_align_label_loss': '0.2652', 'paper_align_reason_loss': '1.837', 'epoch': '0.03893'}
{'paper_align_label_loss': '0.288', 'paper_align_reason_loss': '1.519', 'epoch': '0.03893'}
{'paper_align_label_loss': '0.2682', 'paper_align_reason_loss': '1.753', 'epoch': '0.0438'}
{'paper_align_label_loss': '0.2992', 'paper_align_reason_loss': '1.821', 'epoch': '0.0438'}
{'loss': '2.176', 'grad_norm': '6.782', 'learning_rate': '4.737e-05', 'epoch': '0.04866'}
{'paper_align_label_loss': '0.2175', 'paper_align_reason_loss': '1.626', 'epoch': '0.04866'}
{'paper_align_label_loss': '0.3255', 'paper_align_reason_loss': '1.318', 'epoch': '0.04866'}
{'paper_align_label_loss': '0.272', 'paper_align_reason_loss': '1.569', 'epoch': '0.05353'}
{'paper_align_label_loss': '0.4138', 'paper_align_reason_loss': '1.617', 'epoch': '0.05353'}
{'paper_align_label_loss': '0.1691', 'paper_align_reason_loss': '1.519', 'epoch': '0.05839'}
{'paper_align_label_loss': '0.2676', 'paper_align_reason_loss': '1.474', 'epoch': '0.05839'}
{'paper_align_label_loss': '0.1005', 'paper_align_reason_loss': '1.102', 'epoch': '0.06326'}
{'paper_align_label_loss': '0.2226', 'paper_align_reason_loss': '1.54', 'epoch': '0.06326'}
{'paper_align_label_loss': '0.1709', 'paper_align_reason_loss': '1.381', 'epoch': '0.06813'}
{'paper_align_label_loss': '0.1702', 'paper_align_reason_loss': '1.512', 'epoch': '0.06813'}
{'paper_align_label_loss': '0.1732', 'paper_align_reason_loss': '1.122', 'epoch': '0.07299'}
{'paper_align_label_loss': '0.1675', 'paper_align_reason_loss': '1.384', 'epoch': '0.07299'}
{'paper_align_label_loss': '0.1376', 'paper_align_reason_loss': '1.234', 'epoch': '0.07786'}
{'paper_align_label_loss': '0.1868', 'paper_align_reason_loss': '1.328', 'epoch': '0.07786'}
{'paper_align_label_loss': '0.1217', 'paper_align_reason_loss': '1.364', 'epoch': '0.08273'}
{'paper_align_label_loss': '0.1341', 'paper_align_reason_loss': '1.096', 'epoch': '0.08273'}
{'paper_align_label_loss': '0.1862', 'paper_align_reason_loss': '1.395', 'epoch': '0.08759'}
{'paper_align_label_loss': '0.1576', 'paper_align_reason_loss': '1.228', 'epoch': '0.08759'}
{'paper_align_label_loss': '0.1793', 'paper_align_reason_loss': '1.439', 'epoch': '0.09246'}
{'paper_align_label_loss': '0.1559', 'paper_align_reason_loss': '1.265', 'epoch': '0.09246'}
{'loss': '1.572', 'grad_norm': '2.237', 'learning_rate': '0.0001', 'epoch': '0.09732'}
{'paper_align_label_loss': '0.1689', 'paper_align_reason_loss': '1.454', 'epoch': '0.09732'}
{'paper_align_label_loss': '0.1821', 'paper_align_reason_loss': '1.387', 'epoch': '0.09732'}
{'paper_align_label_loss': '0.1536', 'paper_align_reason_loss': '1.285', 'epoch': '0.1022'}
{'paper_align_label_loss': '0.1314', 'paper_align_reason_loss': '1.23', 'epoch': '0.1022'}
{'paper_align_label_loss': '0.1674', 'paper_align_reason_loss': '1.259', 'epoch': '0.1071'}
{'paper_align_label_loss': '0.1235', 'paper_align_reason_loss': '1.134', 'epoch': '0.1071'}
{'paper_align_label_loss': '0.1492', 'paper_align_reason_loss': '1.26', 'epoch': '0.1119'}
{'paper_align_label_loss': '0.1415', 'paper_align_reason_loss': '1.239', 'epoch': '0.1119'}
{'paper_align_label_loss': '0.1154', 'paper_align_reason_loss': '0.9832', 'epoch': '0.1168'}
{'paper_align_label_loss': '0.1626', 'paper_align_reason_loss': '1.282', 'epoch': '0.1168'}
{'paper_align_label_loss': '0.1249', 'paper_align_reason_loss': '1.037', 'epoch': '0.1217'}
{'paper_align_label_loss': '0.1008', 'paper_align_reason_loss': '1.254', 'epoch': '0.1217'}
{'paper_align_label_loss': '0.1276', 'paper_align_reason_loss': '0.9848', 'epoch': '0.1265'}
{'paper_align_label_loss': '0.09718', 'paper_align_reason_loss': '1.063', 'epoch': '0.1265'}
{'paper_align_label_loss': '0.1134', 'paper_align_reason_loss': '1.113', 'epoch': '0.1314'}
{'paper_align_label_loss': '0.07402', 'paper_align_reason_loss': '1.051', 'epoch': '0.1314'}
{'paper_align_label_loss': '0.3718', 'paper_align_reason_loss': '1.339', 'epoch': '0.1363'}
{'paper_align_label_loss': '0.07519', 'paper_align_reason_loss': '0.9254', 'epoch': '0.1363'}
{'paper_align_label_loss': '0.1189', 'paper_align_reason_loss': '1.208', 'epoch': '0.1411'}
{'paper_align_label_loss': '0.1179', 'paper_align_reason_loss': '1.123', 'epoch': '0.1411'}
{'loss': '1.321', 'grad_norm': '2.694', 'learning_rate': '9.993e-05', 'epoch': '0.146'}
{'paper_align_label_loss': '0.2041', 'paper_align_reason_loss': '1.165', 'epoch': '0.146'}
{'paper_align_label_loss': '0.07898', 'paper_align_reason_loss': '1.251', 'epoch': '0.146'}
{'paper_align_label_loss': '0.06077', 'paper_align_reason_loss': '0.9662', 'epoch': '0.1509'}
{'paper_align_label_loss': '0.1287', 'paper_align_reason_loss': '1.135', 'epoch': '0.1509'}
{'paper_align_label_loss': '0.08733', 'paper_align_reason_loss': '1.001', 'epoch': '0.1557'}
{'paper_align_label_loss': '0.1366', 'paper_align_reason_loss': '1.259', 'epoch': '0.1557'}
{'paper_align_label_loss': '0.08163', 'paper_align_reason_loss': '1.271', 'epoch': '0.1606'}
{'paper_align_label_loss': '0.1233', 'paper_align_reason_loss': '1.228', 'epoch': '0.1606'}
{'paper_align_label_loss': '0.1957', 'paper_align_reason_loss': '1.334', 'epoch': '0.1655'}
{'paper_align_label_loss': '0.3047', 'paper_align_reason_loss': '1.396', 'epoch': '0.1655'}
{'paper_align_label_loss': '0.2832', 'paper_align_reason_loss': '1.244', 'epoch': '0.1703'}
{'paper_align_label_loss': '0.08937', 'paper_align_reason_loss': '1.06', 'epoch': '0.1703'}
{'paper_align_label_loss': '0.09564', 'paper_align_reason_loss': '1.125', 'epoch': '0.1752'}
{'paper_align_label_loss': '0.1053', 'paper_align_reason_loss': '0.946', 'epoch': '0.1752'}
{'paper_align_label_loss': '0.1344', 'paper_align_reason_loss': '1.079', 'epoch': '0.18'}
{'paper_align_label_loss': '0.08357', 'paper_align_reason_loss': '0.9561', 'epoch': '0.18'}
{'paper_align_label_loss': '0.09242', 'paper_align_reason_loss': '1.102', 'epoch': '0.1849'}
{'paper_align_label_loss': '0.1646', 'paper_align_reason_loss': '1.358', 'epoch': '0.1849'}
{'paper_align_label_loss': '0.1228', 'paper_align_reason_loss': '1.078', 'epoch': '0.1898'}
{'paper_align_label_loss': '0.07809', 'paper_align_reason_loss': '1.285', 'epoch': '0.1898'}
{'loss': '1.295', 'grad_norm': '1.917', 'learning_rate': '9.973e-05', 'epoch': '0.1946'}
{'paper_align_label_loss': '0.124', 'paper_align_reason_loss': '1.063', 'epoch': '0.1946'}
{'paper_align_label_loss': '0.09226', 'paper_align_reason_loss': '1.145', 'epoch': '0.1946'}
{'paper_align_label_loss': '0.09799', 'paper_align_reason_loss': '1.156', 'epoch': '0.1995'}
{'paper_align_label_loss': '0.1708', 'paper_align_reason_loss': '1.253', 'epoch': '0.1995'}

  7%|▋         | 42/618 [00:39<09:15,  1.04it/s]2026-09-18 17:26:11,089 INFO [rev_util_verifiability|paper_align|Qwen3-0.6B] step=42 epoch=0.2044

                                                

  7%|▋         | 42/618 [00:40<09:15,  1.04it/s]
  7%|▋         | 43/618 [00:40<09:02,  1.06it/s]2026-09-18 17:26:11,611 INFO [rev_util_verifiability|paper_align|Qwen3-0.6B] step=43 epoch=0.2092

                                                

  7%|▋         | 43/618 [00:40<09:02,  1.06it/s]2026-09-18 17:26:12,111 INFO [rev_util_verifiability|paper_align|Qwen3-0.6B] step=43 epoch=0.2092

                                                

  7%|▋         | 43/618 [00:41<09:02,  1.06it/s]
  7%|▋         | 44/618 [00:41<09:15,  1.03it/s]2026-09-18 17:26:12,618 INFO [rev_util_verifiability|paper_align|Qwen3-0.6B] step=44 epoch=0.2141

                                                

  7%|▋         | 44/618 [00:41<09:15,  1.03it/s]2026-09-18 17:26:13,082 INFO [rev_util_verifiability|paper_align|Qwen3-0.6B] step=44 epoch=0.2141

                                                

  7%|▋         | 44/618 [00:42<09:15,  1.03it/s]
  7%|▋         | 45/618 [00:42<09:10,  1.04it/s]2026-09-18 17:26:13,568 INFO [rev_util_verifiability|paper_align|Qwen3-0.6B] step=45 epoch=0.2190

                                                

  7%|▋         | 45/618 [00:42<09:10,  1.04it/s]2026-09-18 17:26:14,000 INFO [rev_util_verifiability|paper_align|Qwen3-0.6B] step=45 epoch=0.2190

                                                

  7%|▋         | 45/618 [00:43<09:10,  1.04it/s]
  7%|▋         | 46/618 [00:43<08:46,  1.09it/s]2026-09-18 17:26:14,400 INFO [rev_util_verifiability|paper_align|Qwen3-0.6B] step=46 epoch=0.2238

                                                

  7%|▋         | 46/618 [00:43<08:46,  1.09it/s]2026-09-18 17:26:14,883 INFO [rev_util_verifiability|paper_align|Qwen3-0.6B] step=46 epoch=0.2238

                                                

  7%|▋         | 46/618 [00:43<08:46,  1.09it/s]
  8%|▊         | 47/618 [00:44<08:54,  1.07it/s]2026-09-18 17:26:15,358 INFO [rev_util_verifiability|paper_align|Qwen3-0.6B] step=47 epoch=0.2287

                                                

  8%|▊         | 47/618 [00:44<08:54,  1.07it/s]2026-09-18 17:26:15,811 INFO [rev_util_verifiability|paper_align|Qwen3-0.6B] step=47 epoch=0.2287

                                                

  8%|▊         | 47/618 [00:44<08:54,  1.07it/s]
  8%|▊         | 48/618 [00:45<08:50,  1.08it/s]2026-09-18 17:26:16,263 INFO [rev_util_verifiability|paper_align|Qwen3-0.6B] step=48 epoch=0.2336

                                                

  8%|▊         | 48/618 [00:45<08:50,  1.08it/s]2026-09-18 17:26:16,661 INFO [rev_util_verifiability|paper_align|Qwen3-0.6B] step=48 epoch=0.2336

                                                

  8%|▊         | 48/618 [00:45<08:50,  1.08it/s]
  8%|▊         | 49/618 [00:46<08:30,  1.12it/s]2026-09-18 17:26:17,106 INFO [rev_util_verifiability|paper_align|Qwen3-0.6B] step=49 epoch=0.2384

                                                

  8%|▊         | 49/618 [00:46<08:30,  1.12it/s]2026-09-18 17:26:17,563 INFO [rev_util_verifiability|paper_align|Qwen3-0.6B] step=49 epoch=0.2384

                                                

  8%|▊         | 49/618 [00:46<08:30,  1.12it/s]
  8%|▊         | 50/618 [00:47<09:29,  1.00s/it]2026-09-18 17:26:18,205 INFO [rev_util_verifiability|paper_align|Qwen3-0.6B] step=50 loss=1.2011 learning_rate=0.0001 epoch=0.2433

                                                

  8%|▊         | 50/618 [00:47<09:29,  1.00s/it]2026-09-18 17:26:18,353 INFO [rev_util_verifiability|paper_align|Qwen3-0.6B] step=50 epoch=0.2433

                                                

  8%|▊         | 50/618 [00:47<09:29,  1.00s/it]2026-09-18 17:26:18,771 INFO [rev_util_verifiability|paper_align|Qwen3-0.6B] step=50 epoch=0.2433

                                                

  8%|▊         | 50/618 [00:47<09:29,  1.00s/it]
  8%|▊         | 51/618 [00:48<08:55,  1.06it/s]2026-09-18 17:26:19,179 INFO [rev_util_verifiability|paper_align|Qwen3-0.6B] step=51 epoch=0.2482

                                                

  8%|▊         | 51/618 [00:48<08:55,  1.06it/s]2026-09-18 17:26:19,714 INFO [rev_util_verifiability|paper_align|Qwen3-0.6B] step=51 epoch=0.2482

                                                

  8%|▊         | 51/618 [00:48<08:55,  1.06it/s]
  8%|▊         | 52/618 [00:49<09:14,  1.02it/s]2026-09-18 17:26:20,224 INFO [rev_util_verifiability|paper_align|Qwen3-0.6B] step=52 epoch=0.2530

                                                

  8%|▊         | 52/618 [00:49<09:14,  1.02it/s]2026-09-18 17:26:20,676 INFO [rev_util_verifiability|paper_align|Qwen3-0.6B] step=52 epoch=0.2530

                                                

  8%|▊         | 52/618 [00:49<09:14,  1.02it/s]
  9%|▊         | 53/618 [00:50<09:02,  1.04it/s]2026-09-18 17:26:21,118 INFO [rev_util_verifiability|paper_align|Qwen3-0.6B] step=53 epoch=0.2579

                                                

  9%|▊         | 53/618 [00:50<09:02,  1.04it/s]2026-09-18 17:26:21,543 INFO [rev_util_verifiability|paper_align|Qwen3-0.6B] step=53 epoch=0.2579

                                                

  9%|▊         | 53/618 [00:50<09:02,  1.04it/s]
  9%|▊         | 54/618 [00:50<08:49,  1.06it/s]2026-09-18 17:26:22,016 INFO [rev_util_verifiability|paper_align|Qwen3-0.6B] step=54 epoch=0.2628

                                                

  9%|▊         | 54/618 [00:51<08:49,  1.06it/s]2026-09-18 17:26:22,468 INFO [rev_util_verifiability|paper_align|Qwen3-0.6B] step=54 epoch=0.2628

                                                

  9%|▊         | 54/618 [00:51<08:49,  1.06it/s]
  9%|▉         | 55/618 [00:51<08:50,  1.06it/s]2026-09-18 17:26:22,973 INFO [rev_util_verifiability|paper_align|Qwen3-0.6B] step=55 epoch=0.2676

                                                

  9%|▉         | 55/618 [00:52<08:50,  1.06it/s]2026-09-18 17:26:23,429 INFO [rev_util_verifiability|paper_align|Qwen3-0.6B] step=55 epoch=0.2676

                                                

  9%|▉         | 55/618 [00:52<08:50,  1.06it/s]
  9%|▉         | 56/618 [00:52<08:48,  1.06it/s]2026-09-18 17:26:23,915 INFO [rev_util_verifiability|paper_align|Qwen3-0.6B] step=56 epoch=0.2725

                                                

  9%|▉         | 56/618 [00:52<08:48,  1.06it/s]2026-09-18 17:26:24,386 INFO [rev_util_verifiability|paper_align|Qwen3-0.6B] step=56 epoch=0.2725

                                                

  9%|▉         | 56/618 [00:53<08:48,  1.06it/s]
  9%|▉         | 57/618 [00:53<08:43,  1.07it/s]2026-09-18 17:26:24,829 INFO [rev_util_verifiability|paper_align|Qwen3-0.6B] step=57 epoch=0.2774

                                                

  9%|▉         | 57/618 [00:53<08:43,  1.07it/s]2026-09-18 17:26:25,296 INFO [rev_util_verifiability|paper_align|Qwen3-0.6B] step=57 epoch=0.2774

                                                

  9%|▉         | 57/618 [00:54<08:43,  1.07it/s]
  9%|▉         | 58/618 [00:54<08:46,  1.06it/s]2026-09-18 17:26:25,784 INFO [rev_util_verifiability|paper_align|Qwen3-0.6B] step=58 epoch=0.2822

                                                

  9%|▉         | 58/618 [00:54<08:46,  1.06it/s]2026-09-18 17:26:26,238 INFO [rev_util_verifiability|paper_align|Qwen3-0.6B] step=58 epoch=0.2822

                                                

  9%|▉         | 58/618 [00:55<08:46,  1.06it/s]
 10%|▉         | 59/618 [00:55<08:42,  1.07it/s]2026-09-18 17:26:26,723 INFO [rev_util_verifiability|paper_align|Qwen3-0.6B] step=59 epoch=0.2871

                                                

 10%|▉         | 59/618 [00:55<08:42,  1.07it/s]2026-09-18 17:26:27,212 INFO [rev_util_verifiability|paper_align|Qwen3-0.6B] step=59 epoch=0.2871

                                                

 10%|▉         | 59/618 [00:56<08:42,  1.07it/s]
 10%|▉         | 60/618 [00:56<08:46,  1.06it/s]2026-09-18 17:26:27,522 INFO [rev_util_verifiability|paper_align|Qwen3-0.6B] step=60 loss=1.1913 learning_rate=0.0001 epoch=0.2920

                                                

 10%|▉         | 60/618 [00:56<08:46,  1.06it/s]2026-09-18 17:26:27,936 INFO [rev_util_verifiability|paper_align|Qwen3-0.6B] step=60 epoch=0.2920

                                                

 10%|▉         | 60/618 [00:56<08:46,  1.06it/s]2026-09-18 17:26:28,392 INFO [rev_util_verifiability|paper_align|Qwen3-0.6B] step=60 epoch=0.2920

                                                

 10%|▉         | 60/618 [00:57<08:46,  1.06it/s]
 10%|▉         | 61/618 [00:57<09:26,  1.02s/it]2026-09-18 17:26:28,869 INFO [rev_util_verifiability|paper_align|Qwen3-0.6B] step=61 epoch=0.2968

                                                

 10%|▉         | 61/618 [00:57<09:26,  1.02s/it]2026-09-18 17:26:29,349 INFO [rev_util_verifiability|paper_align|Qwen3-0.6B] step=61 epoch=0.2968

                                                

 10%|▉         | 61/618 [00:58<09:26,  1.02s/it]
 10%|█         | 62/618 [00:58<09:17,  1.00s/it]2026-09-18 17:26:29,814 INFO [rev_util_verifiability|paper_align|Qwen3-0.6B] step=62 epoch=0.3017

                                                

 10%|█         | 62/618 [00:58<09:17,  1.00s/it]2026-09-18 17:26:30,238 INFO [rev_util_verifiability|paper_align|Qwen3-0.6B] step=62 epoch=0.3017

                                                

 10%|█         | 62/618 [00:59<09:17,  1.00s/it]
 10%|█         | 63/618 [00:59<08:51,  1.04it/s]2026-09-18 17:26:30,701 INFO [rev_util_verifiability|paper_align|Qwen3-0.6B] step=63 epoch=0.3066

                                                

 10%|█         | 63/618 [00:59<08:51,  1.04it/s]2026-09-18 17:26:31,217 INFO [rev_util_verifiability|paper_align|Qwen3-0.6B] step=63 epoch=0.3066

                                                

 10%|█         | 63/618 [01:00<08:51,  1.04it/s]
 10%|█         | 64/618 [01:00<08:53,  1.04it/s]2026-09-18 17:26:31,653 INFO [rev_util_verifiability|paper_align|Qwen3-0.6B] step=64 epoch=0.3114

                                                

 10%|█         | 64/618 [01:00<08:53,  1.04it/s]2026-09-18 17:26:32,103 INFO [rev_util_verifiability|paper_align|Qwen3-0.6B] step=64 epoch=0.3114

                                                

 10%|█         | 64/618 [01:01<08:53,  1.04it/s]
 11%|█         | 65/618 [01:01<08:45,  1.05it/s]2026-09-18 17:26:32,567 INFO [rev_util_verifiability|paper_align|Qwen3-0.6B] step=65 epoch=0.3163

                                                

 11%|█         | 65/618 [01:01<08:45,  1.05it/s]2026-09-18 17:26:33,012 INFO [rev_util_verifiability|paper_align|Qwen3-0.6B] step=65 epoch=0.3163

                                                

 11%|█         | 65/618 [01:02<08:45,  1.05it/s]
 11%|█         | 66/618 [01:02<08:39,  1.06it/s]2026-09-18 17:26:33,487 INFO [rev_util_verifiability|paper_align|Qwen3-0.6B] step=66 epoch=0.3212

                                                

 11%|█         | 66/618 [01:02<08:39,  1.06it/s]2026-09-18 17:26:33,921 INFO [rev_util_verifiability|paper_align|Qwen3-0.6B] step=66 epoch=0.3212

                                                

 11%|█         | 66/618 [01:02<08:39,  1.06it/s]
 11%|█         | 67/618 [01:03<08:24,  1.09it/s]2026-09-18 17:26:34,363 INFO [rev_util_verifiability|paper_align|Qwen3-0.6B] step=67 epoch=0.3260

                                                

 11%|█         | 67/618 [01:03<08:24,  1.09it/s]2026-09-18 17:26:34,850 INFO [rev_util_verifiability|paper_align|Qwen3-0.6B] step=67 epoch=0.3260

                                                

 11%|█         | 67/618 [01:03<08:24,  1.09it/s]
 11%|█         | 68/618 [01:04<08:32,  1.07it/s]2026-09-18 17:26:35,344 INFO [rev_util_verifiability|paper_align|Qwen3-0.6B] step=68 epoch=0.3309

                                                

 11%|█         | 68/618 [01:04<08:32,  1.07it/s]2026-09-18 17:26:35,842 INFO [rev_util_verifiability|paper_align|Qwen3-0.6B] step=68 epoch=0.3309

                                                

 11%|█         | 68/618 [01:04<08:32,  1.07it/s]
 11%|█         | 69/618 [01:05<08:39,  1.06it/s]2026-09-18 17:26:36,305 INFO [rev_util_verifiability|paper_align|Qwen3-0.6B] step=69 epoch=0.3358

                                                

 11%|█         | 69/618 [01:05<08:39,  1.06it/s]2026-09-18 17:26:37,045 INFO [rev_util_verifiability|paper_align|Qwen3-0.6B] step=69 epoch=0.3358

                                                

 11%|█         | 69/618 [01:06<08:39,  1.06it/s]
 11%|█▏        | 70/618 [01:06<09:17,  1.02s/it]2026-09-18 17:26:37,334 INFO [rev_util_verifiability|paper_align|Qwen3-0.6B] step=70 loss=1.1119 learning_rate=0.0001 epoch=0.3406

                                                

 11%|█▏        | 70/618 [01:06<09:17,  1.02s/it]2026-09-18 17:26:37,453 INFO [rev_util_verifiability|paper_align|Qwen3-0.6B] step=70 epoch=0.3406

                                                

 11%|█▏        | 70/618 [01:06<09:17,  1.02s/it]2026-09-18 17:26:37,816 INFO [rev_util_verifiability|paper_align|Qwen3-0.6B] step=70 epoch=0.3406

                                                

 11%|█▏        | 70/618 [01:06<09:17,  1.02s/it]
 11%|█▏        | 71/618 [01:07<08:42,  1.05it/s]2026-09-18 17:26:38,291 INFO [rev_util_verifiability|paper_align|Qwen3-0.6B] step=71 epoch=0.3455

                                                

 11%|█▏        | 71/618 [01:07<08:42,  1.05it/s]2026-09-18 17:26:38,748 INFO [rev_util_verifiability|paper_align|Qwen3-0.6B] step=71 epoch=0.3455

                                                

 11%|█▏        | 71/618 [01:07<08:42,  1.05it/s]
 12%|█▏        | 72/618 [01:08<08:37,  1.05it/s]2026-09-18 17:26:39,223 INFO [rev_util_verifiability|paper_align|Qwen3-0.6B] step=72 epoch=0.3504

                                                

 12%|█▏        | 72/618 [01:08<08:37,  1.05it/s]2026-09-18 17:26:39,666 INFO [rev_util_verifiability|paper_align|Qwen3-0.6B] step=72 epoch=0.3504

                                                

 12%|█▏        | 72/618 [01:08<08:37,  1.05it/s]
 12%|█▏        | 73/618 [01:09<08:25,  1.08it/s]2026-09-18 17:26:40,091 INFO [rev_util_verifiability|paper_align|Qwen3-0.6B] step=73 epoch=0.3552

                                                

 12%|█▏        | 73/618 [01:09<08:25,  1.08it/s]2026-09-18 17:26:40,536 INFO [rev_util_verifiability|paper_align|Qwen3-0.6B] step=73 epoch=0.3552

                                                

 12%|█▏        | 73/618 [01:09<08:25,  1.08it/s]
 12%|█▏        | 74/618 [01:09<08:27,  1.07it/s]2026-09-18 17:26:41,055 INFO [rev_util_verifiability|paper_align|Qwen3-0.6B] step=74 epoch=0.3601

                                                

 12%|█▏        | 74/618 [01:10<08:27,  1.07it/s]2026-09-18 17:26:41,513 INFO [rev_util_verifiability|paper_align|Qwen3-0.6B] step=74 epoch=0.3601

                                                

 12%|█▏        | 74/618 [01:10<08:27,  1.07it/s]
 12%|█▏        | 75/618 [01:10<08:19,  1.09it/s]2026-09-18 17:26:41,917 INFO [rev_util_verifiability|paper_align|Qwen3-0.6B] step=75 epoch=0.3650

                                                

 12%|█▏        | 75/618 [01:10<08:19,  1.09it/s]2026-09-18 17:26:42,382 INFO [rev_util_verifiability|paper_align|Qwen3-0.6B] step=75 epoch=0.3650

                                                

 12%|█▏        | 75/618 [01:11<08:19,  1.09it/s]
 12%|█▏        | 76/618 [01:11<08:46,  1.03it/s]2026-09-18 17:26:43,014 INFO [rev_util_verifiability|paper_align|Qwen3-0.6B] step=76 epoch=0.3698

                                                

 12%|█▏        | 76/618 [01:12<08:46,  1.03it/s]2026-09-18 17:26:43,435 INFO [rev_util_verifiability|paper_align|Qwen3-0.6B] step=76 epoch=0.3698

                                                

 12%|█▏        | 76/618 [01:12<08:46,  1.03it/s]
 12%|█▏        | 77/618 [01:12<08:32,  1.06it/s]2026-09-18 17:26:43,930 INFO [rev_util_verifiability|paper_align|Qwen3-0.6B] step=77 epoch=0.3747

                                                

 12%|█▏        | 77/618 [01:12<08:32,  1.06it/s]2026-09-18 17:26:44,405 INFO [rev_util_verifiability|paper_align|Qwen3-0.6B] step=77 epoch=0.3747

                                                

 12%|█▏        | 77/618 [01:13<08:32,  1.06it/s]
 13%|█▎        | 78/618 [01:13<08:31,  1.05it/s]2026-09-18 17:26:44,969 INFO [rev_util_verifiability|paper_align|Qwen3-0.6B] step=78 epoch=0.3796

                                                

 13%|█▎        | 78/618 [01:14<08:31,  1.05it/s]2026-09-18 17:26:45,464 INFO [rev_util_verifiability|paper_align|Qwen3-0.6B] step=78 epoch=0.3796

                                                

 13%|█▎        | 78/618 [01:14<08:31,  1.05it/s]
 13%|█▎        | 79/618 [01:14<08:50,  1.02it/s]2026-09-18 17:26:45,947 INFO [rev_util_verifiability|paper_align|Qwen3-0.6B] step=79 epoch=0.3844

                                                

 13%|█▎        | 79/618 [01:15<08:50,  1.02it/s]2026-09-18 17:26:46,428 INFO [rev_util_verifiability|paper_align|Qwen3-0.6B] step=79 epoch=0.3844

                                                

 13%|█▎        | 79/618 [01:15<08:50,  1.02it/s]
 13%|█▎        | 80/618 [01:15<08:46,  1.02it/s]2026-09-18 17:26:46,757 INFO [rev_util_verifiability|paper_align|Qwen3-0.6B] step=80 loss=1.1063 learning_rate=0.0001 epoch=0.3893

                                                

 13%|█▎        | 80/618 [01:15<08:46,  1.02it/s]2026-09-18 17:26:47,160 INFO [rev_util_verifiability|paper_align|Qwen3-0.6B] step=80 epoch=0.3893

                                                

 13%|█▎        | 80/618 [01:16<08:46,  1.02it/s]2026-09-18 17:26:47,588 INFO [rev_util_verifiability|paper_align|Qwen3-0.6B] step=80 epoch=0.3893

                                                

 13%|█▎        | 80/618 [01:16<08:46,  1.02it/s]
 13%|█▎        | 81/618 [01:16<09:07,  1.02s/it]2026-09-18 17:26:48,031 INFO [rev_util_verifiability|paper_align|Qwen3-0.6B] step=81 epoch=0.3942

                                                

 13%|█▎        | 81/618 [01:17<09:07,  1.02s/it]2026-09-18 17:26:48,507 INFO [rev_util_verifiability|paper_align|Qwen3-0.6B] step=81 epoch=0.3942

                                                

 13%|█▎        | 81/618 [01:17<09:07,  1.02s/it]
 13%|█▎        | 82/618 [01:17<08:54,  1.00it/s]2026-09-18 17:26:48,943 INFO [rev_util_verifiability|paper_align|Qwen3-0.6B] step=82 epoch=0.3990

                                                

 13%|█▎        | 82/618 [01:18<08:54,  1.00it/s]2026-09-18 17:26:49,326 INFO [rev_util_verifiability|paper_align|Qwen3-0.6B] step=82 epoch=0.3990

                                                

 13%|█▎        | 82/618 [01:18<08:54,  1.00it/s]
 13%|█▎        | 83/618 [01:18<08:17,  1.07it/s]2026-09-18 17:26:49,734 INFO [rev_util_verifiability|paper_align|Qwen3-0.6B] step=83 epoch=0.4039

                                                

 13%|█▎        | 83/618 [01:18<08:17,  1.07it/s]2026-09-18 17:26:50,193 INFO [rev_util_verifiability|paper_align|Qwen3-0.6B] step=83 epoch=0.4039

                                                

 13%|█▎        | 83/618 [01:19<08:17,  1.07it/s]
 14%|█▎        | 84/618 [01:19<08:17,  1.07it/s]2026-09-18 17:26:50,652 INFO [rev_util_verifiability|paper_align|Qwen3-0.6B] step=84 epoch=0.4088

                                                
{'paper_align_label_loss': '0.01665', 'paper_align_reason_loss': '0.8539', 'epoch': '0.2044'}
{'paper_align_label_loss': '0.1217', 'paper_align_reason_loss': '1.28', 'epoch': '0.2044'}
{'paper_align_label_loss': '0.08499', 'paper_align_reason_loss': '1.11', 'epoch': '0.2092'}
{'paper_align_label_loss': '0.117', 'paper_align_reason_loss': '1.26', 'epoch': '0.2092'}
{'paper_align_label_loss': '0.09092', 'paper_align_reason_loss': '1.153', 'epoch': '0.2141'}
{'paper_align_label_loss': '0.08459', 'paper_align_reason_loss': '0.9947', 'epoch': '0.2141'}
{'paper_align_label_loss': '0.1195', 'paper_align_reason_loss': '1.229', 'epoch': '0.219'}
{'paper_align_label_loss': '0.04225', 'paper_align_reason_loss': '0.7836', 'epoch': '0.219'}
{'paper_align_label_loss': '0.1043', 'paper_align_reason_loss': '1.148', 'epoch': '0.2238'}
{'paper_align_label_loss': '0.2177', 'paper_align_reason_loss': '1.474', 'epoch': '0.2238'}
{'paper_align_label_loss': '0.1146', 'paper_align_reason_loss': '0.8612', 'epoch': '0.2287'}
{'paper_align_label_loss': '0.2095', 'paper_align_reason_loss': '0.9704', 'epoch': '0.2287'}
{'paper_align_label_loss': '0.1379', 'paper_align_reason_loss': '0.9096', 'epoch': '0.2336'}
{'paper_align_label_loss': '0.1301', 'paper_align_reason_loss': '1.119', 'epoch': '0.2336'}
{'paper_align_label_loss': '0.1678', 'paper_align_reason_loss': '1.131', 'epoch': '0.2384'}
{'paper_align_label_loss': '0.04916', 'paper_align_reason_loss': '0.8313', 'epoch': '0.2384'}
{'loss': '1.201', 'grad_norm': '3.172', 'learning_rate': '9.938e-05', 'epoch': '0.2433'}
{'paper_align_label_loss': '0.1908', 'paper_align_reason_loss': '0.8141', 'epoch': '0.2433'}
{'paper_align_label_loss': '0.02087', 'paper_align_reason_loss': '0.7748', 'epoch': '0.2433'}
{'paper_align_label_loss': '0.1357', 'paper_align_reason_loss': '1.185', 'epoch': '0.2482'}
{'paper_align_label_loss': '0.1276', 'paper_align_reason_loss': '1.117', 'epoch': '0.2482'}
{'paper_align_label_loss': '0.08605', 'paper_align_reason_loss': '1.205', 'epoch': '0.253'}
{'paper_align_label_loss': '0.1663', 'paper_align_reason_loss': '0.9564', 'epoch': '0.253'}
{'paper_align_label_loss': '0.07077', 'paper_align_reason_loss': '0.9469', 'epoch': '0.2579'}
{'paper_align_label_loss': '0.04535', 'paper_align_reason_loss': '0.9369', 'epoch': '0.2579'}
{'paper_align_label_loss': '0.2033', 'paper_align_reason_loss': '0.9579', 'epoch': '0.2628'}
{'paper_align_label_loss': '0.4324', 'paper_align_reason_loss': '1.054', 'epoch': '0.2628'}
{'paper_align_label_loss': '0.1116', 'paper_align_reason_loss': '1.101', 'epoch': '0.2676'}
{'paper_align_label_loss': '0.1246', 'paper_align_reason_loss': '1.07', 'epoch': '0.2676'}
{'paper_align_label_loss': '0.1815', 'paper_align_reason_loss': '1.095', 'epoch': '0.2725'}
{'paper_align_label_loss': '0.2087', 'paper_align_reason_loss': '1.085', 'epoch': '0.2725'}
{'paper_align_label_loss': '0.3706', 'paper_align_reason_loss': '1.273', 'epoch': '0.2774'}
{'paper_align_label_loss': '0.08306', 'paper_align_reason_loss': '0.9981', 'epoch': '0.2774'}
{'paper_align_label_loss': '0.04431', 'paper_align_reason_loss': '0.8662', 'epoch': '0.2822'}
{'paper_align_label_loss': '0.1158', 'paper_align_reason_loss': '0.911', 'epoch': '0.2822'}
{'paper_align_label_loss': '0.2546', 'paper_align_reason_loss': '1.387', 'epoch': '0.2871'}
{'paper_align_label_loss': '0.08478', 'paper_align_reason_loss': '1.034', 'epoch': '0.2871'}
{'loss': '1.191', 'grad_norm': '2.367', 'learning_rate': '9.89e-05', 'epoch': '0.292'}
{'paper_align_label_loss': '0.05133', 'paper_align_reason_loss': '0.8087', 'epoch': '0.292'}
{'paper_align_label_loss': '0.1262', 'paper_align_reason_loss': '1.196', 'epoch': '0.292'}
{'paper_align_label_loss': '0.1449', 'paper_align_reason_loss': '1.064', 'epoch': '0.2968'}
{'paper_align_label_loss': '0.1192', 'paper_align_reason_loss': '1.082', 'epoch': '0.2968'}
{'paper_align_label_loss': '0.157', 'paper_align_reason_loss': '1.05', 'epoch': '0.3017'}
{'paper_align_label_loss': '0.08303', 'paper_align_reason_loss': '0.8166', 'epoch': '0.3017'}
{'paper_align_label_loss': '0.1735', 'paper_align_reason_loss': '1.101', 'epoch': '0.3066'}
{'paper_align_label_loss': '0.1055', 'paper_align_reason_loss': '0.7715', 'epoch': '0.3066'}
{'paper_align_label_loss': '0.1288', 'paper_align_reason_loss': '1.024', 'epoch': '0.3114'}
{'paper_align_label_loss': '0.1132', 'paper_align_reason_loss': '1.219', 'epoch': '0.3114'}
{'paper_align_label_loss': '0.09567', 'paper_align_reason_loss': '1.073', 'epoch': '0.3163'}
{'paper_align_label_loss': '0.1568', 'paper_align_reason_loss': '0.9611', 'epoch': '0.3163'}
{'paper_align_label_loss': '0.0392', 'paper_align_reason_loss': '0.9297', 'epoch': '0.3212'}
{'paper_align_label_loss': '0.07132', 'paper_align_reason_loss': '0.8797', 'epoch': '0.3212'}
{'paper_align_label_loss': '0.1811', 'paper_align_reason_loss': '1.183', 'epoch': '0.326'}
{'paper_align_label_loss': '0.15', 'paper_align_reason_loss': '0.9661', 'epoch': '0.326'}
{'paper_align_label_loss': '0.08333', 'paper_align_reason_loss': '1.065', 'epoch': '0.3309'}
{'paper_align_label_loss': '0.07637', 'paper_align_reason_loss': '0.7962', 'epoch': '0.3309'}
{'paper_align_label_loss': '0.07984', 'paper_align_reason_loss': '1.143', 'epoch': '0.3358'}
{'paper_align_label_loss': '0.1223', 'paper_align_reason_loss': '0.8503', 'epoch': '0.3358'}
{'loss': '1.112', 'grad_norm': '1.533', 'learning_rate': '9.829e-05', 'epoch': '0.3406'}
{'paper_align_label_loss': '0.008237', 'paper_align_reason_loss': '0.6653', 'epoch': '0.3406'}
{'paper_align_label_loss': '0.1257', 'paper_align_reason_loss': '1.111', 'epoch': '0.3406'}
{'paper_align_label_loss': '0.0913', 'paper_align_reason_loss': '0.9974', 'epoch': '0.3455'}
{'paper_align_label_loss': '0.1655', 'paper_align_reason_loss': '1.34', 'epoch': '0.3455'}
{'paper_align_label_loss': '0.1158', 'paper_align_reason_loss': '1.005', 'epoch': '0.3504'}
{'paper_align_label_loss': '0.0532', 'paper_align_reason_loss': '0.8476', 'epoch': '0.3504'}
{'paper_align_label_loss': '0.0778', 'paper_align_reason_loss': '1.022', 'epoch': '0.3552'}
{'paper_align_label_loss': '0.06377', 'paper_align_reason_loss': '0.9662', 'epoch': '0.3552'}
{'paper_align_label_loss': '0.05651', 'paper_align_reason_loss': '1.162', 'epoch': '0.3601'}
{'paper_align_label_loss': '0.04449', 'paper_align_reason_loss': '1.089', 'epoch': '0.3601'}
{'paper_align_label_loss': '0.04928', 'paper_align_reason_loss': '0.855', 'epoch': '0.365'}
{'paper_align_label_loss': '0.1726', 'paper_align_reason_loss': '1.066', 'epoch': '0.365'}
{'paper_align_label_loss': '0.1011', 'paper_align_reason_loss': '1.051', 'epoch': '0.3698'}
{'paper_align_label_loss': '0.03584', 'paper_align_reason_loss': '0.8622', 'epoch': '0.3698'}
{'paper_align_label_loss': '0.04611', 'paper_align_reason_loss': '1.244', 'epoch': '0.3747'}
{'paper_align_label_loss': '0.02414', 'paper_align_reason_loss': '0.8925', 'epoch': '0.3747'}
{'paper_align_label_loss': '0.1418', 'paper_align_reason_loss': '1.043', 'epoch': '0.3796'}
{'paper_align_label_loss': '0.07951', 'paper_align_reason_loss': '1.159', 'epoch': '0.3796'}
{'paper_align_label_loss': '0.03215', 'paper_align_reason_loss': '0.9719', 'epoch': '0.3844'}
{'paper_align_label_loss': '0.07142', 'paper_align_reason_loss': '1.219', 'epoch': '0.3844'}
{'loss': '1.106', 'grad_norm': '1.404', 'learning_rate': '9.754e-05', 'epoch': '0.3893'}
{'paper_align_label_loss': '0.1792', 'paper_align_reason_loss': '0.8729', 'epoch': '0.3893'}
{'paper_align_label_loss': '0.1451', 'paper_align_reason_loss': '0.8698', 'epoch': '0.3893'}
{'paper_align_label_loss': '0.1112', 'paper_align_reason_loss': '1.284', 'epoch': '0.3942'}
{'paper_align_label_loss': '0.2354', 'paper_align_reason_loss': '1.142', 'epoch': '0.3942'}
{'paper_align_label_loss': '0.1156', 'paper_align_reason_loss': '0.8341', 'epoch': '0.399'}
{'paper_align_label_loss': '0.0472', 'paper_align_reason_loss': '0.6473', 'epoch': '0.399'}
{'paper_align_label_loss': '0.0216', 'paper_align_reason_loss': '1.039', 'epoch': '0.4039'}
{'paper_align_label_loss': '0.02196', 'paper_align_reason_loss': '0.806', 'epoch': '0.4039'}

 14%|█▎        | 84/618 [01:19<08:17,  1.07it/s]2026-09-18 17:26:51,049 INFO [rev_util_verifiability|paper_align|Qwen3-0.6B] step=84 epoch=0.4088

                                                

 14%|█▎        | 84/618 [01:20<08:17,  1.07it/s]
 14%|█▍        | 85/618 [01:20<08:03,  1.10it/s]2026-09-18 17:26:51,533 INFO [rev_util_verifiability|paper_align|Qwen3-0.6B] step=85 epoch=0.4136

                                                

 14%|█▍        | 85/618 [01:20<08:03,  1.10it/s]2026-09-18 17:26:52,026 INFO [rev_util_verifiability|paper_align|Qwen3-0.6B] step=85 epoch=0.4136

                                                

 14%|█▍        | 85/618 [01:21<08:03,  1.10it/s]
 14%|█▍        | 86/618 [01:21<08:18,  1.07it/s]2026-09-18 17:26:52,543 INFO [rev_util_verifiability|paper_align|Qwen3-0.6B] step=86 epoch=0.4185

                                                

 14%|█▍        | 86/618 [01:21<08:18,  1.07it/s]2026-09-18 17:26:53,060 INFO [rev_util_verifiability|paper_align|Qwen3-0.6B] step=86 epoch=0.4185

                                                

 14%|█▍        | 86/618 [01:22<08:18,  1.07it/s]
 14%|█▍        | 87/618 [01:22<08:40,  1.02it/s]2026-09-18 17:26:53,613 INFO [rev_util_verifiability|paper_align|Qwen3-0.6B] step=87 epoch=0.4234

                                                

 14%|█▍        | 87/618 [01:22<08:40,  1.02it/s]2026-09-18 17:26:54,079 INFO [rev_util_verifiability|paper_align|Qwen3-0.6B] step=87 epoch=0.4234

                                                

 14%|█▍        | 87/618 [01:23<08:40,  1.02it/s]
 14%|█▍        | 88/618 [01:23<08:37,  1.02it/s]2026-09-18 17:26:54,590 INFO [rev_util_verifiability|paper_align|Qwen3-0.6B] step=88 epoch=0.4282

                                                

 14%|█▍        | 88/618 [01:23<08:37,  1.02it/s]2026-09-18 17:26:55,074 INFO [rev_util_verifiability|paper_align|Qwen3-0.6B] step=88 epoch=0.4282

                                                

 14%|█▍        | 88/618 [01:24<08:37,  1.02it/s]
 14%|█▍        | 89/618 [01:24<08:36,  1.02it/s]2026-09-18 17:26:55,534 INFO [rev_util_verifiability|paper_align|Qwen3-0.6B] step=89 epoch=0.4331

                                                

 14%|█▍        | 89/618 [01:24<08:36,  1.02it/s]2026-09-18 17:26:56,175 INFO [rev_util_verifiability|paper_align|Qwen3-0.6B] step=89 epoch=0.4331

                                                

 14%|█▍        | 89/618 [01:25<08:36,  1.02it/s]
 15%|█▍        | 90/618 [01:25<08:58,  1.02s/it]2026-09-18 17:26:56,528 INFO [rev_util_verifiability|paper_align|Qwen3-0.6B] step=90 loss=1.1497 learning_rate=0.0001 epoch=0.4380

                                                

 15%|█▍        | 90/618 [01:25<08:58,  1.02s/it]2026-09-18 17:26:56,671 INFO [rev_util_verifiability|paper_align|Qwen3-0.6B] step=90 epoch=0.4380

                                                

 15%|█▍        | 90/618 [01:25<08:58,  1.02s/it]2026-09-18 17:26:57,109 INFO [rev_util_verifiability|paper_align|Qwen3-0.6B] step=90 epoch=0.4380

                                                

 15%|█▍        | 90/618 [01:26<08:58,  1.02s/it]
 15%|█▍        | 91/618 [01:26<08:33,  1.03it/s]2026-09-18 17:26:57,535 INFO [rev_util_verifiability|paper_align|Qwen3-0.6B] step=91 epoch=0.4428

                                                

 15%|█▍        | 91/618 [01:26<08:33,  1.03it/s]2026-09-18 17:26:57,975 INFO [rev_util_verifiability|paper_align|Qwen3-0.6B] step=91 epoch=0.4428

                                                

 15%|█▍        | 91/618 [01:27<08:33,  1.03it/s]
 15%|█▍        | 92/618 [01:27<08:19,  1.05it/s]2026-09-18 17:26:58,448 INFO [rev_util_verifiability|paper_align|Qwen3-0.6B] step=92 epoch=0.4477

                                                

 15%|█▍        | 92/618 [01:27<08:19,  1.05it/s]2026-09-18 17:26:58,949 INFO [rev_util_verifiability|paper_align|Qwen3-0.6B] step=92 epoch=0.4477

                                                

 15%|█▍        | 92/618 [01:28<08:19,  1.05it/s]
 15%|█▌        | 93/618 [01:28<08:30,  1.03it/s]2026-09-18 17:26:59,447 INFO [rev_util_verifiability|paper_align|Qwen3-0.6B] step=93 epoch=0.4526

                                                

 15%|█▌        | 93/618 [01:28<08:30,  1.03it/s]2026-09-18 17:26:59,874 INFO [rev_util_verifiability|paper_align|Qwen3-0.6B] step=93 epoch=0.4526

                                                

 15%|█▌        | 93/618 [01:28<08:30,  1.03it/s]
 15%|█▌        | 94/618 [01:29<08:20,  1.05it/s]2026-09-18 17:27:00,360 INFO [rev_util_verifiability|paper_align|Qwen3-0.6B] step=94 epoch=0.4574

                                                

 15%|█▌        | 94/618 [01:29<08:20,  1.05it/s]2026-09-18 17:27:00,773 INFO [rev_util_verifiability|paper_align|Qwen3-0.6B] step=94 epoch=0.4574

                                                

 15%|█▌        | 94/618 [01:29<08:20,  1.05it/s]
 15%|█▌        | 95/618 [01:30<08:05,  1.08it/s]2026-09-18 17:27:01,239 INFO [rev_util_verifiability|paper_align|Qwen3-0.6B] step=95 epoch=0.4623

                                                

 15%|█▌        | 95/618 [01:30<08:05,  1.08it/s]2026-09-18 17:27:01,689 INFO [rev_util_verifiability|paper_align|Qwen3-0.6B] step=95 epoch=0.4623

                                                

 15%|█▌        | 95/618 [01:30<08:05,  1.08it/s]
 16%|█▌        | 96/618 [01:31<08:02,  1.08it/s]2026-09-18 17:27:02,188 INFO [rev_util_verifiability|paper_align|Qwen3-0.6B] step=96 epoch=0.4672

                                                

 16%|█▌        | 96/618 [01:31<08:02,  1.08it/s]2026-09-18 17:27:02,728 INFO [rev_util_verifiability|paper_align|Qwen3-0.6B] step=96 epoch=0.4672

                                                

 16%|█▌        | 96/618 [01:31<08:02,  1.08it/s]
 16%|█▌        | 97/618 [01:32<08:26,  1.03it/s]2026-09-18 17:27:03,246 INFO [rev_util_verifiability|paper_align|Qwen3-0.6B] step=97 epoch=0.4720

                                                

 16%|█▌        | 97/618 [01:32<08:26,  1.03it/s]2026-09-18 17:27:03,714 INFO [rev_util_verifiability|paper_align|Qwen3-0.6B] step=97 epoch=0.4720

                                                

 16%|█▌        | 97/618 [01:32<08:26,  1.03it/s]
 16%|█▌        | 98/618 [01:33<08:25,  1.03it/s]2026-09-18 17:27:04,193 INFO [rev_util_verifiability|paper_align|Qwen3-0.6B] step=98 epoch=0.4769

                                                

 16%|█▌        | 98/618 [01:33<08:25,  1.03it/s]2026-09-18 17:27:04,584 INFO [rev_util_verifiability|paper_align|Qwen3-0.6B] step=98 epoch=0.4769

                                                

 16%|█▌        | 98/618 [01:33<08:25,  1.03it/s]
 16%|█▌        | 99/618 [01:33<08:05,  1.07it/s]2026-09-18 17:27:05,037 INFO [rev_util_verifiability|paper_align|Qwen3-0.6B] step=99 epoch=0.4818

                                                

 16%|█▌        | 99/618 [01:34<08:05,  1.07it/s]2026-09-18 17:27:05,445 INFO [rev_util_verifiability|paper_align|Qwen3-0.6B] step=99 epoch=0.4818

                                                

 16%|█▌        | 99/618 [01:34<08:05,  1.07it/s]
 16%|█▌        | 100/618 [01:34<07:52,  1.10it/s]2026-09-18 17:27:05,772 INFO [rev_util_verifiability|paper_align|Qwen3-0.6B] step=100 loss=1.0511 learning_rate=0.0001 epoch=0.4866

                                                 

 16%|█▌        | 100/618 [01:34<07:52,  1.10it/s]2026-09-18 17:27:06,125 INFO [rev_util_verifiability|paper_align|Qwen3-0.6B] step=100 epoch=0.4866

                                                 

 16%|█▌        | 100/618 [01:35<07:52,  1.10it/s]2026-09-18 17:27:06,611 INFO [rev_util_verifiability|paper_align|Qwen3-0.6B] step=100 epoch=0.4866

                                                 

 16%|█▌        | 100/618 [01:35<07:52,  1.10it/s]
 16%|█▋        | 101/618 [01:35<08:28,  1.02it/s]2026-09-18 17:27:07,076 INFO [rev_util_verifiability|paper_align|Qwen3-0.6B] step=101 epoch=0.4915

                                                 

 16%|█▋        | 101/618 [01:36<08:28,  1.02it/s]2026-09-18 17:27:07,551 INFO [rev_util_verifiability|paper_align|Qwen3-0.6B] step=101 epoch=0.4915

                                                 

 16%|█▋        | 101/618 [01:36<08:28,  1.02it/s]
 17%|█▋        | 102/618 [01:36<08:22,  1.03it/s]2026-09-18 17:27:08,008 INFO [rev_util_verifiability|paper_align|Qwen3-0.6B] step=102 epoch=0.4964

                                                 

 17%|█▋        | 102/618 [01:37<08:22,  1.03it/s]2026-09-18 17:27:08,402 INFO [rev_util_verifiability|paper_align|Qwen3-0.6B] step=102 epoch=0.4964

                                                 

 17%|█▋        | 102/618 [01:37<08:22,  1.03it/s]
 17%|█▋        | 103/618 [01:37<07:57,  1.08it/s]2026-09-18 17:27:08,829 INFO [rev_util_verifiability|paper_align|Qwen3-0.6B] step=103 epoch=0.5012

                                                 

 17%|█▋        | 103/618 [01:37<07:57,  1.08it/s]2026-09-18 17:27:09,245 INFO [rev_util_verifiability|paper_align|Qwen3-0.6B] step=103 epoch=0.5012

                                                 

 17%|█▋        | 103/618 [01:38<07:57,  1.08it/s]
 17%|█▋        | 104/618 [01:38<07:40,  1.12it/s]2026-09-18 17:27:09,672 INFO [rev_util_verifiability|paper_align|Qwen3-0.6B] step=104 epoch=0.5061

                                                 

 17%|█▋        | 104/618 [01:38<07:40,  1.12it/s]2026-09-18 17:27:10,177 INFO [rev_util_verifiability|paper_align|Qwen3-0.6B] step=104 epoch=0.5061

                                                 

 17%|█▋        | 104/618 [01:39<07:40,  1.12it/s]
 17%|█▋        | 105/618 [01:39<07:58,  1.07it/s]2026-09-18 17:27:10,673 INFO [rev_util_verifiability|paper_align|Qwen3-0.6B] step=105 epoch=0.5109

                                                 

 17%|█▋        | 105/618 [01:39<07:58,  1.07it/s]2026-09-18 17:27:11,108 INFO [rev_util_verifiability|paper_align|Qwen3-0.6B] step=105 epoch=0.5109

                                                 

 17%|█▋        | 105/618 [01:40<07:58,  1.07it/s]
 17%|█▋        | 106/618 [01:40<07:51,  1.09it/s]2026-09-18 17:27:11,554 INFO [rev_util_verifiability|paper_align|Qwen3-0.6B] step=106 epoch=0.5158

                                                 

 17%|█▋        | 106/618 [01:40<07:51,  1.09it/s]2026-09-18 17:27:11,934 INFO [rev_util_verifiability|paper_align|Qwen3-0.6B] step=106 epoch=0.5158

                                                 

 17%|█▋        | 106/618 [01:40<07:51,  1.09it/s]
 17%|█▋        | 107/618 [01:41<07:24,  1.15it/s]2026-09-18 17:27:12,304 INFO [rev_util_verifiability|paper_align|Qwen3-0.6B] step=107 epoch=0.5207

                                                 

 17%|█▋        | 107/618 [01:41<07:24,  1.15it/s]2026-09-18 17:27:12,706 INFO [rev_util_verifiability|paper_align|Qwen3-0.6B] step=107 epoch=0.5207

                                                 

 17%|█▋        | 107/618 [01:41<07:24,  1.15it/s]
 17%|█▋        | 108/618 [01:42<07:22,  1.15it/s]2026-09-18 17:27:13,187 INFO [rev_util_verifiability|paper_align|Qwen3-0.6B] step=108 epoch=0.5255

                                                 

 17%|█▋        | 108/618 [01:42<07:22,  1.15it/s]2026-09-18 17:27:13,645 INFO [rev_util_verifiability|paper_align|Qwen3-0.6B] step=108 epoch=0.5255

                                                 

 17%|█▋        | 108/618 [01:42<07:22,  1.15it/s]
 18%|█▊        | 109/618 [01:43<07:30,  1.13it/s]2026-09-18 17:27:14,120 INFO [rev_util_verifiability|paper_align|Qwen3-0.6B] step=109 epoch=0.5304

                                                 

 18%|█▊        | 109/618 [01:43<07:30,  1.13it/s]2026-09-18 17:27:14,613 INFO [rev_util_verifiability|paper_align|Qwen3-0.6B] step=109 epoch=0.5304

                                                 

 18%|█▊        | 109/618 [01:43<07:30,  1.13it/s]
 18%|█▊        | 110/618 [01:44<07:49,  1.08it/s]2026-09-18 17:27:14,982 INFO [rev_util_verifiability|paper_align|Qwen3-0.6B] step=110 loss=1.0187 learning_rate=0.0001 epoch=0.5353

                                                 

 18%|█▊        | 110/618 [01:44<07:49,  1.08it/s]2026-09-18 17:27:15,382 INFO [rev_util_verifiability|paper_align|Qwen3-0.6B] step=110 epoch=0.5353

                                                 

 18%|█▊        | 110/618 [01:44<07:49,  1.08it/s]2026-09-18 17:27:15,792 INFO [rev_util_verifiability|paper_align|Qwen3-0.6B] step=110 epoch=0.5353

                                                 

 18%|█▊        | 110/618 [01:44<07:49,  1.08it/s]
 18%|█▊        | 111/618 [01:45<08:20,  1.01it/s]2026-09-18 17:27:16,250 INFO [rev_util_verifiability|paper_align|Qwen3-0.6B] step=111 epoch=0.5401

                                                 

 18%|█▊        | 111/618 [01:45<08:20,  1.01it/s]2026-09-18 17:27:16,651 INFO [rev_util_verifiability|paper_align|Qwen3-0.6B] step=111 epoch=0.5401

                                                 

 18%|█▊        | 111/618 [01:45<08:20,  1.01it/s]
 18%|█▊        | 112/618 [01:46<07:55,  1.06it/s]2026-09-18 17:27:17,102 INFO [rev_util_verifiability|paper_align|Qwen3-0.6B] step=112 epoch=0.5450

                                                 

 18%|█▊        | 112/618 [01:46<07:55,  1.06it/s]2026-09-18 17:27:17,577 INFO [rev_util_verifiability|paper_align|Qwen3-0.6B] step=112 epoch=0.5450

                                                 

 18%|█▊        | 112/618 [01:46<07:55,  1.06it/s]
 18%|█▊        | 113/618 [01:46<07:56,  1.06it/s]2026-09-18 17:27:18,041 INFO [rev_util_verifiability|paper_align|Qwen3-0.6B] step=113 epoch=0.5499

                                                 

 18%|█▊        | 113/618 [01:47<07:56,  1.06it/s]2026-09-18 17:27:18,505 INFO [rev_util_verifiability|paper_align|Qwen3-0.6B] step=113 epoch=0.5499

                                                 

 18%|█▊        | 113/618 [01:47<07:56,  1.06it/s]
 18%|█▊        | 114/618 [01:47<07:58,  1.05it/s]2026-09-18 17:27:19,020 INFO [rev_util_verifiability|paper_align|Qwen3-0.6B] step=114 epoch=0.5547

                                                 

 18%|█▊        | 114/618 [01:48<07:58,  1.05it/s]2026-09-18 17:27:19,475 INFO [rev_util_verifiability|paper_align|Qwen3-0.6B] step=114 epoch=0.5547

                                                 

 18%|█▊        | 114/618 [01:48<07:58,  1.05it/s]
 19%|█▊        | 115/618 [01:48<07:56,  1.06it/s]2026-09-18 17:27:19,962 INFO [rev_util_verifiability|paper_align|Qwen3-0.6B] step=115 epoch=0.5596

                                                 

 19%|█▊        | 115/618 [01:49<07:56,  1.06it/s]2026-09-18 17:27:20,467 INFO [rev_util_verifiability|paper_align|Qwen3-0.6B] step=115 epoch=0.5596

                                                 

 19%|█▊        | 115/618 [01:49<07:56,  1.06it/s]
 19%|█▉        | 116/618 [01:49<08:10,  1.02it/s]2026-09-18 17:27:20,987 INFO [rev_util_verifiability|paper_align|Qwen3-0.6B] step=116 epoch=0.5645

                                                 

 19%|█▉        | 116/618 [01:50<08:10,  1.02it/s]2026-09-18 17:27:21,383 INFO [rev_util_verifiability|paper_align|Qwen3-0.6B] step=116 epoch=0.5645

                                                 

 19%|█▉        | 116/618 [01:50<08:10,  1.02it/s]
 19%|█▉        | 117/618 [01:50<07:43,  1.08it/s]2026-09-18 17:27:21,790 INFO [rev_util_verifiability|paper_align|Qwen3-0.6B] step=117 epoch=0.5693

                                                 

 19%|█▉        | 117/618 [01:50<07:43,  1.08it/s]2026-09-18 17:27:22,219 INFO [rev_util_verifiability|paper_align|Qwen3-0.6B] step=117 epoch=0.5693

                                                 

 19%|█▉        | 117/618 [01:51<07:43,  1.08it/s]
 19%|█▉        | 118/618 [01:51<07:32,  1.10it/s]2026-09-18 17:27:22,671 INFO [rev_util_verifiability|paper_align|Qwen3-0.6B] step=118 epoch=0.5742

                                                 

 19%|█▉        | 118/618 [01:51<07:32,  1.10it/s]2026-09-18 17:27:23,135 INFO [rev_util_verifiability|paper_align|Qwen3-0.6B] step=118 epoch=0.5742

                                                 

 19%|█▉        | 118/618 [01:52<07:32,  1.10it/s]
 19%|█▉        | 119/618 [01:52<07:30,  1.11it/s]2026-09-18 17:27:23,545 INFO [rev_util_verifiability|paper_align|Qwen3-0.6B] step=119 epoch=0.5791

                                                 

 19%|█▉        | 119/618 [01:52<07:30,  1.11it/s]2026-09-18 17:27:23,990 INFO [rev_util_verifiability|paper_align|Qwen3-0.6B] step=119 epoch=0.5791

                                                 

 19%|█▉        | 119/618 [01:53<07:30,  1.11it/s]
 19%|█▉        | 120/618 [01:53<07:35,  1.09it/s]2026-09-18 17:27:24,354 INFO [rev_util_verifiability|paper_align|Qwen3-0.6B] step=120 loss=1.0483 learning_rate=0.0001 epoch=0.5839

                                                 

 19%|█▉        | 120/618 [01:53<07:35,  1.09it/s]2026-09-18 17:27:24,510 INFO [rev_util_verifiability|paper_align|Qwen3-0.6B] step=120 epoch=0.5839

                                                 

 19%|█▉        | 120/618 [01:53<07:35,  1.09it/s]2026-09-18 17:27:25,248 INFO [rev_util_verifiability|paper_align|Qwen3-0.6B] step=120 epoch=0.5839

                                                 

 19%|█▉        | 120/618 [01:54<07:35,  1.09it/s]
 20%|█▉        | 121/618 [01:54<08:12,  1.01it/s]2026-09-18 17:27:25,665 INFO [rev_util_verifiability|paper_align|Qwen3-0.6B] step=121 epoch=0.5888

                                                 

 20%|█▉        | 121/618 [01:54<08:12,  1.01it/s]2026-09-18 17:27:26,081 INFO [rev_util_verifiability|paper_align|Qwen3-0.6B] step=121 epoch=0.5888

                                                 

 20%|█▉        | 121/618 [01:55<08:12,  1.01it/s]
 20%|█▉        | 122/618 [01:55<07:57,  1.04it/s]2026-09-18 17:27:26,572 INFO [rev_util_verifiability|paper_align|Qwen3-0.6B] step=122 epoch=0.5937

                                                 

 20%|█▉        | 122/618 [01:55<07:57,  1.04it/s]2026-09-18 17:27:27,050 INFO [rev_util_verifiability|paper_align|Qwen3-0.6B] step=122 epoch=0.5937

                                                 

 20%|█▉        | 122/618 [01:56<07:57,  1.04it/s]
 20%|█▉        | 123/618 [01:56<08:00,  1.03it/s]2026-09-18 17:27:27,577 INFO [rev_util_verifiability|paper_align|Qwen3-0.6B] step=123 epoch=0.5985

                                                 

 20%|█▉        | 123/618 [01:56<08:00,  1.03it/s]2026-09-18 17:27:28,072 INFO [rev_util_verifiability|paper_align|Qwen3-0.6B] step=123 epoch=0.5985

                                                 

 20%|█▉        | 123/618 [01:57<08:00,  1.03it/s]
 20%|██        | 124/618 [01:57<08:06,  1.02it/s]2026-09-18 17:27:28,567 INFO [rev_util_verifiability|paper_align|Qwen3-0.6B] step=124 epoch=0.6034

                                                 

 20%|██        | 124/618 [01:57<08:06,  1.02it/s]2026-09-18 17:27:29,036 INFO [rev_util_verifiability|paper_align|Qwen3-0.6B] step=124 epoch=0.6034

                                                 

 20%|██        | 124/618 [01:58<08:06,  1.02it/s]
 20%|██        | 125/618 [01:58<08:03,  1.02it/s]2026-09-18 17:27:29,521 INFO [rev_util_verifiability|paper_align|Qwen3-0.6B] step=125 epoch=0.6083

                                                 

 20%|██        | 125/618 [01:58<08:03,  1.02it/s]2026-09-18 17:27:29,895 INFO [rev_util_verifiability|paper_align|Qwen3-0.6B] step=125 epoch=0.6083

                                                 

 20%|██        | 125/618 [01:58<08:03,  1.02it/s]
 20%|██        | 126/618 [01:59<07:27,  1.10it/s]2026-09-18 17:27:30,292 INFO [rev_util_verifiability|paper_align|Qwen3-0.6B] step=126 epoch=0.6131

                                                 
{'paper_align_label_loss': '0.2254', 'paper_align_reason_loss': '0.8581', 'epoch': '0.4088'}
{'paper_align_label_loss': '0.3284', 'paper_align_reason_loss': '1.225', 'epoch': '0.4088'}
{'paper_align_label_loss': '0.2565', 'paper_align_reason_loss': '1.236', 'epoch': '0.4136'}
{'paper_align_label_loss': '0.0611', 'paper_align_reason_loss': '1.086', 'epoch': '0.4136'}
{'paper_align_label_loss': '0.07244', 'paper_align_reason_loss': '1.152', 'epoch': '0.4185'}
{'paper_align_label_loss': '0.1031', 'paper_align_reason_loss': '1.279', 'epoch': '0.4185'}
{'paper_align_label_loss': '0.2768', 'paper_align_reason_loss': '1.198', 'epoch': '0.4234'}
{'paper_align_label_loss': '0.05844', 'paper_align_reason_loss': '0.9229', 'epoch': '0.4234'}
{'paper_align_label_loss': '0.1203', 'paper_align_reason_loss': '0.825', 'epoch': '0.4282'}
{'paper_align_label_loss': '0.2316', 'paper_align_reason_loss': '1.114', 'epoch': '0.4282'}
{'paper_align_label_loss': '0.04171', 'paper_align_reason_loss': '0.7469', 'epoch': '0.4331'}
{'paper_align_label_loss': '0.1904', 'paper_align_reason_loss': '1.011', 'epoch': '0.4331'}
{'loss': '1.15', 'grad_norm': '1.821', 'learning_rate': '9.667e-05', 'epoch': '0.438'}
{'paper_align_label_loss': '0.06279', 'paper_align_reason_loss': '0.9284', 'epoch': '0.438'}
{'paper_align_label_loss': '0.08599', 'paper_align_reason_loss': '0.8789', 'epoch': '0.438'}
{'paper_align_label_loss': '0.07741', 'paper_align_reason_loss': '0.9259', 'epoch': '0.4428'}
{'paper_align_label_loss': '0.04612', 'paper_align_reason_loss': '0.9771', 'epoch': '0.4428'}
{'paper_align_label_loss': '0.1058', 'paper_align_reason_loss': '1.179', 'epoch': '0.4477'}
{'paper_align_label_loss': '0.1456', 'paper_align_reason_loss': '1.191', 'epoch': '0.4477'}
{'paper_align_label_loss': '0.1187', 'paper_align_reason_loss': '0.8366', 'epoch': '0.4526'}
{'paper_align_label_loss': '0.08028', 'paper_align_reason_loss': '1.08', 'epoch': '0.4526'}
{'paper_align_label_loss': '0.03127', 'paper_align_reason_loss': '0.834', 'epoch': '0.4574'}
{'paper_align_label_loss': '0.07268', 'paper_align_reason_loss': '0.8912', 'epoch': '0.4574'}
{'paper_align_label_loss': '0.1143', 'paper_align_reason_loss': '0.9643', 'epoch': '0.4623'}
{'paper_align_label_loss': '0.08654', 'paper_align_reason_loss': '1.188', 'epoch': '0.4623'}
{'paper_align_label_loss': '0.05875', 'paper_align_reason_loss': '1.196', 'epoch': '0.4672'}
{'paper_align_label_loss': '0.07916', 'paper_align_reason_loss': '1.013', 'epoch': '0.4672'}
{'paper_align_label_loss': '0.09803', 'paper_align_reason_loss': '0.817', 'epoch': '0.472'}
{'paper_align_label_loss': '0.09493', 'paper_align_reason_loss': '0.9952', 'epoch': '0.472'}
{'paper_align_label_loss': '0.005393', 'paper_align_reason_loss': '0.7039', 'epoch': '0.4769'}
{'paper_align_label_loss': '0.09293', 'paper_align_reason_loss': '1.136', 'epoch': '0.4769'}
{'paper_align_label_loss': '0.0353', 'paper_align_reason_loss': '0.7836', 'epoch': '0.4818'}
{'paper_align_label_loss': '0.05662', 'paper_align_reason_loss': '0.9554', 'epoch': '0.4818'}
{'loss': '1.051', 'grad_norm': '1.457', 'learning_rate': '9.566e-05', 'epoch': '0.4866'}
{'paper_align_label_loss': '0.1251', 'paper_align_reason_loss': '1.007', 'epoch': '0.4866'}
{'paper_align_label_loss': '0.04666', 'paper_align_reason_loss': '0.8241', 'epoch': '0.4866'}
{'paper_align_label_loss': '0.02238', 'paper_align_reason_loss': '0.8863', 'epoch': '0.4915'}
{'paper_align_label_loss': '0.1165', 'paper_align_reason_loss': '0.7794', 'epoch': '0.4915'}
{'paper_align_label_loss': '0.0883', 'paper_align_reason_loss': '0.7758', 'epoch': '0.4964'}
{'paper_align_label_loss': '0.1173', 'paper_align_reason_loss': '1.035', 'epoch': '0.4964'}
{'paper_align_label_loss': '0.124', 'paper_align_reason_loss': '0.963', 'epoch': '0.5012'}
{'paper_align_label_loss': '0.009984', 'paper_align_reason_loss': '0.873', 'epoch': '0.5012'}
{'paper_align_label_loss': '0.05737', 'paper_align_reason_loss': '1.019', 'epoch': '0.5061'}
{'paper_align_label_loss': '0.1439', 'paper_align_reason_loss': '0.8656', 'epoch': '0.5061'}
{'paper_align_label_loss': '0.1114', 'paper_align_reason_loss': '0.8677', 'epoch': '0.5109'}
{'paper_align_label_loss': '0.04003', 'paper_align_reason_loss': '0.818', 'epoch': '0.5109'}
{'paper_align_label_loss': '0.0984', 'paper_align_reason_loss': '0.7759', 'epoch': '0.5158'}
{'paper_align_label_loss': '0.00395', 'paper_align_reason_loss': '0.8878', 'epoch': '0.5158'}
{'paper_align_label_loss': '0.09034', 'paper_align_reason_loss': '0.8141', 'epoch': '0.5207'}
{'paper_align_label_loss': '0.1197', 'paper_align_reason_loss': '1.07', 'epoch': '0.5207'}
{'paper_align_label_loss': '0.273', 'paper_align_reason_loss': '1.376', 'epoch': '0.5255'}
{'paper_align_label_loss': '0.01476', 'paper_align_reason_loss': '0.8222', 'epoch': '0.5255'}
{'paper_align_label_loss': '0.05967', 'paper_align_reason_loss': '1.121', 'epoch': '0.5304'}
{'paper_align_label_loss': '0.06233', 'paper_align_reason_loss': '1.069', 'epoch': '0.5304'}
{'loss': '1.019', 'grad_norm': '1.756', 'learning_rate': '9.453e-05', 'epoch': '0.5353'}
{'paper_align_label_loss': '0.1518', 'paper_align_reason_loss': '0.9797', 'epoch': '0.5353'}
{'paper_align_label_loss': '0.02231', 'paper_align_reason_loss': '0.8942', 'epoch': '0.5353'}
{'paper_align_label_loss': '0.125', 'paper_align_reason_loss': '1.028', 'epoch': '0.5401'}
{'paper_align_label_loss': '0.07636', 'paper_align_reason_loss': '0.8005', 'epoch': '0.5401'}
{'paper_align_label_loss': '0.062', 'paper_align_reason_loss': '1.034', 'epoch': '0.545'}
{'paper_align_label_loss': '0.01498', 'paper_align_reason_loss': '0.7809', 'epoch': '0.545'}
{'paper_align_label_loss': '0.05721', 'paper_align_reason_loss': '0.9601', 'epoch': '0.5499'}
{'paper_align_label_loss': '0.09857', 'paper_align_reason_loss': '1.031', 'epoch': '0.5499'}
{'paper_align_label_loss': '0.08802', 'paper_align_reason_loss': '0.917', 'epoch': '0.5547'}
{'paper_align_label_loss': '0.1112', 'paper_align_reason_loss': '1.063', 'epoch': '0.5547'}
{'paper_align_label_loss': '0.09939', 'paper_align_reason_loss': '0.7386', 'epoch': '0.5596'}
{'paper_align_label_loss': '0.1873', 'paper_align_reason_loss': '1.156', 'epoch': '0.5596'}
{'paper_align_label_loss': '0.01762', 'paper_align_reason_loss': '0.9192', 'epoch': '0.5645'}
{'paper_align_label_loss': '0.06645', 'paper_align_reason_loss': '0.6565', 'epoch': '0.5645'}
{'paper_align_label_loss': '0.1403', 'paper_align_reason_loss': '0.9361', 'epoch': '0.5693'}
{'paper_align_label_loss': '0.1479', 'paper_align_reason_loss': '0.9567', 'epoch': '0.5693'}
{'paper_align_label_loss': '0.09824', 'paper_align_reason_loss': '1.176', 'epoch': '0.5742'}
{'paper_align_label_loss': '0.0296', 'paper_align_reason_loss': '0.8975', 'epoch': '0.5742'}
{'paper_align_label_loss': '0.07182', 'paper_align_reason_loss': '1.007', 'epoch': '0.5791'}
{'paper_align_label_loss': '0.1906', 'paper_align_reason_loss': '1.179', 'epoch': '0.5791'}
{'loss': '1.048', 'grad_norm': '2.189', 'learning_rate': '9.328e-05', 'epoch': '0.5839'}
{'paper_align_label_loss': '0.2026', 'paper_align_reason_loss': '1.211', 'epoch': '0.5839'}
{'paper_align_label_loss': '0.1729', 'paper_align_reason_loss': '0.8103', 'epoch': '0.5839'}
{'paper_align_label_loss': '0.08789', 'paper_align_reason_loss': '0.8775', 'epoch': '0.5888'}
{'paper_align_label_loss': '0.07839', 'paper_align_reason_loss': '0.9057', 'epoch': '0.5888'}
{'paper_align_label_loss': '0.1215', 'paper_align_reason_loss': '1.222', 'epoch': '0.5937'}
{'paper_align_label_loss': '0.1173', 'paper_align_reason_loss': '1.154', 'epoch': '0.5937'}
{'paper_align_label_loss': '0.07964', 'paper_align_reason_loss': '0.7837', 'epoch': '0.5985'}
{'paper_align_label_loss': '0.1381', 'paper_align_reason_loss': '1.086', 'epoch': '0.5985'}
{'paper_align_label_loss': '0.1569', 'paper_align_reason_loss': '0.8181', 'epoch': '0.6034'}
{'paper_align_label_loss': '0.03687', 'paper_align_reason_loss': '0.8617', 'epoch': '0.6034'}
{'paper_align_label_loss': '0.07531', 'paper_align_reason_loss': '0.867', 'epoch': '0.6083'}
{'paper_align_label_loss': '0.03355', 'paper_align_reason_loss': '0.6273', 'epoch': '0.6083'}

 20%|██        | 126/618 [01:59<07:27,  1.10it/s]2026-09-18 17:27:30,753 INFO [rev_util_verifiability|paper_align|Qwen3-0.6B] step=126 epoch=0.6131

                                                 

 20%|██        | 126/618 [01:59<07:27,  1.10it/s]
 21%|██        | 127/618 [02:00<07:24,  1.10it/s]2026-09-18 17:27:31,172 INFO [rev_util_verifiability|paper_align|Qwen3-0.6B] step=127 epoch=0.6180

                                                 

 21%|██        | 127/618 [02:00<07:24,  1.10it/s]2026-09-18 17:27:31,581 INFO [rev_util_verifiability|paper_align|Qwen3-0.6B] step=127 epoch=0.6180

                                                 

 21%|██        | 127/618 [02:00<07:24,  1.10it/s]
 21%|██        | 128/618 [02:00<07:06,  1.15it/s]2026-09-18 17:27:31,964 INFO [rev_util_verifiability|paper_align|Qwen3-0.6B] step=128 epoch=0.6229

                                                 

 21%|██        | 128/618 [02:01<07:06,  1.15it/s]2026-09-18 17:27:32,379 INFO [rev_util_verifiability|paper_align|Qwen3-0.6B] step=128 epoch=0.6229

                                                 

 21%|██        | 128/618 [02:01<07:06,  1.15it/s]
 21%|██        | 129/618 [02:01<06:55,  1.18it/s]2026-09-18 17:27:32,768 INFO [rev_util_verifiability|paper_align|Qwen3-0.6B] step=129 epoch=0.6277

                                                 

 21%|██        | 129/618 [02:01<06:55,  1.18it/s]2026-09-18 17:27:33,212 INFO [rev_util_verifiability|paper_align|Qwen3-0.6B] step=129 epoch=0.6277

                                                 

 21%|██        | 129/618 [02:02<06:55,  1.18it/s]
 21%|██        | 130/618 [02:02<07:02,  1.15it/s]2026-09-18 17:27:33,529 INFO [rev_util_verifiability|paper_align|Qwen3-0.6B] step=130 loss=1.0103 learning_rate=0.0001 epoch=0.6326

                                                 

 21%|██        | 130/618 [02:02<07:02,  1.15it/s]2026-09-18 17:27:33,675 INFO [rev_util_verifiability|paper_align|Qwen3-0.6B] step=130 epoch=0.6326

                                                 

 21%|██        | 130/618 [02:02<07:02,  1.15it/s]2026-09-18 17:27:34,348 INFO [rev_util_verifiability|paper_align|Qwen3-0.6B] step=130 epoch=0.6326

                                                 

 21%|██        | 130/618 [02:03<07:02,  1.15it/s]
 21%|██        | 131/618 [02:03<07:40,  1.06it/s]2026-09-18 17:27:34,794 INFO [rev_util_verifiability|paper_align|Qwen3-0.6B] step=131 epoch=0.6375

                                                 

 21%|██        | 131/618 [02:03<07:40,  1.06it/s]2026-09-18 17:27:35,215 INFO [rev_util_verifiability|paper_align|Qwen3-0.6B] step=131 epoch=0.6375

                                                 

 21%|██        | 131/618 [02:04<07:40,  1.06it/s]
 21%|██▏       | 132/618 [02:04<07:24,  1.09it/s]2026-09-18 17:27:35,634 INFO [rev_util_verifiability|paper_align|Qwen3-0.6B] step=132 epoch=0.6423

                                                 

 21%|██▏       | 132/618 [02:04<07:24,  1.09it/s]2026-09-18 17:27:36,060 INFO [rev_util_verifiability|paper_align|Qwen3-0.6B] step=132 epoch=0.6423

                                                 

 21%|██▏       | 132/618 [02:05<07:24,  1.09it/s]
 22%|██▏       | 133/618 [02:05<07:26,  1.09it/s]2026-09-18 17:27:36,589 INFO [rev_util_verifiability|paper_align|Qwen3-0.6B] step=133 epoch=0.6472

                                                 

 22%|██▏       | 133/618 [02:05<07:26,  1.09it/s]2026-09-18 17:27:37,047 INFO [rev_util_verifiability|paper_align|Qwen3-0.6B] step=133 epoch=0.6472

                                                 

 22%|██▏       | 133/618 [02:06<07:26,  1.09it/s]
 22%|██▏       | 134/618 [02:06<07:20,  1.10it/s]2026-09-18 17:27:37,463 INFO [rev_util_verifiability|paper_align|Qwen3-0.6B] step=134 epoch=0.6521

                                                 

 22%|██▏       | 134/618 [02:06<07:20,  1.10it/s]2026-09-18 17:27:37,922 INFO [rev_util_verifiability|paper_align|Qwen3-0.6B] step=134 epoch=0.6521

                                                 

 22%|██▏       | 134/618 [02:06<07:20,  1.10it/s]
 22%|██▏       | 135/618 [02:07<07:23,  1.09it/s]2026-09-18 17:27:38,406 INFO [rev_util_verifiability|paper_align|Qwen3-0.6B] step=135 epoch=0.6569

                                                 

 22%|██▏       | 135/618 [02:07<07:23,  1.09it/s]2026-09-18 17:27:38,887 INFO [rev_util_verifiability|paper_align|Qwen3-0.6B] step=135 epoch=0.6569

                                                 

 22%|██▏       | 135/618 [02:07<07:23,  1.09it/s]
 22%|██▏       | 136/618 [02:08<07:37,  1.05it/s]2026-09-18 17:27:39,434 INFO [rev_util_verifiability|paper_align|Qwen3-0.6B] step=136 epoch=0.6618

                                                 

 22%|██▏       | 136/618 [02:08<07:37,  1.05it/s]2026-09-18 17:27:39,915 INFO [rev_util_verifiability|paper_align|Qwen3-0.6B] step=136 epoch=0.6618

                                                 

 22%|██▏       | 136/618 [02:08<07:37,  1.05it/s]
 22%|██▏       | 137/618 [02:09<07:38,  1.05it/s]2026-09-18 17:27:40,393 INFO [rev_util_verifiability|paper_align|Qwen3-0.6B] step=137 epoch=0.6667

                                                 

 22%|██▏       | 137/618 [02:09<07:38,  1.05it/s]2026-09-18 17:27:40,878 INFO [rev_util_verifiability|paper_align|Qwen3-0.6B] step=137 epoch=0.6667

                                                 

 22%|██▏       | 137/618 [02:09<07:38,  1.05it/s]
 22%|██▏       | 138/618 [02:10<07:40,  1.04it/s]2026-09-18 17:27:41,362 INFO [rev_util_verifiability|paper_align|Qwen3-0.6B] step=138 epoch=0.6715

                                                 

 22%|██▏       | 138/618 [02:10<07:40,  1.04it/s]2026-09-18 17:27:41,808 INFO [rev_util_verifiability|paper_align|Qwen3-0.6B] step=138 epoch=0.6715

                                                 

 22%|██▏       | 138/618 [02:10<07:40,  1.04it/s]
 22%|██▏       | 139/618 [02:11<07:28,  1.07it/s]2026-09-18 17:27:42,244 INFO [rev_util_verifiability|paper_align|Qwen3-0.6B] step=139 epoch=0.6764

                                                 

 22%|██▏       | 139/618 [02:11<07:28,  1.07it/s]2026-09-18 17:27:42,700 INFO [rev_util_verifiability|paper_align|Qwen3-0.6B] step=139 epoch=0.6764

                                                 

 22%|██▏       | 139/618 [02:11<07:28,  1.07it/s]
 23%|██▎       | 140/618 [02:12<07:25,  1.07it/s]2026-09-18 17:27:43,024 INFO [rev_util_verifiability|paper_align|Qwen3-0.6B] step=140 loss=1.0868 learning_rate=0.0001 epoch=0.6813

                                                 

 23%|██▎       | 140/618 [02:12<07:25,  1.07it/s]2026-09-18 17:27:43,171 INFO [rev_util_verifiability|paper_align|Qwen3-0.6B] step=140 epoch=0.6813

                                                 

 23%|██▎       | 140/618 [02:12<07:25,  1.07it/s]2026-09-18 17:27:43,633 INFO [rev_util_verifiability|paper_align|Qwen3-0.6B] step=140 epoch=0.6813

                                                 

 23%|██▎       | 140/618 [02:12<07:25,  1.07it/s]
 23%|██▎       | 141/618 [02:13<07:29,  1.06it/s]2026-09-18 17:27:44,392 INFO [rev_util_verifiability|paper_align|Qwen3-0.6B] step=141 epoch=0.6861

                                                 

 23%|██▎       | 141/618 [02:13<07:29,  1.06it/s]2026-09-18 17:27:44,777 INFO [rev_util_verifiability|paper_align|Qwen3-0.6B] step=141 epoch=0.6861

                                                 

 23%|██▎       | 141/618 [02:13<07:29,  1.06it/s]
 23%|██▎       | 142/618 [02:14<07:57,  1.00s/it]2026-09-18 17:27:45,258 INFO [rev_util_verifiability|paper_align|Qwen3-0.6B] step=142 epoch=0.6910

                                                 

 23%|██▎       | 142/618 [02:14<07:57,  1.00s/it]2026-09-18 17:27:45,674 INFO [rev_util_verifiability|paper_align|Qwen3-0.6B] step=142 epoch=0.6910

                                                 

 23%|██▎       | 142/618 [02:14<07:57,  1.00s/it]
 23%|██▎       | 143/618 [02:15<07:43,  1.03it/s]2026-09-18 17:27:46,180 INFO [rev_util_verifiability|paper_align|Qwen3-0.6B] step=143 epoch=0.6959

                                                 

 23%|██▎       | 143/618 [02:15<07:43,  1.03it/s]2026-09-18 17:27:46,614 INFO [rev_util_verifiability|paper_align|Qwen3-0.6B] step=143 epoch=0.6959

                                                 

 23%|██▎       | 143/618 [02:15<07:43,  1.03it/s]
 23%|██▎       | 144/618 [02:16<07:31,  1.05it/s]2026-09-18 17:27:47,066 INFO [rev_util_verifiability|paper_align|Qwen3-0.6B] step=144 epoch=0.7007

                                                 

 23%|██▎       | 144/618 [02:16<07:31,  1.05it/s]2026-09-18 17:27:47,458 INFO [rev_util_verifiability|paper_align|Qwen3-0.6B] step=144 epoch=0.7007

                                                 

 23%|██▎       | 144/618 [02:16<07:31,  1.05it/s]
 23%|██▎       | 145/618 [02:16<07:14,  1.09it/s]2026-09-18 17:27:47,939 INFO [rev_util_verifiability|paper_align|Qwen3-0.6B] step=145 epoch=0.7056

                                                 

 23%|██▎       | 145/618 [02:16<07:14,  1.09it/s]2026-09-18 17:27:48,443 INFO [rev_util_verifiability|paper_align|Qwen3-0.6B] step=145 epoch=0.7056

                                                 

 23%|██▎       | 145/618 [02:17<07:14,  1.09it/s]
 24%|██▎       | 146/618 [02:17<07:24,  1.06it/s]2026-09-18 17:27:48,932 INFO [rev_util_verifiability|paper_align|Qwen3-0.6B] step=146 epoch=0.7105

                                                 

 24%|██▎       | 146/618 [02:17<07:24,  1.06it/s]2026-09-18 17:27:49,424 INFO [rev_util_verifiability|paper_align|Qwen3-0.6B] step=146 epoch=0.7105

                                                 

 24%|██▎       | 146/618 [02:18<07:24,  1.06it/s]
 24%|██▍       | 147/618 [02:18<07:29,  1.05it/s]2026-09-18 17:27:49,886 INFO [rev_util_verifiability|paper_align|Qwen3-0.6B] step=147 epoch=0.7153

                                                 

 24%|██▍       | 147/618 [02:18<07:29,  1.05it/s]2026-09-18 17:27:50,283 INFO [rev_util_verifiability|paper_align|Qwen3-0.6B] step=147 epoch=0.7153

                                                 

 24%|██▍       | 147/618 [02:19<07:29,  1.05it/s]
 24%|██▍       | 148/618 [02:19<07:12,  1.09it/s]2026-09-18 17:27:50,758 INFO [rev_util_verifiability|paper_align|Qwen3-0.6B] step=148 epoch=0.7202

                                                 

 24%|██▍       | 148/618 [02:19<07:12,  1.09it/s]2026-09-18 17:27:51,246 INFO [rev_util_verifiability|paper_align|Qwen3-0.6B] step=148 epoch=0.7202

                                                 

 24%|██▍       | 148/618 [02:20<07:12,  1.09it/s]
 24%|██▍       | 149/618 [02:20<07:20,  1.06it/s]2026-09-18 17:27:51,716 INFO [rev_util_verifiability|paper_align|Qwen3-0.6B] step=149 epoch=0.7251

                                                 

 24%|██▍       | 149/618 [02:20<07:20,  1.06it/s]2026-09-18 17:27:52,125 INFO [rev_util_verifiability|paper_align|Qwen3-0.6B] step=149 epoch=0.7251

                                                 

 24%|██▍       | 149/618 [02:21<07:20,  1.06it/s]
 24%|██▍       | 150/618 [02:21<07:07,  1.09it/s]2026-09-18 17:27:52,436 INFO [rev_util_verifiability|paper_align|Qwen3-0.6B] step=150 loss=1.0145 learning_rate=0.0001 epoch=0.7299

                                                 

 24%|██▍       | 150/618 [02:21<07:07,  1.09it/s]2026-09-18 17:27:52,596 INFO [rev_util_verifiability|paper_align|Qwen3-0.6B] step=150 epoch=0.7299

                                                 

 24%|██▍       | 150/618 [02:21<07:07,  1.09it/s]2026-09-18 17:27:53,086 INFO [rev_util_verifiability|paper_align|Qwen3-0.6B] step=150 epoch=0.7299

                                                 

 24%|██▍       | 150/618 [02:22<07:07,  1.09it/s]
 24%|██▍       | 151/618 [02:22<07:17,  1.07it/s]2026-09-18 17:27:53,878 INFO [rev_util_verifiability|paper_align|Qwen3-0.6B] step=151 epoch=0.7348

                                                 

 24%|██▍       | 151/618 [02:22<07:17,  1.07it/s]2026-09-18 17:27:54,354 INFO [rev_util_verifiability|paper_align|Qwen3-0.6B] step=151 epoch=0.7348

                                                 

 24%|██▍       | 151/618 [02:23<07:17,  1.07it/s]
 25%|██▍       | 152/618 [02:23<07:59,  1.03s/it]2026-09-18 17:27:54,815 INFO [rev_util_verifiability|paper_align|Qwen3-0.6B] step=152 epoch=0.7397

                                                 

 25%|██▍       | 152/618 [02:23<07:59,  1.03s/it]2026-09-18 17:27:55,257 INFO [rev_util_verifiability|paper_align|Qwen3-0.6B] step=152 epoch=0.7397

                                                 

 25%|██▍       | 152/618 [02:24<07:59,  1.03s/it]
 25%|██▍       | 153/618 [02:24<07:39,  1.01it/s]2026-09-18 17:27:55,698 INFO [rev_util_verifiability|paper_align|Qwen3-0.6B] step=153 epoch=0.7445

                                                 

 25%|██▍       | 153/618 [02:24<07:39,  1.01it/s]2026-09-18 17:27:56,104 INFO [rev_util_verifiability|paper_align|Qwen3-0.6B] step=153 epoch=0.7445

                                                 

 25%|██▍       | 153/618 [02:25<07:39,  1.01it/s]
 25%|██▍       | 154/618 [02:25<07:15,  1.06it/s]2026-09-18 17:27:56,542 INFO [rev_util_verifiability|paper_align|Qwen3-0.6B] step=154 epoch=0.7494

                                                 

 25%|██▍       | 154/618 [02:25<07:15,  1.06it/s]2026-09-18 17:27:56,999 INFO [rev_util_verifiability|paper_align|Qwen3-0.6B] step=154 epoch=0.7494

                                                 

 25%|██▍       | 154/618 [02:26<07:15,  1.06it/s]
 25%|██▌       | 155/618 [02:26<07:14,  1.07it/s]2026-09-18 17:27:57,466 INFO [rev_util_verifiability|paper_align|Qwen3-0.6B] step=155 epoch=0.7543

                                                 

 25%|██▌       | 155/618 [02:26<07:14,  1.07it/s]2026-09-18 17:27:57,907 INFO [rev_util_verifiability|paper_align|Qwen3-0.6B] step=155 epoch=0.7543

                                                 

 25%|██▌       | 155/618 [02:26<07:14,  1.07it/s]
 25%|██▌       | 156/618 [02:27<07:03,  1.09it/s]2026-09-18 17:27:58,335 INFO [rev_util_verifiability|paper_align|Qwen3-0.6B] step=156 epoch=0.7591

                                                 

 25%|██▌       | 156/618 [02:27<07:03,  1.09it/s]2026-09-18 17:27:58,756 INFO [rev_util_verifiability|paper_align|Qwen3-0.6B] step=156 epoch=0.7591

                                                 

 25%|██▌       | 156/618 [02:27<07:03,  1.09it/s]
 25%|██▌       | 157/618 [02:28<06:47,  1.13it/s]2026-09-18 17:27:59,129 INFO [rev_util_verifiability|paper_align|Qwen3-0.6B] step=157 epoch=0.7640

                                                 

 25%|██▌       | 157/618 [02:28<06:47,  1.13it/s]2026-09-18 17:27:59,531 INFO [rev_util_verifiability|paper_align|Qwen3-0.6B] step=157 epoch=0.7640

                                                 

 25%|██▌       | 157/618 [02:28<06:47,  1.13it/s]
 26%|██▌       | 158/618 [02:28<06:40,  1.15it/s]2026-09-18 17:27:59,970 INFO [rev_util_verifiability|paper_align|Qwen3-0.6B] step=158 epoch=0.7689

                                                 

 26%|██▌       | 158/618 [02:29<06:40,  1.15it/s]2026-09-18 17:28:00,386 INFO [rev_util_verifiability|paper_align|Qwen3-0.6B] step=158 epoch=0.7689

                                                 

 26%|██▌       | 158/618 [02:29<06:40,  1.15it/s]
 26%|██▌       | 159/618 [02:29<06:43,  1.14it/s]2026-09-18 17:28:00,896 INFO [rev_util_verifiability|paper_align|Qwen3-0.6B] step=159 epoch=0.7737

                                                 

 26%|██▌       | 159/618 [02:29<06:43,  1.14it/s]2026-09-18 17:28:01,390 INFO [rev_util_verifiability|paper_align|Qwen3-0.6B] step=159 epoch=0.7737

                                                 

 26%|██▌       | 159/618 [02:30<06:43,  1.14it/s]
 26%|██▌       | 160/618 [02:30<07:00,  1.09it/s]2026-09-18 17:28:01,747 INFO [rev_util_verifiability|paper_align|Qwen3-0.6B] step=160 loss=1.0433 learning_rate=0.0001 epoch=0.7786

                                                 

 26%|██▌       | 160/618 [02:30<07:00,  1.09it/s]2026-09-18 17:28:01,885 INFO [rev_util_verifiability|paper_align|Qwen3-0.6B] step=160 epoch=0.7786

                                                 

 26%|██▌       | 160/618 [02:30<07:00,  1.09it/s]2026-09-18 17:28:02,317 INFO [rev_util_verifiability|paper_align|Qwen3-0.6B] step=160 epoch=0.7786

                                                 

 26%|██▌       | 160/618 [02:31<07:00,  1.09it/s]
 26%|██▌       | 161/618 [02:31<06:56,  1.10it/s]2026-09-18 17:28:02,801 INFO [rev_util_verifiability|paper_align|Qwen3-0.6B] step=161 epoch=0.7835

                                                 

 26%|██▌       | 161/618 [02:31<06:56,  1.10it/s]2026-09-18 17:28:03,534 INFO [rev_util_verifiability|paper_align|Qwen3-0.6B] step=161 epoch=0.7835

                                                 

 26%|██▌       | 161/618 [02:32<06:56,  1.10it/s]
 26%|██▌       | 162/618 [02:32<07:40,  1.01s/it]2026-09-18 17:28:04,001 INFO [rev_util_verifiability|paper_align|Qwen3-0.6B] step=162 epoch=0.7883

                                                 

 26%|██▌       | 162/618 [02:33<07:40,  1.01s/it]2026-09-18 17:28:04,386 INFO [rev_util_verifiability|paper_align|Qwen3-0.6B] step=162 epoch=0.7883

                                                 

 26%|██▌       | 162/618 [02:33<07:40,  1.01s/it]
 26%|██▋       | 163/618 [02:33<07:20,  1.03it/s]2026-09-18 17:28:04,909 INFO [rev_util_verifiability|paper_align|Qwen3-0.6B] step=163 epoch=0.7932

                                                 

 26%|██▋       | 163/618 [02:33<07:20,  1.03it/s]2026-09-18 17:28:05,379 INFO [rev_util_verifiability|paper_align|Qwen3-0.6B] step=163 epoch=0.7932

                                                 

 26%|██▋       | 163/618 [02:34<07:20,  1.03it/s]
 27%|██▋       | 164/618 [02:34<07:20,  1.03it/s]2026-09-18 17:28:05,884 INFO [rev_util_verifiability|paper_align|Qwen3-0.6B] step=164 epoch=0.7981

                                                 

 27%|██▋       | 164/618 [02:34<07:20,  1.03it/s]2026-09-18 17:28:06,358 INFO [rev_util_verifiability|paper_align|Qwen3-0.6B] step=164 epoch=0.7981

                                                 

 27%|██▋       | 164/618 [02:35<07:20,  1.03it/s]
 27%|██▋       | 165/618 [02:35<07:21,  1.03it/s]2026-09-18 17:28:06,848 INFO [rev_util_verifiability|paper_align|Qwen3-0.6B] step=165 epoch=0.8029

                                                 

 27%|██▋       | 165/618 [02:35<07:21,  1.03it/s]2026-09-18 17:28:07,266 INFO [rev_util_verifiability|paper_align|Qwen3-0.6B] step=165 epoch=0.8029

                                                 

 27%|██▋       | 165/618 [02:36<07:21,  1.03it/s]
 27%|██▋       | 166/618 [02:36<07:07,  1.06it/s]2026-09-18 17:28:07,748 INFO [rev_util_verifiability|paper_align|Qwen3-0.6B] step=166 epoch=0.8078

                                                 

 27%|██▋       | 166/618 [02:36<07:07,  1.06it/s]2026-09-18 17:28:08,201 INFO [rev_util_verifiability|paper_align|Qwen3-0.6B] step=166 epoch=0.8078

                                                 

 27%|██▋       | 166/618 [02:37<07:07,  1.06it/s]
 27%|██▋       | 167/618 [02:37<06:54,  1.09it/s]2026-09-18 17:28:08,593 INFO [rev_util_verifiability|paper_align|Qwen3-0.6B] step=167 epoch=0.8127

                                                 

 27%|██▋       | 167/618 [02:37<06:54,  1.09it/s]2026-09-18 17:28:09,048 INFO [rev_util_verifiability|paper_align|Qwen3-0.6B] step=167 epoch=0.8127

                                                 

 27%|██▋       | 167/618 [02:38<06:54,  1.09it/s]
 27%|██▋       | 168/618 [02:38<06:58,  1.08it/s]2026-09-18 17:28:09,547 INFO [rev_util_verifiability|paper_align|Qwen3-0.6B] step=168 epoch=0.8175

                                                 
{'paper_align_label_loss': '0.07431', 'paper_align_reason_loss': '1.22', 'epoch': '0.6131'}
{'paper_align_label_loss': '0.04087', 'paper_align_reason_loss': '1.067', 'epoch': '0.6131'}
{'paper_align_label_loss': '0.02567', 'paper_align_reason_loss': '1.001', 'epoch': '0.618'}
{'paper_align_label_loss': '0.03958', 'paper_align_reason_loss': '0.7555', 'epoch': '0.618'}
{'paper_align_label_loss': '0.08759', 'paper_align_reason_loss': '0.7102', 'epoch': '0.6229'}
{'paper_align_label_loss': '0.02594', 'paper_align_reason_loss': '0.5841', 'epoch': '0.6229'}
{'paper_align_label_loss': '0.1043', 'paper_align_reason_loss': '0.9201', 'epoch': '0.6277'}
{'paper_align_label_loss': '0.1533', 'paper_align_reason_loss': '0.871', 'epoch': '0.6277'}
{'loss': '1.01', 'grad_norm': '1.966', 'learning_rate': '9.191e-05', 'epoch': '0.6326'}
{'paper_align_label_loss': '0.03528', 'paper_align_reason_loss': '0.8811', 'epoch': '0.6326'}
{'paper_align_label_loss': '0.06704', 'paper_align_reason_loss': '0.8971', 'epoch': '0.6326'}
{'paper_align_label_loss': '0.04697', 'paper_align_reason_loss': '0.9017', 'epoch': '0.6375'}
{'paper_align_label_loss': '0.227', 'paper_align_reason_loss': '0.97', 'epoch': '0.6375'}
{'paper_align_label_loss': '0.1084', 'paper_align_reason_loss': '0.8968', 'epoch': '0.6423'}
{'paper_align_label_loss': '0.07097', 'paper_align_reason_loss': '0.8709', 'epoch': '0.6423'}
{'paper_align_label_loss': '0.05711', 'paper_align_reason_loss': '1.127', 'epoch': '0.6472'}
{'paper_align_label_loss': '0.1776', 'paper_align_reason_loss': '0.9548', 'epoch': '0.6472'}
{'paper_align_label_loss': '0.0734', 'paper_align_reason_loss': '1.036', 'epoch': '0.6521'}
{'paper_align_label_loss': '0.12', 'paper_align_reason_loss': '1.202', 'epoch': '0.6521'}
{'paper_align_label_loss': '0.1159', 'paper_align_reason_loss': '0.9044', 'epoch': '0.6569'}
{'paper_align_label_loss': '0.06232', 'paper_align_reason_loss': '0.8939', 'epoch': '0.6569'}
{'paper_align_label_loss': '0.1229', 'paper_align_reason_loss': '1.195', 'epoch': '0.6618'}
{'paper_align_label_loss': '0.08547', 'paper_align_reason_loss': '0.9661', 'epoch': '0.6618'}
{'paper_align_label_loss': '0.08162', 'paper_align_reason_loss': '1.203', 'epoch': '0.6667'}
{'paper_align_label_loss': '0.1352', 'paper_align_reason_loss': '0.9585', 'epoch': '0.6667'}
{'paper_align_label_loss': '0.106', 'paper_align_reason_loss': '1.002', 'epoch': '0.6715'}
{'paper_align_label_loss': '0.06614', 'paper_align_reason_loss': '0.931', 'epoch': '0.6715'}
{'paper_align_label_loss': '0.1909', 'paper_align_reason_loss': '0.934', 'epoch': '0.6764'}
{'paper_align_label_loss': '0.1102', 'paper_align_reason_loss': '0.9512', 'epoch': '0.6764'}
{'loss': '1.087', 'grad_norm': '1.765', 'learning_rate': '9.042e-05', 'epoch': '0.6813'}
{'paper_align_label_loss': '0.05306', 'paper_align_reason_loss': '1.014', 'epoch': '0.6813'}
{'paper_align_label_loss': '0.09605', 'paper_align_reason_loss': '0.9705', 'epoch': '0.6813'}
{'paper_align_label_loss': '0.01268', 'paper_align_reason_loss': '0.5689', 'epoch': '0.6861'}
{'paper_align_label_loss': '0.1234', 'paper_align_reason_loss': '0.9677', 'epoch': '0.6861'}
{'paper_align_label_loss': '0.06359', 'paper_align_reason_loss': '0.7872', 'epoch': '0.691'}
{'paper_align_label_loss': '0.2063', 'paper_align_reason_loss': '1.239', 'epoch': '0.691'}
{'paper_align_label_loss': '0.04231', 'paper_align_reason_loss': '0.9945', 'epoch': '0.6959'}
{'paper_align_label_loss': '0.04618', 'paper_align_reason_loss': '1.179', 'epoch': '0.6959'}
{'paper_align_label_loss': '0.02896', 'paper_align_reason_loss': '0.6123', 'epoch': '0.7007'}
{'paper_align_label_loss': '0.07317', 'paper_align_reason_loss': '0.879', 'epoch': '0.7007'}
{'paper_align_label_loss': '0.1122', 'paper_align_reason_loss': '1.06', 'epoch': '0.7056'}
{'paper_align_label_loss': '0.06799', 'paper_align_reason_loss': '0.9344', 'epoch': '0.7056'}
{'paper_align_label_loss': '0.1272', 'paper_align_reason_loss': '0.9959', 'epoch': '0.7105'}
{'paper_align_label_loss': '0.1376', 'paper_align_reason_loss': '0.9506', 'epoch': '0.7105'}
{'paper_align_label_loss': '0.07692', 'paper_align_reason_loss': '0.756', 'epoch': '0.7153'}
{'paper_align_label_loss': '0.01804', 'paper_align_reason_loss': '0.6568', 'epoch': '0.7153'}
{'paper_align_label_loss': '0.1391', 'paper_align_reason_loss': '1.126', 'epoch': '0.7202'}
{'paper_align_label_loss': '0.1172', 'paper_align_reason_loss': '1.026', 'epoch': '0.7202'}
{'paper_align_label_loss': '0.03144', 'paper_align_reason_loss': '0.7899', 'epoch': '0.7251'}
{'paper_align_label_loss': '0.1596', 'paper_align_reason_loss': '1.05', 'epoch': '0.7251'}
{'loss': '1.015', 'grad_norm': '1.59', 'learning_rate': '8.882e-05', 'epoch': '0.7299'}
{'paper_align_label_loss': '0.03727', 'paper_align_reason_loss': '0.8809', 'epoch': '0.7299'}
{'paper_align_label_loss': '0.2442', 'paper_align_reason_loss': '1.129', 'epoch': '0.7299'}
{'paper_align_label_loss': '0.09691', 'paper_align_reason_loss': '1.056', 'epoch': '0.7348'}
{'paper_align_label_loss': '0.01913', 'paper_align_reason_loss': '0.8222', 'epoch': '0.7348'}
{'paper_align_label_loss': '0.1958', 'paper_align_reason_loss': '1.05', 'epoch': '0.7397'}
{'paper_align_label_loss': '0.1363', 'paper_align_reason_loss': '1.168', 'epoch': '0.7397'}
{'paper_align_label_loss': '0.0529', 'paper_align_reason_loss': '0.8656', 'epoch': '0.7445'}
{'paper_align_label_loss': '0.06353', 'paper_align_reason_loss': '0.8085', 'epoch': '0.7445'}
{'paper_align_label_loss': '0.1328', 'paper_align_reason_loss': '1.082', 'epoch': '0.7494'}
{'paper_align_label_loss': '0.09253', 'paper_align_reason_loss': '0.8338', 'epoch': '0.7494'}
{'paper_align_label_loss': '0.1931', 'paper_align_reason_loss': '0.8641', 'epoch': '0.7543'}
{'paper_align_label_loss': '0.1085', 'paper_align_reason_loss': '0.8607', 'epoch': '0.7543'}
{'paper_align_label_loss': '0.07639', 'paper_align_reason_loss': '1.045', 'epoch': '0.7591'}
{'paper_align_label_loss': '0.01979', 'paper_align_reason_loss': '0.6965', 'epoch': '0.7591'}
{'paper_align_label_loss': '0.07215', 'paper_align_reason_loss': '0.6852', 'epoch': '0.764'}
{'paper_align_label_loss': '0.04139', 'paper_align_reason_loss': '0.8862', 'epoch': '0.764'}
{'paper_align_label_loss': '0.1373', 'paper_align_reason_loss': '0.8159', 'epoch': '0.7689'}
{'paper_align_label_loss': '0.04683', 'paper_align_reason_loss': '1.202', 'epoch': '0.7689'}
{'paper_align_label_loss': '0.1323', 'paper_align_reason_loss': '1.202', 'epoch': '0.7737'}
{'paper_align_label_loss': '0.04251', 'paper_align_reason_loss': '0.9701', 'epoch': '0.7737'}
{'loss': '1.043', 'grad_norm': '1.448', 'learning_rate': '8.712e-05', 'epoch': '0.7786'}
{'paper_align_label_loss': '0.1313', 'paper_align_reason_loss': '0.8751', 'epoch': '0.7786'}
{'paper_align_label_loss': '0.08737', 'paper_align_reason_loss': '1.053', 'epoch': '0.7786'}
{'paper_align_label_loss': '0.1765', 'paper_align_reason_loss': '0.8852', 'epoch': '0.7835'}
{'paper_align_label_loss': '0.1231', 'paper_align_reason_loss': '1.204', 'epoch': '0.7835'}
{'paper_align_label_loss': '0.04896', 'paper_align_reason_loss': '0.883', 'epoch': '0.7883'}
{'paper_align_label_loss': '0.0931', 'paper_align_reason_loss': '1.066', 'epoch': '0.7883'}
{'paper_align_label_loss': '0.07097', 'paper_align_reason_loss': '1.111', 'epoch': '0.7932'}
{'paper_align_label_loss': '0.1308', 'paper_align_reason_loss': '1.016', 'epoch': '0.7932'}
{'paper_align_label_loss': '0.09078', 'paper_align_reason_loss': '0.8356', 'epoch': '0.7981'}
{'paper_align_label_loss': '0.04017', 'paper_align_reason_loss': '0.9323', 'epoch': '0.7981'}
{'paper_align_label_loss': '0.07208', 'paper_align_reason_loss': '0.8592', 'epoch': '0.8029'}
{'paper_align_label_loss': '0.01392', 'paper_align_reason_loss': '0.8059', 'epoch': '0.8029'}
{'paper_align_label_loss': '0.08784', 'paper_align_reason_loss': '0.7248', 'epoch': '0.8078'}
{'paper_align_label_loss': '0.01878', 'paper_align_reason_loss': '0.7825', 'epoch': '0.8078'}
{'paper_align_label_loss': '0.156', 'paper_align_reason_loss': '0.9645', 'epoch': '0.8127'}
{'paper_align_label_loss': '0.09678', 'paper_align_reason_loss': '1.102', 'epoch': '0.8127'}

 27%|██▋       | 168/618 [02:38<06:58,  1.08it/s]2026-09-18 17:28:09,987 INFO [rev_util_verifiability|paper_align|Qwen3-0.6B] step=168 epoch=0.8175

                                                 

 27%|██▋       | 168/618 [02:39<06:58,  1.08it/s]
 27%|██▋       | 169/618 [02:39<06:49,  1.10it/s]2026-09-18 17:28:10,447 INFO [rev_util_verifiability|paper_align|Qwen3-0.6B] step=169 epoch=0.8224

                                                 

 27%|██▋       | 169/618 [02:39<06:49,  1.10it/s]2026-09-18 17:28:10,979 INFO [rev_util_verifiability|paper_align|Qwen3-0.6B] step=169 epoch=0.8224

                                                 

 27%|██▋       | 169/618 [02:40<06:49,  1.10it/s]
 28%|██▊       | 170/618 [02:40<07:07,  1.05it/s]2026-09-18 17:28:11,332 INFO [rev_util_verifiability|paper_align|Qwen3-0.6B] step=170 loss=1.0362 learning_rate=0.0001 epoch=0.8273

                                                 

 28%|██▊       | 170/618 [02:40<07:07,  1.05it/s]2026-09-18 17:28:11,478 INFO [rev_util_verifiability|paper_align|Qwen3-0.6B] step=170 epoch=0.8273

                                                 

 28%|██▊       | 170/618 [02:40<07:07,  1.05it/s]2026-09-18 17:28:11,916 INFO [rev_util_verifiability|paper_align|Qwen3-0.6B] step=170 epoch=0.8273

                                                 

 28%|██▊       | 170/618 [02:40<07:07,  1.05it/s]
 28%|██▊       | 171/618 [02:41<06:58,  1.07it/s]2026-09-18 17:28:12,377 INFO [rev_util_verifiability|paper_align|Qwen3-0.6B] step=171 epoch=0.8321

                                                 

 28%|██▊       | 171/618 [02:41<06:58,  1.07it/s]2026-09-18 17:28:13,016 INFO [rev_util_verifiability|paper_align|Qwen3-0.6B] step=171 epoch=0.8321

                                                 

 28%|██▊       | 171/618 [02:42<06:58,  1.07it/s]
 28%|██▊       | 172/618 [02:42<07:17,  1.02it/s]2026-09-18 17:28:13,450 INFO [rev_util_verifiability|paper_align|Qwen3-0.6B] step=172 epoch=0.8370

                                                 

 28%|██▊       | 172/618 [02:42<07:17,  1.02it/s]2026-09-18 17:28:13,904 INFO [rev_util_verifiability|paper_align|Qwen3-0.6B] step=172 epoch=0.8370

                                                 

 28%|██▊       | 172/618 [02:42<07:17,  1.02it/s]
 28%|██▊       | 173/618 [02:43<07:08,  1.04it/s]2026-09-18 17:28:14,371 INFO [rev_util_verifiability|paper_align|Qwen3-0.6B] step=173 epoch=0.8418

                                                 

 28%|██▊       | 173/618 [02:43<07:08,  1.04it/s]2026-09-18 17:28:14,832 INFO [rev_util_verifiability|paper_align|Qwen3-0.6B] step=173 epoch=0.8418

                                                 

 28%|██▊       | 173/618 [02:43<07:08,  1.04it/s]
 28%|██▊       | 174/618 [02:44<07:06,  1.04it/s]2026-09-18 17:28:15,346 INFO [rev_util_verifiability|paper_align|Qwen3-0.6B] step=174 epoch=0.8467

                                                 

 28%|██▊       | 174/618 [02:44<07:06,  1.04it/s]2026-09-18 17:28:15,840 INFO [rev_util_verifiability|paper_align|Qwen3-0.6B] step=174 epoch=0.8467

                                                 

 28%|██▊       | 174/618 [02:44<07:06,  1.04it/s]
 28%|██▊       | 175/618 [02:45<07:12,  1.02it/s]2026-09-18 17:28:16,328 INFO [rev_util_verifiability|paper_align|Qwen3-0.6B] step=175 epoch=0.8516

                                                 

 28%|██▊       | 175/618 [02:45<07:12,  1.02it/s]2026-09-18 17:28:16,752 INFO [rev_util_verifiability|paper_align|Qwen3-0.6B] step=175 epoch=0.8516

                                                 

 28%|██▊       | 175/618 [02:45<07:12,  1.02it/s]
 28%|██▊       | 176/618 [02:46<07:00,  1.05it/s]2026-09-18 17:28:17,247 INFO [rev_util_verifiability|paper_align|Qwen3-0.6B] step=176 epoch=0.8564

                                                 

 28%|██▊       | 176/618 [02:46<07:00,  1.05it/s]2026-09-18 17:28:17,750 INFO [rev_util_verifiability|paper_align|Qwen3-0.6B] step=176 epoch=0.8564

                                                 

 28%|██▊       | 176/618 [02:46<07:00,  1.05it/s]
 29%|██▊       | 177/618 [02:47<07:11,  1.02it/s]2026-09-18 17:28:18,273 INFO [rev_util_verifiability|paper_align|Qwen3-0.6B] step=177 epoch=0.8613

                                                 

 29%|██▊       | 177/618 [02:47<07:11,  1.02it/s]2026-09-18 17:28:18,741 INFO [rev_util_verifiability|paper_align|Qwen3-0.6B] step=177 epoch=0.8613

                                                 

 29%|██▊       | 177/618 [02:47<07:11,  1.02it/s]
 29%|██▉       | 178/618 [02:48<07:10,  1.02it/s]2026-09-18 17:28:19,264 INFO [rev_util_verifiability|paper_align|Qwen3-0.6B] step=178 epoch=0.8662

                                                 

 29%|██▉       | 178/618 [02:48<07:10,  1.02it/s]2026-09-18 17:28:19,710 INFO [rev_util_verifiability|paper_align|Qwen3-0.6B] step=178 epoch=0.8662

                                                 

 29%|██▉       | 178/618 [02:48<07:10,  1.02it/s]
 29%|██▉       | 179/618 [02:49<06:58,  1.05it/s]2026-09-18 17:28:20,154 INFO [rev_util_verifiability|paper_align|Qwen3-0.6B] step=179 epoch=0.8710

                                                 

 29%|██▉       | 179/618 [02:49<06:58,  1.05it/s]2026-09-18 17:28:20,612 INFO [rev_util_verifiability|paper_align|Qwen3-0.6B] step=179 epoch=0.8710

                                                 

 29%|██▉       | 179/618 [02:49<06:58,  1.05it/s]
 29%|██▉       | 180/618 [02:49<06:54,  1.06it/s]2026-09-18 17:28:20,938 INFO [rev_util_verifiability|paper_align|Qwen3-0.6B] step=180 loss=1.0411 learning_rate=0.0001 epoch=0.8759

                                                 

 29%|██▉       | 180/618 [02:49<06:54,  1.06it/s]2026-09-18 17:28:21,089 INFO [rev_util_verifiability|paper_align|Qwen3-0.6B] step=180 epoch=0.8759

                                                 

 29%|██▉       | 180/618 [02:50<06:54,  1.06it/s]2026-09-18 17:28:21,548 INFO [rev_util_verifiability|paper_align|Qwen3-0.6B] step=180 epoch=0.8759

                                                 

 29%|██▉       | 180/618 [02:50<06:54,  1.06it/s]
 29%|██▉       | 181/618 [02:50<06:52,  1.06it/s]2026-09-18 17:28:22,034 INFO [rev_util_verifiability|paper_align|Qwen3-0.6B] step=181 epoch=0.8808

                                                 

 29%|██▉       | 181/618 [02:51<06:52,  1.06it/s]2026-09-18 17:28:22,514 INFO [rev_util_verifiability|paper_align|Qwen3-0.6B] step=181 epoch=0.8808

                                                 

 29%|██▉       | 181/618 [02:51<06:52,  1.06it/s]
 29%|██▉       | 182/618 [02:52<07:36,  1.05s/it]2026-09-18 17:28:23,300 INFO [rev_util_verifiability|paper_align|Qwen3-0.6B] step=182 epoch=0.8856

                                                 

 29%|██▉       | 182/618 [02:52<07:36,  1.05s/it]2026-09-18 17:28:23,729 INFO [rev_util_verifiability|paper_align|Qwen3-0.6B] step=182 epoch=0.8856

                                                 

 29%|██▉       | 182/618 [02:52<07:36,  1.05s/it]
 30%|██▉       | 183/618 [02:53<07:10,  1.01it/s]2026-09-18 17:28:24,152 INFO [rev_util_verifiability|paper_align|Qwen3-0.6B] step=183 epoch=0.8905

                                                 

 30%|██▉       | 183/618 [02:53<07:10,  1.01it/s]2026-09-18 17:28:24,567 INFO [rev_util_verifiability|paper_align|Qwen3-0.6B] step=183 epoch=0.8905

                                                 

 30%|██▉       | 183/618 [02:53<07:10,  1.01it/s]
 30%|██▉       | 184/618 [02:53<06:55,  1.05it/s]2026-09-18 17:28:25,011 INFO [rev_util_verifiability|paper_align|Qwen3-0.6B] step=184 epoch=0.8954

                                                 

 30%|██▉       | 184/618 [02:54<06:55,  1.05it/s]2026-09-18 17:28:25,379 INFO [rev_util_verifiability|paper_align|Qwen3-0.6B] step=184 epoch=0.8954

                                                 

 30%|██▉       | 184/618 [02:54<06:55,  1.05it/s]
 30%|██▉       | 185/618 [02:54<06:35,  1.10it/s]2026-09-18 17:28:25,867 INFO [rev_util_verifiability|paper_align|Qwen3-0.6B] step=185 epoch=0.9002

                                                 

 30%|██▉       | 185/618 [02:54<06:35,  1.10it/s]2026-09-18 17:28:26,351 INFO [rev_util_verifiability|paper_align|Qwen3-0.6B] step=185 epoch=0.9002

                                                 

 30%|██▉       | 185/618 [02:55<06:35,  1.10it/s]
 30%|███       | 186/618 [02:55<06:41,  1.08it/s]2026-09-18 17:28:26,796 INFO [rev_util_verifiability|paper_align|Qwen3-0.6B] step=186 epoch=0.9051

                                                 

 30%|███       | 186/618 [02:55<06:41,  1.08it/s]2026-09-18 17:28:27,159 INFO [rev_util_verifiability|paper_align|Qwen3-0.6B] step=186 epoch=0.9051

                                                 

 30%|███       | 186/618 [02:56<06:41,  1.08it/s]
 30%|███       | 187/618 [02:56<06:14,  1.15it/s]2026-09-18 17:28:27,569 INFO [rev_util_verifiability|paper_align|Qwen3-0.6B] step=187 epoch=0.9100

                                                 

 30%|███       | 187/618 [02:56<06:14,  1.15it/s]2026-09-18 17:28:28,072 INFO [rev_util_verifiability|paper_align|Qwen3-0.6B] step=187 epoch=0.9100

                                                 

 30%|███       | 187/618 [02:57<06:14,  1.15it/s]
 30%|███       | 188/618 [02:57<06:30,  1.10it/s]2026-09-18 17:28:28,564 INFO [rev_util_verifiability|paper_align|Qwen3-0.6B] step=188 epoch=0.9148

                                                 

 30%|███       | 188/618 [02:57<06:30,  1.10it/s]2026-09-18 17:28:29,042 INFO [rev_util_verifiability|paper_align|Qwen3-0.6B] step=188 epoch=0.9148

                                                 

 30%|███       | 188/618 [02:58<06:30,  1.10it/s]
 31%|███       | 189/618 [02:58<06:36,  1.08it/s]2026-09-18 17:28:29,507 INFO [rev_util_verifiability|paper_align|Qwen3-0.6B] step=189 epoch=0.9197

                                                 

 31%|███       | 189/618 [02:58<06:36,  1.08it/s]2026-09-18 17:28:29,972 INFO [rev_util_verifiability|paper_align|Qwen3-0.6B] step=189 epoch=0.9197

                                                 

 31%|███       | 189/618 [02:59<06:36,  1.08it/s]
 31%|███       | 190/618 [02:59<06:42,  1.06it/s]2026-09-18 17:28:30,344 INFO [rev_util_verifiability|paper_align|Qwen3-0.6B] step=190 loss=0.9922 learning_rate=0.0001 epoch=0.9246

                                                 

 31%|███       | 190/618 [02:59<06:42,  1.06it/s]2026-09-18 17:28:30,487 INFO [rev_util_verifiability|paper_align|Qwen3-0.6B] step=190 epoch=0.9246

                                                 

 31%|███       | 190/618 [02:59<06:42,  1.06it/s]2026-09-18 17:28:30,929 INFO [rev_util_verifiability|paper_align|Qwen3-0.6B] step=190 epoch=0.9246

                                                 

 31%|███       | 190/618 [02:59<06:42,  1.06it/s]
 31%|███       | 191/618 [03:00<06:36,  1.08it/s]2026-09-18 17:28:31,383 INFO [rev_util_verifiability|paper_align|Qwen3-0.6B] step=191 epoch=0.9294

                                                 

 31%|███       | 191/618 [03:00<06:36,  1.08it/s]2026-09-18 17:28:31,837 INFO [rev_util_verifiability|paper_align|Qwen3-0.6B] step=191 epoch=0.9294

                                                 

 31%|███       | 191/618 [03:00<06:36,  1.08it/s]
 31%|███       | 192/618 [03:01<06:39,  1.07it/s]2026-09-18 17:28:32,667 INFO [rev_util_verifiability|paper_align|Qwen3-0.6B] step=192 epoch=0.9343

                                                 

 31%|███       | 192/618 [03:01<06:39,  1.07it/s]2026-09-18 17:28:33,103 INFO [rev_util_verifiability|paper_align|Qwen3-0.6B] step=192 epoch=0.9343

                                                 

 31%|███       | 192/618 [03:02<06:39,  1.07it/s]
 31%|███       | 193/618 [03:02<07:15,  1.02s/it]2026-09-18 17:28:33,567 INFO [rev_util_verifiability|paper_align|Qwen3-0.6B] step=193 epoch=0.9392

                                                 

 31%|███       | 193/618 [03:02<07:15,  1.02s/it]2026-09-18 17:28:34,005 INFO [rev_util_verifiability|paper_align|Qwen3-0.6B] step=193 epoch=0.9392

                                                 

 31%|███       | 193/618 [03:03<07:15,  1.02s/it]
 31%|███▏      | 194/618 [03:03<06:58,  1.01it/s]2026-09-18 17:28:34,488 INFO [rev_util_verifiability|paper_align|Qwen3-0.6B] step=194 epoch=0.9440

                                                 

 31%|███▏      | 194/618 [03:03<06:58,  1.01it/s]2026-09-18 17:28:34,993 INFO [rev_util_verifiability|paper_align|Qwen3-0.6B] step=194 epoch=0.9440

                                                 

 31%|███▏      | 194/618 [03:04<06:58,  1.01it/s]
 32%|███▏      | 195/618 [03:04<07:02,  1.00it/s]2026-09-18 17:28:35,490 INFO [rev_util_verifiability|paper_align|Qwen3-0.6B] step=195 epoch=0.9489

                                                 

 32%|███▏      | 195/618 [03:04<07:02,  1.00it/s]2026-09-18 17:28:35,908 INFO [rev_util_verifiability|paper_align|Qwen3-0.6B] step=195 epoch=0.9489

                                                 

 32%|███▏      | 195/618 [03:04<07:02,  1.00it/s]
 32%|███▏      | 196/618 [03:05<06:49,  1.03it/s]2026-09-18 17:28:36,409 INFO [rev_util_verifiability|paper_align|Qwen3-0.6B] step=196 epoch=0.9538

                                                 

 32%|███▏      | 196/618 [03:05<06:49,  1.03it/s]2026-09-18 17:28:36,864 INFO [rev_util_verifiability|paper_align|Qwen3-0.6B] step=196 epoch=0.9538

                                                 

 32%|███▏      | 196/618 [03:05<06:49,  1.03it/s]
 32%|███▏      | 197/618 [03:06<06:44,  1.04it/s]2026-09-18 17:28:37,354 INFO [rev_util_verifiability|paper_align|Qwen3-0.6B] step=197 epoch=0.9586

                                                 

 32%|███▏      | 197/618 [03:06<06:44,  1.04it/s]2026-09-18 17:28:37,838 INFO [rev_util_verifiability|paper_align|Qwen3-0.6B] step=197 epoch=0.9586

                                                 

 32%|███▏      | 197/618 [03:06<06:44,  1.04it/s]
 32%|███▏      | 198/618 [03:07<06:44,  1.04it/s]2026-09-18 17:28:38,299 INFO [rev_util_verifiability|paper_align|Qwen3-0.6B] step=198 epoch=0.9635

                                                 

 32%|███▏      | 198/618 [03:07<06:44,  1.04it/s]2026-09-18 17:28:38,720 INFO [rev_util_verifiability|paper_align|Qwen3-0.6B] step=198 epoch=0.9635

                                                 

 32%|███▏      | 198/618 [03:07<06:44,  1.04it/s]
 32%|███▏      | 199/618 [03:08<06:37,  1.06it/s]2026-09-18 17:28:39,224 INFO [rev_util_verifiability|paper_align|Qwen3-0.6B] step=199 epoch=0.9684

                                                 

 32%|███▏      | 199/618 [03:08<06:37,  1.06it/s]2026-09-18 17:28:39,683 INFO [rev_util_verifiability|paper_align|Qwen3-0.6B] step=199 epoch=0.9684

                                                 

 32%|███▏      | 199/618 [03:08<06:37,  1.06it/s]
 32%|███▏      | 200/618 [03:09<06:39,  1.05it/s]2026-09-18 17:28:40,052 INFO [rev_util_verifiability|paper_align|Qwen3-0.6B] step=200 loss=1.0256 learning_rate=0.0001 epoch=0.9732

                                                 

 32%|███▏      | 200/618 [03:09<06:39,  1.05it/s]2026-09-18 17:28:40,224 INFO [rev_util_verifiability|paper_align|Qwen3-0.6B] step=200 epoch=0.9732

                                                 

 32%|███▏      | 200/618 [03:09<06:39,  1.05it/s]2026-09-18 17:28:40,722 INFO [rev_util_verifiability|paper_align|Qwen3-0.6B] step=200 epoch=0.9732

                                                 

 32%|███▏      | 200/618 [03:09<06:39,  1.05it/s]
 33%|███▎      | 201/618 [03:10<06:39,  1.04it/s]2026-09-18 17:28:41,156 INFO [rev_util_verifiability|paper_align|Qwen3-0.6B] step=201 epoch=0.9781

                                                 

 33%|███▎      | 201/618 [03:10<06:39,  1.04it/s]2026-09-18 17:28:41,898 INFO [rev_util_verifiability|paper_align|Qwen3-0.6B] step=201 epoch=0.9781

                                                 

 33%|███▎      | 201/618 [03:10<06:39,  1.04it/s]
 33%|███▎      | 202/618 [03:11<07:02,  1.02s/it]2026-09-18 17:28:42,296 INFO [rev_util_verifiability|paper_align|Qwen3-0.6B] step=202 epoch=0.9830

                                                 

 33%|███▎      | 202/618 [03:11<07:02,  1.02s/it]2026-09-18 17:28:42,725 INFO [rev_util_verifiability|paper_align|Qwen3-0.6B] step=202 epoch=0.9830

                                                 

 33%|███▎      | 202/618 [03:11<07:02,  1.02s/it]
 33%|███▎      | 203/618 [03:12<06:48,  1.01it/s]2026-09-18 17:28:43,214 INFO [rev_util_verifiability|paper_align|Qwen3-0.6B] step=203 epoch=0.9878

                                                 

 33%|███▎      | 203/618 [03:12<06:48,  1.01it/s]2026-09-18 17:28:43,639 INFO [rev_util_verifiability|paper_align|Qwen3-0.6B] step=203 epoch=0.9878

                                                 

 33%|███▎      | 203/618 [03:12<06:48,  1.01it/s]
 33%|███▎      | 204/618 [03:13<06:33,  1.05it/s]2026-09-18 17:28:44,091 INFO [rev_util_verifiability|paper_align|Qwen3-0.6B] step=204 epoch=0.9927

                                                 

 33%|███▎      | 204/618 [03:13<06:33,  1.05it/s]2026-09-18 17:28:44,511 INFO [rev_util_verifiability|paper_align|Qwen3-0.6B] step=204 epoch=0.9927

                                                 

 33%|███▎      | 204/618 [03:13<06:33,  1.05it/s]
 33%|███▎      | 205/618 [03:13<06:25,  1.07it/s]2026-09-18 17:28:44,947 INFO [rev_util_verifiability|paper_align|Qwen3-0.6B] step=205 epoch=0.9976

                                                 

 33%|███▎      | 205/618 [03:14<06:25,  1.07it/s]
 33%|███▎      | 206/618 [03:14<05:09,  1.33it/s]{'paper_align_label_loss': '0.1133', 'paper_align_reason_loss': '0.9998', 'epoch': '0.8175'}
{'paper_align_label_loss': '0.03466', 'paper_align_reason_loss': '0.6824', 'epoch': '0.8175'}
{'paper_align_label_loss': '0.09376', 'paper_align_reason_loss': '1.182', 'epoch': '0.8224'}
{'paper_align_label_loss': '0.1432', 'paper_align_reason_loss': '0.9356', 'epoch': '0.8224'}
{'loss': '1.036', 'grad_norm': '1.743', 'learning_rate': '8.531e-05', 'epoch': '0.8273'}
{'paper_align_label_loss': '0.02468', 'paper_align_reason_loss': '0.7695', 'epoch': '0.8273'}
{'paper_align_label_loss': '0.08781', 'paper_align_reason_loss': '0.7656', 'epoch': '0.8273'}
{'paper_align_label_loss': '0.1266', 'paper_align_reason_loss': '1.254', 'epoch': '0.8321'}
{'paper_align_label_loss': '0.05963', 'paper_align_reason_loss': '0.955', 'epoch': '0.8321'}
{'paper_align_label_loss': '0.154', 'paper_align_reason_loss': '0.9722', 'epoch': '0.837'}
{'paper_align_label_loss': '0.06683', 'paper_align_reason_loss': '0.9974', 'epoch': '0.837'}
{'paper_align_label_loss': '0.07753', 'paper_align_reason_loss': '1.079', 'epoch': '0.8418'}
{'paper_align_label_loss': '0.0801', 'paper_align_reason_loss': '0.9069', 'epoch': '0.8418'}
{'paper_align_label_loss': '0.1275', 'paper_align_reason_loss': '0.939', 'epoch': '0.8467'}
{'paper_align_label_loss': '0.1346', 'paper_align_reason_loss': '1.179', 'epoch': '0.8467'}
{'paper_align_label_loss': '0.1803', 'paper_align_reason_loss': '0.5967', 'epoch': '0.8516'}
{'paper_align_label_loss': '0.05305', 'paper_align_reason_loss': '0.9133', 'epoch': '0.8516'}
{'paper_align_label_loss': '0.02654', 'paper_align_reason_loss': '0.846', 'epoch': '0.8564'}
{'paper_align_label_loss': '0.2641', 'paper_align_reason_loss': '1.02', 'epoch': '0.8564'}
{'paper_align_label_loss': '0.08234', 'paper_align_reason_loss': '0.9851', 'epoch': '0.8613'}
{'paper_align_label_loss': '0.1096', 'paper_align_reason_loss': '1.247', 'epoch': '0.8613'}
{'paper_align_label_loss': '0.2712', 'paper_align_reason_loss': '0.9941', 'epoch': '0.8662'}
{'paper_align_label_loss': '0.04552', 'paper_align_reason_loss': '0.5499', 'epoch': '0.8662'}
{'paper_align_label_loss': '0.06815', 'paper_align_reason_loss': '0.954', 'epoch': '0.871'}
{'paper_align_label_loss': '0.04933', 'paper_align_reason_loss': '0.8107', 'epoch': '0.871'}
{'loss': '1.041', 'grad_norm': '1.411', 'learning_rate': '8.34e-05', 'epoch': '0.8759'}
{'paper_align_label_loss': '0.1188', 'paper_align_reason_loss': '1.253', 'epoch': '0.8759'}
{'paper_align_label_loss': '0.03438', 'paper_align_reason_loss': '0.9973', 'epoch': '0.8759'}
{'paper_align_label_loss': '0.04067', 'paper_align_reason_loss': '1.049', 'epoch': '0.8808'}
{'paper_align_label_loss': '0.06167', 'paper_align_reason_loss': '0.8904', 'epoch': '0.8808'}
{'paper_align_label_loss': '0.04176', 'paper_align_reason_loss': '0.7726', 'epoch': '0.8856'}
{'paper_align_label_loss': '0.04596', 'paper_align_reason_loss': '0.6814', 'epoch': '0.8856'}
{'paper_align_label_loss': '0.08397', 'paper_align_reason_loss': '0.8788', 'epoch': '0.8905'}
{'paper_align_label_loss': '0.1514', 'paper_align_reason_loss': '1.054', 'epoch': '0.8905'}
{'paper_align_label_loss': '0.002213', 'paper_align_reason_loss': '0.7099', 'epoch': '0.8954'}
{'paper_align_label_loss': '0.1339', 'paper_align_reason_loss': '1.115', 'epoch': '0.8954'}
{'paper_align_label_loss': '0.1338', 'paper_align_reason_loss': '0.857', 'epoch': '0.9002'}
{'paper_align_label_loss': '0.2064', 'paper_align_reason_loss': '1.134', 'epoch': '0.9002'}
{'paper_align_label_loss': '0.02219', 'paper_align_reason_loss': '0.5819', 'epoch': '0.9051'}
{'paper_align_label_loss': '0.001205', 'paper_align_reason_loss': '0.6256', 'epoch': '0.9051'}
{'paper_align_label_loss': '0.08119', 'paper_align_reason_loss': '0.9467', 'epoch': '0.91'}
{'paper_align_label_loss': '0.05962', 'paper_align_reason_loss': '0.9353', 'epoch': '0.91'}
{'paper_align_label_loss': '0.06066', 'paper_align_reason_loss': '0.8415', 'epoch': '0.9148'}
{'paper_align_label_loss': '0.03623', 'paper_align_reason_loss': '0.8572', 'epoch': '0.9148'}
{'paper_align_label_loss': '0.07314', 'paper_align_reason_loss': '1.146', 'epoch': '0.9197'}
{'paper_align_label_loss': '0.05325', 'paper_align_reason_loss': '1.076', 'epoch': '0.9197'}
{'loss': '0.9922', 'grad_norm': '1.526', 'learning_rate': '8.141e-05', 'epoch': '0.9246'}
{'paper_align_label_loss': '0.09244', 'paper_align_reason_loss': '0.8672', 'epoch': '0.9246'}
{'paper_align_label_loss': '0.1826', 'paper_align_reason_loss': '1.033', 'epoch': '0.9246'}
{'paper_align_label_loss': '0.1043', 'paper_align_reason_loss': '1.07', 'epoch': '0.9294'}
{'paper_align_label_loss': '0.03784', 'paper_align_reason_loss': '0.9822', 'epoch': '0.9294'}
{'paper_align_label_loss': '0.09266', 'paper_align_reason_loss': '0.8469', 'epoch': '0.9343'}
{'paper_align_label_loss': '0.1686', 'paper_align_reason_loss': '0.811', 'epoch': '0.9343'}
{'paper_align_label_loss': '0.07177', 'paper_align_reason_loss': '0.7586', 'epoch': '0.9392'}
{'paper_align_label_loss': '0.06066', 'paper_align_reason_loss': '0.8709', 'epoch': '0.9392'}
{'paper_align_label_loss': '0.0533', 'paper_align_reason_loss': '0.9419', 'epoch': '0.944'}
{'paper_align_label_loss': '0.03696', 'paper_align_reason_loss': '0.8348', 'epoch': '0.944'}
{'paper_align_label_loss': '0.2163', 'paper_align_reason_loss': '0.8321', 'epoch': '0.9489'}
{'paper_align_label_loss': '0.03304', 'paper_align_reason_loss': '1.059', 'epoch': '0.9489'}
{'paper_align_label_loss': '0.1931', 'paper_align_reason_loss': '0.9342', 'epoch': '0.9538'}
{'paper_align_label_loss': '0.0612', 'paper_align_reason_loss': '0.8939', 'epoch': '0.9538'}
{'paper_align_label_loss': '0.2832', 'paper_align_reason_loss': '0.9913', 'epoch': '0.9586'}
{'paper_align_label_loss': '0.07021', 'paper_align_reason_loss': '0.8551', 'epoch': '0.9586'}
{'paper_align_label_loss': '0.1818', 'paper_align_reason_loss': '0.9053', 'epoch': '0.9635'}
{'paper_align_label_loss': '0.02072', 'paper_align_reason_loss': '0.8283', 'epoch': '0.9635'}
{'paper_align_label_loss': '0.2116', 'paper_align_reason_loss': '0.9127', 'epoch': '0.9684'}
{'paper_align_label_loss': '0.1371', 'paper_align_reason_loss': '0.975', 'epoch': '0.9684'}
{'loss': '1.026', 'grad_norm': '1.85', 'learning_rate': '7.933e-05', 'epoch': '0.9732'}
{'paper_align_label_loss': '0.102', 'paper_align_reason_loss': '1.06', 'epoch': '0.9732'}
{'paper_align_label_loss': '0.02902', 'paper_align_reason_loss': '0.8059', 'epoch': '0.9732'}
{'paper_align_label_loss': '0.08588', 'paper_align_reason_loss': '0.9021', 'epoch': '0.9781'}
{'paper_align_label_loss': '0.06368', 'paper_align_reason_loss': '0.6076', 'epoch': '0.9781'}
{'paper_align_label_loss': '0.09727', 'paper_align_reason_loss': '1.045', 'epoch': '0.983'}
{'paper_align_label_loss': '0.1077', 'paper_align_reason_loss': '1.05', 'epoch': '0.983'}
{'paper_align_label_loss': '0.0794', 'paper_align_reason_loss': '0.847', 'epoch': '0.9878'}
{'paper_align_label_loss': '0.09407', 'paper_align_reason_loss': '0.8499', 'epoch': '0.9878'}
{'paper_align_label_loss': '0.08549', 'paper_align_reason_loss': '0.8283', 'epoch': '0.9927'}
{'paper_align_label_loss': '0.1981', 'paper_align_reason_loss': '1.151', 'epoch': '0.9927'}
{'paper_align_label_loss': '0.1627', 'paper_align_reason_loss': '1.105', 'epoch': '0.9976'}


  0%|          | 0/23 [00:00<?, ?it/s][A

 13%|█▎        | 3/23 [00:00<00:00, 20.68it/s][A

 26%|██▌       | 6/23 [00:00<00:01, 16.19it/s][A

 35%|███▍      | 8/23 [00:00<00:00, 15.36it/s][A

 43%|████▎     | 10/23 [00:00<00:00, 15.03it/s][A

 52%|█████▏    | 12/23 [00:00<00:00, 14.17it/s][A

 61%|██████    | 14/23 [00:00<00:00, 14.17it/s][A

 70%|██████▉   | 16/23 [00:01<00:00, 13.19it/s][A

 78%|███████▊  | 18/23 [00:01<00:00, 13.00it/s][A

 87%|████████▋ | 20/23 [00:01<00:00, 13.41it/s][A

 96%|█████████▌| 22/23 [00:01<00:00, 13.54it/s][A2026-09-18 17:28:46,886 INFO [rev_util_verifiability|paper_align|Qwen3-0.6B] step=206 eval_loss=0.0968 epoch=1.0000

                                                 

                                               
[A
 33%|███▎      | 206/618 [03:15<05:09,  1.33it/s]

100%|██████████| 23/23 [00:01<00:00, 13.54it/s][A

                                               [A2026-09-18 17:28:46,951 INFO Starting generation validation on training device cuda:0: samples=182 batch_size=32
2026-09-18 17:28:47,723 INFO Generation validation progress: 32/182
2026-09-18 17:28:48,416 INFO Generation validation progress: 64/182
2026-09-18 17:28:49,191 INFO Generation validation progress: 96/182
2026-09-18 17:28:50,030 INFO Generation validation progress: 128/182
2026-09-18 17:28:50,828 INFO Generation validation progress: 160/182
2026-09-18 17:28:51,380 INFO Generation validation progress: 182/182
2026-09-18 17:28:51,427 INFO Generation val @ epoch=1.0 step=206: acc=0.6593 macro_f1=0.3419 valid=1.0000 (retaining last checkpoint)
2026-09-18 17:28:51,428 INFO [rev_util_verifiability|paper_align|Qwen3-0.6B] step=206 eval_generation_accuracy=0.6593 eval_generation_macro_f1=0.3419 eval_generation_format_valid_rate=1.0000 eval_generation_mae=0.4780 eval_generation_qwk=0.6958 epoch=1.0000

                                                 

 33%|███▎      | 206/618 [03:20<05:09,  1.33it/s]2026-09-18 17:28:51,850 INFO [rev_util_verifiability|paper_align|Qwen3-0.6B] step=206 epoch=1.0000

                                                 

 33%|███▎      | 206/618 [03:20<05:09,  1.33it/s]2026-09-18 17:28:52,291 INFO [rev_util_verifiability|paper_align|Qwen3-0.6B] step=206 epoch=1.0000

                                                 

 33%|███▎      | 206/618 [03:21<05:09,  1.33it/s]
 33%|███▎      | 207/618 [03:21<18:49,  2.75s/it]2026-09-18 17:28:52,719 INFO [rev_util_verifiability|paper_align|Qwen3-0.6B] step=207 epoch=1.0049

                                                 

 33%|███▎      | 207/618 [03:21<18:49,  2.75s/it]2026-09-18 17:28:53,176 INFO [rev_util_verifiability|paper_align|Qwen3-0.6B] step=207 epoch=1.0049

                                                 

 33%|███▎      | 207/618 [03:22<18:49,  2.75s/it]
 34%|███▎      | 208/618 [03:22<15:02,  2.20s/it]2026-09-18 17:28:53,647 INFO [rev_util_verifiability|paper_align|Qwen3-0.6B] step=208 epoch=1.0097

                                                 

 34%|███▎      | 208/618 [03:22<15:02,  2.20s/it]2026-09-18 17:28:54,099 INFO [rev_util_verifiability|paper_align|Qwen3-0.6B] step=208 epoch=1.0097

                                                 

 34%|███▎      | 208/618 [03:23<15:02,  2.20s/it]
 34%|███▍      | 209/618 [03:23<12:24,  1.82s/it]2026-09-18 17:28:54,562 INFO [rev_util_verifiability|paper_align|Qwen3-0.6B] step=209 epoch=1.0146

                                                 

 34%|███▍      | 209/618 [03:23<12:24,  1.82s/it]2026-09-18 17:28:54,991 INFO [rev_util_verifiability|paper_align|Qwen3-0.6B] step=209 epoch=1.0146

                                                 

 34%|███▍      | 209/618 [03:24<12:24,  1.82s/it]
 34%|███▍      | 210/618 [03:24<10:50,  1.59s/it]2026-09-18 17:28:55,499 INFO [rev_util_verifiability|paper_align|Qwen3-0.6B] step=210 loss=0.9573 learning_rate=0.0001 epoch=1.0195

                                                 

 34%|███▍      | 210/618 [03:24<10:50,  1.59s/it]2026-09-18 17:28:55,643 INFO [rev_util_verifiability|paper_align|Qwen3-0.6B] step=210 epoch=1.0195

                                                 

 34%|███▍      | 210/618 [03:24<10:50,  1.59s/it]2026-09-18 17:28:56,072 INFO [rev_util_verifiability|paper_align|Qwen3-0.6B] step=210 epoch=1.0195

                                                 

 34%|███▍      | 210/618 [03:25<10:50,  1.59s/it]
 34%|███▍      | 211/618 [03:25<09:28,  1.40s/it]2026-09-18 17:28:56,594 INFO [rev_util_verifiability|paper_align|Qwen3-0.6B] step=211 epoch=1.0243

                                                 

 34%|███▍      | 211/618 [03:25<09:28,  1.40s/it]2026-09-18 17:28:57,102 INFO [rev_util_verifiability|paper_align|Qwen3-0.6B] step=211 epoch=1.0243

                                                 

 34%|███▍      | 211/618 [03:26<09:28,  1.40s/it]
 34%|███▍      | 212/618 [03:26<08:46,  1.30s/it]2026-09-18 17:28:57,887 INFO [rev_util_verifiability|paper_align|Qwen3-0.6B] step=212 epoch=1.0292

                                                 

 34%|███▍      | 212/618 [03:26<08:46,  1.30s/it]2026-09-18 17:28:58,404 INFO [rev_util_verifiability|paper_align|Qwen3-0.6B] step=212 epoch=1.0292

                                                 

 34%|███▍      | 212/618 [03:27<08:46,  1.30s/it]
 34%|███▍      | 213/618 [03:27<08:41,  1.29s/it]2026-09-18 17:28:58,908 INFO [rev_util_verifiability|paper_align|Qwen3-0.6B] step=213 epoch=1.0341

                                                 

 34%|███▍      | 213/618 [03:27<08:41,  1.29s/it]2026-09-18 17:28:59,359 INFO [rev_util_verifiability|paper_align|Qwen3-0.6B] step=213 epoch=1.0341

                                                 

 34%|███▍      | 213/618 [03:28<08:41,  1.29s/it]
 35%|███▍      | 214/618 [03:28<07:56,  1.18s/it]2026-09-18 17:28:59,823 INFO [rev_util_verifiability|paper_align|Qwen3-0.6B] step=214 epoch=1.0389

                                                 

 35%|███▍      | 214/618 [03:28<07:56,  1.18s/it]2026-09-18 17:29:00,220 INFO [rev_util_verifiability|paper_align|Qwen3-0.6B] step=214 epoch=1.0389

                                                 

 35%|███▍      | 214/618 [03:29<07:56,  1.18s/it]
 35%|███▍      | 215/618 [03:29<07:09,  1.06s/it]2026-09-18 17:29:00,621 INFO [rev_util_verifiability|paper_align|Qwen3-0.6B] step=215 epoch=1.0438

                                                 

 35%|███▍      | 215/618 [03:29<07:09,  1.06s/it]2026-09-18 17:29:01,031 INFO [rev_util_verifiability|paper_align|Qwen3-0.6B] step=215 epoch=1.0438

                                                 

 35%|███▍      | 215/618 [03:30<07:09,  1.06s/it]
 35%|███▍      | 216/618 [03:30<06:49,  1.02s/it]2026-09-18 17:29:01,528 INFO [rev_util_verifiability|paper_align|Qwen3-0.6B] step=216 epoch=1.0487

                                                 

 35%|███▍      | 216/618 [03:30<06:49,  1.02s/it]2026-09-18 17:29:01,933 INFO [rev_util_verifiability|paper_align|Qwen3-0.6B] step=216 epoch=1.0487

                                                 

 35%|███▍      | 216/618 [03:30<06:49,  1.02s/it]
 35%|███▌      | 217/618 [03:31<06:27,  1.03it/s]2026-09-18 17:29:02,384 INFO [rev_util_verifiability|paper_align|Qwen3-0.6B] step=217 epoch=1.0535

                                                 

 35%|███▌      | 217/618 [03:31<06:27,  1.03it/s]2026-09-18 17:29:02,850 INFO [rev_util_verifiability|paper_align|Qwen3-0.6B] step=217 epoch=1.0535

                                                 

 35%|███▌      | 217/618 [03:31<06:27,  1.03it/s]
 35%|███▌      | 218/618 [03:32<06:46,  1.02s/it]2026-09-18 17:29:03,545 INFO [rev_util_verifiability|paper_align|Qwen3-0.6B] step=218 epoch=1.0584

                                                 

 35%|███▌      | 218/618 [03:32<06:46,  1.02s/it]2026-09-18 17:29:04,016 INFO [rev_util_verifiability|paper_align|Qwen3-0.6B] step=218 epoch=1.0584

                                                 

 35%|███▌      | 218/618 [03:33<06:46,  1.02s/it]
 35%|███▌      | 219/618 [03:33<06:42,  1.01s/it]2026-09-18 17:29:04,514 INFO [rev_util_verifiability|paper_align|Qwen3-0.6B] step=219 epoch=1.0633

                                                 

 35%|███▌      | 219/618 [03:33<06:42,  1.01s/it]2026-09-18 17:29:04,956 INFO [rev_util_verifiability|paper_align|Qwen3-0.6B] step=219 epoch=1.0633

                                                 

 35%|███▌      | 219/618 [03:34<06:42,  1.01s/it]
 36%|███▌      | 220/618 [03:34<06:30,  1.02it/s]2026-09-18 17:29:05,287 INFO [rev_util_verifiability|paper_align|Qwen3-0.6B] step=220 loss=0.9644 learning_rate=0.0001 epoch=1.0681

                                                 

 36%|███▌      | 220/618 [03:34<06:30,  1.02it/s]2026-09-18 17:29:05,454 INFO [rev_util_verifiability|paper_align|Qwen3-0.6B] step=220 epoch=1.0681

                                                 

 36%|███▌      | 220/618 [03:34<06:30,  1.02it/s]2026-09-18 17:29:05,943 INFO [rev_util_verifiability|paper_align|Qwen3-0.6B] step=220 epoch=1.0681

                                                 

 36%|███▌      | 220/618 [03:35<06:30,  1.02it/s]
 36%|███▌      | 221/618 [03:35<06:32,  1.01it/s]2026-09-18 17:29:06,445 INFO [rev_util_verifiability|paper_align|Qwen3-0.6B] step=221 epoch=1.0730

                                                 

 36%|███▌      | 221/618 [03:35<06:32,  1.01it/s]2026-09-18 17:29:06,931 INFO [rev_util_verifiability|paper_align|Qwen3-0.6B] step=221 epoch=1.0730

                                                 

 36%|███▌      | 221/618 [03:35<06:32,  1.01it/s]
 36%|███▌      | 222/618 [03:36<06:32,  1.01it/s]2026-09-18 17:29:07,640 INFO [rev_util_verifiability|paper_align|Qwen3-0.6B] step=222 epoch=1.0779

                                                 

 36%|███▌      | 222/618 [03:36<06:32,  1.01it/s]2026-09-18 17:29:08,060 INFO [rev_util_verifiability|paper_align|Qwen3-0.6B] step=222 epoch=1.0779

                                                 

 36%|███▌      | 222/618 [03:37<06:32,  1.01it/s]
 36%|███▌      | 223/618 [03:37<06:46,  1.03s/it]2026-09-18 17:29:08,554 INFO [rev_util_verifiability|paper_align|Qwen3-0.6B] step=223 epoch=1.0827

                                                 

 36%|███▌      | 223/618 [03:37<06:46,  1.03s/it]2026-09-18 17:29:08,972 INFO [rev_util_verifiability|paper_align|Qwen3-0.6B] step=223 epoch=1.0827

                                                 

 36%|███▌      | 223/618 [03:38<06:46,  1.03s/it]
 36%|███▌      | 224/618 [03:38<06:19,  1.04it/s]2026-09-18 17:29:09,374 INFO [rev_util_verifiability|paper_align|Qwen3-0.6B] step=224 epoch=1.0876

                                                 

 36%|███▌      | 224/618 [03:38<06:19,  1.04it/s]2026-09-18 17:29:09,880 INFO [rev_util_verifiability|paper_align|Qwen3-0.6B] step=224 epoch=1.0876

                                                 

 36%|███▌      | 224/618 [03:38<06:19,  1.04it/s]
 36%|███▋      | 225/618 [03:39<06:26,  1.02it/s]2026-09-18 17:29:10,395 INFO [rev_util_verifiability|paper_align|Qwen3-0.6B] step=225 epoch=1.0925

                                                 

 36%|███▋      | 225/618 [03:39<06:26,  1.02it/s]2026-09-18 17:29:10,865 INFO [rev_util_verifiability|paper_align|Qwen3-0.6B] step=225 epoch=1.0925

                                                 

 36%|███▋      | 225/618 [03:39<06:26,  1.02it/s]
 37%|███▋      | 226/618 [03:40<06:24,  1.02it/s]2026-09-18 17:29:11,364 INFO [rev_util_verifiability|paper_align|Qwen3-0.6B] step=226 epoch=1.0973

                                                 

 37%|███▋      | 226/618 [03:40<06:24,  1.02it/s]2026-09-18 17:29:11,841 INFO [rev_util_verifiability|paper_align|Qwen3-0.6B] step=226 epoch=1.0973

                                                 

 37%|███▋      | 226/618 [03:40<06:24,  1.02it/s]
 37%|███▋      | 227/618 [03:41<06:25,  1.01it/s]2026-09-18 17:29:12,382 INFO [rev_util_verifiability|paper_align|Qwen3-0.6B] step=227 epoch=1.1022

                                                 

 37%|███▋      | 227/618 [03:41<06:25,  1.01it/s]2026-09-18 17:29:12,849 INFO [rev_util_verifiability|paper_align|Qwen3-0.6B] step=227 epoch=1.1022

                                                 

 37%|███▋      | 227/618 [03:41<06:25,  1.01it/s]
 37%|███▋      | 228/618 [03:42<06:19,  1.03it/s]2026-09-18 17:29:13,306 INFO [rev_util_verifiability|paper_align|Qwen3-0.6B] step=228 epoch=1.1071

                                                 

 37%|███▋      | 228/618 [03:42<06:19,  1.03it/s]2026-09-18 17:29:13,737 INFO [rev_util_verifiability|paper_align|Qwen3-0.6B] step=228 epoch=1.1071

                                                 

 37%|███▋      | 228/618 [03:42<06:19,  1.03it/s]
 37%|███▋      | 229/618 [03:43<06:03,  1.07it/s]2026-09-18 17:29:14,166 INFO [rev_util_verifiability|paper_align|Qwen3-0.6B] step=229 epoch=1.1119

                                                 

 37%|███▋      | 229/618 [03:43<06:03,  1.07it/s]2026-09-18 17:29:14,633 INFO [rev_util_verifiability|paper_align|Qwen3-0.6B] step=229 epoch=1.1119

                                                 

 37%|███▋      | 229/618 [03:43<06:03,  1.07it/s]
 37%|███▋      | 230/618 [03:43<05:59,  1.08it/s]2026-09-18 17:29:14,914 INFO [rev_util_verifiability|paper_align|Qwen3-0.6B] step=230 loss=0.9867 learning_rate=0.0001 epoch=1.1168

                                                 

 37%|███▋      | 230/618 [03:43<05:59,  1.08it/s]2026-09-18 17:29:15,087 INFO [rev_util_verifiability|paper_align|Qwen3-0.6B] step=230 epoch=1.1168

                                                 

 37%|███▋      | 230/618 [03:44<05:59,  1.08it/s]2026-09-18 17:29:15,579 INFO [rev_util_verifiability|paper_align|Qwen3-0.6B] step=230 epoch=1.1168

                                                 

 37%|███▋      | 230/618 [03:44<05:59,  1.08it/s]
 37%|███▋      | 231/618 [03:44<06:08,  1.05it/s]2026-09-18 17:29:16,072 INFO [rev_util_verifiability|paper_align|Qwen3-0.6B] step=231 epoch=1.1217

                                                 

 37%|███▋      | 231/618 [03:45<06:08,  1.05it/s]2026-09-18 17:29:16,521 INFO [rev_util_verifiability|paper_align|Qwen3-0.6B] step=231 epoch=1.1217

                                                 

 37%|███▋      | 231/618 [03:45<06:08,  1.05it/s]
 38%|███▊      | 232/618 [03:45<06:04,  1.06it/s]2026-09-18 17:29:16,975 INFO [rev_util_verifiability|paper_align|Qwen3-0.6B] step=232 epoch=1.1265

                                                 

 38%|███▊      | 232/618 [03:46<06:04,  1.06it/s]2026-09-18 17:29:17,590 INFO [rev_util_verifiability|paper_align|Qwen3-0.6B] step=232 epoch=1.1265

                                                 

 38%|███▊      | 232/618 [03:46<06:04,  1.06it/s]
 38%|███▊      | 233/618 [03:46<06:17,  1.02it/s]2026-09-18 17:29:18,047 INFO [rev_util_verifiability|paper_align|Qwen3-0.6B] step=233 epoch=1.1314

                                                 

 38%|███▊      | 233/618 [03:47<06:17,  1.02it/s]2026-09-18 17:29:18,438 INFO [rev_util_verifiability|paper_align|Qwen3-0.6B] step=233 epoch=1.1314

                                                 

 38%|███▊      | 233/618 [03:47<06:17,  1.02it/s]
 38%|███▊      | 234/618 [03:47<06:00,  1.06it/s]2026-09-18 17:29:18,917 INFO [rev_util_verifiability|paper_align|Qwen3-0.6B] step=234 epoch=1.1363

                                                 

 38%|███▊      | 234/618 [03:47<06:00,  1.06it/s]2026-09-18 17:29:19,382 INFO [rev_util_verifiability|paper_align|Qwen3-0.6B] step=234 epoch=1.1363

                                                 

 38%|███▊      | 234/618 [03:48<06:00,  1.06it/s]
 38%|███▊      | 235/618 [03:48<05:55,  1.08it/s]2026-09-18 17:29:19,814 INFO [rev_util_verifiability|paper_align|Qwen3-0.6B] step=235 epoch=1.1411

                                                 

 38%|███▊      | 235/618 [03:48<05:55,  1.08it/s]2026-09-18 17:29:20,279 INFO [rev_util_verifiability|paper_align|Qwen3-0.6B] step=235 epoch=1.1411

                                                 

 38%|███▊      | 235/618 [03:49<05:55,  1.08it/s]
 38%|███▊      | 236/618 [03:49<05:58,  1.06it/s]2026-09-18 17:29:20,767 INFO [rev_util_verifiability|paper_align|Qwen3-0.6B] step=236 epoch=1.1460

                                                 

 38%|███▊      | 236/618 [03:49<05:58,  1.06it/s]2026-09-18 17:29:21,187 INFO [rev_util_verifiability|paper_align|Qwen3-0.6B] step=236 epoch=1.1460

                                                 

 38%|███▊      | 236/618 [03:50<05:58,  1.06it/s]
 38%|███▊      | 237/618 [03:50<05:45,  1.10it/s]2026-09-18 17:29:21,599 INFO [rev_util_verifiability|paper_align|Qwen3-0.6B] step=237 epoch=1.1509

                                                 

 38%|███▊      | 237/618 [03:50<05:45,  1.10it/s]2026-09-18 17:29:22,050 INFO [rev_util_verifiability|paper_align|Qwen3-0.6B] step=237 epoch=1.1509

                                                 

 38%|███▊      | 237/618 [03:51<05:45,  1.10it/s]
 39%|███▊      | 238/618 [03:51<05:46,  1.10it/s]2026-09-18 17:29:22,534 INFO [rev_util_verifiability|paper_align|Qwen3-0.6B] step=238 epoch=1.1557

                                                 

 39%|███▊      | 238/618 [03:51<05:46,  1.10it/s]2026-09-18 17:29:23,019 INFO [rev_util_verifiability|paper_align|Qwen3-0.6B] step=238 epoch=1.1557

                                                 

 39%|███▊      | 238/618 [03:52<05:46,  1.10it/s]
 39%|███▊      | 239/618 [03:52<05:53,  1.07it/s]2026-09-18 17:29:23,526 INFO [rev_util_verifiability|paper_align|Qwen3-0.6B] step=239 epoch=1.1606

                                                 

 39%|███▊      | 239/618 [03:52<05:53,  1.07it/s]2026-09-18 17:29:23,985 INFO [rev_util_verifiability|paper_align|Qwen3-0.6B] step=239 epoch=1.1606

                                                 

 39%|███▊      | 239/618 [03:53<05:53,  1.07it/s]
 39%|███▉      | 240/618 [03:53<05:48,  1.09it/s]2026-09-18 17:29:24,259 INFO [rev_util_verifiability|paper_align|Qwen3-0.6B] step=240 loss=0.9533 learning_rate=0.0001 epoch=1.1655

                                                 

 39%|███▉      | 240/618 [03:53<05:48,  1.09it/s]2026-09-18 17:29:24,414 INFO [rev_util_verifiability|paper_align|Qwen3-0.6B] step=240 epoch=1.1655

                                                 

 39%|███▉      | 240/618 [03:53<05:48,  1.09it/s]2026-09-18 17:29:24,894 INFO [rev_util_verifiability|paper_align|Qwen3-0.6B] step=240 epoch=1.1655

                                                 

 39%|███▉      | 240/618 [03:53<05:48,  1.09it/s]
 39%|███▉      | 241/618 [03:54<05:59,  1.05it/s]2026-09-18 17:29:25,423 INFO [rev_util_verifiability|paper_align|Qwen3-0.6B] step=241 epoch=1.1703

                                                 

 39%|███▉      | 241/618 [03:54<05:59,  1.05it/s]2026-09-18 17:29:25,821 INFO [rev_util_verifiability|paper_align|Qwen3-0.6B] step=241 epoch=1.1703

                                                 

 39%|███▉      | 241/618 [03:54<05:59,  1.05it/s]
 39%|███▉      | 242/618 [03:55<05:43,  1.09it/s]2026-09-18 17:29:26,275 INFO [rev_util_verifiability|paper_align|Qwen3-0.6B] step=242 epoch=1.1752

                                                 

 39%|███▉      | 242/618 [03:55<05:43,  1.09it/s]2026-09-18 17:29:26,962 INFO [rev_util_verifiability|paper_align|Qwen3-0.6B] step=242 epoch=1.1752

                                                 

 39%|███▉      | 242/618 [03:56<05:43,  1.09it/s]
 39%|███▉      | 243/618 [03:56<06:10,  1.01it/s]2026-09-18 17:29:27,427 INFO [rev_util_verifiability|paper_align|Qwen3-0.6B] step=243 epoch=1.1800

                                                 

 39%|███▉      | 243/618 [03:56<06:10,  1.01it/s]2026-09-18 17:29:27,904 INFO [rev_util_verifiability|paper_align|Qwen3-0.6B] step=243 epoch=1.1800

                                                 

 39%|███▉      | 243/618 [03:56<06:10,  1.01it/s]
 39%|███▉      | 244/618 [03:57<06:06,  1.02it/s]2026-09-18 17:29:28,381 INFO [rev_util_verifiability|paper_align|Qwen3-0.6B] step=244 epoch=1.1849

                                                 

 39%|███▉      | 244/618 [03:57<06:06,  1.02it/s]2026-09-18 17:29:28,827 INFO [rev_util_verifiability|paper_align|Qwen3-0.6B] step=244 epoch=1.1849

                                                 

 39%|███▉      | 244/618 [03:57<06:06,  1.02it/s]
 40%|███▉      | 245/618 [03:58<05:59,  1.04it/s]2026-09-18 17:29:29,304 INFO [rev_util_verifiability|paper_align|Qwen3-0.6B] step=245 epoch=1.1898

                                                 

 40%|███▉      | 245/618 [03:58<05:59,  1.04it/s]2026-09-18 17:29:29,748 INFO [rev_util_verifiability|paper_align|Qwen3-0.6B] step=245 epoch=1.1898

                                                 

 40%|███▉      | 245/618 [03:58<05:59,  1.04it/s]
 40%|███▉      | 246/618 [03:59<05:48,  1.07it/s]2026-09-18 17:29:30,163 INFO [rev_util_verifiability|paper_align|Qwen3-0.6B] step=246 epoch=1.1946

                                                 
{'eval_loss': '0.09678', 'eval_runtime': '1.717', 'eval_samples_per_second': '106', 'eval_steps_per_second': '13.4', 'eval_entropy': '0.09839', 'eval_num_tokens': '0', 'eval_mean_token_accuracy': '0.9581', 'epoch': '1'}
{'eval_generation_accuracy': '0.6593', 'eval_generation_macro_f1': '0.3419', 'eval_generation_format_valid_rate': '1', 'eval_generation_invalid_outputs': 0, 'eval_generation_mae': '0.478', 'eval_generation_qwk': '0.6958', 'epoch': '1'}
{'paper_align_label_loss': '0.202', 'paper_align_reason_loss': '1.013', 'epoch': '1'}
{'paper_align_label_loss': '0.04078', 'paper_align_reason_loss': '0.9928', 'epoch': '1'}
{'paper_align_label_loss': '0.1217', 'paper_align_reason_loss': '1.116', 'epoch': '1.005'}
{'paper_align_label_loss': '0.08672', 'paper_align_reason_loss': '0.7576', 'epoch': '1.005'}
{'paper_align_label_loss': '0.06835', 'paper_align_reason_loss': '0.8823', 'epoch': '1.01'}
{'paper_align_label_loss': '0.0122', 'paper_align_reason_loss': '0.6992', 'epoch': '1.01'}
{'paper_align_label_loss': '0.05232', 'paper_align_reason_loss': '0.7236', 'epoch': '1.015'}
{'paper_align_label_loss': '0.07897', 'paper_align_reason_loss': '0.9426', 'epoch': '1.015'}
{'loss': '0.9573', 'grad_norm': '1.321', 'learning_rate': '7.716e-05', 'epoch': '1.019'}
{'paper_align_label_loss': '0.1461', 'paper_align_reason_loss': '0.8916', 'epoch': '1.019'}
{'paper_align_label_loss': '0.05223', 'paper_align_reason_loss': '0.9086', 'epoch': '1.019'}
{'paper_align_label_loss': '0.1483', 'paper_align_reason_loss': '0.8852', 'epoch': '1.024'}
{'paper_align_label_loss': '0.1132', 'paper_align_reason_loss': '0.861', 'epoch': '1.024'}
{'paper_align_label_loss': '0.1579', 'paper_align_reason_loss': '1.075', 'epoch': '1.029'}
{'paper_align_label_loss': '0.09975', 'paper_align_reason_loss': '0.9631', 'epoch': '1.029'}
{'paper_align_label_loss': '0.008976', 'paper_align_reason_loss': '0.7835', 'epoch': '1.034'}
{'paper_align_label_loss': '0.14', 'paper_align_reason_loss': '0.8262', 'epoch': '1.034'}
{'paper_align_label_loss': '0.1166', 'paper_align_reason_loss': '0.8286', 'epoch': '1.039'}
{'paper_align_label_loss': '0.03419', 'paper_align_reason_loss': '0.5216', 'epoch': '1.039'}
{'paper_align_label_loss': '0.1187', 'paper_align_reason_loss': '0.8963', 'epoch': '1.044'}
{'paper_align_label_loss': '0.03966', 'paper_align_reason_loss': '0.8138', 'epoch': '1.044'}
{'paper_align_label_loss': '0.1039', 'paper_align_reason_loss': '0.6833', 'epoch': '1.049'}
{'paper_align_label_loss': '0.1193', 'paper_align_reason_loss': '0.9825', 'epoch': '1.049'}
{'paper_align_label_loss': '0.01893', 'paper_align_reason_loss': '0.6967', 'epoch': '1.054'}
{'paper_align_label_loss': '0.1865', 'paper_align_reason_loss': '1.027', 'epoch': '1.054'}
{'paper_align_label_loss': '0.1076', 'paper_align_reason_loss': '1.063', 'epoch': '1.058'}
{'paper_align_label_loss': '0.06273', 'paper_align_reason_loss': '0.995', 'epoch': '1.058'}
{'paper_align_label_loss': '0.1073', 'paper_align_reason_loss': '0.8403', 'epoch': '1.063'}
{'paper_align_label_loss': '0.02256', 'paper_align_reason_loss': '0.8414', 'epoch': '1.063'}
{'loss': '0.9644', 'grad_norm': '1.58', 'learning_rate': '7.492e-05', 'epoch': '1.068'}
{'paper_align_label_loss': '0.02249', 'paper_align_reason_loss': '0.7949', 'epoch': '1.068'}
{'paper_align_label_loss': '0.1017', 'paper_align_reason_loss': '0.885', 'epoch': '1.068'}
{'paper_align_label_loss': '0.1877', 'paper_align_reason_loss': '1.066', 'epoch': '1.073'}
{'paper_align_label_loss': '0.2052', 'paper_align_reason_loss': '1.22', 'epoch': '1.073'}
{'paper_align_label_loss': '0.08881', 'paper_align_reason_loss': '0.9179', 'epoch': '1.078'}
{'paper_align_label_loss': '0.04958', 'paper_align_reason_loss': '0.7474', 'epoch': '1.078'}
{'paper_align_label_loss': '0.03032', 'paper_align_reason_loss': '0.7168', 'epoch': '1.083'}
{'paper_align_label_loss': '0.02995', 'paper_align_reason_loss': '0.5499', 'epoch': '1.083'}
{'paper_align_label_loss': '0.06678', 'paper_align_reason_loss': '0.9946', 'epoch': '1.088'}
{'paper_align_label_loss': '0.1524', 'paper_align_reason_loss': '1.075', 'epoch': '1.088'}
{'paper_align_label_loss': '0.09036', 'paper_align_reason_loss': '0.9044', 'epoch': '1.092'}
{'paper_align_label_loss': '0.191', 'paper_align_reason_loss': '1.097', 'epoch': '1.092'}
{'paper_align_label_loss': '0.1094', 'paper_align_reason_loss': '0.7021', 'epoch': '1.097'}
{'paper_align_label_loss': '0.2146', 'paper_align_reason_loss': '1.03', 'epoch': '1.097'}
{'paper_align_label_loss': '0.06898', 'paper_align_reason_loss': '0.8714', 'epoch': '1.102'}
{'paper_align_label_loss': '0.06939', 'paper_align_reason_loss': '0.9288', 'epoch': '1.102'}
{'paper_align_label_loss': '0.03519', 'paper_align_reason_loss': '0.7925', 'epoch': '1.107'}
{'paper_align_label_loss': '0.08418', 'paper_align_reason_loss': '0.9256', 'epoch': '1.107'}
{'paper_align_label_loss': '0.04556', 'paper_align_reason_loss': '0.8948', 'epoch': '1.112'}
{'paper_align_label_loss': '0.0563', 'paper_align_reason_loss': '0.7202', 'epoch': '1.112'}
{'loss': '0.9867', 'grad_norm': '1.438', 'learning_rate': '7.262e-05', 'epoch': '1.117'}
{'paper_align_label_loss': '0.1041', 'paper_align_reason_loss': '1.094', 'epoch': '1.117'}
{'paper_align_label_loss': '0.166', 'paper_align_reason_loss': '0.8884', 'epoch': '1.117'}
{'paper_align_label_loss': '0.06086', 'paper_align_reason_loss': '1.005', 'epoch': '1.122'}
{'paper_align_label_loss': '0.08865', 'paper_align_reason_loss': '0.8341', 'epoch': '1.122'}
{'paper_align_label_loss': '0.09309', 'paper_align_reason_loss': '0.7489', 'epoch': '1.127'}
{'paper_align_label_loss': '0.04753', 'paper_align_reason_loss': '0.7983', 'epoch': '1.127'}
{'paper_align_label_loss': '0.03938', 'paper_align_reason_loss': '0.7034', 'epoch': '1.131'}
{'paper_align_label_loss': '0.03362', 'paper_align_reason_loss': '0.8461', 'epoch': '1.131'}
{'paper_align_label_loss': '0.0573', 'paper_align_reason_loss': '0.8801', 'epoch': '1.136'}
{'paper_align_label_loss': '0.2017', 'paper_align_reason_loss': '0.9098', 'epoch': '1.136'}
{'paper_align_label_loss': '0.2267', 'paper_align_reason_loss': '1.142', 'epoch': '1.141'}
{'paper_align_label_loss': '0.08392', 'paper_align_reason_loss': '0.99', 'epoch': '1.141'}
{'paper_align_label_loss': '0.06755', 'paper_align_reason_loss': '0.8229', 'epoch': '1.146'}
{'paper_align_label_loss': '0.02023', 'paper_align_reason_loss': '0.5137', 'epoch': '1.146'}
{'paper_align_label_loss': '0.02603', 'paper_align_reason_loss': '0.8044', 'epoch': '1.151'}
{'paper_align_label_loss': '0.05609', 'paper_align_reason_loss': '1.098', 'epoch': '1.151'}
{'paper_align_label_loss': '0.132', 'paper_align_reason_loss': '0.8869', 'epoch': '1.156'}
{'paper_align_label_loss': '0.03953', 'paper_align_reason_loss': '0.6979', 'epoch': '1.156'}
{'paper_align_label_loss': '0.08069', 'paper_align_reason_loss': '0.8958', 'epoch': '1.161'}
{'paper_align_label_loss': '0.07776', 'paper_align_reason_loss': '0.8033', 'epoch': '1.161'}
{'loss': '0.9533', 'grad_norm': '1.386', 'learning_rate': '7.025e-05', 'epoch': '1.165'}
{'paper_align_label_loss': '0.0663', 'paper_align_reason_loss': '0.8206', 'epoch': '1.165'}
{'paper_align_label_loss': '0.05666', 'paper_align_reason_loss': '0.8122', 'epoch': '1.165'}
{'paper_align_label_loss': '0.0463', 'paper_align_reason_loss': '0.6581', 'epoch': '1.17'}
{'paper_align_label_loss': '0.08295', 'paper_align_reason_loss': '0.7087', 'epoch': '1.17'}
{'paper_align_label_loss': '0.1004', 'paper_align_reason_loss': '0.8556', 'epoch': '1.175'}
{'paper_align_label_loss': '0.1186', 'paper_align_reason_loss': '0.8754', 'epoch': '1.175'}
{'paper_align_label_loss': '0.1253', 'paper_align_reason_loss': '0.9659', 'epoch': '1.18'}
{'paper_align_label_loss': '0.03366', 'paper_align_reason_loss': '0.8651', 'epoch': '1.18'}
{'paper_align_label_loss': '0.03032', 'paper_align_reason_loss': '0.7279', 'epoch': '1.185'}
{'paper_align_label_loss': '0.04476', 'paper_align_reason_loss': '0.8082', 'epoch': '1.185'}
{'paper_align_label_loss': '0.07717', 'paper_align_reason_loss': '0.8328', 'epoch': '1.19'}
{'paper_align_label_loss': '0.05549', 'paper_align_reason_loss': '0.6332', 'epoch': '1.19'}

 40%|███▉      | 246/618 [03:59<05:48,  1.07it/s]2026-09-18 17:29:30,565 INFO [rev_util_verifiability|paper_align|Qwen3-0.6B] step=246 epoch=1.1946

                                                 

 40%|███▉      | 246/618 [03:59<05:48,  1.07it/s]
 40%|███▉      | 247/618 [03:59<05:33,  1.11it/s]2026-09-18 17:29:31,003 INFO [rev_util_verifiability|paper_align|Qwen3-0.6B] step=247 epoch=1.1995

                                                 

 40%|███▉      | 247/618 [04:00<05:33,  1.11it/s]2026-09-18 17:29:31,485 INFO [rev_util_verifiability|paper_align|Qwen3-0.6B] step=247 epoch=1.1995

                                                 

 40%|███▉      | 247/618 [04:00<05:33,  1.11it/s]
 40%|████      | 248/618 [04:00<05:39,  1.09it/s]2026-09-18 17:29:31,939 INFO [rev_util_verifiability|paper_align|Qwen3-0.6B] step=248 epoch=1.2044

                                                 

 40%|████      | 248/618 [04:00<05:39,  1.09it/s]2026-09-18 17:29:32,335 INFO [rev_util_verifiability|paper_align|Qwen3-0.6B] step=248 epoch=1.2044

                                                 

 40%|████      | 248/618 [04:01<05:39,  1.09it/s]
 40%|████      | 249/618 [04:01<05:26,  1.13it/s]2026-09-18 17:29:32,763 INFO [rev_util_verifiability|paper_align|Qwen3-0.6B] step=249 epoch=1.2092

                                                 

 40%|████      | 249/618 [04:01<05:26,  1.13it/s]2026-09-18 17:29:33,215 INFO [rev_util_verifiability|paper_align|Qwen3-0.6B] step=249 epoch=1.2092

                                                 

 40%|████      | 249/618 [04:02<05:26,  1.13it/s]
 40%|████      | 250/618 [04:02<05:30,  1.11it/s]2026-09-18 17:29:33,549 INFO [rev_util_verifiability|paper_align|Qwen3-0.6B] step=250 loss=0.8925 learning_rate=0.0001 epoch=1.2141

                                                 

 40%|████      | 250/618 [04:02<05:30,  1.11it/s]2026-09-18 17:29:33,681 INFO [rev_util_verifiability|paper_align|Qwen3-0.6B] step=250 epoch=1.2141

                                                 

 40%|████      | 250/618 [04:02<05:30,  1.11it/s]2026-09-18 17:29:34,091 INFO [rev_util_verifiability|paper_align|Qwen3-0.6B] step=250 epoch=1.2141

                                                 

 40%|████      | 250/618 [04:03<05:30,  1.11it/s]
 41%|████      | 251/618 [04:03<05:25,  1.13it/s]2026-09-18 17:29:34,551 INFO [rev_util_verifiability|paper_align|Qwen3-0.6B] step=251 epoch=1.2190

                                                 

 41%|████      | 251/618 [04:03<05:25,  1.13it/s]2026-09-18 17:29:35,016 INFO [rev_util_verifiability|paper_align|Qwen3-0.6B] step=251 epoch=1.2190

                                                 

 41%|████      | 251/618 [04:04<05:25,  1.13it/s]
 41%|████      | 252/618 [04:04<05:33,  1.10it/s]2026-09-18 17:29:35,533 INFO [rev_util_verifiability|paper_align|Qwen3-0.6B] step=252 epoch=1.2238

                                                 

 41%|████      | 252/618 [04:04<05:33,  1.10it/s]2026-09-18 17:29:36,028 INFO [rev_util_verifiability|paper_align|Qwen3-0.6B] step=252 epoch=1.2238

                                                 

 41%|████      | 252/618 [04:05<05:33,  1.10it/s]
 41%|████      | 253/618 [04:05<05:43,  1.06it/s]2026-09-18 17:29:36,680 INFO [rev_util_verifiability|paper_align|Qwen3-0.6B] step=253 epoch=1.2287

                                                 

 41%|████      | 253/618 [04:05<05:43,  1.06it/s]2026-09-18 17:29:37,171 INFO [rev_util_verifiability|paper_align|Qwen3-0.6B] step=253 epoch=1.2287

                                                 

 41%|████      | 253/618 [04:06<05:43,  1.06it/s]
 41%|████      | 254/618 [04:06<06:05,  1.01s/it]2026-09-18 17:29:37,681 INFO [rev_util_verifiability|paper_align|Qwen3-0.6B] step=254 epoch=1.2336

                                                 

 41%|████      | 254/618 [04:06<06:05,  1.01s/it]2026-09-18 17:29:38,116 INFO [rev_util_verifiability|paper_align|Qwen3-0.6B] step=254 epoch=1.2336

                                                 

 41%|████      | 254/618 [04:07<06:05,  1.01s/it]
 41%|████▏     | 255/618 [04:07<05:51,  1.03it/s]2026-09-18 17:29:38,566 INFO [rev_util_verifiability|paper_align|Qwen3-0.6B] step=255 epoch=1.2384

                                                 

 41%|████▏     | 255/618 [04:07<05:51,  1.03it/s]2026-09-18 17:29:39,010 INFO [rev_util_verifiability|paper_align|Qwen3-0.6B] step=255 epoch=1.2384

                                                 

 41%|████▏     | 255/618 [04:08<05:51,  1.03it/s]
 41%|████▏     | 256/618 [04:08<05:43,  1.05it/s]2026-09-18 17:29:39,453 INFO [rev_util_verifiability|paper_align|Qwen3-0.6B] step=256 epoch=1.2433

                                                 

 41%|████▏     | 256/618 [04:08<05:43,  1.05it/s]2026-09-18 17:29:39,846 INFO [rev_util_verifiability|paper_align|Qwen3-0.6B] step=256 epoch=1.2433

                                                 

 41%|████▏     | 256/618 [04:08<05:43,  1.05it/s]
 42%|████▏     | 257/618 [04:09<05:27,  1.10it/s]2026-09-18 17:29:40,280 INFO [rev_util_verifiability|paper_align|Qwen3-0.6B] step=257 epoch=1.2482

                                                 

 42%|████▏     | 257/618 [04:09<05:27,  1.10it/s]2026-09-18 17:29:40,743 INFO [rev_util_verifiability|paper_align|Qwen3-0.6B] step=257 epoch=1.2482

                                                 

 42%|████▏     | 257/618 [04:09<05:27,  1.10it/s]
 42%|████▏     | 258/618 [04:10<05:30,  1.09it/s]2026-09-18 17:29:41,241 INFO [rev_util_verifiability|paper_align|Qwen3-0.6B] step=258 epoch=1.2530

                                                 

 42%|████▏     | 258/618 [04:10<05:30,  1.09it/s]2026-09-18 17:29:41,697 INFO [rev_util_verifiability|paper_align|Qwen3-0.6B] step=258 epoch=1.2530

                                                 

 42%|████▏     | 258/618 [04:10<05:30,  1.09it/s]
 42%|████▏     | 259/618 [04:11<05:23,  1.11it/s]2026-09-18 17:29:42,076 INFO [rev_util_verifiability|paper_align|Qwen3-0.6B] step=259 epoch=1.2579

                                                 

 42%|████▏     | 259/618 [04:11<05:23,  1.11it/s]2026-09-18 17:29:42,499 INFO [rev_util_verifiability|paper_align|Qwen3-0.6B] step=259 epoch=1.2579

                                                 

 42%|████▏     | 259/618 [04:11<05:23,  1.11it/s]
 42%|████▏     | 260/618 [04:11<05:25,  1.10it/s]2026-09-18 17:29:42,875 INFO [rev_util_verifiability|paper_align|Qwen3-0.6B] step=260 loss=0.9198 learning_rate=0.0001 epoch=1.2628

                                                 

 42%|████▏     | 260/618 [04:11<05:25,  1.10it/s]2026-09-18 17:29:43,022 INFO [rev_util_verifiability|paper_align|Qwen3-0.6B] step=260 epoch=1.2628

                                                 

 42%|████▏     | 260/618 [04:12<05:25,  1.10it/s]2026-09-18 17:29:43,468 INFO [rev_util_verifiability|paper_align|Qwen3-0.6B] step=260 epoch=1.2628

                                                 

 42%|████▏     | 260/618 [04:12<05:25,  1.10it/s]
 42%|████▏     | 261/618 [04:12<05:24,  1.10it/s]2026-09-18 17:29:43,929 INFO [rev_util_verifiability|paper_align|Qwen3-0.6B] step=261 epoch=1.2676

                                                 

 42%|████▏     | 261/618 [04:12<05:24,  1.10it/s]2026-09-18 17:29:44,369 INFO [rev_util_verifiability|paper_align|Qwen3-0.6B] step=261 epoch=1.2676

                                                 

 42%|████▏     | 261/618 [04:13<05:24,  1.10it/s]
 42%|████▏     | 262/618 [04:13<05:19,  1.12it/s]2026-09-18 17:29:44,771 INFO [rev_util_verifiability|paper_align|Qwen3-0.6B] step=262 epoch=1.2725

                                                 

 42%|████▏     | 262/618 [04:13<05:19,  1.12it/s]2026-09-18 17:29:45,155 INFO [rev_util_verifiability|paper_align|Qwen3-0.6B] step=262 epoch=1.2725

                                                 

 42%|████▏     | 262/618 [04:14<05:19,  1.12it/s]
 43%|████▎     | 263/618 [04:14<05:14,  1.13it/s]2026-09-18 17:29:45,894 INFO [rev_util_verifiability|paper_align|Qwen3-0.6B] step=263 epoch=1.2774

                                                 

 43%|████▎     | 263/618 [04:14<05:14,  1.13it/s]2026-09-18 17:29:46,353 INFO [rev_util_verifiability|paper_align|Qwen3-0.6B] step=263 epoch=1.2774

                                                 

 43%|████▎     | 263/618 [04:15<05:14,  1.13it/s]
 43%|████▎     | 264/618 [04:15<05:43,  1.03it/s]2026-09-18 17:29:46,802 INFO [rev_util_verifiability|paper_align|Qwen3-0.6B] step=264 epoch=1.2822

                                                 

 43%|████▎     | 264/618 [04:15<05:43,  1.03it/s]2026-09-18 17:29:47,195 INFO [rev_util_verifiability|paper_align|Qwen3-0.6B] step=264 epoch=1.2822

                                                 

 43%|████▎     | 264/618 [04:16<05:43,  1.03it/s]
 43%|████▎     | 265/618 [04:16<05:29,  1.07it/s]2026-09-18 17:29:47,672 INFO [rev_util_verifiability|paper_align|Qwen3-0.6B] step=265 epoch=1.2871

                                                 

 43%|████▎     | 265/618 [04:16<05:29,  1.07it/s]2026-09-18 17:29:48,126 INFO [rev_util_verifiability|paper_align|Qwen3-0.6B] step=265 epoch=1.2871

                                                 

 43%|████▎     | 265/618 [04:17<05:29,  1.07it/s]
 43%|████▎     | 266/618 [04:17<05:28,  1.07it/s]2026-09-18 17:29:48,614 INFO [rev_util_verifiability|paper_align|Qwen3-0.6B] step=266 epoch=1.2920

                                                 

 43%|████▎     | 266/618 [04:17<05:28,  1.07it/s]2026-09-18 17:29:49,111 INFO [rev_util_verifiability|paper_align|Qwen3-0.6B] step=266 epoch=1.2920

                                                 

 43%|████▎     | 266/618 [04:18<05:28,  1.07it/s]
 43%|████▎     | 267/618 [04:18<05:35,  1.05it/s]2026-09-18 17:29:49,598 INFO [rev_util_verifiability|paper_align|Qwen3-0.6B] step=267 epoch=1.2968

                                                 

 43%|████▎     | 267/618 [04:18<05:35,  1.05it/s]2026-09-18 17:29:50,017 INFO [rev_util_verifiability|paper_align|Qwen3-0.6B] step=267 epoch=1.2968

                                                 

 43%|████▎     | 267/618 [04:19<05:35,  1.05it/s]
 43%|████▎     | 268/618 [04:19<05:21,  1.09it/s]2026-09-18 17:29:50,441 INFO [rev_util_verifiability|paper_align|Qwen3-0.6B] step=268 epoch=1.3017

                                                 

 43%|████▎     | 268/618 [04:19<05:21,  1.09it/s]2026-09-18 17:29:50,903 INFO [rev_util_verifiability|paper_align|Qwen3-0.6B] step=268 epoch=1.3017

                                                 

 43%|████▎     | 268/618 [04:19<05:21,  1.09it/s]
 44%|████▎     | 269/618 [04:20<05:25,  1.07it/s]2026-09-18 17:29:51,399 INFO [rev_util_verifiability|paper_align|Qwen3-0.6B] step=269 epoch=1.3066

                                                 

 44%|████▎     | 269/618 [04:20<05:25,  1.07it/s]2026-09-18 17:29:51,807 INFO [rev_util_verifiability|paper_align|Qwen3-0.6B] step=269 epoch=1.3066

                                                 

 44%|████▎     | 269/618 [04:20<05:25,  1.07it/s]
 44%|████▎     | 270/618 [04:21<05:17,  1.10it/s]2026-09-18 17:29:52,126 INFO [rev_util_verifiability|paper_align|Qwen3-0.6B] step=270 loss=0.9078 learning_rate=0.0001 epoch=1.3114

                                                 

 44%|████▎     | 270/618 [04:21<05:17,  1.10it/s]2026-09-18 17:29:52,279 INFO [rev_util_verifiability|paper_align|Qwen3-0.6B] step=270 epoch=1.3114

                                                 

 44%|████▎     | 270/618 [04:21<05:17,  1.10it/s]2026-09-18 17:29:52,740 INFO [rev_util_verifiability|paper_align|Qwen3-0.6B] step=270 epoch=1.3114

                                                 

 44%|████▎     | 270/618 [04:21<05:17,  1.10it/s]
 44%|████▍     | 271/618 [04:22<05:18,  1.09it/s]2026-09-18 17:29:53,179 INFO [rev_util_verifiability|paper_align|Qwen3-0.6B] step=271 epoch=1.3163

                                                 

 44%|████▍     | 271/618 [04:22<05:18,  1.09it/s]2026-09-18 17:29:53,534 INFO [rev_util_verifiability|paper_align|Qwen3-0.6B] step=271 epoch=1.3163

                                                 

 44%|████▍     | 271/618 [04:22<05:18,  1.09it/s]
 44%|████▍     | 272/618 [04:22<05:01,  1.15it/s]2026-09-18 17:29:53,976 INFO [rev_util_verifiability|paper_align|Qwen3-0.6B] step=272 epoch=1.3212

                                                 

 44%|████▍     | 272/618 [04:23<05:01,  1.15it/s]2026-09-18 17:29:54,462 INFO [rev_util_verifiability|paper_align|Qwen3-0.6B] step=272 epoch=1.3212

                                                 

 44%|████▍     | 272/618 [04:23<05:01,  1.15it/s]
 44%|████▍     | 273/618 [04:23<05:13,  1.10it/s]2026-09-18 17:29:54,947 INFO [rev_util_verifiability|paper_align|Qwen3-0.6B] step=273 epoch=1.3260

                                                 

 44%|████▍     | 273/618 [04:24<05:13,  1.10it/s]2026-09-18 17:29:55,570 INFO [rev_util_verifiability|paper_align|Qwen3-0.6B] step=273 epoch=1.3260

                                                 

 44%|████▍     | 273/618 [04:24<05:13,  1.10it/s]
 44%|████▍     | 274/618 [04:24<05:29,  1.04it/s]2026-09-18 17:29:56,020 INFO [rev_util_verifiability|paper_align|Qwen3-0.6B] step=274 epoch=1.3309

                                                 

 44%|████▍     | 274/618 [04:25<05:29,  1.04it/s]2026-09-18 17:29:56,423 INFO [rev_util_verifiability|paper_align|Qwen3-0.6B] step=274 epoch=1.3309

                                                 

 44%|████▍     | 274/618 [04:25<05:29,  1.04it/s]
 44%|████▍     | 275/618 [04:25<05:17,  1.08it/s]2026-09-18 17:29:56,903 INFO [rev_util_verifiability|paper_align|Qwen3-0.6B] step=275 epoch=1.3358

                                                 

 44%|████▍     | 275/618 [04:25<05:17,  1.08it/s]2026-09-18 17:29:57,393 INFO [rev_util_verifiability|paper_align|Qwen3-0.6B] step=275 epoch=1.3358

                                                 

 44%|████▍     | 275/618 [04:26<05:17,  1.08it/s]
 45%|████▍     | 276/618 [04:26<05:22,  1.06it/s]2026-09-18 17:29:57,858 INFO [rev_util_verifiability|paper_align|Qwen3-0.6B] step=276 epoch=1.3406

                                                 

 45%|████▍     | 276/618 [04:26<05:22,  1.06it/s]2026-09-18 17:29:58,287 INFO [rev_util_verifiability|paper_align|Qwen3-0.6B] step=276 epoch=1.3406

                                                 

 45%|████▍     | 276/618 [04:27<05:22,  1.06it/s]
 45%|████▍     | 277/618 [04:27<05:19,  1.07it/s]2026-09-18 17:29:58,788 INFO [rev_util_verifiability|paper_align|Qwen3-0.6B] step=277 epoch=1.3455

                                                 

 45%|████▍     | 277/618 [04:27<05:19,  1.07it/s]2026-09-18 17:29:59,215 INFO [rev_util_verifiability|paper_align|Qwen3-0.6B] step=277 epoch=1.3455

                                                 

 45%|████▍     | 277/618 [04:28<05:19,  1.07it/s]
 45%|████▍     | 278/618 [04:28<05:12,  1.09it/s]2026-09-18 17:29:59,660 INFO [rev_util_verifiability|paper_align|Qwen3-0.6B] step=278 epoch=1.3504

                                                 

 45%|████▍     | 278/618 [04:28<05:12,  1.09it/s]2026-09-18 17:30:00,097 INFO [rev_util_verifiability|paper_align|Qwen3-0.6B] step=278 epoch=1.3504

                                                 

 45%|████▍     | 278/618 [04:29<05:12,  1.09it/s]
 45%|████▌     | 279/618 [04:29<05:09,  1.09it/s]2026-09-18 17:30:00,560 INFO [rev_util_verifiability|paper_align|Qwen3-0.6B] step=279 epoch=1.3552

                                                 

 45%|████▌     | 279/618 [04:29<05:09,  1.09it/s]2026-09-18 17:30:00,992 INFO [rev_util_verifiability|paper_align|Qwen3-0.6B] step=279 epoch=1.3552

                                                 

 45%|████▌     | 279/618 [04:30<05:09,  1.09it/s]
 45%|████▌     | 280/618 [04:30<05:11,  1.09it/s]2026-09-18 17:30:01,368 INFO [rev_util_verifiability|paper_align|Qwen3-0.6B] step=280 loss=0.9468 learning_rate=0.0001 epoch=1.3601

                                                 

 45%|████▌     | 280/618 [04:30<05:11,  1.09it/s]2026-09-18 17:30:01,505 INFO [rev_util_verifiability|paper_align|Qwen3-0.6B] step=280 epoch=1.3601

                                                 

 45%|████▌     | 280/618 [04:30<05:11,  1.09it/s]2026-09-18 17:30:01,973 INFO [rev_util_verifiability|paper_align|Qwen3-0.6B] step=280 epoch=1.3601

                                                 

 45%|████▌     | 280/618 [04:31<05:11,  1.09it/s]
 45%|████▌     | 281/618 [04:31<05:13,  1.07it/s]2026-09-18 17:30:02,476 INFO [rev_util_verifiability|paper_align|Qwen3-0.6B] step=281 epoch=1.3650

                                                 

 45%|████▌     | 281/618 [04:31<05:13,  1.07it/s]2026-09-18 17:30:02,977 INFO [rev_util_verifiability|paper_align|Qwen3-0.6B] step=281 epoch=1.3650

                                                 

 45%|████▌     | 281/618 [04:32<05:13,  1.07it/s]
 46%|████▌     | 282/618 [04:32<05:25,  1.03it/s]2026-09-18 17:30:03,517 INFO [rev_util_verifiability|paper_align|Qwen3-0.6B] step=282 epoch=1.3698

                                                 

 46%|████▌     | 282/618 [04:32<05:25,  1.03it/s]2026-09-18 17:30:03,966 INFO [rev_util_verifiability|paper_align|Qwen3-0.6B] step=282 epoch=1.3698

                                                 

 46%|████▌     | 282/618 [04:33<05:25,  1.03it/s]
 46%|████▌     | 283/618 [04:33<05:19,  1.05it/s]2026-09-18 17:30:04,437 INFO [rev_util_verifiability|paper_align|Qwen3-0.6B] step=283 epoch=1.3747

                                                 

 46%|████▌     | 283/618 [04:33<05:19,  1.05it/s]2026-09-18 17:30:05,033 INFO [rev_util_verifiability|paper_align|Qwen3-0.6B] step=283 epoch=1.3747

                                                 

 46%|████▌     | 283/618 [04:34<05:19,  1.05it/s]
 46%|████▌     | 284/618 [04:34<05:29,  1.01it/s]2026-09-18 17:30:05,500 INFO [rev_util_verifiability|paper_align|Qwen3-0.6B] step=284 epoch=1.3796

                                                 

 46%|████▌     | 284/618 [04:34<05:29,  1.01it/s]2026-09-18 17:30:05,965 INFO [rev_util_verifiability|paper_align|Qwen3-0.6B] step=284 epoch=1.3796

                                                 

 46%|████▌     | 284/618 [04:35<05:29,  1.01it/s]
 46%|████▌     | 285/618 [04:35<05:26,  1.02it/s]2026-09-18 17:30:06,468 INFO [rev_util_verifiability|paper_align|Qwen3-0.6B] step=285 epoch=1.3844

                                                 

 46%|████▌     | 285/618 [04:35<05:26,  1.02it/s]2026-09-18 17:30:06,921 INFO [rev_util_verifiability|paper_align|Qwen3-0.6B] step=285 epoch=1.3844

                                                 

 46%|████▌     | 285/618 [04:35<05:26,  1.02it/s]
 46%|████▋     | 286/618 [04:36<05:19,  1.04it/s]2026-09-18 17:30:07,382 INFO [rev_util_verifiability|paper_align|Qwen3-0.6B] step=286 epoch=1.3893

                                                 

 46%|████▋     | 286/618 [04:36<05:19,  1.04it/s]2026-09-18 17:30:07,814 INFO [rev_util_verifiability|paper_align|Qwen3-0.6B] step=286 epoch=1.3893

                                                 

 46%|████▋     | 286/618 [04:36<05:19,  1.04it/s]
 46%|████▋     | 287/618 [04:37<05:11,  1.06it/s]2026-09-18 17:30:08,290 INFO [rev_util_verifiability|paper_align|Qwen3-0.6B] step=287 epoch=1.3942

                                                 

 46%|████▋     | 287/618 [04:37<05:11,  1.06it/s]2026-09-18 17:30:08,748 INFO [rev_util_verifiability|paper_align|Qwen3-0.6B] step=287 epoch=1.3942

                                                 

 46%|████▋     | 287/618 [04:37<05:11,  1.06it/s]
 47%|████▋     | 288/618 [04:38<05:09,  1.07it/s]2026-09-18 17:30:09,224 INFO [rev_util_verifiability|paper_align|Qwen3-0.6B] step=288 epoch=1.3990

                                                 
{'paper_align_label_loss': '0.1009', 'paper_align_reason_loss': '0.9873', 'epoch': '1.195'}
{'paper_align_label_loss': '0.06376', 'paper_align_reason_loss': '0.7631', 'epoch': '1.195'}
{'paper_align_label_loss': '0.08979', 'paper_align_reason_loss': '1.017', 'epoch': '1.2'}
{'paper_align_label_loss': '0.09687', 'paper_align_reason_loss': '0.9078', 'epoch': '1.2'}
{'paper_align_label_loss': '0.06195', 'paper_align_reason_loss': '0.8768', 'epoch': '1.204'}
{'paper_align_label_loss': '0.01798', 'paper_align_reason_loss': '0.6096', 'epoch': '1.204'}
{'paper_align_label_loss': '0.05981', 'paper_align_reason_loss': '0.9039', 'epoch': '1.209'}
{'paper_align_label_loss': '0.01365', 'paper_align_reason_loss': '0.8777', 'epoch': '1.209'}
{'loss': '0.8925', 'grad_norm': '1.635', 'learning_rate': '6.782e-05', 'epoch': '1.214'}
{'paper_align_label_loss': '0.07343', 'paper_align_reason_loss': '0.9487', 'epoch': '1.214'}
{'paper_align_label_loss': '0.06951', 'paper_align_reason_loss': '0.8698', 'epoch': '1.214'}
{'paper_align_label_loss': '0.04737', 'paper_align_reason_loss': '0.7997', 'epoch': '1.219'}
{'paper_align_label_loss': '0.08952', 'paper_align_reason_loss': '0.8774', 'epoch': '1.219'}
{'paper_align_label_loss': '0.02591', 'paper_align_reason_loss': '0.7422', 'epoch': '1.224'}
{'paper_align_label_loss': '0.1467', 'paper_align_reason_loss': '1.015', 'epoch': '1.224'}
{'paper_align_label_loss': '0.04607', 'paper_align_reason_loss': '0.837', 'epoch': '1.229'}
{'paper_align_label_loss': '0.05252', 'paper_align_reason_loss': '0.76', 'epoch': '1.229'}
{'paper_align_label_loss': '0.1071', 'paper_align_reason_loss': '1.053', 'epoch': '1.234'}
{'paper_align_label_loss': '0.1341', 'paper_align_reason_loss': '0.7148', 'epoch': '1.234'}
{'paper_align_label_loss': '0.1037', 'paper_align_reason_loss': '1.006', 'epoch': '1.238'}
{'paper_align_label_loss': '0.06271', 'paper_align_reason_loss': '0.7886', 'epoch': '1.238'}
{'paper_align_label_loss': '0.02671', 'paper_align_reason_loss': '0.5592', 'epoch': '1.243'}
{'paper_align_label_loss': '0.04611', 'paper_align_reason_loss': '0.5501', 'epoch': '1.243'}
{'paper_align_label_loss': '0.1406', 'paper_align_reason_loss': '1.031', 'epoch': '1.248'}
{'paper_align_label_loss': '0.1243', 'paper_align_reason_loss': '0.9078', 'epoch': '1.248'}
{'paper_align_label_loss': '0.02241', 'paper_align_reason_loss': '0.8735', 'epoch': '1.253'}
{'paper_align_label_loss': '0.04116', 'paper_align_reason_loss': '0.8668', 'epoch': '1.253'}
{'paper_align_label_loss': '0.1262', 'paper_align_reason_loss': '0.8323', 'epoch': '1.258'}
{'paper_align_label_loss': '0.03111', 'paper_align_reason_loss': '0.8456', 'epoch': '1.258'}
{'loss': '0.9198', 'grad_norm': '1.523', 'learning_rate': '6.535e-05', 'epoch': '1.263'}
{'paper_align_label_loss': '0.1119', 'paper_align_reason_loss': '0.8273', 'epoch': '1.263'}
{'paper_align_label_loss': '0.06165', 'paper_align_reason_loss': '0.7574', 'epoch': '1.263'}
{'paper_align_label_loss': '0.09244', 'paper_align_reason_loss': '0.8599', 'epoch': '1.268'}
{'paper_align_label_loss': '0.02093', 'paper_align_reason_loss': '0.5657', 'epoch': '1.268'}
{'paper_align_label_loss': '0.0002299', 'paper_align_reason_loss': '0.8048', 'epoch': '1.273'}
{'paper_align_label_loss': '0.04798', 'paper_align_reason_loss': '0.9022', 'epoch': '1.273'}
{'paper_align_label_loss': '0.1385', 'paper_align_reason_loss': '0.7865', 'epoch': '1.277'}
{'paper_align_label_loss': '0.01692', 'paper_align_reason_loss': '0.7427', 'epoch': '1.277'}
{'paper_align_label_loss': '0.02888', 'paper_align_reason_loss': '0.6825', 'epoch': '1.282'}
{'paper_align_label_loss': '0.2134', 'paper_align_reason_loss': '1.063', 'epoch': '1.282'}
{'paper_align_label_loss': '0.2326', 'paper_align_reason_loss': '1.118', 'epoch': '1.287'}
{'paper_align_label_loss': '0.07741', 'paper_align_reason_loss': '0.8636', 'epoch': '1.287'}
{'paper_align_label_loss': '0.05145', 'paper_align_reason_loss': '0.8026', 'epoch': '1.292'}
{'paper_align_label_loss': '0.03404', 'paper_align_reason_loss': '0.9975', 'epoch': '1.292'}
{'paper_align_label_loss': '0.1337', 'paper_align_reason_loss': '0.8197', 'epoch': '1.297'}
{'paper_align_label_loss': '0.04924', 'paper_align_reason_loss': '0.5612', 'epoch': '1.297'}
{'paper_align_label_loss': '0.02988', 'paper_align_reason_loss': '0.9132', 'epoch': '1.302'}
{'paper_align_label_loss': '0.04688', 'paper_align_reason_loss': '0.8368', 'epoch': '1.302'}
{'paper_align_label_loss': '0.0377', 'paper_align_reason_loss': '0.7233', 'epoch': '1.307'}
{'paper_align_label_loss': '0.1208', 'paper_align_reason_loss': '0.9813', 'epoch': '1.307'}
{'loss': '0.9078', 'grad_norm': '1.49', 'learning_rate': '6.284e-05', 'epoch': '1.311'}
{'paper_align_label_loss': '0.02447', 'paper_align_reason_loss': '0.7859', 'epoch': '1.311'}
{'paper_align_label_loss': '0.1305', 'paper_align_reason_loss': '0.8922', 'epoch': '1.311'}
{'paper_align_label_loss': '0.002336', 'paper_align_reason_loss': '0.6547', 'epoch': '1.316'}
{'paper_align_label_loss': '0.08112', 'paper_align_reason_loss': '0.7173', 'epoch': '1.316'}
{'paper_align_label_loss': '0.0393', 'paper_align_reason_loss': '0.9581', 'epoch': '1.321'}
{'paper_align_label_loss': '0.07021', 'paper_align_reason_loss': '0.9798', 'epoch': '1.321'}
{'paper_align_label_loss': '0.0736', 'paper_align_reason_loss': '0.7108', 'epoch': '1.326'}
{'paper_align_label_loss': '0.02474', 'paper_align_reason_loss': '0.8762', 'epoch': '1.326'}
{'paper_align_label_loss': '0.1609', 'paper_align_reason_loss': '0.7905', 'epoch': '1.331'}
{'paper_align_label_loss': '0.04371', 'paper_align_reason_loss': '0.8499', 'epoch': '1.331'}
{'paper_align_label_loss': '0.06399', 'paper_align_reason_loss': '0.7942', 'epoch': '1.336'}
{'paper_align_label_loss': '0.12', 'paper_align_reason_loss': '0.9698', 'epoch': '1.336'}
{'paper_align_label_loss': '0.1525', 'paper_align_reason_loss': '0.8414', 'epoch': '1.341'}
{'paper_align_label_loss': '0.06566', 'paper_align_reason_loss': '1.011', 'epoch': '1.341'}
{'paper_align_label_loss': '0.1575', 'paper_align_reason_loss': '0.9037', 'epoch': '1.345'}
{'paper_align_label_loss': '0.318', 'paper_align_reason_loss': '0.9562', 'epoch': '1.345'}
{'paper_align_label_loss': '0.1626', 'paper_align_reason_loss': '0.8351', 'epoch': '1.35'}
{'paper_align_label_loss': '0.07108', 'paper_align_reason_loss': '0.7134', 'epoch': '1.35'}
{'paper_align_label_loss': '0.06731', 'paper_align_reason_loss': '0.8075', 'epoch': '1.355'}
{'paper_align_label_loss': '0.1552', 'paper_align_reason_loss': '0.9032', 'epoch': '1.355'}
{'loss': '0.9468', 'grad_norm': '2.205', 'learning_rate': '6.028e-05', 'epoch': '1.36'}
{'paper_align_label_loss': '0.0586', 'paper_align_reason_loss': '0.7527', 'epoch': '1.36'}
{'paper_align_label_loss': '0.1077', 'paper_align_reason_loss': '0.7989', 'epoch': '1.36'}
{'paper_align_label_loss': '0.05045', 'paper_align_reason_loss': '0.8675', 'epoch': '1.365'}
{'paper_align_label_loss': '0.03988', 'paper_align_reason_loss': '0.8973', 'epoch': '1.365'}
{'paper_align_label_loss': '0.01547', 'paper_align_reason_loss': '0.7142', 'epoch': '1.37'}
{'paper_align_label_loss': '0.04162', 'paper_align_reason_loss': '0.9037', 'epoch': '1.37'}
{'paper_align_label_loss': '0.0912', 'paper_align_reason_loss': '0.8365', 'epoch': '1.375'}
{'paper_align_label_loss': '0.09539', 'paper_align_reason_loss': '0.8435', 'epoch': '1.375'}
{'paper_align_label_loss': '0.02128', 'paper_align_reason_loss': '0.8256', 'epoch': '1.38'}
{'paper_align_label_loss': '0.05419', 'paper_align_reason_loss': '1.091', 'epoch': '1.38'}
{'paper_align_label_loss': '0.03362', 'paper_align_reason_loss': '0.8266', 'epoch': '1.384'}
{'paper_align_label_loss': '0.06273', 'paper_align_reason_loss': '0.969', 'epoch': '1.384'}
{'paper_align_label_loss': '0.04205', 'paper_align_reason_loss': '0.5383', 'epoch': '1.389'}
{'paper_align_label_loss': '0.06937', 'paper_align_reason_loss': '0.8848', 'epoch': '1.389'}
{'paper_align_label_loss': '0.03264', 'paper_align_reason_loss': '0.8766', 'epoch': '1.394'}
{'paper_align_label_loss': '0.06401', 'paper_align_reason_loss': '0.7483', 'epoch': '1.394'}

 47%|████▋     | 288/618 [04:38<05:09,  1.07it/s]2026-09-18 17:30:09,707 INFO [rev_util_verifiability|paper_align|Qwen3-0.6B] step=288 epoch=1.3990

                                                 

 47%|████▋     | 288/618 [04:38<05:09,  1.07it/s]
 47%|████▋     | 289/618 [04:39<05:10,  1.06it/s]2026-09-18 17:30:10,153 INFO [rev_util_verifiability|paper_align|Qwen3-0.6B] step=289 epoch=1.4039

                                                 

 47%|████▋     | 289/618 [04:39<05:10,  1.06it/s]2026-09-18 17:30:10,546 INFO [rev_util_verifiability|paper_align|Qwen3-0.6B] step=289 epoch=1.4039

                                                 

 47%|████▋     | 289/618 [04:39<05:10,  1.06it/s]
 47%|████▋     | 290/618 [04:39<04:58,  1.10it/s]2026-09-18 17:30:10,855 INFO [rev_util_verifiability|paper_align|Qwen3-0.6B] step=290 loss=0.9010 learning_rate=0.0001 epoch=1.4088

                                                 

 47%|████▋     | 290/618 [04:39<04:58,  1.10it/s]2026-09-18 17:30:11,232 INFO [rev_util_verifiability|paper_align|Qwen3-0.6B] step=290 epoch=1.4088

                                                 

 47%|████▋     | 290/618 [04:40<04:58,  1.10it/s]2026-09-18 17:30:11,970 INFO [rev_util_verifiability|paper_align|Qwen3-0.6B] step=290 epoch=1.4088

                                                 

 47%|████▋     | 290/618 [04:41<04:58,  1.10it/s]
 47%|████▋     | 291/618 [04:41<05:49,  1.07s/it]2026-09-18 17:30:12,433 INFO [rev_util_verifiability|paper_align|Qwen3-0.6B] step=291 epoch=1.4136

                                                 

 47%|████▋     | 291/618 [04:41<05:49,  1.07s/it]2026-09-18 17:30:12,852 INFO [rev_util_verifiability|paper_align|Qwen3-0.6B] step=291 epoch=1.4136

                                                 

 47%|████▋     | 291/618 [04:41<05:49,  1.07s/it]
 47%|████▋     | 292/618 [04:42<05:33,  1.02s/it]2026-09-18 17:30:13,344 INFO [rev_util_verifiability|paper_align|Qwen3-0.6B] step=292 epoch=1.4185

                                                 

 47%|████▋     | 292/618 [04:42<05:33,  1.02s/it]2026-09-18 17:30:13,795 INFO [rev_util_verifiability|paper_align|Qwen3-0.6B] step=292 epoch=1.4185

                                                 

 47%|████▋     | 292/618 [04:42<05:33,  1.02s/it]
 47%|████▋     | 293/618 [04:43<05:25,  1.00s/it]2026-09-18 17:30:14,299 INFO [rev_util_verifiability|paper_align|Qwen3-0.6B] step=293 epoch=1.4234

                                                 

 47%|████▋     | 293/618 [04:43<05:25,  1.00s/it]2026-09-18 17:30:14,758 INFO [rev_util_verifiability|paper_align|Qwen3-0.6B] step=293 epoch=1.4234

                                                 

 47%|████▋     | 293/618 [04:43<05:25,  1.00s/it]
 48%|████▊     | 294/618 [04:44<05:21,  1.01it/s]2026-09-18 17:30:15,494 INFO [rev_util_verifiability|paper_align|Qwen3-0.6B] step=294 epoch=1.4282

                                                 

 48%|████▊     | 294/618 [04:44<05:21,  1.01it/s]2026-09-18 17:30:15,946 INFO [rev_util_verifiability|paper_align|Qwen3-0.6B] step=294 epoch=1.4282

                                                 

 48%|████▊     | 294/618 [04:45<05:21,  1.01it/s]
 48%|████▊     | 295/618 [04:45<05:34,  1.03s/it]2026-09-18 17:30:16,421 INFO [rev_util_verifiability|paper_align|Qwen3-0.6B] step=295 epoch=1.4331

                                                 

 48%|████▊     | 295/618 [04:45<05:34,  1.03s/it]2026-09-18 17:30:16,893 INFO [rev_util_verifiability|paper_align|Qwen3-0.6B] step=295 epoch=1.4331

                                                 

 48%|████▊     | 295/618 [04:45<05:34,  1.03s/it]
 48%|████▊     | 296/618 [04:46<05:21,  1.00it/s]2026-09-18 17:30:17,323 INFO [rev_util_verifiability|paper_align|Qwen3-0.6B] step=296 epoch=1.4380

                                                 

 48%|████▊     | 296/618 [04:46<05:21,  1.00it/s]2026-09-18 17:30:17,763 INFO [rev_util_verifiability|paper_align|Qwen3-0.6B] step=296 epoch=1.4380

                                                 

 48%|████▊     | 296/618 [04:46<05:21,  1.00it/s]
 48%|████▊     | 297/618 [04:47<05:11,  1.03it/s]2026-09-18 17:30:18,258 INFO [rev_util_verifiability|paper_align|Qwen3-0.6B] step=297 epoch=1.4428

                                                 

 48%|████▊     | 297/618 [04:47<05:11,  1.03it/s]2026-09-18 17:30:18,761 INFO [rev_util_verifiability|paper_align|Qwen3-0.6B] step=297 epoch=1.4428

                                                 

 48%|████▊     | 297/618 [04:47<05:11,  1.03it/s]
 48%|████▊     | 298/618 [04:48<05:13,  1.02it/s]2026-09-18 17:30:19,228 INFO [rev_util_verifiability|paper_align|Qwen3-0.6B] step=298 epoch=1.4477

                                                 

 48%|████▊     | 298/618 [04:48<05:13,  1.02it/s]2026-09-18 17:30:19,655 INFO [rev_util_verifiability|paper_align|Qwen3-0.6B] step=298 epoch=1.4477

                                                 

 48%|████▊     | 298/618 [04:48<05:13,  1.02it/s]
 48%|████▊     | 299/618 [04:48<04:58,  1.07it/s]2026-09-18 17:30:20,034 INFO [rev_util_verifiability|paper_align|Qwen3-0.6B] step=299 epoch=1.4526

                                                 

 48%|████▊     | 299/618 [04:49<04:58,  1.07it/s]2026-09-18 17:30:20,396 INFO [rev_util_verifiability|paper_align|Qwen3-0.6B] step=299 epoch=1.4526

                                                 

 48%|████▊     | 299/618 [04:49<04:58,  1.07it/s]
 49%|████▊     | 300/618 [04:49<04:44,  1.12it/s]2026-09-18 17:30:20,718 INFO [rev_util_verifiability|paper_align|Qwen3-0.6B] step=300 loss=0.9272 learning_rate=0.0001 epoch=1.4574

                                                 

 49%|████▊     | 300/618 [04:49<04:44,  1.12it/s]2026-09-18 17:30:20,882 INFO [rev_util_verifiability|paper_align|Qwen3-0.6B] step=300 epoch=1.4574

                                                 

 49%|████▊     | 300/618 [04:49<04:44,  1.12it/s]2026-09-18 17:30:21,346 INFO [rev_util_verifiability|paper_align|Qwen3-0.6B] step=300 epoch=1.4574

                                                 

 49%|████▊     | 300/618 [04:50<04:44,  1.12it/s]
 49%|████▊     | 301/618 [04:50<04:44,  1.11it/s]2026-09-18 17:30:21,793 INFO [rev_util_verifiability|paper_align|Qwen3-0.6B] step=301 epoch=1.4623

                                                 

 49%|████▊     | 301/618 [04:50<04:44,  1.11it/s]2026-09-18 17:30:22,304 INFO [rev_util_verifiability|paper_align|Qwen3-0.6B] step=301 epoch=1.4623

                                                 

 49%|████▊     | 301/618 [04:51<04:44,  1.11it/s]
 49%|████▉     | 302/618 [04:51<04:49,  1.09it/s]2026-09-18 17:30:22,737 INFO [rev_util_verifiability|paper_align|Qwen3-0.6B] step=302 epoch=1.4672

                                                 

 49%|████▉     | 302/618 [04:51<04:49,  1.09it/s]2026-09-18 17:30:23,209 INFO [rev_util_verifiability|paper_align|Qwen3-0.6B] step=302 epoch=1.4672

                                                 

 49%|████▉     | 302/618 [04:52<04:49,  1.09it/s]
 49%|████▉     | 303/618 [04:52<04:55,  1.07it/s]2026-09-18 17:30:23,717 INFO [rev_util_verifiability|paper_align|Qwen3-0.6B] step=303 epoch=1.4720

                                                 

 49%|████▉     | 303/618 [04:52<04:55,  1.07it/s]2026-09-18 17:30:24,177 INFO [rev_util_verifiability|paper_align|Qwen3-0.6B] step=303 epoch=1.4720

                                                 

 49%|████▉     | 303/618 [04:53<04:55,  1.07it/s]
 49%|████▉     | 304/618 [04:53<04:57,  1.05it/s]2026-09-18 17:30:24,845 INFO [rev_util_verifiability|paper_align|Qwen3-0.6B] step=304 epoch=1.4769

                                                 

 49%|████▉     | 304/618 [04:53<04:57,  1.05it/s]2026-09-18 17:30:25,296 INFO [rev_util_verifiability|paper_align|Qwen3-0.6B] step=304 epoch=1.4769

                                                 

 49%|████▉     | 304/618 [04:54<04:57,  1.05it/s]
 49%|████▉     | 305/618 [04:54<05:11,  1.00it/s]2026-09-18 17:30:25,785 INFO [rev_util_verifiability|paper_align|Qwen3-0.6B] step=305 epoch=1.4818

                                                 

 49%|████▉     | 305/618 [04:54<05:11,  1.00it/s]2026-09-18 17:30:26,175 INFO [rev_util_verifiability|paper_align|Qwen3-0.6B] step=305 epoch=1.4818

                                                 

 49%|████▉     | 305/618 [04:55<05:11,  1.00it/s]
 50%|████▉     | 306/618 [04:55<04:51,  1.07it/s]2026-09-18 17:30:26,587 INFO [rev_util_verifiability|paper_align|Qwen3-0.6B] step=306 epoch=1.4866

                                                 

 50%|████▉     | 306/618 [04:55<04:51,  1.07it/s]2026-09-18 17:30:27,019 INFO [rev_util_verifiability|paper_align|Qwen3-0.6B] step=306 epoch=1.4866

                                                 

 50%|████▉     | 306/618 [04:56<04:51,  1.07it/s]
 50%|████▉     | 307/618 [04:56<04:42,  1.10it/s]2026-09-18 17:30:27,429 INFO [rev_util_verifiability|paper_align|Qwen3-0.6B] step=307 epoch=1.4915

                                                 

 50%|████▉     | 307/618 [04:56<04:42,  1.10it/s]2026-09-18 17:30:27,869 INFO [rev_util_verifiability|paper_align|Qwen3-0.6B] step=307 epoch=1.4915

                                                 

 50%|████▉     | 307/618 [04:56<04:42,  1.10it/s]
 50%|████▉     | 308/618 [04:57<04:37,  1.12it/s]2026-09-18 17:30:28,284 INFO [rev_util_verifiability|paper_align|Qwen3-0.6B] step=308 epoch=1.4964

                                                 

 50%|████▉     | 308/618 [04:57<04:37,  1.12it/s]2026-09-18 17:30:28,675 INFO [rev_util_verifiability|paper_align|Qwen3-0.6B] step=308 epoch=1.4964

                                                 

 50%|████▉     | 308/618 [04:57<04:37,  1.12it/s]
 50%|█████     | 309/618 [04:58<04:26,  1.16it/s]2026-09-18 17:30:29,071 INFO [rev_util_verifiability|paper_align|Qwen3-0.6B] step=309 epoch=1.5012

                                                 

 50%|█████     | 309/618 [04:58<04:26,  1.16it/s]2026-09-18 17:30:29,485 INFO [rev_util_verifiability|paper_align|Qwen3-0.6B] step=309 epoch=1.5012

                                                 

 50%|█████     | 309/618 [04:58<04:26,  1.16it/s]
 50%|█████     | 310/618 [04:58<04:26,  1.15it/s]2026-09-18 17:30:29,816 INFO [rev_util_verifiability|paper_align|Qwen3-0.6B] step=310 loss=0.8549 learning_rate=0.0001 epoch=1.5061

                                                 

 50%|█████     | 310/618 [04:58<04:26,  1.15it/s]2026-09-18 17:30:29,928 INFO [rev_util_verifiability|paper_align|Qwen3-0.6B] step=310 epoch=1.5061

                                                 

 50%|█████     | 310/618 [04:58<04:26,  1.15it/s]2026-09-18 17:30:30,279 INFO [rev_util_verifiability|paper_align|Qwen3-0.6B] step=310 epoch=1.5061

                                                 

 50%|█████     | 310/618 [04:59<04:26,  1.15it/s]
 50%|█████     | 311/618 [04:59<04:15,  1.20it/s]2026-09-18 17:30:30,711 INFO [rev_util_verifiability|paper_align|Qwen3-0.6B] step=311 epoch=1.5109

                                                 

 50%|█████     | 311/618 [04:59<04:15,  1.20it/s]2026-09-18 17:30:31,156 INFO [rev_util_verifiability|paper_align|Qwen3-0.6B] step=311 epoch=1.5109

                                                 

 50%|█████     | 311/618 [05:00<04:15,  1.20it/s]
 50%|█████     | 312/618 [05:00<04:21,  1.17it/s]2026-09-18 17:30:31,629 INFO [rev_util_verifiability|paper_align|Qwen3-0.6B] step=312 epoch=1.5158

                                                 

 50%|█████     | 312/618 [05:00<04:21,  1.17it/s]2026-09-18 17:30:32,097 INFO [rev_util_verifiability|paper_align|Qwen3-0.6B] step=312 epoch=1.5158

                                                 

 50%|█████     | 312/618 [05:01<04:21,  1.17it/s]
 51%|█████     | 313/618 [05:01<04:25,  1.15it/s]2026-09-18 17:30:32,511 INFO [rev_util_verifiability|paper_align|Qwen3-0.6B] step=313 epoch=1.5207

                                                 

 51%|█████     | 313/618 [05:01<04:25,  1.15it/s]2026-09-18 17:30:32,899 INFO [rev_util_verifiability|paper_align|Qwen3-0.6B] step=313 epoch=1.5207

                                                 

 51%|█████     | 313/618 [05:01<04:25,  1.15it/s]
 51%|█████     | 314/618 [05:02<04:17,  1.18it/s]2026-09-18 17:30:33,312 INFO [rev_util_verifiability|paper_align|Qwen3-0.6B] step=314 epoch=1.5255

                                                 

 51%|█████     | 314/618 [05:02<04:17,  1.18it/s]2026-09-18 17:30:33,915 INFO [rev_util_verifiability|paper_align|Qwen3-0.6B] step=314 epoch=1.5255

                                                 

 51%|█████     | 314/618 [05:02<04:17,  1.18it/s]
 51%|█████     | 315/618 [05:03<04:35,  1.10it/s]2026-09-18 17:30:34,368 INFO [rev_util_verifiability|paper_align|Qwen3-0.6B] step=315 epoch=1.5304

                                                 

 51%|█████     | 315/618 [05:03<04:35,  1.10it/s]2026-09-18 17:30:34,828 INFO [rev_util_verifiability|paper_align|Qwen3-0.6B] step=315 epoch=1.5304

                                                 

 51%|█████     | 315/618 [05:03<04:35,  1.10it/s]
 51%|█████     | 316/618 [05:04<04:39,  1.08it/s]2026-09-18 17:30:35,342 INFO [rev_util_verifiability|paper_align|Qwen3-0.6B] step=316 epoch=1.5353

                                                 

 51%|█████     | 316/618 [05:04<04:39,  1.08it/s]2026-09-18 17:30:35,768 INFO [rev_util_verifiability|paper_align|Qwen3-0.6B] step=316 epoch=1.5353

                                                 

 51%|█████     | 316/618 [05:04<04:39,  1.08it/s]
 51%|█████▏    | 317/618 [05:05<04:28,  1.12it/s]2026-09-18 17:30:36,149 INFO [rev_util_verifiability|paper_align|Qwen3-0.6B] step=317 epoch=1.5401

                                                 

 51%|█████▏    | 317/618 [05:05<04:28,  1.12it/s]2026-09-18 17:30:36,582 INFO [rev_util_verifiability|paper_align|Qwen3-0.6B] step=317 epoch=1.5401

                                                 

 51%|█████▏    | 317/618 [05:05<04:28,  1.12it/s]
 51%|█████▏    | 318/618 [05:05<04:25,  1.13it/s]2026-09-18 17:30:37,014 INFO [rev_util_verifiability|paper_align|Qwen3-0.6B] step=318 epoch=1.5450

                                                 

 51%|█████▏    | 318/618 [05:06<04:25,  1.13it/s]2026-09-18 17:30:37,444 INFO [rev_util_verifiability|paper_align|Qwen3-0.6B] step=318 epoch=1.5450

                                                 

 51%|█████▏    | 318/618 [05:06<04:25,  1.13it/s]
 52%|█████▏    | 319/618 [05:06<04:21,  1.14it/s]2026-09-18 17:30:37,883 INFO [rev_util_verifiability|paper_align|Qwen3-0.6B] step=319 epoch=1.5499

                                                 

 52%|█████▏    | 319/618 [05:06<04:21,  1.14it/s]2026-09-18 17:30:38,378 INFO [rev_util_verifiability|paper_align|Qwen3-0.6B] step=319 epoch=1.5499

                                                 

 52%|█████▏    | 319/618 [05:07<04:21,  1.14it/s]
 52%|█████▏    | 320/618 [05:07<04:30,  1.10it/s]2026-09-18 17:30:38,710 INFO [rev_util_verifiability|paper_align|Qwen3-0.6B] step=320 loss=0.8274 learning_rate=0.0000 epoch=1.5547

                                                 

 52%|█████▏    | 320/618 [05:07<04:30,  1.10it/s]2026-09-18 17:30:38,855 INFO [rev_util_verifiability|paper_align|Qwen3-0.6B] step=320 epoch=1.5547

                                                 

 52%|█████▏    | 320/618 [05:07<04:30,  1.10it/s]2026-09-18 17:30:39,313 INFO [rev_util_verifiability|paper_align|Qwen3-0.6B] step=320 epoch=1.5547

                                                 

 52%|█████▏    | 320/618 [05:08<04:30,  1.10it/s]
 52%|█████▏    | 321/618 [05:08<04:32,  1.09it/s]2026-09-18 17:30:39,797 INFO [rev_util_verifiability|paper_align|Qwen3-0.6B] step=321 epoch=1.5596

                                                 

 52%|█████▏    | 321/618 [05:08<04:32,  1.09it/s]2026-09-18 17:30:40,265 INFO [rev_util_verifiability|paper_align|Qwen3-0.6B] step=321 epoch=1.5596

                                                 

 52%|█████▏    | 321/618 [05:09<04:32,  1.09it/s]
 52%|█████▏    | 322/618 [05:09<04:36,  1.07it/s]2026-09-18 17:30:40,759 INFO [rev_util_verifiability|paper_align|Qwen3-0.6B] step=322 epoch=1.5645

                                                 

 52%|█████▏    | 322/618 [05:09<04:36,  1.07it/s]2026-09-18 17:30:41,196 INFO [rev_util_verifiability|paper_align|Qwen3-0.6B] step=322 epoch=1.5645

                                                 

 52%|█████▏    | 322/618 [05:10<04:36,  1.07it/s]
 52%|█████▏    | 323/618 [05:10<04:29,  1.09it/s]2026-09-18 17:30:41,639 INFO [rev_util_verifiability|paper_align|Qwen3-0.6B] step=323 epoch=1.5693

                                                 

 52%|█████▏    | 323/618 [05:10<04:29,  1.09it/s]2026-09-18 17:30:42,086 INFO [rev_util_verifiability|paper_align|Qwen3-0.6B] step=323 epoch=1.5693

                                                 

 52%|█████▏    | 323/618 [05:11<04:29,  1.09it/s]
 52%|█████▏    | 324/618 [05:11<04:28,  1.10it/s]2026-09-18 17:30:42,561 INFO [rev_util_verifiability|paper_align|Qwen3-0.6B] step=324 epoch=1.5742

                                                 

 52%|█████▏    | 324/618 [05:11<04:28,  1.10it/s]2026-09-18 17:30:43,264 INFO [rev_util_verifiability|paper_align|Qwen3-0.6B] step=324 epoch=1.5742

                                                 

 52%|█████▏    | 324/618 [05:12<04:28,  1.10it/s]
 53%|█████▎    | 325/618 [05:12<04:48,  1.02it/s]2026-09-18 17:30:43,694 INFO [rev_util_verifiability|paper_align|Qwen3-0.6B] step=325 epoch=1.5791

                                                 

 53%|█████▎    | 325/618 [05:12<04:48,  1.02it/s]2026-09-18 17:30:44,163 INFO [rev_util_verifiability|paper_align|Qwen3-0.6B] step=325 epoch=1.5791

                                                 

 53%|█████▎    | 325/618 [05:13<04:48,  1.02it/s]
 53%|█████▎    | 326/618 [05:13<04:46,  1.02it/s]2026-09-18 17:30:44,653 INFO [rev_util_verifiability|paper_align|Qwen3-0.6B] step=326 epoch=1.5839

                                                 

 53%|█████▎    | 326/618 [05:13<04:46,  1.02it/s]2026-09-18 17:30:45,061 INFO [rev_util_verifiability|paper_align|Qwen3-0.6B] step=326 epoch=1.5839

                                                 

 53%|█████▎    | 326/618 [05:14<04:46,  1.02it/s]
 53%|█████▎    | 327/618 [05:14<04:37,  1.05it/s]2026-09-18 17:30:45,556 INFO [rev_util_verifiability|paper_align|Qwen3-0.6B] step=327 epoch=1.5888

                                                 

 53%|█████▎    | 327/618 [05:14<04:37,  1.05it/s]2026-09-18 17:30:45,994 INFO [rev_util_verifiability|paper_align|Qwen3-0.6B] step=327 epoch=1.5888

                                                 

 53%|█████▎    | 327/618 [05:15<04:37,  1.05it/s]
 53%|█████▎    | 328/618 [05:15<04:28,  1.08it/s]2026-09-18 17:30:46,421 INFO [rev_util_verifiability|paper_align|Qwen3-0.6B] step=328 epoch=1.5937

                                                 

 53%|█████▎    | 328/618 [05:15<04:28,  1.08it/s]2026-09-18 17:30:46,847 INFO [rev_util_verifiability|paper_align|Qwen3-0.6B] step=328 epoch=1.5937

                                                 

 53%|█████▎    | 328/618 [05:15<04:28,  1.08it/s]
 53%|█████▎    | 329/618 [05:16<04:20,  1.11it/s]2026-09-18 17:30:47,274 INFO [rev_util_verifiability|paper_align|Qwen3-0.6B] step=329 epoch=1.5985

                                                 

 53%|█████▎    | 329/618 [05:16<04:20,  1.11it/s]2026-09-18 17:30:47,710 INFO [rev_util_verifiability|paper_align|Qwen3-0.6B] step=329 epoch=1.5985

                                                 

 53%|█████▎    | 329/618 [05:16<04:20,  1.11it/s]
 53%|█████▎    | 330/618 [05:17<04:16,  1.12it/s]2026-09-18 17:30:47,982 INFO [rev_util_verifiability|paper_align|Qwen3-0.6B] step=330 loss=0.9141 learning_rate=0.0000 epoch=1.6034

                                                 
{'paper_align_label_loss': '0.06867', 'paper_align_reason_loss': '0.894', 'epoch': '1.399'}
{'paper_align_label_loss': '0.1262', 'paper_align_reason_loss': '1.044', 'epoch': '1.399'}
{'paper_align_label_loss': '0.01956', 'paper_align_reason_loss': '0.5711', 'epoch': '1.404'}
{'paper_align_label_loss': '0.06619', 'paper_align_reason_loss': '0.9745', 'epoch': '1.404'}
{'loss': '0.901', 'grad_norm': '1.598', 'learning_rate': '5.771e-05', 'epoch': '1.409'}
{'paper_align_label_loss': '0.09039', 'paper_align_reason_loss': '1.076', 'epoch': '1.409'}
{'paper_align_label_loss': '0.04489', 'paper_align_reason_loss': '0.8022', 'epoch': '1.409'}
{'paper_align_label_loss': '0.2102', 'paper_align_reason_loss': '0.8881', 'epoch': '1.414'}
{'paper_align_label_loss': '0.02533', 'paper_align_reason_loss': '0.8545', 'epoch': '1.414'}
{'paper_align_label_loss': '0.1118', 'paper_align_reason_loss': '0.8453', 'epoch': '1.418'}
{'paper_align_label_loss': '0.03475', 'paper_align_reason_loss': '0.7402', 'epoch': '1.418'}
{'paper_align_label_loss': '0.06776', 'paper_align_reason_loss': '0.9313', 'epoch': '1.423'}
{'paper_align_label_loss': '0.07037', 'paper_align_reason_loss': '0.8866', 'epoch': '1.423'}
{'paper_align_label_loss': '0.2067', 'paper_align_reason_loss': '0.975', 'epoch': '1.428'}
{'paper_align_label_loss': '0.1332', 'paper_align_reason_loss': '0.8344', 'epoch': '1.428'}
{'paper_align_label_loss': '0.09751', 'paper_align_reason_loss': '0.9578', 'epoch': '1.433'}
{'paper_align_label_loss': '0.08432', 'paper_align_reason_loss': '0.5721', 'epoch': '1.433'}
{'paper_align_label_loss': '0.08734', 'paper_align_reason_loss': '0.9635', 'epoch': '1.438'}
{'paper_align_label_loss': '0.08748', 'paper_align_reason_loss': '1.036', 'epoch': '1.438'}
{'paper_align_label_loss': '0.04737', 'paper_align_reason_loss': '0.9278', 'epoch': '1.443'}
{'paper_align_label_loss': '0.05572', 'paper_align_reason_loss': '0.8894', 'epoch': '1.443'}
{'paper_align_label_loss': '0.06975', 'paper_align_reason_loss': '0.8153', 'epoch': '1.448'}
{'paper_align_label_loss': '0.003953', 'paper_align_reason_loss': '0.6116', 'epoch': '1.448'}
{'paper_align_label_loss': '0.008962', 'paper_align_reason_loss': '0.6261', 'epoch': '1.453'}
{'paper_align_label_loss': '0.0194', 'paper_align_reason_loss': '0.7543', 'epoch': '1.453'}
{'loss': '0.9272', 'grad_norm': '1.688', 'learning_rate': '5.51e-05', 'epoch': '1.457'}
{'paper_align_label_loss': '0.08089', 'paper_align_reason_loss': '0.7821', 'epoch': '1.457'}
{'paper_align_label_loss': '0.01241', 'paper_align_reason_loss': '0.7311', 'epoch': '1.457'}
{'paper_align_label_loss': '0.0246', 'paper_align_reason_loss': '0.8744', 'epoch': '1.462'}
{'paper_align_label_loss': '0.0745', 'paper_align_reason_loss': '0.9116', 'epoch': '1.462'}
{'paper_align_label_loss': '0.0291', 'paper_align_reason_loss': '0.7428', 'epoch': '1.467'}
{'paper_align_label_loss': '0.03123', 'paper_align_reason_loss': '0.9632', 'epoch': '1.467'}
{'paper_align_label_loss': '0.01573', 'paper_align_reason_loss': '0.8305', 'epoch': '1.472'}
{'paper_align_label_loss': '0.1686', 'paper_align_reason_loss': '0.9145', 'epoch': '1.472'}
{'paper_align_label_loss': '0.008767', 'paper_align_reason_loss': '0.7327', 'epoch': '1.477'}
{'paper_align_label_loss': '0.09579', 'paper_align_reason_loss': '0.8539', 'epoch': '1.477'}
{'paper_align_label_loss': '0.03993', 'paper_align_reason_loss': '0.5667', 'epoch': '1.482'}
{'paper_align_label_loss': '0.1425', 'paper_align_reason_loss': '0.9343', 'epoch': '1.482'}
{'paper_align_label_loss': '0.04941', 'paper_align_reason_loss': '0.7849', 'epoch': '1.487'}
{'paper_align_label_loss': '0.06846', 'paper_align_reason_loss': '0.7197', 'epoch': '1.487'}
{'paper_align_label_loss': '0.05733', 'paper_align_reason_loss': '0.9115', 'epoch': '1.491'}
{'paper_align_label_loss': '0.09671', 'paper_align_reason_loss': '0.6989', 'epoch': '1.491'}
{'paper_align_label_loss': '0.04959', 'paper_align_reason_loss': '0.6103', 'epoch': '1.496'}
{'paper_align_label_loss': '0.1018', 'paper_align_reason_loss': '0.6141', 'epoch': '1.496'}
{'paper_align_label_loss': '0.02106', 'paper_align_reason_loss': '0.7855', 'epoch': '1.501'}
{'paper_align_label_loss': '0.06608', 'paper_align_reason_loss': '0.9007', 'epoch': '1.501'}
{'loss': '0.8549', 'grad_norm': '1.471', 'learning_rate': '5.249e-05', 'epoch': '1.506'}
{'paper_align_label_loss': '0.0009172', 'paper_align_reason_loss': '0.4953', 'epoch': '1.506'}
{'paper_align_label_loss': '0.01449', 'paper_align_reason_loss': '0.7005', 'epoch': '1.506'}
{'paper_align_label_loss': '0.07096', 'paper_align_reason_loss': '0.8198', 'epoch': '1.511'}
{'paper_align_label_loss': '0.05788', 'paper_align_reason_loss': '0.6878', 'epoch': '1.511'}
{'paper_align_label_loss': '0.08715', 'paper_align_reason_loss': '0.9617', 'epoch': '1.516'}
{'paper_align_label_loss': '0.05334', 'paper_align_reason_loss': '0.7408', 'epoch': '1.516'}
{'paper_align_label_loss': '0.1024', 'paper_align_reason_loss': '0.7217', 'epoch': '1.521'}
{'paper_align_label_loss': '0.07068', 'paper_align_reason_loss': '0.5479', 'epoch': '1.521'}
{'paper_align_label_loss': '0.1175', 'paper_align_reason_loss': '0.8694', 'epoch': '1.526'}
{'paper_align_label_loss': '0.2226', 'paper_align_reason_loss': '0.9892', 'epoch': '1.526'}
{'paper_align_label_loss': '0.07381', 'paper_align_reason_loss': '0.933', 'epoch': '1.53'}
{'paper_align_label_loss': '0.01703', 'paper_align_reason_loss': '0.8187', 'epoch': '1.53'}
{'paper_align_label_loss': '0.09904', 'paper_align_reason_loss': '0.8201', 'epoch': '1.535'}
{'paper_align_label_loss': '0.0004801', 'paper_align_reason_loss': '0.3638', 'epoch': '1.535'}
{'paper_align_label_loss': '0.03021', 'paper_align_reason_loss': '0.8109', 'epoch': '1.54'}
{'paper_align_label_loss': '0.06222', 'paper_align_reason_loss': '0.6793', 'epoch': '1.54'}
{'paper_align_label_loss': '0.0156', 'paper_align_reason_loss': '0.6281', 'epoch': '1.545'}
{'paper_align_label_loss': '0.005684', 'paper_align_reason_loss': '0.6174', 'epoch': '1.545'}
{'paper_align_label_loss': '0.2436', 'paper_align_reason_loss': '1.024', 'epoch': '1.55'}
{'paper_align_label_loss': '0.06832', 'paper_align_reason_loss': '0.9053', 'epoch': '1.55'}
{'loss': '0.8274', 'grad_norm': '2.926', 'learning_rate': '4.987e-05', 'epoch': '1.555'}
{'paper_align_label_loss': '0.0666', 'paper_align_reason_loss': '0.8781', 'epoch': '1.555'}
{'paper_align_label_loss': '0.05782', 'paper_align_reason_loss': '0.809', 'epoch': '1.555'}
{'paper_align_label_loss': '0.01948', 'paper_align_reason_loss': '0.7243', 'epoch': '1.56'}
{'paper_align_label_loss': '0.1726', 'paper_align_reason_loss': '0.9381', 'epoch': '1.56'}
{'paper_align_label_loss': '0.1238', 'paper_align_reason_loss': '0.9339', 'epoch': '1.564'}
{'paper_align_label_loss': '0.1514', 'paper_align_reason_loss': '0.8312', 'epoch': '1.564'}
{'paper_align_label_loss': '0.05706', 'paper_align_reason_loss': '0.9257', 'epoch': '1.569'}
{'paper_align_label_loss': '0.04706', 'paper_align_reason_loss': '0.7235', 'epoch': '1.569'}
{'paper_align_label_loss': '0.08212', 'paper_align_reason_loss': '0.8262', 'epoch': '1.574'}
{'paper_align_label_loss': '0.06646', 'paper_align_reason_loss': '0.7108', 'epoch': '1.574'}
{'paper_align_label_loss': '0.2201', 'paper_align_reason_loss': '0.9559', 'epoch': '1.579'}
{'paper_align_label_loss': '0.06223', 'paper_align_reason_loss': '0.9194', 'epoch': '1.579'}
{'paper_align_label_loss': '0.01743', 'paper_align_reason_loss': '0.4925', 'epoch': '1.584'}
{'paper_align_label_loss': '0.1549', 'paper_align_reason_loss': '0.9286', 'epoch': '1.584'}
{'paper_align_label_loss': '0.02437', 'paper_align_reason_loss': '0.9744', 'epoch': '1.589'}
{'paper_align_label_loss': '0.02303', 'paper_align_reason_loss': '0.7267', 'epoch': '1.589'}
{'paper_align_label_loss': '0.03887', 'paper_align_reason_loss': '0.928', 'epoch': '1.594'}
{'paper_align_label_loss': '0.1146', 'paper_align_reason_loss': '0.6545', 'epoch': '1.594'}
{'paper_align_label_loss': '0.05489', 'paper_align_reason_loss': '1.158', 'epoch': '1.599'}
{'paper_align_label_loss': '0.02727', 'paper_align_reason_loss': '0.6616', 'epoch': '1.599'}

 53%|█████▎    | 330/618 [05:17<04:16,  1.12it/s]2026-09-18 17:30:48,118 INFO [rev_util_verifiability|paper_align|Qwen3-0.6B] step=330 epoch=1.6034

                                                 

 53%|█████▎    | 330/618 [05:17<04:16,  1.12it/s]2026-09-18 17:30:48,539 INFO [rev_util_verifiability|paper_align|Qwen3-0.6B] step=330 epoch=1.6034

                                                 

 53%|█████▎    | 330/618 [05:17<04:16,  1.12it/s]
 54%|█████▎    | 331/618 [05:17<04:11,  1.14it/s]2026-09-18 17:30:48,975 INFO [rev_util_verifiability|paper_align|Qwen3-0.6B] step=331 epoch=1.6083

                                                 

 54%|█████▎    | 331/618 [05:18<04:11,  1.14it/s]2026-09-18 17:30:49,443 INFO [rev_util_verifiability|paper_align|Qwen3-0.6B] step=331 epoch=1.6083

                                                 

 54%|█████▎    | 331/618 [05:18<04:11,  1.14it/s]
 54%|█████▎    | 332/618 [05:18<04:16,  1.11it/s]2026-09-18 17:30:49,934 INFO [rev_util_verifiability|paper_align|Qwen3-0.6B] step=332 epoch=1.6131

                                                 

 54%|█████▎    | 332/618 [05:18<04:16,  1.11it/s]2026-09-18 17:30:50,405 INFO [rev_util_verifiability|paper_align|Qwen3-0.6B] step=332 epoch=1.6131

                                                 

 54%|█████▎    | 332/618 [05:19<04:16,  1.11it/s]
 54%|█████▍    | 333/618 [05:19<04:17,  1.10it/s]2026-09-18 17:30:50,828 INFO [rev_util_verifiability|paper_align|Qwen3-0.6B] step=333 epoch=1.6180

                                                 

 54%|█████▍    | 333/618 [05:19<04:17,  1.10it/s]2026-09-18 17:30:51,267 INFO [rev_util_verifiability|paper_align|Qwen3-0.6B] step=333 epoch=1.6180

                                                 

 54%|█████▍    | 333/618 [05:20<04:17,  1.10it/s]
 54%|█████▍    | 334/618 [05:20<04:20,  1.09it/s]2026-09-18 17:30:51,804 INFO [rev_util_verifiability|paper_align|Qwen3-0.6B] step=334 epoch=1.6229

                                                 

 54%|█████▍    | 334/618 [05:20<04:20,  1.09it/s]2026-09-18 17:30:52,295 INFO [rev_util_verifiability|paper_align|Qwen3-0.6B] step=334 epoch=1.6229

                                                 

 54%|█████▍    | 334/618 [05:21<04:20,  1.09it/s]
 54%|█████▍    | 335/618 [05:21<04:40,  1.01it/s]2026-09-18 17:30:52,938 INFO [rev_util_verifiability|paper_align|Qwen3-0.6B] step=335 epoch=1.6277

                                                 

 54%|█████▍    | 335/618 [05:21<04:40,  1.01it/s]2026-09-18 17:30:53,348 INFO [rev_util_verifiability|paper_align|Qwen3-0.6B] step=335 epoch=1.6277

                                                 

 54%|█████▍    | 335/618 [05:22<04:40,  1.01it/s]
 54%|█████▍    | 336/618 [05:22<04:28,  1.05it/s]2026-09-18 17:30:53,820 INFO [rev_util_verifiability|paper_align|Qwen3-0.6B] step=336 epoch=1.6326

                                                 

 54%|█████▍    | 336/618 [05:22<04:28,  1.05it/s]2026-09-18 17:30:54,289 INFO [rev_util_verifiability|paper_align|Qwen3-0.6B] step=336 epoch=1.6326

                                                 

 54%|█████▍    | 336/618 [05:23<04:28,  1.05it/s]
 55%|█████▍    | 337/618 [05:23<04:23,  1.06it/s]2026-09-18 17:30:54,727 INFO [rev_util_verifiability|paper_align|Qwen3-0.6B] step=337 epoch=1.6375

                                                 

 55%|█████▍    | 337/618 [05:23<04:23,  1.06it/s]2026-09-18 17:30:55,181 INFO [rev_util_verifiability|paper_align|Qwen3-0.6B] step=337 epoch=1.6375

                                                 

 55%|█████▍    | 337/618 [05:24<04:23,  1.06it/s]
 55%|█████▍    | 338/618 [05:24<04:21,  1.07it/s]2026-09-18 17:30:55,672 INFO [rev_util_verifiability|paper_align|Qwen3-0.6B] step=338 epoch=1.6423

                                                 

 55%|█████▍    | 338/618 [05:24<04:21,  1.07it/s]2026-09-18 17:30:56,144 INFO [rev_util_verifiability|paper_align|Qwen3-0.6B] step=338 epoch=1.6423

                                                 

 55%|█████▍    | 338/618 [05:25<04:21,  1.07it/s]
 55%|█████▍    | 339/618 [05:25<04:22,  1.06it/s]2026-09-18 17:30:56,613 INFO [rev_util_verifiability|paper_align|Qwen3-0.6B] step=339 epoch=1.6472

                                                 

 55%|█████▍    | 339/618 [05:25<04:22,  1.06it/s]2026-09-18 17:30:57,090 INFO [rev_util_verifiability|paper_align|Qwen3-0.6B] step=339 epoch=1.6472

                                                 

 55%|█████▍    | 339/618 [05:26<04:22,  1.06it/s]
 55%|█████▌    | 340/618 [05:26<04:23,  1.06it/s]2026-09-18 17:30:57,414 INFO [rev_util_verifiability|paper_align|Qwen3-0.6B] step=340 loss=0.9694 learning_rate=0.0000 epoch=1.6521

                                                 

 55%|█████▌    | 340/618 [05:26<04:23,  1.06it/s]2026-09-18 17:30:57,561 INFO [rev_util_verifiability|paper_align|Qwen3-0.6B] step=340 epoch=1.6521

                                                 

 55%|█████▌    | 340/618 [05:26<04:23,  1.06it/s]2026-09-18 17:30:58,008 INFO [rev_util_verifiability|paper_align|Qwen3-0.6B] step=340 epoch=1.6521

                                                 

 55%|█████▌    | 340/618 [05:27<04:23,  1.06it/s]
 55%|█████▌    | 341/618 [05:27<04:18,  1.07it/s]2026-09-18 17:30:58,469 INFO [rev_util_verifiability|paper_align|Qwen3-0.6B] step=341 epoch=1.6569

                                                 

 55%|█████▌    | 341/618 [05:27<04:18,  1.07it/s]2026-09-18 17:30:58,944 INFO [rev_util_verifiability|paper_align|Qwen3-0.6B] step=341 epoch=1.6569

                                                 

 55%|█████▌    | 341/618 [05:28<04:18,  1.07it/s]
 55%|█████▌    | 342/618 [05:28<04:19,  1.06it/s]2026-09-18 17:30:59,396 INFO [rev_util_verifiability|paper_align|Qwen3-0.6B] step=342 epoch=1.6618

                                                 

 55%|█████▌    | 342/618 [05:28<04:19,  1.06it/s]2026-09-18 17:30:59,771 INFO [rev_util_verifiability|paper_align|Qwen3-0.6B] step=342 epoch=1.6618

                                                 

 55%|█████▌    | 342/618 [05:28<04:19,  1.06it/s]
 56%|█████▌    | 343/618 [05:29<04:05,  1.12it/s]2026-09-18 17:31:00,262 INFO [rev_util_verifiability|paper_align|Qwen3-0.6B] step=343 epoch=1.6667

                                                 

 56%|█████▌    | 343/618 [05:29<04:05,  1.12it/s]2026-09-18 17:31:00,862 INFO [rev_util_verifiability|paper_align|Qwen3-0.6B] step=343 epoch=1.6667

                                                 

 56%|█████▌    | 343/618 [05:29<04:05,  1.12it/s]
 56%|█████▌    | 344/618 [05:30<04:21,  1.05it/s]2026-09-18 17:31:01,291 INFO [rev_util_verifiability|paper_align|Qwen3-0.6B] step=344 epoch=1.6715

                                                 

 56%|█████▌    | 344/618 [05:30<04:21,  1.05it/s]2026-09-18 17:31:01,727 INFO [rev_util_verifiability|paper_align|Qwen3-0.6B] step=344 epoch=1.6715

                                                 

 56%|█████▌    | 344/618 [05:30<04:21,  1.05it/s]
 56%|█████▌    | 345/618 [05:31<04:15,  1.07it/s]2026-09-18 17:31:02,367 INFO [rev_util_verifiability|paper_align|Qwen3-0.6B] step=345 epoch=1.6764

                                                 

 56%|█████▌    | 345/618 [05:31<04:15,  1.07it/s]2026-09-18 17:31:02,740 INFO [rev_util_verifiability|paper_align|Qwen3-0.6B] step=345 epoch=1.6764

                                                 

 56%|█████▌    | 345/618 [05:31<04:15,  1.07it/s]
 56%|█████▌    | 346/618 [05:32<04:16,  1.06it/s]2026-09-18 17:31:03,163 INFO [rev_util_verifiability|paper_align|Qwen3-0.6B] step=346 epoch=1.6813

                                                 

 56%|█████▌    | 346/618 [05:32<04:16,  1.06it/s]2026-09-18 17:31:03,589 INFO [rev_util_verifiability|paper_align|Qwen3-0.6B] step=346 epoch=1.6813

                                                 

 56%|█████▌    | 346/618 [05:32<04:16,  1.06it/s]
 56%|█████▌    | 347/618 [05:32<04:05,  1.10it/s]2026-09-18 17:31:03,994 INFO [rev_util_verifiability|paper_align|Qwen3-0.6B] step=347 epoch=1.6861

                                                 

 56%|█████▌    | 347/618 [05:33<04:05,  1.10it/s]2026-09-18 17:31:04,496 INFO [rev_util_verifiability|paper_align|Qwen3-0.6B] step=347 epoch=1.6861

                                                 

 56%|█████▌    | 347/618 [05:33<04:05,  1.10it/s]
 56%|█████▋    | 348/618 [05:33<04:12,  1.07it/s]2026-09-18 17:31:04,953 INFO [rev_util_verifiability|paper_align|Qwen3-0.6B] step=348 epoch=1.6910

                                                 

 56%|█████▋    | 348/618 [05:34<04:12,  1.07it/s]2026-09-18 17:31:05,353 INFO [rev_util_verifiability|paper_align|Qwen3-0.6B] step=348 epoch=1.6910

                                                 

 56%|█████▋    | 348/618 [05:34<04:12,  1.07it/s]
 56%|█████▋    | 349/618 [05:34<04:04,  1.10it/s]2026-09-18 17:31:05,795 INFO [rev_util_verifiability|paper_align|Qwen3-0.6B] step=349 epoch=1.6959

                                                 

 56%|█████▋    | 349/618 [05:34<04:04,  1.10it/s]2026-09-18 17:31:06,156 INFO [rev_util_verifiability|paper_align|Qwen3-0.6B] step=349 epoch=1.6959

                                                 

 56%|█████▋    | 349/618 [05:35<04:04,  1.10it/s]
 57%|█████▋    | 350/618 [05:35<03:53,  1.15it/s]2026-09-18 17:31:06,467 INFO [rev_util_verifiability|paper_align|Qwen3-0.6B] step=350 loss=0.8366 learning_rate=0.0000 epoch=1.7007

                                                 

 57%|█████▋    | 350/618 [05:35<03:53,  1.15it/s]2026-09-18 17:31:06,636 INFO [rev_util_verifiability|paper_align|Qwen3-0.6B] step=350 epoch=1.7007

                                                 

 57%|█████▋    | 350/618 [05:35<03:53,  1.15it/s]2026-09-18 17:31:07,115 INFO [rev_util_verifiability|paper_align|Qwen3-0.6B] step=350 epoch=1.7007

                                                 

 57%|█████▋    | 350/618 [05:36<03:53,  1.15it/s]
 57%|█████▋    | 351/618 [05:36<04:00,  1.11it/s]2026-09-18 17:31:07,578 INFO [rev_util_verifiability|paper_align|Qwen3-0.6B] step=351 epoch=1.7056

                                                 

 57%|█████▋    | 351/618 [05:36<04:00,  1.11it/s]2026-09-18 17:31:08,040 INFO [rev_util_verifiability|paper_align|Qwen3-0.6B] step=351 epoch=1.7056

                                                 

 57%|█████▋    | 351/618 [05:37<04:00,  1.11it/s]
 57%|█████▋    | 352/618 [05:37<04:04,  1.09it/s]2026-09-18 17:31:08,537 INFO [rev_util_verifiability|paper_align|Qwen3-0.6B] step=352 epoch=1.7105

                                                 

 57%|█████▋    | 352/618 [05:37<04:04,  1.09it/s]2026-09-18 17:31:08,961 INFO [rev_util_verifiability|paper_align|Qwen3-0.6B] step=352 epoch=1.7105

                                                 

 57%|█████▋    | 352/618 [05:38<04:04,  1.09it/s]
 57%|█████▋    | 353/618 [05:38<03:54,  1.13it/s]2026-09-18 17:31:09,322 INFO [rev_util_verifiability|paper_align|Qwen3-0.6B] step=353 epoch=1.7153

                                                 

 57%|█████▋    | 353/618 [05:38<03:54,  1.13it/s]2026-09-18 17:31:09,681 INFO [rev_util_verifiability|paper_align|Qwen3-0.6B] step=353 epoch=1.7153

                                                 

 57%|█████▋    | 353/618 [05:38<03:54,  1.13it/s]
 57%|█████▋    | 354/618 [05:39<03:47,  1.16it/s]2026-09-18 17:31:10,163 INFO [rev_util_verifiability|paper_align|Qwen3-0.6B] step=354 epoch=1.7202

                                                 

 57%|█████▋    | 354/618 [05:39<03:47,  1.16it/s]2026-09-18 17:31:10,620 INFO [rev_util_verifiability|paper_align|Qwen3-0.6B] step=354 epoch=1.7202

                                                 

 57%|█████▋    | 354/618 [05:39<03:47,  1.16it/s]
 57%|█████▋    | 355/618 [05:40<03:52,  1.13it/s]2026-09-18 17:31:11,281 INFO [rev_util_verifiability|paper_align|Qwen3-0.6B] step=355 epoch=1.7251

                                                 

 57%|█████▋    | 355/618 [05:40<03:52,  1.13it/s]2026-09-18 17:31:11,740 INFO [rev_util_verifiability|paper_align|Qwen3-0.6B] step=355 epoch=1.7251

                                                 

 57%|█████▋    | 355/618 [05:40<03:52,  1.13it/s]
 58%|█████▊    | 356/618 [05:41<04:10,  1.04it/s]2026-09-18 17:31:12,224 INFO [rev_util_verifiability|paper_align|Qwen3-0.6B] step=356 epoch=1.7299

                                                 

 58%|█████▊    | 356/618 [05:41<04:10,  1.04it/s]2026-09-18 17:31:12,696 INFO [rev_util_verifiability|paper_align|Qwen3-0.6B] step=356 epoch=1.7299

                                                 

 58%|█████▊    | 356/618 [05:41<04:10,  1.04it/s]
 58%|█████▊    | 357/618 [05:42<04:11,  1.04it/s]2026-09-18 17:31:13,204 INFO [rev_util_verifiability|paper_align|Qwen3-0.6B] step=357 epoch=1.7348

                                                 

 58%|█████▊    | 357/618 [05:42<04:11,  1.04it/s]2026-09-18 17:31:13,662 INFO [rev_util_verifiability|paper_align|Qwen3-0.6B] step=357 epoch=1.7348

                                                 

 58%|█████▊    | 357/618 [05:42<04:11,  1.04it/s]
 58%|█████▊    | 358/618 [05:42<04:04,  1.06it/s]2026-09-18 17:31:14,058 INFO [rev_util_verifiability|paper_align|Qwen3-0.6B] step=358 epoch=1.7397

                                                 

 58%|█████▊    | 358/618 [05:43<04:04,  1.06it/s]2026-09-18 17:31:14,437 INFO [rev_util_verifiability|paper_align|Qwen3-0.6B] step=358 epoch=1.7397

                                                 

 58%|█████▊    | 358/618 [05:43<04:04,  1.06it/s]
 58%|█████▊    | 359/618 [05:43<03:51,  1.12it/s]2026-09-18 17:31:14,872 INFO [rev_util_verifiability|paper_align|Qwen3-0.6B] step=359 epoch=1.7445

                                                 

 58%|█████▊    | 359/618 [05:43<03:51,  1.12it/s]2026-09-18 17:31:15,329 INFO [rev_util_verifiability|paper_align|Qwen3-0.6B] step=359 epoch=1.7445

                                                 

 58%|█████▊    | 359/618 [05:44<03:51,  1.12it/s]
 58%|█████▊    | 360/618 [05:44<03:53,  1.10it/s]2026-09-18 17:31:15,654 INFO [rev_util_verifiability|paper_align|Qwen3-0.6B] step=360 loss=0.8994 learning_rate=0.0000 epoch=1.7494

                                                 

 58%|█████▊    | 360/618 [05:44<03:53,  1.10it/s]2026-09-18 17:31:15,814 INFO [rev_util_verifiability|paper_align|Qwen3-0.6B] step=360 epoch=1.7494

                                                 

 58%|█████▊    | 360/618 [05:44<03:53,  1.10it/s]2026-09-18 17:31:16,283 INFO [rev_util_verifiability|paper_align|Qwen3-0.6B] step=360 epoch=1.7494

                                                 

 58%|█████▊    | 360/618 [05:45<03:53,  1.10it/s]
 58%|█████▊    | 361/618 [05:45<03:53,  1.10it/s]2026-09-18 17:31:16,720 INFO [rev_util_verifiability|paper_align|Qwen3-0.6B] step=361 epoch=1.7543

                                                 

 58%|█████▊    | 361/618 [05:45<03:53,  1.10it/s]2026-09-18 17:31:17,182 INFO [rev_util_verifiability|paper_align|Qwen3-0.6B] step=361 epoch=1.7543

                                                 

 58%|█████▊    | 361/618 [05:46<03:53,  1.10it/s]
 59%|█████▊    | 362/618 [05:46<03:51,  1.10it/s]2026-09-18 17:31:17,607 INFO [rev_util_verifiability|paper_align|Qwen3-0.6B] step=362 epoch=1.7591

                                                 

 59%|█████▊    | 362/618 [05:46<03:51,  1.10it/s]2026-09-18 17:31:18,033 INFO [rev_util_verifiability|paper_align|Qwen3-0.6B] step=362 epoch=1.7591

                                                 

 59%|█████▊    | 362/618 [05:47<03:51,  1.10it/s]
 59%|█████▊    | 363/618 [05:47<03:47,  1.12it/s]2026-09-18 17:31:18,495 INFO [rev_util_verifiability|paper_align|Qwen3-0.6B] step=363 epoch=1.7640

                                                 

 59%|█████▊    | 363/618 [05:47<03:47,  1.12it/s]2026-09-18 17:31:19,013 INFO [rev_util_verifiability|paper_align|Qwen3-0.6B] step=363 epoch=1.7640

                                                 

 59%|█████▊    | 363/618 [05:48<03:47,  1.12it/s]
 59%|█████▉    | 364/618 [05:48<03:58,  1.07it/s]2026-09-18 17:31:19,521 INFO [rev_util_verifiability|paper_align|Qwen3-0.6B] step=364 epoch=1.7689

                                                 

 59%|█████▉    | 364/618 [05:48<03:58,  1.07it/s]2026-09-18 17:31:19,994 INFO [rev_util_verifiability|paper_align|Qwen3-0.6B] step=364 epoch=1.7689

                                                 

 59%|█████▉    | 364/618 [05:49<03:58,  1.07it/s]
 59%|█████▉    | 365/618 [05:49<04:00,  1.05it/s]2026-09-18 17:31:20,504 INFO [rev_util_verifiability|paper_align|Qwen3-0.6B] step=365 epoch=1.7737

                                                 

 59%|█████▉    | 365/618 [05:49<04:00,  1.05it/s]2026-09-18 17:31:21,161 INFO [rev_util_verifiability|paper_align|Qwen3-0.6B] step=365 epoch=1.7737

                                                 

 59%|█████▉    | 365/618 [05:50<04:00,  1.05it/s]
 59%|█████▉    | 366/618 [05:50<04:09,  1.01it/s]2026-09-18 17:31:21,573 INFO [rev_util_verifiability|paper_align|Qwen3-0.6B] step=366 epoch=1.7786

                                                 

 59%|█████▉    | 366/618 [05:50<04:09,  1.01it/s]2026-09-18 17:31:21,995 INFO [rev_util_verifiability|paper_align|Qwen3-0.6B] step=366 epoch=1.7786

                                                 

 59%|█████▉    | 366/618 [05:51<04:09,  1.01it/s]
 59%|█████▉    | 367/618 [05:51<04:01,  1.04it/s]2026-09-18 17:31:22,472 INFO [rev_util_verifiability|paper_align|Qwen3-0.6B] step=367 epoch=1.7835

                                                 

 59%|█████▉    | 367/618 [05:51<04:01,  1.04it/s]2026-09-18 17:31:22,906 INFO [rev_util_verifiability|paper_align|Qwen3-0.6B] step=367 epoch=1.7835

                                                 

 59%|█████▉    | 367/618 [05:51<04:01,  1.04it/s]
 60%|█████▉    | 368/618 [05:52<03:53,  1.07it/s]2026-09-18 17:31:23,332 INFO [rev_util_verifiability|paper_align|Qwen3-0.6B] step=368 epoch=1.7883

                                                 

 60%|█████▉    | 368/618 [05:52<03:53,  1.07it/s]2026-09-18 17:31:23,766 INFO [rev_util_verifiability|paper_align|Qwen3-0.6B] step=368 epoch=1.7883

                                                 

 60%|█████▉    | 368/618 [05:52<03:53,  1.07it/s]
 60%|█████▉    | 369/618 [05:53<03:48,  1.09it/s]2026-09-18 17:31:24,232 INFO [rev_util_verifiability|paper_align|Qwen3-0.6B] step=369 epoch=1.7932

                                                 

 60%|█████▉    | 369/618 [05:53<03:48,  1.09it/s]2026-09-18 17:31:24,709 INFO [rev_util_verifiability|paper_align|Qwen3-0.6B] step=369 epoch=1.7932

                                                 

 60%|█████▉    | 369/618 [05:53<03:48,  1.09it/s]
 60%|█████▉    | 370/618 [05:54<03:50,  1.07it/s]2026-09-18 17:31:25,041 INFO [rev_util_verifiability|paper_align|Qwen3-0.6B] step=370 loss=0.8955 learning_rate=0.0000 epoch=1.7981

                                                 

 60%|█████▉    | 370/618 [05:54<03:50,  1.07it/s]2026-09-18 17:31:25,188 INFO [rev_util_verifiability|paper_align|Qwen3-0.6B] step=370 epoch=1.7981

                                                 

 60%|█████▉    | 370/618 [05:54<03:50,  1.07it/s]2026-09-18 17:31:25,620 INFO [rev_util_verifiability|paper_align|Qwen3-0.6B] step=370 epoch=1.7981

                                                 

 60%|█████▉    | 370/618 [05:54<03:50,  1.07it/s]
 60%|██████    | 371/618 [05:54<03:44,  1.10it/s]2026-09-18 17:31:26,061 INFO [rev_util_verifiability|paper_align|Qwen3-0.6B] step=371 epoch=1.8029

                                                 

 60%|██████    | 371/618 [05:55<03:44,  1.10it/s]2026-09-18 17:31:26,565 INFO [rev_util_verifiability|paper_align|Qwen3-0.6B] step=371 epoch=1.8029

                                                 
{'loss': '0.9141', 'grad_norm': '2.026', 'learning_rate': '4.725e-05', 'epoch': '1.603'}
{'paper_align_label_loss': '0.05282', 'paper_align_reason_loss': '0.7113', 'epoch': '1.603'}
{'paper_align_label_loss': '0.04715', 'paper_align_reason_loss': '0.8277', 'epoch': '1.603'}
{'paper_align_label_loss': '0.1507', 'paper_align_reason_loss': '0.9777', 'epoch': '1.608'}
{'paper_align_label_loss': '0.09004', 'paper_align_reason_loss': '0.7108', 'epoch': '1.608'}
{'paper_align_label_loss': '0.09658', 'paper_align_reason_loss': '1.086', 'epoch': '1.613'}
{'paper_align_label_loss': '0.1167', 'paper_align_reason_loss': '0.8032', 'epoch': '1.613'}
{'paper_align_label_loss': '0.3101', 'paper_align_reason_loss': '0.7627', 'epoch': '1.618'}
{'paper_align_label_loss': '0.0585', 'paper_align_reason_loss': '1.018', 'epoch': '1.618'}
{'paper_align_label_loss': '0.105', 'paper_align_reason_loss': '0.9599', 'epoch': '1.623'}
{'paper_align_label_loss': '0.03455', 'paper_align_reason_loss': '0.8261', 'epoch': '1.623'}
{'paper_align_label_loss': '0.04934', 'paper_align_reason_loss': '0.7378', 'epoch': '1.628'}
{'paper_align_label_loss': '0.01949', 'paper_align_reason_loss': '0.8316', 'epoch': '1.628'}
{'paper_align_label_loss': '0.05586', 'paper_align_reason_loss': '1.211', 'epoch': '1.633'}
{'paper_align_label_loss': '0.03794', 'paper_align_reason_loss': '0.704', 'epoch': '1.633'}
{'paper_align_label_loss': '0.05036', 'paper_align_reason_loss': '0.8913', 'epoch': '1.637'}
{'paper_align_label_loss': '0.1335', 'paper_align_reason_loss': '1.012', 'epoch': '1.637'}
{'paper_align_label_loss': '0.2231', 'paper_align_reason_loss': '0.8659', 'epoch': '1.642'}
{'paper_align_label_loss': '0.07322', 'paper_align_reason_loss': '0.7306', 'epoch': '1.642'}
{'paper_align_label_loss': '0.0944', 'paper_align_reason_loss': '0.826', 'epoch': '1.647'}
{'paper_align_label_loss': '0.1429', 'paper_align_reason_loss': '0.9519', 'epoch': '1.647'}
{'loss': '0.9694', 'grad_norm': '2.519', 'learning_rate': '4.463e-05', 'epoch': '1.652'}
{'paper_align_label_loss': '0.04665', 'paper_align_reason_loss': '0.757', 'epoch': '1.652'}
{'paper_align_label_loss': '0.09583', 'paper_align_reason_loss': '1.077', 'epoch': '1.652'}
{'paper_align_label_loss': '0.09329', 'paper_align_reason_loss': '0.8948', 'epoch': '1.657'}
{'paper_align_label_loss': '0.06963', 'paper_align_reason_loss': '0.8353', 'epoch': '1.657'}
{'paper_align_label_loss': '0.003652', 'paper_align_reason_loss': '0.5757', 'epoch': '1.662'}
{'paper_align_label_loss': '0.03881', 'paper_align_reason_loss': '0.8687', 'epoch': '1.662'}
{'paper_align_label_loss': '0.08051', 'paper_align_reason_loss': '0.8086', 'epoch': '1.667'}
{'paper_align_label_loss': '0.09929', 'paper_align_reason_loss': '0.8852', 'epoch': '1.667'}
{'paper_align_label_loss': '0.01082', 'paper_align_reason_loss': '0.6937', 'epoch': '1.672'}
{'paper_align_label_loss': '0.1304', 'paper_align_reason_loss': '0.893', 'epoch': '1.672'}
{'paper_align_label_loss': '0.07126', 'paper_align_reason_loss': '0.6833', 'epoch': '1.676'}
{'paper_align_label_loss': '0.002791', 'paper_align_reason_loss': '0.6333', 'epoch': '1.676'}
{'paper_align_label_loss': '0.01714', 'paper_align_reason_loss': '0.7689', 'epoch': '1.681'}
{'paper_align_label_loss': '0.109', 'paper_align_reason_loss': '0.4145', 'epoch': '1.681'}
{'paper_align_label_loss': '0.1284', 'paper_align_reason_loss': '0.9924', 'epoch': '1.686'}
{'paper_align_label_loss': '0.09826', 'paper_align_reason_loss': '0.864', 'epoch': '1.686'}
{'paper_align_label_loss': '0.06138', 'paper_align_reason_loss': '0.5829', 'epoch': '1.691'}
{'paper_align_label_loss': '0.06807', 'paper_align_reason_loss': '0.8348', 'epoch': '1.691'}
{'paper_align_label_loss': '0.01464', 'paper_align_reason_loss': '0.5855', 'epoch': '1.696'}
{'paper_align_label_loss': '0.07645', 'paper_align_reason_loss': '0.7672', 'epoch': '1.696'}
{'loss': '0.8366', 'grad_norm': '1.529', 'learning_rate': '4.204e-05', 'epoch': '1.701'}
{'paper_align_label_loss': '0.05191', 'paper_align_reason_loss': '0.6801', 'epoch': '1.701'}
{'paper_align_label_loss': '0.05722', 'paper_align_reason_loss': '0.7963', 'epoch': '1.701'}
{'paper_align_label_loss': '0.08398', 'paper_align_reason_loss': '0.8035', 'epoch': '1.706'}
{'paper_align_label_loss': '0.05728', 'paper_align_reason_loss': '0.9382', 'epoch': '1.706'}
{'paper_align_label_loss': '0.0729', 'paper_align_reason_loss': '1.002', 'epoch': '1.71'}
{'paper_align_label_loss': '0.001721', 'paper_align_reason_loss': '0.7252', 'epoch': '1.71'}
{'paper_align_label_loss': '0.001737', 'paper_align_reason_loss': '0.6073', 'epoch': '1.715'}
{'paper_align_label_loss': '0.09005', 'paper_align_reason_loss': '0.973', 'epoch': '1.715'}
{'paper_align_label_loss': '0.08265', 'paper_align_reason_loss': '1.079', 'epoch': '1.72'}
{'paper_align_label_loss': '0.06654', 'paper_align_reason_loss': '0.8162', 'epoch': '1.72'}
{'paper_align_label_loss': '0.1444', 'paper_align_reason_loss': '1.009', 'epoch': '1.725'}
{'paper_align_label_loss': '0.1087', 'paper_align_reason_loss': '0.7162', 'epoch': '1.725'}
{'paper_align_label_loss': '0.125', 'paper_align_reason_loss': '1.091', 'epoch': '1.73'}
{'paper_align_label_loss': '0.1063', 'paper_align_reason_loss': '0.8706', 'epoch': '1.73'}
{'paper_align_label_loss': '0.03337', 'paper_align_reason_loss': '0.7809', 'epoch': '1.735'}
{'paper_align_label_loss': '0.03224', 'paper_align_reason_loss': '0.7818', 'epoch': '1.735'}
{'paper_align_label_loss': '0.001204', 'paper_align_reason_loss': '0.6276', 'epoch': '1.74'}
{'paper_align_label_loss': '0.09205', 'paper_align_reason_loss': '0.7136', 'epoch': '1.74'}
{'paper_align_label_loss': '0.05463', 'paper_align_reason_loss': '0.9378', 'epoch': '1.745'}
{'paper_align_label_loss': '0.02927', 'paper_align_reason_loss': '0.7455', 'epoch': '1.745'}
{'loss': '0.8994', 'grad_norm': '1.574', 'learning_rate': '3.946e-05', 'epoch': '1.749'}
{'paper_align_label_loss': '0.0649', 'paper_align_reason_loss': '1.007', 'epoch': '1.749'}
{'paper_align_label_loss': '0.1376', 'paper_align_reason_loss': '0.7773', 'epoch': '1.749'}
{'paper_align_label_loss': '0.04663', 'paper_align_reason_loss': '0.7115', 'epoch': '1.754'}
{'paper_align_label_loss': '0.01941', 'paper_align_reason_loss': '0.7856', 'epoch': '1.754'}
{'paper_align_label_loss': '0.06951', 'paper_align_reason_loss': '0.8304', 'epoch': '1.759'}
{'paper_align_label_loss': '0.02073', 'paper_align_reason_loss': '0.5345', 'epoch': '1.759'}
{'paper_align_label_loss': '0.0935', 'paper_align_reason_loss': '0.8934', 'epoch': '1.764'}
{'paper_align_label_loss': '0.09158', 'paper_align_reason_loss': '0.9074', 'epoch': '1.764'}
{'paper_align_label_loss': '0.05003', 'paper_align_reason_loss': '0.9256', 'epoch': '1.769'}
{'paper_align_label_loss': '0.1274', 'paper_align_reason_loss': '0.8788', 'epoch': '1.769'}
{'paper_align_label_loss': '0.04236', 'paper_align_reason_loss': '0.8486', 'epoch': '1.774'}
{'paper_align_label_loss': '0.03886', 'paper_align_reason_loss': '0.6634', 'epoch': '1.774'}
{'paper_align_label_loss': '0.0498', 'paper_align_reason_loss': '0.7341', 'epoch': '1.779'}
{'paper_align_label_loss': '0.03749', 'paper_align_reason_loss': '1', 'epoch': '1.779'}
{'paper_align_label_loss': '0.0885', 'paper_align_reason_loss': '0.9703', 'epoch': '1.783'}
{'paper_align_label_loss': '0.1182', 'paper_align_reason_loss': '0.7815', 'epoch': '1.783'}
{'paper_align_label_loss': '0.01472', 'paper_align_reason_loss': '0.7577', 'epoch': '1.788'}
{'paper_align_label_loss': '0.06144', 'paper_align_reason_loss': '0.7266', 'epoch': '1.788'}
{'paper_align_label_loss': '0.1149', 'paper_align_reason_loss': '0.7059', 'epoch': '1.793'}
{'paper_align_label_loss': '0.08451', 'paper_align_reason_loss': '1.097', 'epoch': '1.793'}
{'loss': '0.8955', 'grad_norm': '2.081', 'learning_rate': '3.691e-05', 'epoch': '1.798'}
{'paper_align_label_loss': '0.07908', 'paper_align_reason_loss': '0.878', 'epoch': '1.798'}
{'paper_align_label_loss': '0.0735', 'paper_align_reason_loss': '0.6622', 'epoch': '1.798'}
{'paper_align_label_loss': '0.1031', 'paper_align_reason_loss': '1.02', 'epoch': '1.803'}

 60%|██████    | 371/618 [05:55<03:44,  1.10it/s]
 60%|██████    | 372/618 [05:55<03:52,  1.06it/s]2026-09-18 17:31:27,077 INFO [rev_util_verifiability|paper_align|Qwen3-0.6B] step=372 epoch=1.8078

                                                 

 60%|██████    | 372/618 [05:56<03:52,  1.06it/s]2026-09-18 17:31:27,533 INFO [rev_util_verifiability|paper_align|Qwen3-0.6B] step=372 epoch=1.8078

                                                 

 60%|██████    | 372/618 [05:56<03:52,  1.06it/s]
 60%|██████    | 373/618 [05:56<03:50,  1.06it/s]2026-09-18 17:31:27,990 INFO [rev_util_verifiability|paper_align|Qwen3-0.6B] step=373 epoch=1.8127

                                                 

 60%|██████    | 373/618 [05:57<03:50,  1.06it/s]2026-09-18 17:31:28,413 INFO [rev_util_verifiability|paper_align|Qwen3-0.6B] step=373 epoch=1.8127

                                                 

 60%|██████    | 373/618 [05:57<03:50,  1.06it/s]
 61%|██████    | 374/618 [05:57<03:44,  1.09it/s]2026-09-18 17:31:28,864 INFO [rev_util_verifiability|paper_align|Qwen3-0.6B] step=374 epoch=1.8175

                                                 

 61%|██████    | 374/618 [05:57<03:44,  1.09it/s]2026-09-18 17:31:29,280 INFO [rev_util_verifiability|paper_align|Qwen3-0.6B] step=374 epoch=1.8175

                                                 

 61%|██████    | 374/618 [05:58<03:44,  1.09it/s]
 61%|██████    | 375/618 [05:58<03:40,  1.10it/s]2026-09-18 17:31:29,748 INFO [rev_util_verifiability|paper_align|Qwen3-0.6B] step=375 epoch=1.8224

                                                 

 61%|██████    | 375/618 [05:58<03:40,  1.10it/s]2026-09-18 17:31:30,360 INFO [rev_util_verifiability|paper_align|Qwen3-0.6B] step=375 epoch=1.8224

                                                 

 61%|██████    | 375/618 [05:59<03:40,  1.10it/s]
 61%|██████    | 376/618 [05:59<03:51,  1.05it/s]2026-09-18 17:31:30,847 INFO [rev_util_verifiability|paper_align|Qwen3-0.6B] step=376 epoch=1.8273

                                                 

 61%|██████    | 376/618 [05:59<03:51,  1.05it/s]2026-09-18 17:31:31,367 INFO [rev_util_verifiability|paper_align|Qwen3-0.6B] step=376 epoch=1.8273

                                                 

 61%|██████    | 376/618 [06:00<03:51,  1.05it/s]
 61%|██████    | 377/618 [06:00<03:55,  1.03it/s]2026-09-18 17:31:31,861 INFO [rev_util_verifiability|paper_align|Qwen3-0.6B] step=377 epoch=1.8321

                                                 

 61%|██████    | 377/618 [06:00<03:55,  1.03it/s]2026-09-18 17:31:32,340 INFO [rev_util_verifiability|paper_align|Qwen3-0.6B] step=377 epoch=1.8321

                                                 

 61%|██████    | 377/618 [06:01<03:55,  1.03it/s]
 61%|██████    | 378/618 [06:01<03:49,  1.05it/s]2026-09-18 17:31:32,745 INFO [rev_util_verifiability|paper_align|Qwen3-0.6B] step=378 epoch=1.8370

                                                 

 61%|██████    | 378/618 [06:01<03:49,  1.05it/s]2026-09-18 17:31:33,169 INFO [rev_util_verifiability|paper_align|Qwen3-0.6B] step=378 epoch=1.8370

                                                 

 61%|██████    | 378/618 [06:02<03:49,  1.05it/s]
 61%|██████▏   | 379/618 [06:02<03:40,  1.08it/s]2026-09-18 17:31:33,597 INFO [rev_util_verifiability|paper_align|Qwen3-0.6B] step=379 epoch=1.8418

                                                 

 61%|██████▏   | 379/618 [06:02<03:40,  1.08it/s]2026-09-18 17:31:34,031 INFO [rev_util_verifiability|paper_align|Qwen3-0.6B] step=379 epoch=1.8418

                                                 

 61%|██████▏   | 379/618 [06:03<03:40,  1.08it/s]
 61%|██████▏   | 380/618 [06:03<03:34,  1.11it/s]2026-09-18 17:31:34,305 INFO [rev_util_verifiability|paper_align|Qwen3-0.6B] step=380 loss=0.8620 learning_rate=0.0000 epoch=1.8467

                                                 

 61%|██████▏   | 380/618 [06:03<03:34,  1.11it/s]2026-09-18 17:31:34,458 INFO [rev_util_verifiability|paper_align|Qwen3-0.6B] step=380 epoch=1.8467

                                                 

 61%|██████▏   | 380/618 [06:03<03:34,  1.11it/s]2026-09-18 17:31:34,941 INFO [rev_util_verifiability|paper_align|Qwen3-0.6B] step=380 epoch=1.8467

                                                 

 61%|██████▏   | 380/618 [06:04<03:34,  1.11it/s]
 62%|██████▏   | 381/618 [06:04<03:41,  1.07it/s]2026-09-18 17:31:35,449 INFO [rev_util_verifiability|paper_align|Qwen3-0.6B] step=381 epoch=1.8516

                                                 

 62%|██████▏   | 381/618 [06:04<03:41,  1.07it/s]2026-09-18 17:31:35,852 INFO [rev_util_verifiability|paper_align|Qwen3-0.6B] step=381 epoch=1.8516

                                                 

 62%|██████▏   | 381/618 [06:04<03:41,  1.07it/s]
 62%|██████▏   | 382/618 [06:05<03:29,  1.13it/s]2026-09-18 17:31:36,234 INFO [rev_util_verifiability|paper_align|Qwen3-0.6B] step=382 epoch=1.8564

                                                 

 62%|██████▏   | 382/618 [06:05<03:29,  1.13it/s]2026-09-18 17:31:36,685 INFO [rev_util_verifiability|paper_align|Qwen3-0.6B] step=382 epoch=1.8564

                                                 

 62%|██████▏   | 382/618 [06:05<03:29,  1.13it/s]
 62%|██████▏   | 383/618 [06:06<03:30,  1.12it/s]2026-09-18 17:31:37,156 INFO [rev_util_verifiability|paper_align|Qwen3-0.6B] step=383 epoch=1.8613

                                                 

 62%|██████▏   | 383/618 [06:06<03:30,  1.12it/s]2026-09-18 17:31:37,620 INFO [rev_util_verifiability|paper_align|Qwen3-0.6B] step=383 epoch=1.8613

                                                 

 62%|██████▏   | 383/618 [06:06<03:30,  1.12it/s]
 62%|██████▏   | 384/618 [06:07<03:34,  1.09it/s]2026-09-18 17:31:38,111 INFO [rev_util_verifiability|paper_align|Qwen3-0.6B] step=384 epoch=1.8662

                                                 

 62%|██████▏   | 384/618 [06:07<03:34,  1.09it/s]2026-09-18 17:31:38,538 INFO [rev_util_verifiability|paper_align|Qwen3-0.6B] step=384 epoch=1.8662

                                                 

 62%|██████▏   | 384/618 [06:07<03:34,  1.09it/s]
 62%|██████▏   | 385/618 [06:07<03:28,  1.12it/s]2026-09-18 17:31:38,946 INFO [rev_util_verifiability|paper_align|Qwen3-0.6B] step=385 epoch=1.8710

                                                 

 62%|██████▏   | 385/618 [06:08<03:28,  1.12it/s]2026-09-18 17:31:39,361 INFO [rev_util_verifiability|paper_align|Qwen3-0.6B] step=385 epoch=1.8710

                                                 

 62%|██████▏   | 385/618 [06:08<03:28,  1.12it/s]
 62%|██████▏   | 386/618 [06:08<03:28,  1.11it/s]2026-09-18 17:31:40,031 INFO [rev_util_verifiability|paper_align|Qwen3-0.6B] step=386 epoch=1.8759

                                                 

 62%|██████▏   | 386/618 [06:09<03:28,  1.11it/s]2026-09-18 17:31:40,437 INFO [rev_util_verifiability|paper_align|Qwen3-0.6B] step=386 epoch=1.8759

                                                 

 62%|██████▏   | 386/618 [06:09<03:28,  1.11it/s]
 63%|██████▎   | 387/618 [06:09<03:42,  1.04it/s]2026-09-18 17:31:40,984 INFO [rev_util_verifiability|paper_align|Qwen3-0.6B] step=387 epoch=1.8808

                                                 

 63%|██████▎   | 387/618 [06:10<03:42,  1.04it/s]2026-09-18 17:31:41,432 INFO [rev_util_verifiability|paper_align|Qwen3-0.6B] step=387 epoch=1.8808

                                                 

 63%|██████▎   | 387/618 [06:10<03:42,  1.04it/s]
 63%|██████▎   | 388/618 [06:10<03:40,  1.04it/s]2026-09-18 17:31:41,936 INFO [rev_util_verifiability|paper_align|Qwen3-0.6B] step=388 epoch=1.8856

                                                 

 63%|██████▎   | 388/618 [06:10<03:40,  1.04it/s]2026-09-18 17:31:42,383 INFO [rev_util_verifiability|paper_align|Qwen3-0.6B] step=388 epoch=1.8856

                                                 

 63%|██████▎   | 388/618 [06:11<03:40,  1.04it/s]
 63%|██████▎   | 389/618 [06:11<03:36,  1.06it/s]2026-09-18 17:31:42,832 INFO [rev_util_verifiability|paper_align|Qwen3-0.6B] step=389 epoch=1.8905

                                                 

 63%|██████▎   | 389/618 [06:11<03:36,  1.06it/s]2026-09-18 17:31:43,222 INFO [rev_util_verifiability|paper_align|Qwen3-0.6B] step=389 epoch=1.8905

                                                 

 63%|██████▎   | 389/618 [06:12<03:36,  1.06it/s]
 63%|██████▎   | 390/618 [06:12<03:28,  1.09it/s]2026-09-18 17:31:43,546 INFO [rev_util_verifiability|paper_align|Qwen3-0.6B] step=390 loss=0.8505 learning_rate=0.0000 epoch=1.8954

                                                 

 63%|██████▎   | 390/618 [06:12<03:28,  1.09it/s]2026-09-18 17:31:43,690 INFO [rev_util_verifiability|paper_align|Qwen3-0.6B] step=390 epoch=1.8954

                                                 

 63%|██████▎   | 390/618 [06:12<03:28,  1.09it/s]2026-09-18 17:31:44,119 INFO [rev_util_verifiability|paper_align|Qwen3-0.6B] step=390 epoch=1.8954

                                                 

 63%|██████▎   | 390/618 [06:13<03:28,  1.09it/s]
 63%|██████▎   | 391/618 [06:13<03:24,  1.11it/s]2026-09-18 17:31:44,539 INFO [rev_util_verifiability|paper_align|Qwen3-0.6B] step=391 epoch=1.9002

                                                 

 63%|██████▎   | 391/618 [06:13<03:24,  1.11it/s]2026-09-18 17:31:44,950 INFO [rev_util_verifiability|paper_align|Qwen3-0.6B] step=391 epoch=1.9002

                                                 

 63%|██████▎   | 391/618 [06:14<03:24,  1.11it/s]
 63%|██████▎   | 392/618 [06:14<03:20,  1.12it/s]2026-09-18 17:31:45,410 INFO [rev_util_verifiability|paper_align|Qwen3-0.6B] step=392 epoch=1.9051

                                                 

 63%|██████▎   | 392/618 [06:14<03:20,  1.12it/s]2026-09-18 17:31:45,827 INFO [rev_util_verifiability|paper_align|Qwen3-0.6B] step=392 epoch=1.9051

                                                 

 63%|██████▎   | 392/618 [06:14<03:20,  1.12it/s]
 64%|██████▎   | 393/618 [06:15<03:19,  1.13it/s]2026-09-18 17:31:46,284 INFO [rev_util_verifiability|paper_align|Qwen3-0.6B] step=393 epoch=1.9100

                                                 

 64%|██████▎   | 393/618 [06:15<03:19,  1.13it/s]2026-09-18 17:31:46,694 INFO [rev_util_verifiability|paper_align|Qwen3-0.6B] step=393 epoch=1.9100

                                                 

 64%|██████▎   | 393/618 [06:15<03:19,  1.13it/s]
 64%|██████▍   | 394/618 [06:16<03:19,  1.12it/s]2026-09-18 17:31:47,184 INFO [rev_util_verifiability|paper_align|Qwen3-0.6B] step=394 epoch=1.9148

                                                 

 64%|██████▍   | 394/618 [06:16<03:19,  1.12it/s]2026-09-18 17:31:47,593 INFO [rev_util_verifiability|paper_align|Qwen3-0.6B] step=394 epoch=1.9148

                                                 

 64%|██████▍   | 394/618 [06:16<03:19,  1.12it/s]
 64%|██████▍   | 395/618 [06:16<03:17,  1.13it/s]2026-09-18 17:31:48,052 INFO [rev_util_verifiability|paper_align|Qwen3-0.6B] step=395 epoch=1.9197

                                                 

 64%|██████▍   | 395/618 [06:17<03:17,  1.13it/s]2026-09-18 17:31:48,453 INFO [rev_util_verifiability|paper_align|Qwen3-0.6B] step=395 epoch=1.9197

                                                 

 64%|██████▍   | 395/618 [06:17<03:17,  1.13it/s]
 64%|██████▍   | 396/618 [06:17<03:13,  1.15it/s]2026-09-18 17:31:49,092 INFO [rev_util_verifiability|paper_align|Qwen3-0.6B] step=396 epoch=1.9246

                                                 

 64%|██████▍   | 396/618 [06:18<03:13,  1.15it/s]2026-09-18 17:31:49,584 INFO [rev_util_verifiability|paper_align|Qwen3-0.6B] step=396 epoch=1.9246

                                                 

 64%|██████▍   | 396/618 [06:18<03:13,  1.15it/s]
 64%|██████▍   | 397/618 [06:18<03:30,  1.05it/s]2026-09-18 17:31:50,040 INFO [rev_util_verifiability|paper_align|Qwen3-0.6B] step=397 epoch=1.9294

                                                 

 64%|██████▍   | 397/618 [06:19<03:30,  1.05it/s]2026-09-18 17:31:50,500 INFO [rev_util_verifiability|paper_align|Qwen3-0.6B] step=397 epoch=1.9294

                                                 

 64%|██████▍   | 397/618 [06:19<03:30,  1.05it/s]
 64%|██████▍   | 398/618 [06:19<03:30,  1.04it/s]2026-09-18 17:31:51,002 INFO [rev_util_verifiability|paper_align|Qwen3-0.6B] step=398 epoch=1.9343

                                                 

 64%|██████▍   | 398/618 [06:20<03:30,  1.04it/s]2026-09-18 17:31:51,379 INFO [rev_util_verifiability|paper_align|Qwen3-0.6B] step=398 epoch=1.9343

                                                 

 64%|██████▍   | 398/618 [06:20<03:30,  1.04it/s]
 65%|██████▍   | 399/618 [06:20<03:17,  1.11it/s]2026-09-18 17:31:51,804 INFO [rev_util_verifiability|paper_align|Qwen3-0.6B] step=399 epoch=1.9392

                                                 

 65%|██████▍   | 399/618 [06:20<03:17,  1.11it/s]2026-09-18 17:31:52,275 INFO [rev_util_verifiability|paper_align|Qwen3-0.6B] step=399 epoch=1.9392

                                                 

 65%|██████▍   | 399/618 [06:21<03:17,  1.11it/s]
 65%|██████▍   | 400/618 [06:21<03:22,  1.08it/s]2026-09-18 17:31:52,641 INFO [rev_util_verifiability|paper_align|Qwen3-0.6B] step=400 loss=0.9202 learning_rate=0.0000 epoch=1.9440

                                                 

 65%|██████▍   | 400/618 [06:21<03:22,  1.08it/s]2026-09-18 17:31:52,777 INFO [rev_util_verifiability|paper_align|Qwen3-0.6B] step=400 epoch=1.9440

                                                 

 65%|██████▍   | 400/618 [06:21<03:22,  1.08it/s]2026-09-18 17:31:53,224 INFO [rev_util_verifiability|paper_align|Qwen3-0.6B] step=400 epoch=1.9440

                                                 

 65%|██████▍   | 400/618 [06:22<03:22,  1.08it/s]
 65%|██████▍   | 401/618 [06:22<03:22,  1.07it/s]2026-09-18 17:31:53,734 INFO [rev_util_verifiability|paper_align|Qwen3-0.6B] step=401 epoch=1.9489

                                                 

 65%|██████▍   | 401/618 [06:22<03:22,  1.07it/s]2026-09-18 17:31:54,226 INFO [rev_util_verifiability|paper_align|Qwen3-0.6B] step=401 epoch=1.9489

                                                 

 65%|██████▍   | 401/618 [06:23<03:22,  1.07it/s]
 65%|██████▌   | 402/618 [06:23<03:25,  1.05it/s]2026-09-18 17:31:54,699 INFO [rev_util_verifiability|paper_align|Qwen3-0.6B] step=402 epoch=1.9538

                                                 

 65%|██████▌   | 402/618 [06:23<03:25,  1.05it/s]2026-09-18 17:31:55,056 INFO [rev_util_verifiability|paper_align|Qwen3-0.6B] step=402 epoch=1.9538

                                                 

 65%|██████▌   | 402/618 [06:24<03:25,  1.05it/s]
 65%|██████▌   | 403/618 [06:24<03:12,  1.12it/s]2026-09-18 17:31:55,516 INFO [rev_util_verifiability|paper_align|Qwen3-0.6B] step=403 epoch=1.9586

                                                 

 65%|██████▌   | 403/618 [06:24<03:12,  1.12it/s]2026-09-18 17:31:56,037 INFO [rev_util_verifiability|paper_align|Qwen3-0.6B] step=403 epoch=1.9586

                                                 

 65%|██████▌   | 403/618 [06:25<03:12,  1.12it/s]
 65%|██████▌   | 404/618 [06:25<03:18,  1.08it/s]2026-09-18 17:31:56,501 INFO [rev_util_verifiability|paper_align|Qwen3-0.6B] step=404 epoch=1.9635

                                                 

 65%|██████▌   | 404/618 [06:25<03:18,  1.08it/s]2026-09-18 17:31:56,956 INFO [rev_util_verifiability|paper_align|Qwen3-0.6B] step=404 epoch=1.9635

                                                 

 65%|██████▌   | 404/618 [06:26<03:18,  1.08it/s]
 66%|██████▌   | 405/618 [06:26<03:17,  1.08it/s]2026-09-18 17:31:57,438 INFO [rev_util_verifiability|paper_align|Qwen3-0.6B] step=405 epoch=1.9684

                                                 

 66%|██████▌   | 405/618 [06:26<03:17,  1.08it/s]2026-09-18 17:31:57,922 INFO [rev_util_verifiability|paper_align|Qwen3-0.6B] step=405 epoch=1.9684

                                                 

 66%|██████▌   | 405/618 [06:26<03:17,  1.08it/s]
 66%|██████▌   | 406/618 [06:27<03:19,  1.06it/s]2026-09-18 17:31:58,391 INFO [rev_util_verifiability|paper_align|Qwen3-0.6B] step=406 epoch=1.9732

                                                 

 66%|██████▌   | 406/618 [06:27<03:19,  1.06it/s]2026-09-18 17:31:58,976 INFO [rev_util_verifiability|paper_align|Qwen3-0.6B] step=406 epoch=1.9732

                                                 

 66%|██████▌   | 406/618 [06:28<03:19,  1.06it/s]
 66%|██████▌   | 407/618 [06:28<03:27,  1.01it/s]2026-09-18 17:31:59,484 INFO [rev_util_verifiability|paper_align|Qwen3-0.6B] step=407 epoch=1.9781

                                                 

 66%|██████▌   | 407/618 [06:28<03:27,  1.01it/s]2026-09-18 17:31:59,940 INFO [rev_util_verifiability|paper_align|Qwen3-0.6B] step=407 epoch=1.9781

                                                 

 66%|██████▌   | 407/618 [06:28<03:27,  1.01it/s]
 66%|██████▌   | 408/618 [06:29<03:25,  1.02it/s]2026-09-18 17:32:00,428 INFO [rev_util_verifiability|paper_align|Qwen3-0.6B] step=408 epoch=1.9830

                                                 

 66%|██████▌   | 408/618 [06:29<03:25,  1.02it/s]2026-09-18 17:32:00,813 INFO [rev_util_verifiability|paper_align|Qwen3-0.6B] step=408 epoch=1.9830

                                                 

 66%|██████▌   | 408/618 [06:29<03:25,  1.02it/s]
 66%|██████▌   | 409/618 [06:30<03:13,  1.08it/s]2026-09-18 17:32:01,245 INFO [rev_util_verifiability|paper_align|Qwen3-0.6B] step=409 epoch=1.9878

                                                 

 66%|██████▌   | 409/618 [06:30<03:13,  1.08it/s]2026-09-18 17:32:01,683 INFO [rev_util_verifiability|paper_align|Qwen3-0.6B] step=409 epoch=1.9878

                                                 

 66%|██████▌   | 409/618 [06:30<03:13,  1.08it/s]
 66%|██████▋   | 410/618 [06:31<03:10,  1.09it/s]2026-09-18 17:32:01,990 INFO [rev_util_verifiability|paper_align|Qwen3-0.6B] step=410 loss=0.9252 learning_rate=0.0000 epoch=1.9927

                                                 

 66%|██████▋   | 410/618 [06:31<03:10,  1.09it/s]2026-09-18 17:32:02,127 INFO [rev_util_verifiability|paper_align|Qwen3-0.6B] step=410 epoch=1.9927

                                                 

 66%|██████▋   | 410/618 [06:31<03:10,  1.09it/s]2026-09-18 17:32:02,540 INFO [rev_util_verifiability|paper_align|Qwen3-0.6B] step=410 epoch=1.9927

                                                 

 66%|██████▋   | 410/618 [06:31<03:10,  1.09it/s]
 67%|██████▋   | 411/618 [06:31<03:08,  1.10it/s]2026-09-18 17:32:02,991 INFO [rev_util_verifiability|paper_align|Qwen3-0.6B] step=411 epoch=1.9976

                                                 

 67%|██████▋   | 411/618 [06:32<03:08,  1.10it/s]
 67%|██████▋   | 412/618 [06:32<02:31,  1.36it/s]{'paper_align_label_loss': '0.02128', 'paper_align_reason_loss': '0.8622', 'epoch': '1.803'}
{'paper_align_label_loss': '0.03329', 'paper_align_reason_loss': '0.6182', 'epoch': '1.808'}
{'paper_align_label_loss': '0.03608', 'paper_align_reason_loss': '0.9329', 'epoch': '1.808'}
{'paper_align_label_loss': '0.04803', 'paper_align_reason_loss': '0.8011', 'epoch': '1.813'}
{'paper_align_label_loss': '0.04329', 'paper_align_reason_loss': '0.8807', 'epoch': '1.813'}
{'paper_align_label_loss': '0.09473', 'paper_align_reason_loss': '0.7604', 'epoch': '1.818'}
{'paper_align_label_loss': '0.0145', 'paper_align_reason_loss': '0.9383', 'epoch': '1.818'}
{'paper_align_label_loss': '0.1916', 'paper_align_reason_loss': '0.7429', 'epoch': '1.822'}
{'paper_align_label_loss': '0.02021', 'paper_align_reason_loss': '0.7484', 'epoch': '1.822'}
{'paper_align_label_loss': '0.07889', 'paper_align_reason_loss': '0.9493', 'epoch': '1.827'}
{'paper_align_label_loss': '0.0585', 'paper_align_reason_loss': '0.7214', 'epoch': '1.827'}
{'paper_align_label_loss': '0.05414', 'paper_align_reason_loss': '0.8415', 'epoch': '1.832'}
{'paper_align_label_loss': '0.004722', 'paper_align_reason_loss': '0.5314', 'epoch': '1.832'}
{'paper_align_label_loss': '0.1063', 'paper_align_reason_loss': '0.8099', 'epoch': '1.837'}
{'paper_align_label_loss': '0.1023', 'paper_align_reason_loss': '0.746', 'epoch': '1.837'}
{'paper_align_label_loss': '0.03224', 'paper_align_reason_loss': '0.9157', 'epoch': '1.842'}
{'paper_align_label_loss': '0.06364', 'paper_align_reason_loss': '0.6209', 'epoch': '1.842'}
{'loss': '0.862', 'grad_norm': '1.87', 'learning_rate': '3.44e-05', 'epoch': '1.847'}
{'paper_align_label_loss': '0.03361', 'paper_align_reason_loss': '0.7517', 'epoch': '1.847'}
{'paper_align_label_loss': '0.1245', 'paper_align_reason_loss': '1.179', 'epoch': '1.847'}
{'paper_align_label_loss': '0.1697', 'paper_align_reason_loss': '0.9359', 'epoch': '1.852'}
{'paper_align_label_loss': '0.0002555', 'paper_align_reason_loss': '0.3646', 'epoch': '1.852'}
{'paper_align_label_loss': '0.09252', 'paper_align_reason_loss': '0.8531', 'epoch': '1.856'}
{'paper_align_label_loss': '0.03604', 'paper_align_reason_loss': '0.8811', 'epoch': '1.856'}
{'paper_align_label_loss': '0.06958', 'paper_align_reason_loss': '0.7725', 'epoch': '1.861'}
{'paper_align_label_loss': '0.0821', 'paper_align_reason_loss': '0.7751', 'epoch': '1.861'}
{'paper_align_label_loss': '0.07065', 'paper_align_reason_loss': '0.7344', 'epoch': '1.866'}
{'paper_align_label_loss': '0.05644', 'paper_align_reason_loss': '0.7965', 'epoch': '1.866'}
{'paper_align_label_loss': '0.0957', 'paper_align_reason_loss': '0.7622', 'epoch': '1.871'}
{'paper_align_label_loss': '0.04936', 'paper_align_reason_loss': '1.058', 'epoch': '1.871'}
{'paper_align_label_loss': '0.002677', 'paper_align_reason_loss': '0.5891', 'epoch': '1.876'}
{'paper_align_label_loss': '0.03279', 'paper_align_reason_loss': '0.7496', 'epoch': '1.876'}
{'paper_align_label_loss': '0.008412', 'paper_align_reason_loss': '0.7679', 'epoch': '1.881'}
{'paper_align_label_loss': '0.02855', 'paper_align_reason_loss': '0.8896', 'epoch': '1.881'}
{'paper_align_label_loss': '0.07317', 'paper_align_reason_loss': '0.8667', 'epoch': '1.886'}
{'paper_align_label_loss': '0.04142', 'paper_align_reason_loss': '0.9049', 'epoch': '1.886'}
{'paper_align_label_loss': '0.003915', 'paper_align_reason_loss': '0.4992', 'epoch': '1.891'}
{'paper_align_label_loss': '0.04076', 'paper_align_reason_loss': '0.7666', 'epoch': '1.891'}
{'loss': '0.8505', 'grad_norm': '1.477', 'learning_rate': '3.193e-05', 'epoch': '1.895'}
{'paper_align_label_loss': '0.102', 'paper_align_reason_loss': '0.8986', 'epoch': '1.895'}
{'paper_align_label_loss': '0.05703', 'paper_align_reason_loss': '0.8687', 'epoch': '1.895'}
{'paper_align_label_loss': '0.0749', 'paper_align_reason_loss': '0.8824', 'epoch': '1.9'}
{'paper_align_label_loss': '0.08963', 'paper_align_reason_loss': '1.108', 'epoch': '1.9'}
{'paper_align_label_loss': '0.07946', 'paper_align_reason_loss': '0.734', 'epoch': '1.905'}
{'paper_align_label_loss': '0.1116', 'paper_align_reason_loss': '0.9281', 'epoch': '1.905'}
{'paper_align_label_loss': '0.08487', 'paper_align_reason_loss': '0.647', 'epoch': '1.91'}
{'paper_align_label_loss': '0.05334', 'paper_align_reason_loss': '0.7574', 'epoch': '1.91'}
{'paper_align_label_loss': '0.05422', 'paper_align_reason_loss': '0.5736', 'epoch': '1.915'}
{'paper_align_label_loss': '0.03209', 'paper_align_reason_loss': '1.032', 'epoch': '1.915'}
{'paper_align_label_loss': '0.0094', 'paper_align_reason_loss': '0.6444', 'epoch': '1.92'}
{'paper_align_label_loss': '0.1008', 'paper_align_reason_loss': '0.6628', 'epoch': '1.92'}
{'paper_align_label_loss': '0.08742', 'paper_align_reason_loss': '1.044', 'epoch': '1.925'}
{'paper_align_label_loss': '0.138', 'paper_align_reason_loss': '0.9761', 'epoch': '1.925'}
{'paper_align_label_loss': '0.1334', 'paper_align_reason_loss': '0.8808', 'epoch': '1.929'}
{'paper_align_label_loss': '0.03643', 'paper_align_reason_loss': '0.9259', 'epoch': '1.929'}
{'paper_align_label_loss': '0.1344', 'paper_align_reason_loss': '0.7705', 'epoch': '1.934'}
{'paper_align_label_loss': '0.03515', 'paper_align_reason_loss': '0.6657', 'epoch': '1.934'}
{'paper_align_label_loss': '0.03436', 'paper_align_reason_loss': '1.056', 'epoch': '1.939'}
{'paper_align_label_loss': '0.1075', 'paper_align_reason_loss': '0.7934', 'epoch': '1.939'}
{'loss': '0.9202', 'grad_norm': '1.768', 'learning_rate': '2.951e-05', 'epoch': '1.944'}
{'paper_align_label_loss': '0.05804', 'paper_align_reason_loss': '0.9862', 'epoch': '1.944'}
{'paper_align_label_loss': '0.06562', 'paper_align_reason_loss': '1.095', 'epoch': '1.944'}
{'paper_align_label_loss': '0.09172', 'paper_align_reason_loss': '0.9074', 'epoch': '1.949'}
{'paper_align_label_loss': '0.03647', 'paper_align_reason_loss': '0.9483', 'epoch': '1.949'}
{'paper_align_label_loss': '0.05557', 'paper_align_reason_loss': '0.6879', 'epoch': '1.954'}
{'paper_align_label_loss': '0.04169', 'paper_align_reason_loss': '0.9526', 'epoch': '1.954'}
{'paper_align_label_loss': '0.04375', 'paper_align_reason_loss': '0.822', 'epoch': '1.959'}
{'paper_align_label_loss': '0.06548', 'paper_align_reason_loss': '0.804', 'epoch': '1.959'}
{'paper_align_label_loss': '0.0569', 'paper_align_reason_loss': '0.892', 'epoch': '1.964'}
{'paper_align_label_loss': '0.132', 'paper_align_reason_loss': '0.9108', 'epoch': '1.964'}
{'paper_align_label_loss': '0.03216', 'paper_align_reason_loss': '0.7157', 'epoch': '1.968'}
{'paper_align_label_loss': '0.06616', 'paper_align_reason_loss': '0.9108', 'epoch': '1.968'}
{'paper_align_label_loss': '0.06104', 'paper_align_reason_loss': '0.7588', 'epoch': '1.973'}
{'paper_align_label_loss': '0.07698', 'paper_align_reason_loss': '0.7279', 'epoch': '1.973'}
{'paper_align_label_loss': '0.03927', 'paper_align_reason_loss': '0.7732', 'epoch': '1.978'}
{'paper_align_label_loss': '0.03973', 'paper_align_reason_loss': '1.144', 'epoch': '1.978'}
{'paper_align_label_loss': '0.04194', 'paper_align_reason_loss': '0.8769', 'epoch': '1.983'}
{'paper_align_label_loss': '0.03452', 'paper_align_reason_loss': '0.7858', 'epoch': '1.983'}
{'paper_align_label_loss': '0.06735', 'paper_align_reason_loss': '0.9281', 'epoch': '1.988'}
{'paper_align_label_loss': '0.04859', 'paper_align_reason_loss': '0.7208', 'epoch': '1.988'}
{'loss': '0.9252', 'grad_norm': '1.683', 'learning_rate': '2.715e-05', 'epoch': '1.993'}
{'paper_align_label_loss': '0.03552', 'paper_align_reason_loss': '0.7354', 'epoch': '1.993'}
{'paper_align_label_loss': '0.05878', 'paper_align_reason_loss': '0.9867', 'epoch': '1.993'}
{'paper_align_label_loss': '0.1722', 'paper_align_reason_loss': '0.5688', 'epoch': '1.998'}


  0%|          | 0/23 [00:00<?, ?it/s][A

 13%|█▎        | 3/23 [00:00<00:00, 20.79it/s][A

 26%|██▌       | 6/23 [00:00<00:01, 14.59it/s][A

 35%|███▍      | 8/23 [00:00<00:01, 14.26it/s][A

 43%|████▎     | 10/23 [00:00<00:00, 14.32it/s][A

 52%|█████▏    | 12/23 [00:00<00:00, 13.98it/s][A

 61%|██████    | 14/23 [00:00<00:00, 14.01it/s][A

 70%|██████▉   | 16/23 [00:01<00:00, 13.03it/s][A

 78%|███████▊  | 18/23 [00:01<00:00, 12.89it/s][A

 87%|████████▋ | 20/23 [00:01<00:00, 13.37it/s][A

 96%|█████████▌| 22/23 [00:01<00:00, 13.52it/s][A2026-09-18 17:32:04,972 INFO [rev_util_verifiability|paper_align|Qwen3-0.6B] step=412 eval_loss=0.0866 epoch=2.0000

                                                 

                                               
[A
 67%|██████▋   | 412/618 [06:34<02:31,  1.36it/s]

100%|██████████| 23/23 [00:01<00:00, 13.52it/s][A

                                               [A2026-09-18 17:32:05,026 INFO Starting generation validation on training device cuda:0: samples=182 batch_size=32
2026-09-18 17:32:05,795 INFO Generation validation progress: 32/182
2026-09-18 17:32:06,490 INFO Generation validation progress: 64/182
2026-09-18 17:32:07,264 INFO Generation validation progress: 96/182
2026-09-18 17:32:08,099 INFO Generation validation progress: 128/182
2026-09-18 17:32:08,891 INFO Generation validation progress: 160/182
2026-09-18 17:32:09,436 INFO Generation validation progress: 182/182
2026-09-18 17:32:09,482 INFO Generation val @ epoch=2.0 step=412: acc=0.7033 macro_f1=0.5718 valid=1.0000 (retaining last checkpoint)
2026-09-18 17:32:09,483 INFO [rev_util_verifiability|paper_align|Qwen3-0.6B] step=412 eval_generation_accuracy=0.7033 eval_generation_macro_f1=0.5718 eval_generation_format_valid_rate=1.0000 eval_generation_mae=0.3407 eval_generation_qwk=0.8449 epoch=2.0000

                                                 

 67%|██████▋   | 412/618 [06:38<02:31,  1.36it/s]2026-09-18 17:32:09,909 INFO [rev_util_verifiability|paper_align|Qwen3-0.6B] step=412 epoch=2.0000

                                                 

 67%|██████▋   | 412/618 [06:38<02:31,  1.36it/s]2026-09-18 17:32:10,356 INFO [rev_util_verifiability|paper_align|Qwen3-0.6B] step=412 epoch=2.0000

                                                 

 67%|██████▋   | 412/618 [06:39<02:31,  1.36it/s]
 67%|██████▋   | 413/618 [06:39<09:23,  2.75s/it]2026-09-18 17:32:10,803 INFO [rev_util_verifiability|paper_align|Qwen3-0.6B] step=413 epoch=2.0049

                                                 

 67%|██████▋   | 413/618 [06:39<09:23,  2.75s/it]2026-09-18 17:32:11,266 INFO [rev_util_verifiability|paper_align|Qwen3-0.6B] step=413 epoch=2.0049

                                                 

 67%|██████▋   | 413/618 [06:40<09:23,  2.75s/it]
 67%|██████▋   | 414/618 [06:40<07:32,  2.22s/it]2026-09-18 17:32:11,789 INFO [rev_util_verifiability|paper_align|Qwen3-0.6B] step=414 epoch=2.0097

                                                 

 67%|██████▋   | 414/618 [06:40<07:32,  2.22s/it]2026-09-18 17:32:12,252 INFO [rev_util_verifiability|paper_align|Qwen3-0.6B] step=414 epoch=2.0097

                                                 

 67%|██████▋   | 414/618 [06:41<07:32,  2.22s/it]
 67%|██████▋   | 415/618 [06:41<06:13,  1.84s/it]2026-09-18 17:32:12,756 INFO [rev_util_verifiability|paper_align|Qwen3-0.6B] step=415 epoch=2.0146

                                                 

 67%|██████▋   | 415/618 [06:41<06:13,  1.84s/it]2026-09-18 17:32:13,209 INFO [rev_util_verifiability|paper_align|Qwen3-0.6B] step=415 epoch=2.0146

                                                 

 67%|██████▋   | 415/618 [06:42<06:13,  1.84s/it]
 67%|██████▋   | 416/618 [06:42<05:16,  1.57s/it]2026-09-18 17:32:13,691 INFO [rev_util_verifiability|paper_align|Qwen3-0.6B] step=416 epoch=2.0195

                                                 

 67%|██████▋   | 416/618 [06:42<05:16,  1.57s/it]2026-09-18 17:32:14,332 INFO [rev_util_verifiability|paper_align|Qwen3-0.6B] step=416 epoch=2.0195

                                                 

 67%|██████▋   | 416/618 [06:43<05:16,  1.57s/it]
 67%|██████▋   | 417/618 [06:43<04:47,  1.43s/it]2026-09-18 17:32:14,823 INFO [rev_util_verifiability|paper_align|Qwen3-0.6B] step=417 epoch=2.0243

                                                 

 67%|██████▋   | 417/618 [06:43<04:47,  1.43s/it]2026-09-18 17:32:15,364 INFO [rev_util_verifiability|paper_align|Qwen3-0.6B] step=417 epoch=2.0243

                                                 

 67%|██████▋   | 417/618 [06:44<04:47,  1.43s/it]
 68%|██████▊   | 418/618 [06:44<04:25,  1.33s/it]2026-09-18 17:32:15,874 INFO [rev_util_verifiability|paper_align|Qwen3-0.6B] step=418 epoch=2.0292

                                                 

 68%|██████▊   | 418/618 [06:44<04:25,  1.33s/it]2026-09-18 17:32:16,334 INFO [rev_util_verifiability|paper_align|Qwen3-0.6B] step=418 epoch=2.0292

                                                 

 68%|██████▊   | 418/618 [06:45<04:25,  1.33s/it]
 68%|██████▊   | 419/618 [06:45<04:01,  1.22s/it]2026-09-18 17:32:16,842 INFO [rev_util_verifiability|paper_align|Qwen3-0.6B] step=419 epoch=2.0341

                                                 

 68%|██████▊   | 419/618 [06:45<04:01,  1.22s/it]2026-09-18 17:32:17,336 INFO [rev_util_verifiability|paper_align|Qwen3-0.6B] step=419 epoch=2.0341

                                                 

 68%|██████▊   | 419/618 [06:46<04:01,  1.22s/it]
 68%|██████▊   | 420/618 [06:46<03:48,  1.15s/it]2026-09-18 17:32:17,695 INFO [rev_util_verifiability|paper_align|Qwen3-0.6B] step=420 loss=0.8167 learning_rate=0.0000 epoch=2.0389

                                                 

 68%|██████▊   | 420/618 [06:46<03:48,  1.15s/it]2026-09-18 17:32:17,824 INFO [rev_util_verifiability|paper_align|Qwen3-0.6B] step=420 epoch=2.0389

                                                 

 68%|██████▊   | 420/618 [06:46<03:48,  1.15s/it]2026-09-18 17:32:18,207 INFO [rev_util_verifiability|paper_align|Qwen3-0.6B] step=420 epoch=2.0389

                                                 

 68%|██████▊   | 420/618 [06:47<03:48,  1.15s/it]
 68%|██████▊   | 421/618 [06:47<03:26,  1.05s/it]2026-09-18 17:32:18,657 INFO [rev_util_verifiability|paper_align|Qwen3-0.6B] step=421 epoch=2.0438

                                                 

 68%|██████▊   | 421/618 [06:47<03:26,  1.05s/it]2026-09-18 17:32:19,131 INFO [rev_util_verifiability|paper_align|Qwen3-0.6B] step=421 epoch=2.0438

                                                 

 68%|██████▊   | 421/618 [06:48<03:26,  1.05s/it]
 68%|██████▊   | 422/618 [06:48<03:19,  1.02s/it]2026-09-18 17:32:19,575 INFO [rev_util_verifiability|paper_align|Qwen3-0.6B] step=422 epoch=2.0487

                                                 

 68%|██████▊   | 422/618 [06:48<03:19,  1.02s/it]2026-09-18 17:32:20,002 INFO [rev_util_verifiability|paper_align|Qwen3-0.6B] step=422 epoch=2.0487

                                                 

 68%|██████▊   | 422/618 [06:49<03:19,  1.02s/it]
 68%|██████▊   | 423/618 [06:49<03:13,  1.01it/s]2026-09-18 17:32:20,524 INFO [rev_util_verifiability|paper_align|Qwen3-0.6B] step=423 epoch=2.0535

                                                 

 68%|██████▊   | 423/618 [06:49<03:13,  1.01it/s]2026-09-18 17:32:20,975 INFO [rev_util_verifiability|paper_align|Qwen3-0.6B] step=423 epoch=2.0535

                                                 

 68%|██████▊   | 423/618 [06:50<03:13,  1.01it/s]
 69%|██████▊   | 424/618 [06:50<03:07,  1.03it/s]2026-09-18 17:32:21,430 INFO [rev_util_verifiability|paper_align|Qwen3-0.6B] step=424 epoch=2.0584

                                                 

 69%|██████▊   | 424/618 [06:50<03:07,  1.03it/s]2026-09-18 17:32:21,883 INFO [rev_util_verifiability|paper_align|Qwen3-0.6B] step=424 epoch=2.0584

                                                 

 69%|██████▊   | 424/618 [06:50<03:07,  1.03it/s]
 69%|██████▉   | 425/618 [06:51<03:04,  1.05it/s]2026-09-18 17:32:22,353 INFO [rev_util_verifiability|paper_align|Qwen3-0.6B] step=425 epoch=2.0633

                                                 

 69%|██████▉   | 425/618 [06:51<03:04,  1.05it/s]2026-09-18 17:32:22,741 INFO [rev_util_verifiability|paper_align|Qwen3-0.6B] step=425 epoch=2.0633

                                                 

 69%|██████▉   | 425/618 [06:51<03:04,  1.05it/s]
 69%|██████▉   | 426/618 [06:52<02:54,  1.10it/s]2026-09-18 17:32:23,154 INFO [rev_util_verifiability|paper_align|Qwen3-0.6B] step=426 epoch=2.0681

                                                 

 69%|██████▉   | 426/618 [06:52<02:54,  1.10it/s]2026-09-18 17:32:23,737 INFO [rev_util_verifiability|paper_align|Qwen3-0.6B] step=426 epoch=2.0681

                                                 

 69%|██████▉   | 426/618 [06:52<02:54,  1.10it/s]
 69%|██████▉   | 427/618 [06:53<03:03,  1.04it/s]2026-09-18 17:32:24,245 INFO [rev_util_verifiability|paper_align|Qwen3-0.6B] step=427 epoch=2.0730

                                                 

 69%|██████▉   | 427/618 [06:53<03:03,  1.04it/s]2026-09-18 17:32:24,701 INFO [rev_util_verifiability|paper_align|Qwen3-0.6B] step=427 epoch=2.0730

                                                 

 69%|██████▉   | 427/618 [06:53<03:03,  1.04it/s]
 69%|██████▉   | 428/618 [06:54<03:02,  1.04it/s]2026-09-18 17:32:25,222 INFO [rev_util_verifiability|paper_align|Qwen3-0.6B] step=428 epoch=2.0779

                                                 

 69%|██████▉   | 428/618 [06:54<03:02,  1.04it/s]2026-09-18 17:32:25,735 INFO [rev_util_verifiability|paper_align|Qwen3-0.6B] step=428 epoch=2.0779

                                                 

 69%|██████▉   | 428/618 [06:54<03:02,  1.04it/s]
 69%|██████▉   | 429/618 [06:55<03:04,  1.02it/s]2026-09-18 17:32:26,202 INFO [rev_util_verifiability|paper_align|Qwen3-0.6B] step=429 epoch=2.0827

                                                 

 69%|██████▉   | 429/618 [06:55<03:04,  1.02it/s]2026-09-18 17:32:26,627 INFO [rev_util_verifiability|paper_align|Qwen3-0.6B] step=429 epoch=2.0827

                                                 

 69%|██████▉   | 429/618 [06:55<03:04,  1.02it/s]
 70%|██████▉   | 430/618 [06:56<02:58,  1.05it/s]2026-09-18 17:32:26,961 INFO [rev_util_verifiability|paper_align|Qwen3-0.6B] step=430 loss=0.8248 learning_rate=0.0000 epoch=2.0876

                                                 

 70%|██████▉   | 430/618 [06:56<02:58,  1.05it/s]2026-09-18 17:32:27,106 INFO [rev_util_verifiability|paper_align|Qwen3-0.6B] step=430 epoch=2.0876

                                                 

 70%|██████▉   | 430/618 [06:56<02:58,  1.05it/s]2026-09-18 17:32:27,544 INFO [rev_util_verifiability|paper_align|Qwen3-0.6B] step=430 epoch=2.0876

                                                 

 70%|██████▉   | 430/618 [06:56<02:58,  1.05it/s]
 70%|██████▉   | 431/618 [06:56<02:53,  1.08it/s]2026-09-18 17:32:27,961 INFO [rev_util_verifiability|paper_align|Qwen3-0.6B] step=431 epoch=2.0925

                                                 

 70%|██████▉   | 431/618 [06:57<02:53,  1.08it/s]2026-09-18 17:32:28,394 INFO [rev_util_verifiability|paper_align|Qwen3-0.6B] step=431 epoch=2.0925

                                                 

 70%|██████▉   | 431/618 [06:57<02:53,  1.08it/s]
 70%|██████▉   | 432/618 [06:57<02:50,  1.09it/s]2026-09-18 17:32:28,848 INFO [rev_util_verifiability|paper_align|Qwen3-0.6B] step=432 epoch=2.0973

                                                 

 70%|██████▉   | 432/618 [06:57<02:50,  1.09it/s]2026-09-18 17:32:29,264 INFO [rev_util_verifiability|paper_align|Qwen3-0.6B] step=432 epoch=2.0973

                                                 

 70%|██████▉   | 432/618 [06:58<02:50,  1.09it/s]
 70%|███████   | 433/618 [06:58<02:48,  1.10it/s]2026-09-18 17:32:29,776 INFO [rev_util_verifiability|paper_align|Qwen3-0.6B] step=433 epoch=2.1022

                                                 

 70%|███████   | 433/618 [06:58<02:48,  1.10it/s]2026-09-18 17:32:30,236 INFO [rev_util_verifiability|paper_align|Qwen3-0.6B] step=433 epoch=2.1022

                                                 

 70%|███████   | 433/618 [06:59<02:48,  1.10it/s]
 70%|███████   | 434/618 [06:59<02:46,  1.11it/s]2026-09-18 17:32:30,654 INFO [rev_util_verifiability|paper_align|Qwen3-0.6B] step=434 epoch=2.1071

                                                 

 70%|███████   | 434/618 [06:59<02:46,  1.11it/s]2026-09-18 17:32:31,091 INFO [rev_util_verifiability|paper_align|Qwen3-0.6B] step=434 epoch=2.1071

                                                 

 70%|███████   | 434/618 [07:00<02:46,  1.11it/s]
 70%|███████   | 435/618 [07:00<02:43,  1.12it/s]2026-09-18 17:32:31,525 INFO [rev_util_verifiability|paper_align|Qwen3-0.6B] step=435 epoch=2.1119

                                                 

 70%|███████   | 435/618 [07:00<02:43,  1.12it/s]2026-09-18 17:32:32,011 INFO [rev_util_verifiability|paper_align|Qwen3-0.6B] step=435 epoch=2.1119

                                                 

 70%|███████   | 435/618 [07:01<02:43,  1.12it/s]
 71%|███████   | 436/618 [07:01<02:46,  1.09it/s]2026-09-18 17:32:32,504 INFO [rev_util_verifiability|paper_align|Qwen3-0.6B] step=436 epoch=2.1168

                                                 

 71%|███████   | 436/618 [07:01<02:46,  1.09it/s]2026-09-18 17:32:32,984 INFO [rev_util_verifiability|paper_align|Qwen3-0.6B] step=436 epoch=2.1168

                                                 

 71%|███████   | 436/618 [07:02<02:46,  1.09it/s]
 71%|███████   | 437/618 [07:02<02:48,  1.07it/s]2026-09-18 17:32:33,611 INFO [rev_util_verifiability|paper_align|Qwen3-0.6B] step=437 epoch=2.1217

                                                 

 71%|███████   | 437/618 [07:02<02:48,  1.07it/s]2026-09-18 17:32:34,029 INFO [rev_util_verifiability|paper_align|Qwen3-0.6B] step=437 epoch=2.1217

                                                 

 71%|███████   | 437/618 [07:03<02:48,  1.07it/s]
 71%|███████   | 438/618 [07:03<02:56,  1.02it/s]2026-09-18 17:32:34,564 INFO [rev_util_verifiability|paper_align|Qwen3-0.6B] step=438 epoch=2.1265

                                                 

 71%|███████   | 438/618 [07:03<02:56,  1.02it/s]2026-09-18 17:32:35,068 INFO [rev_util_verifiability|paper_align|Qwen3-0.6B] step=438 epoch=2.1265

                                                 

 71%|███████   | 438/618 [07:04<02:56,  1.02it/s]
 71%|███████   | 439/618 [07:04<02:58,  1.00it/s]2026-09-18 17:32:35,580 INFO [rev_util_verifiability|paper_align|Qwen3-0.6B] step=439 epoch=2.1314

                                                 

 71%|███████   | 439/618 [07:04<02:58,  1.00it/s]2026-09-18 17:32:36,028 INFO [rev_util_verifiability|paper_align|Qwen3-0.6B] step=439 epoch=2.1314

                                                 

 71%|███████   | 439/618 [07:05<02:58,  1.00it/s]
 71%|███████   | 440/618 [07:05<02:53,  1.03it/s]2026-09-18 17:32:36,360 INFO [rev_util_verifiability|paper_align|Qwen3-0.6B] step=440 loss=0.8517 learning_rate=0.0000 epoch=2.1363

                                                 

 71%|███████   | 440/618 [07:05<02:53,  1.03it/s]2026-09-18 17:32:36,511 INFO [rev_util_verifiability|paper_align|Qwen3-0.6B] step=440 epoch=2.1363

                                                 

 71%|███████   | 440/618 [07:05<02:53,  1.03it/s]2026-09-18 17:32:36,947 INFO [rev_util_verifiability|paper_align|Qwen3-0.6B] step=440 epoch=2.1363

                                                 

 71%|███████   | 440/618 [07:06<02:53,  1.03it/s]
 71%|███████▏  | 441/618 [07:06<02:48,  1.05it/s]2026-09-18 17:32:37,393 INFO [rev_util_verifiability|paper_align|Qwen3-0.6B] step=441 epoch=2.1411

                                                 

 71%|███████▏  | 441/618 [07:06<02:48,  1.05it/s]2026-09-18 17:32:37,798 INFO [rev_util_verifiability|paper_align|Qwen3-0.6B] step=441 epoch=2.1411

                                                 

 71%|███████▏  | 441/618 [07:06<02:48,  1.05it/s]
 72%|███████▏  | 442/618 [07:07<02:42,  1.08it/s]2026-09-18 17:32:38,254 INFO [rev_util_verifiability|paper_align|Qwen3-0.6B] step=442 epoch=2.1460

                                                 

 72%|███████▏  | 442/618 [07:07<02:42,  1.08it/s]2026-09-18 17:32:38,671 INFO [rev_util_verifiability|paper_align|Qwen3-0.6B] step=442 epoch=2.1460

                                                 

 72%|███████▏  | 442/618 [07:07<02:42,  1.08it/s]
 72%|███████▏  | 443/618 [07:08<02:40,  1.09it/s]2026-09-18 17:32:39,164 INFO [rev_util_verifiability|paper_align|Qwen3-0.6B] step=443 epoch=2.1509

                                                 

 72%|███████▏  | 443/618 [07:08<02:40,  1.09it/s]2026-09-18 17:32:39,604 INFO [rev_util_verifiability|paper_align|Qwen3-0.6B] step=443 epoch=2.1509

                                                 

 72%|███████▏  | 443/618 [07:08<02:40,  1.09it/s]
 72%|███████▏  | 444/618 [07:08<02:38,  1.10it/s]2026-09-18 17:32:40,064 INFO [rev_util_verifiability|paper_align|Qwen3-0.6B] step=444 epoch=2.1557

                                                 

 72%|███████▏  | 444/618 [07:09<02:38,  1.10it/s]2026-09-18 17:32:40,513 INFO [rev_util_verifiability|paper_align|Qwen3-0.6B] step=444 epoch=2.1557

                                                 

 72%|███████▏  | 444/618 [07:09<02:38,  1.10it/s]
 72%|███████▏  | 445/618 [07:09<02:37,  1.10it/s]2026-09-18 17:32:40,976 INFO [rev_util_verifiability|paper_align|Qwen3-0.6B] step=445 epoch=2.1606

                                                 

 72%|███████▏  | 445/618 [07:10<02:37,  1.10it/s]2026-09-18 17:32:41,442 INFO [rev_util_verifiability|paper_align|Qwen3-0.6B] step=445 epoch=2.1606

                                                 

 72%|███████▏  | 445/618 [07:10<02:37,  1.10it/s]
 72%|███████▏  | 446/618 [07:10<02:38,  1.08it/s]2026-09-18 17:32:41,910 INFO [rev_util_verifiability|paper_align|Qwen3-0.6B] step=446 epoch=2.1655

                                                 

 72%|███████▏  | 446/618 [07:10<02:38,  1.08it/s]2026-09-18 17:32:42,338 INFO [rev_util_verifiability|paper_align|Qwen3-0.6B] step=446 epoch=2.1655

                                                 

 72%|███████▏  | 446/618 [07:11<02:38,  1.08it/s]
 72%|███████▏  | 447/618 [07:11<02:35,  1.10it/s]2026-09-18 17:32:42,974 INFO [rev_util_verifiability|paper_align|Qwen3-0.6B] step=447 epoch=2.1703

                                                 

 72%|███████▏  | 447/618 [07:12<02:35,  1.10it/s]2026-09-18 17:32:43,436 INFO [rev_util_verifiability|paper_align|Qwen3-0.6B] step=447 epoch=2.1703

                                                 

 72%|███████▏  | 447/618 [07:12<02:35,  1.10it/s]
 72%|███████▏  | 448/618 [07:12<02:42,  1.04it/s]2026-09-18 17:32:43,849 INFO [rev_util_verifiability|paper_align|Qwen3-0.6B] step=448 epoch=2.1752

                                                 

 72%|███████▏  | 448/618 [07:12<02:42,  1.04it/s]2026-09-18 17:32:44,245 INFO [rev_util_verifiability|paper_align|Qwen3-0.6B] step=448 epoch=2.1752

                                                 

 72%|███████▏  | 448/618 [07:13<02:42,  1.04it/s]
 73%|███████▎  | 449/618 [07:13<02:35,  1.08it/s]2026-09-18 17:32:44,696 INFO [rev_util_verifiability|paper_align|Qwen3-0.6B] step=449 epoch=2.1800

                                                 

 73%|███████▎  | 449/618 [07:13<02:35,  1.08it/s]2026-09-18 17:32:45,109 INFO [rev_util_verifiability|paper_align|Qwen3-0.6B] step=449 epoch=2.1800

                                                 

 73%|███████▎  | 449/618 [07:14<02:35,  1.08it/s]
 73%|███████▎  | 450/618 [07:14<02:32,  1.10it/s]2026-09-18 17:32:45,435 INFO [rev_util_verifiability|paper_align|Qwen3-0.6B] step=450 loss=0.8138 learning_rate=0.0000 epoch=2.1849

                                                 

 73%|███████▎  | 450/618 [07:14<02:32,  1.10it/s]2026-09-18 17:32:45,592 INFO [rev_util_verifiability|paper_align|Qwen3-0.6B] step=450 epoch=2.1849

                                                 

 73%|███████▎  | 450/618 [07:14<02:32,  1.10it/s]2026-09-18 17:32:46,079 INFO [rev_util_verifiability|paper_align|Qwen3-0.6B] step=450 epoch=2.1849

                                                 

 73%|███████▎  | 450/618 [07:15<02:32,  1.10it/s]
 73%|███████▎  | 451/618 [07:15<02:34,  1.08it/s]2026-09-18 17:32:46,528 INFO [rev_util_verifiability|paper_align|Qwen3-0.6B] step=451 epoch=2.1898

                                                 

 73%|███████▎  | 451/618 [07:15<02:34,  1.08it/s]2026-09-18 17:32:46,941 INFO [rev_util_verifiability|paper_align|Qwen3-0.6B] step=451 epoch=2.1898

                                                 
{'eval_loss': '0.08655', 'eval_runtime': '1.746', 'eval_samples_per_second': '104.3', 'eval_steps_per_second': '13.18', 'eval_entropy': '0.06586', 'eval_num_tokens': '0', 'eval_mean_token_accuracy': '0.9635', 'epoch': '2'}
{'eval_generation_accuracy': '0.7033', 'eval_generation_macro_f1': '0.5718', 'eval_generation_format_valid_rate': '1', 'eval_generation_invalid_outputs': 0, 'eval_generation_mae': '0.3407', 'eval_generation_qwk': '0.8449', 'epoch': '2'}
{'paper_align_label_loss': '0.05558', 'paper_align_reason_loss': '0.718', 'epoch': '2'}
{'paper_align_label_loss': '0.02614', 'paper_align_reason_loss': '0.8252', 'epoch': '2'}
{'paper_align_label_loss': '0.02905', 'paper_align_reason_loss': '0.6515', 'epoch': '2.005'}
{'paper_align_label_loss': '0.0353', 'paper_align_reason_loss': '0.8309', 'epoch': '2.005'}
{'paper_align_label_loss': '0.052', 'paper_align_reason_loss': '0.7258', 'epoch': '2.01'}
{'paper_align_label_loss': '0.08293', 'paper_align_reason_loss': '0.9195', 'epoch': '2.01'}
{'paper_align_label_loss': '0.06532', 'paper_align_reason_loss': '0.9563', 'epoch': '2.015'}
{'paper_align_label_loss': '0.02995', 'paper_align_reason_loss': '0.824', 'epoch': '2.015'}
{'paper_align_label_loss': '0.07076', 'paper_align_reason_loss': '0.9274', 'epoch': '2.019'}
{'paper_align_label_loss': '0.05534', 'paper_align_reason_loss': '0.7003', 'epoch': '2.019'}
{'paper_align_label_loss': '0.0273', 'paper_align_reason_loss': '0.7104', 'epoch': '2.024'}
{'paper_align_label_loss': '0.02146', 'paper_align_reason_loss': '0.7762', 'epoch': '2.024'}
{'paper_align_label_loss': '0.1051', 'paper_align_reason_loss': '0.9199', 'epoch': '2.029'}
{'paper_align_label_loss': '0.03999', 'paper_align_reason_loss': '0.8324', 'epoch': '2.029'}
{'paper_align_label_loss': '0.02832', 'paper_align_reason_loss': '0.9177', 'epoch': '2.034'}
{'paper_align_label_loss': '0.04652', 'paper_align_reason_loss': '0.7696', 'epoch': '2.034'}
{'loss': '0.8167', 'grad_norm': '1.488', 'learning_rate': '2.485e-05', 'epoch': '2.039'}
{'paper_align_label_loss': '0.03702', 'paper_align_reason_loss': '0.4925', 'epoch': '2.039'}
{'paper_align_label_loss': '0.01221', 'paper_align_reason_loss': '0.4806', 'epoch': '2.039'}
{'paper_align_label_loss': '0.02445', 'paper_align_reason_loss': '0.9784', 'epoch': '2.044'}
{'paper_align_label_loss': '0.05338', 'paper_align_reason_loss': '0.6772', 'epoch': '2.044'}
{'paper_align_label_loss': '0.1183', 'paper_align_reason_loss': '0.821', 'epoch': '2.049'}
{'paper_align_label_loss': '0.125', 'paper_align_reason_loss': '1.045', 'epoch': '2.049'}
{'paper_align_label_loss': '0.01024', 'paper_align_reason_loss': '0.8463', 'epoch': '2.054'}
{'paper_align_label_loss': '0.01597', 'paper_align_reason_loss': '0.5791', 'epoch': '2.054'}
{'paper_align_label_loss': '0.03399', 'paper_align_reason_loss': '0.7694', 'epoch': '2.058'}
{'paper_align_label_loss': '0.01836', 'paper_align_reason_loss': '0.7938', 'epoch': '2.058'}
{'paper_align_label_loss': '0.05946', 'paper_align_reason_loss': '0.7008', 'epoch': '2.063'}
{'paper_align_label_loss': '0.003622', 'paper_align_reason_loss': '0.638', 'epoch': '2.063'}
{'paper_align_label_loss': '0.05863', 'paper_align_reason_loss': '0.7734', 'epoch': '2.068'}
{'paper_align_label_loss': '0.1167', 'paper_align_reason_loss': '1.163', 'epoch': '2.068'}
{'paper_align_label_loss': '0.0721', 'paper_align_reason_loss': '0.7813', 'epoch': '2.073'}
{'paper_align_label_loss': '0.06831', 'paper_align_reason_loss': '0.9187', 'epoch': '2.073'}
{'paper_align_label_loss': '0.02057', 'paper_align_reason_loss': '0.6504', 'epoch': '2.078'}
{'paper_align_label_loss': '0.07759', 'paper_align_reason_loss': '0.7706', 'epoch': '2.078'}
{'paper_align_label_loss': '0.0407', 'paper_align_reason_loss': '0.8478', 'epoch': '2.083'}
{'paper_align_label_loss': '0.05857', 'paper_align_reason_loss': '0.7431', 'epoch': '2.083'}
{'loss': '0.8248', 'grad_norm': '2.058', 'learning_rate': '2.262e-05', 'epoch': '2.088'}
{'paper_align_label_loss': '0.02637', 'paper_align_reason_loss': '0.8498', 'epoch': '2.088'}
{'paper_align_label_loss': '0.04759', 'paper_align_reason_loss': '0.7908', 'epoch': '2.088'}
{'paper_align_label_loss': '0.184', 'paper_align_reason_loss': '0.9202', 'epoch': '2.092'}
{'paper_align_label_loss': '0.02598', 'paper_align_reason_loss': '0.8461', 'epoch': '2.092'}
{'paper_align_label_loss': '0.1369', 'paper_align_reason_loss': '0.8778', 'epoch': '2.097'}
{'paper_align_label_loss': '0.09615', 'paper_align_reason_loss': '1.026', 'epoch': '2.097'}
{'paper_align_label_loss': '0.01157', 'paper_align_reason_loss': '0.7792', 'epoch': '2.102'}
{'paper_align_label_loss': '0.0636', 'paper_align_reason_loss': '0.5882', 'epoch': '2.102'}
{'paper_align_label_loss': '0.03387', 'paper_align_reason_loss': '0.7034', 'epoch': '2.107'}
{'paper_align_label_loss': '0.03541', 'paper_align_reason_loss': '0.6386', 'epoch': '2.107'}
{'paper_align_label_loss': '0.02788', 'paper_align_reason_loss': '0.9388', 'epoch': '2.112'}
{'paper_align_label_loss': '0.0276', 'paper_align_reason_loss': '0.7472', 'epoch': '2.112'}
{'paper_align_label_loss': '0.1111', 'paper_align_reason_loss': '1.043', 'epoch': '2.117'}
{'paper_align_label_loss': '0.02898', 'paper_align_reason_loss': '0.7306', 'epoch': '2.117'}
{'paper_align_label_loss': '0.0282', 'paper_align_reason_loss': '0.618', 'epoch': '2.122'}
{'paper_align_label_loss': '0.06647', 'paper_align_reason_loss': '0.7642', 'epoch': '2.122'}
{'paper_align_label_loss': '0.02256', 'paper_align_reason_loss': '0.9001', 'epoch': '2.127'}
{'paper_align_label_loss': '0.03073', 'paper_align_reason_loss': '0.7157', 'epoch': '2.127'}
{'paper_align_label_loss': '0.01921', 'paper_align_reason_loss': '0.7671', 'epoch': '2.131'}
{'paper_align_label_loss': '0.03701', 'paper_align_reason_loss': '0.7279', 'epoch': '2.131'}
{'loss': '0.8517', 'grad_norm': '1.6', 'learning_rate': '2.046e-05', 'epoch': '2.136'}
{'paper_align_label_loss': '0.07169', 'paper_align_reason_loss': '0.8167', 'epoch': '2.136'}
{'paper_align_label_loss': '0.01906', 'paper_align_reason_loss': '0.7154', 'epoch': '2.136'}
{'paper_align_label_loss': '0.06121', 'paper_align_reason_loss': '0.7007', 'epoch': '2.141'}
{'paper_align_label_loss': '0.0431', 'paper_align_reason_loss': '0.7472', 'epoch': '2.141'}
{'paper_align_label_loss': '0.007445', 'paper_align_reason_loss': '0.8038', 'epoch': '2.146'}
{'paper_align_label_loss': '0.02799', 'paper_align_reason_loss': '0.6667', 'epoch': '2.146'}
{'paper_align_label_loss': '0.06837', 'paper_align_reason_loss': '0.8842', 'epoch': '2.151'}
{'paper_align_label_loss': '0.04898', 'paper_align_reason_loss': '0.895', 'epoch': '2.151'}
{'paper_align_label_loss': '0.07181', 'paper_align_reason_loss': '0.6339', 'epoch': '2.156'}
{'paper_align_label_loss': '0.191', 'paper_align_reason_loss': '0.7645', 'epoch': '2.156'}
{'paper_align_label_loss': '0.03828', 'paper_align_reason_loss': '0.6918', 'epoch': '2.161'}
{'paper_align_label_loss': '0.01542', 'paper_align_reason_loss': '0.8553', 'epoch': '2.161'}
{'paper_align_label_loss': '0.1075', 'paper_align_reason_loss': '0.7037', 'epoch': '2.165'}
{'paper_align_label_loss': '0.0585', 'paper_align_reason_loss': '0.8427', 'epoch': '2.165'}
{'paper_align_label_loss': '0.03652', 'paper_align_reason_loss': '0.7292', 'epoch': '2.17'}
{'paper_align_label_loss': '0.03767', 'paper_align_reason_loss': '0.7466', 'epoch': '2.17'}
{'paper_align_label_loss': '0.03376', 'paper_align_reason_loss': '0.8915', 'epoch': '2.175'}
{'paper_align_label_loss': '0.01468', 'paper_align_reason_loss': '0.7054', 'epoch': '2.175'}
{'paper_align_label_loss': '0.01451', 'paper_align_reason_loss': '0.7438', 'epoch': '2.18'}
{'paper_align_label_loss': '0.01142', 'paper_align_reason_loss': '0.76', 'epoch': '2.18'}
{'loss': '0.8138', 'grad_norm': '1.667', 'learning_rate': '1.839e-05', 'epoch': '2.185'}
{'paper_align_label_loss': '0.0148', 'paper_align_reason_loss': '0.8447', 'epoch': '2.185'}
{'paper_align_label_loss': '0.03684', 'paper_align_reason_loss': '0.8032', 'epoch': '2.185'}
{'paper_align_label_loss': '0.1282', 'paper_align_reason_loss': '0.4967', 'epoch': '2.19'}

 73%|███████▎  | 451/618 [07:16<02:34,  1.08it/s]
 73%|███████▎  | 452/618 [07:16<02:31,  1.10it/s]2026-09-18 17:32:47,422 INFO [rev_util_verifiability|paper_align|Qwen3-0.6B] step=452 epoch=2.1946

                                                 

 73%|███████▎  | 452/618 [07:16<02:31,  1.10it/s]2026-09-18 17:32:47,892 INFO [rev_util_verifiability|paper_align|Qwen3-0.6B] step=452 epoch=2.1946

                                                 

 73%|███████▎  | 452/618 [07:16<02:31,  1.10it/s]
 73%|███████▎  | 453/618 [07:17<02:33,  1.07it/s]2026-09-18 17:32:48,396 INFO [rev_util_verifiability|paper_align|Qwen3-0.6B] step=453 epoch=2.1995

                                                 

 73%|███████▎  | 453/618 [07:17<02:33,  1.07it/s]2026-09-18 17:32:48,834 INFO [rev_util_verifiability|paper_align|Qwen3-0.6B] step=453 epoch=2.1995

                                                 

 73%|███████▎  | 453/618 [07:17<02:33,  1.07it/s]
 73%|███████▎  | 454/618 [07:18<02:31,  1.08it/s]2026-09-18 17:32:49,302 INFO [rev_util_verifiability|paper_align|Qwen3-0.6B] step=454 epoch=2.2044

                                                 

 73%|███████▎  | 454/618 [07:18<02:31,  1.08it/s]2026-09-18 17:32:49,736 INFO [rev_util_verifiability|paper_align|Qwen3-0.6B] step=454 epoch=2.2044

                                                 

 73%|███████▎  | 454/618 [07:18<02:31,  1.08it/s]
 74%|███████▎  | 455/618 [07:19<02:26,  1.11it/s]2026-09-18 17:32:50,166 INFO [rev_util_verifiability|paper_align|Qwen3-0.6B] step=455 epoch=2.2092

                                                 

 74%|███████▎  | 455/618 [07:19<02:26,  1.11it/s]2026-09-18 17:32:50,642 INFO [rev_util_verifiability|paper_align|Qwen3-0.6B] step=455 epoch=2.2092

                                                 

 74%|███████▎  | 455/618 [07:19<02:26,  1.11it/s]
 74%|███████▍  | 456/618 [07:20<02:29,  1.08it/s]2026-09-18 17:32:51,101 INFO [rev_util_verifiability|paper_align|Qwen3-0.6B] step=456 epoch=2.2141

                                                 

 74%|███████▍  | 456/618 [07:20<02:29,  1.08it/s]2026-09-18 17:32:51,475 INFO [rev_util_verifiability|paper_align|Qwen3-0.6B] step=456 epoch=2.2141

                                                 

 74%|███████▍  | 456/618 [07:20<02:29,  1.08it/s]
 74%|███████▍  | 457/618 [07:20<02:24,  1.11it/s]2026-09-18 17:32:51,970 INFO [rev_util_verifiability|paper_align|Qwen3-0.6B] step=457 epoch=2.2190

                                                 

 74%|███████▍  | 457/618 [07:21<02:24,  1.11it/s]2026-09-18 17:32:52,576 INFO [rev_util_verifiability|paper_align|Qwen3-0.6B] step=457 epoch=2.2190

                                                 

 74%|███████▍  | 457/618 [07:21<02:24,  1.11it/s]
 74%|███████▍  | 458/618 [07:21<02:29,  1.07it/s]2026-09-18 17:32:52,989 INFO [rev_util_verifiability|paper_align|Qwen3-0.6B] step=458 epoch=2.2238

                                                 

 74%|███████▍  | 458/618 [07:22<02:29,  1.07it/s]2026-09-18 17:32:53,410 INFO [rev_util_verifiability|paper_align|Qwen3-0.6B] step=458 epoch=2.2238

                                                 

 74%|███████▍  | 458/618 [07:22<02:29,  1.07it/s]
 74%|███████▍  | 459/618 [07:22<02:24,  1.10it/s]2026-09-18 17:32:53,828 INFO [rev_util_verifiability|paper_align|Qwen3-0.6B] step=459 epoch=2.2287

                                                 

 74%|███████▍  | 459/618 [07:22<02:24,  1.10it/s]2026-09-18 17:32:54,241 INFO [rev_util_verifiability|paper_align|Qwen3-0.6B] step=459 epoch=2.2287

                                                 

 74%|███████▍  | 459/618 [07:23<02:24,  1.10it/s]
 74%|███████▍  | 460/618 [07:23<02:22,  1.11it/s]2026-09-18 17:32:54,573 INFO [rev_util_verifiability|paper_align|Qwen3-0.6B] step=460 loss=0.8108 learning_rate=0.0000 epoch=2.2336

                                                 

 74%|███████▍  | 460/618 [07:23<02:22,  1.11it/s]2026-09-18 17:32:54,705 INFO [rev_util_verifiability|paper_align|Qwen3-0.6B] step=460 epoch=2.2336

                                                 

 74%|███████▍  | 460/618 [07:23<02:22,  1.11it/s]2026-09-18 17:32:55,120 INFO [rev_util_verifiability|paper_align|Qwen3-0.6B] step=460 epoch=2.2336

                                                 

 74%|███████▍  | 460/618 [07:24<02:22,  1.11it/s]
 75%|███████▍  | 461/618 [07:24<02:19,  1.12it/s]2026-09-18 17:32:55,580 INFO [rev_util_verifiability|paper_align|Qwen3-0.6B] step=461 epoch=2.2384

                                                 

 75%|███████▍  | 461/618 [07:24<02:19,  1.12it/s]2026-09-18 17:32:56,030 INFO [rev_util_verifiability|paper_align|Qwen3-0.6B] step=461 epoch=2.2384

                                                 

 75%|███████▍  | 461/618 [07:25<02:19,  1.12it/s]
 75%|███████▍  | 462/618 [07:25<02:20,  1.11it/s]2026-09-18 17:32:56,508 INFO [rev_util_verifiability|paper_align|Qwen3-0.6B] step=462 epoch=2.2433

                                                 

 75%|███████▍  | 462/618 [07:25<02:20,  1.11it/s]2026-09-18 17:32:56,975 INFO [rev_util_verifiability|paper_align|Qwen3-0.6B] step=462 epoch=2.2433

                                                 

 75%|███████▍  | 462/618 [07:26<02:20,  1.11it/s]
 75%|███████▍  | 463/618 [07:26<02:22,  1.09it/s]2026-09-18 17:32:57,490 INFO [rev_util_verifiability|paper_align|Qwen3-0.6B] step=463 epoch=2.2482

                                                 

 75%|███████▍  | 463/618 [07:26<02:22,  1.09it/s]2026-09-18 17:32:57,990 INFO [rev_util_verifiability|paper_align|Qwen3-0.6B] step=463 epoch=2.2482

                                                 

 75%|███████▍  | 463/618 [07:27<02:22,  1.09it/s]
 75%|███████▌  | 464/618 [07:27<02:25,  1.06it/s]2026-09-18 17:32:58,445 INFO [rev_util_verifiability|paper_align|Qwen3-0.6B] step=464 epoch=2.2530

                                                 

 75%|███████▌  | 464/618 [07:27<02:25,  1.06it/s]2026-09-18 17:32:58,823 INFO [rev_util_verifiability|paper_align|Qwen3-0.6B] step=464 epoch=2.2530

                                                 

 75%|███████▌  | 464/618 [07:27<02:25,  1.06it/s]
 75%|███████▌  | 465/618 [07:28<02:20,  1.09it/s]2026-09-18 17:32:59,324 INFO [rev_util_verifiability|paper_align|Qwen3-0.6B] step=465 epoch=2.2579

                                                 

 75%|███████▌  | 465/618 [07:28<02:20,  1.09it/s]2026-09-18 17:32:59,766 INFO [rev_util_verifiability|paper_align|Qwen3-0.6B] step=465 epoch=2.2579

                                                 

 75%|███████▌  | 465/618 [07:28<02:20,  1.09it/s]
 75%|███████▌  | 466/618 [07:29<02:18,  1.10it/s]2026-09-18 17:33:00,217 INFO [rev_util_verifiability|paper_align|Qwen3-0.6B] step=466 epoch=2.2628

                                                 

 75%|███████▌  | 466/618 [07:29<02:18,  1.10it/s]2026-09-18 17:33:00,638 INFO [rev_util_verifiability|paper_align|Qwen3-0.6B] step=466 epoch=2.2628

                                                 

 75%|███████▌  | 466/618 [07:29<02:18,  1.10it/s]
 76%|███████▌  | 467/618 [07:29<02:14,  1.12it/s]2026-09-18 17:33:01,049 INFO [rev_util_verifiability|paper_align|Qwen3-0.6B] step=467 epoch=2.2676

                                                 

 76%|███████▌  | 467/618 [07:30<02:14,  1.12it/s]2026-09-18 17:33:01,608 INFO [rev_util_verifiability|paper_align|Qwen3-0.6B] step=467 epoch=2.2676

                                                 

 76%|███████▌  | 467/618 [07:30<02:14,  1.12it/s]
 76%|███████▌  | 468/618 [07:30<02:17,  1.09it/s]2026-09-18 17:33:02,062 INFO [rev_util_verifiability|paper_align|Qwen3-0.6B] step=468 epoch=2.2725

                                                 

 76%|███████▌  | 468/618 [07:31<02:17,  1.09it/s]2026-09-18 17:33:02,576 INFO [rev_util_verifiability|paper_align|Qwen3-0.6B] step=468 epoch=2.2725

                                                 

 76%|███████▌  | 468/618 [07:31<02:17,  1.09it/s]
 76%|███████▌  | 469/618 [07:32<02:22,  1.05it/s]2026-09-18 17:33:03,078 INFO [rev_util_verifiability|paper_align|Qwen3-0.6B] step=469 epoch=2.2774

                                                 

 76%|███████▌  | 469/618 [07:32<02:22,  1.05it/s]2026-09-18 17:33:03,523 INFO [rev_util_verifiability|paper_align|Qwen3-0.6B] step=469 epoch=2.2774

                                                 

 76%|███████▌  | 469/618 [07:32<02:22,  1.05it/s]
 76%|███████▌  | 470/618 [07:32<02:20,  1.05it/s]2026-09-18 17:33:03,879 INFO [rev_util_verifiability|paper_align|Qwen3-0.6B] step=470 loss=0.8356 learning_rate=0.0000 epoch=2.2822

                                                 

 76%|███████▌  | 470/618 [07:32<02:20,  1.05it/s]2026-09-18 17:33:04,038 INFO [rev_util_verifiability|paper_align|Qwen3-0.6B] step=470 epoch=2.2822

                                                 

 76%|███████▌  | 470/618 [07:33<02:20,  1.05it/s]2026-09-18 17:33:04,507 INFO [rev_util_verifiability|paper_align|Qwen3-0.6B] step=470 epoch=2.2822

                                                 

 76%|███████▌  | 470/618 [07:33<02:20,  1.05it/s]
 76%|███████▌  | 471/618 [07:33<02:17,  1.07it/s]2026-09-18 17:33:04,909 INFO [rev_util_verifiability|paper_align|Qwen3-0.6B] step=471 epoch=2.2871

                                                 

 76%|███████▌  | 471/618 [07:33<02:17,  1.07it/s]2026-09-18 17:33:05,320 INFO [rev_util_verifiability|paper_align|Qwen3-0.6B] step=471 epoch=2.2871

                                                 

 76%|███████▌  | 471/618 [07:34<02:17,  1.07it/s]
 76%|███████▋  | 472/618 [07:34<02:14,  1.08it/s]2026-09-18 17:33:05,812 INFO [rev_util_verifiability|paper_align|Qwen3-0.6B] step=472 epoch=2.2920

                                                 

 76%|███████▋  | 472/618 [07:34<02:14,  1.08it/s]2026-09-18 17:33:06,243 INFO [rev_util_verifiability|paper_align|Qwen3-0.6B] step=472 epoch=2.2920

                                                 

 76%|███████▋  | 472/618 [07:35<02:14,  1.08it/s]
 77%|███████▋  | 473/618 [07:35<02:12,  1.10it/s]2026-09-18 17:33:06,718 INFO [rev_util_verifiability|paper_align|Qwen3-0.6B] step=473 epoch=2.2968

                                                 

 77%|███████▋  | 473/618 [07:35<02:12,  1.10it/s]2026-09-18 17:33:07,182 INFO [rev_util_verifiability|paper_align|Qwen3-0.6B] step=473 epoch=2.2968

                                                 

 77%|███████▋  | 473/618 [07:36<02:12,  1.10it/s]
 77%|███████▋  | 474/618 [07:36<02:12,  1.08it/s]2026-09-18 17:33:07,652 INFO [rev_util_verifiability|paper_align|Qwen3-0.6B] step=474 epoch=2.3017

                                                 

 77%|███████▋  | 474/618 [07:36<02:12,  1.08it/s]2026-09-18 17:33:08,107 INFO [rev_util_verifiability|paper_align|Qwen3-0.6B] step=474 epoch=2.3017

                                                 

 77%|███████▋  | 474/618 [07:37<02:12,  1.08it/s]
 77%|███████▋  | 475/618 [07:37<02:13,  1.07it/s]2026-09-18 17:33:08,605 INFO [rev_util_verifiability|paper_align|Qwen3-0.6B] step=475 epoch=2.3066

                                                 

 77%|███████▋  | 475/618 [07:37<02:13,  1.07it/s]2026-09-18 17:33:09,043 INFO [rev_util_verifiability|paper_align|Qwen3-0.6B] step=475 epoch=2.3066

                                                 

 77%|███████▋  | 475/618 [07:38<02:13,  1.07it/s]
 77%|███████▋  | 476/618 [07:38<02:09,  1.10it/s]2026-09-18 17:33:09,483 INFO [rev_util_verifiability|paper_align|Qwen3-0.6B] step=476 epoch=2.3114

                                                 

 77%|███████▋  | 476/618 [07:38<02:09,  1.10it/s]2026-09-18 17:33:09,953 INFO [rev_util_verifiability|paper_align|Qwen3-0.6B] step=476 epoch=2.3114

                                                 

 77%|███████▋  | 476/618 [07:39<02:09,  1.10it/s]
 77%|███████▋  | 477/618 [07:39<02:11,  1.07it/s]2026-09-18 17:33:10,441 INFO [rev_util_verifiability|paper_align|Qwen3-0.6B] step=477 epoch=2.3163

                                                 

 77%|███████▋  | 477/618 [07:39<02:11,  1.07it/s]2026-09-18 17:33:10,831 INFO [rev_util_verifiability|paper_align|Qwen3-0.6B] step=477 epoch=2.3163

                                                 

 77%|███████▋  | 477/618 [07:39<02:11,  1.07it/s]
 77%|███████▋  | 478/618 [07:40<02:12,  1.06it/s]2026-09-18 17:33:11,417 INFO [rev_util_verifiability|paper_align|Qwen3-0.6B] step=478 epoch=2.3212

                                                 

 77%|███████▋  | 478/618 [07:40<02:12,  1.06it/s]2026-09-18 17:33:11,845 INFO [rev_util_verifiability|paper_align|Qwen3-0.6B] step=478 epoch=2.3212

                                                 

 77%|███████▋  | 478/618 [07:40<02:12,  1.06it/s]
 78%|███████▊  | 479/618 [07:41<02:08,  1.08it/s]2026-09-18 17:33:12,309 INFO [rev_util_verifiability|paper_align|Qwen3-0.6B] step=479 epoch=2.3260

                                                 

 78%|███████▊  | 479/618 [07:41<02:08,  1.08it/s]2026-09-18 17:33:12,764 INFO [rev_util_verifiability|paper_align|Qwen3-0.6B] step=479 epoch=2.3260

                                                 

 78%|███████▊  | 479/618 [07:41<02:08,  1.08it/s]
 78%|███████▊  | 480/618 [07:42<02:07,  1.08it/s]2026-09-18 17:33:13,094 INFO [rev_util_verifiability|paper_align|Qwen3-0.6B] step=480 loss=0.7921 learning_rate=0.0000 epoch=2.3309

                                                 

 78%|███████▊  | 480/618 [07:42<02:07,  1.08it/s]2026-09-18 17:33:13,228 INFO [rev_util_verifiability|paper_align|Qwen3-0.6B] step=480 epoch=2.3309

                                                 

 78%|███████▊  | 480/618 [07:42<02:07,  1.08it/s]2026-09-18 17:33:13,622 INFO [rev_util_verifiability|paper_align|Qwen3-0.6B] step=480 epoch=2.3309

                                                 

 78%|███████▊  | 480/618 [07:42<02:07,  1.08it/s]
 78%|███████▊  | 481/618 [07:42<02:02,  1.12it/s]2026-09-18 17:33:14,038 INFO [rev_util_verifiability|paper_align|Qwen3-0.6B] step=481 epoch=2.3358

                                                 

 78%|███████▊  | 481/618 [07:43<02:02,  1.12it/s]2026-09-18 17:33:14,460 INFO [rev_util_verifiability|paper_align|Qwen3-0.6B] step=481 epoch=2.3358

                                                 

 78%|███████▊  | 481/618 [07:43<02:02,  1.12it/s]
 78%|███████▊  | 482/618 [07:43<02:01,  1.12it/s]2026-09-18 17:33:14,964 INFO [rev_util_verifiability|paper_align|Qwen3-0.6B] step=482 epoch=2.3406

                                                 

 78%|███████▊  | 482/618 [07:44<02:01,  1.12it/s]2026-09-18 17:33:15,417 INFO [rev_util_verifiability|paper_align|Qwen3-0.6B] step=482 epoch=2.3406

                                                 

 78%|███████▊  | 482/618 [07:44<02:01,  1.12it/s]
 78%|███████▊  | 483/618 [07:44<02:02,  1.10it/s]2026-09-18 17:33:15,875 INFO [rev_util_verifiability|paper_align|Qwen3-0.6B] step=483 epoch=2.3455

                                                 

 78%|███████▊  | 483/618 [07:44<02:02,  1.10it/s]2026-09-18 17:33:16,299 INFO [rev_util_verifiability|paper_align|Qwen3-0.6B] step=483 epoch=2.3455

                                                 

 78%|███████▊  | 483/618 [07:45<02:02,  1.10it/s]
 78%|███████▊  | 484/618 [07:45<01:59,  1.12it/s]2026-09-18 17:33:16,762 INFO [rev_util_verifiability|paper_align|Qwen3-0.6B] step=484 epoch=2.3504

                                                 

 78%|███████▊  | 484/618 [07:45<01:59,  1.12it/s]2026-09-18 17:33:17,509 INFO [rev_util_verifiability|paper_align|Qwen3-0.6B] step=484 epoch=2.3504

                                                 

 78%|███████▊  | 484/618 [07:46<01:59,  1.12it/s]
 78%|███████▊  | 485/618 [07:47<02:17,  1.03s/it]2026-09-18 17:33:18,130 INFO [rev_util_verifiability|paper_align|Qwen3-0.6B] step=485 epoch=2.3552

                                                 

 78%|███████▊  | 485/618 [07:47<02:17,  1.03s/it]2026-09-18 17:33:18,594 INFO [rev_util_verifiability|paper_align|Qwen3-0.6B] step=485 epoch=2.3552

                                                 

 78%|███████▊  | 485/618 [07:47<02:17,  1.03s/it]
 79%|███████▊  | 486/618 [07:47<02:11,  1.00it/s]2026-09-18 17:33:19,045 INFO [rev_util_verifiability|paper_align|Qwen3-0.6B] step=486 epoch=2.3601

                                                 

 79%|███████▊  | 486/618 [07:48<02:11,  1.00it/s]2026-09-18 17:33:19,539 INFO [rev_util_verifiability|paper_align|Qwen3-0.6B] step=486 epoch=2.3601

                                                 

 79%|███████▊  | 486/618 [07:48<02:11,  1.00it/s]
 79%|███████▉  | 487/618 [07:48<02:09,  1.01it/s]2026-09-18 17:33:19,971 INFO [rev_util_verifiability|paper_align|Qwen3-0.6B] step=487 epoch=2.3650

                                                 

 79%|███████▉  | 487/618 [07:49<02:09,  1.01it/s]2026-09-18 17:33:20,357 INFO [rev_util_verifiability|paper_align|Qwen3-0.6B] step=487 epoch=2.3650

                                                 

 79%|███████▉  | 487/618 [07:49<02:09,  1.01it/s]
 79%|███████▉  | 488/618 [07:49<02:01,  1.07it/s]2026-09-18 17:33:20,992 INFO [rev_util_verifiability|paper_align|Qwen3-0.6B] step=488 epoch=2.3698

                                                 

 79%|███████▉  | 488/618 [07:50<02:01,  1.07it/s]2026-09-18 17:33:21,525 INFO [rev_util_verifiability|paper_align|Qwen3-0.6B] step=488 epoch=2.3698

                                                 

 79%|███████▉  | 488/618 [07:50<02:01,  1.07it/s]
 79%|███████▉  | 489/618 [07:50<02:11,  1.02s/it]2026-09-18 17:33:22,008 INFO [rev_util_verifiability|paper_align|Qwen3-0.6B] step=489 epoch=2.3747

                                                 

 79%|███████▉  | 489/618 [07:51<02:11,  1.02s/it]2026-09-18 17:33:22,428 INFO [rev_util_verifiability|paper_align|Qwen3-0.6B] step=489 epoch=2.3747

                                                 

 79%|███████▉  | 489/618 [07:51<02:11,  1.02s/it]
 79%|███████▉  | 490/618 [07:51<02:06,  1.01it/s]2026-09-18 17:33:22,783 INFO [rev_util_verifiability|paper_align|Qwen3-0.6B] step=490 loss=0.8016 learning_rate=0.0000 epoch=2.3796

                                                 

 79%|███████▉  | 490/618 [07:51<02:06,  1.01it/s]2026-09-18 17:33:22,915 INFO [rev_util_verifiability|paper_align|Qwen3-0.6B] step=490 epoch=2.3796

                                                 

 79%|███████▉  | 490/618 [07:51<02:06,  1.01it/s]2026-09-18 17:33:23,326 INFO [rev_util_verifiability|paper_align|Qwen3-0.6B] step=490 epoch=2.3796

                                                 

 79%|███████▉  | 490/618 [07:52<02:06,  1.01it/s]
 79%|███████▉  | 491/618 [07:52<02:00,  1.05it/s]2026-09-18 17:33:23,808 INFO [rev_util_verifiability|paper_align|Qwen3-0.6B] step=491 epoch=2.3844

                                                 

 79%|███████▉  | 491/618 [07:52<02:00,  1.05it/s]2026-09-18 17:33:24,294 INFO [rev_util_verifiability|paper_align|Qwen3-0.6B] step=491 epoch=2.3844

                                                 

 79%|███████▉  | 491/618 [07:53<02:00,  1.05it/s]
 80%|███████▉  | 492/618 [07:53<02:00,  1.04it/s]2026-09-18 17:33:24,751 INFO [rev_util_verifiability|paper_align|Qwen3-0.6B] step=492 epoch=2.3893

                                                 

 80%|███████▉  | 492/618 [07:53<02:00,  1.04it/s]2026-09-18 17:33:25,156 INFO [rev_util_verifiability|paper_align|Qwen3-0.6B] step=492 epoch=2.3893

                                                 

 80%|███████▉  | 492/618 [07:54<02:00,  1.04it/s]
 80%|███████▉  | 493/618 [07:54<01:55,  1.08it/s]2026-09-18 17:33:25,627 INFO [rev_util_verifiability|paper_align|Qwen3-0.6B] step=493 epoch=2.3942

                                                 

 80%|███████▉  | 493/618 [07:54<01:55,  1.08it/s]2026-09-18 17:33:26,067 INFO [rev_util_verifiability|paper_align|Qwen3-0.6B] step=493 epoch=2.3942

                                                 
{'paper_align_label_loss': '0.1264', 'paper_align_reason_loss': '0.657', 'epoch': '2.19'}
{'paper_align_label_loss': '0.04396', 'paper_align_reason_loss': '0.8713', 'epoch': '2.195'}
{'paper_align_label_loss': '0.03455', 'paper_align_reason_loss': '0.8508', 'epoch': '2.195'}
{'paper_align_label_loss': '0.1613', 'paper_align_reason_loss': '0.7381', 'epoch': '2.2'}
{'paper_align_label_loss': '0.007764', 'paper_align_reason_loss': '0.8405', 'epoch': '2.2'}
{'paper_align_label_loss': '0.02865', 'paper_align_reason_loss': '0.7286', 'epoch': '2.204'}
{'paper_align_label_loss': '0.0753', 'paper_align_reason_loss': '0.6728', 'epoch': '2.204'}
{'paper_align_label_loss': '0.06751', 'paper_align_reason_loss': '0.7647', 'epoch': '2.209'}
{'paper_align_label_loss': '0.03478', 'paper_align_reason_loss': '0.7407', 'epoch': '2.209'}
{'paper_align_label_loss': '0.004606', 'paper_align_reason_loss': '0.5695', 'epoch': '2.214'}
{'paper_align_label_loss': '0.01743', 'paper_align_reason_loss': '0.9681', 'epoch': '2.214'}
{'paper_align_label_loss': '0.01606', 'paper_align_reason_loss': '0.8655', 'epoch': '2.219'}
{'paper_align_label_loss': '0.01705', 'paper_align_reason_loss': '0.6138', 'epoch': '2.219'}
{'paper_align_label_loss': '0.03849', 'paper_align_reason_loss': '0.8664', 'epoch': '2.224'}
{'paper_align_label_loss': '0.03634', 'paper_align_reason_loss': '0.6779', 'epoch': '2.224'}
{'paper_align_label_loss': '0.03852', 'paper_align_reason_loss': '0.6395', 'epoch': '2.229'}
{'paper_align_label_loss': '0.1133', 'paper_align_reason_loss': '0.9643', 'epoch': '2.229'}
{'loss': '0.8108', 'grad_norm': '2.161', 'learning_rate': '1.64e-05', 'epoch': '2.234'}
{'paper_align_label_loss': '0.01178', 'paper_align_reason_loss': '0.7829', 'epoch': '2.234'}
{'paper_align_label_loss': '0.00839', 'paper_align_reason_loss': '0.6252', 'epoch': '2.234'}
{'paper_align_label_loss': '0.005325', 'paper_align_reason_loss': '0.8057', 'epoch': '2.238'}
{'paper_align_label_loss': '0.09065', 'paper_align_reason_loss': '0.927', 'epoch': '2.238'}
{'paper_align_label_loss': '0.04912', 'paper_align_reason_loss': '0.7935', 'epoch': '2.243'}
{'paper_align_label_loss': '0.02311', 'paper_align_reason_loss': '0.8399', 'epoch': '2.243'}
{'paper_align_label_loss': '0.08326', 'paper_align_reason_loss': '0.9176', 'epoch': '2.248'}
{'paper_align_label_loss': '0.0174', 'paper_align_reason_loss': '0.8871', 'epoch': '2.248'}
{'paper_align_label_loss': '0.0003853', 'paper_align_reason_loss': '0.5234', 'epoch': '2.253'}
{'paper_align_label_loss': '0.03962', 'paper_align_reason_loss': '0.8029', 'epoch': '2.253'}
{'paper_align_label_loss': '0.02669', 'paper_align_reason_loss': '0.8049', 'epoch': '2.258'}
{'paper_align_label_loss': '0.02729', 'paper_align_reason_loss': '0.6839', 'epoch': '2.258'}
{'paper_align_label_loss': '0.02229', 'paper_align_reason_loss': '0.7694', 'epoch': '2.263'}
{'paper_align_label_loss': '0.1392', 'paper_align_reason_loss': '0.9015', 'epoch': '2.263'}
{'paper_align_label_loss': '0.1372', 'paper_align_reason_loss': '0.8389', 'epoch': '2.268'}
{'paper_align_label_loss': '0.04562', 'paper_align_reason_loss': '0.7049', 'epoch': '2.268'}
{'paper_align_label_loss': '0.07801', 'paper_align_reason_loss': '0.9495', 'epoch': '2.273'}
{'paper_align_label_loss': '0.0571', 'paper_align_reason_loss': '0.8448', 'epoch': '2.273'}
{'paper_align_label_loss': '0.05785', 'paper_align_reason_loss': '0.6107', 'epoch': '2.277'}
{'paper_align_label_loss': '0.07346', 'paper_align_reason_loss': '0.7044', 'epoch': '2.277'}
{'loss': '0.8356', 'grad_norm': '2.066', 'learning_rate': '1.451e-05', 'epoch': '2.282'}
{'paper_align_label_loss': '0.01424', 'paper_align_reason_loss': '0.7913', 'epoch': '2.282'}
{'paper_align_label_loss': '0.03548', 'paper_align_reason_loss': '0.6815', 'epoch': '2.282'}
{'paper_align_label_loss': '0.01677', 'paper_align_reason_loss': '0.6772', 'epoch': '2.287'}
{'paper_align_label_loss': '0.01504', 'paper_align_reason_loss': '0.6657', 'epoch': '2.287'}
{'paper_align_label_loss': '0.007519', 'paper_align_reason_loss': '0.7695', 'epoch': '2.292'}
{'paper_align_label_loss': '0.01321', 'paper_align_reason_loss': '0.7374', 'epoch': '2.292'}
{'paper_align_label_loss': '0.03083', 'paper_align_reason_loss': '0.8682', 'epoch': '2.297'}
{'paper_align_label_loss': '0.08985', 'paper_align_reason_loss': '0.9082', 'epoch': '2.297'}
{'paper_align_label_loss': '0.01324', 'paper_align_reason_loss': '0.889', 'epoch': '2.302'}
{'paper_align_label_loss': '0.1132', 'paper_align_reason_loss': '0.8151', 'epoch': '2.302'}
{'paper_align_label_loss': '0.008478', 'paper_align_reason_loss': '0.7994', 'epoch': '2.307'}
{'paper_align_label_loss': '0.01991', 'paper_align_reason_loss': '0.5685', 'epoch': '2.307'}
{'paper_align_label_loss': '0.03287', 'paper_align_reason_loss': '0.8009', 'epoch': '2.311'}
{'paper_align_label_loss': '0.02911', 'paper_align_reason_loss': '0.9183', 'epoch': '2.311'}
{'paper_align_label_loss': '0.03153', 'paper_align_reason_loss': '0.5358', 'epoch': '2.316'}
{'paper_align_label_loss': '0.0587', 'paper_align_reason_loss': '0.591', 'epoch': '2.316'}
{'paper_align_label_loss': '0.03616', 'paper_align_reason_loss': '0.8326', 'epoch': '2.321'}
{'paper_align_label_loss': '0.1424', 'paper_align_reason_loss': '0.7554', 'epoch': '2.321'}
{'paper_align_label_loss': '0.001035', 'paper_align_reason_loss': '0.7198', 'epoch': '2.326'}
{'paper_align_label_loss': '0.02966', 'paper_align_reason_loss': '0.7784', 'epoch': '2.326'}
{'loss': '0.7921', 'grad_norm': '1.502', 'learning_rate': '1.271e-05', 'epoch': '2.331'}
{'paper_align_label_loss': '0.07493', 'paper_align_reason_loss': '0.8373', 'epoch': '2.331'}
{'paper_align_label_loss': '0.01972', 'paper_align_reason_loss': '0.641', 'epoch': '2.331'}
{'paper_align_label_loss': '0.03063', 'paper_align_reason_loss': '0.5805', 'epoch': '2.336'}
{'paper_align_label_loss': '0.009452', 'paper_align_reason_loss': '0.7092', 'epoch': '2.336'}
{'paper_align_label_loss': '0.02903', 'paper_align_reason_loss': '0.7906', 'epoch': '2.341'}
{'paper_align_label_loss': '0.07947', 'paper_align_reason_loss': '0.8305', 'epoch': '2.341'}
{'paper_align_label_loss': '0.003004', 'paper_align_reason_loss': '0.6111', 'epoch': '2.345'}
{'paper_align_label_loss': '0.04721', 'paper_align_reason_loss': '0.7834', 'epoch': '2.345'}
{'paper_align_label_loss': '0.005206', 'paper_align_reason_loss': '0.5723', 'epoch': '2.35'}
{'paper_align_label_loss': '0.08312', 'paper_align_reason_loss': '0.7551', 'epoch': '2.35'}
{'paper_align_label_loss': '0.01834', 'paper_align_reason_loss': '0.886', 'epoch': '2.355'}
{'paper_align_label_loss': '0.02452', 'paper_align_reason_loss': '0.7953', 'epoch': '2.355'}
{'paper_align_label_loss': '0.02061', 'paper_align_reason_loss': '0.9557', 'epoch': '2.36'}
{'paper_align_label_loss': '0.06532', 'paper_align_reason_loss': '0.7898', 'epoch': '2.36'}
{'paper_align_label_loss': '0.01284', 'paper_align_reason_loss': '0.6022', 'epoch': '2.365'}
{'paper_align_label_loss': '0.1211', 'paper_align_reason_loss': '0.8644', 'epoch': '2.365'}
{'paper_align_label_loss': '0.01416', 'paper_align_reason_loss': '0.6295', 'epoch': '2.37'}
{'paper_align_label_loss': '0.1527', 'paper_align_reason_loss': '0.9273', 'epoch': '2.37'}
{'paper_align_label_loss': '0.005764', 'paper_align_reason_loss': '0.5612', 'epoch': '2.375'}
{'paper_align_label_loss': '0.1814', 'paper_align_reason_loss': '0.9118', 'epoch': '2.375'}
{'loss': '0.8016', 'grad_norm': '2.38', 'learning_rate': '1.101e-05', 'epoch': '2.38'}
{'paper_align_label_loss': '0.09354', 'paper_align_reason_loss': '0.5429', 'epoch': '2.38'}
{'paper_align_label_loss': '0.0514', 'paper_align_reason_loss': '0.5845', 'epoch': '2.38'}
{'paper_align_label_loss': '0.08256', 'paper_align_reason_loss': '0.781', 'epoch': '2.384'}
{'paper_align_label_loss': '0.02469', 'paper_align_reason_loss': '0.867', 'epoch': '2.384'}
{'paper_align_label_loss': '0.01358', 'paper_align_reason_loss': '0.6014', 'epoch': '2.389'}
{'paper_align_label_loss': '0.04736', 'paper_align_reason_loss': '0.7523', 'epoch': '2.389'}
{'paper_align_label_loss': '0.006851', 'paper_align_reason_loss': '0.5761', 'epoch': '2.394'}

 80%|███████▉  | 493/618 [07:55<01:55,  1.08it/s]
 80%|███████▉  | 494/618 [07:55<01:53,  1.10it/s]2026-09-18 17:33:26,492 INFO [rev_util_verifiability|paper_align|Qwen3-0.6B] step=494 epoch=2.3990

                                                 

 80%|███████▉  | 494/618 [07:55<01:53,  1.10it/s]2026-09-18 17:33:26,921 INFO [rev_util_verifiability|paper_align|Qwen3-0.6B] step=494 epoch=2.3990

                                                 

 80%|███████▉  | 494/618 [07:55<01:53,  1.10it/s]
 80%|████████  | 495/618 [07:56<01:50,  1.11it/s]2026-09-18 17:33:27,370 INFO [rev_util_verifiability|paper_align|Qwen3-0.6B] step=495 epoch=2.4039

                                                 

 80%|████████  | 495/618 [07:56<01:50,  1.11it/s]2026-09-18 17:33:27,796 INFO [rev_util_verifiability|paper_align|Qwen3-0.6B] step=495 epoch=2.4039

                                                 

 80%|████████  | 495/618 [07:56<01:50,  1.11it/s]
 80%|████████  | 496/618 [07:57<01:47,  1.13it/s]2026-09-18 17:33:28,215 INFO [rev_util_verifiability|paper_align|Qwen3-0.6B] step=496 epoch=2.4088

                                                 

 80%|████████  | 496/618 [07:57<01:47,  1.13it/s]2026-09-18 17:33:28,632 INFO [rev_util_verifiability|paper_align|Qwen3-0.6B] step=496 epoch=2.4088

                                                 

 80%|████████  | 496/618 [07:57<01:47,  1.13it/s]
 80%|████████  | 497/618 [07:57<01:45,  1.15it/s]2026-09-18 17:33:29,060 INFO [rev_util_verifiability|paper_align|Qwen3-0.6B] step=497 epoch=2.4136

                                                 

 80%|████████  | 497/618 [07:58<01:45,  1.15it/s]2026-09-18 17:33:29,498 INFO [rev_util_verifiability|paper_align|Qwen3-0.6B] step=497 epoch=2.4136

                                                 

 80%|████████  | 497/618 [07:58<01:45,  1.15it/s]
 81%|████████  | 498/618 [07:58<01:45,  1.14it/s]2026-09-18 17:33:30,133 INFO [rev_util_verifiability|paper_align|Qwen3-0.6B] step=498 epoch=2.4185

                                                 

 81%|████████  | 498/618 [07:59<01:45,  1.14it/s]2026-09-18 17:33:30,546 INFO [rev_util_verifiability|paper_align|Qwen3-0.6B] step=498 epoch=2.4185

                                                 

 81%|████████  | 498/618 [07:59<01:45,  1.14it/s]
 81%|████████  | 499/618 [07:59<01:50,  1.07it/s]2026-09-18 17:33:31,002 INFO [rev_util_verifiability|paper_align|Qwen3-0.6B] step=499 epoch=2.4234

                                                 

 81%|████████  | 499/618 [08:00<01:50,  1.07it/s]2026-09-18 17:33:31,409 INFO [rev_util_verifiability|paper_align|Qwen3-0.6B] step=499 epoch=2.4234

                                                 

 81%|████████  | 499/618 [08:00<01:50,  1.07it/s]
 81%|████████  | 500/618 [08:00<01:46,  1.11it/s]2026-09-18 17:33:31,696 INFO [rev_util_verifiability|paper_align|Qwen3-0.6B] step=500 loss=0.7581 learning_rate=0.0000 epoch=2.4282

                                                 

 81%|████████  | 500/618 [08:00<01:46,  1.11it/s]2026-09-18 17:33:31,867 INFO [rev_util_verifiability|paper_align|Qwen3-0.6B] step=500 epoch=2.4282

                                                 

 81%|████████  | 500/618 [08:00<01:46,  1.11it/s]2026-09-18 17:33:32,361 INFO [rev_util_verifiability|paper_align|Qwen3-0.6B] step=500 epoch=2.4282

                                                 

 81%|████████  | 500/618 [08:01<01:46,  1.11it/s]
 81%|████████  | 501/618 [08:01<01:49,  1.07it/s]2026-09-18 17:33:32,856 INFO [rev_util_verifiability|paper_align|Qwen3-0.6B] step=501 epoch=2.4331

                                                 

 81%|████████  | 501/618 [08:01<01:49,  1.07it/s]2026-09-18 17:33:33,265 INFO [rev_util_verifiability|paper_align|Qwen3-0.6B] step=501 epoch=2.4331

                                                 

 81%|████████  | 501/618 [08:02<01:49,  1.07it/s]
 81%|████████  | 502/618 [08:02<01:44,  1.11it/s]2026-09-18 17:33:33,670 INFO [rev_util_verifiability|paper_align|Qwen3-0.6B] step=502 epoch=2.4380

                                                 

 81%|████████  | 502/618 [08:02<01:44,  1.11it/s]2026-09-18 17:33:34,120 INFO [rev_util_verifiability|paper_align|Qwen3-0.6B] step=502 epoch=2.4380

                                                 

 81%|████████  | 502/618 [08:03<01:44,  1.11it/s]
 81%|████████▏ | 503/618 [08:03<01:44,  1.10it/s]2026-09-18 17:33:34,621 INFO [rev_util_verifiability|paper_align|Qwen3-0.6B] step=503 epoch=2.4428

                                                 

 81%|████████▏ | 503/618 [08:03<01:44,  1.10it/s]2026-09-18 17:33:35,080 INFO [rev_util_verifiability|paper_align|Qwen3-0.6B] step=503 epoch=2.4428

                                                 

 81%|████████▏ | 503/618 [08:04<01:44,  1.10it/s]
 82%|████████▏ | 504/618 [08:04<01:42,  1.11it/s]2026-09-18 17:33:35,489 INFO [rev_util_verifiability|paper_align|Qwen3-0.6B] step=504 epoch=2.4477

                                                 

 82%|████████▏ | 504/618 [08:04<01:42,  1.11it/s]2026-09-18 17:33:35,899 INFO [rev_util_verifiability|paper_align|Qwen3-0.6B] step=504 epoch=2.4477

                                                 

 82%|████████▏ | 504/618 [08:04<01:42,  1.11it/s]
 82%|████████▏ | 505/618 [08:05<01:42,  1.11it/s]2026-09-18 17:33:36,424 INFO [rev_util_verifiability|paper_align|Qwen3-0.6B] step=505 epoch=2.4526

                                                 

 82%|████████▏ | 505/618 [08:05<01:42,  1.11it/s]2026-09-18 17:33:36,918 INFO [rev_util_verifiability|paper_align|Qwen3-0.6B] step=505 epoch=2.4526

                                                 

 82%|████████▏ | 505/618 [08:05<01:42,  1.11it/s]
 82%|████████▏ | 506/618 [08:06<01:43,  1.08it/s]2026-09-18 17:33:37,379 INFO [rev_util_verifiability|paper_align|Qwen3-0.6B] step=506 epoch=2.4574

                                                 

 82%|████████▏ | 506/618 [08:06<01:43,  1.08it/s]2026-09-18 17:33:37,821 INFO [rev_util_verifiability|paper_align|Qwen3-0.6B] step=506 epoch=2.4574

                                                 

 82%|████████▏ | 506/618 [08:06<01:43,  1.08it/s]
 82%|████████▏ | 507/618 [08:07<01:41,  1.10it/s]2026-09-18 17:33:38,267 INFO [rev_util_verifiability|paper_align|Qwen3-0.6B] step=507 epoch=2.4623

                                                 

 82%|████████▏ | 507/618 [08:07<01:41,  1.10it/s]2026-09-18 17:33:38,629 INFO [rev_util_verifiability|paper_align|Qwen3-0.6B] step=507 epoch=2.4623

                                                 

 82%|████████▏ | 507/618 [08:07<01:41,  1.10it/s]
 82%|████████▏ | 508/618 [08:07<01:37,  1.13it/s]2026-09-18 17:33:39,108 INFO [rev_util_verifiability|paper_align|Qwen3-0.6B] step=508 epoch=2.4672

                                                 

 82%|████████▏ | 508/618 [08:08<01:37,  1.13it/s]2026-09-18 17:33:39,807 INFO [rev_util_verifiability|paper_align|Qwen3-0.6B] step=508 epoch=2.4672

                                                 

 82%|████████▏ | 508/618 [08:08<01:37,  1.13it/s]
 82%|████████▏ | 509/618 [08:09<01:46,  1.02it/s]2026-09-18 17:33:40,268 INFO [rev_util_verifiability|paper_align|Qwen3-0.6B] step=509 epoch=2.4720

                                                 

 82%|████████▏ | 509/618 [08:09<01:46,  1.02it/s]2026-09-18 17:33:40,684 INFO [rev_util_verifiability|paper_align|Qwen3-0.6B] step=509 epoch=2.4720

                                                 

 82%|████████▏ | 509/618 [08:09<01:46,  1.02it/s]
 83%|████████▎ | 510/618 [08:10<01:42,  1.05it/s]2026-09-18 17:33:41,016 INFO [rev_util_verifiability|paper_align|Qwen3-0.6B] step=510 loss=0.8596 learning_rate=0.0000 epoch=2.4769

                                                 

 83%|████████▎ | 510/618 [08:10<01:42,  1.05it/s]2026-09-18 17:33:41,163 INFO [rev_util_verifiability|paper_align|Qwen3-0.6B] step=510 epoch=2.4769

                                                 

 83%|████████▎ | 510/618 [08:10<01:42,  1.05it/s]2026-09-18 17:33:41,635 INFO [rev_util_verifiability|paper_align|Qwen3-0.6B] step=510 epoch=2.4769

                                                 

 83%|████████▎ | 510/618 [08:10<01:42,  1.05it/s]
 83%|████████▎ | 511/618 [08:11<01:43,  1.03it/s]2026-09-18 17:33:42,162 INFO [rev_util_verifiability|paper_align|Qwen3-0.6B] step=511 epoch=2.4818

                                                 

 83%|████████▎ | 511/618 [08:11<01:43,  1.03it/s]2026-09-18 17:33:42,561 INFO [rev_util_verifiability|paper_align|Qwen3-0.6B] step=511 epoch=2.4818

                                                 

 83%|████████▎ | 511/618 [08:11<01:43,  1.03it/s]
 83%|████████▎ | 512/618 [08:11<01:38,  1.07it/s]2026-09-18 17:33:43,028 INFO [rev_util_verifiability|paper_align|Qwen3-0.6B] step=512 epoch=2.4866

                                                 

 83%|████████▎ | 512/618 [08:12<01:38,  1.07it/s]2026-09-18 17:33:43,447 INFO [rev_util_verifiability|paper_align|Qwen3-0.6B] step=512 epoch=2.4866

                                                 

 83%|████████▎ | 512/618 [08:12<01:38,  1.07it/s]
 83%|████████▎ | 513/618 [08:12<01:34,  1.12it/s]2026-09-18 17:33:43,847 INFO [rev_util_verifiability|paper_align|Qwen3-0.6B] step=513 epoch=2.4915

                                                 

 83%|████████▎ | 513/618 [08:12<01:34,  1.12it/s]2026-09-18 17:33:44,341 INFO [rev_util_verifiability|paper_align|Qwen3-0.6B] step=513 epoch=2.4915

                                                 

 83%|████████▎ | 513/618 [08:13<01:34,  1.12it/s]
 83%|████████▎ | 514/618 [08:13<01:36,  1.08it/s]2026-09-18 17:33:44,829 INFO [rev_util_verifiability|paper_align|Qwen3-0.6B] step=514 epoch=2.4964

                                                 

 83%|████████▎ | 514/618 [08:13<01:36,  1.08it/s]2026-09-18 17:33:45,269 INFO [rev_util_verifiability|paper_align|Qwen3-0.6B] step=514 epoch=2.4964

                                                 

 83%|████████▎ | 514/618 [08:14<01:36,  1.08it/s]
 83%|████████▎ | 515/618 [08:14<01:34,  1.09it/s]2026-09-18 17:33:45,723 INFO [rev_util_verifiability|paper_align|Qwen3-0.6B] step=515 epoch=2.5012

                                                 

 83%|████████▎ | 515/618 [08:14<01:34,  1.09it/s]2026-09-18 17:33:46,167 INFO [rev_util_verifiability|paper_align|Qwen3-0.6B] step=515 epoch=2.5012

                                                 

 83%|████████▎ | 515/618 [08:15<01:34,  1.09it/s]
 83%|████████▎ | 516/618 [08:15<01:34,  1.08it/s]2026-09-18 17:33:46,657 INFO [rev_util_verifiability|paper_align|Qwen3-0.6B] step=516 epoch=2.5061

                                                 

 83%|████████▎ | 516/618 [08:15<01:34,  1.08it/s]2026-09-18 17:33:47,073 INFO [rev_util_verifiability|paper_align|Qwen3-0.6B] step=516 epoch=2.5061

                                                 

 83%|████████▎ | 516/618 [08:16<01:34,  1.08it/s]
 84%|████████▎ | 517/618 [08:16<01:31,  1.10it/s]2026-09-18 17:33:47,517 INFO [rev_util_verifiability|paper_align|Qwen3-0.6B] step=517 epoch=2.5109

                                                 

 84%|████████▎ | 517/618 [08:16<01:31,  1.10it/s]2026-09-18 17:33:47,893 INFO [rev_util_verifiability|paper_align|Qwen3-0.6B] step=517 epoch=2.5109

                                                 

 84%|████████▎ | 517/618 [08:16<01:31,  1.10it/s]
 84%|████████▍ | 518/618 [08:17<01:28,  1.13it/s]2026-09-18 17:33:48,380 INFO [rev_util_verifiability|paper_align|Qwen3-0.6B] step=518 epoch=2.5158

                                                 

 84%|████████▍ | 518/618 [08:17<01:28,  1.13it/s]2026-09-18 17:33:48,993 INFO [rev_util_verifiability|paper_align|Qwen3-0.6B] step=518 epoch=2.5158

                                                 

 84%|████████▍ | 518/618 [08:18<01:28,  1.13it/s]
 84%|████████▍ | 519/618 [08:18<01:34,  1.05it/s]2026-09-18 17:33:49,474 INFO [rev_util_verifiability|paper_align|Qwen3-0.6B] step=519 epoch=2.5207

                                                 

 84%|████████▍ | 519/618 [08:18<01:34,  1.05it/s]2026-09-18 17:33:49,886 INFO [rev_util_verifiability|paper_align|Qwen3-0.6B] step=519 epoch=2.5207

                                                 

 84%|████████▍ | 519/618 [08:18<01:34,  1.05it/s]
 84%|████████▍ | 520/618 [08:19<01:31,  1.07it/s]2026-09-18 17:33:50,241 INFO [rev_util_verifiability|paper_align|Qwen3-0.6B] step=520 loss=0.8545 learning_rate=0.0000 epoch=2.5255

                                                 

 84%|████████▍ | 520/618 [08:19<01:31,  1.07it/s]2026-09-18 17:33:50,373 INFO [rev_util_verifiability|paper_align|Qwen3-0.6B] step=520 epoch=2.5255

                                                 

 84%|████████▍ | 520/618 [08:19<01:31,  1.07it/s]2026-09-18 17:33:50,807 INFO [rev_util_verifiability|paper_align|Qwen3-0.6B] step=520 epoch=2.5255

                                                 

 84%|████████▍ | 520/618 [08:19<01:31,  1.07it/s]
 84%|████████▍ | 521/618 [08:20<01:31,  1.07it/s]2026-09-18 17:33:51,342 INFO [rev_util_verifiability|paper_align|Qwen3-0.6B] step=521 epoch=2.5304

                                                 

 84%|████████▍ | 521/618 [08:20<01:31,  1.07it/s]2026-09-18 17:33:51,797 INFO [rev_util_verifiability|paper_align|Qwen3-0.6B] step=521 epoch=2.5304

                                                 

 84%|████████▍ | 521/618 [08:20<01:31,  1.07it/s]
 84%|████████▍ | 522/618 [08:21<01:28,  1.09it/s]2026-09-18 17:33:52,197 INFO [rev_util_verifiability|paper_align|Qwen3-0.6B] step=522 epoch=2.5353

                                                 

 84%|████████▍ | 522/618 [08:21<01:28,  1.09it/s]2026-09-18 17:33:52,645 INFO [rev_util_verifiability|paper_align|Qwen3-0.6B] step=522 epoch=2.5353

                                                 

 84%|████████▍ | 522/618 [08:21<01:28,  1.09it/s]
 85%|████████▍ | 523/618 [08:22<01:28,  1.08it/s]2026-09-18 17:33:53,171 INFO [rev_util_verifiability|paper_align|Qwen3-0.6B] step=523 epoch=2.5401

                                                 

 85%|████████▍ | 523/618 [08:22<01:28,  1.08it/s]2026-09-18 17:33:53,655 INFO [rev_util_verifiability|paper_align|Qwen3-0.6B] step=523 epoch=2.5401

                                                 

 85%|████████▍ | 523/618 [08:22<01:28,  1.08it/s]
 85%|████████▍ | 524/618 [08:22<01:27,  1.08it/s]2026-09-18 17:33:54,095 INFO [rev_util_verifiability|paper_align|Qwen3-0.6B] step=524 epoch=2.5450

                                                 

 85%|████████▍ | 524/618 [08:23<01:27,  1.08it/s]2026-09-18 17:33:54,598 INFO [rev_util_verifiability|paper_align|Qwen3-0.6B] step=524 epoch=2.5450

                                                 

 85%|████████▍ | 524/618 [08:23<01:27,  1.08it/s]
 85%|████████▍ | 525/618 [08:23<01:28,  1.05it/s]2026-09-18 17:33:55,091 INFO [rev_util_verifiability|paper_align|Qwen3-0.6B] step=525 epoch=2.5499

                                                 

 85%|████████▍ | 525/618 [08:24<01:28,  1.05it/s]2026-09-18 17:33:55,572 INFO [rev_util_verifiability|paper_align|Qwen3-0.6B] step=525 epoch=2.5499

                                                 

 85%|████████▍ | 525/618 [08:24<01:28,  1.05it/s]
 85%|████████▌ | 526/618 [08:24<01:27,  1.05it/s]2026-09-18 17:33:56,055 INFO [rev_util_verifiability|paper_align|Qwen3-0.6B] step=526 epoch=2.5547

                                                 

 85%|████████▌ | 526/618 [08:25<01:27,  1.05it/s]2026-09-18 17:33:56,510 INFO [rev_util_verifiability|paper_align|Qwen3-0.6B] step=526 epoch=2.5547

                                                 

 85%|████████▌ | 526/618 [08:25<01:27,  1.05it/s]
 85%|████████▌ | 527/618 [08:25<01:26,  1.05it/s]2026-09-18 17:33:56,987 INFO [rev_util_verifiability|paper_align|Qwen3-0.6B] step=527 epoch=2.5596

                                                 

 85%|████████▌ | 527/618 [08:26<01:26,  1.05it/s]2026-09-18 17:33:57,426 INFO [rev_util_verifiability|paper_align|Qwen3-0.6B] step=527 epoch=2.5596

                                                 

 85%|████████▌ | 527/618 [08:26<01:26,  1.05it/s]
 85%|████████▌ | 528/618 [08:26<01:23,  1.08it/s]2026-09-18 17:33:57,840 INFO [rev_util_verifiability|paper_align|Qwen3-0.6B] step=528 epoch=2.5645

                                                 

 85%|████████▌ | 528/618 [08:26<01:23,  1.08it/s]2026-09-18 17:33:58,267 INFO [rev_util_verifiability|paper_align|Qwen3-0.6B] step=528 epoch=2.5645

                                                 

 85%|████████▌ | 528/618 [08:27<01:23,  1.08it/s]
 86%|████████▌ | 529/618 [08:27<01:20,  1.10it/s]2026-09-18 17:33:58,872 INFO [rev_util_verifiability|paper_align|Qwen3-0.6B] step=529 epoch=2.5693

                                                 

 86%|████████▌ | 529/618 [08:27<01:20,  1.10it/s]2026-09-18 17:33:59,303 INFO [rev_util_verifiability|paper_align|Qwen3-0.6B] step=529 epoch=2.5693

                                                 

 86%|████████▌ | 529/618 [08:28<01:20,  1.10it/s]
 86%|████████▌ | 530/618 [08:28<01:25,  1.03it/s]2026-09-18 17:33:59,707 INFO [rev_util_verifiability|paper_align|Qwen3-0.6B] step=530 loss=0.8004 learning_rate=0.0000 epoch=2.5742

                                                 

 86%|████████▌ | 530/618 [08:28<01:25,  1.03it/s]2026-09-18 17:33:59,863 INFO [rev_util_verifiability|paper_align|Qwen3-0.6B] step=530 epoch=2.5742

                                                 

 86%|████████▌ | 530/618 [08:28<01:25,  1.03it/s]2026-09-18 17:34:00,358 INFO [rev_util_verifiability|paper_align|Qwen3-0.6B] step=530 epoch=2.5742

                                                 

 86%|████████▌ | 530/618 [08:29<01:25,  1.03it/s]
 86%|████████▌ | 531/618 [08:29<01:25,  1.01it/s]2026-09-18 17:34:00,861 INFO [rev_util_verifiability|paper_align|Qwen3-0.6B] step=531 epoch=2.5791

                                                 

 86%|████████▌ | 531/618 [08:29<01:25,  1.01it/s]2026-09-18 17:34:01,318 INFO [rev_util_verifiability|paper_align|Qwen3-0.6B] step=531 epoch=2.5791

                                                 

 86%|████████▌ | 531/618 [08:30<01:25,  1.01it/s]
 86%|████████▌ | 532/618 [08:30<01:23,  1.03it/s]2026-09-18 17:34:01,782 INFO [rev_util_verifiability|paper_align|Qwen3-0.6B] step=532 epoch=2.5839

                                                 

 86%|████████▌ | 532/618 [08:30<01:23,  1.03it/s]2026-09-18 17:34:02,228 INFO [rev_util_verifiability|paper_align|Qwen3-0.6B] step=532 epoch=2.5839

                                                 

 86%|████████▌ | 532/618 [08:31<01:23,  1.03it/s]
 86%|████████▌ | 533/618 [08:31<01:20,  1.05it/s]2026-09-18 17:34:02,709 INFO [rev_util_verifiability|paper_align|Qwen3-0.6B] step=533 epoch=2.5888

                                                 

 86%|████████▌ | 533/618 [08:31<01:20,  1.05it/s]2026-09-18 17:34:03,198 INFO [rev_util_verifiability|paper_align|Qwen3-0.6B] step=533 epoch=2.5888

                                                 

 86%|████████▌ | 533/618 [08:32<01:20,  1.05it/s]
 86%|████████▋ | 534/618 [08:32<01:20,  1.05it/s]2026-09-18 17:34:03,681 INFO [rev_util_verifiability|paper_align|Qwen3-0.6B] step=534 epoch=2.5937

                                                 

 86%|████████▋ | 534/618 [08:32<01:20,  1.05it/s]2026-09-18 17:34:04,148 INFO [rev_util_verifiability|paper_align|Qwen3-0.6B] step=534 epoch=2.5937

                                                 

 86%|████████▋ | 534/618 [08:33<01:20,  1.05it/s]
 87%|████████▋ | 535/618 [08:33<01:18,  1.06it/s]2026-09-18 17:34:04,614 INFO [rev_util_verifiability|paper_align|Qwen3-0.6B] step=535 epoch=2.5985

                                                 

 87%|████████▋ | 535/618 [08:33<01:18,  1.06it/s]2026-09-18 17:34:05,110 INFO [rev_util_verifiability|paper_align|Qwen3-0.6B] step=535 epoch=2.5985

                                                 
{'paper_align_label_loss': '0.01656', 'paper_align_reason_loss': '0.6049', 'epoch': '2.394'}
{'paper_align_label_loss': '0.02398', 'paper_align_reason_loss': '0.7627', 'epoch': '2.399'}
{'paper_align_label_loss': '0.09101', 'paper_align_reason_loss': '0.8785', 'epoch': '2.399'}
{'paper_align_label_loss': '0.01564', 'paper_align_reason_loss': '0.746', 'epoch': '2.404'}
{'paper_align_label_loss': '0.04008', 'paper_align_reason_loss': '0.7228', 'epoch': '2.404'}
{'paper_align_label_loss': '0.04934', 'paper_align_reason_loss': '0.7102', 'epoch': '2.409'}
{'paper_align_label_loss': '0.03137', 'paper_align_reason_loss': '0.6039', 'epoch': '2.409'}
{'paper_align_label_loss': '0.06793', 'paper_align_reason_loss': '0.8709', 'epoch': '2.414'}
{'paper_align_label_loss': '0.06917', 'paper_align_reason_loss': '0.7624', 'epoch': '2.414'}
{'paper_align_label_loss': '0.01107', 'paper_align_reason_loss': '0.6707', 'epoch': '2.418'}
{'paper_align_label_loss': '0.01918', 'paper_align_reason_loss': '0.9327', 'epoch': '2.418'}
{'paper_align_label_loss': '0.118', 'paper_align_reason_loss': '0.6686', 'epoch': '2.423'}
{'paper_align_label_loss': '0.008684', 'paper_align_reason_loss': '0.6406', 'epoch': '2.423'}
{'loss': '0.7581', 'grad_norm': '2.037', 'learning_rate': '9.426e-06', 'epoch': '2.428'}
{'paper_align_label_loss': '0.08693', 'paper_align_reason_loss': '1.01', 'epoch': '2.428'}
{'paper_align_label_loss': '0.05733', 'paper_align_reason_loss': '0.8915', 'epoch': '2.428'}
{'paper_align_label_loss': '0.03234', 'paper_align_reason_loss': '0.8635', 'epoch': '2.433'}
{'paper_align_label_loss': '0.002791', 'paper_align_reason_loss': '0.6502', 'epoch': '2.433'}
{'paper_align_label_loss': '0.01673', 'paper_align_reason_loss': '0.8645', 'epoch': '2.438'}
{'paper_align_label_loss': '0.05025', 'paper_align_reason_loss': '0.7785', 'epoch': '2.438'}
{'paper_align_label_loss': '0.1787', 'paper_align_reason_loss': '0.6794', 'epoch': '2.443'}
{'paper_align_label_loss': '0.08504', 'paper_align_reason_loss': '0.689', 'epoch': '2.443'}
{'paper_align_label_loss': '0.02713', 'paper_align_reason_loss': '0.7139', 'epoch': '2.448'}
{'paper_align_label_loss': '0.07701', 'paper_align_reason_loss': '0.8041', 'epoch': '2.448'}
{'paper_align_label_loss': '0.0834', 'paper_align_reason_loss': '0.8887', 'epoch': '2.453'}
{'paper_align_label_loss': '0.02501', 'paper_align_reason_loss': '0.7131', 'epoch': '2.453'}
{'paper_align_label_loss': '0.07701', 'paper_align_reason_loss': '0.7874', 'epoch': '2.457'}
{'paper_align_label_loss': '0.05882', 'paper_align_reason_loss': '0.6659', 'epoch': '2.457'}
{'paper_align_label_loss': '0.0006685', 'paper_align_reason_loss': '0.6119', 'epoch': '2.462'}
{'paper_align_label_loss': '0.0993', 'paper_align_reason_loss': '0.8165', 'epoch': '2.462'}
{'paper_align_label_loss': '0.05121', 'paper_align_reason_loss': '0.9964', 'epoch': '2.467'}
{'paper_align_label_loss': '0.1664', 'paper_align_reason_loss': '1.025', 'epoch': '2.467'}
{'paper_align_label_loss': '0.006315', 'paper_align_reason_loss': '0.7002', 'epoch': '2.472'}
{'paper_align_label_loss': '0.02459', 'paper_align_reason_loss': '0.8359', 'epoch': '2.472'}
{'loss': '0.8596', 'grad_norm': '1.592', 'learning_rate': '7.95e-06', 'epoch': '2.477'}
{'paper_align_label_loss': '0.1044', 'paper_align_reason_loss': '0.8029', 'epoch': '2.477'}
{'paper_align_label_loss': '0.01551', 'paper_align_reason_loss': '0.8714', 'epoch': '2.477'}
{'paper_align_label_loss': '0.007809', 'paper_align_reason_loss': '0.6809', 'epoch': '2.482'}
{'paper_align_label_loss': '0.0334', 'paper_align_reason_loss': '0.8608', 'epoch': '2.482'}
{'paper_align_label_loss': '0.132', 'paper_align_reason_loss': '0.7115', 'epoch': '2.487'}
{'paper_align_label_loss': '0.003332', 'paper_align_reason_loss': '0.5443', 'epoch': '2.487'}
{'paper_align_label_loss': '0.2103', 'paper_align_reason_loss': '0.9965', 'epoch': '2.491'}
{'paper_align_label_loss': '0.05634', 'paper_align_reason_loss': '0.9669', 'epoch': '2.491'}
{'paper_align_label_loss': '0.05307', 'paper_align_reason_loss': '0.8388', 'epoch': '2.496'}
{'paper_align_label_loss': '0.07797', 'paper_align_reason_loss': '0.8228', 'epoch': '2.496'}
{'paper_align_label_loss': '0.07994', 'paper_align_reason_loss': '0.8843', 'epoch': '2.501'}
{'paper_align_label_loss': '0.05865', 'paper_align_reason_loss': '0.7612', 'epoch': '2.501'}
{'paper_align_label_loss': '0.01863', 'paper_align_reason_loss': '0.6482', 'epoch': '2.506'}
{'paper_align_label_loss': '0.02597', 'paper_align_reason_loss': '0.7952', 'epoch': '2.506'}
{'paper_align_label_loss': '0.03303', 'paper_align_reason_loss': '0.5588', 'epoch': '2.511'}
{'paper_align_label_loss': '0.1274', 'paper_align_reason_loss': '0.8618', 'epoch': '2.511'}
{'paper_align_label_loss': '0.2319', 'paper_align_reason_loss': '0.801', 'epoch': '2.516'}
{'paper_align_label_loss': '0.1405', 'paper_align_reason_loss': '0.762', 'epoch': '2.516'}
{'paper_align_label_loss': '0.01704', 'paper_align_reason_loss': '0.5385', 'epoch': '2.521'}
{'paper_align_label_loss': '0.0586', 'paper_align_reason_loss': '0.8961', 'epoch': '2.521'}
{'loss': '0.8545', 'grad_norm': '1.944', 'learning_rate': '6.59e-06', 'epoch': '2.526'}
{'paper_align_label_loss': '0.02409', 'paper_align_reason_loss': '0.7964', 'epoch': '2.526'}
{'paper_align_label_loss': '0.1038', 'paper_align_reason_loss': '0.8125', 'epoch': '2.526'}
{'paper_align_label_loss': '0.04009', 'paper_align_reason_loss': '0.7191', 'epoch': '2.53'}
{'paper_align_label_loss': '0.02085', 'paper_align_reason_loss': '0.5449', 'epoch': '2.53'}
{'paper_align_label_loss': '0.0092', 'paper_align_reason_loss': '0.631', 'epoch': '2.535'}
{'paper_align_label_loss': '0.04991', 'paper_align_reason_loss': '1.008', 'epoch': '2.535'}
{'paper_align_label_loss': '0.06833', 'paper_align_reason_loss': '0.8839', 'epoch': '2.54'}
{'paper_align_label_loss': '0.01596', 'paper_align_reason_loss': '0.7009', 'epoch': '2.54'}
{'paper_align_label_loss': '0.07722', 'paper_align_reason_loss': '0.6899', 'epoch': '2.545'}
{'paper_align_label_loss': '0.01055', 'paper_align_reason_loss': '0.8287', 'epoch': '2.545'}
{'paper_align_label_loss': '0.01213', 'paper_align_reason_loss': '0.5704', 'epoch': '2.55'}
{'paper_align_label_loss': '0.07432', 'paper_align_reason_loss': '0.755', 'epoch': '2.55'}
{'paper_align_label_loss': '0.1196', 'paper_align_reason_loss': '0.869', 'epoch': '2.555'}
{'paper_align_label_loss': '0.08813', 'paper_align_reason_loss': '0.7952', 'epoch': '2.555'}
{'paper_align_label_loss': '0.02409', 'paper_align_reason_loss': '0.9863', 'epoch': '2.56'}
{'paper_align_label_loss': '0.008453', 'paper_align_reason_loss': '0.5457', 'epoch': '2.56'}
{'paper_align_label_loss': '0.06668', 'paper_align_reason_loss': '0.9718', 'epoch': '2.564'}
{'paper_align_label_loss': '0.04715', 'paper_align_reason_loss': '0.6638', 'epoch': '2.564'}
{'paper_align_label_loss': '0.1001', 'paper_align_reason_loss': '0.5685', 'epoch': '2.569'}
{'paper_align_label_loss': '0.03062', 'paper_align_reason_loss': '0.6769', 'epoch': '2.569'}
{'loss': '0.8004', 'grad_norm': '2.594', 'learning_rate': '5.349e-06', 'epoch': '2.574'}
{'paper_align_label_loss': '0.07439', 'paper_align_reason_loss': '0.8846', 'epoch': '2.574'}
{'paper_align_label_loss': '0.1334', 'paper_align_reason_loss': '0.9089', 'epoch': '2.574'}
{'paper_align_label_loss': '0.05129', 'paper_align_reason_loss': '0.9019', 'epoch': '2.579'}
{'paper_align_label_loss': '0.03858', 'paper_align_reason_loss': '0.9598', 'epoch': '2.579'}
{'paper_align_label_loss': '0.0202', 'paper_align_reason_loss': '0.7314', 'epoch': '2.584'}
{'paper_align_label_loss': '0.008028', 'paper_align_reason_loss': '0.5839', 'epoch': '2.584'}
{'paper_align_label_loss': '0.02343', 'paper_align_reason_loss': '0.8762', 'epoch': '2.589'}
{'paper_align_label_loss': '0.05388', 'paper_align_reason_loss': '0.5765', 'epoch': '2.589'}
{'paper_align_label_loss': '0.005184', 'paper_align_reason_loss': '0.6416', 'epoch': '2.594'}
{'paper_align_label_loss': '0.09105', 'paper_align_reason_loss': '0.7423', 'epoch': '2.594'}
{'paper_align_label_loss': '0.08674', 'paper_align_reason_loss': '0.9623', 'epoch': '2.599'}

 87%|████████▋ | 535/618 [08:34<01:18,  1.06it/s]
 87%|████████▋ | 536/618 [08:34<01:18,  1.05it/s]2026-09-18 17:34:05,565 INFO [rev_util_verifiability|paper_align|Qwen3-0.6B] step=536 epoch=2.6034

                                                 

 87%|████████▋ | 536/618 [08:34<01:18,  1.05it/s]2026-09-18 17:34:06,025 INFO [rev_util_verifiability|paper_align|Qwen3-0.6B] step=536 epoch=2.6034

                                                 

 87%|████████▋ | 536/618 [08:35<01:18,  1.05it/s]
 87%|████████▋ | 537/618 [08:35<01:16,  1.06it/s]2026-09-18 17:34:06,511 INFO [rev_util_verifiability|paper_align|Qwen3-0.6B] step=537 epoch=2.6083

                                                 

 87%|████████▋ | 537/618 [08:35<01:16,  1.06it/s]2026-09-18 17:34:07,011 INFO [rev_util_verifiability|paper_align|Qwen3-0.6B] step=537 epoch=2.6083

                                                 

 87%|████████▋ | 537/618 [08:36<01:16,  1.06it/s]
 87%|████████▋ | 538/618 [08:36<01:16,  1.04it/s]2026-09-18 17:34:07,491 INFO [rev_util_verifiability|paper_align|Qwen3-0.6B] step=538 epoch=2.6131

                                                 

 87%|████████▋ | 538/618 [08:36<01:16,  1.04it/s]2026-09-18 17:34:07,959 INFO [rev_util_verifiability|paper_align|Qwen3-0.6B] step=538 epoch=2.6131

                                                 

 87%|████████▋ | 538/618 [08:37<01:16,  1.04it/s]
 87%|████████▋ | 539/618 [08:37<01:14,  1.06it/s]2026-09-18 17:34:08,566 INFO [rev_util_verifiability|paper_align|Qwen3-0.6B] step=539 epoch=2.6180

                                                 

 87%|████████▋ | 539/618 [08:37<01:14,  1.06it/s]2026-09-18 17:34:09,055 INFO [rev_util_verifiability|paper_align|Qwen3-0.6B] step=539 epoch=2.6180

                                                 

 87%|████████▋ | 539/618 [08:38<01:14,  1.06it/s]
 87%|████████▋ | 540/618 [08:38<01:18,  1.00s/it]2026-09-18 17:34:09,379 INFO [rev_util_verifiability|paper_align|Qwen3-0.6B] step=540 loss=0.8346 learning_rate=0.0000 epoch=2.6229

                                                 

 87%|████████▋ | 540/618 [08:38<01:18,  1.00s/it]2026-09-18 17:34:09,529 INFO [rev_util_verifiability|paper_align|Qwen3-0.6B] step=540 epoch=2.6229

                                                 

 87%|████████▋ | 540/618 [08:38<01:18,  1.00s/it]2026-09-18 17:34:09,974 INFO [rev_util_verifiability|paper_align|Qwen3-0.6B] step=540 epoch=2.6229

                                                 

 87%|████████▋ | 540/618 [08:39<01:18,  1.00s/it]
 88%|████████▊ | 541/618 [08:39<01:15,  1.03it/s]2026-09-18 17:34:10,442 INFO [rev_util_verifiability|paper_align|Qwen3-0.6B] step=541 epoch=2.6277

                                                 

 88%|████████▊ | 541/618 [08:39<01:15,  1.03it/s]2026-09-18 17:34:10,906 INFO [rev_util_verifiability|paper_align|Qwen3-0.6B] step=541 epoch=2.6277

                                                 

 88%|████████▊ | 541/618 [08:39<01:15,  1.03it/s]
 88%|████████▊ | 542/618 [08:40<01:12,  1.05it/s]2026-09-18 17:34:11,334 INFO [rev_util_verifiability|paper_align|Qwen3-0.6B] step=542 epoch=2.6326

                                                 

 88%|████████▊ | 542/618 [08:40<01:12,  1.05it/s]2026-09-18 17:34:11,761 INFO [rev_util_verifiability|paper_align|Qwen3-0.6B] step=542 epoch=2.6326

                                                 

 88%|████████▊ | 542/618 [08:40<01:12,  1.05it/s]
 88%|████████▊ | 543/618 [08:41<01:09,  1.08it/s]2026-09-18 17:34:12,199 INFO [rev_util_verifiability|paper_align|Qwen3-0.6B] step=543 epoch=2.6375

                                                 

 88%|████████▊ | 543/618 [08:41<01:09,  1.08it/s]2026-09-18 17:34:12,615 INFO [rev_util_verifiability|paper_align|Qwen3-0.6B] step=543 epoch=2.6375

                                                 

 88%|████████▊ | 543/618 [08:41<01:09,  1.08it/s]
 88%|████████▊ | 544/618 [08:42<01:07,  1.09it/s]2026-09-18 17:34:13,078 INFO [rev_util_verifiability|paper_align|Qwen3-0.6B] step=544 epoch=2.6423

                                                 

 88%|████████▊ | 544/618 [08:42<01:07,  1.09it/s]2026-09-18 17:34:13,475 INFO [rev_util_verifiability|paper_align|Qwen3-0.6B] step=544 epoch=2.6423

                                                 

 88%|████████▊ | 544/618 [08:42<01:07,  1.09it/s]
 88%|████████▊ | 545/618 [08:42<01:04,  1.13it/s]2026-09-18 17:34:13,900 INFO [rev_util_verifiability|paper_align|Qwen3-0.6B] step=545 epoch=2.6472

                                                 

 88%|████████▊ | 545/618 [08:42<01:04,  1.13it/s]2026-09-18 17:34:14,294 INFO [rev_util_verifiability|paper_align|Qwen3-0.6B] step=545 epoch=2.6472

                                                 

 88%|████████▊ | 545/618 [08:43<01:04,  1.13it/s]
 88%|████████▊ | 546/618 [08:43<01:02,  1.16it/s]2026-09-18 17:34:14,709 INFO [rev_util_verifiability|paper_align|Qwen3-0.6B] step=546 epoch=2.6521

                                                 

 88%|████████▊ | 546/618 [08:43<01:02,  1.16it/s]2026-09-18 17:34:15,095 INFO [rev_util_verifiability|paper_align|Qwen3-0.6B] step=546 epoch=2.6521

                                                 

 88%|████████▊ | 546/618 [08:44<01:02,  1.16it/s]
 89%|████████▊ | 547/618 [08:44<00:59,  1.19it/s]2026-09-18 17:34:15,522 INFO [rev_util_verifiability|paper_align|Qwen3-0.6B] step=547 epoch=2.6569

                                                 

 89%|████████▊ | 547/618 [08:44<00:59,  1.19it/s]2026-09-18 17:34:15,977 INFO [rev_util_verifiability|paper_align|Qwen3-0.6B] step=547 epoch=2.6569

                                                 

 89%|████████▊ | 547/618 [08:45<00:59,  1.19it/s]
 89%|████████▊ | 548/618 [08:45<00:59,  1.17it/s]2026-09-18 17:34:16,393 INFO [rev_util_verifiability|paper_align|Qwen3-0.6B] step=548 epoch=2.6618

                                                 

 89%|████████▊ | 548/618 [08:45<00:59,  1.17it/s]2026-09-18 17:34:16,851 INFO [rev_util_verifiability|paper_align|Qwen3-0.6B] step=548 epoch=2.6618

                                                 

 89%|████████▊ | 548/618 [08:45<00:59,  1.17it/s]
 89%|████████▉ | 549/618 [08:46<01:01,  1.13it/s]2026-09-18 17:34:17,356 INFO [rev_util_verifiability|paper_align|Qwen3-0.6B] step=549 epoch=2.6667

                                                 

 89%|████████▉ | 549/618 [08:46<01:01,  1.13it/s]2026-09-18 17:34:17,987 INFO [rev_util_verifiability|paper_align|Qwen3-0.6B] step=549 epoch=2.6667

                                                 

 89%|████████▉ | 549/618 [08:47<01:01,  1.13it/s]
 89%|████████▉ | 550/618 [08:47<01:04,  1.05it/s]2026-09-18 17:34:18,318 INFO [rev_util_verifiability|paper_align|Qwen3-0.6B] step=550 loss=0.7559 learning_rate=0.0000 epoch=2.6715

                                                 

 89%|████████▉ | 550/618 [08:47<01:04,  1.05it/s]2026-09-18 17:34:18,471 INFO [rev_util_verifiability|paper_align|Qwen3-0.6B] step=550 epoch=2.6715

                                                 

 89%|████████▉ | 550/618 [08:47<01:04,  1.05it/s]2026-09-18 17:34:18,943 INFO [rev_util_verifiability|paper_align|Qwen3-0.6B] step=550 epoch=2.6715

                                                 

 89%|████████▉ | 550/618 [08:48<01:04,  1.05it/s]
 89%|████████▉ | 551/618 [08:48<01:04,  1.04it/s]2026-09-18 17:34:19,465 INFO [rev_util_verifiability|paper_align|Qwen3-0.6B] step=551 epoch=2.6764

                                                 

 89%|████████▉ | 551/618 [08:48<01:04,  1.04it/s]2026-09-18 17:34:19,945 INFO [rev_util_verifiability|paper_align|Qwen3-0.6B] step=551 epoch=2.6764

                                                 

 89%|████████▉ | 551/618 [08:49<01:04,  1.04it/s]
 89%|████████▉ | 552/618 [08:49<01:03,  1.04it/s]2026-09-18 17:34:20,421 INFO [rev_util_verifiability|paper_align|Qwen3-0.6B] step=552 epoch=2.6813

                                                 

 89%|████████▉ | 552/618 [08:49<01:03,  1.04it/s]2026-09-18 17:34:20,892 INFO [rev_util_verifiability|paper_align|Qwen3-0.6B] step=552 epoch=2.6813

                                                 

 89%|████████▉ | 552/618 [08:49<01:03,  1.04it/s]
 89%|████████▉ | 553/618 [08:50<01:03,  1.03it/s]2026-09-18 17:34:21,406 INFO [rev_util_verifiability|paper_align|Qwen3-0.6B] step=553 epoch=2.6861

                                                 

 89%|████████▉ | 553/618 [08:50<01:03,  1.03it/s]2026-09-18 17:34:21,860 INFO [rev_util_verifiability|paper_align|Qwen3-0.6B] step=553 epoch=2.6861

                                                 

 89%|████████▉ | 553/618 [08:50<01:03,  1.03it/s]
 90%|████████▉ | 554/618 [08:51<01:01,  1.05it/s]2026-09-18 17:34:22,312 INFO [rev_util_verifiability|paper_align|Qwen3-0.6B] step=554 epoch=2.6910

                                                 

 90%|████████▉ | 554/618 [08:51<01:01,  1.05it/s]2026-09-18 17:34:22,704 INFO [rev_util_verifiability|paper_align|Qwen3-0.6B] step=554 epoch=2.6910

                                                 

 90%|████████▉ | 554/618 [08:51<01:01,  1.05it/s]
 90%|████████▉ | 555/618 [08:52<00:57,  1.09it/s]2026-09-18 17:34:23,168 INFO [rev_util_verifiability|paper_align|Qwen3-0.6B] step=555 epoch=2.6959

                                                 

 90%|████████▉ | 555/618 [08:52<00:57,  1.09it/s]2026-09-18 17:34:23,652 INFO [rev_util_verifiability|paper_align|Qwen3-0.6B] step=555 epoch=2.6959

                                                 

 90%|████████▉ | 555/618 [08:52<00:57,  1.09it/s]
 90%|████████▉ | 556/618 [08:53<00:57,  1.08it/s]2026-09-18 17:34:24,088 INFO [rev_util_verifiability|paper_align|Qwen3-0.6B] step=556 epoch=2.7007

                                                 

 90%|████████▉ | 556/618 [08:53<00:57,  1.08it/s]2026-09-18 17:34:24,526 INFO [rev_util_verifiability|paper_align|Qwen3-0.6B] step=556 epoch=2.7007

                                                 

 90%|████████▉ | 556/618 [08:53<00:57,  1.08it/s]
 90%|█████████ | 557/618 [08:53<00:54,  1.11it/s]2026-09-18 17:34:24,931 INFO [rev_util_verifiability|paper_align|Qwen3-0.6B] step=557 epoch=2.7056

                                                 

 90%|█████████ | 557/618 [08:53<00:54,  1.11it/s]2026-09-18 17:34:25,361 INFO [rev_util_verifiability|paper_align|Qwen3-0.6B] step=557 epoch=2.7056

                                                 

 90%|█████████ | 557/618 [08:54<00:54,  1.11it/s]
 90%|█████████ | 558/618 [08:54<00:53,  1.13it/s]2026-09-18 17:34:25,794 INFO [rev_util_verifiability|paper_align|Qwen3-0.6B] step=558 epoch=2.7105

                                                 

 90%|█████████ | 558/618 [08:54<00:53,  1.13it/s]2026-09-18 17:34:26,295 INFO [rev_util_verifiability|paper_align|Qwen3-0.6B] step=558 epoch=2.7105

                                                 

 90%|█████████ | 558/618 [08:55<00:53,  1.13it/s]
 90%|█████████ | 559/618 [08:55<00:55,  1.07it/s]2026-09-18 17:34:26,861 INFO [rev_util_verifiability|paper_align|Qwen3-0.6B] step=559 epoch=2.7153

                                                 

 90%|█████████ | 559/618 [08:55<00:55,  1.07it/s]2026-09-18 17:34:27,518 INFO [rev_util_verifiability|paper_align|Qwen3-0.6B] step=559 epoch=2.7153

                                                 

 90%|█████████ | 559/618 [08:56<00:55,  1.07it/s]
 91%|█████████ | 560/618 [08:56<00:57,  1.01it/s]2026-09-18 17:34:27,803 INFO [rev_util_verifiability|paper_align|Qwen3-0.6B] step=560 loss=0.8271 learning_rate=0.0000 epoch=2.7202

                                                 

 91%|█████████ | 560/618 [08:56<00:57,  1.01it/s]2026-09-18 17:34:27,947 INFO [rev_util_verifiability|paper_align|Qwen3-0.6B] step=560 epoch=2.7202

                                                 

 91%|█████████ | 560/618 [08:57<00:57,  1.01it/s]2026-09-18 17:34:28,380 INFO [rev_util_verifiability|paper_align|Qwen3-0.6B] step=560 epoch=2.7202

                                                 

 91%|█████████ | 560/618 [08:57<00:57,  1.01it/s]
 91%|█████████ | 561/618 [08:57<00:54,  1.06it/s]2026-09-18 17:34:28,789 INFO [rev_util_verifiability|paper_align|Qwen3-0.6B] step=561 epoch=2.7251

                                                 

 91%|█████████ | 561/618 [08:57<00:54,  1.06it/s]2026-09-18 17:34:29,220 INFO [rev_util_verifiability|paper_align|Qwen3-0.6B] step=561 epoch=2.7251

                                                 

 91%|█████████ | 561/618 [08:58<00:54,  1.06it/s]
 91%|█████████ | 562/618 [08:58<00:52,  1.07it/s]2026-09-18 17:34:29,709 INFO [rev_util_verifiability|paper_align|Qwen3-0.6B] step=562 epoch=2.7299

                                                 

 91%|█████████ | 562/618 [08:58<00:52,  1.07it/s]2026-09-18 17:34:30,110 INFO [rev_util_verifiability|paper_align|Qwen3-0.6B] step=562 epoch=2.7299

                                                 

 91%|█████████ | 562/618 [08:59<00:52,  1.07it/s]
 91%|█████████ | 563/618 [08:59<00:50,  1.10it/s]2026-09-18 17:34:30,548 INFO [rev_util_verifiability|paper_align|Qwen3-0.6B] step=563 epoch=2.7348

                                                 

 91%|█████████ | 563/618 [08:59<00:50,  1.10it/s]2026-09-18 17:34:30,949 INFO [rev_util_verifiability|paper_align|Qwen3-0.6B] step=563 epoch=2.7348

                                                 

 91%|█████████ | 563/618 [09:00<00:50,  1.10it/s]
 91%|█████████▏| 564/618 [09:00<00:48,  1.12it/s]2026-09-18 17:34:31,420 INFO [rev_util_verifiability|paper_align|Qwen3-0.6B] step=564 epoch=2.7397

                                                 

 91%|█████████▏| 564/618 [09:00<00:48,  1.12it/s]2026-09-18 17:34:31,887 INFO [rev_util_verifiability|paper_align|Qwen3-0.6B] step=564 epoch=2.7397

                                                 

 91%|█████████▏| 564/618 [09:00<00:48,  1.12it/s]
 91%|█████████▏| 565/618 [09:01<00:48,  1.09it/s]2026-09-18 17:34:32,375 INFO [rev_util_verifiability|paper_align|Qwen3-0.6B] step=565 epoch=2.7445

                                                 

 91%|█████████▏| 565/618 [09:01<00:48,  1.09it/s]2026-09-18 17:34:32,781 INFO [rev_util_verifiability|paper_align|Qwen3-0.6B] step=565 epoch=2.7445

                                                 

 91%|█████████▏| 565/618 [09:01<00:48,  1.09it/s]
 92%|█████████▏| 566/618 [09:02<00:46,  1.12it/s]2026-09-18 17:34:33,260 INFO [rev_util_verifiability|paper_align|Qwen3-0.6B] step=566 epoch=2.7494

                                                 

 92%|█████████▏| 566/618 [09:02<00:46,  1.12it/s]2026-09-18 17:34:33,759 INFO [rev_util_verifiability|paper_align|Qwen3-0.6B] step=566 epoch=2.7494

                                                 

 92%|█████████▏| 566/618 [09:02<00:46,  1.12it/s]
 92%|█████████▏| 567/618 [09:03<00:47,  1.08it/s]2026-09-18 17:34:34,220 INFO [rev_util_verifiability|paper_align|Qwen3-0.6B] step=567 epoch=2.7543

                                                 

 92%|█████████▏| 567/618 [09:03<00:47,  1.08it/s]2026-09-18 17:34:34,675 INFO [rev_util_verifiability|paper_align|Qwen3-0.6B] step=567 epoch=2.7543

                                                 

 92%|█████████▏| 567/618 [09:03<00:47,  1.08it/s]
 92%|█████████▏| 568/618 [09:04<00:46,  1.08it/s]2026-09-18 17:34:35,155 INFO [rev_util_verifiability|paper_align|Qwen3-0.6B] step=568 epoch=2.7591

                                                 

 92%|█████████▏| 568/618 [09:04<00:46,  1.08it/s]2026-09-18 17:34:35,629 INFO [rev_util_verifiability|paper_align|Qwen3-0.6B] step=568 epoch=2.7591

                                                 

 92%|█████████▏| 568/618 [09:04<00:46,  1.08it/s]
 92%|█████████▏| 569/618 [09:04<00:45,  1.09it/s]2026-09-18 17:34:36,055 INFO [rev_util_verifiability|paper_align|Qwen3-0.6B] step=569 epoch=2.7640

                                                 

 92%|█████████▏| 569/618 [09:05<00:45,  1.09it/s]2026-09-18 17:34:36,521 INFO [rev_util_verifiability|paper_align|Qwen3-0.6B] step=569 epoch=2.7640

                                                 

 92%|█████████▏| 569/618 [09:05<00:45,  1.09it/s]
 92%|█████████▏| 570/618 [09:05<00:44,  1.07it/s]2026-09-18 17:34:36,887 INFO [rev_util_verifiability|paper_align|Qwen3-0.6B] step=570 loss=0.8048 learning_rate=0.0000 epoch=2.7689

                                                 

 92%|█████████▏| 570/618 [09:05<00:44,  1.07it/s]2026-09-18 17:34:37,210 INFO [rev_util_verifiability|paper_align|Qwen3-0.6B] step=570 epoch=2.7689

                                                 

 92%|█████████▏| 570/618 [09:06<00:44,  1.07it/s]2026-09-18 17:34:37,804 INFO [rev_util_verifiability|paper_align|Qwen3-0.6B] step=570 epoch=2.7689

                                                 

 92%|█████████▏| 570/618 [09:06<00:44,  1.07it/s]
 92%|█████████▏| 571/618 [09:07<00:47,  1.01s/it]2026-09-18 17:34:38,214 INFO [rev_util_verifiability|paper_align|Qwen3-0.6B] step=571 epoch=2.7737

                                                 

 92%|█████████▏| 571/618 [09:07<00:47,  1.01s/it]2026-09-18 17:34:38,619 INFO [rev_util_verifiability|paper_align|Qwen3-0.6B] step=571 epoch=2.7737

                                                 

 92%|█████████▏| 571/618 [09:07<00:47,  1.01s/it]
 93%|█████████▎| 572/618 [09:07<00:44,  1.04it/s]2026-09-18 17:34:39,082 INFO [rev_util_verifiability|paper_align|Qwen3-0.6B] step=572 epoch=2.7786

                                                 

 93%|█████████▎| 572/618 [09:08<00:44,  1.04it/s]2026-09-18 17:34:39,581 INFO [rev_util_verifiability|paper_align|Qwen3-0.6B] step=572 epoch=2.7786

                                                 

 93%|█████████▎| 572/618 [09:08<00:44,  1.04it/s]
 93%|█████████▎| 573/618 [09:09<00:44,  1.02it/s]2026-09-18 17:34:40,097 INFO [rev_util_verifiability|paper_align|Qwen3-0.6B] step=573 epoch=2.7835

                                                 

 93%|█████████▎| 573/618 [09:09<00:44,  1.02it/s]2026-09-18 17:34:40,562 INFO [rev_util_verifiability|paper_align|Qwen3-0.6B] step=573 epoch=2.7835

                                                 

 93%|█████████▎| 573/618 [09:09<00:44,  1.02it/s]
 93%|█████████▎| 574/618 [09:09<00:42,  1.05it/s]2026-09-18 17:34:40,973 INFO [rev_util_verifiability|paper_align|Qwen3-0.6B] step=574 epoch=2.7883

                                                 

 93%|█████████▎| 574/618 [09:10<00:42,  1.05it/s]2026-09-18 17:34:41,372 INFO [rev_util_verifiability|paper_align|Qwen3-0.6B] step=574 epoch=2.7883

                                                 

 93%|█████████▎| 574/618 [09:10<00:42,  1.05it/s]
 93%|█████████▎| 575/618 [09:10<00:39,  1.08it/s]2026-09-18 17:34:41,834 INFO [rev_util_verifiability|paper_align|Qwen3-0.6B] step=575 epoch=2.7932

                                                 

 93%|█████████▎| 575/618 [09:10<00:39,  1.08it/s]2026-09-18 17:34:42,302 INFO [rev_util_verifiability|paper_align|Qwen3-0.6B] step=575 epoch=2.7932

                                                 

 93%|█████████▎| 575/618 [09:11<00:39,  1.08it/s]
 93%|█████████▎| 576/618 [09:11<00:39,  1.07it/s]2026-09-18 17:34:42,814 INFO [rev_util_verifiability|paper_align|Qwen3-0.6B] step=576 epoch=2.7981

                                                 

 93%|█████████▎| 576/618 [09:11<00:39,  1.07it/s]2026-09-18 17:34:43,301 INFO [rev_util_verifiability|paper_align|Qwen3-0.6B] step=576 epoch=2.7981

                                                 

 93%|█████████▎| 576/618 [09:12<00:39,  1.07it/s]
 93%|█████████▎| 577/618 [09:12<00:38,  1.05it/s]2026-09-18 17:34:43,776 INFO [rev_util_verifiability|paper_align|Qwen3-0.6B] step=577 epoch=2.8029

                                                 

 93%|█████████▎| 577/618 [09:12<00:38,  1.05it/s]2026-09-18 17:34:44,192 INFO [rev_util_verifiability|paper_align|Qwen3-0.6B] step=577 epoch=2.8029

                                                 
{'paper_align_label_loss': '0.01335', 'paper_align_reason_loss': '0.7486', 'epoch': '2.599'}
{'paper_align_label_loss': '0.06513', 'paper_align_reason_loss': '1.034', 'epoch': '2.603'}
{'paper_align_label_loss': '0.03961', 'paper_align_reason_loss': '0.6653', 'epoch': '2.603'}
{'paper_align_label_loss': '0.04457', 'paper_align_reason_loss': '0.7241', 'epoch': '2.608'}
{'paper_align_label_loss': '0.008602', 'paper_align_reason_loss': '0.6991', 'epoch': '2.608'}
{'paper_align_label_loss': '0.02964', 'paper_align_reason_loss': '0.6882', 'epoch': '2.613'}
{'paper_align_label_loss': '0.01955', 'paper_align_reason_loss': '0.6591', 'epoch': '2.613'}
{'paper_align_label_loss': '0.04719', 'paper_align_reason_loss': '0.9639', 'epoch': '2.618'}
{'paper_align_label_loss': '0.0179', 'paper_align_reason_loss': '0.8692', 'epoch': '2.618'}
{'loss': '0.8346', 'grad_norm': '1.67', 'learning_rate': '4.231e-06', 'epoch': '2.623'}
{'paper_align_label_loss': '0.004902', 'paper_align_reason_loss': '0.5145', 'epoch': '2.623'}
{'paper_align_label_loss': '0.01804', 'paper_align_reason_loss': '0.8042', 'epoch': '2.623'}
{'paper_align_label_loss': '0.007421', 'paper_align_reason_loss': '0.7064', 'epoch': '2.628'}
{'paper_align_label_loss': '0.01358', 'paper_align_reason_loss': '0.6379', 'epoch': '2.628'}
{'paper_align_label_loss': '0.08912', 'paper_align_reason_loss': '0.6174', 'epoch': '2.633'}
{'paper_align_label_loss': '0.005565', 'paper_align_reason_loss': '0.6211', 'epoch': '2.633'}
{'paper_align_label_loss': '0.002612', 'paper_align_reason_loss': '0.5699', 'epoch': '2.637'}
{'paper_align_label_loss': '0.09953', 'paper_align_reason_loss': '0.8179', 'epoch': '2.637'}
{'paper_align_label_loss': '0.0506', 'paper_align_reason_loss': '0.6409', 'epoch': '2.642'}
{'paper_align_label_loss': '0.07596', 'paper_align_reason_loss': '0.7127', 'epoch': '2.642'}
{'paper_align_label_loss': '0.04275', 'paper_align_reason_loss': '0.7082', 'epoch': '2.647'}
{'paper_align_label_loss': '0.08694', 'paper_align_reason_loss': '0.7539', 'epoch': '2.647'}
{'paper_align_label_loss': '0.00711', 'paper_align_reason_loss': '0.6996', 'epoch': '2.652'}
{'paper_align_label_loss': '0.01947', 'paper_align_reason_loss': '0.7011', 'epoch': '2.652'}
{'paper_align_label_loss': '0.05837', 'paper_align_reason_loss': '0.7313', 'epoch': '2.657'}
{'paper_align_label_loss': '0.05993', 'paper_align_reason_loss': '0.643', 'epoch': '2.657'}
{'paper_align_label_loss': '0.07054', 'paper_align_reason_loss': '0.6875', 'epoch': '2.662'}
{'paper_align_label_loss': '0.1414', 'paper_align_reason_loss': '0.9946', 'epoch': '2.662'}
{'paper_align_label_loss': '0.01035', 'paper_align_reason_loss': '0.7873', 'epoch': '2.667'}
{'paper_align_label_loss': '0.1255', 'paper_align_reason_loss': '0.779', 'epoch': '2.667'}
{'loss': '0.7559', 'grad_norm': '2.59', 'learning_rate': '3.238e-06', 'epoch': '2.672'}
{'paper_align_label_loss': '0.04247', 'paper_align_reason_loss': '0.7361', 'epoch': '2.672'}
{'paper_align_label_loss': '0.0642', 'paper_align_reason_loss': '0.9214', 'epoch': '2.672'}
{'paper_align_label_loss': '0.02132', 'paper_align_reason_loss': '0.8936', 'epoch': '2.676'}
{'paper_align_label_loss': '0.01279', 'paper_align_reason_loss': '0.7572', 'epoch': '2.676'}
{'paper_align_label_loss': '0.03401', 'paper_align_reason_loss': '0.6664', 'epoch': '2.681'}
{'paper_align_label_loss': '0.02947', 'paper_align_reason_loss': '0.79', 'epoch': '2.681'}
{'paper_align_label_loss': '0.09043', 'paper_align_reason_loss': '0.7636', 'epoch': '2.686'}
{'paper_align_label_loss': '0.041', 'paper_align_reason_loss': '0.8457', 'epoch': '2.686'}
{'paper_align_label_loss': '0.01428', 'paper_align_reason_loss': '0.6404', 'epoch': '2.691'}
{'paper_align_label_loss': '0.06244', 'paper_align_reason_loss': '0.8484', 'epoch': '2.691'}
{'paper_align_label_loss': '0.03498', 'paper_align_reason_loss': '0.8343', 'epoch': '2.696'}
{'paper_align_label_loss': '0.08695', 'paper_align_reason_loss': '0.9062', 'epoch': '2.696'}
{'paper_align_label_loss': '0.02985', 'paper_align_reason_loss': '0.8975', 'epoch': '2.701'}
{'paper_align_label_loss': '0.0008702', 'paper_align_reason_loss': '0.5397', 'epoch': '2.701'}
{'paper_align_label_loss': '0.04157', 'paper_align_reason_loss': '0.8046', 'epoch': '2.706'}
{'paper_align_label_loss': '0.007231', 'paper_align_reason_loss': '0.6269', 'epoch': '2.706'}
{'paper_align_label_loss': '0.02114', 'paper_align_reason_loss': '0.8159', 'epoch': '2.71'}
{'paper_align_label_loss': '0.02158', 'paper_align_reason_loss': '0.9747', 'epoch': '2.71'}
{'paper_align_label_loss': '0.05315', 'paper_align_reason_loss': '0.9367', 'epoch': '2.715'}
{'paper_align_label_loss': '0.0337', 'paper_align_reason_loss': '0.599', 'epoch': '2.715'}
{'loss': '0.8271', 'grad_norm': '1.819', 'learning_rate': '2.375e-06', 'epoch': '2.72'}
{'paper_align_label_loss': '0.1877', 'paper_align_reason_loss': '0.9235', 'epoch': '2.72'}
{'paper_align_label_loss': '0.009302', 'paper_align_reason_loss': '0.576', 'epoch': '2.72'}
{'paper_align_label_loss': '0.04136', 'paper_align_reason_loss': '0.6352', 'epoch': '2.725'}
{'paper_align_label_loss': '0.05693', 'paper_align_reason_loss': '0.9096', 'epoch': '2.725'}
{'paper_align_label_loss': '0.022', 'paper_align_reason_loss': '0.8303', 'epoch': '2.73'}
{'paper_align_label_loss': '0.03232', 'paper_align_reason_loss': '0.8382', 'epoch': '2.73'}
{'paper_align_label_loss': '0.0474', 'paper_align_reason_loss': '0.5305', 'epoch': '2.735'}
{'paper_align_label_loss': '0.03914', 'paper_align_reason_loss': '0.7763', 'epoch': '2.735'}
{'paper_align_label_loss': '0.02904', 'paper_align_reason_loss': '0.7652', 'epoch': '2.74'}
{'paper_align_label_loss': '0.08048', 'paper_align_reason_loss': '0.9841', 'epoch': '2.74'}
{'paper_align_label_loss': '0.03314', 'paper_align_reason_loss': '0.6539', 'epoch': '2.745'}
{'paper_align_label_loss': '0.009274', 'paper_align_reason_loss': '0.7001', 'epoch': '2.745'}
{'paper_align_label_loss': '0.02966', 'paper_align_reason_loss': '0.5987', 'epoch': '2.749'}
{'paper_align_label_loss': '0.00159', 'paper_align_reason_loss': '0.6801', 'epoch': '2.749'}
{'paper_align_label_loss': '0.1273', 'paper_align_reason_loss': '0.9882', 'epoch': '2.754'}
{'paper_align_label_loss': '0.05236', 'paper_align_reason_loss': '0.7483', 'epoch': '2.754'}
{'paper_align_label_loss': '0.07252', 'paper_align_reason_loss': '0.9063', 'epoch': '2.759'}
{'paper_align_label_loss': '0.01281', 'paper_align_reason_loss': '0.5841', 'epoch': '2.759'}
{'paper_align_label_loss': '0.05082', 'paper_align_reason_loss': '0.6903', 'epoch': '2.764'}
{'paper_align_label_loss': '0.07802', 'paper_align_reason_loss': '0.763', 'epoch': '2.764'}
{'loss': '0.8048', 'grad_norm': '2.17', 'learning_rate': '1.642e-06', 'epoch': '2.769'}
{'paper_align_label_loss': '0.09444', 'paper_align_reason_loss': '0.8516', 'epoch': '2.769'}
{'paper_align_label_loss': '0.03265', 'paper_align_reason_loss': '0.6003', 'epoch': '2.769'}
{'paper_align_label_loss': '0.06352', 'paper_align_reason_loss': '0.7095', 'epoch': '2.774'}
{'paper_align_label_loss': '0.02375', 'paper_align_reason_loss': '0.7176', 'epoch': '2.774'}
{'paper_align_label_loss': '0.05003', 'paper_align_reason_loss': '0.6753', 'epoch': '2.779'}
{'paper_align_label_loss': '0.04695', 'paper_align_reason_loss': '0.7241', 'epoch': '2.779'}
{'paper_align_label_loss': '0.005582', 'paper_align_reason_loss': '0.7473', 'epoch': '2.783'}
{'paper_align_label_loss': '0.06804', 'paper_align_reason_loss': '0.6585', 'epoch': '2.783'}
{'paper_align_label_loss': '0.05991', 'paper_align_reason_loss': '0.6981', 'epoch': '2.788'}
{'paper_align_label_loss': '0.02777', 'paper_align_reason_loss': '0.5685', 'epoch': '2.788'}
{'paper_align_label_loss': '0.01828', 'paper_align_reason_loss': '0.7533', 'epoch': '2.793'}
{'paper_align_label_loss': '0.006239', 'paper_align_reason_loss': '0.5778', 'epoch': '2.793'}
{'paper_align_label_loss': '0.03632', 'paper_align_reason_loss': '0.9313', 'epoch': '2.798'}
{'paper_align_label_loss': '0.02591', 'paper_align_reason_loss': '0.9448', 'epoch': '2.798'}
{'paper_align_label_loss': '0.0169', 'paper_align_reason_loss': '0.9212', 'epoch': '2.803'}

 93%|█████████▎| 577/618 [09:13<00:38,  1.05it/s]
 94%|█████████▎| 578/618 [09:13<00:36,  1.09it/s]2026-09-18 17:34:44,633 INFO [rev_util_verifiability|paper_align|Qwen3-0.6B] step=578 epoch=2.8078

                                                 

 94%|█████████▎| 578/618 [09:13<00:36,  1.09it/s]2026-09-18 17:34:45,093 INFO [rev_util_verifiability|paper_align|Qwen3-0.6B] step=578 epoch=2.8078

                                                 

 94%|█████████▎| 578/618 [09:14<00:36,  1.09it/s]
 94%|█████████▎| 579/618 [09:14<00:35,  1.09it/s]2026-09-18 17:34:45,528 INFO [rev_util_verifiability|paper_align|Qwen3-0.6B] step=579 epoch=2.8127

                                                 

 94%|█████████▎| 579/618 [09:14<00:35,  1.09it/s]2026-09-18 17:34:45,987 INFO [rev_util_verifiability|paper_align|Qwen3-0.6B] step=579 epoch=2.8127

                                                 

 94%|█████████▎| 579/618 [09:15<00:35,  1.09it/s]
 94%|█████████▍| 580/618 [09:15<00:35,  1.07it/s]2026-09-18 17:34:46,353 INFO [rev_util_verifiability|paper_align|Qwen3-0.6B] step=580 loss=0.7680 learning_rate=0.0000 epoch=2.8175

                                                 

 94%|█████████▍| 580/618 [09:15<00:35,  1.07it/s]2026-09-18 17:34:46,648 INFO [rev_util_verifiability|paper_align|Qwen3-0.6B] step=580 epoch=2.8175

                                                 

 94%|█████████▍| 580/618 [09:15<00:35,  1.07it/s]2026-09-18 17:34:47,071 INFO [rev_util_verifiability|paper_align|Qwen3-0.6B] step=580 epoch=2.8175

                                                 

 94%|█████████▍| 580/618 [09:16<00:35,  1.07it/s]
 94%|█████████▍| 581/618 [09:16<00:35,  1.05it/s]2026-09-18 17:34:47,487 INFO [rev_util_verifiability|paper_align|Qwen3-0.6B] step=581 epoch=2.8224

                                                 

 94%|█████████▍| 581/618 [09:16<00:35,  1.05it/s]2026-09-18 17:34:47,893 INFO [rev_util_verifiability|paper_align|Qwen3-0.6B] step=581 epoch=2.8224

                                                 

 94%|█████████▍| 581/618 [09:16<00:35,  1.05it/s]
 94%|█████████▍| 582/618 [09:17<00:33,  1.08it/s]2026-09-18 17:34:48,377 INFO [rev_util_verifiability|paper_align|Qwen3-0.6B] step=582 epoch=2.8273

                                                 

 94%|█████████▍| 582/618 [09:17<00:33,  1.08it/s]2026-09-18 17:34:48,873 INFO [rev_util_verifiability|paper_align|Qwen3-0.6B] step=582 epoch=2.8273

                                                 

 94%|█████████▍| 582/618 [09:17<00:33,  1.08it/s]
 94%|█████████▍| 583/618 [09:18<00:32,  1.06it/s]2026-09-18 17:34:49,355 INFO [rev_util_verifiability|paper_align|Qwen3-0.6B] step=583 epoch=2.8321

                                                 

 94%|█████████▍| 583/618 [09:18<00:32,  1.06it/s]2026-09-18 17:34:49,816 INFO [rev_util_verifiability|paper_align|Qwen3-0.6B] step=583 epoch=2.8321

                                                 

 94%|█████████▍| 583/618 [09:18<00:32,  1.06it/s]
 94%|█████████▍| 584/618 [09:19<00:31,  1.08it/s]2026-09-18 17:34:50,244 INFO [rev_util_verifiability|paper_align|Qwen3-0.6B] step=584 epoch=2.8370

                                                 

 94%|█████████▍| 584/618 [09:19<00:31,  1.08it/s]2026-09-18 17:34:50,745 INFO [rev_util_verifiability|paper_align|Qwen3-0.6B] step=584 epoch=2.8370

                                                 

 94%|█████████▍| 584/618 [09:19<00:31,  1.08it/s]
 95%|█████████▍| 585/618 [09:20<00:31,  1.05it/s]2026-09-18 17:34:51,233 INFO [rev_util_verifiability|paper_align|Qwen3-0.6B] step=585 epoch=2.8418

                                                 

 95%|█████████▍| 585/618 [09:20<00:31,  1.05it/s]2026-09-18 17:34:51,628 INFO [rev_util_verifiability|paper_align|Qwen3-0.6B] step=585 epoch=2.8418

                                                 

 95%|█████████▍| 585/618 [09:20<00:31,  1.05it/s]
 95%|█████████▍| 586/618 [09:21<00:29,  1.08it/s]2026-09-18 17:34:52,106 INFO [rev_util_verifiability|paper_align|Qwen3-0.6B] step=586 epoch=2.8467

                                                 

 95%|█████████▍| 586/618 [09:21<00:29,  1.08it/s]2026-09-18 17:34:52,578 INFO [rev_util_verifiability|paper_align|Qwen3-0.6B] step=586 epoch=2.8467

                                                 

 95%|█████████▍| 586/618 [09:21<00:29,  1.08it/s]
 95%|█████████▍| 587/618 [09:22<00:29,  1.06it/s]2026-09-18 17:34:53,098 INFO [rev_util_verifiability|paper_align|Qwen3-0.6B] step=587 epoch=2.8516

                                                 

 95%|█████████▍| 587/618 [09:22<00:29,  1.06it/s]2026-09-18 17:34:53,551 INFO [rev_util_verifiability|paper_align|Qwen3-0.6B] step=587 epoch=2.8516

                                                 

 95%|█████████▍| 587/618 [09:22<00:29,  1.06it/s]
 95%|█████████▌| 588/618 [09:22<00:27,  1.08it/s]2026-09-18 17:34:53,949 INFO [rev_util_verifiability|paper_align|Qwen3-0.6B] step=588 epoch=2.8564

                                                 

 95%|█████████▌| 588/618 [09:23<00:27,  1.08it/s]2026-09-18 17:34:54,361 INFO [rev_util_verifiability|paper_align|Qwen3-0.6B] step=588 epoch=2.8564

                                                 

 95%|█████████▌| 588/618 [09:23<00:27,  1.08it/s]
 95%|█████████▌| 589/618 [09:23<00:26,  1.10it/s]2026-09-18 17:34:54,828 INFO [rev_util_verifiability|paper_align|Qwen3-0.6B] step=589 epoch=2.8613

                                                 

 95%|█████████▌| 589/618 [09:23<00:26,  1.10it/s]2026-09-18 17:34:55,244 INFO [rev_util_verifiability|paper_align|Qwen3-0.6B] step=589 epoch=2.8613

                                                 

 95%|█████████▌| 589/618 [09:24<00:26,  1.10it/s]
 95%|█████████▌| 590/618 [09:24<00:25,  1.10it/s]2026-09-18 17:34:55,595 INFO [rev_util_verifiability|paper_align|Qwen3-0.6B] step=590 loss=0.8348 learning_rate=0.0000 epoch=2.8662

                                                 

 95%|█████████▌| 590/618 [09:24<00:25,  1.10it/s]2026-09-18 17:34:55,720 INFO [rev_util_verifiability|paper_align|Qwen3-0.6B] step=590 epoch=2.8662

                                                 

 95%|█████████▌| 590/618 [09:24<00:25,  1.10it/s]2026-09-18 17:34:56,338 INFO [rev_util_verifiability|paper_align|Qwen3-0.6B] step=590 epoch=2.8662

                                                 

 95%|█████████▌| 590/618 [09:25<00:25,  1.10it/s]
 96%|█████████▌| 591/618 [09:25<00:25,  1.05it/s]2026-09-18 17:34:56,815 INFO [rev_util_verifiability|paper_align|Qwen3-0.6B] step=591 epoch=2.8710

                                                 

 96%|█████████▌| 591/618 [09:25<00:25,  1.05it/s]2026-09-18 17:34:57,271 INFO [rev_util_verifiability|paper_align|Qwen3-0.6B] step=591 epoch=2.8710

                                                 

 96%|█████████▌| 591/618 [09:26<00:25,  1.05it/s]
 96%|█████████▌| 592/618 [09:26<00:24,  1.06it/s]2026-09-18 17:34:57,733 INFO [rev_util_verifiability|paper_align|Qwen3-0.6B] step=592 epoch=2.8759

                                                 

 96%|█████████▌| 592/618 [09:26<00:24,  1.06it/s]2026-09-18 17:34:58,152 INFO [rev_util_verifiability|paper_align|Qwen3-0.6B] step=592 epoch=2.8759

                                                 

 96%|█████████▌| 592/618 [09:27<00:24,  1.06it/s]
 96%|█████████▌| 593/618 [09:27<00:22,  1.10it/s]2026-09-18 17:34:58,550 INFO [rev_util_verifiability|paper_align|Qwen3-0.6B] step=593 epoch=2.8808

                                                 

 96%|█████████▌| 593/618 [09:27<00:22,  1.10it/s]2026-09-18 17:34:58,961 INFO [rev_util_verifiability|paper_align|Qwen3-0.6B] step=593 epoch=2.8808

                                                 

 96%|█████████▌| 593/618 [09:28<00:22,  1.10it/s]
 96%|█████████▌| 594/618 [09:28<00:21,  1.12it/s]2026-09-18 17:34:59,445 INFO [rev_util_verifiability|paper_align|Qwen3-0.6B] step=594 epoch=2.8856

                                                 

 96%|█████████▌| 594/618 [09:28<00:21,  1.12it/s]2026-09-18 17:34:59,931 INFO [rev_util_verifiability|paper_align|Qwen3-0.6B] step=594 epoch=2.8856

                                                 

 96%|█████████▌| 594/618 [09:28<00:21,  1.12it/s]
 96%|█████████▋| 595/618 [09:29<00:20,  1.12it/s]2026-09-18 17:35:00,298 INFO [rev_util_verifiability|paper_align|Qwen3-0.6B] step=595 epoch=2.8905

                                                 

 96%|█████████▋| 595/618 [09:29<00:20,  1.12it/s]2026-09-18 17:35:00,681 INFO [rev_util_verifiability|paper_align|Qwen3-0.6B] step=595 epoch=2.8905

                                                 

 96%|█████████▋| 595/618 [09:29<00:20,  1.12it/s]
 96%|█████████▋| 596/618 [09:30<00:19,  1.15it/s]2026-09-18 17:35:01,123 INFO [rev_util_verifiability|paper_align|Qwen3-0.6B] step=596 epoch=2.8954

                                                 

 96%|█████████▋| 596/618 [09:30<00:19,  1.15it/s]2026-09-18 17:35:01,554 INFO [rev_util_verifiability|paper_align|Qwen3-0.6B] step=596 epoch=2.8954

                                                 

 96%|█████████▋| 596/618 [09:30<00:19,  1.15it/s]
 97%|█████████▋| 597/618 [09:30<00:17,  1.17it/s]2026-09-18 17:35:01,957 INFO [rev_util_verifiability|paper_align|Qwen3-0.6B] step=597 epoch=2.9002

                                                 

 97%|█████████▋| 597/618 [09:31<00:17,  1.17it/s]2026-09-18 17:35:02,439 INFO [rev_util_verifiability|paper_align|Qwen3-0.6B] step=597 epoch=2.9002

                                                 

 97%|█████████▋| 597/618 [09:31<00:17,  1.17it/s]
 97%|█████████▋| 598/618 [09:31<00:17,  1.13it/s]2026-09-18 17:35:02,910 INFO [rev_util_verifiability|paper_align|Qwen3-0.6B] step=598 epoch=2.9051

                                                 

 97%|█████████▋| 598/618 [09:31<00:17,  1.13it/s]2026-09-18 17:35:03,399 INFO [rev_util_verifiability|paper_align|Qwen3-0.6B] step=598 epoch=2.9051

                                                 

 97%|█████████▋| 598/618 [09:32<00:17,  1.13it/s]
 97%|█████████▋| 599/618 [09:32<00:17,  1.10it/s]2026-09-18 17:35:03,858 INFO [rev_util_verifiability|paper_align|Qwen3-0.6B] step=599 epoch=2.9100

                                                 

 97%|█████████▋| 599/618 [09:32<00:17,  1.10it/s]2026-09-18 17:35:04,262 INFO [rev_util_verifiability|paper_align|Qwen3-0.6B] step=599 epoch=2.9100

                                                 

 97%|█████████▋| 599/618 [09:33<00:17,  1.10it/s]
 97%|█████████▋| 600/618 [09:33<00:16,  1.12it/s]2026-09-18 17:35:04,586 INFO [rev_util_verifiability|paper_align|Qwen3-0.6B] step=600 loss=0.8323 learning_rate=0.0000 epoch=2.9148

                                                 

 97%|█████████▋| 600/618 [09:33<00:16,  1.12it/s]2026-09-18 17:35:04,712 INFO [rev_util_verifiability|paper_align|Qwen3-0.6B] step=600 epoch=2.9148

                                                 

 97%|█████████▋| 600/618 [09:33<00:16,  1.12it/s]2026-09-18 17:35:05,344 INFO [rev_util_verifiability|paper_align|Qwen3-0.6B] step=600 epoch=2.9148

                                                 

 97%|█████████▋| 600/618 [09:34<00:16,  1.12it/s]
 97%|█████████▋| 601/618 [09:34<00:16,  1.04it/s]2026-09-18 17:35:05,838 INFO [rev_util_verifiability|paper_align|Qwen3-0.6B] step=601 epoch=2.9197

                                                 

 97%|█████████▋| 601/618 [09:34<00:16,  1.04it/s]2026-09-18 17:35:06,263 INFO [rev_util_verifiability|paper_align|Qwen3-0.6B] step=601 epoch=2.9197

                                                 

 97%|█████████▋| 601/618 [09:35<00:16,  1.04it/s]
 97%|█████████▋| 602/618 [09:35<00:15,  1.05it/s]2026-09-18 17:35:06,770 INFO [rev_util_verifiability|paper_align|Qwen3-0.6B] step=602 epoch=2.9246

                                                 

 97%|█████████▋| 602/618 [09:35<00:15,  1.05it/s]2026-09-18 17:35:07,220 INFO [rev_util_verifiability|paper_align|Qwen3-0.6B] step=602 epoch=2.9246

                                                 

 97%|█████████▋| 602/618 [09:36<00:15,  1.05it/s]
 98%|█████████▊| 603/618 [09:36<00:14,  1.07it/s]2026-09-18 17:35:07,666 INFO [rev_util_verifiability|paper_align|Qwen3-0.6B] step=603 epoch=2.9294

                                                 

 98%|█████████▊| 603/618 [09:36<00:14,  1.07it/s]2026-09-18 17:35:08,093 INFO [rev_util_verifiability|paper_align|Qwen3-0.6B] step=603 epoch=2.9294

                                                 

 98%|█████████▊| 603/618 [09:37<00:14,  1.07it/s]
 98%|█████████▊| 604/618 [09:37<00:13,  1.07it/s]2026-09-18 17:35:08,634 INFO [rev_util_verifiability|paper_align|Qwen3-0.6B] step=604 epoch=2.9343

                                                 

 98%|█████████▊| 604/618 [09:37<00:13,  1.07it/s]2026-09-18 17:35:09,094 INFO [rev_util_verifiability|paper_align|Qwen3-0.6B] step=604 epoch=2.9343

                                                 

 98%|█████████▊| 604/618 [09:38<00:13,  1.07it/s]
 98%|█████████▊| 605/618 [09:38<00:12,  1.05it/s]2026-09-18 17:35:09,571 INFO [rev_util_verifiability|paper_align|Qwen3-0.6B] step=605 epoch=2.9392

                                                 

 98%|█████████▊| 605/618 [09:38<00:12,  1.05it/s]2026-09-18 17:35:09,954 INFO [rev_util_verifiability|paper_align|Qwen3-0.6B] step=605 epoch=2.9392

                                                 

 98%|█████████▊| 605/618 [09:39<00:12,  1.05it/s]
 98%|█████████▊| 606/618 [09:39<00:10,  1.11it/s]2026-09-18 17:35:10,397 INFO [rev_util_verifiability|paper_align|Qwen3-0.6B] step=606 epoch=2.9440

                                                 

 98%|█████████▊| 606/618 [09:39<00:10,  1.11it/s]2026-09-18 17:35:10,885 INFO [rev_util_verifiability|paper_align|Qwen3-0.6B] step=606 epoch=2.9440

                                                 

 98%|█████████▊| 606/618 [09:39<00:10,  1.11it/s]
 98%|█████████▊| 607/618 [09:40<00:10,  1.07it/s]2026-09-18 17:35:11,381 INFO [rev_util_verifiability|paper_align|Qwen3-0.6B] step=607 epoch=2.9489

                                                 

 98%|█████████▊| 607/618 [09:40<00:10,  1.07it/s]2026-09-18 17:35:11,836 INFO [rev_util_verifiability|paper_align|Qwen3-0.6B] step=607 epoch=2.9489

                                                 

 98%|█████████▊| 607/618 [09:40<00:10,  1.07it/s]
 98%|█████████▊| 608/618 [09:41<00:09,  1.07it/s]2026-09-18 17:35:12,333 INFO [rev_util_verifiability|paper_align|Qwen3-0.6B] step=608 epoch=2.9538

                                                 

 98%|█████████▊| 608/618 [09:41<00:09,  1.07it/s]2026-09-18 17:35:12,767 INFO [rev_util_verifiability|paper_align|Qwen3-0.6B] step=608 epoch=2.9538

                                                 

 98%|█████████▊| 608/618 [09:41<00:09,  1.07it/s]
 99%|█████████▊| 609/618 [09:42<00:08,  1.09it/s]2026-09-18 17:35:13,212 INFO [rev_util_verifiability|paper_align|Qwen3-0.6B] step=609 epoch=2.9586

                                                 

 99%|█████████▊| 609/618 [09:42<00:08,  1.09it/s]2026-09-18 17:35:13,674 INFO [rev_util_verifiability|paper_align|Qwen3-0.6B] step=609 epoch=2.9586

                                                 

 99%|█████████▊| 609/618 [09:42<00:08,  1.09it/s]
 99%|█████████▊| 610/618 [09:43<00:07,  1.10it/s]2026-09-18 17:35:13,952 INFO [rev_util_verifiability|paper_align|Qwen3-0.6B] step=610 loss=0.7821 learning_rate=0.0000 epoch=2.9635

                                                 

 99%|█████████▊| 610/618 [09:43<00:07,  1.10it/s]2026-09-18 17:35:14,108 INFO [rev_util_verifiability|paper_align|Qwen3-0.6B] step=610 epoch=2.9635

                                                 

 99%|█████████▊| 610/618 [09:43<00:07,  1.10it/s]2026-09-18 17:35:14,577 INFO [rev_util_verifiability|paper_align|Qwen3-0.6B] step=610 epoch=2.9635

                                                 

 99%|█████████▊| 610/618 [09:43<00:07,  1.10it/s]
 99%|█████████▉| 611/618 [09:44<00:06,  1.04it/s]2026-09-18 17:35:15,179 INFO [rev_util_verifiability|paper_align|Qwen3-0.6B] step=611 epoch=2.9684

                                                 

 99%|█████████▉| 611/618 [09:44<00:06,  1.04it/s]2026-09-18 17:35:15,655 INFO [rev_util_verifiability|paper_align|Qwen3-0.6B] step=611 epoch=2.9684

                                                 

 99%|█████████▉| 611/618 [09:44<00:06,  1.04it/s]
 99%|█████████▉| 612/618 [09:45<00:05,  1.05it/s]2026-09-18 17:35:16,114 INFO [rev_util_verifiability|paper_align|Qwen3-0.6B] step=612 epoch=2.9732

                                                 

 99%|█████████▉| 612/618 [09:45<00:05,  1.05it/s]2026-09-18 17:35:16,561 INFO [rev_util_verifiability|paper_align|Qwen3-0.6B] step=612 epoch=2.9732

                                                 

 99%|█████████▉| 612/618 [09:45<00:05,  1.05it/s]
 99%|█████████▉| 613/618 [09:45<00:04,  1.06it/s]2026-09-18 17:35:17,031 INFO [rev_util_verifiability|paper_align|Qwen3-0.6B] step=613 epoch=2.9781

                                                 

 99%|█████████▉| 613/618 [09:46<00:04,  1.06it/s]2026-09-18 17:35:17,472 INFO [rev_util_verifiability|paper_align|Qwen3-0.6B] step=613 epoch=2.9781

                                                 

 99%|█████████▉| 613/618 [09:46<00:04,  1.06it/s]
 99%|█████████▉| 614/618 [09:46<00:03,  1.08it/s]2026-09-18 17:35:17,989 INFO [rev_util_verifiability|paper_align|Qwen3-0.6B] step=614 epoch=2.9830

                                                 

 99%|█████████▉| 614/618 [09:47<00:03,  1.08it/s]2026-09-18 17:35:18,627 INFO [rev_util_verifiability|paper_align|Qwen3-0.6B] step=614 epoch=2.9830

                                                 

 99%|█████████▉| 614/618 [09:47<00:03,  1.08it/s]
100%|█████████▉| 615/618 [09:48<00:03,  1.01s/it]2026-09-18 17:35:19,141 INFO [rev_util_verifiability|paper_align|Qwen3-0.6B] step=615 epoch=2.9878

                                                 

100%|█████████▉| 615/618 [09:48<00:03,  1.01s/it]2026-09-18 17:35:19,600 INFO [rev_util_verifiability|paper_align|Qwen3-0.6B] step=615 epoch=2.9878

                                                 

100%|█████████▉| 615/618 [09:48<00:03,  1.01s/it]
100%|█████████▉| 616/618 [09:48<00:01,  1.02it/s]2026-09-18 17:35:20,020 INFO [rev_util_verifiability|paper_align|Qwen3-0.6B] step=616 epoch=2.9927

                                                 

100%|█████████▉| 616/618 [09:49<00:01,  1.02it/s]2026-09-18 17:35:20,453 INFO [rev_util_verifiability|paper_align|Qwen3-0.6B] step=616 epoch=2.9927

                                                 

100%|█████████▉| 616/618 [09:49<00:01,  1.02it/s]
100%|█████████▉| 617/618 [09:49<00:00,  1.06it/s]2026-09-18 17:35:20,861 INFO [rev_util_verifiability|paper_align|Qwen3-0.6B] step=617 epoch=2.9976

                                                 

100%|█████████▉| 617/618 [09:49<00:00,  1.06it/s]
100%|██████████| 618/618 [09:50<00:00,  1.31it/s]{'paper_align_label_loss': '0.01119', 'paper_align_reason_loss': '0.6632', 'epoch': '2.803'}
{'paper_align_label_loss': '0.01827', 'paper_align_reason_loss': '0.6981', 'epoch': '2.808'}
{'paper_align_label_loss': '0.01997', 'paper_align_reason_loss': '0.6324', 'epoch': '2.808'}
{'paper_align_label_loss': '0.07392', 'paper_align_reason_loss': '0.6987', 'epoch': '2.813'}
{'paper_align_label_loss': '0.03989', 'paper_align_reason_loss': '0.8488', 'epoch': '2.813'}
{'loss': '0.768', 'grad_norm': '2.452', 'learning_rate': '1.042e-06', 'epoch': '2.818'}
{'paper_align_label_loss': '0.0203', 'paper_align_reason_loss': '0.7961', 'epoch': '2.818'}
{'paper_align_label_loss': '0.02836', 'paper_align_reason_loss': '0.7362', 'epoch': '2.818'}
{'paper_align_label_loss': '0.05799', 'paper_align_reason_loss': '0.655', 'epoch': '2.822'}
{'paper_align_label_loss': '0.03992', 'paper_align_reason_loss': '0.7195', 'epoch': '2.822'}
{'paper_align_label_loss': '0.06062', 'paper_align_reason_loss': '0.9011', 'epoch': '2.827'}
{'paper_align_label_loss': '0.02193', 'paper_align_reason_loss': '0.8035', 'epoch': '2.827'}
{'paper_align_label_loss': '0.02065', 'paper_align_reason_loss': '0.8886', 'epoch': '2.832'}
{'paper_align_label_loss': '0.00522', 'paper_align_reason_loss': '0.499', 'epoch': '2.832'}
{'paper_align_label_loss': '0.05086', 'paper_align_reason_loss': '0.9957', 'epoch': '2.837'}
{'paper_align_label_loss': '0.03049', 'paper_align_reason_loss': '0.9773', 'epoch': '2.837'}
{'paper_align_label_loss': '0.02582', 'paper_align_reason_loss': '0.6768', 'epoch': '2.842'}
{'paper_align_label_loss': '0.0228', 'paper_align_reason_loss': '0.7487', 'epoch': '2.842'}
{'paper_align_label_loss': '0.01641', 'paper_align_reason_loss': '0.8699', 'epoch': '2.847'}
{'paper_align_label_loss': '0.06956', 'paper_align_reason_loss': '1.119', 'epoch': '2.847'}
{'paper_align_label_loss': '0.02383', 'paper_align_reason_loss': '0.9254', 'epoch': '2.852'}
{'paper_align_label_loss': '0.04736', 'paper_align_reason_loss': '0.6427', 'epoch': '2.852'}
{'paper_align_label_loss': '0.05795', 'paper_align_reason_loss': '0.8093', 'epoch': '2.856'}
{'paper_align_label_loss': '0.0562', 'paper_align_reason_loss': '0.8818', 'epoch': '2.856'}
{'paper_align_label_loss': '0.01123', 'paper_align_reason_loss': '0.5923', 'epoch': '2.861'}
{'paper_align_label_loss': '0.04223', 'paper_align_reason_loss': '0.7469', 'epoch': '2.861'}
{'loss': '0.8348', 'grad_norm': '1.765', 'learning_rate': '5.772e-07', 'epoch': '2.866'}
{'paper_align_label_loss': '0.06383', 'paper_align_reason_loss': '0.8102', 'epoch': '2.866'}
{'paper_align_label_loss': '0.07439', 'paper_align_reason_loss': '0.809', 'epoch': '2.866'}
{'paper_align_label_loss': '0.1753', 'paper_align_reason_loss': '0.935', 'epoch': '2.871'}
{'paper_align_label_loss': '0.04895', 'paper_align_reason_loss': '0.9152', 'epoch': '2.871'}
{'paper_align_label_loss': '0.03982', 'paper_align_reason_loss': '0.6189', 'epoch': '2.876'}
{'paper_align_label_loss': '0.1442', 'paper_align_reason_loss': '0.6802', 'epoch': '2.876'}
{'paper_align_label_loss': '0.09442', 'paper_align_reason_loss': '0.8', 'epoch': '2.881'}
{'paper_align_label_loss': '0.03021', 'paper_align_reason_loss': '0.7681', 'epoch': '2.881'}
{'paper_align_label_loss': '0.1535', 'paper_align_reason_loss': '0.9145', 'epoch': '2.886'}
{'paper_align_label_loss': '0.003152', 'paper_align_reason_loss': '0.5443', 'epoch': '2.886'}
{'paper_align_label_loss': '0.01917', 'paper_align_reason_loss': '0.6967', 'epoch': '2.891'}
{'paper_align_label_loss': '0.05961', 'paper_align_reason_loss': '0.8716', 'epoch': '2.891'}
{'paper_align_label_loss': '0.008651', 'paper_align_reason_loss': '0.7265', 'epoch': '2.895'}
{'paper_align_label_loss': '0.1837', 'paper_align_reason_loss': '0.6465', 'epoch': '2.895'}
{'paper_align_label_loss': '0.009475', 'paper_align_reason_loss': '0.8008', 'epoch': '2.9'}
{'paper_align_label_loss': '0.1626', 'paper_align_reason_loss': '0.8294', 'epoch': '2.9'}
{'paper_align_label_loss': '0.03016', 'paper_align_reason_loss': '0.8681', 'epoch': '2.905'}
{'paper_align_label_loss': '0.003131', 'paper_align_reason_loss': '0.7431', 'epoch': '2.905'}
{'paper_align_label_loss': '0.009856', 'paper_align_reason_loss': '0.6222', 'epoch': '2.91'}
{'paper_align_label_loss': '0.05433', 'paper_align_reason_loss': '0.6777', 'epoch': '2.91'}
{'loss': '0.8323', 'grad_norm': '1.969', 'learning_rate': '2.48e-07', 'epoch': '2.915'}
{'paper_align_label_loss': '0.02021', 'paper_align_reason_loss': '0.6717', 'epoch': '2.915'}
{'paper_align_label_loss': '0.01148', 'paper_align_reason_loss': '0.7543', 'epoch': '2.915'}
{'paper_align_label_loss': '0.1221', 'paper_align_reason_loss': '0.523', 'epoch': '2.92'}
{'paper_align_label_loss': '0.1156', 'paper_align_reason_loss': '0.935', 'epoch': '2.92'}
{'paper_align_label_loss': '0.01186', 'paper_align_reason_loss': '0.5796', 'epoch': '2.925'}
{'paper_align_label_loss': '0.06381', 'paper_align_reason_loss': '0.7378', 'epoch': '2.925'}
{'paper_align_label_loss': '0.006657', 'paper_align_reason_loss': '0.6081', 'epoch': '2.929'}
{'paper_align_label_loss': '0.01548', 'paper_align_reason_loss': '0.6596', 'epoch': '2.929'}
{'paper_align_label_loss': '0.01976', 'paper_align_reason_loss': '0.8507', 'epoch': '2.934'}
{'paper_align_label_loss': '0.02949', 'paper_align_reason_loss': '0.852', 'epoch': '2.934'}
{'paper_align_label_loss': '0.06841', 'paper_align_reason_loss': '0.7118', 'epoch': '2.939'}
{'paper_align_label_loss': '0.01088', 'paper_align_reason_loss': '0.7331', 'epoch': '2.939'}
{'paper_align_label_loss': '0.0296', 'paper_align_reason_loss': '0.7905', 'epoch': '2.944'}
{'paper_align_label_loss': '0.02394', 'paper_align_reason_loss': '0.7283', 'epoch': '2.944'}
{'paper_align_label_loss': '0.04302', 'paper_align_reason_loss': '0.7838', 'epoch': '2.949'}
{'paper_align_label_loss': '0.05826', 'paper_align_reason_loss': '0.9769', 'epoch': '2.949'}
{'paper_align_label_loss': '0.02015', 'paper_align_reason_loss': '0.8997', 'epoch': '2.954'}
{'paper_align_label_loss': '0.06717', 'paper_align_reason_loss': '0.6292', 'epoch': '2.954'}
{'paper_align_label_loss': '0.01232', 'paper_align_reason_loss': '0.8164', 'epoch': '2.959'}
{'paper_align_label_loss': '0.00113', 'paper_align_reason_loss': '0.6487', 'epoch': '2.959'}
{'loss': '0.7821', 'grad_norm': '1.44', 'learning_rate': '5.569e-08', 'epoch': '2.964'}
{'paper_align_label_loss': '0.09516', 'paper_align_reason_loss': '0.9562', 'epoch': '2.964'}
{'paper_align_label_loss': '0.03064', 'paper_align_reason_loss': '0.8274', 'epoch': '2.964'}
{'paper_align_label_loss': '0.09955', 'paper_align_reason_loss': '0.8432', 'epoch': '2.968'}
{'paper_align_label_loss': '0.008803', 'paper_align_reason_loss': '0.5977', 'epoch': '2.968'}
{'paper_align_label_loss': '0.1132', 'paper_align_reason_loss': '0.839', 'epoch': '2.973'}
{'paper_align_label_loss': '0.1107', 'paper_align_reason_loss': '0.818', 'epoch': '2.973'}
{'paper_align_label_loss': '0.03317', 'paper_align_reason_loss': '0.8729', 'epoch': '2.978'}
{'paper_align_label_loss': '0.02752', 'paper_align_reason_loss': '0.5444', 'epoch': '2.978'}
{'paper_align_label_loss': '0.05726', 'paper_align_reason_loss': '0.8925', 'epoch': '2.983'}
{'paper_align_label_loss': '0.1079', 'paper_align_reason_loss': '0.9509', 'epoch': '2.983'}
{'paper_align_label_loss': '0.2136', 'paper_align_reason_loss': '0.8061', 'epoch': '2.988'}
{'paper_align_label_loss': '0.01152', 'paper_align_reason_loss': '0.6892', 'epoch': '2.988'}
{'paper_align_label_loss': '0.01369', 'paper_align_reason_loss': '0.7904', 'epoch': '2.993'}
{'paper_align_label_loss': '0.07357', 'paper_align_reason_loss': '0.7616', 'epoch': '2.993'}
{'paper_align_label_loss': '0.06319', 'paper_align_reason_loss': '0.8', 'epoch': '2.998'}


  0%|          | 0/23 [00:00<?, ?it/s][A

 13%|█▎        | 3/23 [00:00<00:00, 20.86it/s][A

 26%|██▌       | 6/23 [00:00<00:01, 16.54it/s][A

 35%|███▍      | 8/23 [00:00<00:00, 15.62it/s][A

 43%|████▎     | 10/23 [00:00<00:00, 15.08it/s][A

 52%|█████▏    | 12/23 [00:00<00:00, 14.48it/s][A

 61%|██████    | 14/23 [00:00<00:00, 14.38it/s][A

 70%|██████▉   | 16/23 [00:01<00:00, 13.29it/s][A

 78%|███████▊  | 18/23 [00:01<00:00, 13.10it/s][A

 87%|████████▋ | 20/23 [00:01<00:00, 13.52it/s][A

 96%|█████████▌| 22/23 [00:01<00:00, 13.61it/s][A2026-09-18 17:35:22,775 INFO [rev_util_verifiability|paper_align|Qwen3-0.6B] step=618 eval_loss=0.0948 epoch=3.0000

                                                 

                                               
[A
100%|██████████| 618/618 [09:51<00:00,  1.31it/s]

100%|██████████| 23/23 [00:01<00:00, 13.61it/s][A

                                               [A2026-09-18 17:35:22,848 INFO Starting generation validation on training device cuda:0: samples=182 batch_size=32
2026-09-18 17:35:23,609 INFO Generation validation progress: 32/182
2026-09-18 17:35:24,302 INFO Generation validation progress: 64/182
2026-09-18 17:35:25,061 INFO Generation validation progress: 96/182
2026-09-18 17:35:25,896 INFO Generation validation progress: 128/182
2026-09-18 17:35:26,692 INFO Generation validation progress: 160/182
2026-09-18 17:35:27,243 INFO Generation validation progress: 182/182
2026-09-18 17:35:27,288 INFO Generation val @ epoch=3.0 step=618: acc=0.7527 macro_f1=0.6396 valid=1.0000 (retaining last checkpoint)
2026-09-18 17:35:27,289 INFO [rev_util_verifiability|paper_align|Qwen3-0.6B] step=618 eval_generation_accuracy=0.7527 eval_generation_macro_f1=0.6396 eval_generation_format_valid_rate=1.0000 eval_generation_mae=0.3077 eval_generation_qwk=0.8484 epoch=3.0000

                                                 

100%|██████████| 618/618 [09:56<00:00,  1.31it/s]2026-09-18 17:35:27,552 INFO [rev_util_verifiability|paper_align|Qwen3-0.6B] step=618 epoch=3.0000

                                                 

100%|██████████| 618/618 [09:56<00:00,  1.31it/s]
100%|██████████| 618/618 [09:56<00:00,  1.04it/s]
{'eval_loss': '0.09481', 'eval_runtime': '1.679', 'eval_samples_per_second': '108.4', 'eval_steps_per_second': '13.7', 'eval_entropy': '0.04742', 'eval_num_tokens': '0', 'eval_mean_token_accuracy': '0.9681', 'epoch': '3'}
{'eval_generation_accuracy': '0.7527', 'eval_generation_macro_f1': '0.6396', 'eval_generation_format_valid_rate': '1', 'eval_generation_invalid_outputs': 0, 'eval_generation_mae': '0.3077', 'eval_generation_qwk': '0.8484', 'epoch': '3'}
{'train_runtime': '596.6', 'train_samples_per_second': '8.262', 'train_steps_per_second': '1.036', 'train_loss': '0.963', 'epoch': '3'}

  0%|          | 0/23 [00:00<?, ?it/s]
 13%|█▎        | 3/23 [00:00<00:00, 20.69it/s]
 26%|██▌       | 6/23 [00:00<00:01, 16.28it/s]
 35%|███▍      | 8/23 [00:00<00:00, 15.47it/s]
 43%|████▎     | 10/23 [00:00<00:00, 15.07it/s]
 52%|█████▏    | 12/23 [00:00<00:00, 14.48it/s]
 61%|██████    | 14/23 [00:00<00:00, 14.41it/s]
 70%|██████▉   | 16/23 [00:01<00:00, 13.15it/s]
 78%|███████▊  | 18/23 [00:01<00:00, 12.97it/s]
 87%|████████▋ | 20/23 [00:01<00:00, 13.44it/s]
 96%|█████████▌| 22/23 [00:01<00:00, 13.59it/s]2026-09-18 17:35:29,245 INFO [rev_util_verifiability|paper_align|Qwen3-0.6B] step=618 eval_loss=0.0948 epoch=3.0000

100%|██████████| 23/23 [00:01<00:00, 14.32it/s]
2026-09-18 17:35:29,265 INFO Starting generation validation on training device cuda:0: samples=182 batch_size=32
2026-09-18 17:35:29,980 INFO Generation validation progress: 32/182
2026-09-18 17:35:30,670 INFO Generation validation progress: 64/182
2026-09-18 17:35:31,432 INFO Generation validation progress: 96/182
2026-09-18 17:35:32,270 INFO Generation validation progress: 128/182
2026-09-18 17:35:33,078 INFO Generation validation progress: 160/182
2026-09-18 17:35:33,639 INFO Generation validation progress: 182/182
2026-09-18 17:35:33,684 INFO Generation val @ epoch=3.0 step=618: acc=0.7527 macro_f1=0.6396 valid=1.0000 (retaining last checkpoint)
2026-09-18 17:35:33,685 INFO [rev_util_verifiability|paper_align|Qwen3-0.6B] step=618 eval_generation_accuracy=0.7527 eval_generation_macro_f1=0.6396 eval_generation_format_valid_rate=1.0000 eval_generation_mae=0.3077 eval_generation_qwk=0.8484 epoch=3.0000
2026-09-18 17:35:33,914 INFO [rev_util_verifiability|paper_align|Qwen3-0.6B] Completed run rev_util_verifiability#qwen3_0.6b#paper_align__seed42__2026-09-18_17-25-25 | final_epoch=3.0 final_acc=0.7527472527472527
2026-09-18 17:35:33,914 INFO [rev_util_verifiability|paper_align|Qwen3-0.6B] Validation metrics: {'samples': 182, 'score_sets': [1, 2, 3, 4, 5], 'accuracy': 0.7527472527472527, 'macro_f1': 0.6396309857702479, 'format_valid_rate': 1.0, 'invalid_outputs': 0, 'confusion_matrix': {'1': {'1': 90, '2': 3, '3': 3, '4': 0, '5': 0, 'invalid': 0}, '2': {'1': 7, '2': 8, '3': 9, '4': 0, '5': 1, 'invalid': 0}, '3': {'1': 4, '2': 6, '3': 25, '4': 1, '5': 1, 'invalid': 0}, '4': {'1': 0, '2': 1, '3': 6, '4': 9, '5': 1, 'invalid': 0}, '5': {'1': 0, '2': 0, '3': 0, '4': 2, '5': 5, 'invalid': 0}}, 'per_class': {'1': {'precision': 0.8910891089108911, 'recall': 0.9375, 'f1': 0.9137055837563451, 'support': 96}, '2': {'precision': 0.4444444444444444, 'recall': 0.32, 'f1': 0.37209302325581395, 'support': 25}, '3': {'precision': 0.5813953488372093, 'recall': 0.6756756756756757, 'f1': 0.6250000000000001, 'support': 37}, '4': {'precision': 0.75, 'recall': 0.5294117647058824, 'f1': 0.6206896551724139, 'support': 17}, '5': {'precision': 0.625, 'recall': 0.7142857142857143, 'f1': 0.6666666666666666, 'support': 7}}, 'mae': 0.3076923076923077, 'qwk': 0.8483586068988502, 'tokens': {'samples': 182, 'avg_output_tokens': 7.0, 'avg_reasoning_tokens': 0.0, 'total_output_tokens': 1274, 'total_reasoning_tokens': 0}}
