{
    "exp_name": "peerreview_abs_only_qwen25_3b",
    "model_name": "/data01/public/yangxin/small-paper/model/Qwen2.5-3B-Instruct",
    "dataset_file": "/data01/public/yangxin/small-paper/data/peerreview-bench/peerreview-bench_abs_only/prompted_meta_reviewer_abs_only.json",
    "max_model_len": 16384,
    "max_tokens": 2048,
    "temp": 0.0,
    "top_p": 1.0,
    "rollout": 1,
    "batch_size": 2,
    "enable_thinking": false,
    "output_path": "/data01/public/yangxin/small-paper/data/eval_outputs",
    "recompute_from": "",
    "task": "meta_reviewer_eval",
    "results": {
        "cascade_10way": {
            "rollout_reward_dist": [
                {
                    "-0.5": 2,
                    "0.0": 0,
                    "0.25": 0,
                    "0.5": 454,
                    "1.5": 60
                }
            ],
            "rollout_sums": [
                316.0
            ],
            "rollout_means": [
                0.6124031007751938
            ],
            "rollout_stds": [
                0.32822150984410986
            ],
            "rollout_accuracy": [
                0.11627906976744186
            ],
            "rollout_f1": [
                0.07061769102507372
            ],
            "rollout_macro_f1": [
                0.07061769102507372
            ],
            "rollout_weighted_f1": [
                0.11934120761938496
            ],
            "rollout_micro_f1": [
                0.11627906976744186
            ],
            "rollout_ten_class_accuracy": [
                0.11627906976744186
            ],
            "rollout_mse": [
                17.943579766536963
            ],
            "rollout_pearson": [
                0.10400542037623453
            ],
            "rollout_valid_rate": [
                0.9961240310077519
            ],
            "overall_aspect_reward_dist": {
                "-0.5": 2,
                "0.0": 0,
                "0.25": 0,
                "0.5": 454,
                "1.5": 60
            },
            "overall_aspect_reward_mean": 0.6124031007751938,
            "aspect_reward_mean_stds": 0.32822150984410986,
            "accuracy_mean": 0.11627906976744186,
            "accuracy_std": 0.0,
            "f1_mean": 0.07061769102507372,
            "f1_std": 0.0,
            "macro_f1_mean": 0.07061769102507372,
            "macro_f1_std": 0.0,
            "weighted_f1_mean": 0.11934120761938496,
            "weighted_f1_std": 0.0,
            "micro_f1_mean": 0.11627906976744186,
            "micro_f1_std": 0.0,
            "ten_class_accuracy_mean": 0.11627906976744186,
            "ten_class_accuracy_std": 0.0,
            "mse_mean": 17.943579766536963,
            "mse_std": 0.0,
            "pearson_mean": 0.10400542037623453,
            "pearson_std": 0.0,
            "valid_rate_mean": 0.9961240310077519,
            "paper_metrics": {
                "accuracy": "0.1163 \u00b1 0.0000",
                "f1": "0.0706 \u00b1 0.0000",
                "macro_f1": "0.0706 \u00b1 0.0000",
                "weighted_f1": "0.1193 \u00b1 0.0000",
                "micro_f1": "0.1163 \u00b1 0.0000",
                "ten_class_accuracy": "0.1163 \u00b1 0.0000",
                "mse": "17.9436 \u00b1 0.0000",
                "pearson": "0.1040 \u00b1 0.0000"
            },
            "peerreview_task2_metrics": {
                "accuracy": "0.1163 \u00b1 0.0000",
                "f1": "0.0706 \u00b1 0.0000",
                "ten_class_accuracy": "0.1163 \u00b1 0.0000",
                "macro_f1": "0.0706 \u00b1 0.0000"
            }
        },
        "whole_task": {
            "rollout_reward_dist": [
                {
                    "-0.5": 2,
                    "0.0": 0,
                    "0.25": 0,
                    "0.5": 454,
                    "1.5": 60
                }
            ],
            "rollout_sums": [
                316.0
            ],
            "rollout_means": [
                0.6124031007751938
            ],
            "rollout_stds": [
                0.32822150984410986
            ],
            "rollout_accuracy": [
                0.11627906976744186
            ],
            "rollout_f1": [
                0.07061769102507372
            ],
            "rollout_macro_f1": [
                0.07061769102507372
            ],
            "rollout_weighted_f1": [
                0.11934120761938496
            ],
            "rollout_micro_f1": [
                0.11627906976744186
            ],
            "rollout_ten_class_accuracy": [
                0.11627906976744186
            ],
            "rollout_mse": [
                17.943579766536963
            ],
            "rollout_pearson": [
                0.10400542037623453
            ],
            "rollout_valid_rate": [
                0.9961240310077519
            ],
            "overall_task_reward_dist": {
                "-0.5": 2,
                "0.0": 0,
                "0.25": 0,
                "0.5": 454,
                "1.5": 60
            },
            "overall_task_reward_mean": 0.6124031007751938,
            "task_reward_mean_stds": 0.32822150984410986,
            "accuracy_mean": 0.11627906976744186,
            "accuracy_std": 0.0,
            "f1_mean": 0.07061769102507372,
            "f1_std": 0.0,
            "macro_f1_mean": 0.07061769102507372,
            "macro_f1_std": 0.0,
            "weighted_f1_mean": 0.11934120761938496,
            "weighted_f1_std": 0.0,
            "micro_f1_mean": 0.11627906976744186,
            "micro_f1_std": 0.0,
            "ten_class_accuracy_mean": 0.11627906976744186,
            "ten_class_accuracy_std": 0.0,
            "mse_mean": 17.943579766536963,
            "mse_std": 0.0,
            "pearson_mean": 0.10400542037623453,
            "pearson_std": 0.0,
            "valid_rate_mean": 0.9961240310077519,
            "paper_metrics": {
                "accuracy": "0.1163 \u00b1 0.0000",
                "f1": "0.0706 \u00b1 0.0000",
                "macro_f1": "0.0706 \u00b1 0.0000",
                "weighted_f1": "0.1193 \u00b1 0.0000",
                "micro_f1": "0.1163 \u00b1 0.0000",
                "ten_class_accuracy": "0.1163 \u00b1 0.0000",
                "mse": "17.9436 \u00b1 0.0000",
                "pearson": "0.1040 \u00b1 0.0000"
            },
            "peerreview_task2_metrics": {
                "accuracy": "0.1163 \u00b1 0.0000",
                "f1": "0.0706 \u00b1 0.0000",
                "ten_class_accuracy": "0.1163 \u00b1 0.0000",
                "macro_f1": "0.0706 \u00b1 0.0000"
            }
        }
    }
}