{
  "exp_name": "rw_gen_coherence_lora_ckpt615",
  "backend": "vllm-merged",
  "model_name": "/data01/public/yangxin/small-paper/model/Qwen3-4B",
  "adapter": "/data01/public/yangxin/small-paper/train_outputs/lora/rw_gen_coherence/rw_gen_coherence#qwen3_4b#distill_deepseek-v4-pro__seed42__20260720T072305Z/checkpoints/checkpoint-410",
  "merged_model": "/data01/public/yangxin/small-paper/eval_data/.merged_models/3139ec86b5e97a6f",
  "dataset_file": "/data01/public/yangxin/small-paper/test_data/prompted_rw_gen_coherence_data.json",
  "seed": 42,
  "rollout": 1,
  "temp": 0.0,
  "top_p": 1.0,
  "max_model_len": 8192,
  "max_tokens": 512,
  "batch_size": 64,
  "gpu_memory_utilization": 0.9,
  "enable_thinking": false,
  "finished_at_utc": "2026-07-20T12:52:11.475962+00:00",
  "aggregate": {
    "samples": 1048,
    "accuracy": 0.7490458015267175,
    "macro_f1": 0.7572138126773889,
    "format_valid_rate": 0.9780534351145038,
    "per_class": {
      "0": {
        "precision": 0.774390243902439,
        "recall": 0.7270992366412213,
        "f1": 0.75,
        "support": 524
      },
      "1": {
        "precision": 0.7579737335834896,
        "recall": 0.7709923664122137,
        "f1": 0.7644276253547777,
        "support": 524
      }
    }
  },
  "rollouts": [
    {
      "samples": 1048,
      "accuracy": 0.7490458015267175,
      "macro_f1": 0.7572138126773889,
      "format_valid_rate": 0.9780534351145038,
      "per_class": {
        "0": {
          "precision": 0.774390243902439,
          "recall": 0.7270992366412213,
          "f1": 0.75,
          "support": 524
        },
        "1": {
          "precision": 0.7579737335834896,
          "recall": 0.7709923664122137,
          "f1": 0.7644276253547777,
          "support": 524
        }
      },
      "elapsed_sec": 177.375,
      "samples_per_sec": 5.908
    }
  ]
}
