processing 545 records: editor=glm-5.3-flash, reviewer=MiniMax-M3
[1/545] cot_sft:rev_util_actionability:42:actionability_test_0027:label_only_correct_to_cot_severe round 1: edit
[1/545] cot_sft:rev_util_actionability:42:actionability_test_0027:label_only_correct_to_cot_severe round 1: review
[1/545] rejected; issues=["The corrected rationale says the comment 'fits the rubric description of an explicit action with concrete details on how to apply it,' which is the language of score 5. While the correction guidance says the mapping to score 3 was wrong, it only says it should be higher without specifying which score; stating it matches score 5's description risks directly indicating the numeric/gold label. A more neutral phrasing is needed.", "The added detail 'at their first occurrence' is an embellishment not present in the original comment or the error targets. The candidate introduces this as part of the rationale, which goes beyond correcting the listed errors and could be seen as inventing evidence about what the comment specifies."]
[1/545] cot_sft:rev_util_actionability:42:actionability_test_0027:label_only_correct_to_cot_severe round 2: edit
[1/545] cot_sft:rev_util_actionability:42:actionability_test_0027:label_only_correct_to_cot_severe round 2: review
[1/545] approved cot_sft:rev_util_actionability:42:actionability_test_0027:label_only_correct_to_cot_severe
[2/545] cot_sft:rev_util_actionability:42:actionability_test_0063:label_only_correct_to_cot_severe round 1: edit
[2/545] cot_sft:rev_util_actionability:42:actionability_test_0063:label_only_correct_to_cot_severe round 1: review
[2/545] approved cot_sft:rev_util_actionability:42:actionability_test_0063:label_only_correct_to_cot_severe
[3/545] cot_sft:rev_util_actionability:42:actionability_test_0102:label_only_correct_to_cot_severe round 1: edit
[3/545] cot_sft:rev_util_actionability:42:actionability_test_0102:label_only_correct_to_cot_severe round 1: review
[3/545] rejected; issues=["The corrected rationale maps the comment to 'the highest rubric level' (score 5), which effectively states the gold label/score category despite avoiding an explicit number. This is a semantic restatement of a numeric score and violates the rule against directly stating the gold label."]
[3/545] cot_sft:rev_util_actionability:42:actionability_test_0102:label_only_correct_to_cot_severe round 2: edit
[3/545] cot_sft:rev_util_actionability:42:actionability_test_0102:label_only_correct_to_cot_severe round 2: review
[3/545] approved cot_sft:rev_util_actionability:42:actionability_test_0102:label_only_correct_to_cot_severe
[4/545] cot_sft:rev_util_actionability:42:actionability_test_0107:label_only_correct_to_cot_severe round 1: edit
[4/545] cot_sft:rev_util_actionability:42:actionability_test_0107:label_only_correct_to_cot_severe round 1: review
[4/545] approved cot_sft:rev_util_actionability:42:actionability_test_0107:label_only_correct_to_cot_severe
[5/545] cot_sft:rev_util_actionability:42:actionability_test_0137:label_only_correct_to_cot_severe round 1: edit
[5/545] cot_sft:rev_util_actionability:42:actionability_test_0137:label_only_correct_to_cot_severe round 1: review
[5/545] approved cot_sft:rev_util_actionability:42:actionability_test_0137:label_only_correct_to_cot_severe
[6/545] cot_sft:rev_util_actionability:42:actionability_test_0155:label_only_correct_to_cot_severe round 1: edit
[6/545] cot_sft:rev_util_actionability:42:actionability_test_0155:label_only_correct_to_cot_severe round 1: review
[6/545] approved cot_sft:rev_util_actionability:42:actionability_test_0155:label_only_correct_to_cot_severe
[7/545] cot_sft:rev_util_actionability:42:actionability_test_0159:label_only_correct_to_cot_severe round 1: edit
[7/545] cot_sft:rev_util_actionability:42:actionability_test_0159:label_only_correct_to_cot_severe round 1: review
[7/545] rejected; issues=["The corrected rationale directly states a score by referencing 'the highest rubric level' without restating what that entails. While it avoids a specific number, the phrase 'highest rubric level' is a direct statement of the gold label/score band.", "The original rationale's first sentence ('The comment explicitly states that the authors would appreciate more mathematical details to clarify...') was not flagged as an error target but the candidate_edit leaves it intact while the error_targets label sentence_index 1 (which matches this sentence) as unsupported_inference. The candidate should have revised or clarified this sentence to address the identified error, but it appears to retain the original problematic framing without modification.", 'The change_log does not include an entry for the first sentence that was identified as an error target (sentence_index 1), creating inconsistency between the error corrections and the actual edits made.']
[7/545] cot_sft:rev_util_actionability:42:actionability_test_0159:label_only_correct_to_cot_severe round 2: edit
[7/545] cot_sft:rev_util_actionability:42:actionability_test_0159:label_only_correct_to_cot_severe round 2: review
[7/545] approved cot_sft:rev_util_actionability:42:actionability_test_0159:label_only_correct_to_cot_severe
[8/545] cot_sft:rev_util_actionability:42:actionability_test_0165:label_only_correct_to_cot_severe round 1: edit
[8/545] cot_sft:rev_util_actionability:42:actionability_test_0165:label_only_correct_to_cot_severe round 1: review
[8/545] approved cot_sft:rev_util_actionability:42:actionability_test_0165:label_only_correct_to_cot_severe
[9/545] cot_sft:rev_util_actionability:42:actionability_test_0181:label_only_correct_to_cot_severe round 1: edit
[9/545] cot_sft:rev_util_actionability:42:actionability_test_0181:label_only_correct_to_cot_severe round 1: review
[9/545] approved cot_sft:rev_util_actionability:42:actionability_test_0181:label_only_correct_to_cot_severe
[10/545] cot_sft:rev_util_actionability:42:actionability_test_0220:label_only_correct_to_cot_severe round 1: edit
[10/545] cot_sft:rev_util_actionability:42:actionability_test_0220:label_only_correct_to_cot_severe round 1: review
[10/545] approved cot_sft:rev_util_actionability:42:actionability_test_0220:label_only_correct_to_cot_severe
[11/545] cot_sft:rev_util_actionability:42:actionability_test_0249:label_only_correct_to_cot_severe round 1: edit
[11/545] cot_sft:rev_util_actionability:42:actionability_test_0249:label_only_correct_to_cot_severe round 1: review
[11/545] approved cot_sft:rev_util_actionability:42:actionability_test_0249:label_only_correct_to_cot_severe
[12/545] cot_sft:rev_util_actionability:42:actionability_test_0268:label_only_correct_to_cot_severe round 1: edit
[12/545] cot_sft:rev_util_actionability:42:actionability_test_0268:label_only_correct_to_cot_severe round 1: review
[12/545] approved cot_sft:rev_util_actionability:42:actionability_test_0268:label_only_correct_to_cot_severe
[13/545] cot_sft:rev_util_actionability:42:actionability_test_0295:label_only_correct_to_cot_severe round 1: edit
[13/545] cot_sft:rev_util_actionability:42:actionability_test_0295:label_only_correct_to_cot_severe round 1: review
[13/545] rejected; issues=["The corrected rationale directly states a final score/band mapping ('meets the criteria of an explicit action with concrete details that authors know exactly how to apply'), which essentially declares the rubric level (score 5). While the numeric value is omitted, the explicit mapping to the top-tier criterion effectively reveals the gold label.", "The original rationale's first sentence ('The comment explicitly states that the training time of the supernet should be listed for comparison. This is a direct action: the authors know they need to add the training time.') is correct and should be preserved; the edit does preserve it, but the issue of explicit score mapping remains."]
[13/545] cot_sft:rev_util_actionability:42:actionability_test_0295:label_only_correct_to_cot_severe round 2: edit
[13/545] cot_sft:rev_util_actionability:42:actionability_test_0295:label_only_correct_to_cot_severe round 2: review
[13/545] approved cot_sft:rev_util_actionability:42:actionability_test_0295:label_only_correct_to_cot_severe
[14/545] cot_sft:rev_util_actionability:42:actionability_test_0313:label_only_correct_to_cot_severe round 1: edit
[14/545] cot_sft:rev_util_actionability:42:actionability_test_0313:label_only_correct_to_cot_severe round 1: review
[14/545] approved cot_sft:rev_util_actionability:42:actionability_test_0313:label_only_correct_to_cot_severe
[15/545] cot_sft:rev_util_actionability:42:actionability_test_0330:label_only_correct_to_cot_severe round 1: edit
[15/545] cot_sft:rev_util_actionability:42:actionability_test_0330:label_only_correct_to_cot_severe round 1: review
[15/545] approved cot_sft:rev_util_actionability:42:actionability_test_0330:label_only_correct_to_cot_severe
[16/545] cot_sft:rev_util_actionability:42:actionability_test_0350:label_only_correct_to_cot_severe round 1: edit
[16/545] cot_sft:rev_util_actionability:42:actionability_test_0350:label_only_correct_to_cot_severe round 1: review
[16/545] approved cot_sft:rev_util_actionability:42:actionability_test_0350:label_only_correct_to_cot_severe
[17/545] cot_sft:rev_util_actionability:42:actionability_test_0395:label_only_correct_to_cot_severe round 1: edit
[17/545] cot_sft:rev_util_actionability:42:actionability_test_0395:label_only_correct_to_cot_severe round 1: review
[17/545] approved cot_sft:rev_util_actionability:42:actionability_test_0395:label_only_correct_to_cot_severe
[18/545] cot_sft:rev_util_actionability:42:actionability_test_0428:label_only_correct_to_cot_severe round 1: edit
[18/545] cot_sft:rev_util_actionability:42:actionability_test_0428:label_only_correct_to_cot_severe round 1: review
[18/545] approved cot_sft:rev_util_actionability:42:actionability_test_0428:label_only_correct_to_cot_severe
[19/545] cot_sft:rev_util_actionability:42:actionability_test_0431:label_only_correct_to_cot_severe round 1: edit
[19/545] cot_sft:rev_util_actionability:42:actionability_test_0431:label_only_correct_to_cot_severe round 1: review
[19/545] approved cot_sft:rev_util_actionability:42:actionability_test_0431:label_only_correct_to_cot_severe
[20/545] cot_sft:rev_util_actionability:42:actionability_test_0480:label_only_correct_to_cot_severe round 1: edit
[20/545] cot_sft:rev_util_actionability:42:actionability_test_0480:label_only_correct_to_cot_severe round 1: review
[20/545] rejected; issues=["The corrected rationale and change_log effectively directly map to the highest rubric band ('matching the top criteria of the rubric'), which functions as stating the gold label despite avoiding a numeric score; this violates the instruction that the rationale must not directly state a numeric final score or gold label.", 'The candidate_edit does not preserve any meaningful original reasoning; it replaces every sentence from the original rationale, which goes beyond correcting the listed errors and reconstructs the argument entirely, weakening coherence with the source material.', "The correction_guidance for the third error target explicitly references '[score omitted]' in the source, but the candidate's revised sentence ('matching the top criteria of the rubric') effectively reveals the gold label band, constituting indirect label leakage beyond what is permitted."]
[20/545] cot_sft:rev_util_actionability:42:actionability_test_0480:label_only_correct_to_cot_severe round 2: edit
[20/545] cot_sft:rev_util_actionability:42:actionability_test_0480:label_only_correct_to_cot_severe round 2: review
[20/545] approved cot_sft:rev_util_actionability:42:actionability_test_0480:label_only_correct_to_cot_severe
[21/545] cot_sft:rev_util_actionability:42:actionability_test_0498:label_only_correct_to_cot_severe round 1: edit
[21/545] cot_sft:rev_util_actionability:42:actionability_test_0498:label_only_correct_to_cot_severe round 1: review
[21/545] approved cot_sft:rev_util_actionability:42:actionability_test_0498:label_only_correct_to_cot_severe
[22/545] cot_sft:rev_util_actionability:42:actionability_test_0499:label_only_correct_to_cot_severe round 1: edit
[22/545] cot_sft:rev_util_actionability:42:actionability_test_0499:label_only_correct_to_cot_severe round 1: review
[22/545] rejected; issues=["The corrected rationale states 'which corresponds to the top level of the rubric,' which, while not giving a numeric score, explicitly identifies the top/best rubric band. Although this is slightly indirect, it closely approximates stating the gold label (level 5) and should be phrased more neutrally, e.g., 'which corresponds to the highest rubric level' without further specification, or simply describing the mapping without naming the tier.", "The replacement sentence for sentence_index 4 ('The rubric's concreteness standard is whether authors know exactly what needs to be done and how to apply it; prescribing formatting choices like bullet points or subsections would impose a stricter threshold than the rubric defines.') omits the explicit acknowledgment that the authors indeed know what to do (separate the descriptions in section 2), which was the factual correction needed. It focuses on the rubric threshold but does not affirm that the comment already provides sufficient guidance.", "The rationale now drops the earlier observation that the comment is 'a direct instruction, so the action is explicit,' and merges the explicitness and concreteness into one paragraph; while not an error per se, it slightly reduces coherence. This is minor but worth noting."]
[22/545] cot_sft:rev_util_actionability:42:actionability_test_0499:label_only_correct_to_cot_severe round 2: edit
[22/545] cot_sft:rev_util_actionability:42:actionability_test_0499:label_only_correct_to_cot_severe round 2: review
[22/545] failed cot_sft:rev_util_actionability:42:actionability_test_0499:label_only_correct_to_cot_severe: MiniMax-M3 failed at review round 2: HTTP 529: {"error":{"message":"overloaded_error (529)","type":"overloaded_error","param":"","code":null}}
[23/545] cot_sft:rev_util_actionability:42:actionability_test_0501:label_only_correct_to_cot_severe round 1: edit
[23/545] cot_sft:rev_util_actionability:42:actionability_test_0501:label_only_correct_to_cot_severe round 1: review
[23/545] approved cot_sft:rev_util_actionability:42:actionability_test_0501:label_only_correct_to_cot_severe
[24/545] cot_sft:rev_util_actionability:42:actionability_test_0506:label_only_correct_to_cot_severe round 1: edit
[24/545] cot_sft:rev_util_actionability:42:actionability_test_0506:label_only_correct_to_cot_severe round 1: review
[24/545] rejected; issues=["The corrected rationale states 'This matches the description for a top rating, where an explicit action is combined with concrete details on how to implement it.' This directly conveys the numeric/gold label (top rating = score 5) without using a number, effectively disclosing the final classification. The rubric forbids directly stating the numeric final score or gold label.", "The sentence 'This matches the description for a top rating, where an explicit action is combined with concrete details on how to implement it' should be reworded to describe the rubric band qualitatively (e.g., 'the highest rubric level') without naming the specific score tier."]
[24/545] cot_sft:rev_util_actionability:42:actionability_test_0506:label_only_correct_to_cot_severe round 2: edit
[24/545] cot_sft:rev_util_actionability:42:actionability_test_0506:label_only_correct_to_cot_severe round 2: review
[24/545] approved cot_sft:rev_util_actionability:42:actionability_test_0506:label_only_correct_to_cot_severe
[25/545] cot_sft:rev_util_actionability:42:actionability_test_0508:label_only_correct_to_cot_severe round 1: edit
[25/545] cot_sft:rev_util_actionability:42:actionability_test_0508:label_only_correct_to_cot_severe round 1: review
[25/545] approved cot_sft:rev_util_actionability:42:actionability_test_0508:label_only_correct_to_cot_severe
[26/545] cot_sft:rev_util_actionability:42:actionability_test_0514:label_only_correct_to_cot_severe round 1: edit
[26/545] cot_sft:rev_util_actionability:42:actionability_test_0514:label_only_correct_to_cot_severe round 1: review
[26/545] approved cot_sft:rev_util_actionability:42:actionability_test_0514:label_only_correct_to_cot_severe
[27/545] cot_sft:rev_util_actionability:42:actionability_test_0519:label_only_correct_to_cot_severe round 1: edit
[27/545] cot_sft:rev_util_actionability:42:actionability_test_0519:label_only_correct_to_cot_severe round 1: review
[27/545] approved cot_sft:rev_util_actionability:42:actionability_test_0519:label_only_correct_to_cot_severe
[28/545] cot_sft:rev_util_actionability:42:actionability_test_0612:label_only_correct_to_cot_severe round 1: edit
[28/545] cot_sft:rev_util_actionability:42:actionability_test_0612:label_only_correct_to_cot_severe round 1: review
[28/545] approved cot_sft:rev_util_actionability:42:actionability_test_0612:label_only_correct_to_cot_severe
[29/545] cot_sft:rev_util_actionability:42:actionability_test_0654:label_only_correct_to_cot_severe round 1: edit
[29/545] cot_sft:rev_util_actionability:42:actionability_test_0654:label_only_correct_to_cot_severe round 1: review
[29/545] rejected; issues=["The corrected rationale effectively states the mapping to level 5 ('explicit actions with concrete details on how to apply them') and 'clearly identifiable, location-specific, and supported by definitional context and comparison targets', which constitutes a direct statement of the gold label/rubric band equivalent to a score of 5. The original error target's correction_guidance intentionally omits the numeric score (using '[score omitted]'), and the candidate edit should describe the qualities without explicitly anchoring to level 5. The phrase 'explicit actions with concrete details on how to apply them' mirrors the level 5 rubric wording too directly.", "Similarly, the change_log corrected sentences say the action 'is already concrete per the rubric' and 'the corrected conclusion reflects that the comment has explicit and concrete actionable content', which explicitly convey the highest rubric band rather than just describing qualities neutrally."]
[29/545] cot_sft:rev_util_actionability:42:actionability_test_0654:label_only_correct_to_cot_severe round 2: edit
[29/545] cot_sft:rev_util_actionability:42:actionability_test_0654:label_only_correct_to_cot_severe round 2: review
[29/545] approved cot_sft:rev_util_actionability:42:actionability_test_0654:label_only_correct_to_cot_severe
[30/545] cot_sft:rev_util_actionability:42:actionability_test_0655:label_only_correct_to_cot_severe round 1: edit
[30/545] cot_sft:rev_util_actionability:42:actionability_test_0655:label_only_correct_to_cot_severe round 1: review
[30/545] approved cot_sft:rev_util_actionability:42:actionability_test_0655:label_only_correct_to_cot_severe
[31/545] cot_sft:rev_util_actionability:42:actionability_test_0663:label_only_correct_to_cot_severe round 1: edit
[31/545] cot_sft:rev_util_actionability:42:actionability_test_0663:label_only_correct_to_cot_severe round 1: review
[31/545] approved cot_sft:rev_util_actionability:42:actionability_test_0663:label_only_correct_to_cot_severe
[32/545] cot_sft:rev_util_actionability:42:actionability_test_0682:label_only_correct_to_cot_severe round 1: edit
[32/545] cot_sft:rev_util_actionability:42:actionability_test_0682:label_only_correct_to_cot_severe round 1: review
[32/545] rejected; issues=["The corrected rationale does not include any explicit numeric score or gold label, which is fine, but the original sentence 2 ('The comment explicitly states an action...') is repeated almost verbatim from the original rationale. The error target only lists sentences 2, 3, and 5 as needing correction. However, sentence 2's error is described as both a factual_error and rubric_misapplication: it claims the action is 'concrete and specific' when it is not. The corrected sentence 1 ('This is a direct suggestion to test the Table 6 results on the dev set.') does address this, but the next sentence ('However, while the action is explicit, it lacks concrete implementation details...') should clearly state that the action is explicit but NOT concrete, rather than just implying it. This is borderline acceptable but could be more explicit.", "More critically, the corrected rationale is missing the preservation of the correct reasoning about the 'Otherwise, there are too many test set results' part. The original rationale correctly noted that this phrase implies reducing test set results. The corrected rationale mentions this but does not fully analyze whether this is an implicit vs explicit action. Looking at the correction guidance, the error targets focus on the over-claiming of concreteness. The corrected version addresses this by removing the claims of concreteness and explicit details about running experiments.", 'The candidate edit does not directly state a numeric final score or gold label, which satisfies criterion 3.', "The corrected rationale reads coherently and addresses each error target: (1) sentence 2's claim of concreteness is removed, (2) sentence 3's unsupported inference about running experiments is removed, (3) sentence 5's incorrect claim of 'fully actionable with explicit and concrete details' is corrected to match the level-3 description."]
[32/545] cot_sft:rev_util_actionability:42:actionability_test_0682:label_only_correct_to_cot_severe round 2: edit
[32/545] cot_sft:rev_util_actionability:42:actionability_test_0682:label_only_correct_to_cot_severe round 2: review
[32/545] approved cot_sft:rev_util_actionability:42:actionability_test_0682:label_only_correct_to_cot_severe
[33/545] cot_sft:rev_util_actionability:42:actionability_test_0686:label_only_correct_to_cot_severe round 1: edit
[33/545] cot_sft:rev_util_actionability:42:actionability_test_0686:label_only_correct_to_cot_severe round 1: review
[33/545] approved cot_sft:rev_util_actionability:42:actionability_test_0686:label_only_correct_to_cot_severe
[34/545] cot_sft:rev_util_actionability:42:actionability_test_0697:label_only_correct_to_cot_severe round 1: edit
[34/545] cot_sft:rev_util_actionability:42:actionability_test_0697:label_only_correct_to_cot_severe round 1: review
[34/545] approved cot_sft:rev_util_actionability:42:actionability_test_0697:label_only_correct_to_cot_severe
[35/545] cot_sft:rev_util_actionability:42:actionability_test_0738:label_only_correct_to_cot_severe round 1: edit
[35/545] cot_sft:rev_util_actionability:42:actionability_test_0738:label_only_correct_to_cot_severe round 1: review
[35/545] approved cot_sft:rev_util_actionability:42:actionability_test_0738:label_only_correct_to_cot_severe
[36/545] cot_sft:rev_util_actionability:42:actionability_test_0768:label_only_correct_to_cot_severe round 1: edit
[36/545] cot_sft:rev_util_actionability:42:actionability_test_0768:label_only_correct_to_cot_severe round 1: review
[36/545] rejected; issues=["The corrected rationale states 'the comment fits the description of the highest rubric category: an explicit action with concrete details on how to implement it.' While it avoids a numeric label, directly asserting 'the highest rubric category' effectively identifies the gold label (score 5) in a non-numeric but explicit way, which functions similarly to stating a final score.", 'The rationale should describe the qualities (explicit action + concrete details) without referencing the highest category or otherwise pointing to a specific rubric tier as the conclusion.']
[36/545] cot_sft:rev_util_actionability:42:actionability_test_0768:label_only_correct_to_cot_severe round 2: edit
[36/545] cot_sft:rev_util_actionability:42:actionability_test_0768:label_only_correct_to_cot_severe round 2: review
[36/545] approved cot_sft:rev_util_actionability:42:actionability_test_0768:label_only_correct_to_cot_severe
[37/545] cot_sft:rev_util_actionability:42:actionability_test_0801:label_only_correct_to_cot_severe round 1: edit
[37/545] cot_sft:rev_util_actionability:42:actionability_test_0801:label_only_correct_to_cot_severe round 1: review
[37/545] approved cot_sft:rev_util_actionability:42:actionability_test_0801:label_only_correct_to_cot_severe
[38/545] cot_sft:rev_util_actionability:42:actionability_test_0823:label_only_correct_to_cot_severe round 1: edit
[38/545] cot_sft:rev_util_actionability:42:actionability_test_0823:label_only_correct_to_cot_severe round 1: review
[38/545] rejected; issues=["The corrected rationale does not preserve the original's accurate identification that the suggestion is a 'direct instruction' — it drops the word 'explicit' in the final conclusion, replacing 'explicit but vague' with 'explicit and backed by concrete context,' which is a substantive change rather than just an error correction.", "The corrected rationale states 'matching the highest rubric level' which, while avoiding a numeric score, essentially communicates the gold label through wording that maps directly to a rubric band; per the task instructions, descriptions of rubric-relevant qualities should be preserved but the rationale should not directly state the gold label. Saying 'matching the highest rubric level' essentially leaks the target band.", "The change to the first sentence in the rationale omits the acknowledgment that the suggestion is 'a direct instruction,' which was correct reasoning in the original that should be preserved as unrelated correct content.", "The rationale should acknowledge the concrete context makes the action more concrete but stop short of mapping to the 'highest rubric level,' as that function is for the rescoring model, not the rationale itself."]
[38/545] cot_sft:rev_util_actionability:42:actionability_test_0823:label_only_correct_to_cot_severe round 2: edit
[38/545] cot_sft:rev_util_actionability:42:actionability_test_0823:label_only_correct_to_cot_severe round 2: review
[38/545] approved cot_sft:rev_util_actionability:42:actionability_test_0823:label_only_correct_to_cot_severe
[39/545] cot_sft:rev_util_actionability:42:actionability_test_0839:label_only_correct_to_cot_severe round 1: edit
[39/545] cot_sft:rev_util_actionability:42:actionability_test_0839:label_only_correct_to_cot_severe round 1: review
[39/545] rejected; issues=["The corrected rationale does not directly state a numeric final score, but it does describe the comment as matching the rubric level requiring an explicit action with concrete details on how to implement it. The original correction guidance for the third error target explicitly forbids stating the gold label/score, and while 'matching the rubric level' is somewhat abstract, it effectively conveys the highest-band judgment. This should be rephrased to describe the rubric-relevant qualities without conclusively mapping to a specific rubric band (e.g., 'fits the highest-level description' or similar is still too close to stating the label). More neutral phrasing such as 'the comment provides both an explicit action and concrete implementation details, satisfying the criteria for an actionable, concrete suggestion' would be safer.", "The third corrected sentence says 'This matches the rubric level requiring an explicit action with concrete details on how to implement it.' While this avoids an explicit numeric score, it effectively identifies which rubric band applies. The instructions say descriptions of rubric-relevant qualities are necessary and must not be treated as leakage, but the rationale should not conclude with the band identification. It should describe the qualities (explicit action + concrete implementation details) without the closing band-mapping statement."]
[39/545] cot_sft:rev_util_actionability:42:actionability_test_0839:label_only_correct_to_cot_severe round 2: edit
[39/545] cot_sft:rev_util_actionability:42:actionability_test_0839:label_only_correct_to_cot_severe round 2: review
[39/545] approved cot_sft:rev_util_actionability:42:actionability_test_0839:label_only_correct_to_cot_severe
[40/545] cot_sft:rev_util_actionability:42:actionability_test_0850:label_only_correct_to_cot_severe round 1: edit
[40/545] cot_sft:rev_util_actionability:42:actionability_test_0850:label_only_correct_to_cot_severe round 1: review
[40/545] approved cot_sft:rev_util_actionability:42:actionability_test_0850:label_only_correct_to_cot_severe
[41/545] cot_sft:rev_util_actionability:42:actionability_test_0854:label_only_correct_to_cot_severe round 1: edit
[41/545] cot_sft:rev_util_actionability:42:actionability_test_0854:label_only_correct_to_cot_severe round 1: review
[41/545] approved cot_sft:rev_util_actionability:42:actionability_test_0854:label_only_correct_to_cot_severe
[42/545] cot_sft:rev_util_actionability:42:actionability_test_0862:label_only_correct_to_cot_severe round 1: edit
[42/545] cot_sft:rev_util_actionability:42:actionability_test_0862:label_only_correct_to_cot_severe round 1: review
[42/545] rejected; issues=["The corrected rationale's final sentence states 'matching the top level of the rubric,' which indirectly conveys that this is the highest score (score 5). Although it avoids stating a numeric score, the phrase 'top level of the rubric' effectively communicates the gold label/score band, functioning as leakage of the final scoring decision.", "Additionally, the corrected rationale says 'matching the top level of the rubric,' which essentially states the rubric level/score descriptor. The rationale should describe the actionability qualities without referencing the rubric band level or implicitly stating what score should be assigned."]
[42/545] cot_sft:rev_util_actionability:42:actionability_test_0862:label_only_correct_to_cot_severe round 2: edit
[42/545] cot_sft:rev_util_actionability:42:actionability_test_0862:label_only_correct_to_cot_severe round 2: review
[42/545] approved cot_sft:rev_util_actionability:42:actionability_test_0862:label_only_correct_to_cot_severe
[43/545] cot_sft:rev_util_actionability:42:actionability_test_0894:label_only_correct_to_cot_severe round 1: edit
[43/545] cot_sft:rev_util_actionability:42:actionability_test_0894:label_only_correct_to_cot_severe round 1: review
[43/545] approved cot_sft:rev_util_actionability:42:actionability_test_0894:label_only_correct_to_cot_severe
[44/545] cot_sft:rev_util_actionability:42:actionability_test_0897:label_only_correct_to_cot_severe round 1: edit
[44/545] cot_sft:rev_util_actionability:42:actionability_test_0897:label_only_correct_to_cot_severe round 1: review
[44/545] approved cot_sft:rev_util_actionability:42:actionability_test_0897:label_only_correct_to_cot_severe
[45/545] cot_sft:rev_util_actionability:42:actionability_test_0917:label_only_correct_to_cot_severe round 1: edit
[45/545] cot_sft:rev_util_actionability:42:actionability_test_0917:label_only_correct_to_cot_severe round 1: review
[45/545] approved cot_sft:rev_util_actionability:42:actionability_test_0917:label_only_correct_to_cot_severe
[46/545] cot_sft:rev_util_actionability:42:actionability_test_0953:label_only_correct_to_cot_severe round 1: edit
[46/545] cot_sft:rev_util_actionability:42:actionability_test_0953:label_only_correct_to_cot_severe round 1: review
[46/545] rejected; issues=["The fourth corrected sentence ('so the earlier characterization as vague on execution does not follow from the evidence') does not preserve the original final sentence's intent of mapping to a score; instead it effectively restates that the score should be higher without stating one, which is acceptable, but the sentence is slightly awkward and could be clearer about the corrected conclusion.", "The second corrected sentence conflates two error targets (sentences 2 and 3 in the original) and repeats information ('the missing baselines (A-DDIM, PNDM) and the datasets other than CIFAR-10') that was already stated in the prior corrected sentence, making the rationale redundant and somewhat incoherent.", 'The rationale could better preserve the original reasoning structure while cleanly correcting each error; the current edit merges and duplicates content across sentences in a way that reduces coherence.']
[46/545] cot_sft:rev_util_actionability:42:actionability_test_0953:label_only_correct_to_cot_severe round 2: edit
[46/545] cot_sft:rev_util_actionability:42:actionability_test_0953:label_only_correct_to_cot_severe round 2: review
[46/545] approved cot_sft:rev_util_actionability:42:actionability_test_0953:label_only_correct_to_cot_severe
[47/545] cot_sft:rev_util_actionability:42:actionability_test_0969:label_only_correct_to_cot_severe round 1: edit
[47/545] cot_sft:rev_util_actionability:42:actionability_test_0969:label_only_correct_to_cot_severe round 1: review
[47/545] approved cot_sft:rev_util_actionability:42:actionability_test_0969:label_only_correct_to_cot_severe
[48/545] cot_sft:rev_util_actionability:43:actionability_test_0023:label_only_correct_to_cot_severe round 1: edit
[48/545] cot_sft:rev_util_actionability:43:actionability_test_0023:label_only_correct_to_cot_severe round 1: review
[48/545] approved cot_sft:rev_util_actionability:43:actionability_test_0023:label_only_correct_to_cot_severe
[49/545] cot_sft:rev_util_actionability:43:actionability_test_0027:label_only_correct_to_cot_severe round 1: edit
[49/545] cot_sft:rev_util_actionability:43:actionability_test_0027:label_only_correct_to_cot_severe round 1: review
[49/545] rejected; issues=["The corrected rationale avoids stating a numeric score directly, but it states 'matches the rubric level where an explicit action is paired with concrete details on how to implement it,' which is a direct description of rubric level 5. While it doesn't say '5', it explicitly maps to that band. However, more critically, the rationale still omits a key piece of correction: the original rationale was supposed to handle the full task of scoring, and the edited version, by avoiding the score, may be seen as incomplete. Yet re-reading the requirements: the prohibition is only on directly stating a numeric final score or gold label. Describing a rubric level in words may border on this. This is acceptable as it doesn't state a number or label.", 'The edit replaces the problematic sentences correctly per the correction guidance. It resolves the internal contradiction, removes the misapplication of the rubric regarding required location specification, and reframes the conclusion appropriately.', "However, the first sentence of the corrected rationale 'The comment explicitly identifies missing definitions...' is unchanged from the original, which is fine as it preserves correct reasoning.", "One issue: The correction guidance mentions '[score omitted]' which is blinded source material. The corrected rationale should not reference any specific score level. The phrase 'matches the rubric level where an explicit action is paired with concrete details on how to implement it' is a paraphrase of level 5 but doesn't use the number. This should be acceptable as it doesn't directly state a numeric score or label.", "Actually, re-reading more carefully: the requirement says 'does not directly state a numeric final score or gold label.' The corrected rationale doesn't state a number. It describes a level in words. This is analogous to what the original rationale was doing ('corresponding to a score of 3'). So the corrected rationale similarly describes a rubric level in words, which is consistent with the original style. This is acceptable.", "The edit is coherent, fixes all three error targets correctly, preserves correct reasoning, and doesn't directly state a numeric score or gold label. It should be approved."]
[49/545] cot_sft:rev_util_actionability:43:actionability_test_0027:label_only_correct_to_cot_severe round 2: edit
[49/545] cot_sft:rev_util_actionability:43:actionability_test_0027:label_only_correct_to_cot_severe round 2: review
[49/545] approved cot_sft:rev_util_actionability:43:actionability_test_0027:label_only_correct_to_cot_severe
[50/545] cot_sft:rev_util_actionability:43:actionability_test_0061:label_only_correct_to_cot_severe round 1: edit
[50/545] cot_sft:rev_util_actionability:43:actionability_test_0061:label_only_correct_to_cot_severe round 1: review
[50/545] approved cot_sft:rev_util_actionability:43:actionability_test_0061:label_only_correct_to_cot_severe
[51/545] cot_sft:rev_util_actionability:43:actionability_test_0102:label_only_correct_to_cot_severe round 1: edit
[51/545] cot_sft:rev_util_actionability:43:actionability_test_0102:label_only_correct_to_cot_severe round 1: review
[51/545] approved cot_sft:rev_util_actionability:43:actionability_test_0102:label_only_correct_to_cot_severe
[52/545] cot_sft:rev_util_actionability:43:actionability_test_0107:label_only_correct_to_cot_severe round 1: edit
[52/545] cot_sft:rev_util_actionability:43:actionability_test_0107:label_only_correct_to_cot_severe round 1: review
[52/545] approved cot_sft:rev_util_actionability:43:actionability_test_0107:label_only_correct_to_cot_severe
[53/545] cot_sft:rev_util_actionability:43:actionability_test_0137:label_only_correct_to_cot_severe round 1: edit
[53/545] cot_sft:rev_util_actionability:43:actionability_test_0137:label_only_correct_to_cot_severe round 1: review
[53/545] rejected; issues=["The final sentence of the corrected rationale ('This fits the top criterion of the rubric, which describes an explicit action with concrete details on how to implement it.') effectively communicates that the score should be the highest band, which constitutes directly stating the gold label.", "While the rationale avoids an explicit number, it explicitly identifies the 'top criterion' as the matching band, which functions as stating the gold label per the constraint that the rationale should not directly state the numeric final score or gold label."]
[53/545] cot_sft:rev_util_actionability:43:actionability_test_0137:label_only_correct_to_cot_severe round 2: edit
[53/545] cot_sft:rev_util_actionability:43:actionability_test_0137:label_only_correct_to_cot_severe round 2: review
[53/545] approved cot_sft:rev_util_actionability:43:actionability_test_0137:label_only_correct_to_cot_severe
[54/545] cot_sft:rev_util_actionability:43:actionability_test_0160:label_only_correct_to_cot_severe round 1: edit
[54/545] cot_sft:rev_util_actionability:43:actionability_test_0160:label_only_correct_to_cot_severe round 1: review
[54/545] approved cot_sft:rev_util_actionability:43:actionability_test_0160:label_only_correct_to_cot_severe
[55/545] cot_sft:rev_util_actionability:43:actionability_test_0165:label_only_correct_to_cot_severe round 1: edit
[55/545] cot_sft:rev_util_actionability:43:actionability_test_0165:label_only_correct_to_cot_severe round 1: review
[55/545] approved cot_sft:rev_util_actionability:43:actionability_test_0165:label_only_correct_to_cot_severe
[56/545] cot_sft:rev_util_actionability:43:actionability_test_0217:label_only_correct_to_cot_severe round 1: edit
[56/545] cot_sft:rev_util_actionability:43:actionability_test_0217:label_only_correct_to_cot_severe round 1: review
[56/545] approved cot_sft:rev_util_actionability:43:actionability_test_0217:label_only_correct_to_cot_severe
[57/545] cot_sft:rev_util_actionability:43:actionability_test_0249:label_only_correct_to_cot_severe round 1: edit
[57/545] cot_sft:rev_util_actionability:43:actionability_test_0249:label_only_correct_to_cot_severe round 1: review
[57/545] approved cot_sft:rev_util_actionability:43:actionability_test_0249:label_only_correct_to_cot_severe
[58/545] cot_sft:rev_util_actionability:43:actionability_test_0321:label_only_correct_to_cot_severe round 1: edit
[58/545] cot_sft:rev_util_actionability:43:actionability_test_0321:label_only_correct_to_cot_severe round 1: review
[58/545] approved cot_sft:rev_util_actionability:43:actionability_test_0321:label_only_correct_to_cot_severe
[59/545] cot_sft:rev_util_actionability:43:actionability_test_0333:label_only_correct_to_cot_severe round 1: edit
[59/545] cot_sft:rev_util_actionability:43:actionability_test_0333:label_only_correct_to_cot_severe round 1: review
[59/545] approved cot_sft:rev_util_actionability:43:actionability_test_0333:label_only_correct_to_cot_severe
[60/545] cot_sft:rev_util_actionability:43:actionability_test_0339:label_only_correct_to_cot_severe round 1: edit
[60/545] cot_sft:rev_util_actionability:43:actionability_test_0339:label_only_correct_to_cot_severe round 1: review
[60/545] approved cot_sft:rev_util_actionability:43:actionability_test_0339:label_only_correct_to_cot_severe
[61/545] cot_sft:rev_util_actionability:43:actionability_test_0344:label_only_correct_to_cot_severe round 1: edit
[61/545] cot_sft:rev_util_actionability:43:actionability_test_0344:label_only_correct_to_cot_severe round 1: review
[61/545] approved cot_sft:rev_util_actionability:43:actionability_test_0344:label_only_correct_to_cot_severe
[62/545] cot_sft:rev_util_actionability:43:actionability_test_0354:label_only_correct_to_cot_severe round 1: edit
[62/545] cot_sft:rev_util_actionability:43:actionability_test_0354:label_only_correct_to_cot_severe round 1: review
[62/545] approved cot_sft:rev_util_actionability:43:actionability_test_0354:label_only_correct_to_cot_severe
[63/545] cot_sft:rev_util_actionability:43:actionability_test_0395:label_only_correct_to_cot_severe round 1: edit
[63/545] cot_sft:rev_util_actionability:43:actionability_test_0395:label_only_correct_to_cot_severe round 1: review
[63/545] rejected; issues=["The corrected rationale does not directly state a numeric final score, but its final sentence 'meeting the rubric description of an explicit action with concrete implementation details' effectively maps to a specific rubric band (score 5). While the instructions say not to reject wording merely because it naturally maps to a rubric band, the rationale goes further by explicitly asserting that the comment 'meets the rubric description of an explicit action with concrete implementation details,' which is the verbatim language for score 5 in the rubric. This is borderline but arguably acceptable since it doesn't state the number. However, more problematically, the rationale's penultimate sentence 'The authors know they need to add an empirical evaluation of the approximation errors from Theorems 1 and 2 on real data, so they can directly identify the modification they should apply to their draft.' overstates the concreteness. The comment does not specify which real data, what metrics, or how to design the evaluation, which the original rationale correctly noted. The correction guidance in the source material says the rubric for 5 'does not require specifying exact datasets or metrics,' but this is a debatable interpretation that the rationale fully embraces without qualification, potentially overcorrecting. The rationale should acknowledge some ambiguity about whether the action is sufficiently concrete rather than asserting definitively that it 'meets the rubric description' for the highest band."]
[63/545] cot_sft:rev_util_actionability:43:actionability_test_0395:label_only_correct_to_cot_severe round 2: edit
[63/545] cot_sft:rev_util_actionability:43:actionability_test_0395:label_only_correct_to_cot_severe round 2: review
[63/545] approved cot_sft:rev_util_actionability:43:actionability_test_0395:label_only_correct_to_cot_severe
[64/545] cot_sft:rev_util_actionability:43:actionability_test_0401:label_only_correct_to_cot_severe round 1: edit
[64/545] cot_sft:rev_util_actionability:43:actionability_test_0401:label_only_correct_to_cot_severe round 1: review
[64/545] approved cot_sft:rev_util_actionability:43:actionability_test_0401:label_only_correct_to_cot_severe
[65/545] cot_sft:rev_util_actionability:43:actionability_test_0431:label_only_correct_to_cot_severe round 1: edit
[65/545] cot_sft:rev_util_actionability:43:actionability_test_0431:label_only_correct_to_cot_severe round 1: review
[65/545] approved cot_sft:rev_util_actionability:43:actionability_test_0431:label_only_correct_to_cot_severe
[66/545] cot_sft:rev_util_actionability:43:actionability_test_0486:label_only_correct_to_cot_severe round 1: edit
[66/545] cot_sft:rev_util_actionability:43:actionability_test_0486:label_only_correct_to_cot_severe round 1: review
[66/545] approved cot_sft:rev_util_actionability:43:actionability_test_0486:label_only_correct_to_cot_severe
[67/545] cot_sft:rev_util_actionability:43:actionability_test_0499:label_only_correct_to_cot_severe round 1: edit
[67/545] cot_sft:rev_util_actionability:43:actionability_test_0499:label_only_correct_to_cot_severe round 1: review
[67/545] approved cot_sft:rev_util_actionability:43:actionability_test_0499:label_only_correct_to_cot_severe
[68/545] cot_sft:rev_util_actionability:43:actionability_test_0501:label_only_correct_to_cot_severe round 1: edit
[68/545] cot_sft:rev_util_actionability:43:actionability_test_0501:label_only_correct_to_cot_severe round 1: review
[68/545] approved cot_sft:rev_util_actionability:43:actionability_test_0501:label_only_correct_to_cot_severe
[69/545] cot_sft:rev_util_actionability:43:actionability_test_0508:label_only_correct_to_cot_severe round 1: edit
[69/545] cot_sft:rev_util_actionability:43:actionability_test_0508:label_only_correct_to_cot_severe round 1: review
[69/545] approved cot_sft:rev_util_actionability:43:actionability_test_0508:label_only_correct_to_cot_severe
[70/545] cot_sft:rev_util_actionability:43:actionability_test_0514:label_only_correct_to_cot_severe round 1: edit
[70/545] cot_sft:rev_util_actionability:43:actionability_test_0514:label_only_correct_to_cot_severe round 1: review
[70/545] approved cot_sft:rev_util_actionability:43:actionability_test_0514:label_only_correct_to_cot_severe
[71/545] cot_sft:rev_util_actionability:43:actionability_test_0566:label_only_correct_to_cot_severe round 1: edit
[71/545] cot_sft:rev_util_actionability:43:actionability_test_0566:label_only_correct_to_cot_severe round 1: review
[71/545] approved cot_sft:rev_util_actionability:43:actionability_test_0566:label_only_correct_to_cot_severe
[72/545] cot_sft:rev_util_actionability:43:actionability_test_0588:label_only_correct_to_cot_severe round 1: edit
[72/545] cot_sft:rev_util_actionability:43:actionability_test_0588:label_only_correct_to_cot_severe round 1: review
[72/545] approved cot_sft:rev_util_actionability:43:actionability_test_0588:label_only_correct_to_cot_severe
[73/545] cot_sft:rev_util_actionability:43:actionability_test_0629:label_only_correct_to_cot_severe round 1: edit
[73/545] cot_sft:rev_util_actionability:43:actionability_test_0629:label_only_correct_to_cot_severe round 1: review
[73/545] approved cot_sft:rev_util_actionability:43:actionability_test_0629:label_only_correct_to_cot_severe
[74/545] cot_sft:rev_util_actionability:43:actionability_test_0663:label_only_correct_to_cot_severe round 1: edit
[74/545] cot_sft:rev_util_actionability:43:actionability_test_0663:label_only_correct_to_cot_severe round 1: review
[74/545] approved cot_sft:rev_util_actionability:43:actionability_test_0663:label_only_correct_to_cot_severe
[75/545] cot_sft:rev_util_actionability:43:actionability_test_0682:label_only_correct_to_cot_severe round 1: edit
[75/545] cot_sft:rev_util_actionability:43:actionability_test_0682:label_only_correct_to_cot_severe round 1: review
[75/545] approved cot_sft:rev_util_actionability:43:actionability_test_0682:label_only_correct_to_cot_severe
[76/545] cot_sft:rev_util_actionability:43:actionability_test_0697:label_only_correct_to_cot_severe round 1: edit
[76/545] cot_sft:rev_util_actionability:43:actionability_test_0697:label_only_correct_to_cot_severe round 1: review
[76/545] approved cot_sft:rev_util_actionability:43:actionability_test_0697:label_only_correct_to_cot_severe
[77/545] cot_sft:rev_util_actionability:43:actionability_test_0711:label_only_correct_to_cot_severe round 1: edit
[77/545] cot_sft:rev_util_actionability:43:actionability_test_0711:label_only_correct_to_cot_severe round 1: review
[77/545] approved cot_sft:rev_util_actionability:43:actionability_test_0711:label_only_correct_to_cot_severe
[78/545] cot_sft:rev_util_actionability:43:actionability_test_0738:label_only_correct_to_cot_severe round 1: edit
[78/545] cot_sft:rev_util_actionability:43:actionability_test_0738:label_only_correct_to_cot_severe round 1: review
[78/545] approved cot_sft:rev_util_actionability:43:actionability_test_0738:label_only_correct_to_cot_severe
[79/545] cot_sft:rev_util_actionability:43:actionability_test_0744:label_only_correct_to_cot_severe round 1: edit
[79/545] cot_sft:rev_util_actionability:43:actionability_test_0744:label_only_correct_to_cot_severe round 1: review
[79/545] approved cot_sft:rev_util_actionability:43:actionability_test_0744:label_only_correct_to_cot_severe
[80/545] cot_sft:rev_util_actionability:43:actionability_test_0750:label_only_correct_to_cot_severe round 1: edit
[80/545] cot_sft:rev_util_actionability:43:actionability_test_0750:label_only_correct_to_cot_severe round 1: review
[80/545] approved cot_sft:rev_util_actionability:43:actionability_test_0750:label_only_correct_to_cot_severe
[81/545] cot_sft:rev_util_actionability:43:actionability_test_0763:label_only_correct_to_cot_severe round 1: edit
[81/545] cot_sft:rev_util_actionability:43:actionability_test_0763:label_only_correct_to_cot_severe round 1: review
[81/545] approved cot_sft:rev_util_actionability:43:actionability_test_0763:label_only_correct_to_cot_severe
[82/545] cot_sft:rev_util_actionability:43:actionability_test_0790:label_only_correct_to_cot_severe round 1: edit
[82/545] cot_sft:rev_util_actionability:43:actionability_test_0790:label_only_correct_to_cot_severe round 1: review
[82/545] approved cot_sft:rev_util_actionability:43:actionability_test_0790:label_only_correct_to_cot_severe
[83/545] cot_sft:rev_util_actionability:43:actionability_test_0801:label_only_correct_to_cot_severe round 1: edit
[83/545] cot_sft:rev_util_actionability:43:actionability_test_0801:label_only_correct_to_cot_severe round 1: review
[83/545] approved cot_sft:rev_util_actionability:43:actionability_test_0801:label_only_correct_to_cot_severe
[84/545] cot_sft:rev_util_actionability:43:actionability_test_0822:label_only_correct_to_cot_severe round 1: edit
[84/545] cot_sft:rev_util_actionability:43:actionability_test_0822:label_only_correct_to_cot_severe round 1: review
[84/545] approved cot_sft:rev_util_actionability:43:actionability_test_0822:label_only_correct_to_cot_severe
[85/545] cot_sft:rev_util_actionability:43:actionability_test_0850:label_only_correct_to_cot_severe round 1: edit
[85/545] cot_sft:rev_util_actionability:43:actionability_test_0850:label_only_correct_to_cot_severe round 1: review
[85/545] approved cot_sft:rev_util_actionability:43:actionability_test_0850:label_only_correct_to_cot_severe
[86/545] cot_sft:rev_util_actionability:43:actionability_test_0852:label_only_correct_to_cot_severe round 1: edit
[86/545] cot_sft:rev_util_actionability:43:actionability_test_0852:label_only_correct_to_cot_severe round 1: review
[86/545] approved cot_sft:rev_util_actionability:43:actionability_test_0852:label_only_correct_to_cot_severe
[87/545] cot_sft:rev_util_actionability:43:actionability_test_0886:label_only_correct_to_cot_severe round 1: edit
[87/545] cot_sft:rev_util_actionability:43:actionability_test_0886:label_only_correct_to_cot_severe round 1: review
[87/545] approved cot_sft:rev_util_actionability:43:actionability_test_0886:label_only_correct_to_cot_severe
[88/545] cot_sft:rev_util_actionability:43:actionability_test_0894:label_only_correct_to_cot_severe round 1: edit
[88/545] cot_sft:rev_util_actionability:43:actionability_test_0894:label_only_correct_to_cot_severe round 1: review
[88/545] approved cot_sft:rev_util_actionability:43:actionability_test_0894:label_only_correct_to_cot_severe
[89/545] cot_sft:rev_util_actionability:43:actionability_test_0953:label_only_correct_to_cot_severe round 1: edit
[89/545] cot_sft:rev_util_actionability:43:actionability_test_0953:label_only_correct_to_cot_severe round 1: review
[89/545] approved cot_sft:rev_util_actionability:43:actionability_test_0953:label_only_correct_to_cot_severe
[90/545] cot_sft:rev_util_actionability:44:actionability_test_0027:label_only_correct_to_cot_severe round 1: edit
[90/545] cot_sft:rev_util_actionability:44:actionability_test_0027:label_only_correct_to_cot_severe round 1: review
[90/545] rejected; issues=["The corrected rationale states 'meeting the rubric's highest actionability standard' and 'satisfying the rubric's criteria for the highest actionability level,' which are just semantic paraphrases of a numeric score (score 5). The task requires that the rationale not directly state a numeric final score or gold label; describing the 'highest actionability standard' effectively conveys the gold label and should be removed.", "The change_log's second corrected sentence says 'satisfying the rubric's criteria for the highest actionability level,' which similarly leaks the gold label by referencing the highest band."]
[90/545] cot_sft:rev_util_actionability:44:actionability_test_0027:label_only_correct_to_cot_severe round 2: edit
[90/545] cot_sft:rev_util_actionability:44:actionability_test_0027:label_only_correct_to_cot_severe round 2: review
[90/545] rejected; issues=["The corrected rationale states 'the comment therefore contains an explicit action paired with concrete implementation guidance, which matches the rubric's description of the appropriate actionability level' — this effectively communicates a final classification/band without stating a number, but the concluding sentence of the change_log also indirectly signals the final score band by contrasting against 'an explicitly stated but vague action' (score 3). While not a literal numeric score, the rationale leans toward indicating a higher band, which approaches leaking the gold label.", "The original rationale's first three sentences are preserved verbatim and are fine. However, the correction does not coherently reframe the argument: it asserts the action is 'concrete' and that 'the authors know exactly which abbreviations need defining and how to apply the fix (i.e., add a definition at first use),' but the reviewed comment never says 'add a definition at first use' — this is fabricated implementation guidance not present in the evaluated answer, violating the 'do not invent evidence' requirement.", "The second change_log entry claims 'the comment explicitly names the missing definitions, so the action is concrete, not vague.' But the evaluated answer does name the abbreviations, which the original rationale already acknowledged; the error was in demanding additional details beyond the rubric's threshold, not in the action being non-explicit. The corrected rationale conflates these issues in a way that may misrepresent what was fixed."]
[90/545] cot_sft:rev_util_actionability:44:actionability_test_0027:label_only_correct_to_cot_severe round 3: edit
[90/545] cot_sft:rev_util_actionability:44:actionability_test_0027:label_only_correct_to_cot_severe round 3: review
[90/545] rejected; issues=["The corrected rationale does not preserve a distinct mapping to any single rubric band and instead describes qualities (explicit and concrete action) that would align with score 5, but avoids stating a score, which is fine. However, it does not clearly resolve whether the action is truly concrete by the rubric's standard — it argues it is concrete without acknowledging that the comment does not specify what 'LLH' or 'ECE' stand for, which authors would need to know. The rubric for score 5 requires 'concrete details on how to implement,' and while the correction guidance says the reviewer need not supply the full terms, the original comment arguably still requires the authors to look up unfamiliar abbreviations themselves. The rationale should at least acknowledge this tension rather than dismiss it entirely.", "The corrected rationale states 'the comment therefore describes the needed modifications in a direct and concrete way, leaving the authors with no ambiguity about the change to make' — this is too definitive without engaging with the argument that authors still must figure out what the abbreviations mean on their own, which could be seen as an implementation gap."]
[91/545] cot_sft:rev_util_actionability:44:actionability_test_0030:label_only_correct_to_cot_severe round 1: edit
[91/545] cot_sft:rev_util_actionability:44:actionability_test_0030:label_only_correct_to_cot_severe round 1: review
[91/545] rejected; issues=["The corrected rationale directly states 'This matches the top rubric level, which requires an explicit action with concrete details on how to implement it,' which explicitly states the gold/rubric label (the top/highest level). The rationale must describe actionability qualities without explicitly identifying the rubric band/level.", "Sentence 1 contains a minor grammatical issue ('two concrete deficiencies' followed by a semicolon-separated list of only one item before switching phrasing). While not a fatal flaw, the rationale could be more coherent. More importantly, the structure has redundant listing of deficiencies before the implementation guidance, which slightly reduces coherence but is acceptable."]
[91/545] cot_sft:rev_util_actionability:44:actionability_test_0030:label_only_correct_to_cot_severe round 2: edit
[91/545] cot_sft:rev_util_actionability:44:actionability_test_0030:label_only_correct_to_cot_severe round 2: review
[91/545] approved cot_sft:rev_util_actionability:44:actionability_test_0030:label_only_correct_to_cot_severe
[92/545] cot_sft:rev_util_actionability:44:actionability_test_0058:label_only_correct_to_cot_severe round 1: edit
[92/545] cot_sft:rev_util_actionability:44:actionability_test_0058:label_only_correct_to_cot_severe round 1: review
[92/545] rejected; issues=["The candidate edit directly states the gold label: 'the top rubric level' and 'which corresponds to the top rubric level,' effectively disclosing the final score/label without naming a number. This violates the requirement to not directly state a numeric final score or gold label. The corrected rationale should describe rubric-relevant qualities without explicitly asserting the highest/top level as the conclusion."]
[92/545] cot_sft:rev_util_actionability:44:actionability_test_0058:label_only_correct_to_cot_severe round 2: edit
[92/545] cot_sft:rev_util_actionability:44:actionability_test_0058:label_only_correct_to_cot_severe round 2: review
[92/545] approved cot_sft:rev_util_actionability:44:actionability_test_0058:label_only_correct_to_cot_severe
[93/545] cot_sft:rev_util_actionability:44:actionability_test_0107:label_only_correct_to_cot_severe round 1: edit
[93/545] cot_sft:rev_util_actionability:44:actionability_test_0107:label_only_correct_to_cot_severe round 1: review
[93/545] approved cot_sft:rev_util_actionability:44:actionability_test_0107:label_only_correct_to_cot_severe
[94/545] cot_sft:rev_util_actionability:44:actionability_test_0116:label_only_correct_to_cot_severe round 1: edit
[94/545] cot_sft:rev_util_actionability:44:actionability_test_0116:label_only_correct_to_cot_severe round 1: review
[94/545] approved cot_sft:rev_util_actionability:44:actionability_test_0116:label_only_correct_to_cot_severe
[95/545] cot_sft:rev_util_actionability:44:actionability_test_0137:label_only_correct_to_cot_severe round 1: edit
[95/545] cot_sft:rev_util_actionability:44:actionability_test_0137:label_only_correct_to_cot_severe round 1: review
[95/545] rejected; issues=["The corrected rationale still effectively communicates that the comment merits the highest actionability level (score 5) through phrasing like 'the highest actionability level' and 'meets the criteria for'—even though it avoids stating a numeric score, this language leaks the gold label by descriptor.", "The original rationale contained a specific score mapping ('This matches the description for score 3.'); the correction replaces it with 'This satisfies the rubric's description of an explicit action with concrete details on how to implement it,' which, combined with the change log entry stating 'it actually meets the criteria for the highest actionability level,' constitutes stating the gold label indirectly.", "The change log entry explicitly references 'the highest actionability level,' which is a direct statement of the gold label."]
[95/545] cot_sft:rev_util_actionability:44:actionability_test_0137:label_only_correct_to_cot_severe round 2: edit
[95/545] cot_sft:rev_util_actionability:44:actionability_test_0137:label_only_correct_to_cot_severe round 2: review
[95/545] approved cot_sft:rev_util_actionability:44:actionability_test_0137:label_only_correct_to_cot_severe
[96/545] cot_sft:rev_util_actionability:44:actionability_test_0157:label_only_correct_to_cot_severe round 1: edit
[96/545] cot_sft:rev_util_actionability:44:actionability_test_0157:label_only_correct_to_cot_severe round 1: review
[96/545] approved cot_sft:rev_util_actionability:44:actionability_test_0157:label_only_correct_to_cot_severe
[97/545] cot_sft:rev_util_actionability:44:actionability_test_0165:label_only_correct_to_cot_severe round 1: edit
[97/545] cot_sft:rev_util_actionability:44:actionability_test_0165:label_only_correct_to_cot_severe round 1: review
[97/545] approved cot_sft:rev_util_actionability:44:actionability_test_0165:label_only_correct_to_cot_severe
[98/545] cot_sft:rev_util_actionability:44:actionability_test_0181:label_only_correct_to_cot_severe round 1: edit
[98/545] cot_sft:rev_util_actionability:44:actionability_test_0181:label_only_correct_to_cot_severe round 1: review
[98/545] approved cot_sft:rev_util_actionability:44:actionability_test_0181:label_only_correct_to_cot_severe
[99/545] cot_sft:rev_util_actionability:44:actionability_test_0241:label_only_correct_to_cot_severe round 1: edit
[99/545] cot_sft:rev_util_actionability:44:actionability_test_0241:label_only_correct_to_cot_severe round 1: review
[99/545] approved cot_sft:rev_util_actionability:44:actionability_test_0241:label_only_correct_to_cot_severe
[100/545] cot_sft:rev_util_actionability:44:actionability_test_0243:label_only_correct_to_cot_severe round 1: edit
[100/545] cot_sft:rev_util_actionability:44:actionability_test_0243:label_only_correct_to_cot_severe round 1: review
[100/545] approved cot_sft:rev_util_actionability:44:actionability_test_0243:label_only_correct_to_cot_severe
[101/545] cot_sft:rev_util_actionability:44:actionability_test_0249:label_only_correct_to_cot_severe round 1: edit
[101/545] cot_sft:rev_util_actionability:44:actionability_test_0249:label_only_correct_to_cot_severe round 1: review
[101/545] rejected; issues=["The final sentence ('aligning with the highest level of the rubric's description of explicit and concrete actions') effectively communicates a numeric score of 5, violating the requirement not to directly state a numeric final score or gold label.", "The phrase 'highest level of the rubric's description' is a direct semantic pointer to the top rubric band, which constitutes a gold label leakage even though no number is used."]
[101/545] cot_sft:rev_util_actionability:44:actionability_test_0249:label_only_correct_to_cot_severe round 2: edit
[101/545] cot_sft:rev_util_actionability:44:actionability_test_0249:label_only_correct_to_cot_severe round 2: review
[101/545] rejected; issues=["The fourth change's corrected sentence says 'matching the rubric's description of comments with both explicit actions and concrete guidance on how to apply them,' which is a description of the rubric's score-5 band. While this is borderline, the rationale overall strongly implies score 5 by describing exactly the qualities of the top rubric band. However, per the instructions, a semantic link to a rubric band is the purpose of the rationale, so this is acceptable. — This issue is not blocking.", "More critically: The final sentence 'Therefore, the comment contains explicit actions together with concrete implementation details, matching the rubric's description of comments with both explicit actions and concrete guidance on how to apply them' essentially describes the score-5 band description verbatim. While the task says descriptions of rubric-relevant qualities should not be treated as leakage, the candidate_edit's rationale closely paraphrases the score-5 criteria. This is borderline but the task permits mapping to a rubric band, so it passes.", "The corrected sentence for change 2 replaces the original claim about unspecified aspects with an assertion that the rubric is satisfied; however, the corrected text reads as if it's continuing the paragraph about providing concrete details rather than directly addressing the original problematic claim. The replacement sentence shifts focus rather than explicitly refuting the original error cleanly.", "The rationale corrects all four error targets and preserves the correct reasoning about the explicit actions. However, the changes could be more cleanly structured—the reframing in change 2 (original sentence 4) replaces the erroneous example with a general rubric statement rather than directly countering the specific claim that the comment 'does not specify which aspects of the nomenclature to adopt.'"]
[101/545] cot_sft:rev_util_actionability:44:actionability_test_0249:label_only_correct_to_cot_severe round 3: edit
[101/545] cot_sft:rev_util_actionability:44:actionability_test_0249:label_only_correct_to_cot_severe round 3: review
[101/545] approved cot_sft:rev_util_actionability:44:actionability_test_0249:label_only_correct_to_cot_severe
[102/545] cot_sft:rev_util_actionability:44:actionability_test_0254:label_only_correct_to_cot_severe round 1: edit
[102/545] cot_sft:rev_util_actionability:44:actionability_test_0254:label_only_correct_to_cot_severe round 1: review
[102/545] approved cot_sft:rev_util_actionability:44:actionability_test_0254:label_only_correct_to_cot_severe
[103/545] cot_sft:rev_util_actionability:44:actionability_test_0266:label_only_correct_to_cot_severe round 1: edit
[103/545] cot_sft:rev_util_actionability:44:actionability_test_0266:label_only_correct_to_cot_severe round 1: review
[103/545] approved cot_sft:rev_util_actionability:44:actionability_test_0266:label_only_correct_to_cot_severe
[104/545] cot_sft:rev_util_actionability:44:actionability_test_0295:label_only_correct_to_cot_severe round 1: edit
[104/545] cot_sft:rev_util_actionability:44:actionability_test_0295:label_only_correct_to_cot_severe round 1: review
[104/545] approved cot_sft:rev_util_actionability:44:actionability_test_0295:label_only_correct_to_cot_severe
[105/545] cot_sft:rev_util_actionability:44:actionability_test_0344:label_only_correct_to_cot_severe round 1: edit
[105/545] cot_sft:rev_util_actionability:44:actionability_test_0344:label_only_correct_to_cot_severe round 1: review
[105/545] approved cot_sft:rev_util_actionability:44:actionability_test_0344:label_only_correct_to_cot_severe
[106/545] cot_sft:rev_util_actionability:44:actionability_test_0381:label_only_correct_to_cot_severe round 1: edit
[106/545] cot_sft:rev_util_actionability:44:actionability_test_0381:label_only_correct_to_cot_severe round 1: review
[106/545] approved cot_sft:rev_util_actionability:44:actionability_test_0381:label_only_correct_to_cot_severe
[107/545] cot_sft:rev_util_actionability:44:actionability_test_0395:label_only_correct_to_cot_severe round 1: edit
[107/545] cot_sft:rev_util_actionability:44:actionability_test_0395:label_only_correct_to_cot_severe round 1: review
[107/545] rejected; issues=["The corrected rationale directly states 'largely matching the top rubric level for an explicit action with concrete implementation details', which effectively communicates the gold label/rubric level, violating the rule against directly stating a numeric final score or gold label.", "The second change log entry also echoes this by saying the rubric was misapplied and that the comment 'corresponds to the highest rubric category', which explicitly states the gold label."]
[107/545] cot_sft:rev_util_actionability:44:actionability_test_0395:label_only_correct_to_cot_severe round 2: edit
[107/545] cot_sft:rev_util_actionability:44:actionability_test_0395:label_only_correct_to_cot_severe round 2: review
[107/545] approved cot_sft:rev_util_actionability:44:actionability_test_0395:label_only_correct_to_cot_severe
[108/545] cot_sft:rev_util_actionability:44:actionability_test_0401:label_only_correct_to_cot_severe round 1: edit
[108/545] cot_sft:rev_util_actionability:44:actionability_test_0401:label_only_correct_to_cot_severe round 1: review
[108/545] approved cot_sft:rev_util_actionability:44:actionability_test_0401:label_only_correct_to_cot_severe
[109/545] cot_sft:rev_util_actionability:44:actionability_test_0447:label_only_correct_to_cot_severe round 1: edit
[109/545] cot_sft:rev_util_actionability:44:actionability_test_0447:label_only_correct_to_cot_severe round 1: review
[109/545] approved cot_sft:rev_util_actionability:44:actionability_test_0447:label_only_correct_to_cot_severe
[110/545] cot_sft:rev_util_actionability:44:actionability_test_0453:label_only_correct_to_cot_severe round 1: edit
[110/545] cot_sft:rev_util_actionability:44:actionability_test_0453:label_only_correct_to_cot_severe round 1: review
[110/545] approved cot_sft:rev_util_actionability:44:actionability_test_0453:label_only_correct_to_cot_severe
[111/545] cot_sft:rev_util_actionability:44:actionability_test_0480:label_only_correct_to_cot_severe round 1: edit
[111/545] cot_sft:rev_util_actionability:44:actionability_test_0480:label_only_correct_to_cot_severe round 1: review
[111/545] approved cot_sft:rev_util_actionability:44:actionability_test_0480:label_only_correct_to_cot_severe
[112/545] cot_sft:rev_util_actionability:44:actionability_test_0481:label_only_correct_to_cot_severe round 1: edit
[112/545] cot_sft:rev_util_actionability:44:actionability_test_0481:label_only_correct_to_cot_severe round 1: review
[112/545] approved cot_sft:rev_util_actionability:44:actionability_test_0481:label_only_correct_to_cot_severe
[113/545] cot_sft:rev_util_actionability:44:actionability_test_0486:label_only_correct_to_cot_severe round 1: edit
[113/545] cot_sft:rev_util_actionability:44:actionability_test_0486:label_only_correct_to_cot_severe round 1: review
[113/545] approved cot_sft:rev_util_actionability:44:actionability_test_0486:label_only_correct_to_cot_severe
[114/545] cot_sft:rev_util_actionability:44:actionability_test_0498:label_only_correct_to_cot_severe round 1: edit
[114/545] cot_sft:rev_util_actionability:44:actionability_test_0498:label_only_correct_to_cot_severe round 1: review
[114/545] approved cot_sft:rev_util_actionability:44:actionability_test_0498:label_only_correct_to_cot_severe
[115/545] cot_sft:rev_util_actionability:44:actionability_test_0499:label_only_correct_to_cot_severe round 1: edit
[115/545] cot_sft:rev_util_actionability:44:actionability_test_0499:label_only_correct_to_cot_severe round 1: review
[115/545] approved cot_sft:rev_util_actionability:44:actionability_test_0499:label_only_correct_to_cot_severe
[116/545] cot_sft:rev_util_actionability:44:actionability_test_0501:label_only_correct_to_cot_severe round 1: edit
[116/545] cot_sft:rev_util_actionability:44:actionability_test_0501:label_only_correct_to_cot_severe round 1: review
[116/545] approved cot_sft:rev_util_actionability:44:actionability_test_0501:label_only_correct_to_cot_severe
[117/545] cot_sft:rev_util_actionability:44:actionability_test_0506:label_only_correct_to_cot_severe round 1: edit
[117/545] cot_sft:rev_util_actionability:44:actionability_test_0506:label_only_correct_to_cot_severe round 1: review
[117/545] approved cot_sft:rev_util_actionability:44:actionability_test_0506:label_only_correct_to_cot_severe
[118/545] cot_sft:rev_util_actionability:44:actionability_test_0508:label_only_correct_to_cot_severe round 1: edit
[118/545] cot_sft:rev_util_actionability:44:actionability_test_0508:label_only_correct_to_cot_severe round 1: review
[118/545] approved cot_sft:rev_util_actionability:44:actionability_test_0508:label_only_correct_to_cot_severe
[119/545] cot_sft:rev_util_actionability:44:actionability_test_0514:label_only_correct_to_cot_severe round 1: edit
[119/545] cot_sft:rev_util_actionability:44:actionability_test_0514:label_only_correct_to_cot_severe round 1: review
[119/545] approved cot_sft:rev_util_actionability:44:actionability_test_0514:label_only_correct_to_cot_severe
[120/545] cot_sft:rev_util_actionability:44:actionability_test_0534:label_only_correct_to_cot_severe round 1: edit
[120/545] cot_sft:rev_util_actionability:44:actionability_test_0534:label_only_correct_to_cot_severe round 1: review
[120/545] approved cot_sft:rev_util_actionability:44:actionability_test_0534:label_only_correct_to_cot_severe
[121/545] cot_sft:rev_util_actionability:44:actionability_test_0629:label_only_correct_to_cot_severe round 1: edit
[121/545] cot_sft:rev_util_actionability:44:actionability_test_0629:label_only_correct_to_cot_severe round 1: review
[121/545] approved cot_sft:rev_util_actionability:44:actionability_test_0629:label_only_correct_to_cot_severe
[122/545] cot_sft:rev_util_actionability:44:actionability_test_0654:label_only_correct_to_cot_severe round 1: edit
[122/545] cot_sft:rev_util_actionability:44:actionability_test_0654:label_only_correct_to_cot_severe round 1: review
[122/545] rejected; issues=["The corrected rationale effectively states the conclusion as the top rubric criterion (score 5) by saying 'it meets the top rubric criterion, in which authors know exactly what to do and how to apply it.' This directly conveys the numeric/gold label (score 5) rather than leaving the mapping to the rescorer. The rationale should describe the qualities (explicit, concrete details present) without naming the highest band or implying the final score.", "The original sentence 1's reasoning is preserved, which is fine. However, the edit to sentence 3 still uses language ('meets the top rubric criterion') that constitutes directly stating the gold label band."]
[122/545] cot_sft:rev_util_actionability:44:actionability_test_0654:label_only_correct_to_cot_severe round 2: edit
[122/545] cot_sft:rev_util_actionability:44:actionability_test_0654:label_only_correct_to_cot_severe round 2: review
[122/545] approved cot_sft:rev_util_actionability:44:actionability_test_0654:label_only_correct_to_cot_severe
[123/545] cot_sft:rev_util_actionability:44:actionability_test_0681:label_only_correct_to_cot_severe round 1: edit
[123/545] cot_sft:rev_util_actionability:44:actionability_test_0681:label_only_correct_to_cot_severe round 1: review
[123/545] approved cot_sft:rev_util_actionability:44:actionability_test_0681:label_only_correct_to_cot_severe
[124/545] cot_sft:rev_util_actionability:44:actionability_test_0682:label_only_correct_to_cot_severe round 1: edit
[124/545] cot_sft:rev_util_actionability:44:actionability_test_0682:label_only_correct_to_cot_severe round 1: review
[124/545] approved cot_sft:rev_util_actionability:44:actionability_test_0682:label_only_correct_to_cot_severe
[125/545] cot_sft:rev_util_actionability:44:actionability_test_0686:label_only_correct_to_cot_severe round 1: edit
[125/545] cot_sft:rev_util_actionability:44:actionability_test_0686:label_only_correct_to_cot_severe round 1: review
[125/545] approved cot_sft:rev_util_actionability:44:actionability_test_0686:label_only_correct_to_cot_severe
[126/545] cot_sft:rev_util_actionability:44:actionability_test_0692:label_only_correct_to_cot_severe round 1: edit
[126/545] cot_sft:rev_util_actionability:44:actionability_test_0692:label_only_correct_to_cot_severe round 1: review
[126/545] approved cot_sft:rev_util_actionability:44:actionability_test_0692:label_only_correct_to_cot_severe
[127/545] cot_sft:rev_util_actionability:44:actionability_test_0738:label_only_correct_to_cot_severe round 1: edit
[127/545] cot_sft:rev_util_actionability:44:actionability_test_0738:label_only_correct_to_cot_severe round 1: review
[127/545] approved cot_sft:rev_util_actionability:44:actionability_test_0738:label_only_correct_to_cot_severe
[128/545] cot_sft:rev_util_actionability:44:actionability_test_0742:label_only_correct_to_cot_severe round 1: edit
[128/545] cot_sft:rev_util_actionability:44:actionability_test_0742:label_only_correct_to_cot_severe round 1: review
[128/545] approved cot_sft:rev_util_actionability:44:actionability_test_0742:label_only_correct_to_cot_severe
[129/545] cot_sft:rev_util_actionability:44:actionability_test_0748:label_only_correct_to_cot_severe round 1: edit
[129/545] cot_sft:rev_util_actionability:44:actionability_test_0748:label_only_correct_to_cot_severe round 1: review
[129/545] approved cot_sft:rev_util_actionability:44:actionability_test_0748:label_only_correct_to_cot_severe
[130/545] cot_sft:rev_util_actionability:44:actionability_test_0750:label_only_correct_to_cot_severe round 1: edit
[130/545] cot_sft:rev_util_actionability:44:actionability_test_0750:label_only_correct_to_cot_severe round 1: review
[130/545] approved cot_sft:rev_util_actionability:44:actionability_test_0750:label_only_correct_to_cot_severe
[131/545] cot_sft:rev_util_actionability:44:actionability_test_0757:label_only_correct_to_cot_severe round 1: edit
[131/545] cot_sft:rev_util_actionability:44:actionability_test_0757:label_only_correct_to_cot_severe round 1: review
[131/545] approved cot_sft:rev_util_actionability:44:actionability_test_0757:label_only_correct_to_cot_severe
[132/545] cot_sft:rev_util_actionability:44:actionability_test_0763:label_only_correct_to_cot_severe round 1: edit
[132/545] cot_sft:rev_util_actionability:44:actionability_test_0763:label_only_correct_to_cot_severe round 1: review
[132/545] approved cot_sft:rev_util_actionability:44:actionability_test_0763:label_only_correct_to_cot_severe
[133/545] cot_sft:rev_util_actionability:44:actionability_test_0768:label_only_correct_to_cot_severe round 1: edit
[133/545] cot_sft:rev_util_actionability:44:actionability_test_0768:label_only_correct_to_cot_severe round 1: review
[133/545] approved cot_sft:rev_util_actionability:44:actionability_test_0768:label_only_correct_to_cot_severe
[134/545] cot_sft:rev_util_actionability:44:actionability_test_0790:label_only_correct_to_cot_severe round 1: edit
[134/545] cot_sft:rev_util_actionability:44:actionability_test_0790:label_only_correct_to_cot_severe round 1: review
[134/545] approved cot_sft:rev_util_actionability:44:actionability_test_0790:label_only_correct_to_cot_severe
[135/545] cot_sft:rev_util_actionability:44:actionability_test_0801:label_only_correct_to_cot_severe round 1: edit
[135/545] cot_sft:rev_util_actionability:44:actionability_test_0801:label_only_correct_to_cot_severe round 1: review
[135/545] approved cot_sft:rev_util_actionability:44:actionability_test_0801:label_only_correct_to_cot_severe
[136/545] cot_sft:rev_util_actionability:44:actionability_test_0822:label_only_correct_to_cot_severe round 1: edit
[136/545] cot_sft:rev_util_actionability:44:actionability_test_0822:label_only_correct_to_cot_severe round 1: review
[136/545] approved cot_sft:rev_util_actionability:44:actionability_test_0822:label_only_correct_to_cot_severe
[137/545] cot_sft:rev_util_actionability:44:actionability_test_0850:label_only_correct_to_cot_severe round 1: edit
[137/545] cot_sft:rev_util_actionability:44:actionability_test_0850:label_only_correct_to_cot_severe round 1: review
[137/545] approved cot_sft:rev_util_actionability:44:actionability_test_0850:label_only_correct_to_cot_severe
[138/545] cot_sft:rev_util_actionability:44:actionability_test_0894:label_only_correct_to_cot_severe round 1: edit
[138/545] cot_sft:rev_util_actionability:44:actionability_test_0894:label_only_correct_to_cot_severe round 1: review
[138/545] approved cot_sft:rev_util_actionability:44:actionability_test_0894:label_only_correct_to_cot_severe
[139/545] cot_sft:rev_util_actionability:44:actionability_test_0917:label_only_correct_to_cot_severe round 1: edit
[139/545] cot_sft:rev_util_actionability:44:actionability_test_0917:label_only_correct_to_cot_severe round 1: review
[139/545] approved cot_sft:rev_util_actionability:44:actionability_test_0917:label_only_correct_to_cot_severe
[140/545] cot_sft:rev_util_actionability:44:actionability_test_0931:label_only_correct_to_cot_severe round 1: edit
[140/545] cot_sft:rev_util_actionability:44:actionability_test_0931:label_only_correct_to_cot_severe round 1: review
[140/545] rejected; issues=["The corrected rationale removes the final score statement ('corresponding to score 3'), which is good for avoiding numeric score leakage, but the new final sentence ('satisfying the rubric requirement of an explicit action with concrete details on how to apply it, rather than merely an explicit but vague action') and earlier reasoning strongly implies the highest tier of the rubric (score 5) without directly stating a number. This is borderline but may be acceptable since no numeric score or gold label is explicitly stated.", "More importantly, the corrected rationale still effectively maps to a specific rubric level by describing it as meeting 'the rubric's highest tier' implicitly through language like 'satisfying the rubric requirement of an explicit action with concrete details' — this is acceptable as it describes rubric qualities rather than stating scores.", "The rationale correctly addresses all four error targets: acknowledges the concrete enumeration of index categories, removes the incorrect claim that authors don't know how to implement, correctly identifies the action as explicit and concrete, and avoids stating a numeric score."]
[140/545] cot_sft:rev_util_actionability:44:actionability_test_0931:label_only_correct_to_cot_severe round 2: edit
[140/545] cot_sft:rev_util_actionability:44:actionability_test_0931:label_only_correct_to_cot_severe round 2: review
[140/545] approved cot_sft:rev_util_actionability:44:actionability_test_0931:label_only_correct_to_cot_severe
[141/545] cot_sft:rev_util_actionability:44:actionability_test_0937:label_only_correct_to_cot_severe round 1: edit
[141/545] cot_sft:rev_util_actionability:44:actionability_test_0937:label_only_correct_to_cot_severe round 1: review
[141/545] approved cot_sft:rev_util_actionability:44:actionability_test_0937:label_only_correct_to_cot_severe
[142/545] cot_sft:rev_util_actionability:44:actionability_test_0953:label_only_correct_to_cot_severe round 1: edit
[142/545] cot_sft:rev_util_actionability:44:actionability_test_0953:label_only_correct_to_cot_severe round 1: review
[142/545] approved cot_sft:rev_util_actionability:44:actionability_test_0953:label_only_correct_to_cot_severe
[143/545] cot_sft:rev_util_actionability:44:actionability_test_0969:label_only_correct_to_cot_severe round 1: edit
[143/545] cot_sft:rev_util_actionability:44:actionability_test_0969:label_only_correct_to_cot_severe round 1: review
[143/545] approved cot_sft:rev_util_actionability:44:actionability_test_0969:label_only_correct_to_cot_severe
[144/545] cot_sft:rev_util_actionability:44:actionability_test_0984:label_only_correct_to_cot_severe round 1: edit
[144/545] cot_sft:rev_util_actionability:44:actionability_test_0984:label_only_correct_to_cot_severe round 1: review
[144/545] approved cot_sft:rev_util_actionability:44:actionability_test_0984:label_only_correct_to_cot_severe
[145/545] cot_sft:rev_util_grounding_specificity:42:grounding_specificity_test_0015:label_only_correct_to_cot_severe round 1: edit
[145/545] cot_sft:rev_util_grounding_specificity:42:grounding_specificity_test_0015:label_only_correct_to_cot_severe round 1: review
[145/545] approved cot_sft:rev_util_grounding_specificity:42:grounding_specificity_test_0015:label_only_correct_to_cot_severe
[146/545] cot_sft:rev_util_grounding_specificity:42:grounding_specificity_test_0023:label_only_correct_to_cot_severe round 1: edit
[146/545] cot_sft:rev_util_grounding_specificity:42:grounding_specificity_test_0023:label_only_correct_to_cot_severe round 1: review
[146/545] approved cot_sft:rev_util_grounding_specificity:42:grounding_specificity_test_0023:label_only_correct_to_cot_severe
[147/545] cot_sft:rev_util_grounding_specificity:42:grounding_specificity_test_0028:label_only_correct_to_cot_severe round 1: edit
[147/545] cot_sft:rev_util_grounding_specificity:42:grounding_specificity_test_0028:label_only_correct_to_cot_severe round 1: review
[147/545] approved cot_sft:rev_util_grounding_specificity:42:grounding_specificity_test_0028:label_only_correct_to_cot_severe
[148/545] cot_sft:rev_util_grounding_specificity:42:grounding_specificity_test_0056:label_only_correct_to_cot_severe round 1: edit
[148/545] cot_sft:rev_util_grounding_specificity:42:grounding_specificity_test_0056:label_only_correct_to_cot_severe round 1: review
[148/545] approved cot_sft:rev_util_grounding_specificity:42:grounding_specificity_test_0056:label_only_correct_to_cot_severe
[149/545] cot_sft:rev_util_grounding_specificity:42:grounding_specificity_test_0078:label_only_correct_to_cot_severe round 1: edit
[149/545] cot_sft:rev_util_grounding_specificity:42:grounding_specificity_test_0078:label_only_correct_to_cot_severe round 1: review
[149/545] approved cot_sft:rev_util_grounding_specificity:42:grounding_specificity_test_0078:label_only_correct_to_cot_severe
[150/545] cot_sft:rev_util_grounding_specificity:42:grounding_specificity_test_0121:label_only_correct_to_cot_severe round 1: edit
[150/545] cot_sft:rev_util_grounding_specificity:42:grounding_specificity_test_0121:label_only_correct_to_cot_severe round 1: review
[150/545] approved cot_sft:rev_util_grounding_specificity:42:grounding_specificity_test_0121:label_only_correct_to_cot_severe
[151/545] cot_sft:rev_util_grounding_specificity:42:grounding_specificity_test_0160:label_only_correct_to_cot_severe round 1: edit
[151/545] cot_sft:rev_util_grounding_specificity:42:grounding_specificity_test_0160:label_only_correct_to_cot_severe round 1: review
[151/545] approved cot_sft:rev_util_grounding_specificity:42:grounding_specificity_test_0160:label_only_correct_to_cot_severe
[152/545] cot_sft:rev_util_grounding_specificity:42:grounding_specificity_test_0181:label_only_correct_to_cot_severe round 1: edit
[152/545] cot_sft:rev_util_grounding_specificity:42:grounding_specificity_test_0181:label_only_correct_to_cot_severe round 1: review
[152/545] approved cot_sft:rev_util_grounding_specificity:42:grounding_specificity_test_0181:label_only_correct_to_cot_severe
[153/545] cot_sft:rev_util_grounding_specificity:42:grounding_specificity_test_0206:label_only_correct_to_cot_severe round 1: edit
[153/545] cot_sft:rev_util_grounding_specificity:42:grounding_specificity_test_0206:label_only_correct_to_cot_severe round 1: review
[153/545] approved cot_sft:rev_util_grounding_specificity:42:grounding_specificity_test_0206:label_only_correct_to_cot_severe
[154/545] cot_sft:rev_util_grounding_specificity:42:grounding_specificity_test_0221:label_only_correct_to_cot_severe round 1: edit
[154/545] cot_sft:rev_util_grounding_specificity:42:grounding_specificity_test_0221:label_only_correct_to_cot_severe round 1: review
[154/545] rejected; issues=["The corrected rationale's final sentence 'the comment specifies what needs to be addressed but does not allow the authors to confidently identify the referenced parts' effectively functions as a direct score mapping to rubric level 3 (or at most the gold label), which constitutes stating the gold label in semantic form. The correction guidance for sentence 6 explicitly says the comment 'matches the criteria for a [score omitted]' and should map to level 3 — the edit should reframe the conclusion without restating the rubric level or implying the answer's score.", "Additionally, the change_log's last item says 'no score is stated' in its reason, but the corrected sentence still implicitly communicates the score through its alignment with the rubric description. The edit should avoid language that aligns with the description of any specific rubric band."]
[154/545] cot_sft:rev_util_grounding_specificity:42:grounding_specificity_test_0221:label_only_correct_to_cot_severe round 2: edit
[154/545] cot_sft:rev_util_grounding_specificity:42:grounding_specificity_test_0221:label_only_correct_to_cot_severe round 2: review
[154/545] approved cot_sft:rev_util_grounding_specificity:42:grounding_specificity_test_0221:label_only_correct_to_cot_severe
[155/545] cot_sft:rev_util_grounding_specificity:42:grounding_specificity_test_0260:label_only_correct_to_cot_severe round 1: edit
[155/545] cot_sft:rev_util_grounding_specificity:42:grounding_specificity_test_0260:label_only_correct_to_cot_severe round 1: review
[155/545] approved cot_sft:rev_util_grounding_specificity:42:grounding_specificity_test_0260:label_only_correct_to_cot_severe
[156/545] cot_sft:rev_util_grounding_specificity:42:grounding_specificity_test_0323:label_only_correct_to_cot_severe round 1: edit
[156/545] cot_sft:rev_util_grounding_specificity:42:grounding_specificity_test_0323:label_only_correct_to_cot_severe round 1: review
[156/545] rejected; issues=["The corrected rationale's final sentence ('satisfying both criteria of the highest level of the rubric') effectively states the top-band mapping, which functions as declaring the gold label. The guidance requires not directly stating a numeric final score or gold label; while no number is given, explicitly asserting it meets the 'highest level' is equivalent to naming the gold band.", "The rationale removes the nuance from the rubric mapping — the original sentence mapped to score 3, and the correction guidance says the evidence matches level 5. The candidate rewrites the conclusion in a way that effectively endorses level 5 without justification of why it is not level 4 (comment 'should be obvious' vs. 'explicitly mentions'). The rubric distinguishes 4 and 5 on whether the comment 'explicitly mentions which part' versus it merely 'should be obvious to the authors.' The candidate conflates these by asserting the highest level without addressing the distinction, which is an unjustified score mapping.", 'Per instruction, placeholders like [score omitted] in the correction guidance are blinded and should not be reproduced; the candidate avoids reproducing them, which is fine, but it should not compensate by explicitly declaring the top band.']
[156/545] cot_sft:rev_util_grounding_specificity:42:grounding_specificity_test_0323:label_only_correct_to_cot_severe round 2: edit
[156/545] cot_sft:rev_util_grounding_specificity:42:grounding_specificity_test_0323:label_only_correct_to_cot_severe round 2: review
[156/545] rejected; issues=["The final corrected sentence hedges by raising 'the remaining question is whether the phrasing counts as explicit mention versus merely being obvious,' which reintroduces the very uncertainty the corrections aim to eliminate. The error target requires the rationale to affirm that the part is identifiable/obvious; instead the edit leaves the grounding conclusion unresolved, effectively preserving the original error's ambiguity.", 'The corrected rationale does not clearly map the evidence to a final conclusion about grounding. It describes criteria but stops short of stating that the comment satisfies the grounding requirement, leaving the reader without the decisive conclusion the original error (score 3 mapping) called for fixing.', "The rationale risks asserting a score-band alignment through phrasing ('supports the rubric's strongest grounding and specificity criteria') which, while not a numeric score, functionally conveys a level 5 conclusion without being stated as the rationale's own determination; this blurs the line between descriptive analysis and scoring."]
[156/545] cot_sft:rev_util_grounding_specificity:42:grounding_specificity_test_0323:label_only_correct_to_cot_severe round 3: edit
[156/545] cot_sft:rev_util_grounding_specificity:42:grounding_specificity_test_0323:label_only_correct_to_cot_severe round 3: review
[156/545] approved cot_sft:rev_util_grounding_specificity:42:grounding_specificity_test_0323:label_only_correct_to_cot_severe
[157/545] cot_sft:rev_util_grounding_specificity:42:grounding_specificity_test_0396:label_only_correct_to_cot_severe round 1: edit
[157/545] cot_sft:rev_util_grounding_specificity:42:grounding_specificity_test_0396:label_only_correct_to_cot_severe round 1: review
[157/545] approved cot_sft:rev_util_grounding_specificity:42:grounding_specificity_test_0396:label_only_correct_to_cot_severe
[158/545] cot_sft:rev_util_grounding_specificity:42:grounding_specificity_test_0403:label_only_correct_to_cot_severe round 1: edit
[158/545] cot_sft:rev_util_grounding_specificity:42:grounding_specificity_test_0403:label_only_correct_to_cot_severe round 1: review
[158/545] approved cot_sft:rev_util_grounding_specificity:42:grounding_specificity_test_0403:label_only_correct_to_cot_severe
[159/545] cot_sft:rev_util_grounding_specificity:42:grounding_specificity_test_0445:label_only_correct_to_cot_severe round 1: edit
[159/545] cot_sft:rev_util_grounding_specificity:42:grounding_specificity_test_0445:label_only_correct_to_cot_severe round 1: review
[159/545] approved cot_sft:rev_util_grounding_specificity:42:grounding_specificity_test_0445:label_only_correct_to_cot_severe
[160/545] cot_sft:rev_util_grounding_specificity:42:grounding_specificity_test_0468:label_only_correct_to_cot_severe round 1: edit
[160/545] cot_sft:rev_util_grounding_specificity:42:grounding_specificity_test_0468:label_only_correct_to_cot_severe round 1: review
[160/545] approved cot_sft:rev_util_grounding_specificity:42:grounding_specificity_test_0468:label_only_correct_to_cot_severe
[161/545] cot_sft:rev_util_grounding_specificity:42:grounding_specificity_test_0470:label_only_correct_to_cot_severe round 1: edit
[161/545] cot_sft:rev_util_grounding_specificity:42:grounding_specificity_test_0470:label_only_correct_to_cot_severe round 1: review
[161/545] approved cot_sft:rev_util_grounding_specificity:42:grounding_specificity_test_0470:label_only_correct_to_cot_severe
[162/545] cot_sft:rev_util_grounding_specificity:42:grounding_specificity_test_0485:label_only_correct_to_cot_severe round 1: edit
[162/545] cot_sft:rev_util_grounding_specificity:42:grounding_specificity_test_0485:label_only_correct_to_cot_severe round 1: review
[162/545] approved cot_sft:rev_util_grounding_specificity:42:grounding_specificity_test_0485:label_only_correct_to_cot_severe
[163/545] cot_sft:rev_util_grounding_specificity:42:grounding_specificity_test_0508:label_only_correct_to_cot_severe round 1: edit
[163/545] cot_sft:rev_util_grounding_specificity:42:grounding_specificity_test_0508:label_only_correct_to_cot_severe round 1: review
[163/545] approved cot_sft:rev_util_grounding_specificity:42:grounding_specificity_test_0508:label_only_correct_to_cot_severe
[164/545] cot_sft:rev_util_grounding_specificity:42:grounding_specificity_test_0524:label_only_correct_to_cot_severe round 1: edit
[164/545] cot_sft:rev_util_grounding_specificity:42:grounding_specificity_test_0524:label_only_correct_to_cot_severe round 1: review
[164/545] approved cot_sft:rev_util_grounding_specificity:42:grounding_specificity_test_0524:label_only_correct_to_cot_severe
[165/545] cot_sft:rev_util_grounding_specificity:42:grounding_specificity_test_0547:label_only_correct_to_cot_severe round 1: edit
[165/545] cot_sft:rev_util_grounding_specificity:42:grounding_specificity_test_0547:label_only_correct_to_cot_severe round 1: review
[165/545] approved cot_sft:rev_util_grounding_specificity:42:grounding_specificity_test_0547:label_only_correct_to_cot_severe
[166/545] cot_sft:rev_util_grounding_specificity:42:grounding_specificity_test_0576:label_only_correct_to_cot_severe round 1: edit
[166/545] cot_sft:rev_util_grounding_specificity:42:grounding_specificity_test_0576:label_only_correct_to_cot_severe round 1: review
[166/545] approved cot_sft:rev_util_grounding_specificity:42:grounding_specificity_test_0576:label_only_correct_to_cot_severe
[167/545] cot_sft:rev_util_grounding_specificity:42:grounding_specificity_test_0624:label_only_correct_to_cot_severe round 1: edit
[167/545] cot_sft:rev_util_grounding_specificity:42:grounding_specificity_test_0624:label_only_correct_to_cot_severe round 1: review
[167/545] approved cot_sft:rev_util_grounding_specificity:42:grounding_specificity_test_0624:label_only_correct_to_cot_severe
[168/545] cot_sft:rev_util_grounding_specificity:42:grounding_specificity_test_0734:label_only_correct_to_cot_severe round 1: edit
[168/545] cot_sft:rev_util_grounding_specificity:42:grounding_specificity_test_0734:label_only_correct_to_cot_severe round 1: review
[168/545] approved cot_sft:rev_util_grounding_specificity:42:grounding_specificity_test_0734:label_only_correct_to_cot_severe
[169/545] cot_sft:rev_util_grounding_specificity:42:grounding_specificity_test_0756:label_only_correct_to_cot_severe round 1: edit
[169/545] cot_sft:rev_util_grounding_specificity:42:grounding_specificity_test_0756:label_only_correct_to_cot_severe round 1: review
[169/545] approved cot_sft:rev_util_grounding_specificity:42:grounding_specificity_test_0756:label_only_correct_to_cot_severe
[170/545] cot_sft:rev_util_grounding_specificity:42:grounding_specificity_test_0847:label_only_correct_to_cot_severe round 1: edit
[170/545] cot_sft:rev_util_grounding_specificity:42:grounding_specificity_test_0847:label_only_correct_to_cot_severe round 1: review
[170/545] approved cot_sft:rev_util_grounding_specificity:42:grounding_specificity_test_0847:label_only_correct_to_cot_severe
[171/545] cot_sft:rev_util_grounding_specificity:42:grounding_specificity_test_0855:label_only_correct_to_cot_severe round 1: edit
[171/545] cot_sft:rev_util_grounding_specificity:42:grounding_specificity_test_0855:label_only_correct_to_cot_severe round 1: review
[171/545] approved cot_sft:rev_util_grounding_specificity:42:grounding_specificity_test_0855:label_only_correct_to_cot_severe
[172/545] cot_sft:rev_util_grounding_specificity:42:grounding_specificity_test_0872:label_only_correct_to_cot_severe round 1: edit
[172/545] cot_sft:rev_util_grounding_specificity:42:grounding_specificity_test_0872:label_only_correct_to_cot_severe round 1: review
[172/545] approved cot_sft:rev_util_grounding_specificity:42:grounding_specificity_test_0872:label_only_correct_to_cot_severe
[173/545] cot_sft:rev_util_grounding_specificity:42:grounding_specificity_test_0915:label_only_correct_to_cot_severe round 1: edit
[173/545] cot_sft:rev_util_grounding_specificity:42:grounding_specificity_test_0915:label_only_correct_to_cot_severe round 1: review
[173/545] rejected; issues=["The corrected rationale avoids stating a numeric score directly, which is good, but the change_log's corrected sentences themselves implicitly map to a specific rubric level by saying 'matching the rubric level that describes exactly this combination'—this is borderline but acceptable since no number is stated. More critically, the corrected rationale and change_log still contain subtle mappings to a specific rubric level. However, the main issue is that the corrected rationale is coherent and addresses all three error targets appropriately.", "On re-review, the corrected rationale corrects all three error targets: (1) it notes naming the acronym alone doesn't satisfy grounding, (2) it acknowledges authors cannot confidently determine the location, and (3) it maps the evidence to the correct rubric description without stating a numeric score. The change_log faithfully documents these corrections. The rationale is coherent and can be inserted for rescoring."]
[173/545] cot_sft:rev_util_grounding_specificity:42:grounding_specificity_test_0915:label_only_correct_to_cot_severe round 2: edit
[173/545] cot_sft:rev_util_grounding_specificity:42:grounding_specificity_test_0915:label_only_correct_to_cot_severe round 2: review
[173/545] approved cot_sft:rev_util_grounding_specificity:42:grounding_specificity_test_0915:label_only_correct_to_cot_severe
[174/545] cot_sft:rev_util_grounding_specificity:42:grounding_specificity_test_0989:label_only_correct_to_cot_severe round 1: edit
[174/545] cot_sft:rev_util_grounding_specificity:42:grounding_specificity_test_0989:label_only_correct_to_cot_severe round 1: review
[174/545] approved cot_sft:rev_util_grounding_specificity:42:grounding_specificity_test_0989:label_only_correct_to_cot_severe
[175/545] cot_sft:rev_util_grounding_specificity:43:grounding_specificity_test_0015:label_only_correct_to_cot_severe round 1: edit
[175/545] cot_sft:rev_util_grounding_specificity:43:grounding_specificity_test_0015:label_only_correct_to_cot_severe round 1: review
[175/545] approved cot_sft:rev_util_grounding_specificity:43:grounding_specificity_test_0015:label_only_correct_to_cot_severe
[176/545] cot_sft:rev_util_grounding_specificity:43:grounding_specificity_test_0023:label_only_correct_to_cot_severe round 1: edit
[176/545] cot_sft:rev_util_grounding_specificity:43:grounding_specificity_test_0023:label_only_correct_to_cot_severe round 1: review
[176/545] approved cot_sft:rev_util_grounding_specificity:43:grounding_specificity_test_0023:label_only_correct_to_cot_severe
[177/545] cot_sft:rev_util_grounding_specificity:43:grounding_specificity_test_0027:label_only_correct_to_cot_severe round 1: edit
[177/545] cot_sft:rev_util_grounding_specificity:43:grounding_specificity_test_0027:label_only_correct_to_cot_severe round 1: review
[177/545] approved cot_sft:rev_util_grounding_specificity:43:grounding_specificity_test_0027:label_only_correct_to_cot_severe
[178/545] cot_sft:rev_util_grounding_specificity:43:grounding_specificity_test_0028:label_only_correct_to_cot_severe round 1: edit
[178/545] cot_sft:rev_util_grounding_specificity:43:grounding_specificity_test_0028:label_only_correct_to_cot_severe round 1: review
[178/545] approved cot_sft:rev_util_grounding_specificity:43:grounding_specificity_test_0028:label_only_correct_to_cot_severe
[179/545] cot_sft:rev_util_grounding_specificity:43:grounding_specificity_test_0056:label_only_correct_to_cot_severe round 1: edit
[179/545] cot_sft:rev_util_grounding_specificity:43:grounding_specificity_test_0056:label_only_correct_to_cot_severe round 1: review
[179/545] rejected; issues=["The corrected rationale does not explicitly state a numeric score or gold label, which is fine, but it says 'meeting the highest level of the rubric,' which effectively conveys the numeric final answer (score 5). This constitutes stating the gold label.", "The candidate should describe the comment's qualities (grounded because the addressed part is obvious to authors; specific because it names the needed hyperparameters and their determination method) without declaring the resulting rubric band."]
[179/545] cot_sft:rev_util_grounding_specificity:43:grounding_specificity_test_0056:label_only_correct_to_cot_severe round 2: edit
[179/545] cot_sft:rev_util_grounding_specificity:43:grounding_specificity_test_0056:label_only_correct_to_cot_severe round 2: review
[179/545] approved cot_sft:rev_util_grounding_specificity:43:grounding_specificity_test_0056:label_only_correct_to_cot_severe
[180/545] cot_sft:rev_util_grounding_specificity:43:grounding_specificity_test_0095:label_only_correct_to_cot_severe round 1: edit
[180/545] cot_sft:rev_util_grounding_specificity:43:grounding_specificity_test_0095:label_only_correct_to_cot_severe round 1: review
[180/545] approved cot_sft:rev_util_grounding_specificity:43:grounding_specificity_test_0095:label_only_correct_to_cot_severe
[181/545] cot_sft:rev_util_grounding_specificity:43:grounding_specificity_test_0096:label_only_correct_to_cot_severe round 1: edit
[181/545] cot_sft:rev_util_grounding_specificity:43:grounding_specificity_test_0096:label_only_correct_to_cot_severe round 1: review
[181/545] approved cot_sft:rev_util_grounding_specificity:43:grounding_specificity_test_0096:label_only_correct_to_cot_severe
[182/545] cot_sft:rev_util_grounding_specificity:43:grounding_specificity_test_0136:label_only_correct_to_cot_severe round 1: edit
[182/545] cot_sft:rev_util_grounding_specificity:43:grounding_specificity_test_0136:label_only_correct_to_cot_severe round 1: review
[182/545] approved cot_sft:rev_util_grounding_specificity:43:grounding_specificity_test_0136:label_only_correct_to_cot_severe
[183/545] cot_sft:rev_util_grounding_specificity:43:grounding_specificity_test_0160:label_only_correct_to_cot_severe round 1: edit
[183/545] cot_sft:rev_util_grounding_specificity:43:grounding_specificity_test_0160:label_only_correct_to_cot_severe round 1: review
[183/545] rejected; issues=["The corrected rationale does not clearly fix the second error: it implies the score should be 3 but stops short of stating which rubric level corresponds to this case, and does not properly address the 'rubric_misapplication' for the score mapping (it does not specify that the correct score is 3 rather than 5).", "The sentence 'However, it does not point to a specific section, table, figure, or uniquely identifiable part of the paper, so the authors cannot confidently determine which part of the paper is being addressed; per the rubric, this corresponds to a weakly grounded comment rather than a fully grounded one.' introduces language that is very close to revealing rubric level 3 via the phrase 'cannot confidently determine which part of the paper is being addressed' - this risks directly stating a gold label mapping rather than describing it as a rubric characteristic.", 'The rationale correctly preserves the specificity reasoning (93.03% accuracy and the 100% accuracy comparison with other tools), which is appropriate.', 'Overall, the corrected rationale has the right structure but is imprecise about which score/level applies and edges toward directly stating the gold label.']
[183/545] cot_sft:rev_util_grounding_specificity:43:grounding_specificity_test_0160:label_only_correct_to_cot_severe round 2: edit
[183/545] cot_sft:rev_util_grounding_specificity:43:grounding_specificity_test_0160:label_only_correct_to_cot_severe round 2: review
[183/545] approved cot_sft:rev_util_grounding_specificity:43:grounding_specificity_test_0160:label_only_correct_to_cot_severe
[184/545] cot_sft:rev_util_grounding_specificity:43:grounding_specificity_test_0206:label_only_correct_to_cot_severe round 1: edit
[184/545] cot_sft:rev_util_grounding_specificity:43:grounding_specificity_test_0206:label_only_correct_to_cot_severe round 1: review
[184/545] approved cot_sft:rev_util_grounding_specificity:43:grounding_specificity_test_0206:label_only_correct_to_cot_severe
[185/545] cot_sft:rev_util_grounding_specificity:43:grounding_specificity_test_0245:label_only_correct_to_cot_severe round 1: edit
[185/545] cot_sft:rev_util_grounding_specificity:43:grounding_specificity_test_0245:label_only_correct_to_cot_severe round 1: review
[185/545] approved cot_sft:rev_util_grounding_specificity:43:grounding_specificity_test_0245:label_only_correct_to_cot_severe
[186/545] cot_sft:rev_util_grounding_specificity:43:grounding_specificity_test_0367:label_only_correct_to_cot_severe round 1: edit
[186/545] cot_sft:rev_util_grounding_specificity:43:grounding_specificity_test_0367:label_only_correct_to_cot_severe round 1: review
[186/545] approved cot_sft:rev_util_grounding_specificity:43:grounding_specificity_test_0367:label_only_correct_to_cot_severe
[187/545] cot_sft:rev_util_grounding_specificity:43:grounding_specificity_test_0403:label_only_correct_to_cot_severe round 1: edit
[187/545] cot_sft:rev_util_grounding_specificity:43:grounding_specificity_test_0403:label_only_correct_to_cot_severe round 1: review
[187/545] rejected; issues=["The corrected rationale does not state a numeric final score, but the final sentence effectively communicates the rubric level ('matching the rubric level where the part cannot be confidently determined while the issue is clearly specified'), which is essentially restating the gold label for level 3. While it avoids stating '3' directly, it describes the band so explicitly that it functions as a label. However, more critically, the review instructions say not to reject wording merely because it naturally maps to a rubric band—that semantic link is the purpose of the rationale. So this may be acceptable. On reflection, this should be approved.", "Corrected rationale adequately addresses all three error targets: it rejects the claim of accurate pinpointing, rejects the 'fully grounded' label, and corrects the score mapping from 5 to the level where the part cannot be confidently determined but the issue is clearly specified.", 'Preserves the correct reasoning about specificity (lack of evidence for the claimed limitation, concrete counter-argument about taking the real part).', 'Does not explicitly state a numeric score.']
[187/545] cot_sft:rev_util_grounding_specificity:43:grounding_specificity_test_0403:label_only_correct_to_cot_severe round 2: edit
[187/545] cot_sft:rev_util_grounding_specificity:43:grounding_specificity_test_0403:label_only_correct_to_cot_severe round 2: review
[187/545] approved cot_sft:rev_util_grounding_specificity:43:grounding_specificity_test_0403:label_only_correct_to_cot_severe
[188/545] cot_sft:rev_util_grounding_specificity:43:grounding_specificity_test_0440:label_only_correct_to_cot_severe round 1: edit
[188/545] cot_sft:rev_util_grounding_specificity:43:grounding_specificity_test_0440:label_only_correct_to_cot_severe round 1: review
[188/545] approved cot_sft:rev_util_grounding_specificity:43:grounding_specificity_test_0440:label_only_correct_to_cot_severe
[189/545] cot_sft:rev_util_grounding_specificity:43:grounding_specificity_test_0456:label_only_correct_to_cot_severe round 1: edit
[189/545] cot_sft:rev_util_grounding_specificity:43:grounding_specificity_test_0456:label_only_correct_to_cot_severe round 1: review
[189/545] approved cot_sft:rev_util_grounding_specificity:43:grounding_specificity_test_0456:label_only_correct_to_cot_severe
[190/545] cot_sft:rev_util_grounding_specificity:43:grounding_specificity_test_0463:label_only_correct_to_cot_severe round 1: edit
[190/545] cot_sft:rev_util_grounding_specificity:43:grounding_specificity_test_0463:label_only_correct_to_cot_severe round 1: review
[190/545] approved cot_sft:rev_util_grounding_specificity:43:grounding_specificity_test_0463:label_only_correct_to_cot_severe
[191/545] cot_sft:rev_util_grounding_specificity:43:grounding_specificity_test_0468:label_only_correct_to_cot_severe round 1: edit
[191/545] cot_sft:rev_util_grounding_specificity:43:grounding_specificity_test_0468:label_only_correct_to_cot_severe round 1: review
[191/545] approved cot_sft:rev_util_grounding_specificity:43:grounding_specificity_test_0468:label_only_correct_to_cot_severe
[192/545] cot_sft:rev_util_grounding_specificity:43:grounding_specificity_test_0470:label_only_correct_to_cot_severe round 1: edit
[192/545] cot_sft:rev_util_grounding_specificity:43:grounding_specificity_test_0470:label_only_correct_to_cot_severe round 1: review
[192/545] approved cot_sft:rev_util_grounding_specificity:43:grounding_specificity_test_0470:label_only_correct_to_cot_severe
[193/545] cot_sft:rev_util_grounding_specificity:43:grounding_specificity_test_0476:label_only_correct_to_cot_severe round 1: edit
[193/545] cot_sft:rev_util_grounding_specificity:43:grounding_specificity_test_0476:label_only_correct_to_cot_severe round 1: review
[193/545] approved cot_sft:rev_util_grounding_specificity:43:grounding_specificity_test_0476:label_only_correct_to_cot_severe
[194/545] cot_sft:rev_util_grounding_specificity:43:grounding_specificity_test_0484:label_only_correct_to_cot_severe round 1: edit
[194/545] cot_sft:rev_util_grounding_specificity:43:grounding_specificity_test_0484:label_only_correct_to_cot_severe round 1: review
[194/545] approved cot_sft:rev_util_grounding_specificity:43:grounding_specificity_test_0484:label_only_correct_to_cot_severe
[195/545] cot_sft:rev_util_grounding_specificity:43:grounding_specificity_test_0485:label_only_correct_to_cot_severe round 1: edit
[195/545] cot_sft:rev_util_grounding_specificity:43:grounding_specificity_test_0485:label_only_correct_to_cot_severe round 1: review
[195/545] rejected; issues=["The corrected rationale removes the sentence about providing a 'clear, specific critique' but the change_log entry for the removed sentence has 'corrected_sentence': 'None' which is not a valid sentence replacement, breaking the coherence of the rationale as written.", "The final conclusion 'it falls short of full grounding and specificity' implies a specific rubric determination without stating the numeric score or gold label, but the phrasing could be read as a definitive judgment. However, the more substantive issue is that the rationale does not clearly articulate which rubric level (between 2 and 3) applies, given that grounding is weak but specificity of what is wrong is also vague. The rationale should clarify that both grounding and specificity are weak.", "The corrected rationale should explicitly acknowledge the tension: the comment quotes a sentence (giving some grounding) but without location context (weak grounding), and says 'doesn't make sense' without detailing the issue (weak specificity). The current version gestures at this but could be more precise about which error targets were addressed."]
[195/545] cot_sft:rev_util_grounding_specificity:43:grounding_specificity_test_0485:label_only_correct_to_cot_severe round 2: edit
[195/545] cot_sft:rev_util_grounding_specificity:43:grounding_specificity_test_0485:label_only_correct_to_cot_severe round 2: review
[195/545] approved cot_sft:rev_util_grounding_specificity:43:grounding_specificity_test_0485:label_only_correct_to_cot_severe
[196/545] cot_sft:rev_util_grounding_specificity:43:grounding_specificity_test_0508:label_only_correct_to_cot_severe round 1: edit
[196/545] cot_sft:rev_util_grounding_specificity:43:grounding_specificity_test_0508:label_only_correct_to_cot_severe round 1: review
[196/545] approved cot_sft:rev_util_grounding_specificity:43:grounding_specificity_test_0508:label_only_correct_to_cot_severe
[197/545] cot_sft:rev_util_grounding_specificity:43:grounding_specificity_test_0547:label_only_correct_to_cot_severe round 1: edit
[197/545] cot_sft:rev_util_grounding_specificity:43:grounding_specificity_test_0547:label_only_correct_to_cot_severe round 1: review
[197/545] approved cot_sft:rev_util_grounding_specificity:43:grounding_specificity_test_0547:label_only_correct_to_cot_severe
[198/545] cot_sft:rev_util_grounding_specificity:43:grounding_specificity_test_0564:label_only_correct_to_cot_severe round 1: edit
[198/545] cot_sft:rev_util_grounding_specificity:43:grounding_specificity_test_0564:label_only_correct_to_cot_severe round 1: review
[198/545] approved cot_sft:rev_util_grounding_specificity:43:grounding_specificity_test_0564:label_only_correct_to_cot_severe
[199/545] cot_sft:rev_util_grounding_specificity:43:grounding_specificity_test_0569:label_only_correct_to_cot_severe round 1: edit
[199/545] cot_sft:rev_util_grounding_specificity:43:grounding_specificity_test_0569:label_only_correct_to_cot_severe round 1: review
[199/545] approved cot_sft:rev_util_grounding_specificity:43:grounding_specificity_test_0569:label_only_correct_to_cot_severe
[200/545] cot_sft:rev_util_grounding_specificity:43:grounding_specificity_test_0747:label_only_correct_to_cot_severe round 1: edit
[200/545] cot_sft:rev_util_grounding_specificity:43:grounding_specificity_test_0747:label_only_correct_to_cot_severe round 1: review
[200/545] approved cot_sft:rev_util_grounding_specificity:43:grounding_specificity_test_0747:label_only_correct_to_cot_severe
[201/545] cot_sft:rev_util_grounding_specificity:43:grounding_specificity_test_0756:label_only_correct_to_cot_severe round 1: edit
[201/545] cot_sft:rev_util_grounding_specificity:43:grounding_specificity_test_0756:label_only_correct_to_cot_severe round 1: review
[201/545] approved cot_sft:rev_util_grounding_specificity:43:grounding_specificity_test_0756:label_only_correct_to_cot_severe
[202/545] cot_sft:rev_util_grounding_specificity:43:grounding_specificity_test_0763:label_only_correct_to_cot_severe round 1: edit
[202/545] cot_sft:rev_util_grounding_specificity:43:grounding_specificity_test_0763:label_only_correct_to_cot_severe round 1: review
[202/545] approved cot_sft:rev_util_grounding_specificity:43:grounding_specificity_test_0763:label_only_correct_to_cot_severe
[203/545] cot_sft:rev_util_grounding_specificity:43:grounding_specificity_test_0867:label_only_correct_to_cot_severe round 1: edit
[203/545] cot_sft:rev_util_grounding_specificity:43:grounding_specificity_test_0867:label_only_correct_to_cot_severe round 1: review
[203/545] approved cot_sft:rev_util_grounding_specificity:43:grounding_specificity_test_0867:label_only_correct_to_cot_severe
[204/545] cot_sft:rev_util_grounding_specificity:43:grounding_specificity_test_0877:label_only_correct_to_cot_severe round 1: edit
[204/545] cot_sft:rev_util_grounding_specificity:43:grounding_specificity_test_0877:label_only_correct_to_cot_severe round 1: review
[204/545] approved cot_sft:rev_util_grounding_specificity:43:grounding_specificity_test_0877:label_only_correct_to_cot_severe
[205/545] cot_sft:rev_util_grounding_specificity:43:grounding_specificity_test_0884:label_only_correct_to_cot_severe round 1: edit
[205/545] cot_sft:rev_util_grounding_specificity:43:grounding_specificity_test_0884:label_only_correct_to_cot_severe round 1: review
[205/545] approved cot_sft:rev_util_grounding_specificity:43:grounding_specificity_test_0884:label_only_correct_to_cot_severe
[206/545] cot_sft:rev_util_grounding_specificity:43:grounding_specificity_test_0897:label_only_correct_to_cot_severe round 1: edit
[206/545] cot_sft:rev_util_grounding_specificity:43:grounding_specificity_test_0897:label_only_correct_to_cot_severe round 1: review
[206/545] approved cot_sft:rev_util_grounding_specificity:43:grounding_specificity_test_0897:label_only_correct_to_cot_severe
[207/545] cot_sft:rev_util_grounding_specificity:43:grounding_specificity_test_0903:label_only_correct_to_cot_severe round 1: edit
[207/545] cot_sft:rev_util_grounding_specificity:43:grounding_specificity_test_0903:label_only_correct_to_cot_severe round 1: review
[207/545] approved cot_sft:rev_util_grounding_specificity:43:grounding_specificity_test_0903:label_only_correct_to_cot_severe
[208/545] cot_sft:rev_util_grounding_specificity:43:grounding_specificity_test_0964:label_only_correct_to_cot_severe round 1: edit
[208/545] cot_sft:rev_util_grounding_specificity:43:grounding_specificity_test_0964:label_only_correct_to_cot_severe round 1: review
[208/545] rejected; issues=["The corrected rationale's final sentence ('satisfying the strongest grounding and specificity criteria of the rubric') and the change_log's fourth correction ('satisfies the strongest grounding and specificity criteria of the rubric') effectively convey that the comment merits the highest rubric band, which constitutes stating the gold label despite the omission of an explicit numeric score.", "The rationale's second change says 'combined with the explicit grounding, it satisfies the criteria for a fully grounded and specific comment,' which similarly approximates stating the top-band label rather than neutrally describing the rubric match."]
[208/545] cot_sft:rev_util_grounding_specificity:43:grounding_specificity_test_0964:label_only_correct_to_cot_severe round 2: edit
[208/545] cot_sft:rev_util_grounding_specificity:43:grounding_specificity_test_0964:label_only_correct_to_cot_severe round 2: review
[208/545] approved cot_sft:rev_util_grounding_specificity:43:grounding_specificity_test_0964:label_only_correct_to_cot_severe
[209/545] cot_sft:rev_util_grounding_specificity:43:grounding_specificity_test_0989:label_only_correct_to_cot_severe round 1: edit
[209/545] cot_sft:rev_util_grounding_specificity:43:grounding_specificity_test_0989:label_only_correct_to_cot_severe round 1: review
[209/545] approved cot_sft:rev_util_grounding_specificity:43:grounding_specificity_test_0989:label_only_correct_to_cot_severe
[210/545] cot_sft:rev_util_grounding_specificity:44:grounding_specificity_test_0023:label_only_correct_to_cot_severe round 1: edit
[210/545] cot_sft:rev_util_grounding_specificity:44:grounding_specificity_test_0023:label_only_correct_to_cot_severe round 1: review
[210/545] approved cot_sft:rev_util_grounding_specificity:44:grounding_specificity_test_0023:label_only_correct_to_cot_severe
[211/545] cot_sft:rev_util_grounding_specificity:44:grounding_specificity_test_0027:label_only_correct_to_cot_severe round 1: edit
[211/545] cot_sft:rev_util_grounding_specificity:44:grounding_specificity_test_0027:label_only_correct_to_cot_severe round 1: review
[211/545] approved cot_sft:rev_util_grounding_specificity:44:grounding_specificity_test_0027:label_only_correct_to_cot_severe
[212/545] cot_sft:rev_util_grounding_specificity:44:grounding_specificity_test_0028:label_only_correct_to_cot_severe round 1: edit
[212/545] cot_sft:rev_util_grounding_specificity:44:grounding_specificity_test_0028:label_only_correct_to_cot_severe round 1: review
[212/545] approved cot_sft:rev_util_grounding_specificity:44:grounding_specificity_test_0028:label_only_correct_to_cot_severe
[213/545] cot_sft:rev_util_grounding_specificity:44:grounding_specificity_test_0078:label_only_correct_to_cot_severe round 1: edit
[213/545] cot_sft:rev_util_grounding_specificity:44:grounding_specificity_test_0078:label_only_correct_to_cot_severe round 1: review
[213/545] approved cot_sft:rev_util_grounding_specificity:44:grounding_specificity_test_0078:label_only_correct_to_cot_severe
[214/545] cot_sft:rev_util_grounding_specificity:44:grounding_specificity_test_0091:label_only_correct_to_cot_severe round 1: edit
[214/545] cot_sft:rev_util_grounding_specificity:44:grounding_specificity_test_0091:label_only_correct_to_cot_severe round 1: review
[214/545] approved cot_sft:rev_util_grounding_specificity:44:grounding_specificity_test_0091:label_only_correct_to_cot_severe
[215/545] cot_sft:rev_util_grounding_specificity:44:grounding_specificity_test_0181:label_only_correct_to_cot_severe round 1: edit
[215/545] cot_sft:rev_util_grounding_specificity:44:grounding_specificity_test_0181:label_only_correct_to_cot_severe round 1: review
[215/545] approved cot_sft:rev_util_grounding_specificity:44:grounding_specificity_test_0181:label_only_correct_to_cot_severe
[216/545] cot_sft:rev_util_grounding_specificity:44:grounding_specificity_test_0206:label_only_correct_to_cot_severe round 1: edit
[216/545] cot_sft:rev_util_grounding_specificity:44:grounding_specificity_test_0206:label_only_correct_to_cot_severe round 1: review
[216/545] approved cot_sft:rev_util_grounding_specificity:44:grounding_specificity_test_0206:label_only_correct_to_cot_severe
[217/545] cot_sft:rev_util_grounding_specificity:44:grounding_specificity_test_0221:label_only_correct_to_cot_severe round 1: edit
[217/545] cot_sft:rev_util_grounding_specificity:44:grounding_specificity_test_0221:label_only_correct_to_cot_severe round 1: review
[217/545] approved cot_sft:rev_util_grounding_specificity:44:grounding_specificity_test_0221:label_only_correct_to_cot_severe
[218/545] cot_sft:rev_util_grounding_specificity:44:grounding_specificity_test_0353:label_only_correct_to_cot_severe round 1: edit
[218/545] cot_sft:rev_util_grounding_specificity:44:grounding_specificity_test_0353:label_only_correct_to_cot_severe round 1: review
[218/545] approved cot_sft:rev_util_grounding_specificity:44:grounding_specificity_test_0353:label_only_correct_to_cot_severe
[219/545] cot_sft:rev_util_grounding_specificity:44:grounding_specificity_test_0387:label_only_correct_to_cot_severe round 1: edit
[219/545] cot_sft:rev_util_grounding_specificity:44:grounding_specificity_test_0387:label_only_correct_to_cot_severe round 1: review
[219/545] approved cot_sft:rev_util_grounding_specificity:44:grounding_specificity_test_0387:label_only_correct_to_cot_severe
[220/545] cot_sft:rev_util_grounding_specificity:44:grounding_specificity_test_0403:label_only_correct_to_cot_severe round 1: edit
[220/545] cot_sft:rev_util_grounding_specificity:44:grounding_specificity_test_0403:label_only_correct_to_cot_severe round 1: review
[220/545] approved cot_sft:rev_util_grounding_specificity:44:grounding_specificity_test_0403:label_only_correct_to_cot_severe
[221/545] cot_sft:rev_util_grounding_specificity:44:grounding_specificity_test_0440:label_only_correct_to_cot_severe round 1: edit
[221/545] cot_sft:rev_util_grounding_specificity:44:grounding_specificity_test_0440:label_only_correct_to_cot_severe round 1: review
[221/545] approved cot_sft:rev_util_grounding_specificity:44:grounding_specificity_test_0440:label_only_correct_to_cot_severe
[222/545] cot_sft:rev_util_grounding_specificity:44:grounding_specificity_test_0445:label_only_correct_to_cot_severe round 1: edit
[222/545] cot_sft:rev_util_grounding_specificity:44:grounding_specificity_test_0445:label_only_correct_to_cot_severe round 1: review
[222/545] rejected; issues=["The phrase 'fitting an intermediate rubric level' is vague and does not clearly describe the grounding and specificity qualities; it should explicitly state that the part cannot be confidently identified but the needed change is clearly specified (level 3 qualities).", 'The corrected rationale should more explicitly connect to the rubric criteria: it should note that grounding requires pinpointing a section/table/figure (which the comment fails to do), and that specificity about what to add is present.']
[222/545] cot_sft:rev_util_grounding_specificity:44:grounding_specificity_test_0445:label_only_correct_to_cot_severe round 2: edit
[222/545] cot_sft:rev_util_grounding_specificity:44:grounding_specificity_test_0445:label_only_correct_to_cot_severe round 2: review
[222/545] approved cot_sft:rev_util_grounding_specificity:44:grounding_specificity_test_0445:label_only_correct_to_cot_severe
[223/545] cot_sft:rev_util_grounding_specificity:44:grounding_specificity_test_0456:label_only_correct_to_cot_severe round 1: edit
[223/545] cot_sft:rev_util_grounding_specificity:44:grounding_specificity_test_0456:label_only_correct_to_cot_severe round 1: review
[223/545] approved cot_sft:rev_util_grounding_specificity:44:grounding_specificity_test_0456:label_only_correct_to_cot_severe
[224/545] cot_sft:rev_util_grounding_specificity:44:grounding_specificity_test_0463:label_only_correct_to_cot_severe round 1: edit
[224/545] cot_sft:rev_util_grounding_specificity:44:grounding_specificity_test_0463:label_only_correct_to_cot_severe round 1: review
[224/545] rejected; issues=["The candidate edit, in its final sentence, describes the rubric level as 'the rubric level where the referenced part cannot be confidently determined even though the requested changes are clear,' which effectively paraphrases a specific rubric score (level 3). This constitutes indirectly stating the rubric-aligned score.", "The candidate also replaces the last sentence to say 'matching the rubric level where...' which amounts to assigning a rubric level despite instructions not to state the final score or gold label.", "Additionally, in the second change, the candidate replaces the entire sentence rather than correcting the factual error within it; the corrected sentence 'Therefore, the authors cannot confidently determine which parts of the paper are being addressed' adds a logical connector ('Therefore,') that doesn't naturally flow from the preceding sentence without a smoother transition."]
[224/545] cot_sft:rev_util_grounding_specificity:44:grounding_specificity_test_0463:label_only_correct_to_cot_severe round 2: edit
[224/545] cot_sft:rev_util_grounding_specificity:44:grounding_specificity_test_0463:label_only_correct_to_cot_severe round 2: review
[224/545] approved cot_sft:rev_util_grounding_specificity:44:grounding_specificity_test_0463:label_only_correct_to_cot_severe
[225/545] cot_sft:rev_util_grounding_specificity:44:grounding_specificity_test_0470:label_only_correct_to_cot_severe round 1: edit
[225/545] cot_sft:rev_util_grounding_specificity:44:grounding_specificity_test_0470:label_only_correct_to_cot_severe round 1: review
[225/545] approved cot_sft:rev_util_grounding_specificity:44:grounding_specificity_test_0470:label_only_correct_to_cot_severe
[226/545] cot_sft:rev_util_grounding_specificity:44:grounding_specificity_test_0476:label_only_correct_to_cot_severe round 1: edit
[226/545] cot_sft:rev_util_grounding_specificity:44:grounding_specificity_test_0476:label_only_correct_to_cot_severe round 1: review
[226/545] approved cot_sft:rev_util_grounding_specificity:44:grounding_specificity_test_0476:label_only_correct_to_cot_severe
[227/545] cot_sft:rev_util_grounding_specificity:44:grounding_specificity_test_0488:label_only_correct_to_cot_severe round 1: edit
[227/545] cot_sft:rev_util_grounding_specificity:44:grounding_specificity_test_0488:label_only_correct_to_cot_severe round 1: review
[227/545] approved cot_sft:rev_util_grounding_specificity:44:grounding_specificity_test_0488:label_only_correct_to_cot_severe
[228/545] cot_sft:rev_util_grounding_specificity:44:grounding_specificity_test_0508:label_only_correct_to_cot_severe round 1: edit
[228/545] cot_sft:rev_util_grounding_specificity:44:grounding_specificity_test_0508:label_only_correct_to_cot_severe round 1: review
[228/545] approved cot_sft:rev_util_grounding_specificity:44:grounding_specificity_test_0508:label_only_correct_to_cot_severe
[229/545] cot_sft:rev_util_grounding_specificity:44:grounding_specificity_test_0524:label_only_correct_to_cot_severe round 1: edit
[229/545] cot_sft:rev_util_grounding_specificity:44:grounding_specificity_test_0524:label_only_correct_to_cot_severe round 1: review
[229/545] approved cot_sft:rev_util_grounding_specificity:44:grounding_specificity_test_0524:label_only_correct_to_cot_severe
[230/545] cot_sft:rev_util_grounding_specificity:44:grounding_specificity_test_0547:label_only_correct_to_cot_severe round 1: edit
[230/545] cot_sft:rev_util_grounding_specificity:44:grounding_specificity_test_0547:label_only_correct_to_cot_severe round 1: review
[230/545] approved cot_sft:rev_util_grounding_specificity:44:grounding_specificity_test_0547:label_only_correct_to_cot_severe
[231/545] cot_sft:rev_util_grounding_specificity:44:grounding_specificity_test_0556:label_only_correct_to_cot_severe round 1: edit
[231/545] cot_sft:rev_util_grounding_specificity:44:grounding_specificity_test_0556:label_only_correct_to_cot_severe round 1: review
[231/545] approved cot_sft:rev_util_grounding_specificity:44:grounding_specificity_test_0556:label_only_correct_to_cot_severe
[232/545] cot_sft:rev_util_grounding_specificity:44:grounding_specificity_test_0576:label_only_correct_to_cot_severe round 1: edit
[232/545] cot_sft:rev_util_grounding_specificity:44:grounding_specificity_test_0576:label_only_correct_to_cot_severe round 1: review
[232/545] approved cot_sft:rev_util_grounding_specificity:44:grounding_specificity_test_0576:label_only_correct_to_cot_severe
[233/545] cot_sft:rev_util_grounding_specificity:44:grounding_specificity_test_0624:label_only_correct_to_cot_severe round 1: edit
[233/545] cot_sft:rev_util_grounding_specificity:44:grounding_specificity_test_0624:label_only_correct_to_cot_severe round 1: review
[233/545] approved cot_sft:rev_util_grounding_specificity:44:grounding_specificity_test_0624:label_only_correct_to_cot_severe
[234/545] cot_sft:rev_util_grounding_specificity:44:grounding_specificity_test_0734:label_only_correct_to_cot_severe round 1: edit
[234/545] cot_sft:rev_util_grounding_specificity:44:grounding_specificity_test_0734:label_only_correct_to_cot_severe round 1: review
[234/545] approved cot_sft:rev_util_grounding_specificity:44:grounding_specificity_test_0734:label_only_correct_to_cot_severe
[235/545] cot_sft:rev_util_grounding_specificity:44:grounding_specificity_test_0738:label_only_correct_to_cot_severe round 1: edit
[235/545] cot_sft:rev_util_grounding_specificity:44:grounding_specificity_test_0738:label_only_correct_to_cot_severe round 1: review
[235/545] approved cot_sft:rev_util_grounding_specificity:44:grounding_specificity_test_0738:label_only_correct_to_cot_severe
[236/545] cot_sft:rev_util_grounding_specificity:44:grounding_specificity_test_0747:label_only_correct_to_cot_severe round 1: edit
[236/545] cot_sft:rev_util_grounding_specificity:44:grounding_specificity_test_0747:label_only_correct_to_cot_severe round 1: review
[236/545] approved cot_sft:rev_util_grounding_specificity:44:grounding_specificity_test_0747:label_only_correct_to_cot_severe
[237/545] cot_sft:rev_util_grounding_specificity:44:grounding_specificity_test_0756:label_only_correct_to_cot_severe round 1: edit
[237/545] cot_sft:rev_util_grounding_specificity:44:grounding_specificity_test_0756:label_only_correct_to_cot_severe round 1: review
[237/545] approved cot_sft:rev_util_grounding_specificity:44:grounding_specificity_test_0756:label_only_correct_to_cot_severe
[238/545] cot_sft:rev_util_grounding_specificity:44:grounding_specificity_test_0763:label_only_correct_to_cot_severe round 1: edit
[238/545] cot_sft:rev_util_grounding_specificity:44:grounding_specificity_test_0763:label_only_correct_to_cot_severe round 1: review
[238/545] approved cot_sft:rev_util_grounding_specificity:44:grounding_specificity_test_0763:label_only_correct_to_cot_severe
[239/545] cot_sft:rev_util_grounding_specificity:44:grounding_specificity_test_0815:label_only_correct_to_cot_severe round 1: edit
[239/545] cot_sft:rev_util_grounding_specificity:44:grounding_specificity_test_0815:label_only_correct_to_cot_severe round 1: review
[239/545] approved cot_sft:rev_util_grounding_specificity:44:grounding_specificity_test_0815:label_only_correct_to_cot_severe
[240/545] cot_sft:rev_util_grounding_specificity:44:grounding_specificity_test_0847:label_only_correct_to_cot_severe round 1: edit
[240/545] cot_sft:rev_util_grounding_specificity:44:grounding_specificity_test_0847:label_only_correct_to_cot_severe round 1: review
[240/545] approved cot_sft:rev_util_grounding_specificity:44:grounding_specificity_test_0847:label_only_correct_to_cot_severe
[241/545] cot_sft:rev_util_grounding_specificity:44:grounding_specificity_test_0877:label_only_correct_to_cot_severe round 1: edit
[241/545] cot_sft:rev_util_grounding_specificity:44:grounding_specificity_test_0877:label_only_correct_to_cot_severe round 1: review
[241/545] approved cot_sft:rev_util_grounding_specificity:44:grounding_specificity_test_0877:label_only_correct_to_cot_severe
[242/545] cot_sft:rev_util_grounding_specificity:44:grounding_specificity_test_0884:label_only_correct_to_cot_severe round 1: edit
[242/545] cot_sft:rev_util_grounding_specificity:44:grounding_specificity_test_0884:label_only_correct_to_cot_severe round 1: review
[242/545] approved cot_sft:rev_util_grounding_specificity:44:grounding_specificity_test_0884:label_only_correct_to_cot_severe
[243/545] cot_sft:rev_util_grounding_specificity:44:grounding_specificity_test_0910:label_only_correct_to_cot_severe round 1: edit
[243/545] cot_sft:rev_util_grounding_specificity:44:grounding_specificity_test_0910:label_only_correct_to_cot_severe round 1: review
[243/545] approved cot_sft:rev_util_grounding_specificity:44:grounding_specificity_test_0910:label_only_correct_to_cot_severe
[244/545] cot_sft:rev_util_grounding_specificity:44:grounding_specificity_test_0915:label_only_correct_to_cot_severe round 1: edit
[244/545] cot_sft:rev_util_grounding_specificity:44:grounding_specificity_test_0915:label_only_correct_to_cot_severe round 1: review
[244/545] approved cot_sft:rev_util_grounding_specificity:44:grounding_specificity_test_0915:label_only_correct_to_cot_severe
[245/545] cot_sft:rev_util_grounding_specificity:44:grounding_specificity_test_0931:label_only_correct_to_cot_severe round 1: edit
[245/545] cot_sft:rev_util_grounding_specificity:44:grounding_specificity_test_0931:label_only_correct_to_cot_severe round 1: review
[245/545] approved cot_sft:rev_util_grounding_specificity:44:grounding_specificity_test_0931:label_only_correct_to_cot_severe
[246/545] cot_sft:rev_util_grounding_specificity:44:grounding_specificity_test_0989:label_only_correct_to_cot_severe round 1: edit
[246/545] cot_sft:rev_util_grounding_specificity:44:grounding_specificity_test_0989:label_only_correct_to_cot_severe round 1: review
[246/545] approved cot_sft:rev_util_grounding_specificity:44:grounding_specificity_test_0989:label_only_correct_to_cot_severe
[247/545] cot_sft:rev_util_verifiability:44:verifiability_test_0705:label_only_correct_to_cot_severe round 1: edit
[247/545] cot_sft:rev_util_verifiability:44:verifiability_test_0705:label_only_correct_to_cot_severe round 1: review
[247/545] approved cot_sft:rev_util_verifiability:44:verifiability_test_0705:label_only_correct_to_cot_severe
[248/545] label_only_sft:rev_util_actionability:42:actionability_test_0022:label_only_correct_to_cot_severe round 1: edit
[248/545] label_only_sft:rev_util_actionability:42:actionability_test_0022:label_only_correct_to_cot_severe round 1: review
[248/545] approved label_only_sft:rev_util_actionability:42:actionability_test_0022:label_only_correct_to_cot_severe
[249/545] label_only_sft:rev_util_actionability:42:actionability_test_0043:label_only_correct_to_cot_severe round 1: edit
[249/545] label_only_sft:rev_util_actionability:42:actionability_test_0043:label_only_correct_to_cot_severe round 1: review
[249/545] approved label_only_sft:rev_util_actionability:42:actionability_test_0043:label_only_correct_to_cot_severe
[250/545] label_only_sft:rev_util_actionability:42:actionability_test_0078:label_only_correct_to_cot_severe round 1: edit
[250/545] label_only_sft:rev_util_actionability:42:actionability_test_0078:label_only_correct_to_cot_severe round 1: review
[250/545] approved label_only_sft:rev_util_actionability:42:actionability_test_0078:label_only_correct_to_cot_severe
[251/545] label_only_sft:rev_util_actionability:42:actionability_test_0111:label_only_correct_to_cot_severe round 1: edit
[251/545] label_only_sft:rev_util_actionability:42:actionability_test_0111:label_only_correct_to_cot_severe round 1: review
[251/545] approved label_only_sft:rev_util_actionability:42:actionability_test_0111:label_only_correct_to_cot_severe
[252/545] label_only_sft:rev_util_actionability:42:actionability_test_0170:label_only_correct_to_cot_severe round 1: edit
[252/545] label_only_sft:rev_util_actionability:42:actionability_test_0170:label_only_correct_to_cot_severe round 1: review
[252/545] approved label_only_sft:rev_util_actionability:42:actionability_test_0170:label_only_correct_to_cot_severe
[253/545] label_only_sft:rev_util_actionability:42:actionability_test_0178:label_only_correct_to_cot_severe round 1: edit
[253/545] label_only_sft:rev_util_actionability:42:actionability_test_0178:label_only_correct_to_cot_severe round 1: review
[253/545] rejected; issues=["The corrected rationale describes the result as 'the middle level of the rubric, where the action is explicitly stated but vague on how to execute it,' which, while not naming a numeric score, essentially encodes the score-3 description from the rubric. This is borderline direct mapping but acceptable as description rather than numeric label.", "More importantly, the corrected rationale preserves the original framing well and corrects all three error targets appropriately: (1) it removes the false claim of 'clear direction on how to implement,' (2) it removes the incorrect characterization of the solution as 'concrete,' and (3) it corrects the score mapping to the appropriate rubric level without stating a numeric score.", "Wait—re-examining: the corrected rationale does say 'meets the criteria for the middle level of the rubric, where the action is explicitly stated but vague on how to execute it.' This is a description of rubric level 3 from the task criteria. While it doesn't use the number '3,' it essentially paraphrases the rubric score definition. However, the instructions say descriptions of rubric-relevant qualities are necessary and must not be treated as leakage, so this should be acceptable.", 'All three error targets are properly addressed, the reasoning is coherent, and unrelated correct reasoning is preserved.']
[253/545] label_only_sft:rev_util_actionability:42:actionability_test_0178:label_only_correct_to_cot_severe round 2: edit
[253/545] label_only_sft:rev_util_actionability:42:actionability_test_0178:label_only_correct_to_cot_severe round 2: review
[253/545] approved label_only_sft:rev_util_actionability:42:actionability_test_0178:label_only_correct_to_cot_severe
[254/545] label_only_sft:rev_util_actionability:42:actionability_test_0196:label_only_correct_to_cot_severe round 1: edit
[254/545] label_only_sft:rev_util_actionability:42:actionability_test_0196:label_only_correct_to_cot_severe round 1: review
[254/545] approved label_only_sft:rev_util_actionability:42:actionability_test_0196:label_only_correct_to_cot_severe
[255/545] label_only_sft:rev_util_actionability:42:actionability_test_0230:label_only_correct_to_cot_severe round 1: edit
[255/545] label_only_sft:rev_util_actionability:42:actionability_test_0230:label_only_correct_to_cot_severe round 1: review
[255/545] approved label_only_sft:rev_util_actionability:42:actionability_test_0230:label_only_correct_to_cot_severe
[256/545] label_only_sft:rev_util_actionability:42:actionability_test_0239:label_only_correct_to_cot_severe round 1: edit
[256/545] label_only_sft:rev_util_actionability:42:actionability_test_0239:label_only_correct_to_cot_severe round 1: review
[256/545] approved label_only_sft:rev_util_actionability:42:actionability_test_0239:label_only_correct_to_cot_severe
[257/545] label_only_sft:rev_util_actionability:42:actionability_test_0299:label_only_correct_to_cot_severe round 1: edit
[257/545] label_only_sft:rev_util_actionability:42:actionability_test_0299:label_only_correct_to_cot_severe round 1: review
[257/545] approved label_only_sft:rev_util_actionability:42:actionability_test_0299:label_only_correct_to_cot_severe
[258/545] label_only_sft:rev_util_actionability:42:actionability_test_0311:label_only_correct_to_cot_severe round 1: edit
[258/545] label_only_sft:rev_util_actionability:42:actionability_test_0311:label_only_correct_to_cot_severe round 1: review
[258/545] approved label_only_sft:rev_util_actionability:42:actionability_test_0311:label_only_correct_to_cot_severe
[259/545] label_only_sft:rev_util_actionability:42:actionability_test_0330:label_only_correct_to_cot_severe round 1: edit
[259/545] label_only_sft:rev_util_actionability:42:actionability_test_0330:label_only_correct_to_cot_severe round 1: review
[259/545] approved label_only_sft:rev_util_actionability:42:actionability_test_0330:label_only_correct_to_cot_severe
[260/545] label_only_sft:rev_util_actionability:42:actionability_test_0333:label_only_correct_to_cot_severe round 1: edit
[260/545] label_only_sft:rev_util_actionability:42:actionability_test_0333:label_only_correct_to_cot_severe round 1: review
[260/545] approved label_only_sft:rev_util_actionability:42:actionability_test_0333:label_only_correct_to_cot_severe
[261/545] label_only_sft:rev_util_actionability:42:actionability_test_0374:label_only_correct_to_cot_severe round 1: edit
[261/545] label_only_sft:rev_util_actionability:42:actionability_test_0374:label_only_correct_to_cot_severe round 1: review
[261/545] approved label_only_sft:rev_util_actionability:42:actionability_test_0374:label_only_correct_to_cot_severe
[262/545] label_only_sft:rev_util_actionability:42:actionability_test_0430:label_only_correct_to_cot_severe round 1: edit
[262/545] label_only_sft:rev_util_actionability:42:actionability_test_0430:label_only_correct_to_cot_severe round 1: review
[262/545] rejected; issues=["The corrected rationale, while addressing the error targets, removes the final score-mapping sentence entirely. The original sentence 'Therefore, this meets the criteria for a score of 5.' is replaced with 'Therefore, the comment corresponds to the rubric level where an explicit action is stated but remains vague on how to execute it.' While the corrected version avoids stating a numeric score directly, it essentially paraphrases the rubric band description, which could be considered functionally equivalent to stating the gold label. This is borderline.", "More critically, the corrected rationale still retains the reasoning structure that maps to a specific rubric level, effectively communicating the intended score without stating a number. However, the instruction says 'does not directly state a numeric final score or gold label.' Describing the rubric level in words could be considered indirectly stating the gold label."]
[262/545] label_only_sft:rev_util_actionability:42:actionability_test_0430:label_only_correct_to_cot_severe round 2: edit
[262/545] label_only_sft:rev_util_actionability:42:actionability_test_0430:label_only_correct_to_cot_severe round 2: review
[262/545] approved label_only_sft:rev_util_actionability:42:actionability_test_0430:label_only_correct_to_cot_severe
[263/545] label_only_sft:rev_util_actionability:42:actionability_test_0513:label_only_correct_to_cot_severe round 1: edit
[263/545] label_only_sft:rev_util_actionability:42:actionability_test_0513:label_only_correct_to_cot_severe round 1: review
[263/545] approved label_only_sft:rev_util_actionability:42:actionability_test_0513:label_only_correct_to_cot_severe
[264/545] label_only_sft:rev_util_actionability:42:actionability_test_0518:label_only_correct_to_cot_severe round 1: edit
[264/545] label_only_sft:rev_util_actionability:42:actionability_test_0518:label_only_correct_to_cot_severe round 1: review
[264/545] approved label_only_sft:rev_util_actionability:42:actionability_test_0518:label_only_correct_to_cot_severe
[265/545] label_only_sft:rev_util_actionability:42:actionability_test_0584:label_only_correct_to_cot_severe round 1: edit
[265/545] label_only_sft:rev_util_actionability:42:actionability_test_0584:label_only_correct_to_cot_severe round 1: review
[265/545] approved label_only_sft:rev_util_actionability:42:actionability_test_0584:label_only_correct_to_cot_severe
[266/545] label_only_sft:rev_util_actionability:42:actionability_test_0609:label_only_correct_to_cot_severe round 1: edit
[266/545] label_only_sft:rev_util_actionability:42:actionability_test_0609:label_only_correct_to_cot_severe round 1: review
[266/545] approved label_only_sft:rev_util_actionability:42:actionability_test_0609:label_only_correct_to_cot_severe
[267/545] label_only_sft:rev_util_actionability:42:actionability_test_0620:label_only_correct_to_cot_severe round 1: edit
[267/545] label_only_sft:rev_util_actionability:42:actionability_test_0620:label_only_correct_to_cot_severe round 1: review
[267/545] approved label_only_sft:rev_util_actionability:42:actionability_test_0620:label_only_correct_to_cot_severe
[268/545] label_only_sft:rev_util_actionability:42:actionability_test_0621:label_only_correct_to_cot_severe round 1: edit
[268/545] label_only_sft:rev_util_actionability:42:actionability_test_0621:label_only_correct_to_cot_severe round 1: review
[268/545] approved label_only_sft:rev_util_actionability:42:actionability_test_0621:label_only_correct_to_cot_severe
[269/545] label_only_sft:rev_util_actionability:42:actionability_test_0658:label_only_correct_to_cot_severe round 1: edit
[269/545] label_only_sft:rev_util_actionability:42:actionability_test_0658:label_only_correct_to_cot_severe round 1: review
[269/545] approved label_only_sft:rev_util_actionability:42:actionability_test_0658:label_only_correct_to_cot_severe
[270/545] label_only_sft:rev_util_actionability:42:actionability_test_0663:label_only_correct_to_cot_severe round 1: edit
[270/545] label_only_sft:rev_util_actionability:42:actionability_test_0663:label_only_correct_to_cot_severe round 1: review
[270/545] approved label_only_sft:rev_util_actionability:42:actionability_test_0663:label_only_correct_to_cot_severe
[271/545] label_only_sft:rev_util_actionability:42:actionability_test_0697:label_only_correct_to_cot_severe round 1: edit
[271/545] label_only_sft:rev_util_actionability:42:actionability_test_0697:label_only_correct_to_cot_severe round 1: review
[271/545] approved label_only_sft:rev_util_actionability:42:actionability_test_0697:label_only_correct_to_cot_severe
[272/545] label_only_sft:rev_util_actionability:42:actionability_test_0738:label_only_correct_to_cot_severe round 1: edit
[272/545] label_only_sft:rev_util_actionability:42:actionability_test_0738:label_only_correct_to_cot_severe round 1: review
[272/545] approved label_only_sft:rev_util_actionability:42:actionability_test_0738:label_only_correct_to_cot_severe
[273/545] label_only_sft:rev_util_actionability:42:actionability_test_0821:label_only_correct_to_cot_severe round 1: edit
[273/545] label_only_sft:rev_util_actionability:42:actionability_test_0821:label_only_correct_to_cot_severe round 1: review
[273/545] approved label_only_sft:rev_util_actionability:42:actionability_test_0821:label_only_correct_to_cot_severe
[274/545] label_only_sft:rev_util_actionability:42:actionability_test_0840:label_only_correct_to_cot_severe round 1: edit
[274/545] label_only_sft:rev_util_actionability:42:actionability_test_0840:label_only_correct_to_cot_severe round 1: review
[274/545] approved label_only_sft:rev_util_actionability:42:actionability_test_0840:label_only_correct_to_cot_severe
[275/545] label_only_sft:rev_util_actionability:42:actionability_test_0843:label_only_correct_to_cot_severe round 1: edit
[275/545] label_only_sft:rev_util_actionability:42:actionability_test_0843:label_only_correct_to_cot_severe round 1: review
[275/545] approved label_only_sft:rev_util_actionability:42:actionability_test_0843:label_only_correct_to_cot_severe
[276/545] label_only_sft:rev_util_actionability:42:actionability_test_0876:label_only_correct_to_cot_severe round 1: edit
[276/545] label_only_sft:rev_util_actionability:42:actionability_test_0876:label_only_correct_to_cot_severe round 1: review
[276/545] approved label_only_sft:rev_util_actionability:42:actionability_test_0876:label_only_correct_to_cot_severe
[277/545] label_only_sft:rev_util_actionability:42:actionability_test_0894:label_only_correct_to_cot_severe round 1: edit
[277/545] label_only_sft:rev_util_actionability:42:actionability_test_0894:label_only_correct_to_cot_severe round 1: review
[277/545] approved label_only_sft:rev_util_actionability:42:actionability_test_0894:label_only_correct_to_cot_severe
[278/545] label_only_sft:rev_util_actionability:42:actionability_test_0905:label_only_correct_to_cot_severe round 1: edit
[278/545] label_only_sft:rev_util_actionability:42:actionability_test_0905:label_only_correct_to_cot_severe round 1: review
[278/545] approved label_only_sft:rev_util_actionability:42:actionability_test_0905:label_only_correct_to_cot_severe
[279/545] label_only_sft:rev_util_actionability:42:actionability_test_0950:label_only_correct_to_cot_severe round 1: edit
[279/545] label_only_sft:rev_util_actionability:42:actionability_test_0950:label_only_correct_to_cot_severe round 1: review
[279/545] approved label_only_sft:rev_util_actionability:42:actionability_test_0950:label_only_correct_to_cot_severe
[280/545] label_only_sft:rev_util_actionability:42:actionability_test_1000:label_only_correct_to_cot_severe round 1: edit
[280/545] label_only_sft:rev_util_actionability:42:actionability_test_1000:label_only_correct_to_cot_severe round 1: review
[280/545] approved label_only_sft:rev_util_actionability:42:actionability_test_1000:label_only_correct_to_cot_severe
[281/545] label_only_sft:rev_util_actionability:43:actionability_test_0008:label_only_correct_to_cot_severe round 1: edit
[281/545] label_only_sft:rev_util_actionability:43:actionability_test_0008:label_only_correct_to_cot_severe round 1: review
[281/545] rejected; issues=["The corrected rationale does not directly state a numeric final score or gold label, which is good. However, it does explicitly state 'Therefore, the comment fits the level where an action is explicitly stated but vague on how to execute it' — while this avoids a number, it still directly identifies the rubric level (level 3 in the original criteria), which effectively leaks the score mapping.", 'Additionally, the final sentence should be more neutral: it currently still reads as if it is pointing to a specific rubric level rather than simply describing the qualities of the comment.']
[281/545] label_only_sft:rev_util_actionability:43:actionability_test_0008:label_only_correct_to_cot_severe round 2: edit
[281/545] label_only_sft:rev_util_actionability:43:actionability_test_0008:label_only_correct_to_cot_severe round 2: review
[281/545] approved label_only_sft:rev_util_actionability:43:actionability_test_0008:label_only_correct_to_cot_severe
[282/545] label_only_sft:rev_util_actionability:43:actionability_test_0022:label_only_correct_to_cot_severe round 1: edit
[282/545] label_only_sft:rev_util_actionability:43:actionability_test_0022:label_only_correct_to_cot_severe round 1: review
[282/545] approved label_only_sft:rev_util_actionability:43:actionability_test_0022:label_only_correct_to_cot_severe
[283/545] label_only_sft:rev_util_actionability:43:actionability_test_0043:label_only_correct_to_cot_severe round 1: edit
[283/545] label_only_sft:rev_util_actionability:43:actionability_test_0043:label_only_correct_to_cot_severe round 1: review
[283/545] approved label_only_sft:rev_util_actionability:43:actionability_test_0043:label_only_correct_to_cot_severe
[284/545] label_only_sft:rev_util_actionability:43:actionability_test_0061:label_only_correct_to_cot_severe round 1: edit
[284/545] label_only_sft:rev_util_actionability:43:actionability_test_0061:label_only_correct_to_cot_severe round 1: review
[284/545] approved label_only_sft:rev_util_actionability:43:actionability_test_0061:label_only_correct_to_cot_severe
[285/545] label_only_sft:rev_util_actionability:43:actionability_test_0067:label_only_correct_to_cot_severe round 1: edit
[285/545] label_only_sft:rev_util_actionability:43:actionability_test_0067:label_only_correct_to_cot_severe round 1: review
[285/545] rejected; issues=["The corrected rationale does not explicitly state the numeric final score (good), but it removes the explicit numeric score claim without providing an alternative clear description of the rubric band. More importantly, the corrected rationale still retains language that effectively conveys the score mapping (e.g., 'matches this comment' under a rubric describing implicit action with concrete details), which approaches stating the band. However, the more critical issue is that the first sentence 'The comment points out a specific issue: the absence of quantitative comparisons...' is preserved from the original without correction, yet the error target for sentence_index 1 flags a factual_error claiming it 'does not merely point out an issue' and that it constitutes concrete implementation details. The correction should more clearly address this by rewording the first sentence to reflect that the comment specifies concrete details, rather than leaving it as originally stated.", 'The corrected rationale does not fully correct sentence_index 1. The error target identifies that sentence as containing a factual error (framing it as merely pointing out an issue), but the candidate leaves that sentence unchanged. The corrected rationale should modify or expand on this sentence to reflect that the comment concretely specifies what to add.']
[285/545] label_only_sft:rev_util_actionability:43:actionability_test_0067:label_only_correct_to_cot_severe round 2: edit
[285/545] label_only_sft:rev_util_actionability:43:actionability_test_0067:label_only_correct_to_cot_severe round 2: review
[285/545] approved label_only_sft:rev_util_actionability:43:actionability_test_0067:label_only_correct_to_cot_severe
[286/545] label_only_sft:rev_util_actionability:43:actionability_test_0070:label_only_correct_to_cot_severe round 1: edit
[286/545] label_only_sft:rev_util_actionability:43:actionability_test_0070:label_only_correct_to_cot_severe round 1: review
[286/545] approved label_only_sft:rev_util_actionability:43:actionability_test_0070:label_only_correct_to_cot_severe
[287/545] label_only_sft:rev_util_actionability:43:actionability_test_0091:label_only_correct_to_cot_severe round 1: edit
[287/545] label_only_sft:rev_util_actionability:43:actionability_test_0091:label_only_correct_to_cot_severe round 1: review
[287/545] approved label_only_sft:rev_util_actionability:43:actionability_test_0091:label_only_correct_to_cot_severe
[288/545] label_only_sft:rev_util_actionability:43:actionability_test_0178:label_only_correct_to_cot_severe round 1: edit
[288/545] label_only_sft:rev_util_actionability:43:actionability_test_0178:label_only_correct_to_cot_severe round 1: review
[288/545] approved label_only_sft:rev_util_actionability:43:actionability_test_0178:label_only_correct_to_cot_severe
[289/545] label_only_sft:rev_util_actionability:43:actionability_test_0196:label_only_correct_to_cot_severe round 1: edit
[289/545] label_only_sft:rev_util_actionability:43:actionability_test_0196:label_only_correct_to_cot_severe round 1: review
[289/545] approved label_only_sft:rev_util_actionability:43:actionability_test_0196:label_only_correct_to_cot_severe
[290/545] label_only_sft:rev_util_actionability:43:actionability_test_0239:label_only_correct_to_cot_severe round 1: edit
[290/545] label_only_sft:rev_util_actionability:43:actionability_test_0239:label_only_correct_to_cot_severe round 1: review
[290/545] approved label_only_sft:rev_util_actionability:43:actionability_test_0239:label_only_correct_to_cot_severe
[291/545] label_only_sft:rev_util_actionability:43:actionability_test_0261:label_only_correct_to_cot_severe round 1: edit
[291/545] label_only_sft:rev_util_actionability:43:actionability_test_0261:label_only_correct_to_cot_severe round 1: review
[291/545] approved label_only_sft:rev_util_actionability:43:actionability_test_0261:label_only_correct_to_cot_severe
[292/545] label_only_sft:rev_util_actionability:43:actionability_test_0299:label_only_correct_to_cot_severe round 1: edit
[292/545] label_only_sft:rev_util_actionability:43:actionability_test_0299:label_only_correct_to_cot_severe round 1: review
[292/545] approved label_only_sft:rev_util_actionability:43:actionability_test_0299:label_only_correct_to_cot_severe
[293/545] label_only_sft:rev_util_actionability:43:actionability_test_0308:label_only_correct_to_cot_severe round 1: edit
[293/545] label_only_sft:rev_util_actionability:43:actionability_test_0308:label_only_correct_to_cot_severe round 1: review
[293/545] approved label_only_sft:rev_util_actionability:43:actionability_test_0308:label_only_correct_to_cot_severe
[294/545] label_only_sft:rev_util_actionability:43:actionability_test_0328:label_only_correct_to_cot_severe round 1: edit
[294/545] label_only_sft:rev_util_actionability:43:actionability_test_0328:label_only_correct_to_cot_severe round 1: review
[294/545] approved label_only_sft:rev_util_actionability:43:actionability_test_0328:label_only_correct_to_cot_severe
[295/545] label_only_sft:rev_util_actionability:43:actionability_test_0336:label_only_correct_to_cot_severe round 1: edit
[295/545] label_only_sft:rev_util_actionability:43:actionability_test_0336:label_only_correct_to_cot_severe round 1: review
[295/545] approved label_only_sft:rev_util_actionability:43:actionability_test_0336:label_only_correct_to_cot_severe
[296/545] label_only_sft:rev_util_actionability:43:actionability_test_0338:label_only_correct_to_cot_severe round 1: edit
[296/545] label_only_sft:rev_util_actionability:43:actionability_test_0338:label_only_correct_to_cot_severe round 1: review
[296/545] approved label_only_sft:rev_util_actionability:43:actionability_test_0338:label_only_correct_to_cot_severe
[297/545] label_only_sft:rev_util_actionability:43:actionability_test_0374:label_only_correct_to_cot_severe round 1: edit
[297/545] label_only_sft:rev_util_actionability:43:actionability_test_0374:label_only_correct_to_cot_severe round 1: review
[297/545] approved label_only_sft:rev_util_actionability:43:actionability_test_0374:label_only_correct_to_cot_severe
[298/545] label_only_sft:rev_util_actionability:43:actionability_test_0401:label_only_correct_to_cot_severe round 1: edit
[298/545] label_only_sft:rev_util_actionability:43:actionability_test_0401:label_only_correct_to_cot_severe round 1: review
[298/545] approved label_only_sft:rev_util_actionability:43:actionability_test_0401:label_only_correct_to_cot_severe
[299/545] label_only_sft:rev_util_actionability:43:actionability_test_0421:label_only_correct_to_cot_severe round 1: edit
[299/545] label_only_sft:rev_util_actionability:43:actionability_test_0421:label_only_correct_to_cot_severe round 1: review
[299/545] approved label_only_sft:rev_util_actionability:43:actionability_test_0421:label_only_correct_to_cot_severe
[300/545] label_only_sft:rev_util_actionability:43:actionability_test_0430:label_only_correct_to_cot_severe round 1: edit
[300/545] label_only_sft:rev_util_actionability:43:actionability_test_0430:label_only_correct_to_cot_severe round 1: review
[300/545] approved label_only_sft:rev_util_actionability:43:actionability_test_0430:label_only_correct_to_cot_severe
[301/545] label_only_sft:rev_util_actionability:43:actionability_test_0441:label_only_correct_to_cot_severe round 1: edit
[301/545] label_only_sft:rev_util_actionability:43:actionability_test_0441:label_only_correct_to_cot_severe round 1: review
[301/545] rejected; issues=["The last corrected sentence ('This matches the rubric level where an action is explicitly stated but the comment is vague on how to execute it.') effectively conveys the gold level descriptor without naming a number, but the preceding corrected sentence already conveys the same idea and the final sentence is somewhat redundant; more importantly, it skirts but approaches stating the gold label through paraphrase. However, since it avoids a direct numeric or exact label, this is borderline.", "The fourth change replaces the numeric score claim ('score of 5') with a paraphrased description of the gold rubric level. This is acceptable and does not state a numeric score or the literal gold label.", 'All four error targets are addressed: the conflation of simulation studies vs. experimental validation is corrected, the vagueness in execution is acknowledged, the overstatement about authors being able to directly apply the action is corrected, and the score mapping is corrected to the explicit-but-vague level rather than the highest concreteness level.', 'The rationale preserves the original correct reasoning (identifying the issue of lacking simulation/empirical validation studies).', "Reviewing more carefully: the final corrected sentence says 'This matches the rubric level where an action is explicitly stated but the comment is vague on how to execute it.' This is essentially paraphrasing the level 3 rubric descriptor. The correction guidance says the gold label is blinded but uses language matching level 3. The rationale doesn't name 'level 3' or give a number, so it technically doesn't 'directly state a numeric final score or gold label.' This is acceptable.", 'Overall assessment: The edit is coherent, addresses all error targets, preserves correct reasoning, and does not directly state a score or gold label. It is approvable.']
[301/545] label_only_sft:rev_util_actionability:43:actionability_test_0441:label_only_correct_to_cot_severe round 2: edit
[301/545] label_only_sft:rev_util_actionability:43:actionability_test_0441:label_only_correct_to_cot_severe round 2: review
[301/545] approved label_only_sft:rev_util_actionability:43:actionability_test_0441:label_only_correct_to_cot_severe
[302/545] label_only_sft:rev_util_actionability:43:actionability_test_0513:label_only_correct_to_cot_severe round 1: edit
[302/545] label_only_sft:rev_util_actionability:43:actionability_test_0513:label_only_correct_to_cot_severe round 1: review
[302/545] rejected; issues=["The corrected rationale avoids directly stating a numeric score or the gold label, but it closely mirrors rubric band descriptors (e.g., 'explicitly stated but vague on how to execute it'). While that semantic mapping is acceptable, the phrase 'the rubric level where an action is explicitly stated but vague on how to execute it' is a near-direct restatement of a rubric definition. This is borderline but not necessarily disqualifying on its own; however, combined with the lack of explicit hedging, it approaches rubric leakage. More importantly, the rationale needs to clearly state that the score is not being assigned, but it should not describe the rubric level in such an explicitly defined way.", "The corrected rationale does correctly address all three error targets: (1) it corrects the mischaracterization of the action as concrete and instead identifies it as vague on execution; (2) it removes the unsupported 'clear guidance' claim; (3) it removes the incorrect score-5 mapping. However, the final sentence 'Therefore, the comment matches the rubric level where an action is explicitly stated but vague on how to execute it' could be interpreted as indirectly stating the gold label since this is the exact rubric definition for score 3."]
[302/545] label_only_sft:rev_util_actionability:43:actionability_test_0513:label_only_correct_to_cot_severe round 2: edit
[302/545] label_only_sft:rev_util_actionability:43:actionability_test_0513:label_only_correct_to_cot_severe round 2: review
[302/545] approved label_only_sft:rev_util_actionability:43:actionability_test_0513:label_only_correct_to_cot_severe
[303/545] label_only_sft:rev_util_actionability:43:actionability_test_0584:label_only_correct_to_cot_severe round 1: edit
[303/545] label_only_sft:rev_util_actionability:43:actionability_test_0584:label_only_correct_to_cot_severe round 1: review
[303/545] approved label_only_sft:rev_util_actionability:43:actionability_test_0584:label_only_correct_to_cot_severe
[304/545] label_only_sft:rev_util_actionability:43:actionability_test_0586:label_only_correct_to_cot_severe round 1: edit
[304/545] label_only_sft:rev_util_actionability:43:actionability_test_0586:label_only_correct_to_cot_severe round 1: review
[304/545] approved label_only_sft:rev_util_actionability:43:actionability_test_0586:label_only_correct_to_cot_severe
[305/545] label_only_sft:rev_util_actionability:43:actionability_test_0588:label_only_correct_to_cot_severe round 1: edit
[305/545] label_only_sft:rev_util_actionability:43:actionability_test_0588:label_only_correct_to_cot_severe round 1: review
[305/545] approved label_only_sft:rev_util_actionability:43:actionability_test_0588:label_only_correct_to_cot_severe
[306/545] label_only_sft:rev_util_actionability:43:actionability_test_0598:label_only_correct_to_cot_severe round 1: edit
[306/545] label_only_sft:rev_util_actionability:43:actionability_test_0598:label_only_correct_to_cot_severe round 1: review
[306/545] approved label_only_sft:rev_util_actionability:43:actionability_test_0598:label_only_correct_to_cot_severe
[307/545] label_only_sft:rev_util_actionability:43:actionability_test_0609:label_only_correct_to_cot_severe round 1: edit
[307/545] label_only_sft:rev_util_actionability:43:actionability_test_0609:label_only_correct_to_cot_severe round 1: review
[307/545] approved label_only_sft:rev_util_actionability:43:actionability_test_0609:label_only_correct_to_cot_severe
[308/545] label_only_sft:rev_util_actionability:43:actionability_test_0621:label_only_correct_to_cot_severe round 1: edit
[308/545] label_only_sft:rev_util_actionability:43:actionability_test_0621:label_only_correct_to_cot_severe round 1: review
[308/545] approved label_only_sft:rev_util_actionability:43:actionability_test_0621:label_only_correct_to_cot_severe
[309/545] label_only_sft:rev_util_actionability:43:actionability_test_0644:label_only_correct_to_cot_severe round 1: edit
[309/545] label_only_sft:rev_util_actionability:43:actionability_test_0644:label_only_correct_to_cot_severe round 1: review
[309/545] approved label_only_sft:rev_util_actionability:43:actionability_test_0644:label_only_correct_to_cot_severe
[310/545] label_only_sft:rev_util_actionability:43:actionability_test_0663:label_only_correct_to_cot_severe round 1: edit
[310/545] label_only_sft:rev_util_actionability:43:actionability_test_0663:label_only_correct_to_cot_severe round 1: review
[310/545] approved label_only_sft:rev_util_actionability:43:actionability_test_0663:label_only_correct_to_cot_severe
[311/545] label_only_sft:rev_util_actionability:43:actionability_test_0681:label_only_correct_to_cot_severe round 1: edit
[311/545] label_only_sft:rev_util_actionability:43:actionability_test_0681:label_only_correct_to_cot_severe round 1: review
[311/545] approved label_only_sft:rev_util_actionability:43:actionability_test_0681:label_only_correct_to_cot_severe
[312/545] label_only_sft:rev_util_actionability:43:actionability_test_0695:label_only_correct_to_cot_severe round 1: edit
[312/545] label_only_sft:rev_util_actionability:43:actionability_test_0695:label_only_correct_to_cot_severe round 1: review
[312/545] approved label_only_sft:rev_util_actionability:43:actionability_test_0695:label_only_correct_to_cot_severe
[313/545] label_only_sft:rev_util_actionability:43:actionability_test_0697:label_only_correct_to_cot_severe round 1: edit
[313/545] label_only_sft:rev_util_actionability:43:actionability_test_0697:label_only_correct_to_cot_severe round 1: review
[313/545] approved label_only_sft:rev_util_actionability:43:actionability_test_0697:label_only_correct_to_cot_severe
[314/545] label_only_sft:rev_util_actionability:43:actionability_test_0843:label_only_correct_to_cot_severe round 1: edit
[314/545] label_only_sft:rev_util_actionability:43:actionability_test_0843:label_only_correct_to_cot_severe round 1: review
[314/545] approved label_only_sft:rev_util_actionability:43:actionability_test_0843:label_only_correct_to_cot_severe
[315/545] label_only_sft:rev_util_actionability:43:actionability_test_0867:label_only_correct_to_cot_severe round 1: edit
[315/545] label_only_sft:rev_util_actionability:43:actionability_test_0867:label_only_correct_to_cot_severe round 1: review
[315/545] approved label_only_sft:rev_util_actionability:43:actionability_test_0867:label_only_correct_to_cot_severe
[316/545] label_only_sft:rev_util_actionability:43:actionability_test_0877:label_only_correct_to_cot_severe round 1: edit
[316/545] label_only_sft:rev_util_actionability:43:actionability_test_0877:label_only_correct_to_cot_severe round 1: review
[316/545] approved label_only_sft:rev_util_actionability:43:actionability_test_0877:label_only_correct_to_cot_severe
[317/545] label_only_sft:rev_util_actionability:43:actionability_test_0879:label_only_correct_to_cot_severe round 1: edit
[317/545] label_only_sft:rev_util_actionability:43:actionability_test_0879:label_only_correct_to_cot_severe round 1: review
[317/545] approved label_only_sft:rev_util_actionability:43:actionability_test_0879:label_only_correct_to_cot_severe
[318/545] label_only_sft:rev_util_actionability:43:actionability_test_0894:label_only_correct_to_cot_severe round 1: edit
[318/545] label_only_sft:rev_util_actionability:43:actionability_test_0894:label_only_correct_to_cot_severe round 1: review
[318/545] approved label_only_sft:rev_util_actionability:43:actionability_test_0894:label_only_correct_to_cot_severe
[319/545] label_only_sft:rev_util_actionability:43:actionability_test_0950:label_only_correct_to_cot_severe round 1: edit
[319/545] label_only_sft:rev_util_actionability:43:actionability_test_0950:label_only_correct_to_cot_severe round 1: review
[319/545] approved label_only_sft:rev_util_actionability:43:actionability_test_0950:label_only_correct_to_cot_severe
[320/545] label_only_sft:rev_util_actionability:43:actionability_test_0971:label_only_correct_to_cot_severe round 1: edit
[320/545] label_only_sft:rev_util_actionability:43:actionability_test_0971:label_only_correct_to_cot_severe round 1: review
[320/545] approved label_only_sft:rev_util_actionability:43:actionability_test_0971:label_only_correct_to_cot_severe
[321/545] label_only_sft:rev_util_actionability:44:actionability_test_0003:label_only_correct_to_cot_severe round 1: edit
[321/545] label_only_sft:rev_util_actionability:44:actionability_test_0003:label_only_correct_to_cot_severe round 1: review
[321/545] approved label_only_sft:rev_util_actionability:44:actionability_test_0003:label_only_correct_to_cot_severe
[322/545] label_only_sft:rev_util_actionability:44:actionability_test_0008:label_only_correct_to_cot_severe round 1: edit
[322/545] label_only_sft:rev_util_actionability:44:actionability_test_0008:label_only_correct_to_cot_severe round 1: review
[322/545] approved label_only_sft:rev_util_actionability:44:actionability_test_0008:label_only_correct_to_cot_severe
[323/545] label_only_sft:rev_util_actionability:44:actionability_test_0067:label_only_correct_to_cot_severe round 1: edit
[323/545] label_only_sft:rev_util_actionability:44:actionability_test_0067:label_only_correct_to_cot_severe round 1: review
[323/545] approved label_only_sft:rev_util_actionability:44:actionability_test_0067:label_only_correct_to_cot_severe
[324/545] label_only_sft:rev_util_actionability:44:actionability_test_0078:label_only_correct_to_cot_severe round 1: edit
[324/545] label_only_sft:rev_util_actionability:44:actionability_test_0078:label_only_correct_to_cot_severe round 1: review
[324/545] approved label_only_sft:rev_util_actionability:44:actionability_test_0078:label_only_correct_to_cot_severe
[325/545] label_only_sft:rev_util_actionability:44:actionability_test_0107:label_only_correct_to_cot_severe round 1: edit
[325/545] label_only_sft:rev_util_actionability:44:actionability_test_0107:label_only_correct_to_cot_severe round 1: review
[325/545] rejected; issues=["The corrected rationale directly states the gold label/rubric level by saying the comment 'matches the highest rubric level' and gives 'all information needed,' which effectively communicates the final score/label rather than just describing rubric-relevant qualities.", "The corrected rationale overreaches on concrete details: it claims authors know 'how to carry out the experiment' and that the comment 'concretely identifies the relevant models,' but the evaluated answer only names 'pretrained ViT models' generally without specifying exact models, protocols, datasets, or metrics. The correction guidance states the threshold is high for requiring such details, but the rationale still asserts full implementation clarity that isn't fully supported by the evaluated text.", "The change_log reasons ('which matches the highest rubric level rather than a level where execution remains vague') explicitly reference rubric level assignment, which constitutes stating the gold label."]
[325/545] label_only_sft:rev_util_actionability:44:actionability_test_0107:label_only_correct_to_cot_severe round 2: edit
[325/545] label_only_sft:rev_util_actionability:44:actionability_test_0107:label_only_correct_to_cot_severe round 2: review
[325/545] approved label_only_sft:rev_util_actionability:44:actionability_test_0107:label_only_correct_to_cot_severe
[326/545] label_only_sft:rev_util_actionability:44:actionability_test_0111:label_only_correct_to_cot_severe round 1: edit
[326/545] label_only_sft:rev_util_actionability:44:actionability_test_0111:label_only_correct_to_cot_severe round 1: review
[326/545] approved label_only_sft:rev_util_actionability:44:actionability_test_0111:label_only_correct_to_cot_severe
[327/545] label_only_sft:rev_util_actionability:44:actionability_test_0155:label_only_correct_to_cot_severe round 1: edit
[327/545] label_only_sft:rev_util_actionability:44:actionability_test_0155:label_only_correct_to_cot_severe round 1: review
[327/545] approved label_only_sft:rev_util_actionability:44:actionability_test_0155:label_only_correct_to_cot_severe
[328/545] label_only_sft:rev_util_actionability:44:actionability_test_0170:label_only_correct_to_cot_severe round 1: edit
[328/545] label_only_sft:rev_util_actionability:44:actionability_test_0170:label_only_correct_to_cot_severe round 1: review
[328/545] rejected; issues=["The corrected rationale removes the score statement but the final sentence ('Therefore, the comment explicitly states actions but lacks implementation details on how to carry them out.') still implicitly maps to a rubric level (level 3) without explicitly stating it, which is borderline but acceptable. However, a more significant issue: the change_log reason for the first error mentions 'conflates explicitness with concreteness' which is good, but the corrected sentence does not fully address the rubric misapplication—it should clarify that explicit-but-vague corresponds to level 3 vs the claimed level 5. The current rationale only states 'lacks implementation details' without making the level distinction explicit.", 'The corrected rationale does not explicitly reference the rubric distinction between levels 3 and 5 (explicitness vs concreteness) in the final conclusion sentence, which was a key part of the error_targets correction guidance.', "Minor: the corrected rationale could better preserve the original's opening acknowledgment that the answer provides suggestions, while making the distinction between explicit and concrete clearer."]
[328/545] label_only_sft:rev_util_actionability:44:actionability_test_0170:label_only_correct_to_cot_severe round 2: edit
[328/545] label_only_sft:rev_util_actionability:44:actionability_test_0170:label_only_correct_to_cot_severe round 2: review
[328/545] approved label_only_sft:rev_util_actionability:44:actionability_test_0170:label_only_correct_to_cot_severe
[329/545] label_only_sft:rev_util_actionability:44:actionability_test_0178:label_only_correct_to_cot_severe round 1: edit
[329/545] label_only_sft:rev_util_actionability:44:actionability_test_0178:label_only_correct_to_cot_severe round 1: review
[329/545] approved label_only_sft:rev_util_actionability:44:actionability_test_0178:label_only_correct_to_cot_severe
[330/545] label_only_sft:rev_util_actionability:44:actionability_test_0268:label_only_correct_to_cot_severe round 1: edit
[330/545] label_only_sft:rev_util_actionability:44:actionability_test_0268:label_only_correct_to_cot_severe round 1: review
[330/545] rejected; issues=["The corrected rationale directly states that the comment 'satisfies the highest level of the rubric' and 'meets the rubric level for an explicit action with concrete implementation details.' This effectively communicates the gold label (level 5 / score 5), which is prohibited.", 'The rationale should describe the actionability qualities (explicit, concrete, authors know what and how) without explicitly naming the highest rubric tier or final score mapping.']
[330/545] label_only_sft:rev_util_actionability:44:actionability_test_0268:label_only_correct_to_cot_severe round 2: edit
[330/545] label_only_sft:rev_util_actionability:44:actionability_test_0268:label_only_correct_to_cot_severe round 2: review
[330/545] rejected; issues=["The final sentence 'Therefore, the comment pairs an explicit action with clear implementation guidance, so authors can directly identify and apply the suggested change.' strongly and explicitly maps to the highest rubric band (level 5). The instructions say descriptions of rubric-relevant qualities are necessary and must not be treated as leakage, but the rationale should not directly state a numeric final score or gold label. The last sentence effectively declares the highest tier, which is problematic when combined with the need to avoid stating a final score. However, more critically, the rationale does not include any neutral hedging and reads as a definitive endorsement of the top band, effectively functioning as a label assignment.", "The original rationale's fourth substantive sentence (sentence index 4) is replaced with 'The comment gives the authors full clarity: they know exactly what modification to make, namely adding a description of the unmentioned other hyperparameters.' This corrects the factual error but the reasoning is acceptable. However, the rationale as a whole reads as a strong endorsement of level 5 rather than an objective description of the action's qualities. A more neutral phrasing that describes the qualities (explicit action + concrete details) without definitively concluding the band would be safer.", "Sentence about 'so authors can directly identify and apply the modification' appears twice (penultimate and final sentences), creating mild redundancy but more importantly reinforcing the top-tier mapping."]
[330/545] label_only_sft:rev_util_actionability:44:actionability_test_0268:label_only_correct_to_cot_severe round 3: edit
[330/545] label_only_sft:rev_util_actionability:44:actionability_test_0268:label_only_correct_to_cot_severe round 3: review
[330/545] approved label_only_sft:rev_util_actionability:44:actionability_test_0268:label_only_correct_to_cot_severe
[331/545] label_only_sft:rev_util_actionability:44:actionability_test_0321:label_only_correct_to_cot_severe round 1: edit
[331/545] label_only_sft:rev_util_actionability:44:actionability_test_0321:label_only_correct_to_cot_severe round 1: review
[331/545] approved label_only_sft:rev_util_actionability:44:actionability_test_0321:label_only_correct_to_cot_severe
[332/545] label_only_sft:rev_util_actionability:44:actionability_test_0330:label_only_correct_to_cot_severe round 1: edit
[332/545] label_only_sft:rev_util_actionability:44:actionability_test_0330:label_only_correct_to_cot_severe round 1: review
[332/545] approved label_only_sft:rev_util_actionability:44:actionability_test_0330:label_only_correct_to_cot_severe
[333/545] label_only_sft:rev_util_actionability:44:actionability_test_0374:label_only_correct_to_cot_severe round 1: edit
[333/545] label_only_sft:rev_util_actionability:44:actionability_test_0374:label_only_correct_to_cot_severe round 1: review
[333/545] approved label_only_sft:rev_util_actionability:44:actionability_test_0374:label_only_correct_to_cot_severe
[334/545] label_only_sft:rev_util_actionability:44:actionability_test_0430:label_only_correct_to_cot_severe round 1: edit
[334/545] label_only_sft:rev_util_actionability:44:actionability_test_0430:label_only_correct_to_cot_severe round 1: review
[334/545] approved label_only_sft:rev_util_actionability:44:actionability_test_0430:label_only_correct_to_cot_severe
[335/545] label_only_sft:rev_util_actionability:44:actionability_test_0495:label_only_correct_to_cot_severe round 1: edit
[335/545] label_only_sft:rev_util_actionability:44:actionability_test_0495:label_only_correct_to_cot_severe round 1: review
[335/545] approved label_only_sft:rev_util_actionability:44:actionability_test_0495:label_only_correct_to_cot_severe
[336/545] label_only_sft:rev_util_actionability:44:actionability_test_0586:label_only_correct_to_cot_severe round 1: edit
[336/545] label_only_sft:rev_util_actionability:44:actionability_test_0586:label_only_correct_to_cot_severe round 1: review
[336/545] approved label_only_sft:rev_util_actionability:44:actionability_test_0586:label_only_correct_to_cot_severe
[337/545] label_only_sft:rev_util_actionability:44:actionability_test_0609:label_only_correct_to_cot_severe round 1: edit
[337/545] label_only_sft:rev_util_actionability:44:actionability_test_0609:label_only_correct_to_cot_severe round 1: review
[337/545] approved label_only_sft:rev_util_actionability:44:actionability_test_0609:label_only_correct_to_cot_severe
[338/545] label_only_sft:rev_util_actionability:44:actionability_test_0663:label_only_correct_to_cot_severe round 1: edit
[338/545] label_only_sft:rev_util_actionability:44:actionability_test_0663:label_only_correct_to_cot_severe round 1: review
[338/545] approved label_only_sft:rev_util_actionability:44:actionability_test_0663:label_only_correct_to_cot_severe
[339/545] label_only_sft:rev_util_actionability:44:actionability_test_0700:label_only_correct_to_cot_severe round 1: edit
[339/545] label_only_sft:rev_util_actionability:44:actionability_test_0700:label_only_correct_to_cot_severe round 1: review
[339/545] approved label_only_sft:rev_util_actionability:44:actionability_test_0700:label_only_correct_to_cot_severe
[340/545] label_only_sft:rev_util_actionability:44:actionability_test_0738:label_only_correct_to_cot_severe round 1: edit
[340/545] label_only_sft:rev_util_actionability:44:actionability_test_0738:label_only_correct_to_cot_severe round 1: review
[340/545] approved label_only_sft:rev_util_actionability:44:actionability_test_0738:label_only_correct_to_cot_severe
[341/545] label_only_sft:rev_util_actionability:44:actionability_test_0770:label_only_correct_to_cot_severe round 1: edit
[341/545] label_only_sft:rev_util_actionability:44:actionability_test_0770:label_only_correct_to_cot_severe round 1: review
[341/545] approved label_only_sft:rev_util_actionability:44:actionability_test_0770:label_only_correct_to_cot_severe
[342/545] label_only_sft:rev_util_actionability:44:actionability_test_0817:label_only_correct_to_cot_severe round 1: edit
[342/545] label_only_sft:rev_util_actionability:44:actionability_test_0817:label_only_correct_to_cot_severe round 1: review
[342/545] approved label_only_sft:rev_util_actionability:44:actionability_test_0817:label_only_correct_to_cot_severe
[343/545] label_only_sft:rev_util_actionability:44:actionability_test_0821:label_only_correct_to_cot_severe round 1: edit
[343/545] label_only_sft:rev_util_actionability:44:actionability_test_0821:label_only_correct_to_cot_severe round 1: review
[343/545] approved label_only_sft:rev_util_actionability:44:actionability_test_0821:label_only_correct_to_cot_severe
[344/545] label_only_sft:rev_util_actionability:44:actionability_test_0822:label_only_correct_to_cot_severe round 1: edit
[344/545] label_only_sft:rev_util_actionability:44:actionability_test_0822:label_only_correct_to_cot_severe round 1: review
[344/545] approved label_only_sft:rev_util_actionability:44:actionability_test_0822:label_only_correct_to_cot_severe
[345/545] label_only_sft:rev_util_actionability:44:actionability_test_0840:label_only_correct_to_cot_severe round 1: edit
[345/545] label_only_sft:rev_util_actionability:44:actionability_test_0840:label_only_correct_to_cot_severe round 1: review
[345/545] approved label_only_sft:rev_util_actionability:44:actionability_test_0840:label_only_correct_to_cot_severe
[346/545] label_only_sft:rev_util_actionability:44:actionability_test_0894:label_only_correct_to_cot_severe round 1: edit
[346/545] label_only_sft:rev_util_actionability:44:actionability_test_0894:label_only_correct_to_cot_severe round 1: review
[346/545] approved label_only_sft:rev_util_actionability:44:actionability_test_0894:label_only_correct_to_cot_severe
[347/545] label_only_sft:rev_util_actionability:44:actionability_test_0936:label_only_correct_to_cot_severe round 1: edit
[347/545] label_only_sft:rev_util_actionability:44:actionability_test_0936:label_only_correct_to_cot_severe round 1: review
[347/545] approved label_only_sft:rev_util_actionability:44:actionability_test_0936:label_only_correct_to_cot_severe
[348/545] label_only_sft:rev_util_actionability:44:actionability_test_0963:label_only_correct_to_cot_severe round 1: edit
[348/545] label_only_sft:rev_util_actionability:44:actionability_test_0963:label_only_correct_to_cot_severe round 1: review
[348/545] approved label_only_sft:rev_util_actionability:44:actionability_test_0963:label_only_correct_to_cot_severe
[349/545] label_only_sft:rev_util_actionability:44:actionability_test_0985:label_only_correct_to_cot_severe round 1: edit
[349/545] label_only_sft:rev_util_actionability:44:actionability_test_0985:label_only_correct_to_cot_severe round 1: review
[349/545] approved label_only_sft:rev_util_actionability:44:actionability_test_0985:label_only_correct_to_cot_severe
[350/545] label_only_sft:rev_util_actionability:44:actionability_test_1000:label_only_correct_to_cot_severe round 1: edit
[350/545] label_only_sft:rev_util_actionability:44:actionability_test_1000:label_only_correct_to_cot_severe round 1: review
[350/545] approved label_only_sft:rev_util_actionability:44:actionability_test_1000:label_only_correct_to_cot_severe
[351/545] label_only_sft:rev_util_grounding_specificity:42:grounding_specificity_test_0004:label_only_correct_to_cot_severe round 1: edit
[351/545] label_only_sft:rev_util_grounding_specificity:42:grounding_specificity_test_0004:label_only_correct_to_cot_severe round 1: review
[351/545] approved label_only_sft:rev_util_grounding_specificity:42:grounding_specificity_test_0004:label_only_correct_to_cot_severe
[352/545] label_only_sft:rev_util_grounding_specificity:42:grounding_specificity_test_0015:label_only_correct_to_cot_severe round 1: edit
[352/545] label_only_sft:rev_util_grounding_specificity:42:grounding_specificity_test_0015:label_only_correct_to_cot_severe round 1: review
[352/545] approved label_only_sft:rev_util_grounding_specificity:42:grounding_specificity_test_0015:label_only_correct_to_cot_severe
[353/545] label_only_sft:rev_util_grounding_specificity:42:grounding_specificity_test_0030:label_only_correct_to_cot_severe round 1: edit
[353/545] label_only_sft:rev_util_grounding_specificity:42:grounding_specificity_test_0030:label_only_correct_to_cot_severe round 1: review
[353/545] approved label_only_sft:rev_util_grounding_specificity:42:grounding_specificity_test_0030:label_only_correct_to_cot_severe
[354/545] label_only_sft:rev_util_grounding_specificity:42:grounding_specificity_test_0038:label_only_correct_to_cot_severe round 1: edit
[354/545] label_only_sft:rev_util_grounding_specificity:42:grounding_specificity_test_0038:label_only_correct_to_cot_severe round 1: review
[354/545] approved label_only_sft:rev_util_grounding_specificity:42:grounding_specificity_test_0038:label_only_correct_to_cot_severe
[355/545] label_only_sft:rev_util_grounding_specificity:42:grounding_specificity_test_0040:label_only_correct_to_cot_severe round 1: edit
[355/545] label_only_sft:rev_util_grounding_specificity:42:grounding_specificity_test_0040:label_only_correct_to_cot_severe round 1: review
[355/545] approved label_only_sft:rev_util_grounding_specificity:42:grounding_specificity_test_0040:label_only_correct_to_cot_severe
[356/545] label_only_sft:rev_util_grounding_specificity:42:grounding_specificity_test_0043:label_only_correct_to_cot_severe round 1: edit
[356/545] label_only_sft:rev_util_grounding_specificity:42:grounding_specificity_test_0043:label_only_correct_to_cot_severe round 1: review
[356/545] approved label_only_sft:rev_util_grounding_specificity:42:grounding_specificity_test_0043:label_only_correct_to_cot_severe
[357/545] label_only_sft:rev_util_grounding_specificity:42:grounding_specificity_test_0106:label_only_correct_to_cot_severe round 1: edit
[357/545] label_only_sft:rev_util_grounding_specificity:42:grounding_specificity_test_0106:label_only_correct_to_cot_severe round 1: review
[357/545] approved label_only_sft:rev_util_grounding_specificity:42:grounding_specificity_test_0106:label_only_correct_to_cot_severe
[358/545] label_only_sft:rev_util_grounding_specificity:42:grounding_specificity_test_0107:label_only_correct_to_cot_severe round 1: edit
[358/545] label_only_sft:rev_util_grounding_specificity:42:grounding_specificity_test_0107:label_only_correct_to_cot_severe round 1: review
[358/545] approved label_only_sft:rev_util_grounding_specificity:42:grounding_specificity_test_0107:label_only_correct_to_cot_severe
[359/545] label_only_sft:rev_util_grounding_specificity:42:grounding_specificity_test_0132:label_only_correct_to_cot_severe round 1: edit
[359/545] label_only_sft:rev_util_grounding_specificity:42:grounding_specificity_test_0132:label_only_correct_to_cot_severe round 1: review
[359/545] approved label_only_sft:rev_util_grounding_specificity:42:grounding_specificity_test_0132:label_only_correct_to_cot_severe
[360/545] label_only_sft:rev_util_grounding_specificity:42:grounding_specificity_test_0160:label_only_correct_to_cot_severe round 1: edit
[360/545] label_only_sft:rev_util_grounding_specificity:42:grounding_specificity_test_0160:label_only_correct_to_cot_severe round 1: review
[360/545] approved label_only_sft:rev_util_grounding_specificity:42:grounding_specificity_test_0160:label_only_correct_to_cot_severe
[361/545] label_only_sft:rev_util_grounding_specificity:42:grounding_specificity_test_0161:label_only_correct_to_cot_severe round 1: edit
[361/545] label_only_sft:rev_util_grounding_specificity:42:grounding_specificity_test_0161:label_only_correct_to_cot_severe round 1: review
[361/545] approved label_only_sft:rev_util_grounding_specificity:42:grounding_specificity_test_0161:label_only_correct_to_cot_severe
[362/545] label_only_sft:rev_util_grounding_specificity:42:grounding_specificity_test_0162:label_only_correct_to_cot_severe round 1: edit
[362/545] label_only_sft:rev_util_grounding_specificity:42:grounding_specificity_test_0162:label_only_correct_to_cot_severe round 1: review
[362/545] approved label_only_sft:rev_util_grounding_specificity:42:grounding_specificity_test_0162:label_only_correct_to_cot_severe
[363/545] label_only_sft:rev_util_grounding_specificity:42:grounding_specificity_test_0165:label_only_correct_to_cot_severe round 1: edit
[363/545] label_only_sft:rev_util_grounding_specificity:42:grounding_specificity_test_0165:label_only_correct_to_cot_severe round 1: review
[363/545] rejected; issues=["The corrected rationale does not explicitly identify which rubric level (e.g., level 3) the comment maps to, which is needed to fully correct the rubric_misapplication error. It still leaves the mapping implicit by saying 'partially grounded' rather than clearly connecting to the rubric's defined bands.", 'The rationale does not directly state a numeric score or gold label, which is good, but it fails to mention that specificity is satisfied while grounding is weak—the asymmetry between the two dimensions is not made explicit.', "The phrase 'partially grounded rather than fully grounded' does not reflect rubric terminology; the rubric defines 'fully grounded' vs 'weak grounded' for grounding, and separately requires specificity. The correction should explicitly separate these two dimensions.", "The change_log reason for the first change says 'the comment does specify the needed addition' but this only addresses half of the rubric_misapplication—the rationale should also acknowledge that specificity is clearly met, not just that 'specific guidance' is provided."]
[363/545] label_only_sft:rev_util_grounding_specificity:42:grounding_specificity_test_0165:label_only_correct_to_cot_severe round 2: edit
[363/545] label_only_sft:rev_util_grounding_specificity:42:grounding_specificity_test_0165:label_only_correct_to_cot_severe round 2: review
[363/545] approved label_only_sft:rev_util_grounding_specificity:42:grounding_specificity_test_0165:label_only_correct_to_cot_severe
[364/545] label_only_sft:rev_util_grounding_specificity:42:grounding_specificity_test_0177:label_only_correct_to_cot_severe round 1: edit
[364/545] label_only_sft:rev_util_grounding_specificity:42:grounding_specificity_test_0177:label_only_correct_to_cot_severe round 1: review
[364/545] approved label_only_sft:rev_util_grounding_specificity:42:grounding_specificity_test_0177:label_only_correct_to_cot_severe
[365/545] label_only_sft:rev_util_grounding_specificity:42:grounding_specificity_test_0180:label_only_correct_to_cot_severe round 1: edit
[365/545] label_only_sft:rev_util_grounding_specificity:42:grounding_specificity_test_0180:label_only_correct_to_cot_severe round 1: review
[365/545] rejected; issues=['The corrected rationale never directly addresses what the reviewed paper actually says. It does not reference a specific methodology section, table, or figure, so it still fails to meet the grounded criteria. The candidate_edit does not fix the core issue: the rationale should explain that the comment identifies a specific part of the paper and specify what is wrong or missing. Instead, the rationale is a meta-commentary on the rubric.', 'The corrected rationale also does not mention any specific details from the paper. It treats the comment as fully grounded when it is not, which contradicts the requirement to identify a specific area.', 'The corrected rationale does not provide a concrete suggestion or example to improve the comment. It should at least suggest how to make the comment more grounded, such as referencing a specific table or figure.']
[365/545] label_only_sft:rev_util_grounding_specificity:42:grounding_specificity_test_0180:label_only_correct_to_cot_severe round 2: edit
[365/545] label_only_sft:rev_util_grounding_specificity:42:grounding_specificity_test_0180:label_only_correct_to_cot_severe round 2: review
[365/545] approved label_only_sft:rev_util_grounding_specificity:42:grounding_specificity_test_0180:label_only_correct_to_cot_severe
[366/545] label_only_sft:rev_util_grounding_specificity:42:grounding_specificity_test_0209:label_only_correct_to_cot_severe round 1: edit
[366/545] label_only_sft:rev_util_grounding_specificity:42:grounding_specificity_test_0209:label_only_correct_to_cot_severe round 1: review
[366/545] rejected; issues=["The corrected rationale removes the contradiction and correctly identifies that the part is not confidently identifiable, but it still states the conclusion as 'this matches the rubric level where the authors cannot confidently determine which part is addressed but the comment specifies what needs to be addressed' / 'places the comment at the rubric level where the addressed part is not confidently identifiable but the missing content is clearly detailed.' This effectively communicates the specific score-band mapping (score 3). While it does not use a numeric score, it essentially spells out the gold label's rubric band, which is equivalent to stating the gold label. The rationale should describe the qualities (weak grounding, specific content request) without explicitly mapping to the score-3 rubric tier or summarizing its criteria verbatim.", "The corrected rationale does not preserve a clear separation between reasoning and conclusion; it could be more neutral by stating the qualities observed without directly aligning to a specific rubric level description, since that alignment is the rescoring model's job."]
[366/545] label_only_sft:rev_util_grounding_specificity:42:grounding_specificity_test_0209:label_only_correct_to_cot_severe round 2: edit
[366/545] label_only_sft:rev_util_grounding_specificity:42:grounding_specificity_test_0209:label_only_correct_to_cot_severe round 2: review
[366/545] rejected; issues=["The final sentence 'Overall, the comment exhibits weak grounding combined with a clearly specified content request, and no specific table, figure, or unique aspect of the paper is explicitly referenced' closely paraphrases the score-3 rubric tier ('The authors cannot confidently determine which part the comment addresses. However, the comment clearly specifies what needs to be addressed in this part.'). This effectively leaks the gold score/label mapping through semantics, violating the requirement to not directly state or closely imply a numeric final score or gold label.", "The revised second change rewrites a sentence to say 'the authors would need to make an educated guess about which part is being addressed,' which directly mirrors the score-2/3 rubric language ('the author can make an educated guess but cannot precisely identify the referenced part'). This semantic linkage to the rubric tier should be avoided in the rationale itself."]
[366/545] label_only_sft:rev_util_grounding_specificity:42:grounding_specificity_test_0209:label_only_correct_to_cot_severe round 3: edit
[366/545] label_only_sft:rev_util_grounding_specificity:42:grounding_specificity_test_0209:label_only_correct_to_cot_severe round 3: review
[366/545] rejected; issues=["The revised rationale still does not fully address the error target on sentence_index 6 / 3 in a way that corrects the score mapping error: the original rationale's conclusion that the comment 'aligns with score 5' is replaced, but the revised conclusion omits stating that the evidence supports a lower rubric tier. The correction guidance specifies that the reasoning aligns with gold score (3), so the rationale must reflect that the evidence does not support score 5. The new wording 'lacks an explicit pointer... but states plainly what content is missing' preserves the ambiguity but does not explicitly correct the misapplication by acknowledging the mismatch between the observed qualities and the originally assigned score.", "The corrected_sentence for the last error target should more clearly state that the original conclusion (score 5) is not supported by the rationale's own observations, per the correction guidance, rather than simply offering a neutral summary."]
[367/545] label_only_sft:rev_util_grounding_specificity:42:grounding_specificity_test_0283:label_only_correct_to_cot_severe round 1: edit
[367/545] label_only_sft:rev_util_grounding_specificity:42:grounding_specificity_test_0283:label_only_correct_to_cot_severe round 1: review
[367/545] approved label_only_sft:rev_util_grounding_specificity:42:grounding_specificity_test_0283:label_only_correct_to_cot_severe
[368/545] label_only_sft:rev_util_grounding_specificity:42:grounding_specificity_test_0289:label_only_correct_to_cot_severe round 1: edit
[368/545] label_only_sft:rev_util_grounding_specificity:42:grounding_specificity_test_0289:label_only_correct_to_cot_severe round 1: review
[368/545] approved label_only_sft:rev_util_grounding_specificity:42:grounding_specificity_test_0289:label_only_correct_to_cot_severe
[369/545] label_only_sft:rev_util_grounding_specificity:42:grounding_specificity_test_0293:label_only_correct_to_cot_severe round 1: edit
[369/545] label_only_sft:rev_util_grounding_specificity:42:grounding_specificity_test_0293:label_only_correct_to_cot_severe round 1: review
[369/545] approved label_only_sft:rev_util_grounding_specificity:42:grounding_specificity_test_0293:label_only_correct_to_cot_severe
[370/545] label_only_sft:rev_util_grounding_specificity:42:grounding_specificity_test_0297:label_only_correct_to_cot_severe round 1: edit
[370/545] label_only_sft:rev_util_grounding_specificity:42:grounding_specificity_test_0297:label_only_correct_to_cot_severe round 1: review
[370/545] approved label_only_sft:rev_util_grounding_specificity:42:grounding_specificity_test_0297:label_only_correct_to_cot_severe
[371/545] label_only_sft:rev_util_grounding_specificity:42:grounding_specificity_test_0300:label_only_correct_to_cot_severe round 1: edit
[371/545] label_only_sft:rev_util_grounding_specificity:42:grounding_specificity_test_0300:label_only_correct_to_cot_severe round 1: review
[371/545] approved label_only_sft:rev_util_grounding_specificity:42:grounding_specificity_test_0300:label_only_correct_to_cot_severe
[372/545] label_only_sft:rev_util_grounding_specificity:42:grounding_specificity_test_0317:label_only_correct_to_cot_severe round 1: edit
[372/545] label_only_sft:rev_util_grounding_specificity:42:grounding_specificity_test_0317:label_only_correct_to_cot_severe round 1: review
[372/545] approved label_only_sft:rev_util_grounding_specificity:42:grounding_specificity_test_0317:label_only_correct_to_cot_severe
[373/545] label_only_sft:rev_util_grounding_specificity:42:grounding_specificity_test_0326:label_only_correct_to_cot_severe round 1: edit
[373/545] label_only_sft:rev_util_grounding_specificity:42:grounding_specificity_test_0326:label_only_correct_to_cot_severe round 1: review
[373/545] approved label_only_sft:rev_util_grounding_specificity:42:grounding_specificity_test_0326:label_only_correct_to_cot_severe
[374/545] label_only_sft:rev_util_grounding_specificity:42:grounding_specificity_test_0334:label_only_correct_to_cot_severe round 1: edit
[374/545] label_only_sft:rev_util_grounding_specificity:42:grounding_specificity_test_0334:label_only_correct_to_cot_severe round 1: review
[374/545] approved label_only_sft:rev_util_grounding_specificity:42:grounding_specificity_test_0334:label_only_correct_to_cot_severe
[375/545] label_only_sft:rev_util_grounding_specificity:42:grounding_specificity_test_0341:label_only_correct_to_cot_severe round 1: edit
[375/545] label_only_sft:rev_util_grounding_specificity:42:grounding_specificity_test_0341:label_only_correct_to_cot_severe round 1: review
[375/545] approved label_only_sft:rev_util_grounding_specificity:42:grounding_specificity_test_0341:label_only_correct_to_cot_severe
[376/545] label_only_sft:rev_util_grounding_specificity:42:grounding_specificity_test_0349:label_only_correct_to_cot_severe round 1: edit
[376/545] label_only_sft:rev_util_grounding_specificity:42:grounding_specificity_test_0349:label_only_correct_to_cot_severe round 1: review
[376/545] approved label_only_sft:rev_util_grounding_specificity:42:grounding_specificity_test_0349:label_only_correct_to_cot_severe
[377/545] label_only_sft:rev_util_grounding_specificity:42:grounding_specificity_test_0350:label_only_correct_to_cot_severe round 1: edit
[377/545] label_only_sft:rev_util_grounding_specificity:42:grounding_specificity_test_0350:label_only_correct_to_cot_severe round 1: review
[377/545] approved label_only_sft:rev_util_grounding_specificity:42:grounding_specificity_test_0350:label_only_correct_to_cot_severe
[378/545] label_only_sft:rev_util_grounding_specificity:42:grounding_specificity_test_0389:label_only_correct_to_cot_severe round 1: edit
[378/545] label_only_sft:rev_util_grounding_specificity:42:grounding_specificity_test_0389:label_only_correct_to_cot_severe round 1: review
[378/545] approved label_only_sft:rev_util_grounding_specificity:42:grounding_specificity_test_0389:label_only_correct_to_cot_severe
[379/545] label_only_sft:rev_util_grounding_specificity:42:grounding_specificity_test_0408:label_only_correct_to_cot_severe round 1: edit
[379/545] label_only_sft:rev_util_grounding_specificity:42:grounding_specificity_test_0408:label_only_correct_to_cot_severe round 1: review
[379/545] approved label_only_sft:rev_util_grounding_specificity:42:grounding_specificity_test_0408:label_only_correct_to_cot_severe
[380/545] label_only_sft:rev_util_grounding_specificity:42:grounding_specificity_test_0432:label_only_correct_to_cot_severe round 1: edit
[380/545] label_only_sft:rev_util_grounding_specificity:42:grounding_specificity_test_0432:label_only_correct_to_cot_severe round 1: review
[380/545] approved label_only_sft:rev_util_grounding_specificity:42:grounding_specificity_test_0432:label_only_correct_to_cot_severe
[381/545] label_only_sft:rev_util_grounding_specificity:42:grounding_specificity_test_0434:label_only_correct_to_cot_severe round 1: edit
[381/545] label_only_sft:rev_util_grounding_specificity:42:grounding_specificity_test_0434:label_only_correct_to_cot_severe round 1: review
[381/545] approved label_only_sft:rev_util_grounding_specificity:42:grounding_specificity_test_0434:label_only_correct_to_cot_severe
[382/545] label_only_sft:rev_util_grounding_specificity:42:grounding_specificity_test_0457:label_only_correct_to_cot_severe round 1: edit
[382/545] label_only_sft:rev_util_grounding_specificity:42:grounding_specificity_test_0457:label_only_correct_to_cot_severe round 1: review
[382/545] approved label_only_sft:rev_util_grounding_specificity:42:grounding_specificity_test_0457:label_only_correct_to_cot_severe
[383/545] label_only_sft:rev_util_grounding_specificity:42:grounding_specificity_test_0459:label_only_correct_to_cot_severe round 1: edit
[383/545] label_only_sft:rev_util_grounding_specificity:42:grounding_specificity_test_0459:label_only_correct_to_cot_severe round 1: review
[383/545] approved label_only_sft:rev_util_grounding_specificity:42:grounding_specificity_test_0459:label_only_correct_to_cot_severe
[384/545] label_only_sft:rev_util_grounding_specificity:42:grounding_specificity_test_0477:label_only_correct_to_cot_severe round 1: edit
[384/545] label_only_sft:rev_util_grounding_specificity:42:grounding_specificity_test_0477:label_only_correct_to_cot_severe round 1: review
[384/545] approved label_only_sft:rev_util_grounding_specificity:42:grounding_specificity_test_0477:label_only_correct_to_cot_severe
[385/545] label_only_sft:rev_util_grounding_specificity:42:grounding_specificity_test_0484:label_only_correct_to_cot_severe round 1: edit
[385/545] label_only_sft:rev_util_grounding_specificity:42:grounding_specificity_test_0484:label_only_correct_to_cot_severe round 1: review
[385/545] approved label_only_sft:rev_util_grounding_specificity:42:grounding_specificity_test_0484:label_only_correct_to_cot_severe
[386/545] label_only_sft:rev_util_grounding_specificity:42:grounding_specificity_test_0526:label_only_correct_to_cot_severe round 1: edit
[386/545] label_only_sft:rev_util_grounding_specificity:42:grounding_specificity_test_0526:label_only_correct_to_cot_severe round 1: review
[386/545] rejected; issues=["The corrected rationale implicitly maps the comment to rubric level 3 by describing it as matching 'the rubric level where the referenced part cannot be confidently determined but the required action is clearly specified.' While the instruction warns against rejecting wording that naturally maps to a rubric band, the rationale states this mapping too explicitly, effectively conveying the gold label/band. This functions as stating the score/label indirectly.", "The final sentence ('it is not the case that the comment is highly unspecific about what needs to be addressed') directly addresses the rubric threshold language ('highly unspecific'), which constitutes indirectly stating rubric-level reasoning equivalent to the gold score.", 'The candidate edit could better preserve the structure of pointing out the grounding deficiency (no specific section/table/figure identified) while more neutrally describing the specificity, without phrasing that mirrors rubric descriptions so directly.']
[386/545] label_only_sft:rev_util_grounding_specificity:42:grounding_specificity_test_0526:label_only_correct_to_cot_severe round 2: edit
[386/545] label_only_sft:rev_util_grounding_specificity:42:grounding_specificity_test_0526:label_only_correct_to_cot_severe round 2: review
[386/545] approved label_only_sft:rev_util_grounding_specificity:42:grounding_specificity_test_0526:label_only_correct_to_cot_severe
[387/545] label_only_sft:rev_util_grounding_specificity:42:grounding_specificity_test_0584:label_only_correct_to_cot_severe round 1: edit
[387/545] label_only_sft:rev_util_grounding_specificity:42:grounding_specificity_test_0584:label_only_correct_to_cot_severe round 1: review
[387/545] approved label_only_sft:rev_util_grounding_specificity:42:grounding_specificity_test_0584:label_only_correct_to_cot_severe
[388/545] label_only_sft:rev_util_grounding_specificity:42:grounding_specificity_test_0593:label_only_correct_to_cot_severe round 1: edit
[388/545] label_only_sft:rev_util_grounding_specificity:42:grounding_specificity_test_0593:label_only_correct_to_cot_severe round 1: review
[388/545] approved label_only_sft:rev_util_grounding_specificity:42:grounding_specificity_test_0593:label_only_correct_to_cot_severe
[389/545] label_only_sft:rev_util_grounding_specificity:42:grounding_specificity_test_0649:label_only_correct_to_cot_severe round 1: edit
[389/545] label_only_sft:rev_util_grounding_specificity:42:grounding_specificity_test_0649:label_only_correct_to_cot_severe round 1: review
[389/545] approved label_only_sft:rev_util_grounding_specificity:42:grounding_specificity_test_0649:label_only_correct_to_cot_severe
[390/545] label_only_sft:rev_util_grounding_specificity:42:grounding_specificity_test_0657:label_only_correct_to_cot_severe round 1: edit
[390/545] label_only_sft:rev_util_grounding_specificity:42:grounding_specificity_test_0657:label_only_correct_to_cot_severe round 1: review
[390/545] approved label_only_sft:rev_util_grounding_specificity:42:grounding_specificity_test_0657:label_only_correct_to_cot_severe
[391/545] label_only_sft:rev_util_grounding_specificity:42:grounding_specificity_test_0692:label_only_correct_to_cot_severe round 1: edit
[391/545] label_only_sft:rev_util_grounding_specificity:42:grounding_specificity_test_0692:label_only_correct_to_cot_severe round 1: review
[391/545] approved label_only_sft:rev_util_grounding_specificity:42:grounding_specificity_test_0692:label_only_correct_to_cot_severe
[392/545] label_only_sft:rev_util_grounding_specificity:42:grounding_specificity_test_0693:label_only_correct_to_cot_severe round 1: edit
[392/545] label_only_sft:rev_util_grounding_specificity:42:grounding_specificity_test_0693:label_only_correct_to_cot_severe round 1: review
[392/545] approved label_only_sft:rev_util_grounding_specificity:42:grounding_specificity_test_0693:label_only_correct_to_cot_severe
[393/545] label_only_sft:rev_util_grounding_specificity:42:grounding_specificity_test_0705:label_only_correct_to_cot_severe round 1: edit
[393/545] label_only_sft:rev_util_grounding_specificity:42:grounding_specificity_test_0705:label_only_correct_to_cot_severe round 1: review
[393/545] rejected; issues=["The corrected rationale's final sentence ('Instead, it matches the criteria where the referenced part cannot be confidently determined but the required changes are clearly specified') effectively maps to rubric level 3. While the rationale can naturally map to a rubric band, directly stating it does so without explicitly naming the level number is borderline. More importantly, the task instruction says the rationale should not 'directly state a numeric final score or gold label' — stating 'the criteria where...' is acceptable since it doesn't state a number, so this is not a violation. However, checking all error targets: sentence_index 2 corrected ✓, sentence_index 3 corrected ✓, sentence_index 5 corrected ✓, sentence_index 6 corrected ✓. All four error targets are addressed. Preserves unrelated correct reasoning (the Edge sampling example, the description of two points). Does not invent evidence. Does not state a numeric score. The edit is coherent and complete.", "The candidate correctly fixes all four error targets, preserves the valid reasoning about what the comment specifies, and avoids stating a numeric score or explicit gold label. The language 'matches the criteria where the referenced part cannot be confidently determined but the required changes are clearly specified' describes a rubric band semantically without naming a level number, which is the intended use. The rationale is complete and coherent."]
[393/545] label_only_sft:rev_util_grounding_specificity:42:grounding_specificity_test_0705:label_only_correct_to_cot_severe round 2: edit
[393/545] label_only_sft:rev_util_grounding_specificity:42:grounding_specificity_test_0705:label_only_correct_to_cot_severe round 2: review
[393/545] approved label_only_sft:rev_util_grounding_specificity:42:grounding_specificity_test_0705:label_only_correct_to_cot_severe
[394/545] label_only_sft:rev_util_grounding_specificity:42:grounding_specificity_test_0714:label_only_correct_to_cot_severe round 1: edit
[394/545] label_only_sft:rev_util_grounding_specificity:42:grounding_specificity_test_0714:label_only_correct_to_cot_severe round 1: review
[394/545] approved label_only_sft:rev_util_grounding_specificity:42:grounding_specificity_test_0714:label_only_correct_to_cot_severe
[395/545] label_only_sft:rev_util_grounding_specificity:42:grounding_specificity_test_0718:label_only_correct_to_cot_severe round 1: edit
[395/545] label_only_sft:rev_util_grounding_specificity:42:grounding_specificity_test_0718:label_only_correct_to_cot_severe round 1: review
[395/545] approved label_only_sft:rev_util_grounding_specificity:42:grounding_specificity_test_0718:label_only_correct_to_cot_severe
[396/545] label_only_sft:rev_util_grounding_specificity:42:grounding_specificity_test_0741:label_only_correct_to_cot_severe round 1: edit
[396/545] label_only_sft:rev_util_grounding_specificity:42:grounding_specificity_test_0741:label_only_correct_to_cot_severe round 1: review
[396/545] approved label_only_sft:rev_util_grounding_specificity:42:grounding_specificity_test_0741:label_only_correct_to_cot_severe
[397/545] label_only_sft:rev_util_grounding_specificity:42:grounding_specificity_test_0747:label_only_correct_to_cot_severe round 1: edit
[397/545] label_only_sft:rev_util_grounding_specificity:42:grounding_specificity_test_0747:label_only_correct_to_cot_severe round 1: review
[397/545] approved label_only_sft:rev_util_grounding_specificity:42:grounding_specificity_test_0747:label_only_correct_to_cot_severe
[398/545] label_only_sft:rev_util_grounding_specificity:42:grounding_specificity_test_0755:label_only_correct_to_cot_severe round 1: edit
[398/545] label_only_sft:rev_util_grounding_specificity:42:grounding_specificity_test_0755:label_only_correct_to_cot_severe round 1: review
[398/545] approved label_only_sft:rev_util_grounding_specificity:42:grounding_specificity_test_0755:label_only_correct_to_cot_severe
[399/545] label_only_sft:rev_util_grounding_specificity:42:grounding_specificity_test_0758:label_only_correct_to_cot_severe round 1: edit
[399/545] label_only_sft:rev_util_grounding_specificity:42:grounding_specificity_test_0758:label_only_correct_to_cot_severe round 1: review
[399/545] approved label_only_sft:rev_util_grounding_specificity:42:grounding_specificity_test_0758:label_only_correct_to_cot_severe
[400/545] label_only_sft:rev_util_grounding_specificity:42:grounding_specificity_test_0782:label_only_correct_to_cot_severe round 1: edit
[400/545] label_only_sft:rev_util_grounding_specificity:42:grounding_specificity_test_0782:label_only_correct_to_cot_severe round 1: review
[400/545] approved label_only_sft:rev_util_grounding_specificity:42:grounding_specificity_test_0782:label_only_correct_to_cot_severe
[401/545] label_only_sft:rev_util_grounding_specificity:42:grounding_specificity_test_0792:label_only_correct_to_cot_severe round 1: edit
[401/545] label_only_sft:rev_util_grounding_specificity:42:grounding_specificity_test_0792:label_only_correct_to_cot_severe round 1: review
[401/545] approved label_only_sft:rev_util_grounding_specificity:42:grounding_specificity_test_0792:label_only_correct_to_cot_severe
[402/545] label_only_sft:rev_util_grounding_specificity:42:grounding_specificity_test_0794:label_only_correct_to_cot_severe round 1: edit
[402/545] label_only_sft:rev_util_grounding_specificity:42:grounding_specificity_test_0794:label_only_correct_to_cot_severe round 1: review
[402/545] approved label_only_sft:rev_util_grounding_specificity:42:grounding_specificity_test_0794:label_only_correct_to_cot_severe
[403/545] label_only_sft:rev_util_grounding_specificity:42:grounding_specificity_test_0820:label_only_correct_to_cot_severe round 1: edit
[403/545] label_only_sft:rev_util_grounding_specificity:42:grounding_specificity_test_0820:label_only_correct_to_cot_severe round 1: review
[403/545] approved label_only_sft:rev_util_grounding_specificity:42:grounding_specificity_test_0820:label_only_correct_to_cot_severe
[404/545] label_only_sft:rev_util_grounding_specificity:42:grounding_specificity_test_0841:label_only_correct_to_cot_severe round 1: edit
[404/545] label_only_sft:rev_util_grounding_specificity:42:grounding_specificity_test_0841:label_only_correct_to_cot_severe round 1: review
[404/545] approved label_only_sft:rev_util_grounding_specificity:42:grounding_specificity_test_0841:label_only_correct_to_cot_severe
[405/545] label_only_sft:rev_util_grounding_specificity:42:grounding_specificity_test_0875:label_only_correct_to_cot_severe round 1: edit
[405/545] label_only_sft:rev_util_grounding_specificity:42:grounding_specificity_test_0875:label_only_correct_to_cot_severe round 1: review
[405/545] approved label_only_sft:rev_util_grounding_specificity:42:grounding_specificity_test_0875:label_only_correct_to_cot_severe
[406/545] label_only_sft:rev_util_grounding_specificity:42:grounding_specificity_test_0877:label_only_correct_to_cot_severe round 1: edit
[406/545] label_only_sft:rev_util_grounding_specificity:42:grounding_specificity_test_0877:label_only_correct_to_cot_severe round 1: review
[406/545] approved label_only_sft:rev_util_grounding_specificity:42:grounding_specificity_test_0877:label_only_correct_to_cot_severe
[407/545] label_only_sft:rev_util_grounding_specificity:42:grounding_specificity_test_0885:label_only_correct_to_cot_severe round 1: edit
[407/545] label_only_sft:rev_util_grounding_specificity:42:grounding_specificity_test_0885:label_only_correct_to_cot_severe round 1: review
[407/545] approved label_only_sft:rev_util_grounding_specificity:42:grounding_specificity_test_0885:label_only_correct_to_cot_severe
[408/545] label_only_sft:rev_util_grounding_specificity:42:grounding_specificity_test_0897:label_only_correct_to_cot_severe round 1: edit
[408/545] label_only_sft:rev_util_grounding_specificity:42:grounding_specificity_test_0897:label_only_correct_to_cot_severe round 1: review
[408/545] approved label_only_sft:rev_util_grounding_specificity:42:grounding_specificity_test_0897:label_only_correct_to_cot_severe
[409/545] label_only_sft:rev_util_grounding_specificity:42:grounding_specificity_test_0909:label_only_correct_to_cot_severe round 1: edit
[409/545] label_only_sft:rev_util_grounding_specificity:42:grounding_specificity_test_0909:label_only_correct_to_cot_severe round 1: review
[409/545] approved label_only_sft:rev_util_grounding_specificity:42:grounding_specificity_test_0909:label_only_correct_to_cot_severe
[410/545] label_only_sft:rev_util_grounding_specificity:42:grounding_specificity_test_0931:label_only_correct_to_cot_severe round 1: edit
[410/545] label_only_sft:rev_util_grounding_specificity:42:grounding_specificity_test_0931:label_only_correct_to_cot_severe round 1: review
[410/545] approved label_only_sft:rev_util_grounding_specificity:42:grounding_specificity_test_0931:label_only_correct_to_cot_severe
[411/545] label_only_sft:rev_util_grounding_specificity:42:grounding_specificity_test_0957:label_only_correct_to_cot_severe round 1: edit
[411/545] label_only_sft:rev_util_grounding_specificity:42:grounding_specificity_test_0957:label_only_correct_to_cot_severe round 1: review
[411/545] approved label_only_sft:rev_util_grounding_specificity:42:grounding_specificity_test_0957:label_only_correct_to_cot_severe
[412/545] label_only_sft:rev_util_grounding_specificity:42:grounding_specificity_test_0962:label_only_correct_to_cot_severe round 1: edit
[412/545] label_only_sft:rev_util_grounding_specificity:42:grounding_specificity_test_0962:label_only_correct_to_cot_severe round 1: review
[412/545] approved label_only_sft:rev_util_grounding_specificity:42:grounding_specificity_test_0962:label_only_correct_to_cot_severe
[413/545] label_only_sft:rev_util_grounding_specificity:42:grounding_specificity_test_0964:label_only_correct_to_cot_severe round 1: edit
[413/545] label_only_sft:rev_util_grounding_specificity:42:grounding_specificity_test_0964:label_only_correct_to_cot_severe round 1: review
[413/545] approved label_only_sft:rev_util_grounding_specificity:42:grounding_specificity_test_0964:label_only_correct_to_cot_severe
[414/545] label_only_sft:rev_util_grounding_specificity:42:grounding_specificity_test_0983:label_only_correct_to_cot_severe round 1: edit
[414/545] label_only_sft:rev_util_grounding_specificity:42:grounding_specificity_test_0983:label_only_correct_to_cot_severe round 1: review
[414/545] approved label_only_sft:rev_util_grounding_specificity:42:grounding_specificity_test_0983:label_only_correct_to_cot_severe
[415/545] label_only_sft:rev_util_grounding_specificity:42:grounding_specificity_test_0986:label_only_correct_to_cot_severe round 1: edit
[415/545] label_only_sft:rev_util_grounding_specificity:42:grounding_specificity_test_0986:label_only_correct_to_cot_severe round 1: review
[415/545] approved label_only_sft:rev_util_grounding_specificity:42:grounding_specificity_test_0986:label_only_correct_to_cot_severe
[416/545] label_only_sft:rev_util_grounding_specificity:43:grounding_specificity_test_0004:label_only_correct_to_cot_severe round 1: edit
[416/545] label_only_sft:rev_util_grounding_specificity:43:grounding_specificity_test_0004:label_only_correct_to_cot_severe round 1: review
[416/545] approved label_only_sft:rev_util_grounding_specificity:43:grounding_specificity_test_0004:label_only_correct_to_cot_severe
[417/545] label_only_sft:rev_util_grounding_specificity:43:grounding_specificity_test_0022:label_only_correct_to_cot_severe round 1: edit
[417/545] label_only_sft:rev_util_grounding_specificity:43:grounding_specificity_test_0022:label_only_correct_to_cot_severe round 1: review
[417/545] approved label_only_sft:rev_util_grounding_specificity:43:grounding_specificity_test_0022:label_only_correct_to_cot_severe
[418/545] label_only_sft:rev_util_grounding_specificity:43:grounding_specificity_test_0030:label_only_correct_to_cot_severe round 1: edit
[418/545] label_only_sft:rev_util_grounding_specificity:43:grounding_specificity_test_0030:label_only_correct_to_cot_severe round 1: review
[418/545] approved label_only_sft:rev_util_grounding_specificity:43:grounding_specificity_test_0030:label_only_correct_to_cot_severe
[419/545] label_only_sft:rev_util_grounding_specificity:43:grounding_specificity_test_0032:label_only_correct_to_cot_severe round 1: edit
[419/545] label_only_sft:rev_util_grounding_specificity:43:grounding_specificity_test_0032:label_only_correct_to_cot_severe round 1: review
[419/545] approved label_only_sft:rev_util_grounding_specificity:43:grounding_specificity_test_0032:label_only_correct_to_cot_severe
[420/545] label_only_sft:rev_util_grounding_specificity:43:grounding_specificity_test_0038:label_only_correct_to_cot_severe round 1: edit
[420/545] label_only_sft:rev_util_grounding_specificity:43:grounding_specificity_test_0038:label_only_correct_to_cot_severe round 1: review
[420/545] approved label_only_sft:rev_util_grounding_specificity:43:grounding_specificity_test_0038:label_only_correct_to_cot_severe
[421/545] label_only_sft:rev_util_grounding_specificity:43:grounding_specificity_test_0043:label_only_correct_to_cot_severe round 1: edit
[421/545] label_only_sft:rev_util_grounding_specificity:43:grounding_specificity_test_0043:label_only_correct_to_cot_severe round 1: review
[421/545] approved label_only_sft:rev_util_grounding_specificity:43:grounding_specificity_test_0043:label_only_correct_to_cot_severe
[422/545] label_only_sft:rev_util_grounding_specificity:43:grounding_specificity_test_0065:label_only_correct_to_cot_severe round 1: edit
[422/545] label_only_sft:rev_util_grounding_specificity:43:grounding_specificity_test_0065:label_only_correct_to_cot_severe round 1: review
[422/545] approved label_only_sft:rev_util_grounding_specificity:43:grounding_specificity_test_0065:label_only_correct_to_cot_severe
[423/545] label_only_sft:rev_util_grounding_specificity:43:grounding_specificity_test_0071:label_only_correct_to_cot_severe round 1: edit
[423/545] label_only_sft:rev_util_grounding_specificity:43:grounding_specificity_test_0071:label_only_correct_to_cot_severe round 1: review
[423/545] approved label_only_sft:rev_util_grounding_specificity:43:grounding_specificity_test_0071:label_only_correct_to_cot_severe
[424/545] label_only_sft:rev_util_grounding_specificity:43:grounding_specificity_test_0085:label_only_correct_to_cot_severe round 1: edit
[424/545] label_only_sft:rev_util_grounding_specificity:43:grounding_specificity_test_0085:label_only_correct_to_cot_severe round 1: review
[424/545] approved label_only_sft:rev_util_grounding_specificity:43:grounding_specificity_test_0085:label_only_correct_to_cot_severe
[425/545] label_only_sft:rev_util_grounding_specificity:43:grounding_specificity_test_0087:label_only_correct_to_cot_severe round 1: edit
[425/545] label_only_sft:rev_util_grounding_specificity:43:grounding_specificity_test_0087:label_only_correct_to_cot_severe round 1: review
[425/545] approved label_only_sft:rev_util_grounding_specificity:43:grounding_specificity_test_0087:label_only_correct_to_cot_severe
[426/545] label_only_sft:rev_util_grounding_specificity:43:grounding_specificity_test_0106:label_only_correct_to_cot_severe round 1: edit
[426/545] label_only_sft:rev_util_grounding_specificity:43:grounding_specificity_test_0106:label_only_correct_to_cot_severe round 1: review
[426/545] approved label_only_sft:rev_util_grounding_specificity:43:grounding_specificity_test_0106:label_only_correct_to_cot_severe
[427/545] label_only_sft:rev_util_grounding_specificity:43:grounding_specificity_test_0107:label_only_correct_to_cot_severe round 1: edit
[427/545] label_only_sft:rev_util_grounding_specificity:43:grounding_specificity_test_0107:label_only_correct_to_cot_severe round 1: review
[427/545] approved label_only_sft:rev_util_grounding_specificity:43:grounding_specificity_test_0107:label_only_correct_to_cot_severe
[428/545] label_only_sft:rev_util_grounding_specificity:43:grounding_specificity_test_0140:label_only_correct_to_cot_severe round 1: edit
[428/545] label_only_sft:rev_util_grounding_specificity:43:grounding_specificity_test_0140:label_only_correct_to_cot_severe round 1: review
[428/545] approved label_only_sft:rev_util_grounding_specificity:43:grounding_specificity_test_0140:label_only_correct_to_cot_severe
[429/545] label_only_sft:rev_util_grounding_specificity:43:grounding_specificity_test_0158:label_only_correct_to_cot_severe round 1: edit
[429/545] label_only_sft:rev_util_grounding_specificity:43:grounding_specificity_test_0158:label_only_correct_to_cot_severe round 1: review
[429/545] approved label_only_sft:rev_util_grounding_specificity:43:grounding_specificity_test_0158:label_only_correct_to_cot_severe
[430/545] label_only_sft:rev_util_grounding_specificity:43:grounding_specificity_test_0172:label_only_correct_to_cot_severe round 1: edit
[430/545] label_only_sft:rev_util_grounding_specificity:43:grounding_specificity_test_0172:label_only_correct_to_cot_severe round 1: review
[430/545] approved label_only_sft:rev_util_grounding_specificity:43:grounding_specificity_test_0172:label_only_correct_to_cot_severe
[431/545] label_only_sft:rev_util_grounding_specificity:43:grounding_specificity_test_0180:label_only_correct_to_cot_severe round 1: edit
[431/545] label_only_sft:rev_util_grounding_specificity:43:grounding_specificity_test_0180:label_only_correct_to_cot_severe round 1: review
[431/545] approved label_only_sft:rev_util_grounding_specificity:43:grounding_specificity_test_0180:label_only_correct_to_cot_severe
[432/545] label_only_sft:rev_util_grounding_specificity:43:grounding_specificity_test_0181:label_only_correct_to_cot_severe round 1: edit
[432/545] label_only_sft:rev_util_grounding_specificity:43:grounding_specificity_test_0181:label_only_correct_to_cot_severe round 1: review
[432/545] approved label_only_sft:rev_util_grounding_specificity:43:grounding_specificity_test_0181:label_only_correct_to_cot_severe
[433/545] label_only_sft:rev_util_grounding_specificity:43:grounding_specificity_test_0198:label_only_correct_to_cot_severe round 1: edit
[433/545] label_only_sft:rev_util_grounding_specificity:43:grounding_specificity_test_0198:label_only_correct_to_cot_severe round 1: review
[433/545] approved label_only_sft:rev_util_grounding_specificity:43:grounding_specificity_test_0198:label_only_correct_to_cot_severe
[434/545] label_only_sft:rev_util_grounding_specificity:43:grounding_specificity_test_0202:label_only_correct_to_cot_severe round 1: edit
[434/545] label_only_sft:rev_util_grounding_specificity:43:grounding_specificity_test_0202:label_only_correct_to_cot_severe round 1: review
[434/545] approved label_only_sft:rev_util_grounding_specificity:43:grounding_specificity_test_0202:label_only_correct_to_cot_severe
[435/545] label_only_sft:rev_util_grounding_specificity:43:grounding_specificity_test_0264:label_only_correct_to_cot_severe round 1: edit
[435/545] label_only_sft:rev_util_grounding_specificity:43:grounding_specificity_test_0264:label_only_correct_to_cot_severe round 1: review
[435/545] approved label_only_sft:rev_util_grounding_specificity:43:grounding_specificity_test_0264:label_only_correct_to_cot_severe
[436/545] label_only_sft:rev_util_grounding_specificity:43:grounding_specificity_test_0283:label_only_correct_to_cot_severe round 1: edit
[436/545] label_only_sft:rev_util_grounding_specificity:43:grounding_specificity_test_0283:label_only_correct_to_cot_severe round 1: review
[436/545] approved label_only_sft:rev_util_grounding_specificity:43:grounding_specificity_test_0283:label_only_correct_to_cot_severe
[437/545] label_only_sft:rev_util_grounding_specificity:43:grounding_specificity_test_0313:label_only_correct_to_cot_severe round 1: edit
[437/545] label_only_sft:rev_util_grounding_specificity:43:grounding_specificity_test_0313:label_only_correct_to_cot_severe round 1: review
[437/545] approved label_only_sft:rev_util_grounding_specificity:43:grounding_specificity_test_0313:label_only_correct_to_cot_severe
[438/545] label_only_sft:rev_util_grounding_specificity:43:grounding_specificity_test_0317:label_only_correct_to_cot_severe round 1: edit
[438/545] label_only_sft:rev_util_grounding_specificity:43:grounding_specificity_test_0317:label_only_correct_to_cot_severe round 1: review
[438/545] approved label_only_sft:rev_util_grounding_specificity:43:grounding_specificity_test_0317:label_only_correct_to_cot_severe
[439/545] label_only_sft:rev_util_grounding_specificity:43:grounding_specificity_test_0333:label_only_correct_to_cot_severe round 1: edit
[439/545] label_only_sft:rev_util_grounding_specificity:43:grounding_specificity_test_0333:label_only_correct_to_cot_severe round 1: review
[439/545] approved label_only_sft:rev_util_grounding_specificity:43:grounding_specificity_test_0333:label_only_correct_to_cot_severe
[440/545] label_only_sft:rev_util_grounding_specificity:43:grounding_specificity_test_0359:label_only_correct_to_cot_severe round 1: edit
[440/545] label_only_sft:rev_util_grounding_specificity:43:grounding_specificity_test_0359:label_only_correct_to_cot_severe round 1: review
[440/545] approved label_only_sft:rev_util_grounding_specificity:43:grounding_specificity_test_0359:label_only_correct_to_cot_severe
[441/545] label_only_sft:rev_util_grounding_specificity:43:grounding_specificity_test_0367:label_only_correct_to_cot_severe round 1: edit
[441/545] label_only_sft:rev_util_grounding_specificity:43:grounding_specificity_test_0367:label_only_correct_to_cot_severe round 1: review
[441/545] approved label_only_sft:rev_util_grounding_specificity:43:grounding_specificity_test_0367:label_only_correct_to_cot_severe
[442/545] label_only_sft:rev_util_grounding_specificity:43:grounding_specificity_test_0378:label_only_correct_to_cot_severe round 1: edit
[442/545] label_only_sft:rev_util_grounding_specificity:43:grounding_specificity_test_0378:label_only_correct_to_cot_severe round 1: review
[442/545] approved label_only_sft:rev_util_grounding_specificity:43:grounding_specificity_test_0378:label_only_correct_to_cot_severe
[443/545] label_only_sft:rev_util_grounding_specificity:43:grounding_specificity_test_0384:label_only_correct_to_cot_severe round 1: edit
[443/545] label_only_sft:rev_util_grounding_specificity:43:grounding_specificity_test_0384:label_only_correct_to_cot_severe round 1: review
[443/545] approved label_only_sft:rev_util_grounding_specificity:43:grounding_specificity_test_0384:label_only_correct_to_cot_severe
[444/545] label_only_sft:rev_util_grounding_specificity:43:grounding_specificity_test_0403:label_only_correct_to_cot_severe round 1: edit
[444/545] label_only_sft:rev_util_grounding_specificity:43:grounding_specificity_test_0403:label_only_correct_to_cot_severe round 1: review
[444/545] approved label_only_sft:rev_util_grounding_specificity:43:grounding_specificity_test_0403:label_only_correct_to_cot_severe
[445/545] label_only_sft:rev_util_grounding_specificity:43:grounding_specificity_test_0426:label_only_correct_to_cot_severe round 1: edit
[445/545] label_only_sft:rev_util_grounding_specificity:43:grounding_specificity_test_0426:label_only_correct_to_cot_severe round 1: review
[445/545] approved label_only_sft:rev_util_grounding_specificity:43:grounding_specificity_test_0426:label_only_correct_to_cot_severe
[446/545] label_only_sft:rev_util_grounding_specificity:43:grounding_specificity_test_0432:label_only_correct_to_cot_severe round 1: edit
[446/545] label_only_sft:rev_util_grounding_specificity:43:grounding_specificity_test_0432:label_only_correct_to_cot_severe round 1: review
[446/545] approved label_only_sft:rev_util_grounding_specificity:43:grounding_specificity_test_0432:label_only_correct_to_cot_severe
[447/545] label_only_sft:rev_util_grounding_specificity:43:grounding_specificity_test_0449:label_only_correct_to_cot_severe round 1: edit
[447/545] label_only_sft:rev_util_grounding_specificity:43:grounding_specificity_test_0449:label_only_correct_to_cot_severe round 1: review
[447/545] approved label_only_sft:rev_util_grounding_specificity:43:grounding_specificity_test_0449:label_only_correct_to_cot_severe
[448/545] label_only_sft:rev_util_grounding_specificity:43:grounding_specificity_test_0457:label_only_correct_to_cot_severe round 1: edit
[448/545] label_only_sft:rev_util_grounding_specificity:43:grounding_specificity_test_0457:label_only_correct_to_cot_severe round 1: review
[448/545] approved label_only_sft:rev_util_grounding_specificity:43:grounding_specificity_test_0457:label_only_correct_to_cot_severe
[449/545] label_only_sft:rev_util_grounding_specificity:43:grounding_specificity_test_0458:label_only_correct_to_cot_severe round 1: edit
[449/545] label_only_sft:rev_util_grounding_specificity:43:grounding_specificity_test_0458:label_only_correct_to_cot_severe round 1: review
[449/545] approved label_only_sft:rev_util_grounding_specificity:43:grounding_specificity_test_0458:label_only_correct_to_cot_severe
[450/545] label_only_sft:rev_util_grounding_specificity:43:grounding_specificity_test_0459:label_only_correct_to_cot_severe round 1: edit
[450/545] label_only_sft:rev_util_grounding_specificity:43:grounding_specificity_test_0459:label_only_correct_to_cot_severe round 1: review
[450/545] approved label_only_sft:rev_util_grounding_specificity:43:grounding_specificity_test_0459:label_only_correct_to_cot_severe
[451/545] label_only_sft:rev_util_grounding_specificity:43:grounding_specificity_test_0485:label_only_correct_to_cot_severe round 1: edit
[451/545] label_only_sft:rev_util_grounding_specificity:43:grounding_specificity_test_0485:label_only_correct_to_cot_severe round 1: review
[451/545] rejected; issues=["The corrected rationale indirectly implies a numeric score through 'corresponds to a middle level of the scale' and 'corresponds instead to a middle level of the rubric', which amounts to stating a score/band. The rationale should describe the qualities without referencing the rubric level or scale position.", "The final corrected sentence says 'fails to meet the criteria for a fully grounded, specific comment' — while this is rubric language, combined with 'middle level of the rubric' it effectively states the gold label. The language should be limited to describing what is present/absent in the comment without naming the rubric band or score."]
[451/545] label_only_sft:rev_util_grounding_specificity:43:grounding_specificity_test_0485:label_only_correct_to_cot_severe round 2: edit
[451/545] label_only_sft:rev_util_grounding_specificity:43:grounding_specificity_test_0485:label_only_correct_to_cot_severe round 2: review
[451/545] approved label_only_sft:rev_util_grounding_specificity:43:grounding_specificity_test_0485:label_only_correct_to_cot_severe
[452/545] label_only_sft:rev_util_grounding_specificity:43:grounding_specificity_test_0490:label_only_correct_to_cot_severe round 1: edit
[452/545] label_only_sft:rev_util_grounding_specificity:43:grounding_specificity_test_0490:label_only_correct_to_cot_severe round 1: review
[452/545] approved label_only_sft:rev_util_grounding_specificity:43:grounding_specificity_test_0490:label_only_correct_to_cot_severe
[453/545] label_only_sft:rev_util_grounding_specificity:43:grounding_specificity_test_0508:label_only_correct_to_cot_severe round 1: edit
[453/545] label_only_sft:rev_util_grounding_specificity:43:grounding_specificity_test_0508:label_only_correct_to_cot_severe round 1: review
[453/545] approved label_only_sft:rev_util_grounding_specificity:43:grounding_specificity_test_0508:label_only_correct_to_cot_severe
[454/545] label_only_sft:rev_util_grounding_specificity:43:grounding_specificity_test_0524:label_only_correct_to_cot_severe round 1: edit
[454/545] label_only_sft:rev_util_grounding_specificity:43:grounding_specificity_test_0524:label_only_correct_to_cot_severe round 1: review
[454/545] approved label_only_sft:rev_util_grounding_specificity:43:grounding_specificity_test_0524:label_only_correct_to_cot_severe
[455/545] label_only_sft:rev_util_grounding_specificity:43:grounding_specificity_test_0526:label_only_correct_to_cot_severe round 1: edit
[455/545] label_only_sft:rev_util_grounding_specificity:43:grounding_specificity_test_0526:label_only_correct_to_cot_severe round 1: review
[455/545] approved label_only_sft:rev_util_grounding_specificity:43:grounding_specificity_test_0526:label_only_correct_to_cot_severe
[456/545] label_only_sft:rev_util_grounding_specificity:43:grounding_specificity_test_0532:label_only_correct_to_cot_severe round 1: edit
[456/545] label_only_sft:rev_util_grounding_specificity:43:grounding_specificity_test_0532:label_only_correct_to_cot_severe round 1: review
[456/545] approved label_only_sft:rev_util_grounding_specificity:43:grounding_specificity_test_0532:label_only_correct_to_cot_severe
[457/545] label_only_sft:rev_util_grounding_specificity:43:grounding_specificity_test_0562:label_only_correct_to_cot_severe round 1: edit
[457/545] label_only_sft:rev_util_grounding_specificity:43:grounding_specificity_test_0562:label_only_correct_to_cot_severe round 1: review
[457/545] approved label_only_sft:rev_util_grounding_specificity:43:grounding_specificity_test_0562:label_only_correct_to_cot_severe
[458/545] label_only_sft:rev_util_grounding_specificity:43:grounding_specificity_test_0576:label_only_correct_to_cot_severe round 1: edit
[458/545] label_only_sft:rev_util_grounding_specificity:43:grounding_specificity_test_0576:label_only_correct_to_cot_severe round 1: review
[458/545] approved label_only_sft:rev_util_grounding_specificity:43:grounding_specificity_test_0576:label_only_correct_to_cot_severe
[459/545] label_only_sft:rev_util_grounding_specificity:43:grounding_specificity_test_0584:label_only_correct_to_cot_severe round 1: edit
[459/545] label_only_sft:rev_util_grounding_specificity:43:grounding_specificity_test_0584:label_only_correct_to_cot_severe round 1: review
[459/545] approved label_only_sft:rev_util_grounding_specificity:43:grounding_specificity_test_0584:label_only_correct_to_cot_severe
[460/545] label_only_sft:rev_util_grounding_specificity:43:grounding_specificity_test_0593:label_only_correct_to_cot_severe round 1: edit
[460/545] label_only_sft:rev_util_grounding_specificity:43:grounding_specificity_test_0593:label_only_correct_to_cot_severe round 1: review
[460/545] approved label_only_sft:rev_util_grounding_specificity:43:grounding_specificity_test_0593:label_only_correct_to_cot_severe
[461/545] label_only_sft:rev_util_grounding_specificity:43:grounding_specificity_test_0595:label_only_correct_to_cot_severe round 1: edit
[461/545] label_only_sft:rev_util_grounding_specificity:43:grounding_specificity_test_0595:label_only_correct_to_cot_severe round 1: review
[461/545] approved label_only_sft:rev_util_grounding_specificity:43:grounding_specificity_test_0595:label_only_correct_to_cot_severe
[462/545] label_only_sft:rev_util_grounding_specificity:43:grounding_specificity_test_0636:label_only_correct_to_cot_severe round 1: edit
[462/545] label_only_sft:rev_util_grounding_specificity:43:grounding_specificity_test_0636:label_only_correct_to_cot_severe round 1: review
[462/545] approved label_only_sft:rev_util_grounding_specificity:43:grounding_specificity_test_0636:label_only_correct_to_cot_severe
[463/545] label_only_sft:rev_util_grounding_specificity:43:grounding_specificity_test_0655:label_only_correct_to_cot_severe round 1: edit
[463/545] label_only_sft:rev_util_grounding_specificity:43:grounding_specificity_test_0655:label_only_correct_to_cot_severe round 1: review
[463/545] approved label_only_sft:rev_util_grounding_specificity:43:grounding_specificity_test_0655:label_only_correct_to_cot_severe
[464/545] label_only_sft:rev_util_grounding_specificity:43:grounding_specificity_test_0657:label_only_correct_to_cot_severe round 1: edit
[464/545] label_only_sft:rev_util_grounding_specificity:43:grounding_specificity_test_0657:label_only_correct_to_cot_severe round 1: review
[464/545] approved label_only_sft:rev_util_grounding_specificity:43:grounding_specificity_test_0657:label_only_correct_to_cot_severe
[465/545] label_only_sft:rev_util_grounding_specificity:43:grounding_specificity_test_0658:label_only_correct_to_cot_severe round 1: edit
[465/545] label_only_sft:rev_util_grounding_specificity:43:grounding_specificity_test_0658:label_only_correct_to_cot_severe round 1: review
[465/545] approved label_only_sft:rev_util_grounding_specificity:43:grounding_specificity_test_0658:label_only_correct_to_cot_severe
[466/545] label_only_sft:rev_util_grounding_specificity:43:grounding_specificity_test_0693:label_only_correct_to_cot_severe round 1: edit
[466/545] label_only_sft:rev_util_grounding_specificity:43:grounding_specificity_test_0693:label_only_correct_to_cot_severe round 1: review
[466/545] approved label_only_sft:rev_util_grounding_specificity:43:grounding_specificity_test_0693:label_only_correct_to_cot_severe
[467/545] label_only_sft:rev_util_grounding_specificity:43:grounding_specificity_test_0694:label_only_correct_to_cot_severe round 1: edit
[467/545] label_only_sft:rev_util_grounding_specificity:43:grounding_specificity_test_0694:label_only_correct_to_cot_severe round 1: review
[467/545] approved label_only_sft:rev_util_grounding_specificity:43:grounding_specificity_test_0694:label_only_correct_to_cot_severe
[468/545] label_only_sft:rev_util_grounding_specificity:43:grounding_specificity_test_0705:label_only_correct_to_cot_severe round 1: edit
[468/545] label_only_sft:rev_util_grounding_specificity:43:grounding_specificity_test_0705:label_only_correct_to_cot_severe round 1: review
[468/545] approved label_only_sft:rev_util_grounding_specificity:43:grounding_specificity_test_0705:label_only_correct_to_cot_severe
[469/545] label_only_sft:rev_util_grounding_specificity:43:grounding_specificity_test_0714:label_only_correct_to_cot_severe round 1: edit
[469/545] label_only_sft:rev_util_grounding_specificity:43:grounding_specificity_test_0714:label_only_correct_to_cot_severe round 1: review
[469/545] approved label_only_sft:rev_util_grounding_specificity:43:grounding_specificity_test_0714:label_only_correct_to_cot_severe
[470/545] label_only_sft:rev_util_grounding_specificity:43:grounding_specificity_test_0717:label_only_correct_to_cot_severe round 1: edit
[470/545] label_only_sft:rev_util_grounding_specificity:43:grounding_specificity_test_0717:label_only_correct_to_cot_severe round 1: review
[470/545] approved label_only_sft:rev_util_grounding_specificity:43:grounding_specificity_test_0717:label_only_correct_to_cot_severe
[471/545] label_only_sft:rev_util_grounding_specificity:43:grounding_specificity_test_0725:label_only_correct_to_cot_severe round 1: edit
[471/545] label_only_sft:rev_util_grounding_specificity:43:grounding_specificity_test_0725:label_only_correct_to_cot_severe round 1: review
[471/545] approved label_only_sft:rev_util_grounding_specificity:43:grounding_specificity_test_0725:label_only_correct_to_cot_severe
[472/545] label_only_sft:rev_util_grounding_specificity:43:grounding_specificity_test_0734:label_only_correct_to_cot_severe round 1: edit
[472/545] label_only_sft:rev_util_grounding_specificity:43:grounding_specificity_test_0734:label_only_correct_to_cot_severe round 1: review
[472/545] approved label_only_sft:rev_util_grounding_specificity:43:grounding_specificity_test_0734:label_only_correct_to_cot_severe
[473/545] label_only_sft:rev_util_grounding_specificity:43:grounding_specificity_test_0736:label_only_correct_to_cot_severe round 1: edit
[473/545] label_only_sft:rev_util_grounding_specificity:43:grounding_specificity_test_0736:label_only_correct_to_cot_severe round 1: review
[473/545] approved label_only_sft:rev_util_grounding_specificity:43:grounding_specificity_test_0736:label_only_correct_to_cot_severe
[474/545] label_only_sft:rev_util_grounding_specificity:43:grounding_specificity_test_0740:label_only_correct_to_cot_severe round 1: edit
[474/545] label_only_sft:rev_util_grounding_specificity:43:grounding_specificity_test_0740:label_only_correct_to_cot_severe round 1: review
[474/545] approved label_only_sft:rev_util_grounding_specificity:43:grounding_specificity_test_0740:label_only_correct_to_cot_severe
[475/545] label_only_sft:rev_util_grounding_specificity:43:grounding_specificity_test_0743:label_only_correct_to_cot_severe round 1: edit
[475/545] label_only_sft:rev_util_grounding_specificity:43:grounding_specificity_test_0743:label_only_correct_to_cot_severe round 1: review
[475/545] approved label_only_sft:rev_util_grounding_specificity:43:grounding_specificity_test_0743:label_only_correct_to_cot_severe
[476/545] label_only_sft:rev_util_grounding_specificity:43:grounding_specificity_test_0747:label_only_correct_to_cot_severe round 1: edit
[476/545] label_only_sft:rev_util_grounding_specificity:43:grounding_specificity_test_0747:label_only_correct_to_cot_severe round 1: review
[476/545] approved label_only_sft:rev_util_grounding_specificity:43:grounding_specificity_test_0747:label_only_correct_to_cot_severe
[477/545] label_only_sft:rev_util_grounding_specificity:43:grounding_specificity_test_0751:label_only_correct_to_cot_severe round 1: edit
[477/545] label_only_sft:rev_util_grounding_specificity:43:grounding_specificity_test_0751:label_only_correct_to_cot_severe round 1: review
[477/545] approved label_only_sft:rev_util_grounding_specificity:43:grounding_specificity_test_0751:label_only_correct_to_cot_severe
[478/545] label_only_sft:rev_util_grounding_specificity:43:grounding_specificity_test_0757:label_only_correct_to_cot_severe round 1: edit
[478/545] label_only_sft:rev_util_grounding_specificity:43:grounding_specificity_test_0757:label_only_correct_to_cot_severe round 1: review
[478/545] approved label_only_sft:rev_util_grounding_specificity:43:grounding_specificity_test_0757:label_only_correct_to_cot_severe
[479/545] label_only_sft:rev_util_grounding_specificity:43:grounding_specificity_test_0758:label_only_correct_to_cot_severe round 1: edit
[479/545] label_only_sft:rev_util_grounding_specificity:43:grounding_specificity_test_0758:label_only_correct_to_cot_severe round 1: review
[479/545] approved label_only_sft:rev_util_grounding_specificity:43:grounding_specificity_test_0758:label_only_correct_to_cot_severe
[480/545] label_only_sft:rev_util_grounding_specificity:43:grounding_specificity_test_0763:label_only_correct_to_cot_severe round 1: edit
[480/545] label_only_sft:rev_util_grounding_specificity:43:grounding_specificity_test_0763:label_only_correct_to_cot_severe round 1: review
[480/545] approved label_only_sft:rev_util_grounding_specificity:43:grounding_specificity_test_0763:label_only_correct_to_cot_severe
[481/545] label_only_sft:rev_util_grounding_specificity:43:grounding_specificity_test_0794:label_only_correct_to_cot_severe round 1: edit
[481/545] label_only_sft:rev_util_grounding_specificity:43:grounding_specificity_test_0794:label_only_correct_to_cot_severe round 1: review
[481/545] approved label_only_sft:rev_util_grounding_specificity:43:grounding_specificity_test_0794:label_only_correct_to_cot_severe
[482/545] label_only_sft:rev_util_grounding_specificity:43:grounding_specificity_test_0802:label_only_correct_to_cot_severe round 1: edit
[482/545] label_only_sft:rev_util_grounding_specificity:43:grounding_specificity_test_0802:label_only_correct_to_cot_severe round 1: review
[482/545] approved label_only_sft:rev_util_grounding_specificity:43:grounding_specificity_test_0802:label_only_correct_to_cot_severe
[483/545] label_only_sft:rev_util_grounding_specificity:43:grounding_specificity_test_0829:label_only_correct_to_cot_severe round 1: edit
[483/545] label_only_sft:rev_util_grounding_specificity:43:grounding_specificity_test_0829:label_only_correct_to_cot_severe round 1: review
[483/545] approved label_only_sft:rev_util_grounding_specificity:43:grounding_specificity_test_0829:label_only_correct_to_cot_severe
[484/545] label_only_sft:rev_util_grounding_specificity:43:grounding_specificity_test_0847:label_only_correct_to_cot_severe round 1: edit
[484/545] label_only_sft:rev_util_grounding_specificity:43:grounding_specificity_test_0847:label_only_correct_to_cot_severe round 1: review
[484/545] approved label_only_sft:rev_util_grounding_specificity:43:grounding_specificity_test_0847:label_only_correct_to_cot_severe
[485/545] label_only_sft:rev_util_grounding_specificity:43:grounding_specificity_test_0850:label_only_correct_to_cot_severe round 1: edit
[485/545] label_only_sft:rev_util_grounding_specificity:43:grounding_specificity_test_0850:label_only_correct_to_cot_severe round 1: review
[485/545] approved label_only_sft:rev_util_grounding_specificity:43:grounding_specificity_test_0850:label_only_correct_to_cot_severe
[486/545] label_only_sft:rev_util_grounding_specificity:43:grounding_specificity_test_0851:label_only_correct_to_cot_severe round 1: edit
[486/545] label_only_sft:rev_util_grounding_specificity:43:grounding_specificity_test_0851:label_only_correct_to_cot_severe round 1: review
[486/545] approved label_only_sft:rev_util_grounding_specificity:43:grounding_specificity_test_0851:label_only_correct_to_cot_severe
[487/545] label_only_sft:rev_util_grounding_specificity:43:grounding_specificity_test_0886:label_only_correct_to_cot_severe round 1: edit
[487/545] label_only_sft:rev_util_grounding_specificity:43:grounding_specificity_test_0886:label_only_correct_to_cot_severe round 1: review
[487/545] approved label_only_sft:rev_util_grounding_specificity:43:grounding_specificity_test_0886:label_only_correct_to_cot_severe
[488/545] label_only_sft:rev_util_grounding_specificity:43:grounding_specificity_test_0891:label_only_correct_to_cot_severe round 1: edit
[488/545] label_only_sft:rev_util_grounding_specificity:43:grounding_specificity_test_0891:label_only_correct_to_cot_severe round 1: review
[488/545] approved label_only_sft:rev_util_grounding_specificity:43:grounding_specificity_test_0891:label_only_correct_to_cot_severe
[489/545] label_only_sft:rev_util_grounding_specificity:43:grounding_specificity_test_0909:label_only_correct_to_cot_severe round 1: edit
[489/545] label_only_sft:rev_util_grounding_specificity:43:grounding_specificity_test_0909:label_only_correct_to_cot_severe round 1: review
[489/545] approved label_only_sft:rev_util_grounding_specificity:43:grounding_specificity_test_0909:label_only_correct_to_cot_severe
[490/545] label_only_sft:rev_util_grounding_specificity:43:grounding_specificity_test_0934:label_only_correct_to_cot_severe round 1: edit
[490/545] label_only_sft:rev_util_grounding_specificity:43:grounding_specificity_test_0934:label_only_correct_to_cot_severe round 1: review
[490/545] approved label_only_sft:rev_util_grounding_specificity:43:grounding_specificity_test_0934:label_only_correct_to_cot_severe
[491/545] label_only_sft:rev_util_grounding_specificity:43:grounding_specificity_test_0983:label_only_correct_to_cot_severe round 1: edit
[491/545] label_only_sft:rev_util_grounding_specificity:43:grounding_specificity_test_0983:label_only_correct_to_cot_severe round 1: review
[491/545] approved label_only_sft:rev_util_grounding_specificity:43:grounding_specificity_test_0983:label_only_correct_to_cot_severe
[492/545] label_only_sft:rev_util_grounding_specificity:43:grounding_specificity_test_0995:label_only_correct_to_cot_severe round 1: edit
[492/545] label_only_sft:rev_util_grounding_specificity:43:grounding_specificity_test_0995:label_only_correct_to_cot_severe round 1: review
[492/545] approved label_only_sft:rev_util_grounding_specificity:43:grounding_specificity_test_0995:label_only_correct_to_cot_severe
[493/545] label_only_sft:rev_util_grounding_specificity:44:grounding_specificity_test_0004:label_only_correct_to_cot_severe round 1: edit
[493/545] label_only_sft:rev_util_grounding_specificity:44:grounding_specificity_test_0004:label_only_correct_to_cot_severe round 1: review
[493/545] approved label_only_sft:rev_util_grounding_specificity:44:grounding_specificity_test_0004:label_only_correct_to_cot_severe
[494/545] label_only_sft:rev_util_grounding_specificity:44:grounding_specificity_test_0009:label_only_correct_to_cot_severe round 1: edit
[494/545] label_only_sft:rev_util_grounding_specificity:44:grounding_specificity_test_0009:label_only_correct_to_cot_severe round 1: review
[494/545] approved label_only_sft:rev_util_grounding_specificity:44:grounding_specificity_test_0009:label_only_correct_to_cot_severe
[495/545] label_only_sft:rev_util_grounding_specificity:44:grounding_specificity_test_0015:label_only_correct_to_cot_severe round 1: edit
[495/545] label_only_sft:rev_util_grounding_specificity:44:grounding_specificity_test_0015:label_only_correct_to_cot_severe round 1: review
[495/545] approved label_only_sft:rev_util_grounding_specificity:44:grounding_specificity_test_0015:label_only_correct_to_cot_severe
[496/545] label_only_sft:rev_util_grounding_specificity:44:grounding_specificity_test_0037:label_only_correct_to_cot_severe round 1: edit
[496/545] label_only_sft:rev_util_grounding_specificity:44:grounding_specificity_test_0037:label_only_correct_to_cot_severe round 1: review
[496/545] approved label_only_sft:rev_util_grounding_specificity:44:grounding_specificity_test_0037:label_only_correct_to_cot_severe
[497/545] label_only_sft:rev_util_grounding_specificity:44:grounding_specificity_test_0043:label_only_correct_to_cot_severe round 1: edit
[497/545] label_only_sft:rev_util_grounding_specificity:44:grounding_specificity_test_0043:label_only_correct_to_cot_severe round 1: review
[497/545] approved label_only_sft:rev_util_grounding_specificity:44:grounding_specificity_test_0043:label_only_correct_to_cot_severe
[498/545] label_only_sft:rev_util_grounding_specificity:44:grounding_specificity_test_0065:label_only_correct_to_cot_severe round 1: edit
[498/545] label_only_sft:rev_util_grounding_specificity:44:grounding_specificity_test_0065:label_only_correct_to_cot_severe round 1: review
[498/545] approved label_only_sft:rev_util_grounding_specificity:44:grounding_specificity_test_0065:label_only_correct_to_cot_severe
[499/545] label_only_sft:rev_util_grounding_specificity:44:grounding_specificity_test_0116:label_only_correct_to_cot_severe round 1: edit
[499/545] label_only_sft:rev_util_grounding_specificity:44:grounding_specificity_test_0116:label_only_correct_to_cot_severe round 1: review
[499/545] approved label_only_sft:rev_util_grounding_specificity:44:grounding_specificity_test_0116:label_only_correct_to_cot_severe
[500/545] label_only_sft:rev_util_grounding_specificity:44:grounding_specificity_test_0161:label_only_correct_to_cot_severe round 1: edit
[500/545] label_only_sft:rev_util_grounding_specificity:44:grounding_specificity_test_0161:label_only_correct_to_cot_severe round 1: review
[500/545] approved label_only_sft:rev_util_grounding_specificity:44:grounding_specificity_test_0161:label_only_correct_to_cot_severe
[501/545] label_only_sft:rev_util_grounding_specificity:44:grounding_specificity_test_0162:label_only_correct_to_cot_severe round 1: edit
[501/545] label_only_sft:rev_util_grounding_specificity:44:grounding_specificity_test_0162:label_only_correct_to_cot_severe round 1: review
[501/545] approved label_only_sft:rev_util_grounding_specificity:44:grounding_specificity_test_0162:label_only_correct_to_cot_severe
[502/545] label_only_sft:rev_util_grounding_specificity:44:grounding_specificity_test_0165:label_only_correct_to_cot_severe round 1: edit
[502/545] label_only_sft:rev_util_grounding_specificity:44:grounding_specificity_test_0165:label_only_correct_to_cot_severe round 1: review
[502/545] approved label_only_sft:rev_util_grounding_specificity:44:grounding_specificity_test_0165:label_only_correct_to_cot_severe
[503/545] label_only_sft:rev_util_grounding_specificity:44:grounding_specificity_test_0180:label_only_correct_to_cot_severe round 1: edit
[503/545] label_only_sft:rev_util_grounding_specificity:44:grounding_specificity_test_0180:label_only_correct_to_cot_severe round 1: review
[503/545] approved label_only_sft:rev_util_grounding_specificity:44:grounding_specificity_test_0180:label_only_correct_to_cot_severe
[504/545] label_only_sft:rev_util_grounding_specificity:44:grounding_specificity_test_0209:label_only_correct_to_cot_severe round 1: edit
[504/545] label_only_sft:rev_util_grounding_specificity:44:grounding_specificity_test_0209:label_only_correct_to_cot_severe round 1: review
[504/545] approved label_only_sft:rev_util_grounding_specificity:44:grounding_specificity_test_0209:label_only_correct_to_cot_severe
[505/545] label_only_sft:rev_util_grounding_specificity:44:grounding_specificity_test_0211:label_only_correct_to_cot_severe round 1: edit
[505/545] label_only_sft:rev_util_grounding_specificity:44:grounding_specificity_test_0211:label_only_correct_to_cot_severe round 1: review
[505/545] approved label_only_sft:rev_util_grounding_specificity:44:grounding_specificity_test_0211:label_only_correct_to_cot_severe
[506/545] label_only_sft:rev_util_grounding_specificity:44:grounding_specificity_test_0239:label_only_correct_to_cot_severe round 1: edit
[506/545] label_only_sft:rev_util_grounding_specificity:44:grounding_specificity_test_0239:label_only_correct_to_cot_severe round 1: review
[506/545] approved label_only_sft:rev_util_grounding_specificity:44:grounding_specificity_test_0239:label_only_correct_to_cot_severe
[507/545] label_only_sft:rev_util_grounding_specificity:44:grounding_specificity_test_0264:label_only_correct_to_cot_severe round 1: edit
[507/545] label_only_sft:rev_util_grounding_specificity:44:grounding_specificity_test_0264:label_only_correct_to_cot_severe round 1: review
[507/545] approved label_only_sft:rev_util_grounding_specificity:44:grounding_specificity_test_0264:label_only_correct_to_cot_severe
[508/545] label_only_sft:rev_util_grounding_specificity:44:grounding_specificity_test_0283:label_only_correct_to_cot_severe round 1: edit
[508/545] label_only_sft:rev_util_grounding_specificity:44:grounding_specificity_test_0283:label_only_correct_to_cot_severe round 1: review
[508/545] approved label_only_sft:rev_util_grounding_specificity:44:grounding_specificity_test_0283:label_only_correct_to_cot_severe
[509/545] label_only_sft:rev_util_grounding_specificity:44:grounding_specificity_test_0293:label_only_correct_to_cot_severe round 1: edit
[509/545] label_only_sft:rev_util_grounding_specificity:44:grounding_specificity_test_0293:label_only_correct_to_cot_severe round 1: review
[509/545] approved label_only_sft:rev_util_grounding_specificity:44:grounding_specificity_test_0293:label_only_correct_to_cot_severe
[510/545] label_only_sft:rev_util_grounding_specificity:44:grounding_specificity_test_0389:label_only_correct_to_cot_severe round 1: edit
[510/545] label_only_sft:rev_util_grounding_specificity:44:grounding_specificity_test_0389:label_only_correct_to_cot_severe round 1: review
[510/545] approved label_only_sft:rev_util_grounding_specificity:44:grounding_specificity_test_0389:label_only_correct_to_cot_severe
[511/545] label_only_sft:rev_util_grounding_specificity:44:grounding_specificity_test_0432:label_only_correct_to_cot_severe round 1: edit
[511/545] label_only_sft:rev_util_grounding_specificity:44:grounding_specificity_test_0432:label_only_correct_to_cot_severe round 1: review
[511/545] approved label_only_sft:rev_util_grounding_specificity:44:grounding_specificity_test_0432:label_only_correct_to_cot_severe
[512/545] label_only_sft:rev_util_grounding_specificity:44:grounding_specificity_test_0436:label_only_correct_to_cot_severe round 1: edit
[512/545] label_only_sft:rev_util_grounding_specificity:44:grounding_specificity_test_0436:label_only_correct_to_cot_severe round 1: review
[512/545] rejected; issues=["The corrected rationale states 'the comment satisfies both the grounding and specificity requirements at the highest level of the rubric,' which constitutes a direct statement mapping to the highest rubric band (score 5). This violates the requirement that the rationale must not directly state a numeric final score or gold label, and effectively makes the score mapping explicit in the rationale text itself.", "The rationale should describe the qualities (explicitly naming the posterior label smoothing method, clearly specifying the issue with unstable posteriors in sparse graphs) without claiming these meet 'the highest level of the rubric' or otherwise asserting the score band."]
[512/545] label_only_sft:rev_util_grounding_specificity:44:grounding_specificity_test_0436:label_only_correct_to_cot_severe round 2: edit
[512/545] label_only_sft:rev_util_grounding_specificity:44:grounding_specificity_test_0436:label_only_correct_to_cot_severe round 2: review
[512/545] approved label_only_sft:rev_util_grounding_specificity:44:grounding_specificity_test_0436:label_only_correct_to_cot_severe
[513/545] label_only_sft:rev_util_grounding_specificity:44:grounding_specificity_test_0451:label_only_correct_to_cot_severe round 1: edit
[513/545] label_only_sft:rev_util_grounding_specificity:44:grounding_specificity_test_0451:label_only_correct_to_cot_severe round 1: review
[513/545] approved label_only_sft:rev_util_grounding_specificity:44:grounding_specificity_test_0451:label_only_correct_to_cot_severe
[514/545] label_only_sft:rev_util_grounding_specificity:44:grounding_specificity_test_0477:label_only_correct_to_cot_severe round 1: edit
[514/545] label_only_sft:rev_util_grounding_specificity:44:grounding_specificity_test_0477:label_only_correct_to_cot_severe round 1: review
[514/545] approved label_only_sft:rev_util_grounding_specificity:44:grounding_specificity_test_0477:label_only_correct_to_cot_severe
[515/545] label_only_sft:rev_util_grounding_specificity:44:grounding_specificity_test_0485:label_only_correct_to_cot_severe round 1: edit
[515/545] label_only_sft:rev_util_grounding_specificity:44:grounding_specificity_test_0485:label_only_correct_to_cot_severe round 1: review
[515/545] approved label_only_sft:rev_util_grounding_specificity:44:grounding_specificity_test_0485:label_only_correct_to_cot_severe
[516/545] label_only_sft:rev_util_grounding_specificity:44:grounding_specificity_test_0489:label_only_correct_to_cot_severe round 1: edit
[516/545] label_only_sft:rev_util_grounding_specificity:44:grounding_specificity_test_0489:label_only_correct_to_cot_severe round 1: review
[516/545] approved label_only_sft:rev_util_grounding_specificity:44:grounding_specificity_test_0489:label_only_correct_to_cot_severe
[517/545] label_only_sft:rev_util_grounding_specificity:44:grounding_specificity_test_0526:label_only_correct_to_cot_severe round 1: edit
[517/545] label_only_sft:rev_util_grounding_specificity:44:grounding_specificity_test_0526:label_only_correct_to_cot_severe round 1: review
[517/545] approved label_only_sft:rev_util_grounding_specificity:44:grounding_specificity_test_0526:label_only_correct_to_cot_severe
[518/545] label_only_sft:rev_util_grounding_specificity:44:grounding_specificity_test_0548:label_only_correct_to_cot_severe round 1: edit
[518/545] label_only_sft:rev_util_grounding_specificity:44:grounding_specificity_test_0548:label_only_correct_to_cot_severe round 1: review
[518/545] approved label_only_sft:rev_util_grounding_specificity:44:grounding_specificity_test_0548:label_only_correct_to_cot_severe
[519/545] label_only_sft:rev_util_grounding_specificity:44:grounding_specificity_test_0576:label_only_correct_to_cot_severe round 1: edit
[519/545] label_only_sft:rev_util_grounding_specificity:44:grounding_specificity_test_0576:label_only_correct_to_cot_severe round 1: review
[519/545] approved label_only_sft:rev_util_grounding_specificity:44:grounding_specificity_test_0576:label_only_correct_to_cot_severe
[520/545] label_only_sft:rev_util_grounding_specificity:44:grounding_specificity_test_0636:label_only_correct_to_cot_severe round 1: edit
[520/545] label_only_sft:rev_util_grounding_specificity:44:grounding_specificity_test_0636:label_only_correct_to_cot_severe round 1: review
[520/545] approved label_only_sft:rev_util_grounding_specificity:44:grounding_specificity_test_0636:label_only_correct_to_cot_severe
[521/545] label_only_sft:rev_util_grounding_specificity:44:grounding_specificity_test_0657:label_only_correct_to_cot_severe round 1: edit
[521/545] label_only_sft:rev_util_grounding_specificity:44:grounding_specificity_test_0657:label_only_correct_to_cot_severe round 1: review
[521/545] approved label_only_sft:rev_util_grounding_specificity:44:grounding_specificity_test_0657:label_only_correct_to_cot_severe
[522/545] label_only_sft:rev_util_grounding_specificity:44:grounding_specificity_test_0673:label_only_correct_to_cot_severe round 1: edit
[522/545] label_only_sft:rev_util_grounding_specificity:44:grounding_specificity_test_0673:label_only_correct_to_cot_severe round 1: review
[522/545] approved label_only_sft:rev_util_grounding_specificity:44:grounding_specificity_test_0673:label_only_correct_to_cot_severe
[523/545] label_only_sft:rev_util_grounding_specificity:44:grounding_specificity_test_0682:label_only_correct_to_cot_severe round 1: edit
[523/545] label_only_sft:rev_util_grounding_specificity:44:grounding_specificity_test_0682:label_only_correct_to_cot_severe round 1: review
[523/545] approved label_only_sft:rev_util_grounding_specificity:44:grounding_specificity_test_0682:label_only_correct_to_cot_severe
[524/545] label_only_sft:rev_util_grounding_specificity:44:grounding_specificity_test_0705:label_only_correct_to_cot_severe round 1: edit
[524/545] label_only_sft:rev_util_grounding_specificity:44:grounding_specificity_test_0705:label_only_correct_to_cot_severe round 1: review
[524/545] approved label_only_sft:rev_util_grounding_specificity:44:grounding_specificity_test_0705:label_only_correct_to_cot_severe
[525/545] label_only_sft:rev_util_grounding_specificity:44:grounding_specificity_test_0714:label_only_correct_to_cot_severe round 1: edit
[525/545] label_only_sft:rev_util_grounding_specificity:44:grounding_specificity_test_0714:label_only_correct_to_cot_severe round 1: review
[525/545] approved label_only_sft:rev_util_grounding_specificity:44:grounding_specificity_test_0714:label_only_correct_to_cot_severe
[526/545] label_only_sft:rev_util_grounding_specificity:44:grounding_specificity_test_0718:label_only_correct_to_cot_severe round 1: edit
[526/545] label_only_sft:rev_util_grounding_specificity:44:grounding_specificity_test_0718:label_only_correct_to_cot_severe round 1: review
[526/545] approved label_only_sft:rev_util_grounding_specificity:44:grounding_specificity_test_0718:label_only_correct_to_cot_severe
[527/545] label_only_sft:rev_util_grounding_specificity:44:grounding_specificity_test_0738:label_only_correct_to_cot_severe round 1: edit
[527/545] label_only_sft:rev_util_grounding_specificity:44:grounding_specificity_test_0738:label_only_correct_to_cot_severe round 1: review
[527/545] approved label_only_sft:rev_util_grounding_specificity:44:grounding_specificity_test_0738:label_only_correct_to_cot_severe
[528/545] label_only_sft:rev_util_grounding_specificity:44:grounding_specificity_test_0772:label_only_correct_to_cot_severe round 1: edit
[528/545] label_only_sft:rev_util_grounding_specificity:44:grounding_specificity_test_0772:label_only_correct_to_cot_severe round 1: review
[528/545] approved label_only_sft:rev_util_grounding_specificity:44:grounding_specificity_test_0772:label_only_correct_to_cot_severe
[529/545] label_only_sft:rev_util_grounding_specificity:44:grounding_specificity_test_0799:label_only_correct_to_cot_severe round 1: edit
[529/545] label_only_sft:rev_util_grounding_specificity:44:grounding_specificity_test_0799:label_only_correct_to_cot_severe round 1: review
[529/545] approved label_only_sft:rev_util_grounding_specificity:44:grounding_specificity_test_0799:label_only_correct_to_cot_severe
[530/545] label_only_sft:rev_util_grounding_specificity:44:grounding_specificity_test_0820:label_only_correct_to_cot_severe round 1: edit
[530/545] label_only_sft:rev_util_grounding_specificity:44:grounding_specificity_test_0820:label_only_correct_to_cot_severe round 1: review
[530/545] approved label_only_sft:rev_util_grounding_specificity:44:grounding_specificity_test_0820:label_only_correct_to_cot_severe
[531/545] label_only_sft:rev_util_grounding_specificity:44:grounding_specificity_test_0844:label_only_correct_to_cot_severe round 1: edit
[531/545] label_only_sft:rev_util_grounding_specificity:44:grounding_specificity_test_0844:label_only_correct_to_cot_severe round 1: review
[531/545] approved label_only_sft:rev_util_grounding_specificity:44:grounding_specificity_test_0844:label_only_correct_to_cot_severe
[532/545] label_only_sft:rev_util_grounding_specificity:44:grounding_specificity_test_0847:label_only_correct_to_cot_severe round 1: edit
[532/545] label_only_sft:rev_util_grounding_specificity:44:grounding_specificity_test_0847:label_only_correct_to_cot_severe round 1: review
[532/545] approved label_only_sft:rev_util_grounding_specificity:44:grounding_specificity_test_0847:label_only_correct_to_cot_severe
[533/545] label_only_sft:rev_util_grounding_specificity:44:grounding_specificity_test_0851:label_only_correct_to_cot_severe round 1: edit
[533/545] label_only_sft:rev_util_grounding_specificity:44:grounding_specificity_test_0851:label_only_correct_to_cot_severe round 1: review
[533/545] approved label_only_sft:rev_util_grounding_specificity:44:grounding_specificity_test_0851:label_only_correct_to_cot_severe
[534/545] label_only_sft:rev_util_grounding_specificity:44:grounding_specificity_test_0873:label_only_correct_to_cot_severe round 1: edit
[534/545] label_only_sft:rev_util_grounding_specificity:44:grounding_specificity_test_0873:label_only_correct_to_cot_severe round 1: review
[534/545] approved label_only_sft:rev_util_grounding_specificity:44:grounding_specificity_test_0873:label_only_correct_to_cot_severe
[535/545] label_only_sft:rev_util_grounding_specificity:44:grounding_specificity_test_0877:label_only_correct_to_cot_severe round 1: edit
[535/545] label_only_sft:rev_util_grounding_specificity:44:grounding_specificity_test_0877:label_only_correct_to_cot_severe round 1: review
[535/545] approved label_only_sft:rev_util_grounding_specificity:44:grounding_specificity_test_0877:label_only_correct_to_cot_severe
[536/545] label_only_sft:rev_util_grounding_specificity:44:grounding_specificity_test_0885:label_only_correct_to_cot_severe round 1: edit
[536/545] label_only_sft:rev_util_grounding_specificity:44:grounding_specificity_test_0885:label_only_correct_to_cot_severe round 1: review
[536/545] approved label_only_sft:rev_util_grounding_specificity:44:grounding_specificity_test_0885:label_only_correct_to_cot_severe
[537/545] label_only_sft:rev_util_grounding_specificity:44:grounding_specificity_test_0896:label_only_correct_to_cot_severe round 1: edit
[537/545] label_only_sft:rev_util_grounding_specificity:44:grounding_specificity_test_0896:label_only_correct_to_cot_severe round 1: review
[537/545] approved label_only_sft:rev_util_grounding_specificity:44:grounding_specificity_test_0896:label_only_correct_to_cot_severe
[538/545] label_only_sft:rev_util_grounding_specificity:44:grounding_specificity_test_0909:label_only_correct_to_cot_severe round 1: edit
[538/545] label_only_sft:rev_util_grounding_specificity:44:grounding_specificity_test_0909:label_only_correct_to_cot_severe round 1: review
[538/545] approved label_only_sft:rev_util_grounding_specificity:44:grounding_specificity_test_0909:label_only_correct_to_cot_severe
[539/545] label_only_sft:rev_util_grounding_specificity:44:grounding_specificity_test_0957:label_only_correct_to_cot_severe round 1: edit
[539/545] label_only_sft:rev_util_grounding_specificity:44:grounding_specificity_test_0957:label_only_correct_to_cot_severe round 1: review
[539/545] approved label_only_sft:rev_util_grounding_specificity:44:grounding_specificity_test_0957:label_only_correct_to_cot_severe
[540/545] label_only_sft:rev_util_verifiability:42:verifiability_test_0191:label_only_correct_to_cot_severe round 1: edit
[540/545] label_only_sft:rev_util_verifiability:42:verifiability_test_0191:label_only_correct_to_cot_severe round 1: review
[540/545] approved label_only_sft:rev_util_verifiability:42:verifiability_test_0191:label_only_correct_to_cot_severe
[541/545] label_only_sft:rev_util_verifiability:43:verifiability_test_0381:label_only_correct_to_cot_severe round 1: edit
[541/545] label_only_sft:rev_util_verifiability:43:verifiability_test_0381:label_only_correct_to_cot_severe round 1: review
[541/545] approved label_only_sft:rev_util_verifiability:43:verifiability_test_0381:label_only_correct_to_cot_severe
[542/545] label_only_sft:rev_util_verifiability:43:verifiability_test_0695:label_only_correct_to_cot_severe round 1: edit
[542/545] label_only_sft:rev_util_verifiability:43:verifiability_test_0695:label_only_correct_to_cot_severe round 1: review
[542/545] approved label_only_sft:rev_util_verifiability:43:verifiability_test_0695:label_only_correct_to_cot_severe
[543/545] label_only_sft:rev_util_verifiability:44:verifiability_test_0423:label_only_correct_to_cot_severe round 1: edit
[543/545] label_only_sft:rev_util_verifiability:44:verifiability_test_0423:label_only_correct_to_cot_severe round 1: review
[543/545] approved label_only_sft:rev_util_verifiability:44:verifiability_test_0423:label_only_correct_to_cot_severe
[544/545] label_only_sft:rev_util_verifiability:44:verifiability_test_0598:label_only_correct_to_cot_severe round 1: edit
[544/545] label_only_sft:rev_util_verifiability:44:verifiability_test_0598:label_only_correct_to_cot_severe round 1: review
[544/545] approved label_only_sft:rev_util_verifiability:44:verifiability_test_0598:label_only_correct_to_cot_severe
[545/545] label_only_sft:rev_util_verifiability:44:verifiability_test_0714:label_only_correct_to_cot_severe round 1: edit
[545/545] label_only_sft:rev_util_verifiability:44:verifiability_test_0714:label_only_correct_to_cot_severe round 1: review
[545/545] approved label_only_sft:rev_util_verifiability:44:verifiability_test_0714:label_only_correct_to_cot_severe
finished: approved=542/545, failed=3, output=/root/my-small-paper/outputs/analysis/interface_switch_harmful_samples_v2_remaining/corrected_harmful_samples.jsonl
