{
  "exp_name": "rw_gen_coherence_glm-5.2_lora_ckpt204",
  "backend": "vllm-merged",
  "model_name": "/data01/public/yangxin/small-paper/model/Qwen3-4B",
  "adapter": "/data01/public/yangxin/small-paper/train_outputs/lora/rw_gen_coherence/rw_gen_coherence#qwen3_4b#distill_glm-5.2__seed42__20260720T131544Z/checkpoints/checkpoint-204",
  "merged_model": "/data01/public/yangxin/small-paper/eval_data/.merged_models/eebbda6687331324",
  "dataset_file": "/data01/public/yangxin/small-paper/test_data/prompted_rw_gen_coherence_data.json",
  "seed": 42,
  "rollout": 1,
  "temp": 0.0,
  "top_p": 1.0,
  "max_model_len": 8192,
  "max_tokens": 512,
  "batch_size": 64,
  "gpu_memory_utilization": 0.9,
  "enable_thinking": false,
  "finished_at_utc": "2026-07-21T01:39:40.867007+00:00",
  "aggregate": {
    "samples": 1048,
    "accuracy": 0.7519083969465649,
    "macro_f1": 0.7563953488372093,
    "format_valid_rate": 0.9875954198473282,
    "per_class": {
      "0": {
        "precision": 0.78099173553719,
        "recall": 0.7213740458015268,
        "f1": 0.75,
        "support": 524
      },
      "1": {
        "precision": 0.7441016333938294,
        "recall": 0.7824427480916031,
        "f1": 0.7627906976744186,
        "support": 524
      }
    }
  },
  "rollouts": [
    {
      "samples": 1048,
      "accuracy": 0.7519083969465649,
      "macro_f1": 0.7563953488372093,
      "format_valid_rate": 0.9875954198473282,
      "per_class": {
        "0": {
          "precision": 0.78099173553719,
          "recall": 0.7213740458015268,
          "f1": 0.75,
          "support": 524
        },
        "1": {
          "precision": 0.7441016333938294,
          "recall": 0.7824427480916031,
          "f1": 0.7627906976744186,
          "support": 524
        }
      },
      "elapsed_sec": 187.415,
      "samples_per_sec": 5.592
    }
  ]
}
