cd /root/my-small-paper && python3 scripts/audit_scrs_rf_rationales.py --output-dir outputs/analysis/scrs_rf_rationale_audit_on_rs_harmful_v2 --judge-max-tokens 8192 --run-api; audit_status=$?; printf "status=%s\n" "$audit_status" > outputs/analysis/scrs_rf_rationale_audit_on_rs_harmful_v2/queue_status.txt
[?2004l[PREPARE] selected=338 output=/root/my-small-paper/outputs/analysis/scrs_rf_rationale_audit_on_rs_harmful_v2
[AUDIT] selected=338 existing=0 output=/root/my-small-paper/outputs/analysis/scrs_rf_rationale_audit_on_rs_harmful_v2
[REQUEST] success model=glm-5.3-flash source=content elapsed=139.8s support=supports_wrong_score
[REQUEST] success model=doubao-seed-2.0-lite source=content elapsed=36.5s support=supports_wrong_score
[PROGRESS] 1/338 complete=1 incomplete=337 elapsed=176.3s consensus=supports_wrong_score
[REQUEST] success model=glm-5.3-flash source=content elapsed=142.3s support=supports_wrong_score
[REQUEST] success model=doubao-seed-2.0-lite source=content elapsed=23.2s support=supports_wrong_score
[PROGRESS] 2/338 complete=2 incomplete=336 elapsed=341.8s consensus=supports_wrong_score
[REQUEST] success model=glm-5.3-flash source=content elapsed=18.2s support=supports_correct_score
[REQUEST] success model=doubao-seed-2.0-lite source=content elapsed=7.5s support=supports_correct_score
[PROGRESS] 3/338 complete=3 incomplete=335 elapsed=367.5s consensus=supports_correct_score
[REQUEST] failed model=glm-5.3-flash attempt=1/3 elapsed=180.8s error=HTTP Error 504: Gateway Time-out
[REQUEST] failed model=glm-5.3-flash attempt=2/3 elapsed=180.6s error=The read operation timed out
[REQUEST] failed model=glm-5.3-flash attempt=3/3 elapsed=176.9s error=No JSON object matched the judgment schema
[REQUEST] success model=doubao-seed-2.0-lite source=content elapsed=51.3s support=supports_wrong_score
[REQUEST] success model=MiniMax-M3 source=content elapsed=10.6s support=supports_wrong_score
[PROGRESS] 4/338 complete=4 incomplete=334 elapsed=973.7s consensus=supports_wrong_score
[REQUEST] failed model=glm-5.3-flash attempt=1/3 elapsed=180.8s error=The read operation timed out
[REQUEST] success model=glm-5.3-flash source=content elapsed=121.3s support=supports_wrong_score
[REQUEST] success model=doubao-seed-2.0-lite source=content elapsed=22.3s support=supports_wrong_score
[PROGRESS] 5/338 complete=5 incomplete=333 elapsed=1300.2s consensus=supports_wrong_score
[REQUEST] failed model=glm-5.3-flash attempt=1/3 elapsed=181.0s error=HTTP Error 504: Gateway Time-out
[REQUEST] failed model=glm-5.3-flash attempt=2/3 elapsed=180.7s error=The read operation timed out
[REQUEST] failed model=glm-5.3-flash attempt=3/3 elapsed=180.7s error=HTTP Error 504: Gateway Time-out
[REQUEST] success model=doubao-seed-2.0-lite source=content elapsed=30.4s support=supports_wrong_score
[REQUEST] success model=MiniMax-M3 source=content elapsed=6.9s support=supports_wrong_score
[PROGRESS] 6/338 complete=6 incomplete=332 elapsed=1885.8s consensus=supports_wrong_score
[REQUEST] success model=glm-5.3-flash source=content elapsed=92.0s support=supports_wrong_score
[REQUEST] success model=doubao-seed-2.0-lite source=content elapsed=20.4s support=supports_wrong_score
[PROGRESS] 7/338 complete=7 incomplete=331 elapsed=1998.2s consensus=supports_wrong_score
[REQUEST] success model=glm-5.3-flash source=content elapsed=68.2s support=supports_correct_score
[REQUEST] success model=doubao-seed-2.0-lite source=content elapsed=6.0s support=supports_correct_score
[PROGRESS] 8/338 complete=8 incomplete=330 elapsed=2072.5s consensus=supports_correct_score
[REQUEST] success model=glm-5.3-flash source=content elapsed=32.4s support=supports_correct_score
[REQUEST] success model=doubao-seed-2.0-lite source=content elapsed=9.5s support=supports_correct_score
[PROGRESS] 9/338 complete=9 incomplete=329 elapsed=2114.4s consensus=supports_correct_score
[REQUEST] success model=glm-5.3-flash source=content elapsed=57.8s support=supports_wrong_score
[REQUEST] success model=doubao-seed-2.0-lite source=content elapsed=19.7s support=supports_wrong_score
[PROGRESS] 10/338 complete=10 incomplete=328 elapsed=2192.0s consensus=supports_wrong_score
[REQUEST] success model=glm-5.3-flash source=content elapsed=77.6s support=supports_correct_score
[REQUEST] success model=doubao-seed-2.0-lite source=content elapsed=6.6s support=supports_correct_score
[PROGRESS] 11/338 complete=11 incomplete=327 elapsed=2276.3s consensus=supports_correct_score
[REQUEST] failed model=glm-5.3-flash attempt=1/3 elapsed=180.9s error=HTTP Error 504: Gateway Time-out
[REQUEST] failed model=glm-5.3-flash attempt=2/3 elapsed=180.8s error=HTTP Error 504: Gateway Time-out
[REQUEST] failed model=glm-5.3-flash attempt=3/3 elapsed=178.2s error=No JSON object matched the judgment schema
[REQUEST] success model=doubao-seed-2.0-lite source=content elapsed=34.1s support=supports_wrong_score
[REQUEST] success model=MiniMax-M3 source=content elapsed=8.0s support=supports_wrong_score
[PROGRESS] 12/338 complete=12 incomplete=326 elapsed=2864.4s consensus=supports_wrong_score
[REQUEST] failed model=glm-5.3-flash attempt=1/3 elapsed=180.6s error=The read operation timed out
[REQUEST] failed model=glm-5.3-flash attempt=2/3 elapsed=185.4s error=HTTP Error 504: Gateway Time-out
[REQUEST] success model=glm-5.3-flash source=content elapsed=162.5s support=supports_wrong_score
[REQUEST] success model=doubao-seed-2.0-lite source=content elapsed=25.7s support=supports_wrong_score
[PROGRESS] 13/338 complete=13 incomplete=325 elapsed=3424.6s consensus=supports_wrong_score
[REQUEST] success model=glm-5.3-flash source=content elapsed=56.1s support=supports_correct_score
[REQUEST] success model=doubao-seed-2.0-lite source=content elapsed=7.8s support=supports_correct_score
[PROGRESS] 14/338 complete=14 incomplete=324 elapsed=3488.4s consensus=supports_correct_score
[REQUEST] success model=glm-5.3-flash source=content elapsed=177.4s support=supports_wrong_score
[REQUEST] success model=doubao-seed-2.0-lite source=content elapsed=46.5s support=supports_wrong_score
[PROGRESS] 15/338 complete=15 incomplete=323 elapsed=3712.4s consensus=supports_wrong_score
[REQUEST] success model=glm-5.3-flash source=content elapsed=76.4s support=supports_correct_score
[REQUEST] success model=doubao-seed-2.0-lite source=content elapsed=8.9s support=supports_correct_score
[PROGRESS] 16/338 complete=16 incomplete=322 elapsed=3797.7s consensus=supports_correct_score
[REQUEST] success model=glm-5.3-flash source=content elapsed=130.4s support=supports_correct_score
[REQUEST] success model=doubao-seed-2.0-lite source=content elapsed=7.7s support=supports_correct_score
[PROGRESS] 17/338 complete=17 incomplete=321 elapsed=3935.9s consensus=supports_correct_score
[REQUEST] success model=glm-5.3-flash source=content elapsed=91.8s support=supports_wrong_score
[REQUEST] success model=doubao-seed-2.0-lite source=content elapsed=23.9s support=supports_wrong_score
[PROGRESS] 18/338 complete=18 incomplete=320 elapsed=4051.7s consensus=supports_wrong_score
[REQUEST] failed model=glm-5.3-flash attempt=1/3 elapsed=181.0s error=The read operation timed out
[REQUEST] success model=glm-5.3-flash source=content elapsed=171.9s support=supports_wrong_score
[REQUEST] success model=doubao-seed-2.0-lite source=content elapsed=32.1s support=supports_wrong_score
[PROGRESS] 19/338 complete=19 incomplete=319 elapsed=4438.7s consensus=supports_wrong_score
[REQUEST] success model=glm-5.3-flash source=content elapsed=31.7s support=supports_correct_score
[REQUEST] success model=doubao-seed-2.0-lite source=content elapsed=10.6s support=supports_correct_score
[PROGRESS] 20/338 complete=20 incomplete=318 elapsed=4481.0s consensus=supports_correct_score
[REQUEST] failed model=glm-5.3-flash attempt=1/3 elapsed=180.7s error=HTTP Error 504: Gateway Time-out
[REQUEST] failed model=glm-5.3-flash attempt=2/3 elapsed=180.9s error=HTTP Error 504: Gateway Time-out
[REQUEST] failed model=glm-5.3-flash attempt=3/3 elapsed=185.2s error=The read operation timed out
[REQUEST] success model=doubao-seed-2.0-lite source=content elapsed=23.9s support=supports_wrong_score
[REQUEST] success model=MiniMax-M3 source=content elapsed=12.5s support=supports_wrong_score
[PROGRESS] 21/338 complete=21 incomplete=317 elapsed=5070.2s consensus=supports_wrong_score
[REQUEST] success model=glm-5.3-flash source=content elapsed=78.0s support=supports_correct_score
[REQUEST] success model=doubao-seed-2.0-lite source=content elapsed=6.7s support=supports_correct_score
[PROGRESS] 22/338 complete=22 incomplete=316 elapsed=5154.9s consensus=supports_correct_score
[REQUEST] success model=glm-5.3-flash source=content elapsed=23.2s support=supports_correct_score
[REQUEST] success model=doubao-seed-2.0-lite source=content elapsed=8.8s support=supports_correct_score
[PROGRESS] 23/338 complete=23 incomplete=315 elapsed=5187.0s consensus=supports_correct_score
[REQUEST] success model=glm-5.3-flash source=content elapsed=86.2s support=supports_correct_score
[REQUEST] success model=doubao-seed-2.0-lite source=content elapsed=8.3s support=supports_correct_score
[PROGRESS] 24/338 complete=24 incomplete=314 elapsed=5281.4s consensus=supports_correct_score
[REQUEST] success model=glm-5.3-flash source=content elapsed=156.7s support=supports_wrong_score
[REQUEST] success model=doubao-seed-2.0-lite source=content elapsed=23.8s support=supports_wrong_score
[PROGRESS] 25/338 complete=25 incomplete=313 elapsed=5461.9s consensus=supports_wrong_score
[REQUEST] success model=glm-5.3-flash source=content elapsed=170.2s support=supports_wrong_score
[REQUEST] success model=doubao-seed-2.0-lite source=content elapsed=21.2s support=supports_wrong_score
[PROGRESS] 26/338 complete=26 incomplete=312 elapsed=5653.2s consensus=supports_wrong_score
[REQUEST] success model=glm-5.3-flash source=reasoning_content elapsed=176.1s support=supports_wrong_score
[REQUEST] success model=doubao-seed-2.0-lite source=content elapsed=27.7s support=supports_wrong_score
[PROGRESS] 27/338 complete=27 incomplete=311 elapsed=5857.1s consensus=supports_wrong_score
[REQUEST] success model=glm-5.3-flash source=content elapsed=57.2s support=supports_correct_score
[REQUEST] success model=doubao-seed-2.0-lite source=content elapsed=7.7s support=supports_correct_score
[PROGRESS] 28/338 complete=28 incomplete=310 elapsed=5922.0s consensus=supports_correct_score
[REQUEST] failed model=glm-5.3-flash attempt=1/3 elapsed=180.6s error=The read operation timed out
[REQUEST] success model=glm-5.3-flash source=content elapsed=140.6s support=supports_wrong_score
[REQUEST] success model=doubao-seed-2.0-lite source=content elapsed=28.5s support=supports_wrong_score
[PROGRESS] 29/338 complete=29 incomplete=309 elapsed=6273.7s consensus=supports_wrong_score
[REQUEST] success model=glm-5.3-flash source=content elapsed=119.2s support=supports_wrong_score
[REQUEST] success model=doubao-seed-2.0-lite source=content elapsed=27.0s support=supports_wrong_score
[PROGRESS] 30/338 complete=30 incomplete=308 elapsed=6419.9s consensus=supports_wrong_score
[REQUEST] success model=glm-5.3-flash source=content elapsed=67.2s support=supports_correct_score
[REQUEST] success model=doubao-seed-2.0-lite source=content elapsed=8.7s support=supports_correct_score
[PROGRESS] 31/338 complete=31 incomplete=307 elapsed=6495.8s consensus=supports_correct_score
[REQUEST] failed model=glm-5.3-flash attempt=1/3 elapsed=180.6s error=The read operation timed out
[REQUEST] failed model=glm-5.3-flash attempt=2/3 elapsed=180.9s error=The read operation timed out
[REQUEST] success model=glm-5.3-flash source=content elapsed=166.9s support=supports_wrong_score
[REQUEST] success model=doubao-seed-2.0-lite source=content elapsed=28.0s support=supports_wrong_score
[PROGRESS] 32/338 complete=32 incomplete=306 elapsed=7058.4s consensus=supports_wrong_score
[REQUEST] success model=glm-5.3-flash source=content elapsed=80.6s support=supports_wrong_score
[REQUEST] success model=doubao-seed-2.0-lite source=content elapsed=25.0s support=supports_wrong_score
[PROGRESS] 33/338 complete=33 incomplete=305 elapsed=7163.9s consensus=supports_wrong_score
[REQUEST] failed model=glm-5.3-flash attempt=1/3 elapsed=161.4s error=No JSON object matched the judgment schema
[REQUEST] failed model=glm-5.3-flash attempt=2/3 elapsed=154.9s error=No JSON object matched the judgment schema
[REQUEST] success model=glm-5.3-flash source=reasoning_content elapsed=163.6s support=supports_wrong_score
[REQUEST] success model=doubao-seed-2.0-lite source=content elapsed=32.1s support=supports_wrong_score
[PROGRESS] 34/338 complete=34 incomplete=304 elapsed=7681.9s consensus=supports_wrong_score
[REQUEST] failed model=glm-5.3-flash attempt=1/3 elapsed=180.9s error=HTTP Error 504: Gateway Time-out
[REQUEST] failed model=glm-5.3-flash attempt=2/3 elapsed=181.0s error=The read operation timed out
[REQUEST] failed model=glm-5.3-flash attempt=3/3 elapsed=180.8s error=The read operation timed out
[REQUEST] success model=doubao-seed-2.0-lite source=content elapsed=33.6s support=supports_wrong_score
[REQUEST] success model=MiniMax-M3 source=content elapsed=13.9s support=supports_wrong_score
[PROGRESS] 35/338 complete=35 incomplete=303 elapsed=8278.2s consensus=supports_wrong_score
[REQUEST] failed model=glm-5.3-flash attempt=1/3 elapsed=180.7s error=HTTP Error 504: Gateway Time-out
[REQUEST] failed model=glm-5.3-flash attempt=2/3 elapsed=181.1s error=The read operation timed out
[REQUEST] failed model=glm-5.3-flash attempt=3/3 elapsed=181.0s error=HTTP Error 504: Gateway Time-out
[REQUEST] success model=doubao-seed-2.0-lite source=content elapsed=34.5s support=supports_wrong_score
[REQUEST] success model=MiniMax-M3 source=content elapsed=14.8s support=supports_wrong_score
[PROGRESS] 36/338 complete=36 incomplete=302 elapsed=8876.3s consensus=supports_wrong_score
[REQUEST] success model=glm-5.3-flash source=content elapsed=25.1s support=supports_correct_score
[REQUEST] success model=doubao-seed-2.0-lite source=content elapsed=13.1s support=supports_correct_score
[PROGRESS] 37/338 complete=37 incomplete=301 elapsed=8914.5s consensus=supports_correct_score
[REQUEST] success model=glm-5.3-flash source=content elapsed=68.8s support=supports_wrong_score
[REQUEST] success model=doubao-seed-2.0-lite source=content elapsed=14.3s support=supports_wrong_score
[PROGRESS] 38/338 complete=38 incomplete=300 elapsed=8997.6s consensus=supports_wrong_score
[REQUEST] success model=glm-5.3-flash source=content elapsed=136.3s support=supports_wrong_score
[REQUEST] success model=doubao-seed-2.0-lite source=content elapsed=29.6s support=supports_wrong_score
[PROGRESS] 39/338 complete=39 incomplete=299 elapsed=9163.5s consensus=supports_wrong_score
[REQUEST] success model=glm-5.3-flash source=content elapsed=79.8s support=supports_wrong_score
[REQUEST] success model=doubao-seed-2.0-lite source=content elapsed=26.4s support=supports_wrong_score
[PROGRESS] 40/338 complete=40 incomplete=298 elapsed=9269.8s consensus=supports_wrong_score
[REQUEST] success model=glm-5.3-flash source=content elapsed=38.1s support=supports_correct_score
[REQUEST] success model=doubao-seed-2.0-lite source=content elapsed=7.6s support=supports_correct_score
[PROGRESS] 41/338 complete=41 incomplete=297 elapsed=9315.6s consensus=supports_correct_score
[REQUEST] success model=glm-5.3-flash source=content elapsed=161.7s support=supports_wrong_score
[REQUEST] success model=doubao-seed-2.0-lite source=content elapsed=22.4s support=supports_wrong_score
[PROGRESS] 42/338 complete=42 incomplete=296 elapsed=9499.7s consensus=supports_wrong_score
[REQUEST] success model=glm-5.3-flash source=content elapsed=42.3s support=supports_correct_score
[REQUEST] success model=doubao-seed-2.0-lite source=content elapsed=5.1s support=supports_correct_score
[PROGRESS] 43/338 complete=43 incomplete=295 elapsed=9547.1s consensus=supports_correct_score
[REQUEST] success model=glm-5.3-flash source=content elapsed=109.5s support=supports_wrong_score
[REQUEST] success model=doubao-seed-2.0-lite source=content elapsed=18.9s support=supports_wrong_score
[PROGRESS] 44/338 complete=44 incomplete=294 elapsed=9675.8s consensus=supports_wrong_score
[REQUEST] failed model=glm-5.3-flash attempt=1/3 elapsed=180.6s error=The read operation timed out
[REQUEST] success model=glm-5.3-flash source=content elapsed=171.2s support=supports_wrong_score
[REQUEST] success model=doubao-seed-2.0-lite source=content elapsed=23.1s support=supports_wrong_score
[PROGRESS] 45/338 complete=45 incomplete=293 elapsed=10052.9s consensus=supports_wrong_score
[REQUEST] failed model=glm-5.3-flash attempt=1/3 elapsed=180.7s error=The read operation timed out
[REQUEST] success model=glm-5.3-flash source=content elapsed=138.4s support=supports_wrong_score
[REQUEST] success model=doubao-seed-2.0-lite source=content elapsed=20.6s support=supports_wrong_score
[PROGRESS] 46/338 complete=46 incomplete=292 elapsed=10394.6s consensus=supports_wrong_score
[REQUEST] success model=glm-5.3-flash source=content elapsed=60.6s support=supports_correct_score
[REQUEST] success model=doubao-seed-2.0-lite source=content elapsed=5.0s support=supports_correct_score
[PROGRESS] 47/338 complete=47 incomplete=291 elapsed=10460.3s consensus=supports_correct_score
[REQUEST] failed model=glm-5.3-flash attempt=1/3 elapsed=180.7s error=HTTP Error 504: Gateway Time-out
[REQUEST] failed model=glm-5.3-flash attempt=2/3 elapsed=185.4s error=HTTP Error 504: Gateway Time-out
[REQUEST] failed model=glm-5.3-flash attempt=3/3 elapsed=185.3s error=HTTP Error 504: Gateway Time-out
[REQUEST] success model=doubao-seed-2.0-lite source=content elapsed=25.5s support=supports_wrong_score
[REQUEST] success model=MiniMax-M3 source=content elapsed=12.9s support=supports_wrong_score
[PROGRESS] 48/338 complete=48 incomplete=290 elapsed=11056.0s consensus=supports_wrong_score
[REQUEST] failed model=glm-5.3-flash attempt=1/3 elapsed=180.7s error=HTTP Error 504: Gateway Time-out
[REQUEST] failed model=glm-5.3-flash attempt=2/3 elapsed=181.4s error=HTTP Error 504: Gateway Time-out
[REQUEST] failed model=glm-5.3-flash attempt=3/3 elapsed=180.6s error=The read operation timed out
[REQUEST] success model=doubao-seed-2.0-lite source=content elapsed=24.8s support=supports_wrong_score
[REQUEST] success model=MiniMax-M3 source=content elapsed=10.1s support=supports_wrong_score
[PROGRESS] 49/338 complete=49 incomplete=289 elapsed=11639.8s consensus=supports_wrong_score
[REQUEST] failed model=glm-5.3-flash attempt=1/3 elapsed=180.7s error=HTTP Error 504: Gateway Time-out
[REQUEST] failed model=glm-5.3-flash attempt=2/3 elapsed=180.7s error=The read operation timed out
[REQUEST] failed model=glm-5.3-flash attempt=3/3 elapsed=185.3s error=HTTP Error 504: Gateway Time-out
[REQUEST] success model=doubao-seed-2.0-lite source=content elapsed=14.4s support=supports_wrong_score
[REQUEST] success model=MiniMax-M3 source=content elapsed=18.0s support=supports_wrong_score
[PROGRESS] 50/338 complete=50 incomplete=288 elapsed=12224.9s consensus=supports_wrong_score
[REQUEST] success model=glm-5.3-flash source=content elapsed=150.9s support=supports_wrong_score
[REQUEST] success model=doubao-seed-2.0-lite source=content elapsed=21.0s support=supports_wrong_score
[PROGRESS] 51/338 complete=51 incomplete=287 elapsed=12396.9s consensus=supports_wrong_score
[REQUEST] success model=glm-5.3-flash source=content elapsed=122.9s support=supports_correct_score
[REQUEST] success model=doubao-seed-2.0-lite source=content elapsed=5.5s support=supports_correct_score
[PROGRESS] 52/338 complete=52 incomplete=286 elapsed=12525.4s consensus=supports_correct_score
[REQUEST] failed model=glm-5.3-flash attempt=1/3 elapsed=180.8s error=HTTP Error 504: Gateway Time-out
[REQUEST] success model=glm-5.3-flash source=content elapsed=31.1s support=supports_correct_score
[REQUEST] success model=doubao-seed-2.0-lite source=content elapsed=7.2s support=supports_correct_score
[PROGRESS] 53/338 complete=53 incomplete=285 elapsed=12746.5s consensus=supports_correct_score
[REQUEST] success model=glm-5.3-flash source=content elapsed=67.9s support=supports_correct_score
[REQUEST] success model=doubao-seed-2.0-lite source=content elapsed=12.5s support=supports_correct_score
[PROGRESS] 54/338 complete=54 incomplete=284 elapsed=12826.9s consensus=supports_correct_score
[REQUEST] failed model=glm-5.3-flash attempt=1/3 elapsed=180.9s error=The read operation timed out
[REQUEST] failed model=glm-5.3-flash attempt=2/3 elapsed=180.9s error=HTTP Error 504: Gateway Time-out
[REQUEST] success model=glm-5.3-flash source=content elapsed=143.4s support=supports_wrong_score
[REQUEST] success model=doubao-seed-2.0-lite source=content elapsed=28.6s support=supports_wrong_score
[PROGRESS] 55/338 complete=55 incomplete=283 elapsed=13366.8s consensus=supports_wrong_score
[REQUEST] failed model=glm-5.3-flash attempt=1/3 elapsed=185.3s error=The read operation timed out
[REQUEST] success model=glm-5.3-flash source=content elapsed=112.8s support=supports_wrong_score
[REQUEST] success model=doubao-seed-2.0-lite source=content elapsed=33.6s support=supports_wrong_score
[PROGRESS] 56/338 complete=56 incomplete=282 elapsed=13700.5s consensus=supports_wrong_score
[REQUEST] success model=glm-5.3-flash source=content elapsed=95.6s support=supports_correct_score
[REQUEST] success model=doubao-seed-2.0-lite source=content elapsed=9.6s support=supports_correct_score
[PROGRESS] 57/338 complete=57 incomplete=281 elapsed=13805.8s consensus=supports_correct_score
[REQUEST] success model=glm-5.3-flash source=content elapsed=117.0s support=supports_wrong_score
[REQUEST] success model=doubao-seed-2.0-lite source=content elapsed=19.9s support=supports_wrong_score
[PROGRESS] 58/338 complete=58 incomplete=280 elapsed=13942.7s consensus=supports_wrong_score
[REQUEST] success model=glm-5.3-flash source=content elapsed=68.2s support=supports_correct_score
[REQUEST] success model=doubao-seed-2.0-lite source=content elapsed=11.5s support=supports_correct_score
[PROGRESS] 59/338 complete=59 incomplete=279 elapsed=14022.4s consensus=supports_correct_score
[REQUEST] success model=glm-5.3-flash source=content elapsed=53.3s support=supports_correct_score
[REQUEST] success model=doubao-seed-2.0-lite source=content elapsed=6.3s support=supports_correct_score
[PROGRESS] 60/338 complete=60 incomplete=278 elapsed=14082.0s consensus=supports_correct_score
[REQUEST] failed model=glm-5.3-flash attempt=1/3 elapsed=180.8s error=The read operation timed out
[REQUEST] failed model=glm-5.3-flash attempt=2/3 elapsed=180.7s error=The read operation timed out
[REQUEST] failed model=glm-5.3-flash attempt=3/3 elapsed=181.0s error=The read operation timed out
[REQUEST] success model=doubao-seed-2.0-lite source=content elapsed=26.7s support=supports_wrong_score
[REQUEST] success model=MiniMax-M3 source=content elapsed=4.8s support=supports_correct_score
[PROGRESS] 61/338 complete=60 incomplete=278 elapsed=14662.0s consensus=-
[REQUEST] success model=glm-5.3-flash source=content elapsed=161.2s support=supports_correct_score
[REQUEST] success model=doubao-seed-2.0-lite source=content elapsed=5.6s support=supports_correct_score
[PROGRESS] 62/338 complete=61 incomplete=277 elapsed=14828.8s consensus=supports_correct_score
[REQUEST] failed model=glm-5.3-flash attempt=1/3 elapsed=181.0s error=HTTP Error 504: Gateway Time-out
[REQUEST] failed model=glm-5.3-flash attempt=2/3 elapsed=181.5s error=The read operation timed out
[REQUEST] failed model=glm-5.3-flash attempt=3/3 elapsed=180.7s error=HTTP Error 504: Gateway Time-out
[REQUEST] success model=doubao-seed-2.0-lite source=content elapsed=29.3s support=supports_wrong_score
[REQUEST] success model=MiniMax-M3 source=content elapsed=26.0s support=supports_correct_score
[PROGRESS] 63/338 complete=61 incomplete=277 elapsed=15433.5s consensus=-
[REQUEST] failed model=glm-5.3-flash attempt=1/3 elapsed=180.8s error=HTTP Error 504: Gateway Time-out
[REQUEST] failed model=glm-5.3-flash attempt=2/3 elapsed=181.0s error=The read operation timed out
[REQUEST] failed model=glm-5.3-flash attempt=3/3 elapsed=181.8s error=The read operation timed out
[REQUEST] success model=doubao-seed-2.0-lite source=content elapsed=27.7s support=supports_wrong_score
[REQUEST] success model=MiniMax-M3 source=content elapsed=8.8s support=supports_wrong_score
[PROGRESS] 64/338 complete=62 incomplete=276 elapsed=16019.6s consensus=supports_wrong_score
[REQUEST] failed model=glm-5.3-flash attempt=1/3 elapsed=180.8s error=The read operation timed out
[REQUEST] failed model=glm-5.3-flash attempt=2/3 elapsed=180.7s error=The read operation timed out
[REQUEST] failed model=glm-5.3-flash attempt=3/3 elapsed=180.7s error=The read operation timed out
[REQUEST] success model=doubao-seed-2.0-lite source=content elapsed=25.9s support=supports_wrong_score
[REQUEST] success model=MiniMax-M3 source=content elapsed=9.9s support=supports_wrong_score
[PROGRESS] 65/338 complete=63 incomplete=275 elapsed=16603.7s consensus=supports_wrong_score
[REQUEST] failed model=glm-5.3-flash attempt=1/3 elapsed=180.7s error=The read operation timed out
[REQUEST] failed model=glm-5.3-flash attempt=2/3 elapsed=181.0s error=HTTP Error 504: Gateway Time-out
[REQUEST] failed model=glm-5.3-flash attempt=3/3 elapsed=181.0s error=The read operation timed out
[REQUEST] success model=doubao-seed-2.0-lite source=content elapsed=24.3s support=supports_wrong_score
[REQUEST] success model=MiniMax-M3 source=content elapsed=13.9s support=supports_wrong_score
[PROGRESS] 66/338 complete=64 incomplete=274 elapsed=17190.9s consensus=supports_wrong_score
[REQUEST] success model=glm-5.3-flash source=content elapsed=23.6s support=supports_correct_score
[REQUEST] success model=doubao-seed-2.0-lite source=content elapsed=7.3s support=supports_correct_score
[PROGRESS] 67/338 complete=65 incomplete=273 elapsed=17221.8s consensus=supports_correct_score
[REQUEST] success model=glm-5.3-flash source=content elapsed=104.7s support=supports_correct_score
[REQUEST] success model=doubao-seed-2.0-lite source=content elapsed=7.6s support=supports_correct_score
[PROGRESS] 68/338 complete=66 incomplete=272 elapsed=17334.3s consensus=supports_correct_score
[REQUEST] success model=glm-5.3-flash source=content elapsed=28.2s support=supports_correct_score
[REQUEST] success model=doubao-seed-2.0-lite source=content elapsed=12.1s support=supports_correct_score
[PROGRESS] 69/338 complete=67 incomplete=271 elapsed=17374.9s consensus=supports_correct_score
[REQUEST] success model=glm-5.3-flash source=content elapsed=92.9s support=supports_wrong_score
[REQUEST] success model=doubao-seed-2.0-lite source=content elapsed=27.4s support=supports_wrong_score
[PROGRESS] 70/338 complete=68 incomplete=270 elapsed=17495.2s consensus=supports_wrong_score
[REQUEST] success model=glm-5.3-flash source=content elapsed=132.1s support=supports_wrong_score
[REQUEST] success model=doubao-seed-2.0-lite source=content elapsed=33.5s support=supports_wrong_score
[PROGRESS] 71/338 complete=69 incomplete=269 elapsed=17660.9s consensus=supports_wrong_score
[REQUEST] success model=glm-5.3-flash source=content elapsed=31.6s support=supports_correct_score
[REQUEST] success model=doubao-seed-2.0-lite source=content elapsed=7.8s support=supports_correct_score
[PROGRESS] 72/338 complete=70 incomplete=268 elapsed=17700.3s consensus=supports_correct_score
[REQUEST] success model=glm-5.3-flash source=content elapsed=34.7s support=supports_correct_score
[REQUEST] success model=doubao-seed-2.0-lite source=content elapsed=8.2s support=supports_correct_score
[PROGRESS] 73/338 complete=71 incomplete=267 elapsed=17743.3s consensus=supports_correct_score
[REQUEST] success model=glm-5.3-flash source=content elapsed=108.9s support=supports_wrong_score
[REQUEST] success model=doubao-seed-2.0-lite source=content elapsed=20.5s support=supports_wrong_score
[PROGRESS] 74/338 complete=72 incomplete=266 elapsed=17872.8s consensus=supports_wrong_score
[REQUEST] success model=glm-5.3-flash source=content elapsed=36.4s support=supports_correct_score
[REQUEST] success model=doubao-seed-2.0-lite source=content elapsed=15.1s support=supports_correct_score
[PROGRESS] 75/338 complete=73 incomplete=265 elapsed=17924.3s consensus=supports_correct_score
[REQUEST] success model=glm-5.3-flash source=content elapsed=68.6s support=supports_correct_score
[REQUEST] success model=doubao-seed-2.0-lite source=content elapsed=5.1s support=supports_correct_score
[PROGRESS] 76/338 complete=74 incomplete=264 elapsed=17998.1s consensus=supports_correct_score
[REQUEST] success model=glm-5.3-flash source=content elapsed=90.3s support=supports_wrong_score
[REQUEST] success model=doubao-seed-2.0-lite source=content elapsed=34.1s support=supports_wrong_score
[PROGRESS] 77/338 complete=75 incomplete=263 elapsed=18122.6s consensus=supports_wrong_score
[REQUEST] failed model=glm-5.3-flash attempt=1/3 elapsed=180.7s error=HTTP Error 504: Gateway Time-out
[REQUEST] success model=glm-5.3-flash source=content elapsed=103.3s support=supports_wrong_score
[REQUEST] success model=doubao-seed-2.0-lite source=content elapsed=36.0s support=supports_wrong_score
[PROGRESS] 78/338 complete=76 incomplete=262 elapsed=18444.6s consensus=supports_wrong_score
[REQUEST] success model=glm-5.3-flash source=content elapsed=48.8s support=supports_correct_score
[REQUEST] success model=doubao-seed-2.0-lite source=content elapsed=6.3s support=supports_correct_score
[PROGRESS] 79/338 complete=77 incomplete=261 elapsed=18499.7s consensus=supports_correct_score
[REQUEST] success model=glm-5.3-flash source=content elapsed=75.6s support=supports_correct_score
[REQUEST] success model=doubao-seed-2.0-lite source=content elapsed=8.2s support=supports_correct_score
[PROGRESS] 80/338 complete=78 incomplete=260 elapsed=18583.5s consensus=supports_correct_score
[REQUEST] success model=glm-5.3-flash source=content elapsed=148.5s support=supports_wrong_score
[REQUEST] success model=doubao-seed-2.0-lite source=content elapsed=32.8s support=supports_wrong_score
[PROGRESS] 81/338 complete=79 incomplete=259 elapsed=18764.8s consensus=supports_wrong_score
[REQUEST] failed model=glm-5.3-flash attempt=1/3 elapsed=180.7s error=The read operation timed out
[REQUEST] success model=glm-5.3-flash source=content elapsed=94.0s support=supports_wrong_score
[REQUEST] success model=doubao-seed-2.0-lite source=content elapsed=22.9s support=supports_wrong_score
[PROGRESS] 82/338 complete=80 incomplete=258 elapsed=19064.4s consensus=supports_wrong_score
[REQUEST] success model=glm-5.3-flash source=content elapsed=128.3s support=supports_wrong_score
[REQUEST] success model=doubao-seed-2.0-lite source=content elapsed=22.2s support=supports_wrong_score
[PROGRESS] 83/338 complete=81 incomplete=257 elapsed=19214.9s consensus=supports_wrong_score
[REQUEST] success model=glm-5.3-flash source=content elapsed=121.4s support=supports_wrong_score
[REQUEST] success model=doubao-seed-2.0-lite source=content elapsed=20.0s support=supports_wrong_score
[PROGRESS] 84/338 complete=82 incomplete=256 elapsed=19356.3s consensus=supports_wrong_score
[REQUEST] failed model=glm-5.3-flash attempt=1/3 elapsed=180.7s error=The read operation timed out
[REQUEST] success model=glm-5.3-flash source=content elapsed=178.9s support=supports_wrong_score
[REQUEST] success model=doubao-seed-2.0-lite source=content elapsed=33.9s support=supports_wrong_score
[PROGRESS] 85/338 complete=83 incomplete=255 elapsed=19751.8s consensus=supports_wrong_score
[REQUEST] success model=glm-5.3-flash source=content elapsed=71.3s support=supports_wrong_score
[REQUEST] success model=doubao-seed-2.0-lite source=content elapsed=21.7s support=supports_wrong_score
[PROGRESS] 86/338 complete=84 incomplete=254 elapsed=19844.9s consensus=supports_wrong_score
[REQUEST] success model=glm-5.3-flash source=content elapsed=66.6s support=supports_correct_score
[REQUEST] success model=doubao-seed-2.0-lite source=content elapsed=9.2s support=supports_correct_score
[PROGRESS] 87/338 complete=85 incomplete=253 elapsed=19920.6s consensus=supports_correct_score
[REQUEST] success model=glm-5.3-flash source=content elapsed=126.7s support=supports_wrong_score
[REQUEST] success model=doubao-seed-2.0-lite source=content elapsed=22.7s support=supports_wrong_score
[PROGRESS] 88/338 complete=86 incomplete=252 elapsed=20070.0s consensus=supports_wrong_score
[REQUEST] success model=glm-5.3-flash source=content elapsed=149.2s support=supports_wrong_score
[REQUEST] success model=doubao-seed-2.0-lite source=content elapsed=34.7s support=supports_wrong_score
[PROGRESS] 89/338 complete=87 incomplete=251 elapsed=20254.0s consensus=supports_wrong_score
[REQUEST] success model=glm-5.3-flash source=content elapsed=57.8s support=supports_correct_score
[REQUEST] success model=doubao-seed-2.0-lite source=content elapsed=10.1s support=supports_correct_score
[PROGRESS] 90/338 complete=88 incomplete=250 elapsed=20321.9s consensus=supports_correct_score
[REQUEST] failed model=glm-5.3-flash attempt=1/3 elapsed=180.8s error=HTTP Error 504: Gateway Time-out
[REQUEST] success model=glm-5.3-flash source=content elapsed=131.7s support=supports_wrong_score
[REQUEST] success model=doubao-seed-2.0-lite source=content elapsed=22.6s support=supports_wrong_score
[PROGRESS] 91/338 complete=89 incomplete=249 elapsed=20659.0s consensus=supports_wrong_score
[REQUEST] success model=glm-5.3-flash source=content elapsed=48.7s support=supports_correct_score
[REQUEST] success model=doubao-seed-2.0-lite source=content elapsed=7.7s support=supports_correct_score
[PROGRESS] 92/338 complete=90 incomplete=248 elapsed=20715.4s consensus=supports_correct_score
[REQUEST] success model=glm-5.3-flash source=content elapsed=125.3s support=supports_wrong_score
[REQUEST] success model=doubao-seed-2.0-lite source=content elapsed=31.3s support=supports_wrong_score
[PROGRESS] 93/338 complete=91 incomplete=247 elapsed=20872.2s consensus=supports_wrong_score
[REQUEST] success model=glm-5.3-flash source=content elapsed=109.3s support=supports_wrong_score
[REQUEST] success model=doubao-seed-2.0-lite source=content elapsed=23.7s support=supports_wrong_score
[PROGRESS] 94/338 complete=92 incomplete=246 elapsed=21005.2s consensus=supports_wrong_score
[REQUEST] success model=glm-5.3-flash source=content elapsed=121.5s support=supports_wrong_score
[REQUEST] success model=doubao-seed-2.0-lite source=content elapsed=24.5s support=supports_wrong_score
[PROGRESS] 95/338 complete=93 incomplete=245 elapsed=21151.3s consensus=supports_wrong_score
[REQUEST] success model=glm-5.3-flash source=content elapsed=99.5s support=supports_wrong_score
[REQUEST] success model=doubao-seed-2.0-lite source=content elapsed=22.3s support=supports_wrong_score
[PROGRESS] 96/338 complete=94 incomplete=244 elapsed=21273.1s consensus=supports_wrong_score
[REQUEST] success model=glm-5.3-flash source=content elapsed=132.6s support=supports_wrong_score
[REQUEST] success model=doubao-seed-2.0-lite source=content elapsed=24.5s support=supports_wrong_score
[PROGRESS] 97/338 complete=95 incomplete=243 elapsed=21430.2s consensus=supports_wrong_score
[REQUEST] success model=glm-5.3-flash source=content elapsed=79.2s support=supports_wrong_score
[REQUEST] success model=doubao-seed-2.0-lite source=content elapsed=26.3s support=supports_wrong_score
[PROGRESS] 98/338 complete=96 incomplete=242 elapsed=21535.7s consensus=supports_wrong_score
[REQUEST] success model=glm-5.3-flash source=content elapsed=52.4s support=supports_correct_score
[REQUEST] success model=doubao-seed-2.0-lite source=content elapsed=5.9s support=supports_correct_score
[PROGRESS] 99/338 complete=97 incomplete=241 elapsed=21594.1s consensus=supports_correct_score
[REQUEST] failed model=glm-5.3-flash attempt=1/3 elapsed=180.8s error=HTTP Error 504: Gateway Time-out
[REQUEST] success model=glm-5.3-flash source=content elapsed=175.8s support=supports_wrong_score
[REQUEST] success model=doubao-seed-2.0-lite source=content elapsed=16.0s support=supports_wrong_score
[PROGRESS] 100/338 complete=98 incomplete=240 elapsed=21968.8s consensus=supports_wrong_score
[REQUEST] success model=glm-5.3-flash source=content elapsed=44.0s support=supports_correct_score
[REQUEST] success model=doubao-seed-2.0-lite source=content elapsed=12.6s support=supports_correct_score
[PROGRESS] 101/338 complete=99 incomplete=239 elapsed=22025.4s consensus=supports_correct_score
[REQUEST] failed model=glm-5.3-flash attempt=1/3 elapsed=181.0s error=HTTP Error 504: Gateway Time-out
[REQUEST] success model=glm-5.3-flash source=content elapsed=155.5s support=supports_wrong_score
[REQUEST] success model=doubao-seed-2.0-lite source=content elapsed=32.7s support=supports_wrong_score
[PROGRESS] 102/338 complete=100 incomplete=238 elapsed=22396.6s consensus=supports_wrong_score
[REQUEST] success model=glm-5.3-flash source=content elapsed=84.0s support=supports_correct_score
[REQUEST] success model=doubao-seed-2.0-lite source=content elapsed=8.8s support=supports_correct_score
[PROGRESS] 103/338 complete=101 incomplete=237 elapsed=22489.4s consensus=supports_correct_score
[REQUEST] success model=glm-5.3-flash source=content elapsed=137.9s support=supports_wrong_score
[REQUEST] success model=doubao-seed-2.0-lite source=content elapsed=30.1s support=supports_wrong_score
[PROGRESS] 104/338 complete=102 incomplete=236 elapsed=22657.4s consensus=supports_wrong_score
[REQUEST] success model=glm-5.3-flash source=content elapsed=64.2s support=supports_correct_score
[REQUEST] success model=doubao-seed-2.0-lite source=content elapsed=9.0s support=supports_correct_score
[PROGRESS] 105/338 complete=103 incomplete=235 elapsed=22730.7s consensus=supports_correct_score
[REQUEST] success model=glm-5.3-flash source=content elapsed=144.6s support=supports_correct_score
[REQUEST] success model=doubao-seed-2.0-lite source=content elapsed=9.0s support=supports_correct_score
[PROGRESS] 106/338 complete=104 incomplete=234 elapsed=22884.4s consensus=supports_correct_score
[REQUEST] success model=glm-5.3-flash source=content elapsed=84.2s support=supports_correct_score
[REQUEST] success model=doubao-seed-2.0-lite source=content elapsed=6.4s support=supports_correct_score
[PROGRESS] 107/338 complete=105 incomplete=233 elapsed=22975.1s consensus=supports_correct_score
[REQUEST] success model=glm-5.3-flash source=content elapsed=152.4s support=supports_wrong_score
[REQUEST] success model=doubao-seed-2.0-lite source=content elapsed=18.5s support=supports_wrong_score
[PROGRESS] 108/338 complete=106 incomplete=232 elapsed=23146.0s consensus=supports_wrong_score
[REQUEST] success model=glm-5.3-flash source=content elapsed=126.3s support=supports_correct_score
[REQUEST] success model=doubao-seed-2.0-lite source=content elapsed=5.0s support=supports_correct_score
[PROGRESS] 109/338 complete=107 incomplete=231 elapsed=23277.3s consensus=supports_correct_score
[REQUEST] failed model=glm-5.3-flash attempt=1/3 elapsed=180.7s error=HTTP Error 504: Gateway Time-out
[REQUEST] failed model=glm-5.3-flash attempt=2/3 elapsed=180.7s error=The read operation timed out
[REQUEST] success model=glm-5.3-flash source=content elapsed=102.1s support=supports_wrong_score
[REQUEST] success model=doubao-seed-2.0-lite source=content elapsed=24.2s support=supports_wrong_score
[PROGRESS] 110/338 complete=108 incomplete=230 elapsed=23771.1s consensus=supports_wrong_score
[REQUEST] failed model=glm-5.3-flash attempt=1/3 elapsed=180.7s error=HTTP Error 504: Gateway Time-out
[REQUEST] failed model=glm-5.3-flash attempt=2/3 elapsed=181.0s error=HTTP Error 504: Gateway Time-out
[REQUEST] failed model=glm-5.3-flash attempt=3/3 elapsed=180.7s error=The read operation timed out
[REQUEST] success model=doubao-seed-2.0-lite source=content elapsed=19.8s support=supports_wrong_score
[REQUEST] success model=MiniMax-M3 source=content elapsed=5.8s support=supports_wrong_score
[PROGRESS] 111/338 complete=109 incomplete=229 elapsed=24345.2s consensus=supports_wrong_score
[REQUEST] success model=glm-5.3-flash source=content elapsed=95.3s support=supports_correct_score
[REQUEST] success model=doubao-seed-2.0-lite source=content elapsed=8.6s support=supports_correct_score
[PROGRESS] 112/338 complete=110 incomplete=228 elapsed=24449.2s consensus=supports_correct_score
[REQUEST] success model=glm-5.3-flash source=content elapsed=27.6s support=supports_correct_score
[REQUEST] success model=doubao-seed-2.0-lite source=content elapsed=5.6s support=supports_correct_score
[PROGRESS] 113/338 complete=111 incomplete=227 elapsed=24482.5s consensus=supports_correct_score
[REQUEST] success model=glm-5.3-flash source=content elapsed=28.6s support=supports_wrong_score
[REQUEST] success model=doubao-seed-2.0-lite source=content elapsed=20.0s support=supports_wrong_score
[PROGRESS] 114/338 complete=112 incomplete=226 elapsed=24531.2s consensus=supports_wrong_score
[REQUEST] failed model=glm-5.3-flash attempt=1/3 elapsed=181.1s error=HTTP Error 504: Gateway Time-out
[REQUEST] failed model=glm-5.3-flash attempt=2/3 elapsed=180.7s error=HTTP Error 504: Gateway Time-out
[REQUEST] success model=glm-5.3-flash source=content elapsed=166.5s support=supports_wrong_score
[REQUEST] success model=doubao-seed-2.0-lite source=content elapsed=36.7s support=supports_wrong_score
[PROGRESS] 115/338 complete=113 incomplete=225 elapsed=25102.2s consensus=supports_wrong_score
[REQUEST] success model=glm-5.3-flash source=content elapsed=22.8s support=supports_correct_score
[REQUEST] success model=doubao-seed-2.0-lite source=content elapsed=8.5s support=supports_correct_score
[PROGRESS] 116/338 complete=114 incomplete=224 elapsed=25133.5s consensus=supports_correct_score
[REQUEST] failed model=glm-5.3-flash attempt=1/3 elapsed=181.1s error=HTTP Error 504: Gateway Time-out
[REQUEST] failed model=glm-5.3-flash attempt=2/3 elapsed=185.3s error=HTTP Error 504: Gateway Time-out
[REQUEST] success model=glm-5.3-flash source=content elapsed=129.4s support=supports_wrong_score
[REQUEST] success model=doubao-seed-2.0-lite source=content elapsed=20.7s support=supports_wrong_score
[PROGRESS] 117/338 complete=115 incomplete=223 elapsed=25656.1s consensus=supports_wrong_score
[REQUEST] failed model=glm-5.3-flash attempt=1/3 elapsed=181.3s error=The read operation timed out
[REQUEST] failed model=glm-5.3-flash attempt=2/3 elapsed=143.1s error=No JSON object matched the judgment schema
[REQUEST] failed model=glm-5.3-flash attempt=3/3 elapsed=180.8s error=The read operation timed out
[REQUEST] success model=doubao-seed-2.0-lite source=content elapsed=24.1s support=supports_wrong_score
[REQUEST] success model=MiniMax-M3 source=content elapsed=7.5s support=supports_wrong_score
[PROGRESS] 118/338 complete=116 incomplete=222 elapsed=26199.0s consensus=supports_wrong_score
[REQUEST] success model=glm-5.3-flash source=content elapsed=126.9s support=supports_correct_score
[REQUEST] success model=doubao-seed-2.0-lite source=content elapsed=7.2s support=supports_correct_score
[PROGRESS] 119/338 complete=117 incomplete=221 elapsed=26333.2s consensus=supports_correct_score
[REQUEST] success model=glm-5.3-flash source=content elapsed=27.9s support=supports_correct_score
[REQUEST] success model=doubao-seed-2.0-lite source=content elapsed=9.8s support=supports_correct_score
[PROGRESS] 120/338 complete=118 incomplete=220 elapsed=26370.9s consensus=supports_correct_score
[REQUEST] success model=glm-5.3-flash source=content elapsed=64.3s support=supports_wrong_score
[REQUEST] success model=doubao-seed-2.0-lite source=content elapsed=21.8s support=supports_wrong_score
[PROGRESS] 121/338 complete=119 incomplete=219 elapsed=26457.1s consensus=supports_wrong_score
[REQUEST] success model=glm-5.3-flash source=content elapsed=37.4s support=supports_correct_score
[REQUEST] success model=doubao-seed-2.0-lite source=content elapsed=8.6s support=supports_correct_score
[PROGRESS] 122/338 complete=120 incomplete=218 elapsed=26503.1s consensus=supports_correct_score
[REQUEST] success model=glm-5.3-flash source=content elapsed=43.1s support=supports_correct_score
[REQUEST] success model=doubao-seed-2.0-lite source=content elapsed=8.2s support=supports_correct_score
[PROGRESS] 123/338 complete=121 incomplete=217 elapsed=26554.4s consensus=supports_correct_score
[REQUEST] success model=glm-5.3-flash source=content elapsed=26.5s support=supports_correct_score
[REQUEST] success model=doubao-seed-2.0-lite source=content elapsed=12.6s support=supports_correct_score
[PROGRESS] 124/338 complete=122 incomplete=216 elapsed=26593.7s consensus=supports_correct_score
[REQUEST] success model=glm-5.3-flash source=content elapsed=57.1s support=supports_wrong_score
[REQUEST] success model=doubao-seed-2.0-lite source=content elapsed=30.1s support=supports_wrong_score
[PROGRESS] 125/338 complete=123 incomplete=215 elapsed=26680.9s consensus=supports_wrong_score
[REQUEST] failed model=glm-5.3-flash attempt=1/3 elapsed=180.7s error=HTTP Error 504: Gateway Time-out
[REQUEST] failed model=glm-5.3-flash attempt=2/3 elapsed=181.2s error=HTTP Error 504: Gateway Time-out
[REQUEST] failed model=glm-5.3-flash attempt=3/3 elapsed=180.7s error=HTTP Error 504: Gateway Time-out
[REQUEST] success model=doubao-seed-2.0-lite source=content elapsed=22.9s support=supports_wrong_score
[REQUEST] success model=MiniMax-M3 source=content elapsed=14.2s support=supports_wrong_score
[PROGRESS] 126/338 complete=124 incomplete=214 elapsed=27266.6s consensus=supports_wrong_score
[REQUEST] success model=glm-5.3-flash source=content elapsed=130.6s support=supports_wrong_score
[REQUEST] success model=doubao-seed-2.0-lite source=content elapsed=32.1s support=supports_wrong_score
[PROGRESS] 127/338 complete=125 incomplete=213 elapsed=27429.4s consensus=supports_wrong_score
[REQUEST] success model=glm-5.3-flash source=content elapsed=54.9s support=supports_correct_score
[REQUEST] success model=doubao-seed-2.0-lite source=content elapsed=10.4s support=supports_correct_score
[PROGRESS] 128/338 complete=126 incomplete=212 elapsed=27494.8s consensus=supports_correct_score
[REQUEST] success model=glm-5.3-flash source=content elapsed=146.7s support=supports_wrong_score
[REQUEST] success model=doubao-seed-2.0-lite source=content elapsed=26.5s support=supports_wrong_score
[PROGRESS] 129/338 complete=127 incomplete=211 elapsed=27668.0s consensus=supports_wrong_score
[REQUEST] success model=glm-5.3-flash source=content elapsed=23.3s support=supports_correct_score
[REQUEST] success model=doubao-seed-2.0-lite source=content elapsed=9.9s support=supports_correct_score
[PROGRESS] 130/338 complete=128 incomplete=210 elapsed=27701.3s consensus=supports_correct_score
[REQUEST] success model=glm-5.3-flash source=content elapsed=176.7s support=supports_wrong_score
[REQUEST] success model=doubao-seed-2.0-lite source=content elapsed=31.0s support=supports_wrong_score
[PROGRESS] 131/338 complete=129 incomplete=209 elapsed=27909.1s consensus=supports_wrong_score
[REQUEST] success model=glm-5.3-flash source=content elapsed=39.4s support=supports_correct_score
[REQUEST] success model=doubao-seed-2.0-lite source=content elapsed=11.6s support=supports_correct_score
[PROGRESS] 132/338 complete=130 incomplete=208 elapsed=27960.2s consensus=supports_correct_score
[REQUEST] success model=glm-5.3-flash source=content elapsed=33.4s support=supports_correct_score
[REQUEST] success model=doubao-seed-2.0-lite source=content elapsed=10.6s support=supports_correct_score
[PROGRESS] 133/338 complete=131 incomplete=207 elapsed=28004.2s consensus=supports_correct_score
[REQUEST] failed model=glm-5.3-flash attempt=1/3 elapsed=185.3s error=HTTP Error 504: Gateway Time-out
[REQUEST] failed model=glm-5.3-flash attempt=2/3 elapsed=180.8s error=The read operation timed out
[REQUEST] failed model=glm-5.3-flash attempt=3/3 elapsed=180.7s error=The read operation timed out
[REQUEST] success model=doubao-seed-2.0-lite source=content elapsed=23.5s support=supports_wrong_score
[REQUEST] success model=MiniMax-M3 source=content elapsed=11.5s support=supports_wrong_score
[PROGRESS] 134/338 complete=132 incomplete=206 elapsed=28592.0s consensus=supports_wrong_score
[REQUEST] success model=glm-5.3-flash source=content elapsed=131.7s support=supports_wrong_score
[REQUEST] success model=doubao-seed-2.0-lite source=content elapsed=15.2s support=supports_wrong_score
[PROGRESS] 135/338 complete=133 incomplete=205 elapsed=28739.0s consensus=supports_wrong_score
[REQUEST] success model=glm-5.3-flash source=content elapsed=131.3s support=supports_wrong_score
[REQUEST] success model=doubao-seed-2.0-lite source=content elapsed=15.7s support=supports_wrong_score
[PROGRESS] 136/338 complete=134 incomplete=204 elapsed=28886.1s consensus=supports_wrong_score
[REQUEST] success model=glm-5.3-flash source=content elapsed=93.5s support=supports_wrong_score
[REQUEST] success model=doubao-seed-2.0-lite source=content elapsed=15.5s support=supports_wrong_score
[PROGRESS] 137/338 complete=135 incomplete=203 elapsed=28995.1s consensus=supports_wrong_score
[REQUEST] success model=glm-5.3-flash source=content elapsed=146.1s support=supports_wrong_score
[REQUEST] success model=doubao-seed-2.0-lite source=content elapsed=20.2s support=supports_wrong_score
[PROGRESS] 138/338 complete=136 incomplete=202 elapsed=29161.5s consensus=supports_wrong_score
[REQUEST] success model=glm-5.3-flash source=content elapsed=152.5s support=supports_wrong_score
[REQUEST] success model=doubao-seed-2.0-lite source=content elapsed=27.3s support=supports_wrong_score
[PROGRESS] 139/338 complete=137 incomplete=201 elapsed=29341.4s consensus=supports_wrong_score
[REQUEST] failed model=glm-5.3-flash attempt=1/3 elapsed=181.1s error=The read operation timed out
[REQUEST] success model=glm-5.3-flash source=content elapsed=37.7s support=supports_wrong_score
[REQUEST] success model=doubao-seed-2.0-lite source=content elapsed=20.7s support=supports_wrong_score
[PROGRESS] 140/338 complete=138 incomplete=200 elapsed=29583.0s consensus=supports_wrong_score
[REQUEST] success model=glm-5.3-flash source=content elapsed=49.5s support=supports_correct_score
[REQUEST] success model=doubao-seed-2.0-lite source=content elapsed=8.0s support=supports_correct_score
[PROGRESS] 141/338 complete=139 incomplete=199 elapsed=29640.4s consensus=supports_correct_score
[REQUEST] failed model=glm-5.3-flash attempt=1/3 elapsed=180.7s error=The read operation timed out
[REQUEST] success model=glm-5.3-flash source=content elapsed=167.1s support=supports_wrong_score
[REQUEST] success model=doubao-seed-2.0-lite source=content elapsed=30.2s support=supports_wrong_score
[PROGRESS] 142/338 complete=140 incomplete=198 elapsed=30020.5s consensus=supports_wrong_score
[REQUEST] success model=glm-5.3-flash source=content elapsed=106.6s support=supports_wrong_score
[REQUEST] success model=doubao-seed-2.0-lite source=content elapsed=30.9s support=supports_wrong_score
[PROGRESS] 143/338 complete=141 incomplete=197 elapsed=30158.0s consensus=supports_wrong_score
[REQUEST] success model=glm-5.3-flash source=content elapsed=51.3s support=supports_correct_score
[REQUEST] success model=doubao-seed-2.0-lite source=content elapsed=7.8s support=supports_correct_score
[PROGRESS] 144/338 complete=142 incomplete=196 elapsed=30217.3s consensus=supports_correct_score
[REQUEST] failed model=glm-5.3-flash attempt=1/3 elapsed=180.9s error=HTTP Error 504: Gateway Time-out
[REQUEST] failed model=glm-5.3-flash attempt=2/3 elapsed=181.5s error=HTTP Error 504: Gateway Time-out
[REQUEST] success model=glm-5.3-flash source=content elapsed=53.0s support=supports_wrong_score
[REQUEST] success model=doubao-seed-2.0-lite source=content elapsed=29.1s support=supports_wrong_score
[PROGRESS] 145/338 complete=143 incomplete=195 elapsed=30668.0s consensus=supports_wrong_score
[REQUEST] failed model=glm-5.3-flash attempt=1/3 elapsed=181.0s error=HTTP Error 504: Gateway Time-out
[REQUEST] failed model=glm-5.3-flash attempt=2/3 elapsed=181.2s error=HTTP Error 504: Gateway Time-out
[REQUEST] success model=glm-5.3-flash source=content elapsed=61.0s support=supports_wrong_score
[REQUEST] success model=doubao-seed-2.0-lite source=content elapsed=21.1s support=supports_wrong_score
[PROGRESS] 146/338 complete=144 incomplete=194 elapsed=31118.4s consensus=supports_wrong_score
[REQUEST] success model=glm-5.3-flash source=content elapsed=52.9s support=supports_correct_score
[REQUEST] success model=doubao-seed-2.0-lite source=content elapsed=6.1s support=supports_correct_score
[PROGRESS] 147/338 complete=145 incomplete=193 elapsed=31177.4s consensus=supports_correct_score
[REQUEST] success model=glm-5.3-flash source=content elapsed=35.4s support=supports_wrong_score
[REQUEST] success model=doubao-seed-2.0-lite source=content elapsed=24.5s support=supports_wrong_score
[PROGRESS] 148/338 complete=146 incomplete=192 elapsed=31237.4s consensus=supports_wrong_score
[REQUEST] failed model=glm-5.3-flash attempt=1/3 elapsed=180.7s error=HTTP Error 504: Gateway Time-out
[REQUEST] failed model=glm-5.3-flash attempt=2/3 elapsed=180.7s error=HTTP Error 504: Gateway Time-out
[REQUEST] success model=glm-5.3-flash source=content elapsed=27.7s support=supports_wrong_score
[REQUEST] success model=doubao-seed-2.0-lite source=content elapsed=23.1s support=supports_wrong_score
[PROGRESS] 149/338 complete=147 incomplete=191 elapsed=31655.6s consensus=supports_wrong_score
[REQUEST] success model=glm-5.3-flash source=content elapsed=20.2s support=supports_correct_score
[REQUEST] success model=doubao-seed-2.0-lite source=content elapsed=8.4s support=supports_correct_score
[PROGRESS] 150/338 complete=148 incomplete=190 elapsed=31684.4s consensus=supports_correct_score
[REQUEST] success model=glm-5.3-flash source=content elapsed=128.8s support=supports_wrong_score
[REQUEST] success model=doubao-seed-2.0-lite source=content elapsed=19.8s support=supports_wrong_score
[PROGRESS] 151/338 complete=149 incomplete=189 elapsed=31833.0s consensus=supports_wrong_score
[REQUEST] success model=glm-5.3-flash source=content elapsed=21.7s support=supports_wrong_score
[REQUEST] failed model=doubao-seed-2.0-lite attempt=1/3 elapsed=20.6s error=Judge response does not contain a JSON object
[REQUEST] success model=doubao-seed-2.0-lite source=content elapsed=24.5s support=supports_wrong_score
[PROGRESS] 152/338 complete=150 incomplete=188 elapsed=31902.0s consensus=supports_wrong_score
[REQUEST] success model=glm-5.3-flash source=content elapsed=119.9s support=supports_wrong_score
[REQUEST] success model=doubao-seed-2.0-lite source=content elapsed=25.9s support=supports_wrong_score
[PROGRESS] 153/338 complete=151 incomplete=187 elapsed=32047.7s consensus=supports_wrong_score
[REQUEST] success model=glm-5.3-flash source=content elapsed=22.3s support=supports_correct_score
[REQUEST] success model=doubao-seed-2.0-lite source=content elapsed=6.2s support=supports_correct_score
[PROGRESS] 154/338 complete=152 incomplete=186 elapsed=32076.4s consensus=supports_correct_score
[REQUEST] success model=glm-5.3-flash source=content elapsed=56.3s support=supports_correct_score
[REQUEST] success model=doubao-seed-2.0-lite source=content elapsed=8.0s support=supports_correct_score
[PROGRESS] 155/338 complete=153 incomplete=185 elapsed=32140.8s consensus=supports_correct_score
[REQUEST] success model=glm-5.3-flash source=content elapsed=107.8s support=supports_wrong_score
[REQUEST] success model=doubao-seed-2.0-lite source=content elapsed=18.7s support=supports_wrong_score
[PROGRESS] 156/338 complete=154 incomplete=184 elapsed=32267.4s consensus=supports_wrong_score
[REQUEST] success model=glm-5.3-flash source=content elapsed=147.2s support=supports_wrong_score
[REQUEST] success model=doubao-seed-2.0-lite source=content elapsed=20.4s support=supports_wrong_score
[PROGRESS] 157/338 complete=155 incomplete=183 elapsed=32435.0s consensus=supports_wrong_score
[REQUEST] success model=glm-5.3-flash source=content elapsed=90.2s support=supports_wrong_score
[REQUEST] success model=doubao-seed-2.0-lite source=content elapsed=19.0s support=supports_wrong_score
[PROGRESS] 158/338 complete=156 incomplete=182 elapsed=32544.3s consensus=supports_wrong_score
[REQUEST] success model=glm-5.3-flash source=content elapsed=18.2s support=supports_correct_score
[REQUEST] success model=doubao-seed-2.0-lite source=content elapsed=8.2s support=supports_correct_score
[PROGRESS] 159/338 complete=157 incomplete=181 elapsed=32570.7s consensus=supports_correct_score
[REQUEST] success model=glm-5.3-flash source=content elapsed=176.0s support=supports_wrong_score
[REQUEST] success model=doubao-seed-2.0-lite source=content elapsed=28.2s support=supports_wrong_score
[PROGRESS] 160/338 complete=158 incomplete=180 elapsed=32775.0s consensus=supports_wrong_score
[REQUEST] success model=glm-5.3-flash source=content elapsed=60.5s support=supports_wrong_score
[REQUEST] success model=doubao-seed-2.0-lite source=content elapsed=29.5s support=supports_wrong_score
[PROGRESS] 161/338 complete=159 incomplete=179 elapsed=32865.1s consensus=supports_wrong_score
[REQUEST] success model=glm-5.3-flash source=content elapsed=79.6s support=supports_wrong_score
[REQUEST] success model=doubao-seed-2.0-lite source=content elapsed=21.6s support=supports_wrong_score
[PROGRESS] 162/338 complete=160 incomplete=178 elapsed=32966.3s consensus=supports_wrong_score
[REQUEST] success model=glm-5.3-flash source=content elapsed=109.4s support=supports_wrong_score
[REQUEST] success model=doubao-seed-2.0-lite source=content elapsed=42.8s support=supports_wrong_score
[PROGRESS] 163/338 complete=161 incomplete=177 elapsed=33118.6s consensus=supports_wrong_score
[REQUEST] success model=glm-5.3-flash source=content elapsed=21.2s support=supports_correct_score
[REQUEST] success model=doubao-seed-2.0-lite source=content elapsed=8.4s support=supports_correct_score
[PROGRESS] 164/338 complete=162 incomplete=176 elapsed=33148.3s consensus=supports_correct_score
[REQUEST] failed model=glm-5.3-flash attempt=1/3 elapsed=180.7s error=The read operation timed out
[REQUEST] success model=glm-5.3-flash source=content elapsed=98.9s support=supports_wrong_score
[REQUEST] success model=doubao-seed-2.0-lite source=content elapsed=24.2s support=supports_wrong_score
[PROGRESS] 165/338 complete=163 incomplete=175 elapsed=33454.2s consensus=supports_wrong_score
[REQUEST] failed model=glm-5.3-flash attempt=1/3 elapsed=180.7s error=The read operation timed out
[REQUEST] failed model=glm-5.3-flash attempt=2/3 elapsed=181.0s error=HTTP Error 504: Gateway Time-out
[REQUEST] failed model=glm-5.3-flash attempt=3/3 elapsed=180.9s error=HTTP Error 504: Gateway Time-out
[REQUEST] success model=doubao-seed-2.0-lite source=content elapsed=28.0s support=supports_wrong_score
[REQUEST] success model=MiniMax-M3 source=content elapsed=3.4s support=supports_correct_score
[PROGRESS] 166/338 complete=163 incomplete=175 elapsed=34034.3s consensus=-
[REQUEST] success model=glm-5.3-flash source=content elapsed=20.1s support=supports_correct_score
[REQUEST] success model=doubao-seed-2.0-lite source=content elapsed=6.2s support=supports_correct_score
[PROGRESS] 167/338 complete=164 incomplete=174 elapsed=34060.6s consensus=supports_correct_score
[REQUEST] failed model=glm-5.3-flash attempt=1/3 elapsed=181.0s error=The read operation timed out
[REQUEST] success model=glm-5.3-flash source=content elapsed=123.7s support=supports_wrong_score
[REQUEST] success model=doubao-seed-2.0-lite source=content elapsed=17.8s support=supports_wrong_score
[PROGRESS] 168/338 complete=165 incomplete=173 elapsed=34385.2s consensus=supports_wrong_score
[REQUEST] success model=glm-5.3-flash source=content elapsed=56.0s support=supports_correct_score
[REQUEST] success model=doubao-seed-2.0-lite source=content elapsed=13.8s support=supports_correct_score
[PROGRESS] 169/338 complete=166 incomplete=172 elapsed=34455.1s consensus=supports_correct_score
[REQUEST] success model=glm-5.3-flash source=content elapsed=70.3s support=supports_correct_score
[REQUEST] success model=doubao-seed-2.0-lite source=content elapsed=10.9s support=supports_correct_score
[PROGRESS] 170/338 complete=167 incomplete=171 elapsed=34536.2s consensus=supports_correct_score
[REQUEST] success model=glm-5.3-flash source=content elapsed=59.9s support=supports_correct_score
[REQUEST] success model=doubao-seed-2.0-lite source=content elapsed=13.9s support=supports_correct_score
[PROGRESS] 171/338 complete=168 incomplete=170 elapsed=34610.1s consensus=supports_correct_score
[REQUEST] failed model=glm-5.3-flash attempt=1/3 elapsed=180.6s error=The read operation timed out
[REQUEST] success model=glm-5.3-flash source=content elapsed=161.7s support=supports_wrong_score
[REQUEST] success model=doubao-seed-2.0-lite source=content elapsed=22.3s support=supports_wrong_score
[PROGRESS] 172/338 complete=169 incomplete=169 elapsed=34976.8s consensus=supports_wrong_score
[REQUEST] success model=glm-5.3-flash source=content elapsed=95.4s support=supports_wrong_score
[REQUEST] success model=doubao-seed-2.0-lite source=content elapsed=30.6s support=supports_wrong_score
[PROGRESS] 173/338 complete=170 incomplete=168 elapsed=35102.9s consensus=supports_wrong_score
[REQUEST] success model=glm-5.3-flash source=content elapsed=160.0s support=supports_wrong_score
[REQUEST] success model=doubao-seed-2.0-lite source=content elapsed=25.2s support=supports_wrong_score
[PROGRESS] 174/338 complete=171 incomplete=167 elapsed=35288.1s consensus=supports_wrong_score
[REQUEST] success model=glm-5.3-flash source=content elapsed=141.7s support=supports_wrong_score
[REQUEST] success model=doubao-seed-2.0-lite source=content elapsed=25.7s support=supports_wrong_score
[PROGRESS] 175/338 complete=172 incomplete=166 elapsed=35455.7s consensus=supports_wrong_score
[REQUEST] success model=glm-5.3-flash source=content elapsed=126.6s support=supports_wrong_score
[REQUEST] success model=doubao-seed-2.0-lite source=content elapsed=31.6s support=supports_wrong_score
[PROGRESS] 176/338 complete=173 incomplete=165 elapsed=35614.0s consensus=supports_wrong_score
[REQUEST] success model=glm-5.3-flash source=content elapsed=30.3s support=supports_wrong_score
[REQUEST] success model=doubao-seed-2.0-lite source=content elapsed=24.5s support=supports_wrong_score
[PROGRESS] 177/338 complete=174 incomplete=164 elapsed=35668.8s consensus=supports_wrong_score
[REQUEST] success model=glm-5.3-flash source=content elapsed=16.5s support=supports_correct_score
[REQUEST] success model=doubao-seed-2.0-lite source=content elapsed=11.0s support=supports_correct_score
[PROGRESS] 178/338 complete=175 incomplete=163 elapsed=35696.4s consensus=supports_correct_score
[REQUEST] success model=glm-5.3-flash source=content elapsed=35.6s support=supports_correct_score
[REQUEST] success model=doubao-seed-2.0-lite source=content elapsed=6.4s support=supports_correct_score
[PROGRESS] 179/338 complete=176 incomplete=162 elapsed=35738.4s consensus=supports_correct_score
[REQUEST] success model=glm-5.3-flash source=content elapsed=128.6s support=supports_wrong_score
[REQUEST] success model=doubao-seed-2.0-lite source=content elapsed=27.3s support=supports_wrong_score
[PROGRESS] 180/338 complete=177 incomplete=161 elapsed=35894.5s consensus=supports_wrong_score
[REQUEST] success model=glm-5.3-flash source=content elapsed=76.5s support=supports_wrong_score
[REQUEST] success model=doubao-seed-2.0-lite source=content elapsed=21.3s support=supports_wrong_score
[PROGRESS] 181/338 complete=178 incomplete=160 elapsed=35992.3s consensus=supports_wrong_score
[REQUEST] success model=glm-5.3-flash source=content elapsed=29.3s support=supports_correct_score
[REQUEST] success model=doubao-seed-2.0-lite source=content elapsed=7.9s support=supports_correct_score
[PROGRESS] 182/338 complete=179 incomplete=159 elapsed=36029.6s consensus=supports_correct_score
[REQUEST] success model=glm-5.3-flash source=content elapsed=99.5s support=supports_wrong_score
[REQUEST] success model=doubao-seed-2.0-lite source=content elapsed=23.0s support=supports_wrong_score
[PROGRESS] 183/338 complete=180 incomplete=158 elapsed=36152.3s consensus=supports_wrong_score
[REQUEST] success model=glm-5.3-flash source=content elapsed=35.6s support=supports_correct_score
[REQUEST] success model=doubao-seed-2.0-lite source=content elapsed=7.2s support=supports_correct_score
[PROGRESS] 184/338 complete=181 incomplete=157 elapsed=36195.1s consensus=supports_correct_score
[REQUEST] success model=glm-5.3-flash source=content elapsed=69.5s support=supports_correct_score
[REQUEST] success model=doubao-seed-2.0-lite source=content elapsed=6.8s support=supports_correct_score
[PROGRESS] 185/338 complete=182 incomplete=156 elapsed=36271.5s consensus=supports_correct_score
[REQUEST] success model=glm-5.3-flash source=content elapsed=84.7s support=supports_wrong_score
[REQUEST] success model=doubao-seed-2.0-lite source=content elapsed=21.6s support=supports_wrong_score
[PROGRESS] 186/338 complete=183 incomplete=155 elapsed=36378.0s consensus=supports_wrong_score
[REQUEST] success model=glm-5.3-flash source=content elapsed=70.6s support=supports_wrong_score
[REQUEST] success model=doubao-seed-2.0-lite source=content elapsed=26.9s support=supports_wrong_score
[PROGRESS] 187/338 complete=184 incomplete=154 elapsed=36475.6s consensus=supports_wrong_score
[REQUEST] success model=glm-5.3-flash source=content elapsed=112.8s support=supports_wrong_score
[REQUEST] success model=doubao-seed-2.0-lite source=content elapsed=24.3s support=supports_wrong_score
[PROGRESS] 188/338 complete=185 incomplete=153 elapsed=36612.8s consensus=supports_wrong_score
[REQUEST] failed model=glm-5.3-flash attempt=1/3 elapsed=162.1s error=Judge response does not contain a JSON object
[REQUEST] failed model=glm-5.3-flash attempt=2/3 elapsed=173.4s error=Judge response does not contain a JSON object
[REQUEST] success model=glm-5.3-flash source=content elapsed=105.7s support=supports_wrong_score
[REQUEST] success model=doubao-seed-2.0-lite source=content elapsed=32.3s support=supports_wrong_score
[PROGRESS] 189/338 complete=186 incomplete=152 elapsed=37092.3s consensus=supports_wrong_score
[REQUEST] success model=glm-5.3-flash source=content elapsed=141.0s support=supports_wrong_score
[REQUEST] success model=doubao-seed-2.0-lite source=content elapsed=26.5s support=supports_wrong_score
[PROGRESS] 190/338 complete=187 incomplete=151 elapsed=37259.9s consensus=supports_wrong_score
[REQUEST] success model=glm-5.3-flash source=content elapsed=37.9s support=supports_correct_score
[REQUEST] success model=doubao-seed-2.0-lite source=content elapsed=9.4s support=supports_correct_score
[PROGRESS] 191/338 complete=188 incomplete=150 elapsed=37307.3s consensus=supports_correct_score
[REQUEST] success model=glm-5.3-flash source=content elapsed=37.4s support=supports_correct_score
[REQUEST] success model=doubao-seed-2.0-lite source=content elapsed=12.6s support=supports_correct_score
[PROGRESS] 192/338 complete=189 incomplete=149 elapsed=37357.4s consensus=supports_correct_score
[REQUEST] failed model=glm-5.3-flash attempt=1/3 elapsed=180.9s error=The read operation timed out
[REQUEST] failed model=glm-5.3-flash attempt=2/3 elapsed=185.2s error=The read operation timed out
[REQUEST] success model=glm-5.3-flash source=content elapsed=157.4s support=supports_wrong_score
[REQUEST] success model=doubao-seed-2.0-lite source=content elapsed=25.2s support=supports_wrong_score
[PROGRESS] 193/338 complete=190 incomplete=148 elapsed=37912.2s consensus=supports_wrong_score
[REQUEST] success model=glm-5.3-flash source=content elapsed=78.6s support=supports_correct_score
[REQUEST] success model=doubao-seed-2.0-lite source=content elapsed=5.9s support=supports_correct_score
[PROGRESS] 194/338 complete=191 incomplete=147 elapsed=37996.8s consensus=supports_correct_score
[REQUEST] success model=glm-5.3-flash source=content elapsed=25.0s support=supports_correct_score
[REQUEST] success model=doubao-seed-2.0-lite source=content elapsed=12.1s support=supports_correct_score
[PROGRESS] 195/338 complete=192 incomplete=146 elapsed=38034.0s consensus=supports_correct_score
[REQUEST] success model=glm-5.3-flash source=content elapsed=67.1s support=supports_wrong_score
[REQUEST] success model=doubao-seed-2.0-lite source=content elapsed=32.4s support=supports_wrong_score
[PROGRESS] 196/338 complete=193 incomplete=145 elapsed=38133.6s consensus=supports_wrong_score
[REQUEST] failed model=glm-5.3-flash attempt=1/3 elapsed=181.0s error=The read operation timed out
[REQUEST] success model=glm-5.3-flash source=content elapsed=80.7s support=supports_wrong_score
[REQUEST] success model=doubao-seed-2.0-lite source=content elapsed=17.4s support=supports_wrong_score
[PROGRESS] 197/338 complete=194 incomplete=144 elapsed=38414.9s consensus=supports_wrong_score
[REQUEST] success model=glm-5.3-flash source=content elapsed=144.8s support=supports_wrong_score
[REQUEST] success model=doubao-seed-2.0-lite source=content elapsed=20.2s support=supports_wrong_score
[PROGRESS] 198/338 complete=195 incomplete=143 elapsed=38580.0s consensus=supports_wrong_score
[REQUEST] success model=glm-5.3-flash source=content elapsed=158.6s support=supports_wrong_score
[REQUEST] success model=doubao-seed-2.0-lite source=content elapsed=24.6s support=supports_wrong_score
[PROGRESS] 199/338 complete=196 incomplete=142 elapsed=38763.2s consensus=supports_wrong_score
[REQUEST] success model=glm-5.3-flash source=content elapsed=144.7s support=supports_wrong_score
[REQUEST] success model=doubao-seed-2.0-lite source=content elapsed=17.1s support=supports_wrong_score
[PROGRESS] 200/338 complete=197 incomplete=141 elapsed=38925.1s consensus=supports_wrong_score
[REQUEST] success model=glm-5.3-flash source=content elapsed=163.7s support=supports_wrong_score
[REQUEST] success model=doubao-seed-2.0-lite source=content elapsed=28.9s support=supports_wrong_score
[PROGRESS] 201/338 complete=198 incomplete=140 elapsed=39117.9s consensus=supports_wrong_score
[REQUEST] success model=glm-5.3-flash source=content elapsed=58.8s support=supports_wrong_score
[REQUEST] success model=doubao-seed-2.0-lite source=content elapsed=23.2s support=supports_wrong_score
[PROGRESS] 202/338 complete=199 incomplete=139 elapsed=39200.0s consensus=supports_wrong_score
[REQUEST] success model=glm-5.3-flash source=content elapsed=66.6s support=supports_wrong_score
[REQUEST] success model=doubao-seed-2.0-lite source=content elapsed=15.7s support=supports_wrong_score
[PROGRESS] 203/338 complete=200 incomplete=138 elapsed=39282.4s consensus=supports_wrong_score
[REQUEST] success model=glm-5.3-flash source=content elapsed=93.7s support=supports_wrong_score
[REQUEST] success model=doubao-seed-2.0-lite source=content elapsed=29.7s support=supports_wrong_score
[PROGRESS] 204/338 complete=201 incomplete=137 elapsed=39405.9s consensus=supports_wrong_score
[REQUEST] success model=glm-5.3-flash source=content elapsed=132.1s support=supports_wrong_score
[REQUEST] success model=doubao-seed-2.0-lite source=content elapsed=22.1s support=supports_wrong_score
[PROGRESS] 205/338 complete=202 incomplete=136 elapsed=39560.2s consensus=supports_wrong_score
[REQUEST] success model=glm-5.3-flash source=reasoning_content elapsed=158.6s support=supports_wrong_score
[REQUEST] success model=doubao-seed-2.0-lite source=content elapsed=28.8s support=supports_wrong_score
[PROGRESS] 206/338 complete=203 incomplete=135 elapsed=39747.8s consensus=supports_wrong_score
[REQUEST] success model=glm-5.3-flash source=content elapsed=133.3s support=supports_wrong_score
[REQUEST] success model=doubao-seed-2.0-lite source=content elapsed=36.9s support=supports_wrong_score
[PROGRESS] 207/338 complete=204 incomplete=134 elapsed=39918.0s consensus=supports_wrong_score
[REQUEST] success model=glm-5.3-flash source=content elapsed=58.0s support=supports_wrong_score
[REQUEST] success model=doubao-seed-2.0-lite source=content elapsed=22.7s support=supports_wrong_score
[PROGRESS] 208/338 complete=205 incomplete=133 elapsed=39998.7s consensus=supports_wrong_score
[REQUEST] success model=glm-5.3-flash source=content elapsed=82.9s support=supports_wrong_score
[REQUEST] success model=doubao-seed-2.0-lite source=content elapsed=30.0s support=supports_wrong_score
[PROGRESS] 209/338 complete=206 incomplete=132 elapsed=40111.7s consensus=supports_wrong_score
[REQUEST] success model=glm-5.3-flash source=content elapsed=140.4s support=supports_wrong_score
[REQUEST] success model=doubao-seed-2.0-lite source=content elapsed=28.0s support=supports_wrong_score
[PROGRESS] 210/338 complete=207 incomplete=131 elapsed=40280.2s consensus=supports_wrong_score
[REQUEST] success model=glm-5.3-flash source=content elapsed=117.9s support=supports_wrong_score
[REQUEST] success model=doubao-seed-2.0-lite source=content elapsed=30.0s support=supports_wrong_score
[PROGRESS] 211/338 complete=208 incomplete=130 elapsed=40428.2s consensus=supports_wrong_score
[REQUEST] success model=glm-5.3-flash source=content elapsed=98.8s support=supports_wrong_score
[REQUEST] success model=doubao-seed-2.0-lite source=content elapsed=22.4s support=supports_wrong_score
[PROGRESS] 212/338 complete=209 incomplete=129 elapsed=40549.6s consensus=supports_wrong_score
[REQUEST] success model=glm-5.3-flash source=content elapsed=58.7s support=supports_correct_score
[REQUEST] success model=doubao-seed-2.0-lite source=content elapsed=8.1s support=supports_correct_score
[PROGRESS] 213/338 complete=210 incomplete=128 elapsed=40616.5s consensus=supports_correct_score
[REQUEST] failed model=glm-5.3-flash attempt=1/3 elapsed=180.7s error=The read operation timed out
[REQUEST] success model=glm-5.3-flash source=content elapsed=153.7s support=supports_wrong_score
[REQUEST] success model=doubao-seed-2.0-lite source=content elapsed=27.6s support=supports_wrong_score
[PROGRESS] 214/338 complete=211 incomplete=127 elapsed=40980.6s consensus=supports_wrong_score
[REQUEST] success model=glm-5.3-flash source=content elapsed=152.2s support=supports_wrong_score
[REQUEST] success model=doubao-seed-2.0-lite source=content elapsed=20.8s support=supports_wrong_score
[PROGRESS] 215/338 complete=212 incomplete=126 elapsed=41153.8s consensus=supports_wrong_score
[REQUEST] success model=glm-5.3-flash source=content elapsed=8.9s support=supports_correct_score
[REQUEST] success model=doubao-seed-2.0-lite source=content elapsed=8.0s support=supports_correct_score
[PROGRESS] 216/338 complete=213 incomplete=125 elapsed=41170.7s consensus=supports_correct_score
[REQUEST] success model=glm-5.3-flash source=content elapsed=40.2s support=supports_correct_score
[REQUEST] success model=doubao-seed-2.0-lite source=content elapsed=6.9s support=supports_correct_score
[PROGRESS] 217/338 complete=214 incomplete=124 elapsed=41217.9s consensus=supports_correct_score
[REQUEST] success model=glm-5.3-flash source=content elapsed=58.0s support=supports_correct_score
[REQUEST] success model=doubao-seed-2.0-lite source=content elapsed=12.2s support=supports_correct_score
[PROGRESS] 218/338 complete=215 incomplete=123 elapsed=41288.3s consensus=supports_correct_score
[REQUEST] success model=glm-5.3-flash source=content elapsed=24.4s support=supports_wrong_score
[REQUEST] success model=doubao-seed-2.0-lite source=content elapsed=28.5s support=supports_wrong_score
[PROGRESS] 219/338 complete=216 incomplete=122 elapsed=41341.3s consensus=supports_wrong_score
[REQUEST] success model=glm-5.3-flash source=content elapsed=103.8s support=supports_wrong_score
[REQUEST] success model=doubao-seed-2.0-lite source=content elapsed=23.9s support=supports_wrong_score
[PROGRESS] 220/338 complete=217 incomplete=121 elapsed=41469.2s consensus=supports_wrong_score
[REQUEST] success model=glm-5.3-flash source=content elapsed=22.4s support=supports_correct_score
[REQUEST] success model=doubao-seed-2.0-lite source=content elapsed=10.8s support=supports_correct_score
[PROGRESS] 221/338 complete=218 incomplete=120 elapsed=41502.5s consensus=supports_correct_score
[REQUEST] success model=glm-5.3-flash source=content elapsed=47.7s support=supports_correct_score
[REQUEST] success model=doubao-seed-2.0-lite source=content elapsed=15.6s support=supports_correct_score
[PROGRESS] 222/338 complete=219 incomplete=119 elapsed=41565.8s consensus=supports_correct_score
[REQUEST] success model=glm-5.3-flash source=content elapsed=132.7s support=supports_wrong_score
[REQUEST] success model=doubao-seed-2.0-lite source=content elapsed=24.1s support=supports_wrong_score
[PROGRESS] 223/338 complete=220 incomplete=118 elapsed=41722.7s consensus=supports_wrong_score
[REQUEST] success model=glm-5.3-flash source=content elapsed=117.3s support=supports_wrong_score
[REQUEST] success model=doubao-seed-2.0-lite source=content elapsed=18.2s support=supports_wrong_score
[PROGRESS] 224/338 complete=221 incomplete=117 elapsed=41858.3s consensus=supports_wrong_score
[REQUEST] success model=glm-5.3-flash source=content elapsed=137.3s support=supports_wrong_score
[REQUEST] success model=doubao-seed-2.0-lite source=content elapsed=25.6s support=supports_wrong_score
[PROGRESS] 225/338 complete=222 incomplete=116 elapsed=42021.6s consensus=supports_wrong_score
[REQUEST] success model=glm-5.3-flash source=content elapsed=60.5s support=supports_wrong_score
[REQUEST] success model=doubao-seed-2.0-lite source=content elapsed=25.4s support=supports_wrong_score
[PROGRESS] 226/338 complete=223 incomplete=115 elapsed=42107.5s consensus=supports_wrong_score
[REQUEST] success model=glm-5.3-flash source=content elapsed=27.7s support=supports_correct_score
[REQUEST] success model=doubao-seed-2.0-lite source=content elapsed=9.2s support=supports_correct_score
[PROGRESS] 227/338 complete=224 incomplete=114 elapsed=42144.7s consensus=supports_correct_score
[REQUEST] success model=glm-5.3-flash source=content elapsed=107.7s support=supports_wrong_score
[REQUEST] success model=doubao-seed-2.0-lite source=content elapsed=23.4s support=supports_wrong_score
[PROGRESS] 228/338 complete=225 incomplete=113 elapsed=42276.0s consensus=supports_wrong_score
[REQUEST] success model=glm-5.3-flash source=content elapsed=131.7s support=supports_wrong_score
[REQUEST] success model=doubao-seed-2.0-lite source=content elapsed=32.6s support=supports_wrong_score
[PROGRESS] 229/338 complete=226 incomplete=112 elapsed=42440.5s consensus=supports_wrong_score
[REQUEST] success model=glm-5.3-flash source=content elapsed=161.2s support=supports_wrong_score
[REQUEST] success model=doubao-seed-2.0-lite source=content elapsed=18.7s support=supports_wrong_score
[PROGRESS] 230/338 complete=227 incomplete=111 elapsed=42620.6s consensus=supports_wrong_score
[REQUEST] success model=glm-5.3-flash source=content elapsed=108.6s support=supports_wrong_score
[REQUEST] success model=doubao-seed-2.0-lite source=content elapsed=23.6s support=supports_wrong_score
[PROGRESS] 231/338 complete=228 incomplete=110 elapsed=42753.0s consensus=supports_wrong_score
[REQUEST] success model=glm-5.3-flash source=content elapsed=118.9s support=supports_wrong_score
[REQUEST] success model=doubao-seed-2.0-lite source=content elapsed=26.7s support=supports_wrong_score
[PROGRESS] 232/338 complete=229 incomplete=109 elapsed=42898.7s consensus=supports_wrong_score
[REQUEST] failed model=glm-5.3-flash attempt=1/3 elapsed=180.9s error=The read operation timed out
[REQUEST] failed model=glm-5.3-flash attempt=2/3 elapsed=181.0s error=The read operation timed out
[REQUEST] success model=glm-5.3-flash source=content elapsed=153.5s support=supports_wrong_score
[REQUEST] success model=doubao-seed-2.0-lite source=content elapsed=32.0s support=supports_wrong_score
[PROGRESS] 233/338 complete=230 incomplete=108 elapsed=43452.1s consensus=supports_wrong_score
[REQUEST] success model=glm-5.3-flash source=content elapsed=113.7s support=supports_wrong_score
[REQUEST] success model=doubao-seed-2.0-lite source=content elapsed=17.0s support=supports_wrong_score
[PROGRESS] 234/338 complete=231 incomplete=107 elapsed=43583.0s consensus=supports_wrong_score
[REQUEST] success model=glm-5.3-flash source=content elapsed=53.9s support=supports_correct_score
[REQUEST] success model=doubao-seed-2.0-lite source=content elapsed=7.4s support=supports_correct_score
[PROGRESS] 235/338 complete=232 incomplete=106 elapsed=43644.4s consensus=supports_correct_score
[REQUEST] success model=glm-5.3-flash source=content elapsed=13.2s support=supports_correct_score
[REQUEST] success model=doubao-seed-2.0-lite source=content elapsed=10.5s support=supports_correct_score
[PROGRESS] 236/338 complete=233 incomplete=105 elapsed=43668.3s consensus=supports_correct_score
[REQUEST] success model=glm-5.3-flash source=content elapsed=82.6s support=supports_wrong_score
[REQUEST] success model=doubao-seed-2.0-lite source=content elapsed=23.3s support=supports_wrong_score
[PROGRESS] 237/338 complete=234 incomplete=104 elapsed=43774.3s consensus=supports_wrong_score
[REQUEST] success model=glm-5.3-flash source=content elapsed=31.6s support=supports_correct_score
[REQUEST] success model=doubao-seed-2.0-lite source=content elapsed=11.5s support=supports_correct_score
[PROGRESS] 238/338 complete=235 incomplete=103 elapsed=43817.6s consensus=supports_correct_score
[REQUEST] success model=glm-5.3-flash source=content elapsed=72.3s support=supports_wrong_score
[REQUEST] success model=doubao-seed-2.0-lite source=content elapsed=17.7s support=supports_wrong_score
[PROGRESS] 239/338 complete=236 incomplete=102 elapsed=43907.8s consensus=supports_wrong_score
[REQUEST] success model=glm-5.3-flash source=content elapsed=126.8s support=supports_wrong_score
[REQUEST] success model=doubao-seed-2.0-lite source=content elapsed=25.5s support=supports_wrong_score
[PROGRESS] 240/338 complete=237 incomplete=101 elapsed=44060.3s consensus=supports_wrong_score
[REQUEST] success model=glm-5.3-flash source=content elapsed=74.9s support=supports_wrong_score
[REQUEST] success model=doubao-seed-2.0-lite source=content elapsed=26.9s support=supports_wrong_score
[PROGRESS] 241/338 complete=238 incomplete=100 elapsed=44162.2s consensus=supports_wrong_score
[REQUEST] failed model=glm-5.3-flash attempt=1/3 elapsed=169.1s error=Judge response does not contain a JSON object
[REQUEST] failed model=glm-5.3-flash attempt=2/3 elapsed=181.0s error=HTTP Error 504: Gateway Time-out
[REQUEST] failed model=glm-5.3-flash attempt=3/3 elapsed=180.7s error=HTTP Error 504: Gateway Time-out
[REQUEST] success model=doubao-seed-2.0-lite source=content elapsed=33.4s support=supports_wrong_score
[REQUEST] success model=MiniMax-M3 source=content elapsed=13.9s support=supports_correct_score
[PROGRESS] 242/338 complete=238 incomplete=100 elapsed=44746.6s consensus=-
[REQUEST] success model=glm-5.3-flash source=content elapsed=10.4s support=supports_wrong_score
[REQUEST] success model=doubao-seed-2.0-lite source=content elapsed=16.8s support=supports_wrong_score
[PROGRESS] 243/338 complete=239 incomplete=99 elapsed=44773.9s consensus=supports_wrong_score
[REQUEST] failed model=glm-5.3-flash attempt=1/3 elapsed=180.6s error=The read operation timed out
[REQUEST] success model=glm-5.3-flash source=content elapsed=117.4s support=supports_wrong_score
[REQUEST] success model=doubao-seed-2.0-lite source=content elapsed=25.3s support=supports_wrong_score
[PROGRESS] 244/338 complete=240 incomplete=98 elapsed=45099.4s consensus=supports_wrong_score
[REQUEST] success model=glm-5.3-flash source=content elapsed=80.8s support=supports_wrong_score
[REQUEST] success model=doubao-seed-2.0-lite source=content elapsed=24.5s support=supports_wrong_score
[PROGRESS] 245/338 complete=241 incomplete=97 elapsed=45204.8s consensus=supports_wrong_score
[REQUEST] success model=glm-5.3-flash source=content elapsed=68.2s support=supports_wrong_score
[REQUEST] success model=doubao-seed-2.0-lite source=content elapsed=30.0s support=supports_wrong_score
[PROGRESS] 246/338 complete=242 incomplete=96 elapsed=45303.3s consensus=supports_wrong_score
[REQUEST] success model=glm-5.3-flash source=content elapsed=116.4s support=supports_wrong_score
[REQUEST] success model=doubao-seed-2.0-lite source=content elapsed=28.5s support=supports_wrong_score
[PROGRESS] 247/338 complete=243 incomplete=95 elapsed=45448.3s consensus=supports_wrong_score
[REQUEST] success model=glm-5.3-flash source=content elapsed=145.5s support=supports_wrong_score
[REQUEST] success model=doubao-seed-2.0-lite source=content elapsed=19.1s support=supports_wrong_score
[PROGRESS] 248/338 complete=244 incomplete=94 elapsed=45613.1s consensus=supports_wrong_score
[REQUEST] success model=glm-5.3-flash source=content elapsed=33.1s support=supports_correct_score
[REQUEST] success model=doubao-seed-2.0-lite source=content elapsed=10.7s support=supports_correct_score
[PROGRESS] 249/338 complete=245 incomplete=93 elapsed=45657.1s consensus=supports_correct_score
[REQUEST] success model=glm-5.3-flash source=content elapsed=98.0s support=supports_wrong_score
[REQUEST] success model=doubao-seed-2.0-lite source=content elapsed=30.5s support=supports_wrong_score
[PROGRESS] 250/338 complete=246 incomplete=92 elapsed=45785.8s consensus=supports_wrong_score
[REQUEST] failed model=glm-5.3-flash attempt=1/3 elapsed=180.7s error=The read operation timed out
[REQUEST] success model=glm-5.3-flash source=content elapsed=80.5s support=supports_wrong_score
[REQUEST] success model=doubao-seed-2.0-lite source=content elapsed=18.7s support=supports_wrong_score
[PROGRESS] 251/338 complete=247 incomplete=91 elapsed=46067.8s consensus=supports_wrong_score
[REQUEST] success model=glm-5.3-flash source=content elapsed=102.4s support=supports_correct_score
[REQUEST] success model=doubao-seed-2.0-lite source=content elapsed=6.3s support=supports_correct_score
[PROGRESS] 252/338 complete=248 incomplete=90 elapsed=46176.7s consensus=supports_correct_score
[REQUEST] success model=glm-5.3-flash source=content elapsed=152.6s support=supports_wrong_score
[REQUEST] success model=doubao-seed-2.0-lite source=content elapsed=28.3s support=supports_wrong_score
[PROGRESS] 253/338 complete=249 incomplete=89 elapsed=46357.8s consensus=supports_wrong_score
[REQUEST] failed model=glm-5.3-flash attempt=1/3 elapsed=180.9s error=The read operation timed out
[REQUEST] success model=glm-5.3-flash source=content elapsed=99.3s support=supports_wrong_score
[REQUEST] success model=doubao-seed-2.0-lite source=content elapsed=27.1s support=supports_wrong_score
[PROGRESS] 254/338 complete=250 incomplete=88 elapsed=46667.3s consensus=supports_wrong_score
[REQUEST] success model=glm-5.3-flash source=content elapsed=103.1s support=supports_wrong_score
[REQUEST] success model=doubao-seed-2.0-lite source=content elapsed=26.3s support=supports_wrong_score
[PROGRESS] 255/338 complete=251 incomplete=87 elapsed=46796.9s consensus=supports_wrong_score
[REQUEST] success model=glm-5.3-flash source=content elapsed=39.4s support=supports_wrong_score
[REQUEST] success model=doubao-seed-2.0-lite source=content elapsed=17.8s support=supports_wrong_score
[PROGRESS] 256/338 complete=252 incomplete=86 elapsed=46854.2s consensus=supports_wrong_score
[REQUEST] success model=glm-5.3-flash source=reasoning_content elapsed=162.8s support=supports_wrong_score
[REQUEST] success model=doubao-seed-2.0-lite source=content elapsed=22.1s support=supports_wrong_score
[PROGRESS] 257/338 complete=253 incomplete=85 elapsed=47039.3s consensus=supports_wrong_score
[REQUEST] success model=glm-5.3-flash source=content elapsed=44.3s support=supports_correct_score
[REQUEST] success model=doubao-seed-2.0-lite source=content elapsed=5.8s support=supports_correct_score
[PROGRESS] 258/338 complete=254 incomplete=84 elapsed=47089.7s consensus=supports_correct_score
[REQUEST] success model=glm-5.3-flash source=content elapsed=105.7s support=supports_wrong_score
[REQUEST] success model=doubao-seed-2.0-lite source=content elapsed=16.9s support=supports_wrong_score
[PROGRESS] 259/338 complete=255 incomplete=83 elapsed=47212.4s consensus=supports_wrong_score
[REQUEST] success model=glm-5.3-flash source=content elapsed=51.3s support=supports_wrong_score
[REQUEST] success model=doubao-seed-2.0-lite source=content elapsed=17.6s support=supports_wrong_score
[PROGRESS] 260/338 complete=256 incomplete=82 elapsed=47281.5s consensus=supports_wrong_score
[REQUEST] success model=glm-5.3-flash source=content elapsed=20.0s support=supports_correct_score
[REQUEST] success model=doubao-seed-2.0-lite source=content elapsed=6.9s support=supports_correct_score
[PROGRESS] 261/338 complete=257 incomplete=81 elapsed=47308.6s consensus=supports_correct_score
[REQUEST] success model=glm-5.3-flash source=content elapsed=48.0s support=supports_correct_score
[REQUEST] success model=doubao-seed-2.0-lite source=content elapsed=8.4s support=supports_correct_score
[PROGRESS] 262/338 complete=258 incomplete=80 elapsed=47365.2s consensus=supports_correct_score
[REQUEST] success model=glm-5.3-flash source=content elapsed=27.1s support=supports_correct_score
[REQUEST] success model=doubao-seed-2.0-lite source=content elapsed=8.5s support=supports_correct_score
[PROGRESS] 263/338 complete=259 incomplete=79 elapsed=47401.0s consensus=supports_correct_score
[REQUEST] failed model=glm-5.3-flash attempt=1/3 elapsed=180.7s error=The read operation timed out
[REQUEST] success model=glm-5.3-flash source=content elapsed=171.1s support=supports_wrong_score
[REQUEST] success model=doubao-seed-2.0-lite source=content elapsed=22.3s support=supports_wrong_score
[PROGRESS] 264/338 complete=260 incomplete=78 elapsed=47777.3s consensus=supports_wrong_score
[REQUEST] success model=glm-5.3-flash source=content elapsed=32.8s support=supports_correct_score
[REQUEST] success model=doubao-seed-2.0-lite source=content elapsed=5.2s support=supports_correct_score
[PROGRESS] 265/338 complete=261 incomplete=77 elapsed=47815.6s consensus=supports_correct_score
[REQUEST] success model=glm-5.3-flash source=content elapsed=53.7s support=supports_correct_score
[REQUEST] success model=doubao-seed-2.0-lite source=content elapsed=12.2s support=supports_correct_score
[PROGRESS] 266/338 complete=262 incomplete=76 elapsed=47881.7s consensus=supports_correct_score
[REQUEST] success model=glm-5.3-flash source=content elapsed=148.4s support=supports_wrong_score
[REQUEST] success model=doubao-seed-2.0-lite source=content elapsed=9.8s support=supports_wrong_score
[PROGRESS] 267/338 complete=263 incomplete=75 elapsed=48040.1s consensus=supports_wrong_score
[REQUEST] success model=glm-5.3-flash source=content elapsed=127.3s support=supports_wrong_score
[REQUEST] success model=doubao-seed-2.0-lite source=content elapsed=22.7s support=supports_wrong_score
[PROGRESS] 268/338 complete=264 incomplete=74 elapsed=48190.2s consensus=supports_wrong_score
[REQUEST] success model=glm-5.3-flash source=content elapsed=36.8s support=supports_correct_score
[REQUEST] success model=doubao-seed-2.0-lite source=content elapsed=6.4s support=supports_correct_score
[PROGRESS] 269/338 complete=265 incomplete=73 elapsed=48233.6s consensus=supports_correct_score
[REQUEST] success model=glm-5.3-flash source=content elapsed=102.1s support=supports_wrong_score
[REQUEST] success model=doubao-seed-2.0-lite source=content elapsed=24.5s support=supports_wrong_score
[PROGRESS] 270/338 complete=266 incomplete=72 elapsed=48360.4s consensus=supports_wrong_score
[REQUEST] success model=glm-5.3-flash source=content elapsed=92.4s support=supports_wrong_score
[REQUEST] success model=doubao-seed-2.0-lite source=content elapsed=18.8s support=supports_wrong_score
[PROGRESS] 271/338 complete=267 incomplete=71 elapsed=48471.7s consensus=supports_wrong_score
[REQUEST] success model=glm-5.3-flash source=content elapsed=126.8s support=supports_wrong_score
[REQUEST] success model=doubao-seed-2.0-lite source=content elapsed=15.9s support=supports_wrong_score
[PROGRESS] 272/338 complete=268 incomplete=70 elapsed=48614.6s consensus=supports_wrong_score
[REQUEST] success model=glm-5.3-flash source=content elapsed=113.0s support=supports_wrong_score
[REQUEST] success model=doubao-seed-2.0-lite source=content elapsed=35.5s support=supports_wrong_score
[PROGRESS] 273/338 complete=269 incomplete=69 elapsed=48763.3s consensus=supports_wrong_score
[REQUEST] success model=glm-5.3-flash source=content elapsed=124.4s support=supports_wrong_score
[REQUEST] success model=doubao-seed-2.0-lite source=content elapsed=21.4s support=supports_wrong_score
[PROGRESS] 274/338 complete=270 incomplete=68 elapsed=48909.3s consensus=supports_wrong_score
[REQUEST] failed model=glm-5.3-flash attempt=1/3 elapsed=185.4s error=HTTP Error 504: Gateway Time-out
[REQUEST] failed model=glm-5.3-flash attempt=2/3 elapsed=172.3s error=No JSON object matched the judgment schema
[REQUEST] success model=glm-5.3-flash source=content elapsed=95.1s support=supports_wrong_score
[REQUEST] success model=doubao-seed-2.0-lite source=content elapsed=19.6s support=supports_wrong_score
[PROGRESS] 275/338 complete=271 incomplete=67 elapsed=49387.9s consensus=supports_wrong_score
[REQUEST] success model=glm-5.3-flash source=content elapsed=66.8s support=supports_correct_score
[REQUEST] success model=doubao-seed-2.0-lite source=content elapsed=7.9s support=supports_correct_score
[PROGRESS] 276/338 complete=272 incomplete=66 elapsed=49462.8s consensus=supports_correct_score
[REQUEST] success model=glm-5.3-flash source=content elapsed=149.5s support=supports_wrong_score
[REQUEST] success model=doubao-seed-2.0-lite source=content elapsed=23.0s support=supports_wrong_score
[PROGRESS] 277/338 complete=273 incomplete=65 elapsed=49635.5s consensus=supports_wrong_score
[REQUEST] success model=glm-5.3-flash source=content elapsed=70.9s support=supports_wrong_score
[REQUEST] success model=doubao-seed-2.0-lite source=content elapsed=19.4s support=supports_wrong_score
[PROGRESS] 278/338 complete=274 incomplete=64 elapsed=49726.0s consensus=supports_wrong_score
[REQUEST] success model=glm-5.3-flash source=content elapsed=131.6s support=supports_wrong_score
[REQUEST] success model=doubao-seed-2.0-lite source=content elapsed=20.5s support=supports_wrong_score
[PROGRESS] 279/338 complete=275 incomplete=63 elapsed=49878.4s consensus=supports_wrong_score
[REQUEST] success model=glm-5.3-flash source=content elapsed=78.5s support=supports_wrong_score
[REQUEST] success model=doubao-seed-2.0-lite source=content elapsed=15.6s support=supports_wrong_score
[PROGRESS] 280/338 complete=276 incomplete=62 elapsed=49972.6s consensus=supports_wrong_score
[REQUEST] success model=glm-5.3-flash source=content elapsed=106.1s support=supports_wrong_score
[REQUEST] success model=doubao-seed-2.0-lite source=content elapsed=19.8s support=supports_wrong_score
[PROGRESS] 281/338 complete=277 incomplete=61 elapsed=50098.8s consensus=supports_wrong_score
[REQUEST] success model=glm-5.3-flash source=content elapsed=63.9s support=supports_correct_score
[REQUEST] success model=doubao-seed-2.0-lite source=content elapsed=11.8s support=supports_correct_score
[PROGRESS] 282/338 complete=278 incomplete=60 elapsed=50174.8s consensus=supports_correct_score
[REQUEST] success model=glm-5.3-flash source=content elapsed=37.8s support=supports_correct_score
[REQUEST] success model=doubao-seed-2.0-lite source=content elapsed=7.4s support=supports_correct_score
[PROGRESS] 283/338 complete=279 incomplete=59 elapsed=50220.2s consensus=supports_correct_score
[REQUEST] success model=glm-5.3-flash source=content elapsed=21.0s support=supports_correct_score
[REQUEST] success model=doubao-seed-2.0-lite source=content elapsed=8.5s support=supports_correct_score
[PROGRESS] 284/338 complete=280 incomplete=58 elapsed=50249.9s consensus=supports_correct_score
[REQUEST] success model=glm-5.3-flash source=content elapsed=44.5s support=supports_correct_score
[REQUEST] success model=doubao-seed-2.0-lite source=content elapsed=9.0s support=supports_correct_score
[PROGRESS] 285/338 complete=281 incomplete=57 elapsed=50303.6s consensus=supports_correct_score
[REQUEST] success model=glm-5.3-flash source=content elapsed=116.0s support=supports_wrong_score
[REQUEST] success model=doubao-seed-2.0-lite source=content elapsed=36.1s support=supports_wrong_score
[PROGRESS] 286/338 complete=282 incomplete=56 elapsed=50455.8s consensus=supports_wrong_score
[REQUEST] success model=glm-5.3-flash source=content elapsed=37.3s support=supports_correct_score
[REQUEST] success model=doubao-seed-2.0-lite source=content elapsed=14.3s support=supports_correct_score
[PROGRESS] 287/338 complete=283 incomplete=55 elapsed=50507.7s consensus=supports_correct_score
[REQUEST] success model=glm-5.3-flash source=content elapsed=50.0s support=supports_wrong_score
[REQUEST] success model=doubao-seed-2.0-lite source=content elapsed=28.4s support=supports_wrong_score
[PROGRESS] 288/338 complete=284 incomplete=54 elapsed=50586.4s consensus=supports_wrong_score
[REQUEST] success model=glm-5.3-flash source=content elapsed=142.4s support=supports_wrong_score
[REQUEST] success model=doubao-seed-2.0-lite source=content elapsed=29.5s support=supports_wrong_score
[PROGRESS] 289/338 complete=285 incomplete=53 elapsed=50758.3s consensus=supports_wrong_score
[REQUEST] success model=glm-5.3-flash source=content elapsed=141.2s support=supports_wrong_score
[REQUEST] success model=doubao-seed-2.0-lite source=content elapsed=27.9s support=supports_wrong_score
[PROGRESS] 290/338 complete=286 incomplete=52 elapsed=50927.6s consensus=supports_wrong_score
[REQUEST] success model=glm-5.3-flash source=content elapsed=37.9s support=supports_correct_score
[REQUEST] success model=doubao-seed-2.0-lite source=content elapsed=10.6s support=supports_correct_score
[PROGRESS] 291/338 complete=287 incomplete=51 elapsed=50976.2s consensus=supports_correct_score
[REQUEST] success model=glm-5.3-flash source=content elapsed=80.4s support=supports_wrong_score
[REQUEST] success model=doubao-seed-2.0-lite source=content elapsed=14.5s support=supports_wrong_score
[PROGRESS] 292/338 complete=288 incomplete=50 elapsed=51071.4s consensus=supports_wrong_score
[REQUEST] success model=glm-5.3-flash source=content elapsed=73.2s support=supports_wrong_score
[REQUEST] success model=doubao-seed-2.0-lite source=content elapsed=15.2s support=supports_wrong_score
[PROGRESS] 293/338 complete=289 incomplete=49 elapsed=51160.0s consensus=supports_wrong_score
[REQUEST] success model=glm-5.3-flash source=content elapsed=32.4s support=supports_correct_score
[REQUEST] success model=doubao-seed-2.0-lite source=content elapsed=7.5s support=supports_correct_score
[PROGRESS] 294/338 complete=290 incomplete=48 elapsed=51200.0s consensus=supports_correct_score
[REQUEST] success model=glm-5.3-flash source=content elapsed=32.2s support=supports_correct_score
[REQUEST] success model=doubao-seed-2.0-lite source=content elapsed=8.5s support=supports_correct_score
[PROGRESS] 295/338 complete=291 incomplete=47 elapsed=51241.0s consensus=supports_correct_score
[REQUEST] success model=glm-5.3-flash source=content elapsed=69.7s support=supports_wrong_score
[REQUEST] success model=doubao-seed-2.0-lite source=content elapsed=17.1s support=supports_wrong_score
[PROGRESS] 296/338 complete=292 incomplete=46 elapsed=51328.1s consensus=supports_wrong_score
[REQUEST] success model=glm-5.3-flash source=content elapsed=68.0s support=supports_wrong_score
[REQUEST] success model=doubao-seed-2.0-lite source=content elapsed=22.6s support=supports_wrong_score
[PROGRESS] 297/338 complete=293 incomplete=45 elapsed=51418.9s consensus=supports_wrong_score
[REQUEST] success model=glm-5.3-flash source=content elapsed=66.0s support=supports_wrong_score
[REQUEST] success model=doubao-seed-2.0-lite source=content elapsed=40.4s support=supports_wrong_score
[PROGRESS] 298/338 complete=294 incomplete=44 elapsed=51525.5s consensus=supports_wrong_score
[REQUEST] success model=glm-5.3-flash source=reasoning_content elapsed=164.5s support=supports_wrong_score
[REQUEST] success model=doubao-seed-2.0-lite source=content elapsed=16.4s support=supports_wrong_score
[PROGRESS] 299/338 complete=295 incomplete=43 elapsed=51706.6s consensus=supports_wrong_score
[REQUEST] failed model=glm-5.3-flash attempt=1/3 elapsed=180.8s error=HTTP Error 504: Gateway Time-out
[REQUEST] success model=glm-5.3-flash source=content elapsed=128.2s support=supports_wrong_score
[REQUEST] success model=doubao-seed-2.0-lite source=content elapsed=29.7s support=supports_wrong_score
[PROGRESS] 300/338 complete=296 incomplete=42 elapsed=52047.5s consensus=supports_wrong_score
[REQUEST] failed model=glm-5.3-flash attempt=1/3 elapsed=180.7s error=HTTP Error 504: Gateway Time-out
[REQUEST] success model=glm-5.3-flash source=content elapsed=144.1s support=supports_wrong_score
[REQUEST] success model=doubao-seed-2.0-lite source=content elapsed=25.8s support=supports_wrong_score
[PROGRESS] 301/338 complete=297 incomplete=41 elapsed=52400.2s consensus=supports_wrong_score
[REQUEST] success model=glm-5.3-flash source=content elapsed=119.5s support=supports_wrong_score
[REQUEST] success model=doubao-seed-2.0-lite source=content elapsed=23.7s support=supports_wrong_score
[PROGRESS] 302/338 complete=298 incomplete=40 elapsed=52543.7s consensus=supports_wrong_score
[REQUEST] success model=glm-5.3-flash source=content elapsed=145.3s support=supports_wrong_score
[REQUEST] success model=doubao-seed-2.0-lite source=content elapsed=19.2s support=supports_wrong_score
[PROGRESS] 303/338 complete=299 incomplete=39 elapsed=52708.5s consensus=supports_wrong_score
[REQUEST] success model=glm-5.3-flash source=reasoning_content elapsed=152.1s support=supports_wrong_score
[REQUEST] success model=doubao-seed-2.0-lite source=content elapsed=22.6s support=supports_wrong_score
[PROGRESS] 304/338 complete=300 incomplete=38 elapsed=52883.4s consensus=supports_wrong_score
[REQUEST] success model=glm-5.3-flash source=content elapsed=83.6s support=supports_wrong_score
[REQUEST] success model=doubao-seed-2.0-lite source=content elapsed=23.7s support=supports_wrong_score
[PROGRESS] 305/338 complete=301 incomplete=37 elapsed=52991.0s consensus=supports_wrong_score
[REQUEST] failed model=glm-5.3-flash attempt=1/3 elapsed=147.0s error=Judge response does not contain a JSON object
[REQUEST] failed model=glm-5.3-flash attempt=2/3 elapsed=168.8s error=Judge response does not contain a JSON object
[REQUEST] failed model=glm-5.3-flash attempt=3/3 elapsed=180.8s error=The read operation timed out
[REQUEST] success model=doubao-seed-2.0-lite source=content elapsed=11.8s support=supports_correct_score
[REQUEST] success model=MiniMax-M3 source=content elapsed=4.5s support=supports_correct_score
[PROGRESS] 306/338 complete=302 incomplete=36 elapsed=53510.2s consensus=supports_correct_score
[REQUEST] success model=glm-5.3-flash source=content elapsed=106.2s support=supports_wrong_score
[REQUEST] success model=doubao-seed-2.0-lite source=content elapsed=35.2s support=supports_wrong_score
[PROGRESS] 307/338 complete=303 incomplete=35 elapsed=53651.7s consensus=supports_wrong_score
[REQUEST] failed model=glm-5.3-flash attempt=1/3 elapsed=180.7s error=HTTP Error 504: Gateway Time-out
[REQUEST] success model=glm-5.3-flash source=content elapsed=96.2s support=supports_wrong_score
[REQUEST] success model=doubao-seed-2.0-lite source=content elapsed=21.8s support=supports_wrong_score
[PROGRESS] 308/338 complete=304 incomplete=34 elapsed=53952.6s consensus=supports_wrong_score
[REQUEST] success model=glm-5.3-flash source=content elapsed=76.6s support=supports_wrong_score
[REQUEST] success model=doubao-seed-2.0-lite source=content elapsed=20.7s support=supports_wrong_score
[PROGRESS] 309/338 complete=305 incomplete=33 elapsed=54050.2s consensus=supports_wrong_score
[REQUEST] failed model=glm-5.3-flash attempt=1/3 elapsed=180.7s error=HTTP Error 504: Gateway Time-out
[REQUEST] success model=glm-5.3-flash source=content elapsed=73.2s support=supports_wrong_score
[REQUEST] success model=doubao-seed-2.0-lite source=content elapsed=27.3s support=supports_wrong_score
[PROGRESS] 310/338 complete=306 incomplete=32 elapsed=54333.5s consensus=supports_wrong_score
[REQUEST] success model=glm-5.3-flash source=content elapsed=31.7s support=supports_correct_score
[REQUEST] success model=doubao-seed-2.0-lite source=content elapsed=9.7s support=supports_correct_score
[PROGRESS] 311/338 complete=307 incomplete=31 elapsed=54375.1s consensus=supports_correct_score
[REQUEST] success model=glm-5.3-flash source=content elapsed=144.3s support=supports_wrong_score
[REQUEST] success model=doubao-seed-2.0-lite source=content elapsed=22.6s support=supports_wrong_score
[PROGRESS] 312/338 complete=308 incomplete=30 elapsed=54542.2s consensus=supports_wrong_score
[REQUEST] success model=glm-5.3-flash source=content elapsed=113.6s support=supports_wrong_score
[REQUEST] success model=doubao-seed-2.0-lite source=content elapsed=21.3s support=supports_wrong_score
[PROGRESS] 313/338 complete=309 incomplete=29 elapsed=54677.3s consensus=supports_wrong_score
[REQUEST] success model=glm-5.3-flash source=content elapsed=147.8s support=supports_wrong_score
[REQUEST] success model=doubao-seed-2.0-lite source=content elapsed=26.3s support=supports_wrong_score
[PROGRESS] 314/338 complete=310 incomplete=28 elapsed=54851.6s consensus=supports_wrong_score
[REQUEST] success model=glm-5.3-flash source=content elapsed=102.2s support=supports_wrong_score
[REQUEST] success model=doubao-seed-2.0-lite source=content elapsed=23.8s support=supports_wrong_score
[PROGRESS] 315/338 complete=311 incomplete=27 elapsed=54977.7s consensus=supports_wrong_score
[REQUEST] success model=glm-5.3-flash source=content elapsed=122.4s support=supports_wrong_score
[REQUEST] success model=doubao-seed-2.0-lite source=content elapsed=21.1s support=supports_wrong_score
[PROGRESS] 316/338 complete=312 incomplete=26 elapsed=55121.4s consensus=supports_wrong_score
[REQUEST] success model=glm-5.3-flash source=content elapsed=101.0s support=supports_wrong_score
[REQUEST] success model=doubao-seed-2.0-lite source=content elapsed=21.9s support=supports_wrong_score
[PROGRESS] 317/338 complete=313 incomplete=25 elapsed=55244.4s consensus=supports_wrong_score
[REQUEST] success model=glm-5.3-flash source=content elapsed=25.8s support=supports_correct_score
[REQUEST] success model=doubao-seed-2.0-lite source=content elapsed=8.5s support=supports_correct_score
[PROGRESS] 318/338 complete=314 incomplete=24 elapsed=55278.9s consensus=supports_correct_score
[REQUEST] failed model=glm-5.3-flash attempt=1/3 elapsed=167.9s error=Judge response does not contain a JSON object
[REQUEST] success model=glm-5.3-flash source=content elapsed=140.0s support=supports_wrong_score
[REQUEST] success model=doubao-seed-2.0-lite source=content elapsed=29.6s support=supports_wrong_score
[PROGRESS] 319/338 complete=315 incomplete=23 elapsed=55618.5s consensus=supports_wrong_score
[REQUEST] success model=glm-5.3-flash source=content elapsed=79.9s support=supports_correct_score
[REQUEST] success model=doubao-seed-2.0-lite source=content elapsed=7.6s support=supports_correct_score
[PROGRESS] 320/338 complete=316 incomplete=22 elapsed=55706.1s consensus=supports_correct_score
[REQUEST] success model=glm-5.3-flash source=content elapsed=107.8s support=supports_wrong_score
[REQUEST] success model=doubao-seed-2.0-lite source=content elapsed=14.8s support=supports_wrong_score
[PROGRESS] 321/338 complete=317 incomplete=21 elapsed=55829.0s consensus=supports_wrong_score
[REQUEST] success model=glm-5.3-flash source=content elapsed=66.6s support=supports_correct_score
[REQUEST] success model=doubao-seed-2.0-lite source=content elapsed=11.6s support=supports_correct_score
[PROGRESS] 322/338 complete=318 incomplete=20 elapsed=55907.4s consensus=supports_correct_score
[REQUEST] success model=glm-5.3-flash source=content elapsed=117.2s support=supports_wrong_score
[REQUEST] success model=doubao-seed-2.0-lite source=content elapsed=17.2s support=supports_wrong_score
[PROGRESS] 323/338 complete=319 incomplete=19 elapsed=56041.9s consensus=supports_wrong_score
[REQUEST] success model=glm-5.3-flash source=content elapsed=45.5s support=supports_correct_score
[REQUEST] success model=doubao-seed-2.0-lite source=content elapsed=6.9s support=supports_correct_score
[PROGRESS] 324/338 complete=320 incomplete=18 elapsed=56094.5s consensus=supports_correct_score
[REQUEST] success model=glm-5.3-flash source=content elapsed=168.2s support=supports_wrong_score
[REQUEST] success model=doubao-seed-2.0-lite source=content elapsed=22.7s support=supports_wrong_score
[PROGRESS] 325/338 complete=321 incomplete=17 elapsed=56285.7s consensus=supports_wrong_score
[REQUEST] success model=glm-5.3-flash source=content elapsed=138.8s support=supports_wrong_score
[REQUEST] success model=doubao-seed-2.0-lite source=content elapsed=21.0s support=supports_wrong_score
[PROGRESS] 326/338 complete=322 incomplete=16 elapsed=56445.7s consensus=supports_wrong_score
[REQUEST] success model=glm-5.3-flash source=content elapsed=112.4s support=supports_wrong_score
[REQUEST] success model=doubao-seed-2.0-lite source=content elapsed=29.0s support=supports_wrong_score
[PROGRESS] 327/338 complete=323 incomplete=15 elapsed=56587.4s consensus=supports_wrong_score
[REQUEST] failed model=glm-5.3-flash attempt=1/3 elapsed=174.7s error=No JSON object matched the judgment schema
[REQUEST] success model=glm-5.3-flash source=content elapsed=126.1s support=supports_wrong_score
[REQUEST] success model=doubao-seed-2.0-lite source=content elapsed=27.7s support=supports_wrong_score
[PROGRESS] 328/338 complete=324 incomplete=14 elapsed=56918.2s consensus=supports_wrong_score
[REQUEST] success model=glm-5.3-flash source=content elapsed=15.6s support=supports_correct_score
[REQUEST] success model=doubao-seed-2.0-lite source=content elapsed=8.8s support=supports_correct_score
[PROGRESS] 329/338 complete=325 incomplete=13 elapsed=56942.8s consensus=supports_correct_score
[REQUEST] success model=glm-5.3-flash source=reasoning_content elapsed=160.4s support=supports_correct_score
[REQUEST] success model=doubao-seed-2.0-lite source=content elapsed=11.1s support=supports_correct_score
[PROGRESS] 330/338 complete=326 incomplete=12 elapsed=57114.6s consensus=supports_correct_score
[REQUEST] success model=glm-5.3-flash source=content elapsed=132.6s support=supports_wrong_score
[REQUEST] success model=doubao-seed-2.0-lite source=content elapsed=17.0s support=supports_wrong_score
[PROGRESS] 331/338 complete=327 incomplete=11 elapsed=57264.4s consensus=supports_wrong_score
[REQUEST] success model=glm-5.3-flash source=content elapsed=86.8s support=supports_wrong_score
[REQUEST] success model=doubao-seed-2.0-lite source=content elapsed=19.7s support=supports_wrong_score
[PROGRESS] 332/338 complete=328 incomplete=10 elapsed=57371.1s consensus=supports_wrong_score
[REQUEST] success model=glm-5.3-flash source=content elapsed=180.1s support=supports_correct_score
[REQUEST] success model=doubao-seed-2.0-lite source=content elapsed=11.1s support=supports_correct_score
[PROGRESS] 333/338 complete=329 incomplete=9 elapsed=57562.5s consensus=supports_correct_score
[REQUEST] success model=glm-5.3-flash source=content elapsed=66.3s support=supports_wrong_score
[REQUEST] success model=doubao-seed-2.0-lite source=content elapsed=16.3s support=supports_wrong_score
[PROGRESS] 334/338 complete=330 incomplete=8 elapsed=57645.4s consensus=supports_wrong_score
[REQUEST] failed model=glm-5.3-flash attempt=1/3 elapsed=142.5s error=Judge response does not contain a JSON object
[REQUEST] failed model=glm-5.3-flash attempt=2/3 elapsed=180.7s error=The read operation timed out
[REQUEST] success model=glm-5.3-flash source=content elapsed=145.9s support=supports_wrong_score
[REQUEST] success model=doubao-seed-2.0-lite source=content elapsed=19.5s support=supports_wrong_score
[PROGRESS] 335/338 complete=331 incomplete=7 elapsed=58140.1s consensus=supports_wrong_score
[REQUEST] success model=glm-5.3-flash source=content elapsed=112.6s support=supports_correct_score
[REQUEST] success model=doubao-seed-2.0-lite source=content elapsed=12.3s support=supports_correct_score
[PROGRESS] 336/338 complete=332 incomplete=6 elapsed=58265.1s consensus=supports_correct_score
[REQUEST] success model=glm-5.3-flash source=content elapsed=136.3s support=supports_wrong_score
[REQUEST] success model=doubao-seed-2.0-lite source=content elapsed=25.5s support=supports_wrong_score
[PROGRESS] 337/338 complete=333 incomplete=5 elapsed=58427.1s consensus=supports_wrong_score
[REQUEST] failed model=glm-5.3-flash attempt=1/3 elapsed=164.5s error=No JSON object matched the judgment schema
[REQUEST] failed model=glm-5.3-flash attempt=2/3 elapsed=165.2s error=Judge response does not contain a JSON object
[REQUEST] failed model=glm-5.3-flash attempt=3/3 elapsed=180.6s error=The read operation timed out
[REQUEST] success model=doubao-seed-2.0-lite source=content elapsed=22.2s support=supports_wrong_score
[REQUEST] success model=MiniMax-M3 source=content elapsed=3.1s support=supports_wrong_score
[PROGRESS] 338/338 complete=334 incomplete=4 elapsed=58969.0s consensus=supports_wrong_score
[?2004hroot@autodl-container-pwr6zxz5jh-8bd8f0dc:~/my-small-paper# 