
[2026-09-21T20:51:56.952343+00:00] + /root/miniconda3/bin/python scripts/train.py --config configs/training/training-0.6B/rw_gen_positioning_type/paper_align.yaml --seed 44 --fresh
[transformers] `torch_dtype` is deprecated! Use `dtype` instead!

Loading weights:   0%|          | 0/311 [00:00<?, ?it/s]
Loading weights: 100%|██████████| 311/311 [00:00<00:00, 3437.30it/s]
[transformers] warmup_ratio is deprecated and will be removed in v5.2. Use `warmup_steps` instead.
[transformers] `logging_dir` is deprecated and will be removed in v5.2. Please set `TENSORBOARD_LOGGING_DIR` instead.
2026-09-22 04:52:10,930 WARNING [RANK 0] Detected kernel version 5.4.0, which is below the recommended minimum of 5.5.0; this can cause the process to hang. It is recommended to upgrade the kernel to the minimum version or higher.
2026-09-22 04:52:11,280 INFO [rw_gen_positioning_type|paper_align|Qwen3-0.6B] Starting fresh run rw_gen_positioning_type#qwen3_0.6b#paper_align__seed44__2026-09-22_04-52-05 seed=44 train=850 val=94 scores=[0, 1] method=paper_align
2026-09-22 04:52:11,280 INFO [rw_gen_positioning_type|paper_align|Qwen3-0.6B] Trainable parameters=10092544 (1.6650%); save_strategy=epoch; retaining final checkpoint only
[transformers] The tokenizer has new PAD/BOS/EOS tokens that differ from the model config and generation config. The model config and generation config were aligned accordingly, being updated with the tokenizer's values. Updated tokens: {'bos_token_id': None, 'pad_token_id': 151643}.

  0%|          | 0/321 [00:00<?, ?it/s]2026-09-22 04:52:12,104 INFO [rw_gen_positioning_type|paper_align|Qwen3-0.6B] step=0 epoch=0

                                       

  0%|          | 0/321 [00:00<?, ?it/s]2026-09-22 04:52:12,842 INFO [rw_gen_positioning_type|paper_align|Qwen3-0.6B] step=0 epoch=0

                                       

  0%|          | 0/321 [00:01<?, ?it/s]2026-09-22 04:52:13,466 INFO [rw_gen_positioning_type|paper_align|Qwen3-0.6B] step=0 epoch=0

                                       

  0%|          | 0/321 [00:01<?, ?it/s]2026-09-22 04:52:14,070 INFO [rw_gen_positioning_type|paper_align|Qwen3-0.6B] step=0 epoch=0

                                       

  0%|          | 0/321 [00:02<?, ?it/s]
  0%|          | 1/321 [00:03<16:34,  3.11s/it]2026-09-22 04:52:14,908 INFO [rw_gen_positioning_type|paper_align|Qwen3-0.6B] step=1 epoch=0.0094

                                               

  0%|          | 1/321 [00:03<16:34,  3.11s/it]2026-09-22 04:52:15,750 INFO [rw_gen_positioning_type|paper_align|Qwen3-0.6B] step=1 epoch=0.0094

                                               

  0%|          | 1/321 [00:04<16:34,  3.11s/it]2026-09-22 04:52:16,430 INFO [rw_gen_positioning_type|paper_align|Qwen3-0.6B] step=1 epoch=0.0094

                                               

  0%|          | 1/321 [00:04<16:34,  3.11s/it]2026-09-22 04:52:17,020 INFO [rw_gen_positioning_type|paper_align|Qwen3-0.6B] step=1 epoch=0.0094

                                               

  0%|          | 1/321 [00:05<16:34,  3.11s/it]
  1%|          | 2/321 [00:06<15:56,  3.00s/it]2026-09-22 04:52:17,799 INFO [rw_gen_positioning_type|paper_align|Qwen3-0.6B] step=2 epoch=0.0188

                                               

  1%|          | 2/321 [00:06<15:56,  3.00s/it]2026-09-22 04:52:18,413 INFO [rw_gen_positioning_type|paper_align|Qwen3-0.6B] step=2 epoch=0.0188

                                               

  1%|          | 2/321 [00:06<15:56,  3.00s/it]2026-09-22 04:52:19,038 INFO [rw_gen_positioning_type|paper_align|Qwen3-0.6B] step=2 epoch=0.0188

                                               

  1%|          | 2/321 [00:07<15:56,  3.00s/it]2026-09-22 04:52:19,782 INFO [rw_gen_positioning_type|paper_align|Qwen3-0.6B] step=2 epoch=0.0188

                                               

  1%|          | 2/321 [00:08<15:56,  3.00s/it]
  1%|          | 3/321 [00:08<15:18,  2.89s/it]2026-09-22 04:52:20,593 INFO [rw_gen_positioning_type|paper_align|Qwen3-0.6B] step=3 epoch=0.0282

                                               

  1%|          | 3/321 [00:09<15:18,  2.89s/it]2026-09-22 04:52:21,404 INFO [rw_gen_positioning_type|paper_align|Qwen3-0.6B] step=3 epoch=0.0282

                                               

  1%|          | 3/321 [00:09<15:18,  2.89s/it]2026-09-22 04:52:21,977 INFO [rw_gen_positioning_type|paper_align|Qwen3-0.6B] step=3 epoch=0.0282

                                               

  1%|          | 3/321 [00:10<15:18,  2.89s/it]2026-09-22 04:52:22,659 INFO [rw_gen_positioning_type|paper_align|Qwen3-0.6B] step=3 epoch=0.0282

                                               

  1%|          | 3/321 [00:11<15:18,  2.89s/it]
  1%|          | 4/321 [00:11<14:55,  2.83s/it]2026-09-22 04:52:23,371 INFO [rw_gen_positioning_type|paper_align|Qwen3-0.6B] step=4 epoch=0.0376

                                               

  1%|          | 4/321 [00:11<14:55,  2.83s/it]2026-09-22 04:52:24,347 INFO [rw_gen_positioning_type|paper_align|Qwen3-0.6B] step=4 epoch=0.0376

                                               

  1%|          | 4/321 [00:12<14:55,  2.83s/it]2026-09-22 04:52:25,402 INFO [rw_gen_positioning_type|paper_align|Qwen3-0.6B] step=4 epoch=0.0376

                                               

  1%|          | 4/321 [00:13<14:55,  2.83s/it]2026-09-22 04:52:26,160 INFO [rw_gen_positioning_type|paper_align|Qwen3-0.6B] step=4 epoch=0.0376

                                               

  1%|          | 4/321 [00:14<14:55,  2.83s/it]
  2%|▏         | 5/321 [00:15<16:14,  3.08s/it]2026-09-22 04:52:26,827 INFO [rw_gen_positioning_type|paper_align|Qwen3-0.6B] step=5 epoch=0.0471

                                               

  2%|▏         | 5/321 [00:15<16:14,  3.08s/it]2026-09-22 04:52:27,464 INFO [rw_gen_positioning_type|paper_align|Qwen3-0.6B] step=5 epoch=0.0471

                                               

  2%|▏         | 5/321 [00:15<16:14,  3.08s/it]2026-09-22 04:52:28,048 INFO [rw_gen_positioning_type|paper_align|Qwen3-0.6B] step=5 epoch=0.0471

                                               

  2%|▏         | 5/321 [00:16<16:14,  3.08s/it]2026-09-22 04:52:28,783 INFO [rw_gen_positioning_type|paper_align|Qwen3-0.6B] step=5 epoch=0.0471

                                               

  2%|▏         | 5/321 [00:17<16:14,  3.08s/it]
  2%|▏         | 6/321 [00:17<15:22,  2.93s/it]2026-09-22 04:52:29,471 INFO [rw_gen_positioning_type|paper_align|Qwen3-0.6B] step=6 epoch=0.0565

                                               

  2%|▏         | 6/321 [00:17<15:22,  2.93s/it]2026-09-22 04:52:30,225 INFO [rw_gen_positioning_type|paper_align|Qwen3-0.6B] step=6 epoch=0.0565

                                               

  2%|▏         | 6/321 [00:18<15:22,  2.93s/it]2026-09-22 04:52:30,992 INFO [rw_gen_positioning_type|paper_align|Qwen3-0.6B] step=6 epoch=0.0565

                                               

  2%|▏         | 6/321 [00:19<15:22,  2.93s/it]2026-09-22 04:52:31,688 INFO [rw_gen_positioning_type|paper_align|Qwen3-0.6B] step=6 epoch=0.0565

                                               

  2%|▏         | 6/321 [00:20<15:22,  2.93s/it]
  2%|▏         | 7/321 [00:20<15:21,  2.93s/it]2026-09-22 04:52:32,409 INFO [rw_gen_positioning_type|paper_align|Qwen3-0.6B] step=7 epoch=0.0659

                                               

  2%|▏         | 7/321 [00:20<15:21,  2.93s/it]2026-09-22 04:52:33,001 INFO [rw_gen_positioning_type|paper_align|Qwen3-0.6B] step=7 epoch=0.0659

                                               

  2%|▏         | 7/321 [00:21<15:21,  2.93s/it]2026-09-22 04:52:33,707 INFO [rw_gen_positioning_type|paper_align|Qwen3-0.6B] step=7 epoch=0.0659

                                               

  2%|▏         | 7/321 [00:22<15:21,  2.93s/it]2026-09-22 04:52:34,446 INFO [rw_gen_positioning_type|paper_align|Qwen3-0.6B] step=7 epoch=0.0659

                                               

  2%|▏         | 7/321 [00:22<15:21,  2.93s/it]
  2%|▏         | 8/321 [00:23<15:08,  2.90s/it]2026-09-22 04:52:35,255 INFO [rw_gen_positioning_type|paper_align|Qwen3-0.6B] step=8 epoch=0.0753

                                               

  2%|▏         | 8/321 [00:23<15:08,  2.90s/it]2026-09-22 04:52:36,047 INFO [rw_gen_positioning_type|paper_align|Qwen3-0.6B] step=8 epoch=0.0753

                                               

  2%|▏         | 8/321 [00:24<15:08,  2.90s/it]2026-09-22 04:52:36,927 INFO [rw_gen_positioning_type|paper_align|Qwen3-0.6B] step=8 epoch=0.0753

                                               

  2%|▏         | 8/321 [00:25<15:08,  2.90s/it]2026-09-22 04:52:37,597 INFO [rw_gen_positioning_type|paper_align|Qwen3-0.6B] step=8 epoch=0.0753

                                               

  2%|▏         | 8/321 [00:26<15:08,  2.90s/it]
  3%|▎         | 9/321 [00:26<15:28,  2.98s/it]2026-09-22 04:52:38,388 INFO [rw_gen_positioning_type|paper_align|Qwen3-0.6B] step=9 epoch=0.0847

                                               

  3%|▎         | 9/321 [00:26<15:28,  2.98s/it]2026-09-22 04:52:39,113 INFO [rw_gen_positioning_type|paper_align|Qwen3-0.6B] step=9 epoch=0.0847

                                               

  3%|▎         | 9/321 [00:27<15:28,  2.98s/it]2026-09-22 04:52:40,070 INFO [rw_gen_positioning_type|paper_align|Qwen3-0.6B] step=9 epoch=0.0847

                                               

  3%|▎         | 9/321 [00:28<15:28,  2.98s/it]2026-09-22 04:52:40,796 INFO [rw_gen_positioning_type|paper_align|Qwen3-0.6B] step=9 epoch=0.0847

                                               

  3%|▎         | 9/321 [00:29<15:28,  2.98s/it]
  3%|▎         | 10/321 [00:29<15:36,  3.01s/it]2026-09-22 04:52:41,225 INFO [rw_gen_positioning_type|paper_align|Qwen3-0.6B] step=10 loss=3.6267 learning_rate=0.0001 epoch=0.0941

                                                

  3%|▎         | 10/321 [00:29<15:36,  3.01s/it]2026-09-22 04:52:41,481 INFO [rw_gen_positioning_type|paper_align|Qwen3-0.6B] step=10 epoch=0.0941

                                                

  3%|▎         | 10/321 [00:29<15:36,  3.01s/it]2026-09-22 04:52:42,213 INFO [rw_gen_positioning_type|paper_align|Qwen3-0.6B] step=10 epoch=0.0941

                                                

  3%|▎         | 10/321 [00:30<15:36,  3.01s/it]2026-09-22 04:52:43,029 INFO [rw_gen_positioning_type|paper_align|Qwen3-0.6B] step=10 epoch=0.0941

                                                

  3%|▎         | 10/321 [00:31<15:36,  3.01s/it]2026-09-22 04:52:43,636 INFO [rw_gen_positioning_type|paper_align|Qwen3-0.6B] step=10 epoch=0.0941

                                                

  3%|▎         | 10/321 [00:32<15:36,  3.01s/it]
  3%|▎         | 11/321 [00:32<15:32,  3.01s/it]2026-09-22 04:52:44,474 INFO [rw_gen_positioning_type|paper_align|Qwen3-0.6B] step=11 epoch=0.1035

                                                

  3%|▎         | 11/321 [00:32<15:32,  3.01s/it]2026-09-22 04:52:45,107 INFO [rw_gen_positioning_type|paper_align|Qwen3-0.6B] step=11 epoch=0.1035

                                                

  3%|▎         | 11/321 [00:33<15:32,  3.01s/it]2026-09-22 04:52:45,688 INFO [rw_gen_positioning_type|paper_align|Qwen3-0.6B] step=11 epoch=0.1035

                                                

  3%|▎         | 11/321 [00:34<15:32,  3.01s/it]2026-09-22 04:52:46,332 INFO [rw_gen_positioning_type|paper_align|Qwen3-0.6B] step=11 epoch=0.1035

                                                

  3%|▎         | 11/321 [00:34<15:32,  3.01s/it]
  4%|▎         | 12/321 [00:35<14:59,  2.91s/it]2026-09-22 04:52:47,164 INFO [rw_gen_positioning_type|paper_align|Qwen3-0.6B] step=12 epoch=0.1129

                                                

  4%|▎         | 12/321 [00:35<14:59,  2.91s/it]2026-09-22 04:52:47,800 INFO [rw_gen_positioning_type|paper_align|Qwen3-0.6B] step=12 epoch=0.1129

                                                

  4%|▎         | 12/321 [00:36<14:59,  2.91s/it]2026-09-22 04:52:48,443 INFO [rw_gen_positioning_type|paper_align|Qwen3-0.6B] step=12 epoch=0.1129

                                                

  4%|▎         | 12/321 [00:36<14:59,  2.91s/it]2026-09-22 04:52:49,141 INFO [rw_gen_positioning_type|paper_align|Qwen3-0.6B] step=12 epoch=0.1129

                                                

  4%|▎         | 12/321 [00:37<14:59,  2.91s/it]
  4%|▍         | 13/321 [00:38<14:56,  2.91s/it]2026-09-22 04:52:50,081 INFO [rw_gen_positioning_type|paper_align|Qwen3-0.6B] step=13 epoch=0.1224

                                                

  4%|▍         | 13/321 [00:38<14:56,  2.91s/it]2026-09-22 04:52:50,862 INFO [rw_gen_positioning_type|paper_align|Qwen3-0.6B] step=13 epoch=0.1224

                                                

  4%|▍         | 13/321 [00:39<14:56,  2.91s/it]2026-09-22 04:52:51,503 INFO [rw_gen_positioning_type|paper_align|Qwen3-0.6B] step=13 epoch=0.1224

                                                

  4%|▍         | 13/321 [00:39<14:56,  2.91s/it]2026-09-22 04:52:52,240 INFO [rw_gen_positioning_type|paper_align|Qwen3-0.6B] step=13 epoch=0.1224

                                                

  4%|▍         | 13/321 [00:40<14:56,  2.91s/it]
  4%|▍         | 14/321 [00:41<14:55,  2.92s/it]2026-09-22 04:52:53,006 INFO [rw_gen_positioning_type|paper_align|Qwen3-0.6B] step=14 epoch=0.1318

                                                

  4%|▍         | 14/321 [00:41<14:55,  2.92s/it]2026-09-22 04:52:53,927 INFO [rw_gen_positioning_type|paper_align|Qwen3-0.6B] step=14 epoch=0.1318

                                                

  4%|▍         | 14/321 [00:42<14:55,  2.92s/it]2026-09-22 04:52:54,628 INFO [rw_gen_positioning_type|paper_align|Qwen3-0.6B] step=14 epoch=0.1318

                                                

  4%|▍         | 14/321 [00:43<14:55,  2.92s/it]2026-09-22 04:52:55,212 INFO [rw_gen_positioning_type|paper_align|Qwen3-0.6B] step=14 epoch=0.1318

                                                

  4%|▍         | 14/321 [00:43<14:55,  2.92s/it]
  5%|▍         | 15/321 [00:44<14:50,  2.91s/it]2026-09-22 04:52:55,949 INFO [rw_gen_positioning_type|paper_align|Qwen3-0.6B] step=15 epoch=0.1412

                                                

  5%|▍         | 15/321 [00:44<14:50,  2.91s/it]2026-09-22 04:52:56,854 INFO [rw_gen_positioning_type|paper_align|Qwen3-0.6B] step=15 epoch=0.1412

                                                

  5%|▍         | 15/321 [00:45<14:50,  2.91s/it]2026-09-22 04:52:57,562 INFO [rw_gen_positioning_type|paper_align|Qwen3-0.6B] step=15 epoch=0.1412

                                                

  5%|▍         | 15/321 [00:46<14:50,  2.91s/it]2026-09-22 04:52:58,264 INFO [rw_gen_positioning_type|paper_align|Qwen3-0.6B] step=15 epoch=0.1412

                                                

  5%|▍         | 15/321 [00:46<14:50,  2.91s/it]
  5%|▍         | 16/321 [00:47<15:08,  2.98s/it]2026-09-22 04:52:59,063 INFO [rw_gen_positioning_type|paper_align|Qwen3-0.6B] step=16 epoch=0.1506

                                                

  5%|▍         | 16/321 [00:47<15:08,  2.98s/it]2026-09-22 04:52:59,903 INFO [rw_gen_positioning_type|paper_align|Qwen3-0.6B] step=16 epoch=0.1506

                                                

  5%|▍         | 16/321 [00:48<15:08,  2.98s/it]2026-09-22 04:53:00,653 INFO [rw_gen_positioning_type|paper_align|Qwen3-0.6B] step=16 epoch=0.1506

                                                

  5%|▍         | 16/321 [00:49<15:08,  2.98s/it]2026-09-22 04:53:01,318 INFO [rw_gen_positioning_type|paper_align|Qwen3-0.6B] step=16 epoch=0.1506

                                                

  5%|▍         | 16/321 [00:49<15:08,  2.98s/it]
  5%|▌         | 17/321 [00:50<15:05,  2.98s/it]2026-09-22 04:53:02,000 INFO [rw_gen_positioning_type|paper_align|Qwen3-0.6B] step=17 epoch=0.1600

                                                

  5%|▌         | 17/321 [00:50<15:05,  2.98s/it]2026-09-22 04:53:02,570 INFO [rw_gen_positioning_type|paper_align|Qwen3-0.6B] step=17 epoch=0.1600

                                                

  5%|▌         | 17/321 [00:51<15:05,  2.98s/it]2026-09-22 04:53:03,221 INFO [rw_gen_positioning_type|paper_align|Qwen3-0.6B] step=17 epoch=0.1600

                                                

  5%|▌         | 17/321 [00:51<15:05,  2.98s/it]2026-09-22 04:53:03,891 INFO [rw_gen_positioning_type|paper_align|Qwen3-0.6B] step=17 epoch=0.1600

                                                

  5%|▌         | 17/321 [00:52<15:05,  2.98s/it]
  6%|▌         | 18/321 [00:52<14:35,  2.89s/it]2026-09-22 04:53:04,699 INFO [rw_gen_positioning_type|paper_align|Qwen3-0.6B] step=18 epoch=0.1694

                                                

  6%|▌         | 18/321 [00:53<14:35,  2.89s/it]2026-09-22 04:53:05,485 INFO [rw_gen_positioning_type|paper_align|Qwen3-0.6B] step=18 epoch=0.1694

                                                

  6%|▌         | 18/321 [00:53<14:35,  2.89s/it]2026-09-22 04:53:06,345 INFO [rw_gen_positioning_type|paper_align|Qwen3-0.6B] step=18 epoch=0.1694

                                                

  6%|▌         | 18/321 [00:54<14:35,  2.89s/it]2026-09-22 04:53:07,003 INFO [rw_gen_positioning_type|paper_align|Qwen3-0.6B] step=18 epoch=0.1694

                                                

  6%|▌         | 18/321 [00:55<14:35,  2.89s/it]
  6%|▌         | 19/321 [00:55<14:38,  2.91s/it]2026-09-22 04:53:07,644 INFO [rw_gen_positioning_type|paper_align|Qwen3-0.6B] step=19 epoch=0.1788

                                                

  6%|▌         | 19/321 [00:56<14:38,  2.91s/it]2026-09-22 04:53:08,589 INFO [rw_gen_positioning_type|paper_align|Qwen3-0.6B] step=19 epoch=0.1788

                                                

  6%|▌         | 19/321 [00:57<14:38,  2.91s/it]2026-09-22 04:53:09,225 INFO [rw_gen_positioning_type|paper_align|Qwen3-0.6B] step=19 epoch=0.1788

                                                

  6%|▌         | 19/321 [00:57<14:38,  2.91s/it]2026-09-22 04:53:09,876 INFO [rw_gen_positioning_type|paper_align|Qwen3-0.6B] step=19 epoch=0.1788

                                                

  6%|▌         | 19/321 [00:58<14:38,  2.91s/it]
  6%|▌         | 20/321 [00:58<14:35,  2.91s/it]2026-09-22 04:53:10,311 INFO [rw_gen_positioning_type|paper_align|Qwen3-0.6B] step=20 loss=2.5785 learning_rate=0.0001 epoch=0.1882

                                                

  6%|▌         | 20/321 [00:58<14:35,  2.91s/it]2026-09-22 04:53:10,575 INFO [rw_gen_positioning_type|paper_align|Qwen3-0.6B] step=20 epoch=0.1882

                                                

  6%|▌         | 20/321 [00:59<14:35,  2.91s/it]2026-09-22 04:53:11,314 INFO [rw_gen_positioning_type|paper_align|Qwen3-0.6B] step=20 epoch=0.1882

                                                

  6%|▌         | 20/321 [00:59<14:35,  2.91s/it]2026-09-22 04:53:12,054 INFO [rw_gen_positioning_type|paper_align|Qwen3-0.6B] step=20 epoch=0.1882

                                                

  6%|▌         | 20/321 [01:00<14:35,  2.91s/it]2026-09-22 04:53:12,810 INFO [rw_gen_positioning_type|paper_align|Qwen3-0.6B] step=20 epoch=0.1882

                                                

  6%|▌         | 20/321 [01:01<14:35,  2.91s/it]
  7%|▋         | 21/321 [01:01<14:44,  2.95s/it]2026-09-22 04:53:13,600 INFO [rw_gen_positioning_type|paper_align|Qwen3-0.6B] step=21 epoch=0.1976

                                                

  7%|▋         | 21/321 [01:02<14:44,  2.95s/it]2026-09-22 04:53:14,282 INFO [rw_gen_positioning_type|paper_align|Qwen3-0.6B] step=21 epoch=0.1976

                                                

  7%|▋         | 21/321 [01:02<14:44,  2.95s/it]2026-09-22 04:53:14,843 INFO [rw_gen_positioning_type|paper_align|Qwen3-0.6B] step=21 epoch=0.1976

                                                
{'paper_align_label_loss': '0.3118', 'paper_align_reason_loss': '1.887', 'epoch': 0}
{'paper_align_label_loss': '0.3619', 'paper_align_reason_loss': '1.946', 'epoch': 0}
{'paper_align_label_loss': '0.1618', 'paper_align_reason_loss': '1.544', 'epoch': 0}
{'paper_align_label_loss': '0.1981', 'paper_align_reason_loss': '1.793', 'epoch': 0}
{'paper_align_label_loss': '0.2224', 'paper_align_reason_loss': '1.78', 'epoch': '0.009412'}
{'paper_align_label_loss': '0.1646', 'paper_align_reason_loss': '1.72', 'epoch': '0.009412'}
{'paper_align_label_loss': '0.2614', 'paper_align_reason_loss': '2.044', 'epoch': '0.009412'}
{'paper_align_label_loss': '0.2165', 'paper_align_reason_loss': '1.874', 'epoch': '0.009412'}
{'paper_align_label_loss': '0.2422', 'paper_align_reason_loss': '1.641', 'epoch': '0.01882'}
{'paper_align_label_loss': '0.2828', 'paper_align_reason_loss': '1.444', 'epoch': '0.01882'}
{'paper_align_label_loss': '0.2588', 'paper_align_reason_loss': '1.624', 'epoch': '0.01882'}
{'paper_align_label_loss': '0.143', 'paper_align_reason_loss': '1.797', 'epoch': '0.01882'}
{'paper_align_label_loss': '0.1401', 'paper_align_reason_loss': '1.869', 'epoch': '0.02824'}
{'paper_align_label_loss': '0.2501', 'paper_align_reason_loss': '1.584', 'epoch': '0.02824'}
{'paper_align_label_loss': '0.1485', 'paper_align_reason_loss': '1.743', 'epoch': '0.02824'}
{'paper_align_label_loss': '0.1334', 'paper_align_reason_loss': '1.807', 'epoch': '0.02824'}
{'paper_align_label_loss': '0.13', 'paper_align_reason_loss': '1.592', 'epoch': '0.03765'}
{'paper_align_label_loss': '0.09064', 'paper_align_reason_loss': '1.403', 'epoch': '0.03765'}
{'paper_align_label_loss': '0.1167', 'paper_align_reason_loss': '1.799', 'epoch': '0.03765'}
{'paper_align_label_loss': '0.156', 'paper_align_reason_loss': '1.598', 'epoch': '0.03765'}
{'paper_align_label_loss': '0.07805', 'paper_align_reason_loss': '1.916', 'epoch': '0.04706'}
{'paper_align_label_loss': '0.07563', 'paper_align_reason_loss': '1.892', 'epoch': '0.04706'}
{'paper_align_label_loss': '0.2567', 'paper_align_reason_loss': '1.591', 'epoch': '0.04706'}
{'paper_align_label_loss': '0.07673', 'paper_align_reason_loss': '1.7', 'epoch': '0.04706'}
{'paper_align_label_loss': '0.00959', 'paper_align_reason_loss': '1.741', 'epoch': '0.05647'}
{'paper_align_label_loss': '0.01478', 'paper_align_reason_loss': '1.879', 'epoch': '0.05647'}
{'paper_align_label_loss': '0.02349', 'paper_align_reason_loss': '1.909', 'epoch': '0.05647'}
{'paper_align_label_loss': '0.5005', 'paper_align_reason_loss': '1.445', 'epoch': '0.05647'}
{'paper_align_label_loss': '0.3179', 'paper_align_reason_loss': '1.342', 'epoch': '0.06588'}
{'paper_align_label_loss': '0.2198', 'paper_align_reason_loss': '1.514', 'epoch': '0.06588'}
{'paper_align_label_loss': '0.2253', 'paper_align_reason_loss': '1.75', 'epoch': '0.06588'}
{'paper_align_label_loss': '0.01128', 'paper_align_reason_loss': '1.458', 'epoch': '0.06588'}
{'paper_align_label_loss': '0.008414', 'paper_align_reason_loss': '1.552', 'epoch': '0.07529'}
{'paper_align_label_loss': '0.009777', 'paper_align_reason_loss': '1.746', 'epoch': '0.07529'}
{'paper_align_label_loss': '0.01226', 'paper_align_reason_loss': '1.301', 'epoch': '0.07529'}
{'paper_align_label_loss': '0.01444', 'paper_align_reason_loss': '1.578', 'epoch': '0.07529'}
{'paper_align_label_loss': '0.01407', 'paper_align_reason_loss': '1.323', 'epoch': '0.08471'}
{'paper_align_label_loss': '0.1912', 'paper_align_reason_loss': '1.405', 'epoch': '0.08471'}
{'paper_align_label_loss': '0.01274', 'paper_align_reason_loss': '1.506', 'epoch': '0.08471'}
{'paper_align_label_loss': '0.009118', 'paper_align_reason_loss': '1.426', 'epoch': '0.08471'}
{'loss': '3.627', 'grad_norm': '4.714', 'learning_rate': '9e-05', 'epoch': '0.09412'}
{'paper_align_label_loss': '0.01371', 'paper_align_reason_loss': '1.323', 'epoch': '0.09412'}
{'paper_align_label_loss': '0.01328', 'paper_align_reason_loss': '1.257', 'epoch': '0.09412'}
{'paper_align_label_loss': '0.1768', 'paper_align_reason_loss': '1.459', 'epoch': '0.09412'}
{'paper_align_label_loss': '0.01217', 'paper_align_reason_loss': '1.684', 'epoch': '0.09412'}
{'paper_align_label_loss': '0.01792', 'paper_align_reason_loss': '1.394', 'epoch': '0.1035'}
{'paper_align_label_loss': '0.01513', 'paper_align_reason_loss': '1.242', 'epoch': '0.1035'}
{'paper_align_label_loss': '0.2402', 'paper_align_reason_loss': '1.456', 'epoch': '0.1035'}
{'paper_align_label_loss': '0.01702', 'paper_align_reason_loss': '1.221', 'epoch': '0.1035'}
{'paper_align_label_loss': '0.0316', 'paper_align_reason_loss': '1.263', 'epoch': '0.1129'}
{'paper_align_label_loss': '0.1084', 'paper_align_reason_loss': '0.8661', 'epoch': '0.1129'}
{'paper_align_label_loss': '0.1159', 'paper_align_reason_loss': '1.151', 'epoch': '0.1129'}
{'paper_align_label_loss': '0.1837', 'paper_align_reason_loss': '1.27', 'epoch': '0.1129'}
{'paper_align_label_loss': '0.1405', 'paper_align_reason_loss': '1.235', 'epoch': '0.1224'}
{'paper_align_label_loss': '0.04973', 'paper_align_reason_loss': '1.303', 'epoch': '0.1224'}
{'paper_align_label_loss': '0.09489', 'paper_align_reason_loss': '1.139', 'epoch': '0.1224'}
{'paper_align_label_loss': '0.09102', 'paper_align_reason_loss': '1.385', 'epoch': '0.1224'}
{'paper_align_label_loss': '0.09653', 'paper_align_reason_loss': '1.33', 'epoch': '0.1318'}
{'paper_align_label_loss': '0.08392', 'paper_align_reason_loss': '1.178', 'epoch': '0.1318'}
{'paper_align_label_loss': '0.09237', 'paper_align_reason_loss': '1.094', 'epoch': '0.1318'}
{'paper_align_label_loss': '0.08562', 'paper_align_reason_loss': '1.334', 'epoch': '0.1318'}
{'paper_align_label_loss': '0.08175', 'paper_align_reason_loss': '1.111', 'epoch': '0.1412'}
{'paper_align_label_loss': '0.09167', 'paper_align_reason_loss': '1.039', 'epoch': '0.1412'}
{'paper_align_label_loss': '0.09604', 'paper_align_reason_loss': '1.006', 'epoch': '0.1412'}
{'paper_align_label_loss': '0.08845', 'paper_align_reason_loss': '1.222', 'epoch': '0.1412'}
{'paper_align_label_loss': '0.09341', 'paper_align_reason_loss': '1.199', 'epoch': '0.1506'}
{'paper_align_label_loss': '0.08733', 'paper_align_reason_loss': '0.994', 'epoch': '0.1506'}
{'paper_align_label_loss': '0.0868', 'paper_align_reason_loss': '1.094', 'epoch': '0.1506'}
{'paper_align_label_loss': '0.08647', 'paper_align_reason_loss': '1.036', 'epoch': '0.1506'}
{'paper_align_label_loss': '0.07504', 'paper_align_reason_loss': '0.9419', 'epoch': '0.16'}
{'paper_align_label_loss': '0.08924', 'paper_align_reason_loss': '1.229', 'epoch': '0.16'}
{'paper_align_label_loss': '0.08515', 'paper_align_reason_loss': '1.283', 'epoch': '0.16'}
{'paper_align_label_loss': '0.0824', 'paper_align_reason_loss': '1.054', 'epoch': '0.16'}
{'paper_align_label_loss': '0.08085', 'paper_align_reason_loss': '1.426', 'epoch': '0.1694'}
{'paper_align_label_loss': '0.0889', 'paper_align_reason_loss': '1.042', 'epoch': '0.1694'}
{'paper_align_label_loss': '0.08862', 'paper_align_reason_loss': '1.218', 'epoch': '0.1694'}
{'paper_align_label_loss': '0.07028', 'paper_align_reason_loss': '1.247', 'epoch': '0.1694'}
{'paper_align_label_loss': '0.06673', 'paper_align_reason_loss': '1.292', 'epoch': '0.1788'}
{'paper_align_label_loss': '0.07676', 'paper_align_reason_loss': '1.441', 'epoch': '0.1788'}
{'paper_align_label_loss': '0.06024', 'paper_align_reason_loss': '0.9876', 'epoch': '0.1788'}
{'paper_align_label_loss': '0.109', 'paper_align_reason_loss': '0.7577', 'epoch': '0.1788'}
{'loss': '2.578', 'grad_norm': '2.802', 'learning_rate': '9.979e-05', 'epoch': '0.1882'}
{'paper_align_label_loss': '0.03983', 'paper_align_reason_loss': '0.9775', 'epoch': '0.1882'}
{'paper_align_label_loss': '0.05443', 'paper_align_reason_loss': '1.524', 'epoch': '0.1882'}
{'paper_align_label_loss': '0.09348', 'paper_align_reason_loss': '1.141', 'epoch': '0.1882'}
{'paper_align_label_loss': '0.08341', 'paper_align_reason_loss': '1.174', 'epoch': '0.1882'}
{'paper_align_label_loss': '0.08963', 'paper_align_reason_loss': '1.224', 'epoch': '0.1976'}
{'paper_align_label_loss': '0.01965', 'paper_align_reason_loss': '1.104', 'epoch': '0.1976'}

  7%|▋         | 21/321 [01:03<14:44,  2.95s/it]2026-09-22 04:53:15,470 INFO [rw_gen_positioning_type|paper_align|Qwen3-0.6B] step=21 epoch=0.1976

                                                

  7%|▋         | 21/321 [01:03<14:44,  2.95s/it]
  7%|▋         | 22/321 [01:04<14:23,  2.89s/it]2026-09-22 04:53:16,338 INFO [rw_gen_positioning_type|paper_align|Qwen3-0.6B] step=22 epoch=0.2071

                                                

  7%|▋         | 22/321 [01:04<14:23,  2.89s/it]2026-09-22 04:53:16,992 INFO [rw_gen_positioning_type|paper_align|Qwen3-0.6B] step=22 epoch=0.2071

                                                

  7%|▋         | 22/321 [01:05<14:23,  2.89s/it]2026-09-22 04:53:17,659 INFO [rw_gen_positioning_type|paper_align|Qwen3-0.6B] step=22 epoch=0.2071

                                                

  7%|▋         | 22/321 [01:06<14:23,  2.89s/it]2026-09-22 04:53:18,319 INFO [rw_gen_positioning_type|paper_align|Qwen3-0.6B] step=22 epoch=0.2071

                                                

  7%|▋         | 22/321 [01:06<14:23,  2.89s/it]
  7%|▋         | 23/321 [01:07<13:59,  2.82s/it]2026-09-22 04:53:19,032 INFO [rw_gen_positioning_type|paper_align|Qwen3-0.6B] step=23 epoch=0.2165

                                                

  7%|▋         | 23/321 [01:07<13:59,  2.82s/it]2026-09-22 04:53:19,722 INFO [rw_gen_positioning_type|paper_align|Qwen3-0.6B] step=23 epoch=0.2165

                                                

  7%|▋         | 23/321 [01:08<13:59,  2.82s/it]2026-09-22 04:53:20,378 INFO [rw_gen_positioning_type|paper_align|Qwen3-0.6B] step=23 epoch=0.2165

                                                

  7%|▋         | 23/321 [01:08<13:59,  2.82s/it]2026-09-22 04:53:21,083 INFO [rw_gen_positioning_type|paper_align|Qwen3-0.6B] step=23 epoch=0.2165

                                                

  7%|▋         | 23/321 [01:09<13:59,  2.82s/it]
  7%|▋         | 24/321 [01:10<14:03,  2.84s/it]2026-09-22 04:53:21,879 INFO [rw_gen_positioning_type|paper_align|Qwen3-0.6B] step=24 epoch=0.2259

                                                

  7%|▋         | 24/321 [01:10<14:03,  2.84s/it]2026-09-22 04:53:22,520 INFO [rw_gen_positioning_type|paper_align|Qwen3-0.6B] step=24 epoch=0.2259

                                                

  7%|▋         | 24/321 [01:10<14:03,  2.84s/it]2026-09-22 04:53:23,415 INFO [rw_gen_positioning_type|paper_align|Qwen3-0.6B] step=24 epoch=0.2259

                                                

  7%|▋         | 24/321 [01:11<14:03,  2.84s/it]2026-09-22 04:53:24,141 INFO [rw_gen_positioning_type|paper_align|Qwen3-0.6B] step=24 epoch=0.2259

                                                

  7%|▋         | 24/321 [01:12<14:03,  2.84s/it]
  8%|▊         | 25/321 [01:13<14:08,  2.87s/it]2026-09-22 04:53:24,812 INFO [rw_gen_positioning_type|paper_align|Qwen3-0.6B] step=25 epoch=0.2353

                                                

  8%|▊         | 25/321 [01:13<14:08,  2.87s/it]2026-09-22 04:53:25,524 INFO [rw_gen_positioning_type|paper_align|Qwen3-0.6B] step=25 epoch=0.2353

                                                

  8%|▊         | 25/321 [01:13<14:08,  2.87s/it]2026-09-22 04:53:26,294 INFO [rw_gen_positioning_type|paper_align|Qwen3-0.6B] step=25 epoch=0.2353

                                                

  8%|▊         | 25/321 [01:14<14:08,  2.87s/it]2026-09-22 04:53:27,026 INFO [rw_gen_positioning_type|paper_align|Qwen3-0.6B] step=25 epoch=0.2353

                                                

  8%|▊         | 25/321 [01:15<14:08,  2.87s/it]
  8%|▊         | 26/321 [01:15<14:07,  2.87s/it]2026-09-22 04:53:27,688 INFO [rw_gen_positioning_type|paper_align|Qwen3-0.6B] step=26 epoch=0.2447

                                                

  8%|▊         | 26/321 [01:16<14:07,  2.87s/it]2026-09-22 04:53:28,363 INFO [rw_gen_positioning_type|paper_align|Qwen3-0.6B] step=26 epoch=0.2447

                                                

  8%|▊         | 26/321 [01:16<14:07,  2.87s/it]2026-09-22 04:53:29,359 INFO [rw_gen_positioning_type|paper_align|Qwen3-0.6B] step=26 epoch=0.2447

                                                

  8%|▊         | 26/321 [01:17<14:07,  2.87s/it]2026-09-22 04:53:30,009 INFO [rw_gen_positioning_type|paper_align|Qwen3-0.6B] step=26 epoch=0.2447

                                                

  8%|▊         | 26/321 [01:18<14:07,  2.87s/it]
  8%|▊         | 27/321 [01:18<14:11,  2.89s/it]2026-09-22 04:53:30,638 INFO [rw_gen_positioning_type|paper_align|Qwen3-0.6B] step=27 epoch=0.2541

                                                

  8%|▊         | 27/321 [01:19<14:11,  2.89s/it]2026-09-22 04:53:31,353 INFO [rw_gen_positioning_type|paper_align|Qwen3-0.6B] step=27 epoch=0.2541

                                                

  8%|▊         | 27/321 [01:19<14:11,  2.89s/it]2026-09-22 04:53:31,971 INFO [rw_gen_positioning_type|paper_align|Qwen3-0.6B] step=27 epoch=0.2541

                                                

  8%|▊         | 27/321 [01:20<14:11,  2.89s/it]2026-09-22 04:53:32,647 INFO [rw_gen_positioning_type|paper_align|Qwen3-0.6B] step=27 epoch=0.2541

                                                

  8%|▊         | 27/321 [01:21<14:11,  2.89s/it]
  9%|▊         | 28/321 [01:21<13:44,  2.81s/it]2026-09-22 04:53:33,261 INFO [rw_gen_positioning_type|paper_align|Qwen3-0.6B] step=28 epoch=0.2635

                                                

  9%|▊         | 28/321 [01:21<13:44,  2.81s/it]2026-09-22 04:53:33,979 INFO [rw_gen_positioning_type|paper_align|Qwen3-0.6B] step=28 epoch=0.2635

                                                

  9%|▊         | 28/321 [01:22<13:44,  2.81s/it]2026-09-22 04:53:34,856 INFO [rw_gen_positioning_type|paper_align|Qwen3-0.6B] step=28 epoch=0.2635

                                                

  9%|▊         | 28/321 [01:23<13:44,  2.81s/it]2026-09-22 04:53:35,428 INFO [rw_gen_positioning_type|paper_align|Qwen3-0.6B] step=28 epoch=0.2635

                                                

  9%|▊         | 28/321 [01:23<13:44,  2.81s/it]
  9%|▉         | 29/321 [01:24<13:44,  2.82s/it]2026-09-22 04:53:36,099 INFO [rw_gen_positioning_type|paper_align|Qwen3-0.6B] step=29 epoch=0.2729

                                                

  9%|▉         | 29/321 [01:24<13:44,  2.82s/it]2026-09-22 04:53:37,012 INFO [rw_gen_positioning_type|paper_align|Qwen3-0.6B] step=29 epoch=0.2729

                                                

  9%|▉         | 29/321 [01:25<13:44,  2.82s/it]2026-09-22 04:53:37,774 INFO [rw_gen_positioning_type|paper_align|Qwen3-0.6B] step=29 epoch=0.2729

                                                

  9%|▉         | 29/321 [01:26<13:44,  2.82s/it]2026-09-22 04:53:38,477 INFO [rw_gen_positioning_type|paper_align|Qwen3-0.6B] step=29 epoch=0.2729

                                                

  9%|▉         | 29/321 [01:26<13:44,  2.82s/it]
  9%|▉         | 30/321 [01:27<14:03,  2.90s/it]2026-09-22 04:53:38,952 INFO [rw_gen_positioning_type|paper_align|Qwen3-0.6B] step=30 loss=2.3160 learning_rate=0.0001 epoch=0.2824

                                                

  9%|▉         | 30/321 [01:27<14:03,  2.90s/it]2026-09-22 04:53:39,182 INFO [rw_gen_positioning_type|paper_align|Qwen3-0.6B] step=30 epoch=0.2824

                                                

  9%|▉         | 30/321 [01:27<14:03,  2.90s/it]2026-09-22 04:53:39,736 INFO [rw_gen_positioning_type|paper_align|Qwen3-0.6B] step=30 epoch=0.2824

                                                

  9%|▉         | 30/321 [01:28<14:03,  2.90s/it]2026-09-22 04:53:40,346 INFO [rw_gen_positioning_type|paper_align|Qwen3-0.6B] step=30 epoch=0.2824

                                                

  9%|▉         | 30/321 [01:28<14:03,  2.90s/it]2026-09-22 04:53:41,009 INFO [rw_gen_positioning_type|paper_align|Qwen3-0.6B] step=30 epoch=0.2824

                                                

  9%|▉         | 30/321 [01:29<14:03,  2.90s/it]
 10%|▉         | 31/321 [01:30<13:34,  2.81s/it]2026-09-22 04:53:41,786 INFO [rw_gen_positioning_type|paper_align|Qwen3-0.6B] step=31 epoch=0.2918

                                                

 10%|▉         | 31/321 [01:30<13:34,  2.81s/it]2026-09-22 04:53:42,437 INFO [rw_gen_positioning_type|paper_align|Qwen3-0.6B] step=31 epoch=0.2918

                                                

 10%|▉         | 31/321 [01:30<13:34,  2.81s/it]2026-09-22 04:53:43,371 INFO [rw_gen_positioning_type|paper_align|Qwen3-0.6B] step=31 epoch=0.2918

                                                

 10%|▉         | 31/321 [01:31<13:34,  2.81s/it]2026-09-22 04:53:44,400 INFO [rw_gen_positioning_type|paper_align|Qwen3-0.6B] step=31 epoch=0.2918

                                                

 10%|▉         | 31/321 [01:32<13:34,  2.81s/it]
 10%|▉         | 32/321 [01:33<14:23,  2.99s/it]2026-09-22 04:53:45,204 INFO [rw_gen_positioning_type|paper_align|Qwen3-0.6B] step=32 epoch=0.3012

                                                

 10%|▉         | 32/321 [01:33<14:23,  2.99s/it]2026-09-22 04:53:45,934 INFO [rw_gen_positioning_type|paper_align|Qwen3-0.6B] step=32 epoch=0.3012

                                                

 10%|▉         | 32/321 [01:34<14:23,  2.99s/it]2026-09-22 04:53:46,591 INFO [rw_gen_positioning_type|paper_align|Qwen3-0.6B] step=32 epoch=0.3012

                                                

 10%|▉         | 32/321 [01:35<14:23,  2.99s/it]2026-09-22 04:53:47,370 INFO [rw_gen_positioning_type|paper_align|Qwen3-0.6B] step=32 epoch=0.3012

                                                

 10%|▉         | 32/321 [01:35<14:23,  2.99s/it]
 10%|█         | 33/321 [01:36<14:09,  2.95s/it]2026-09-22 04:53:48,051 INFO [rw_gen_positioning_type|paper_align|Qwen3-0.6B] step=33 epoch=0.3106

                                                

 10%|█         | 33/321 [01:36<14:09,  2.95s/it]2026-09-22 04:53:48,639 INFO [rw_gen_positioning_type|paper_align|Qwen3-0.6B] step=33 epoch=0.3106

                                                

 10%|█         | 33/321 [01:37<14:09,  2.95s/it]2026-09-22 04:53:49,235 INFO [rw_gen_positioning_type|paper_align|Qwen3-0.6B] step=33 epoch=0.3106

                                                

 10%|█         | 33/321 [01:37<14:09,  2.95s/it]2026-09-22 04:53:50,013 INFO [rw_gen_positioning_type|paper_align|Qwen3-0.6B] step=33 epoch=0.3106

                                                

 10%|█         | 33/321 [01:38<14:09,  2.95s/it]
 11%|█         | 34/321 [01:39<14:00,  2.93s/it]2026-09-22 04:53:50,921 INFO [rw_gen_positioning_type|paper_align|Qwen3-0.6B] step=34 epoch=0.3200

                                                

 11%|█         | 34/321 [01:39<14:00,  2.93s/it]2026-09-22 04:53:51,791 INFO [rw_gen_positioning_type|paper_align|Qwen3-0.6B] step=34 epoch=0.3200

                                                

 11%|█         | 34/321 [01:40<14:00,  2.93s/it]2026-09-22 04:53:52,438 INFO [rw_gen_positioning_type|paper_align|Qwen3-0.6B] step=34 epoch=0.3200

                                                

 11%|█         | 34/321 [01:40<14:00,  2.93s/it]2026-09-22 04:53:53,096 INFO [rw_gen_positioning_type|paper_align|Qwen3-0.6B] step=34 epoch=0.3200

                                                

 11%|█         | 34/321 [01:41<14:00,  2.93s/it]
 11%|█         | 35/321 [01:42<13:55,  2.92s/it]2026-09-22 04:53:53,834 INFO [rw_gen_positioning_type|paper_align|Qwen3-0.6B] step=35 epoch=0.3294

                                                

 11%|█         | 35/321 [01:42<13:55,  2.92s/it]2026-09-22 04:53:54,520 INFO [rw_gen_positioning_type|paper_align|Qwen3-0.6B] step=35 epoch=0.3294

                                                

 11%|█         | 35/321 [01:42<13:55,  2.92s/it]2026-09-22 04:53:55,148 INFO [rw_gen_positioning_type|paper_align|Qwen3-0.6B] step=35 epoch=0.3294

                                                

 11%|█         | 35/321 [01:43<13:55,  2.92s/it]2026-09-22 04:53:55,841 INFO [rw_gen_positioning_type|paper_align|Qwen3-0.6B] step=35 epoch=0.3294

                                                

 11%|█         | 35/321 [01:44<13:55,  2.92s/it]
 11%|█         | 36/321 [01:44<13:31,  2.85s/it]2026-09-22 04:53:56,510 INFO [rw_gen_positioning_type|paper_align|Qwen3-0.6B] step=36 epoch=0.3388

                                                

 11%|█         | 36/321 [01:44<13:31,  2.85s/it]2026-09-22 04:53:57,077 INFO [rw_gen_positioning_type|paper_align|Qwen3-0.6B] step=36 epoch=0.3388

                                                

 11%|█         | 36/321 [01:45<13:31,  2.85s/it]2026-09-22 04:53:57,726 INFO [rw_gen_positioning_type|paper_align|Qwen3-0.6B] step=36 epoch=0.3388

                                                

 11%|█         | 36/321 [01:46<13:31,  2.85s/it]2026-09-22 04:53:58,413 INFO [rw_gen_positioning_type|paper_align|Qwen3-0.6B] step=36 epoch=0.3388

                                                

 11%|█         | 36/321 [01:46<13:31,  2.85s/it]
 12%|█▏        | 37/321 [01:47<13:05,  2.77s/it]2026-09-22 04:53:59,093 INFO [rw_gen_positioning_type|paper_align|Qwen3-0.6B] step=37 epoch=0.3482

                                                

 12%|█▏        | 37/321 [01:47<13:05,  2.77s/it]2026-09-22 04:53:59,789 INFO [rw_gen_positioning_type|paper_align|Qwen3-0.6B] step=37 epoch=0.3482

                                                

 12%|█▏        | 37/321 [01:48<13:05,  2.77s/it]2026-09-22 04:54:00,580 INFO [rw_gen_positioning_type|paper_align|Qwen3-0.6B] step=37 epoch=0.3482

                                                

 12%|█▏        | 37/321 [01:49<13:05,  2.77s/it]2026-09-22 04:54:01,466 INFO [rw_gen_positioning_type|paper_align|Qwen3-0.6B] step=37 epoch=0.3482

                                                

 12%|█▏        | 37/321 [01:49<13:05,  2.77s/it]
 12%|█▏        | 38/321 [01:50<13:33,  2.87s/it]2026-09-22 04:54:02,206 INFO [rw_gen_positioning_type|paper_align|Qwen3-0.6B] step=38 epoch=0.3576

                                                

 12%|█▏        | 38/321 [01:50<13:33,  2.87s/it]2026-09-22 04:54:02,784 INFO [rw_gen_positioning_type|paper_align|Qwen3-0.6B] step=38 epoch=0.3576

                                                

 12%|█▏        | 38/321 [01:51<13:33,  2.87s/it]2026-09-22 04:54:03,373 INFO [rw_gen_positioning_type|paper_align|Qwen3-0.6B] step=38 epoch=0.3576

                                                

 12%|█▏        | 38/321 [01:51<13:33,  2.87s/it]2026-09-22 04:54:03,979 INFO [rw_gen_positioning_type|paper_align|Qwen3-0.6B] step=38 epoch=0.3576

                                                

 12%|█▏        | 38/321 [01:52<13:33,  2.87s/it]
 12%|█▏        | 39/321 [01:52<12:49,  2.73s/it]2026-09-22 04:54:04,606 INFO [rw_gen_positioning_type|paper_align|Qwen3-0.6B] step=39 epoch=0.3671

                                                

 12%|█▏        | 39/321 [01:53<12:49,  2.73s/it]2026-09-22 04:54:05,234 INFO [rw_gen_positioning_type|paper_align|Qwen3-0.6B] step=39 epoch=0.3671

                                                

 12%|█▏        | 39/321 [01:53<12:49,  2.73s/it]2026-09-22 04:54:06,328 INFO [rw_gen_positioning_type|paper_align|Qwen3-0.6B] step=39 epoch=0.3671

                                                

 12%|█▏        | 39/321 [01:54<12:49,  2.73s/it]2026-09-22 04:54:07,033 INFO [rw_gen_positioning_type|paper_align|Qwen3-0.6B] step=39 epoch=0.3671

                                                

 12%|█▏        | 39/321 [01:55<12:49,  2.73s/it]
 12%|█▏        | 40/321 [01:55<13:15,  2.83s/it]2026-09-22 04:54:07,437 INFO [rw_gen_positioning_type|paper_align|Qwen3-0.6B] step=40 loss=2.1775 learning_rate=0.0001 epoch=0.3765

                                                

 12%|█▏        | 40/321 [01:55<13:15,  2.83s/it]2026-09-22 04:54:07,683 INFO [rw_gen_positioning_type|paper_align|Qwen3-0.6B] step=40 epoch=0.3765

                                                

 12%|█▏        | 40/321 [01:56<13:15,  2.83s/it]2026-09-22 04:54:08,361 INFO [rw_gen_positioning_type|paper_align|Qwen3-0.6B] step=40 epoch=0.3765

                                                

 12%|█▏        | 40/321 [01:56<13:15,  2.83s/it]2026-09-22 04:54:08,949 INFO [rw_gen_positioning_type|paper_align|Qwen3-0.6B] step=40 epoch=0.3765

                                                

 12%|█▏        | 40/321 [01:57<13:15,  2.83s/it]2026-09-22 04:54:09,699 INFO [rw_gen_positioning_type|paper_align|Qwen3-0.6B] step=40 epoch=0.3765

                                                

 12%|█▏        | 40/321 [01:58<13:15,  2.83s/it]
 13%|█▎        | 41/321 [01:58<13:04,  2.80s/it]2026-09-22 04:54:10,415 INFO [rw_gen_positioning_type|paper_align|Qwen3-0.6B] step=41 epoch=0.3859

                                                

 13%|█▎        | 41/321 [01:58<13:04,  2.80s/it]2026-09-22 04:54:11,000 INFO [rw_gen_positioning_type|paper_align|Qwen3-0.6B] step=41 epoch=0.3859

                                                

 13%|█▎        | 41/321 [01:59<13:04,  2.80s/it]2026-09-22 04:54:11,685 INFO [rw_gen_positioning_type|paper_align|Qwen3-0.6B] step=41 epoch=0.3859

                                                

 13%|█▎        | 41/321 [02:00<13:04,  2.80s/it]2026-09-22 04:54:12,273 INFO [rw_gen_positioning_type|paper_align|Qwen3-0.6B] step=41 epoch=0.3859

                                                

 13%|█▎        | 41/321 [02:00<13:04,  2.80s/it]
 13%|█▎        | 42/321 [02:01<12:41,  2.73s/it]2026-09-22 04:54:12,969 INFO [rw_gen_positioning_type|paper_align|Qwen3-0.6B] step=42 epoch=0.3953

                                                

 13%|█▎        | 42/321 [02:01<12:41,  2.73s/it]2026-09-22 04:54:13,574 INFO [rw_gen_positioning_type|paper_align|Qwen3-0.6B] step=42 epoch=0.3953

                                                

 13%|█▎        | 42/321 [02:02<12:41,  2.73s/it]2026-09-22 04:54:14,330 INFO [rw_gen_positioning_type|paper_align|Qwen3-0.6B] step=42 epoch=0.3953

                                                

 13%|█▎        | 42/321 [02:02<12:41,  2.73s/it]2026-09-22 04:54:14,919 INFO [rw_gen_positioning_type|paper_align|Qwen3-0.6B] step=42 epoch=0.3953

                                                

 13%|█▎        | 42/321 [02:03<12:41,  2.73s/it]
 13%|█▎        | 43/321 [02:03<12:29,  2.70s/it]2026-09-22 04:54:15,579 INFO [rw_gen_positioning_type|paper_align|Qwen3-0.6B] step=43 epoch=0.4047

                                                
{'paper_align_label_loss': '0.02461', 'paper_align_reason_loss': '0.937', 'epoch': '0.1976'}
{'paper_align_label_loss': '0.09677', 'paper_align_reason_loss': '1.262', 'epoch': '0.1976'}
{'paper_align_label_loss': '0.1069', 'paper_align_reason_loss': '1.3', 'epoch': '0.2071'}
{'paper_align_label_loss': '0.02147', 'paper_align_reason_loss': '1.071', 'epoch': '0.2071'}
{'paper_align_label_loss': '0.09372', 'paper_align_reason_loss': '1.035', 'epoch': '0.2071'}
{'paper_align_label_loss': '0.02426', 'paper_align_reason_loss': '1.171', 'epoch': '0.2071'}
{'paper_align_label_loss': '0.1257', 'paper_align_reason_loss': '1.081', 'epoch': '0.2165'}
{'paper_align_label_loss': '0.01777', 'paper_align_reason_loss': '1.217', 'epoch': '0.2165'}
{'paper_align_label_loss': '0.1231', 'paper_align_reason_loss': '1.104', 'epoch': '0.2165'}
{'paper_align_label_loss': '0.2006', 'paper_align_reason_loss': '1.276', 'epoch': '0.2165'}
{'paper_align_label_loss': '0.02488', 'paper_align_reason_loss': '0.9188', 'epoch': '0.2259'}
{'paper_align_label_loss': '0.1036', 'paper_align_reason_loss': '1.06', 'epoch': '0.2259'}
{'paper_align_label_loss': '0.1941', 'paper_align_reason_loss': '0.9801', 'epoch': '0.2259'}
{'paper_align_label_loss': '0.02215', 'paper_align_reason_loss': '0.8293', 'epoch': '0.2259'}
{'paper_align_label_loss': '0.09301', 'paper_align_reason_loss': '1.09', 'epoch': '0.2353'}
{'paper_align_label_loss': '0.0813', 'paper_align_reason_loss': '1.135', 'epoch': '0.2353'}
{'paper_align_label_loss': '0.08367', 'paper_align_reason_loss': '1.3', 'epoch': '0.2353'}
{'paper_align_label_loss': '0.0377', 'paper_align_reason_loss': '1.275', 'epoch': '0.2353'}
{'paper_align_label_loss': '0.02528', 'paper_align_reason_loss': '1.15', 'epoch': '0.2447'}
{'paper_align_label_loss': '0.08354', 'paper_align_reason_loss': '1.12', 'epoch': '0.2447'}
{'paper_align_label_loss': '0.06941', 'paper_align_reason_loss': '1.068', 'epoch': '0.2447'}
{'paper_align_label_loss': '0.04654', 'paper_align_reason_loss': '1.136', 'epoch': '0.2447'}
{'paper_align_label_loss': '0.08684', 'paper_align_reason_loss': '0.9571', 'epoch': '0.2541'}
{'paper_align_label_loss': '0.05755', 'paper_align_reason_loss': '1.104', 'epoch': '0.2541'}
{'paper_align_label_loss': '0.08781', 'paper_align_reason_loss': '1.006', 'epoch': '0.2541'}
{'paper_align_label_loss': '0.02864', 'paper_align_reason_loss': '0.8903', 'epoch': '0.2541'}
{'paper_align_label_loss': '0.07603', 'paper_align_reason_loss': '0.8652', 'epoch': '0.2635'}
{'paper_align_label_loss': '0.07619', 'paper_align_reason_loss': '1.057', 'epoch': '0.2635'}
{'paper_align_label_loss': '0.05873', 'paper_align_reason_loss': '0.7565', 'epoch': '0.2635'}
{'paper_align_label_loss': '0.06178', 'paper_align_reason_loss': '0.9453', 'epoch': '0.2635'}
{'paper_align_label_loss': '0.0693', 'paper_align_reason_loss': '1.18', 'epoch': '0.2729'}
{'paper_align_label_loss': '0.09591', 'paper_align_reason_loss': '1.236', 'epoch': '0.2729'}
{'paper_align_label_loss': '0.1006', 'paper_align_reason_loss': '0.9487', 'epoch': '0.2729'}
{'paper_align_label_loss': '0.07719', 'paper_align_reason_loss': '0.7567', 'epoch': '0.2729'}
{'loss': '2.316', 'grad_norm': '3.023', 'learning_rate': '9.908e-05', 'epoch': '0.2824'}
{'paper_align_label_loss': '0.01272', 'paper_align_reason_loss': '1.027', 'epoch': '0.2824'}
{'paper_align_label_loss': '0.06635', 'paper_align_reason_loss': '1.04', 'epoch': '0.2824'}
{'paper_align_label_loss': '0.03606', 'paper_align_reason_loss': '0.8504', 'epoch': '0.2824'}
{'paper_align_label_loss': '0.09966', 'paper_align_reason_loss': '1.149', 'epoch': '0.2824'}
{'paper_align_label_loss': '0.03673', 'paper_align_reason_loss': '1.173', 'epoch': '0.2918'}
{'paper_align_label_loss': '0.06932', 'paper_align_reason_loss': '0.896', 'epoch': '0.2918'}
{'paper_align_label_loss': '0.0129', 'paper_align_reason_loss': '1.207', 'epoch': '0.2918'}
{'paper_align_label_loss': '0.0567', 'paper_align_reason_loss': '1.23', 'epoch': '0.2918'}
{'paper_align_label_loss': '0.07956', 'paper_align_reason_loss': '1.061', 'epoch': '0.3012'}
{'paper_align_label_loss': '0.03981', 'paper_align_reason_loss': '1.069', 'epoch': '0.3012'}
{'paper_align_label_loss': '0.05047', 'paper_align_reason_loss': '1.055', 'epoch': '0.3012'}
{'paper_align_label_loss': '0.05113', 'paper_align_reason_loss': '1.064', 'epoch': '0.3012'}
{'paper_align_label_loss': '0.03724', 'paper_align_reason_loss': '1.037', 'epoch': '0.3106'}
{'paper_align_label_loss': '0.02696', 'paper_align_reason_loss': '1.053', 'epoch': '0.3106'}
{'paper_align_label_loss': '0.03448', 'paper_align_reason_loss': '1.06', 'epoch': '0.3106'}
{'paper_align_label_loss': '0.0694', 'paper_align_reason_loss': '1.134', 'epoch': '0.3106'}
{'paper_align_label_loss': '0.002111', 'paper_align_reason_loss': '0.7164', 'epoch': '0.32'}
{'paper_align_label_loss': '0.04859', 'paper_align_reason_loss': '1.025', 'epoch': '0.32'}
{'paper_align_label_loss': '0.05727', 'paper_align_reason_loss': '1.333', 'epoch': '0.32'}
{'paper_align_label_loss': '0.03139', 'paper_align_reason_loss': '1.165', 'epoch': '0.32'}
{'paper_align_label_loss': '0.04237', 'paper_align_reason_loss': '0.9839', 'epoch': '0.3294'}
{'paper_align_label_loss': '0.06256', 'paper_align_reason_loss': '1.116', 'epoch': '0.3294'}
{'paper_align_label_loss': '0.02502', 'paper_align_reason_loss': '1.076', 'epoch': '0.3294'}
{'paper_align_label_loss': '0.03935', 'paper_align_reason_loss': '0.8369', 'epoch': '0.3294'}
{'paper_align_label_loss': '0.0006025', 'paper_align_reason_loss': '0.5252', 'epoch': '0.3388'}
{'paper_align_label_loss': '0.04367', 'paper_align_reason_loss': '0.8895', 'epoch': '0.3388'}
{'paper_align_label_loss': '0.0554', 'paper_align_reason_loss': '1.758', 'epoch': '0.3388'}
{'paper_align_label_loss': '0.06646', 'paper_align_reason_loss': '1.016', 'epoch': '0.3388'}
{'paper_align_label_loss': '0.07677', 'paper_align_reason_loss': '1.11', 'epoch': '0.3482'}
{'paper_align_label_loss': '0.05155', 'paper_align_reason_loss': '1.162', 'epoch': '0.3482'}
{'paper_align_label_loss': '0.03312', 'paper_align_reason_loss': '1.1', 'epoch': '0.3482'}
{'paper_align_label_loss': '0.0004813', 'paper_align_reason_loss': '0.9403', 'epoch': '0.3482'}
{'paper_align_label_loss': '0.07656', 'paper_align_reason_loss': '1.19', 'epoch': '0.3576'}
{'paper_align_label_loss': '0.0002654', 'paper_align_reason_loss': '1.001', 'epoch': '0.3576'}
{'paper_align_label_loss': '0.03337', 'paper_align_reason_loss': '0.9092', 'epoch': '0.3576'}
{'paper_align_label_loss': '0.0003537', 'paper_align_reason_loss': '1.032', 'epoch': '0.3576'}
{'paper_align_label_loss': '0.04355', 'paper_align_reason_loss': '0.8908', 'epoch': '0.3671'}
{'paper_align_label_loss': '0.02224', 'paper_align_reason_loss': '0.7167', 'epoch': '0.3671'}
{'paper_align_label_loss': '0.05603', 'paper_align_reason_loss': '1.181', 'epoch': '0.3671'}
{'paper_align_label_loss': '0.001978', 'paper_align_reason_loss': '1.121', 'epoch': '0.3671'}
{'loss': '2.178', 'grad_norm': '4.645', 'learning_rate': '9.787e-05', 'epoch': '0.3765'}
{'paper_align_label_loss': '0.04385', 'paper_align_reason_loss': '1.226', 'epoch': '0.3765'}
{'paper_align_label_loss': '0.0006019', 'paper_align_reason_loss': '0.9672', 'epoch': '0.3765'}
{'paper_align_label_loss': '0.001339', 'paper_align_reason_loss': '0.8779', 'epoch': '0.3765'}
{'paper_align_label_loss': '0.03278', 'paper_align_reason_loss': '1.205', 'epoch': '0.3765'}
{'paper_align_label_loss': '0.003814', 'paper_align_reason_loss': '0.9092', 'epoch': '0.3859'}
{'paper_align_label_loss': '0.01023', 'paper_align_reason_loss': '1.062', 'epoch': '0.3859'}
{'paper_align_label_loss': '0.03464', 'paper_align_reason_loss': '0.7829', 'epoch': '0.3859'}
{'paper_align_label_loss': '0.001884', 'paper_align_reason_loss': '1.157', 'epoch': '0.3859'}
{'paper_align_label_loss': '0.0007861', 'paper_align_reason_loss': '0.8209', 'epoch': '0.3953'}
{'paper_align_label_loss': '0.01342', 'paper_align_reason_loss': '1.045', 'epoch': '0.3953'}
{'paper_align_label_loss': '0.0005647', 'paper_align_reason_loss': '1.064', 'epoch': '0.3953'}
{'paper_align_label_loss': '0.004787', 'paper_align_reason_loss': '0.9015', 'epoch': '0.3953'}

 13%|█▎        | 43/321 [02:04<12:29,  2.70s/it]2026-09-22 04:54:16,201 INFO [rw_gen_positioning_type|paper_align|Qwen3-0.6B] step=43 epoch=0.4047

                                                

 13%|█▎        | 43/321 [02:04<12:29,  2.70s/it]2026-09-22 04:54:16,784 INFO [rw_gen_positioning_type|paper_align|Qwen3-0.6B] step=43 epoch=0.4047

                                                

 13%|█▎        | 43/321 [02:05<12:29,  2.70s/it]2026-09-22 04:54:17,466 INFO [rw_gen_positioning_type|paper_align|Qwen3-0.6B] step=43 epoch=0.4047

                                                

 13%|█▎        | 43/321 [02:05<12:29,  2.70s/it]
 14%|█▎        | 44/321 [02:06<12:10,  2.64s/it]2026-09-22 04:54:18,091 INFO [rw_gen_positioning_type|paper_align|Qwen3-0.6B] step=44 epoch=0.4141

                                                

 14%|█▎        | 44/321 [02:06<12:10,  2.64s/it]2026-09-22 04:54:18,961 INFO [rw_gen_positioning_type|paper_align|Qwen3-0.6B] step=44 epoch=0.4141

                                                

 14%|█▎        | 44/321 [02:07<12:10,  2.64s/it]2026-09-22 04:54:19,651 INFO [rw_gen_positioning_type|paper_align|Qwen3-0.6B] step=44 epoch=0.4141

                                                

 14%|█▎        | 44/321 [02:08<12:10,  2.64s/it]2026-09-22 04:54:20,253 INFO [rw_gen_positioning_type|paper_align|Qwen3-0.6B] step=44 epoch=0.4141

                                                

 14%|█▎        | 44/321 [02:08<12:10,  2.64s/it]
 14%|█▍        | 45/321 [02:09<12:31,  2.72s/it]2026-09-22 04:54:21,008 INFO [rw_gen_positioning_type|paper_align|Qwen3-0.6B] step=45 epoch=0.4235

                                                

 14%|█▍        | 45/321 [02:09<12:31,  2.72s/it]2026-09-22 04:54:21,666 INFO [rw_gen_positioning_type|paper_align|Qwen3-0.6B] step=45 epoch=0.4235

                                                

 14%|█▍        | 45/321 [02:10<12:31,  2.72s/it]2026-09-22 04:54:22,301 INFO [rw_gen_positioning_type|paper_align|Qwen3-0.6B] step=45 epoch=0.4235

                                                

 14%|█▍        | 45/321 [02:10<12:31,  2.72s/it]2026-09-22 04:54:22,876 INFO [rw_gen_positioning_type|paper_align|Qwen3-0.6B] step=45 epoch=0.4235

                                                

 14%|█▍        | 45/321 [02:11<12:31,  2.72s/it]
 14%|█▍        | 46/321 [02:11<12:19,  2.69s/it]2026-09-22 04:54:23,616 INFO [rw_gen_positioning_type|paper_align|Qwen3-0.6B] step=46 epoch=0.4329

                                                

 14%|█▍        | 46/321 [02:12<12:19,  2.69s/it]2026-09-22 04:54:24,229 INFO [rw_gen_positioning_type|paper_align|Qwen3-0.6B] step=46 epoch=0.4329

                                                

 14%|█▍        | 46/321 [02:12<12:19,  2.69s/it]2026-09-22 04:54:24,788 INFO [rw_gen_positioning_type|paper_align|Qwen3-0.6B] step=46 epoch=0.4329

                                                

 14%|█▍        | 46/321 [02:13<12:19,  2.69s/it]2026-09-22 04:54:25,419 INFO [rw_gen_positioning_type|paper_align|Qwen3-0.6B] step=46 epoch=0.4329

                                                

 14%|█▍        | 46/321 [02:13<12:19,  2.69s/it]
 15%|█▍        | 47/321 [02:14<12:01,  2.63s/it]2026-09-22 04:54:26,131 INFO [rw_gen_positioning_type|paper_align|Qwen3-0.6B] step=47 epoch=0.4424

                                                

 15%|█▍        | 47/321 [02:14<12:01,  2.63s/it]2026-09-22 04:54:26,730 INFO [rw_gen_positioning_type|paper_align|Qwen3-0.6B] step=47 epoch=0.4424

                                                

 15%|█▍        | 47/321 [02:15<12:01,  2.63s/it]2026-09-22 04:54:27,314 INFO [rw_gen_positioning_type|paper_align|Qwen3-0.6B] step=47 epoch=0.4424

                                                

 15%|█▍        | 47/321 [02:15<12:01,  2.63s/it]2026-09-22 04:54:28,102 INFO [rw_gen_positioning_type|paper_align|Qwen3-0.6B] step=47 epoch=0.4424

                                                

 15%|█▍        | 47/321 [02:16<12:01,  2.63s/it]
 15%|█▍        | 48/321 [02:17<12:19,  2.71s/it]2026-09-22 04:54:29,023 INFO [rw_gen_positioning_type|paper_align|Qwen3-0.6B] step=48 epoch=0.4518

                                                

 15%|█▍        | 48/321 [02:17<12:19,  2.71s/it]2026-09-22 04:54:29,762 INFO [rw_gen_positioning_type|paper_align|Qwen3-0.6B] step=48 epoch=0.4518

                                                

 15%|█▍        | 48/321 [02:18<12:19,  2.71s/it]2026-09-22 04:54:30,464 INFO [rw_gen_positioning_type|paper_align|Qwen3-0.6B] step=48 epoch=0.4518

                                                

 15%|█▍        | 48/321 [02:18<12:19,  2.71s/it]2026-09-22 04:54:31,050 INFO [rw_gen_positioning_type|paper_align|Qwen3-0.6B] step=48 epoch=0.4518

                                                

 15%|█▍        | 48/321 [02:19<12:19,  2.71s/it]
 15%|█▌        | 49/321 [02:19<12:13,  2.70s/it]2026-09-22 04:54:31,687 INFO [rw_gen_positioning_type|paper_align|Qwen3-0.6B] step=49 epoch=0.4612

                                                

 15%|█▌        | 49/321 [02:20<12:13,  2.70s/it]2026-09-22 04:54:32,588 INFO [rw_gen_positioning_type|paper_align|Qwen3-0.6B] step=49 epoch=0.4612

                                                

 15%|█▌        | 49/321 [02:21<12:13,  2.70s/it]2026-09-22 04:54:33,274 INFO [rw_gen_positioning_type|paper_align|Qwen3-0.6B] step=49 epoch=0.4612

                                                

 15%|█▌        | 49/321 [02:21<12:13,  2.70s/it]2026-09-22 04:54:33,958 INFO [rw_gen_positioning_type|paper_align|Qwen3-0.6B] step=49 epoch=0.4612

                                                

 15%|█▌        | 49/321 [02:22<12:13,  2.70s/it]
 16%|█▌        | 50/321 [02:22<12:33,  2.78s/it]2026-09-22 04:54:34,417 INFO [rw_gen_positioning_type|paper_align|Qwen3-0.6B] step=50 loss=2.1200 learning_rate=0.0001 epoch=0.4706

                                                

 16%|█▌        | 50/321 [02:22<12:33,  2.78s/it]2026-09-22 04:54:34,660 INFO [rw_gen_positioning_type|paper_align|Qwen3-0.6B] step=50 epoch=0.4706

                                                

 16%|█▌        | 50/321 [02:23<12:33,  2.78s/it]2026-09-22 04:54:35,355 INFO [rw_gen_positioning_type|paper_align|Qwen3-0.6B] step=50 epoch=0.4706

                                                

 16%|█▌        | 50/321 [02:23<12:33,  2.78s/it]2026-09-22 04:54:36,059 INFO [rw_gen_positioning_type|paper_align|Qwen3-0.6B] step=50 epoch=0.4706

                                                

 16%|█▌        | 50/321 [02:24<12:33,  2.78s/it]2026-09-22 04:54:36,753 INFO [rw_gen_positioning_type|paper_align|Qwen3-0.6B] step=50 epoch=0.4706

                                                

 16%|█▌        | 50/321 [02:25<12:33,  2.78s/it]
 16%|█▌        | 51/321 [02:25<12:31,  2.78s/it]2026-09-22 04:54:37,453 INFO [rw_gen_positioning_type|paper_align|Qwen3-0.6B] step=51 epoch=0.4800

                                                

 16%|█▌        | 51/321 [02:25<12:31,  2.78s/it]2026-09-22 04:54:38,180 INFO [rw_gen_positioning_type|paper_align|Qwen3-0.6B] step=51 epoch=0.4800

                                                

 16%|█▌        | 51/321 [02:26<12:31,  2.78s/it]2026-09-22 04:54:38,864 INFO [rw_gen_positioning_type|paper_align|Qwen3-0.6B] step=51 epoch=0.4800

                                                

 16%|█▌        | 51/321 [02:27<12:31,  2.78s/it]2026-09-22 04:54:39,490 INFO [rw_gen_positioning_type|paper_align|Qwen3-0.6B] step=51 epoch=0.4800

                                                

 16%|█▌        | 51/321 [02:27<12:31,  2.78s/it]
 16%|█▌        | 52/321 [02:28<12:32,  2.80s/it]2026-09-22 04:54:40,272 INFO [rw_gen_positioning_type|paper_align|Qwen3-0.6B] step=52 epoch=0.4894

                                                

 16%|█▌        | 52/321 [02:28<12:32,  2.80s/it]2026-09-22 04:54:40,831 INFO [rw_gen_positioning_type|paper_align|Qwen3-0.6B] step=52 epoch=0.4894

                                                

 16%|█▌        | 52/321 [02:29<12:32,  2.80s/it]2026-09-22 04:54:41,473 INFO [rw_gen_positioning_type|paper_align|Qwen3-0.6B] step=52 epoch=0.4894

                                                

 16%|█▌        | 52/321 [02:29<12:32,  2.80s/it]2026-09-22 04:54:42,062 INFO [rw_gen_positioning_type|paper_align|Qwen3-0.6B] step=52 epoch=0.4894

                                                

 16%|█▌        | 52/321 [02:30<12:32,  2.80s/it]
 17%|█▋        | 53/321 [02:31<12:09,  2.72s/it]2026-09-22 04:54:42,848 INFO [rw_gen_positioning_type|paper_align|Qwen3-0.6B] step=53 epoch=0.4988

                                                

 17%|█▋        | 53/321 [02:31<12:09,  2.72s/it]2026-09-22 04:54:43,630 INFO [rw_gen_positioning_type|paper_align|Qwen3-0.6B] step=53 epoch=0.4988

                                                

 17%|█▋        | 53/321 [02:32<12:09,  2.72s/it]2026-09-22 04:54:44,341 INFO [rw_gen_positioning_type|paper_align|Qwen3-0.6B] step=53 epoch=0.4988

                                                

 17%|█▋        | 53/321 [02:32<12:09,  2.72s/it]2026-09-22 04:54:45,113 INFO [rw_gen_positioning_type|paper_align|Qwen3-0.6B] step=53 epoch=0.4988

                                                

 17%|█▋        | 53/321 [02:33<12:09,  2.72s/it]
 17%|█▋        | 54/321 [02:34<12:28,  2.80s/it]2026-09-22 04:54:45,820 INFO [rw_gen_positioning_type|paper_align|Qwen3-0.6B] step=54 epoch=0.5082

                                                

 17%|█▋        | 54/321 [02:34<12:28,  2.80s/it]2026-09-22 04:54:46,541 INFO [rw_gen_positioning_type|paper_align|Qwen3-0.6B] step=54 epoch=0.5082

                                                

 17%|█▋        | 54/321 [02:35<12:28,  2.80s/it]2026-09-22 04:54:47,508 INFO [rw_gen_positioning_type|paper_align|Qwen3-0.6B] step=54 epoch=0.5082

                                                

 17%|█▋        | 54/321 [02:35<12:28,  2.80s/it]2026-09-22 04:54:48,202 INFO [rw_gen_positioning_type|paper_align|Qwen3-0.6B] step=54 epoch=0.5082

                                                

 17%|█▋        | 54/321 [02:36<12:28,  2.80s/it]
 17%|█▋        | 55/321 [02:37<12:45,  2.88s/it]2026-09-22 04:54:48,882 INFO [rw_gen_positioning_type|paper_align|Qwen3-0.6B] step=55 epoch=0.5176

                                                

 17%|█▋        | 55/321 [02:37<12:45,  2.88s/it]2026-09-22 04:54:49,628 INFO [rw_gen_positioning_type|paper_align|Qwen3-0.6B] step=55 epoch=0.5176

                                                

 17%|█▋        | 55/321 [02:38<12:45,  2.88s/it]2026-09-22 04:54:50,393 INFO [rw_gen_positioning_type|paper_align|Qwen3-0.6B] step=55 epoch=0.5176

                                                

 17%|█▋        | 55/321 [02:38<12:45,  2.88s/it]2026-09-22 04:54:51,049 INFO [rw_gen_positioning_type|paper_align|Qwen3-0.6B] step=55 epoch=0.5176

                                                

 17%|█▋        | 55/321 [02:39<12:45,  2.88s/it]
 17%|█▋        | 56/321 [02:40<12:48,  2.90s/it]2026-09-22 04:54:51,833 INFO [rw_gen_positioning_type|paper_align|Qwen3-0.6B] step=56 epoch=0.5271

                                                

 17%|█▋        | 56/321 [02:40<12:48,  2.90s/it]2026-09-22 04:54:52,556 INFO [rw_gen_positioning_type|paper_align|Qwen3-0.6B] step=56 epoch=0.5271

                                                

 17%|█▋        | 56/321 [02:41<12:48,  2.90s/it]2026-09-22 04:54:53,195 INFO [rw_gen_positioning_type|paper_align|Qwen3-0.6B] step=56 epoch=0.5271

                                                

 17%|█▋        | 56/321 [02:41<12:48,  2.90s/it]2026-09-22 04:54:53,873 INFO [rw_gen_positioning_type|paper_align|Qwen3-0.6B] step=56 epoch=0.5271

                                                

 17%|█▋        | 56/321 [02:42<12:48,  2.90s/it]
 18%|█▊        | 57/321 [02:42<12:46,  2.90s/it]2026-09-22 04:54:54,740 INFO [rw_gen_positioning_type|paper_align|Qwen3-0.6B] step=57 epoch=0.5365

                                                

 18%|█▊        | 57/321 [02:43<12:46,  2.90s/it]2026-09-22 04:54:55,390 INFO [rw_gen_positioning_type|paper_align|Qwen3-0.6B] step=57 epoch=0.5365

                                                

 18%|█▊        | 57/321 [02:43<12:46,  2.90s/it]2026-09-22 04:54:55,939 INFO [rw_gen_positioning_type|paper_align|Qwen3-0.6B] step=57 epoch=0.5365

                                                

 18%|█▊        | 57/321 [02:44<12:46,  2.90s/it]2026-09-22 04:54:56,501 INFO [rw_gen_positioning_type|paper_align|Qwen3-0.6B] step=57 epoch=0.5365

                                                

 18%|█▊        | 57/321 [02:44<12:46,  2.90s/it]
 18%|█▊        | 58/321 [02:45<12:13,  2.79s/it]2026-09-22 04:54:57,282 INFO [rw_gen_positioning_type|paper_align|Qwen3-0.6B] step=58 epoch=0.5459

                                                

 18%|█▊        | 58/321 [02:45<12:13,  2.79s/it]2026-09-22 04:54:58,156 INFO [rw_gen_positioning_type|paper_align|Qwen3-0.6B] step=58 epoch=0.5459

                                                

 18%|█▊        | 58/321 [02:46<12:13,  2.79s/it]2026-09-22 04:54:59,133 INFO [rw_gen_positioning_type|paper_align|Qwen3-0.6B] step=58 epoch=0.5459

                                                

 18%|█▊        | 58/321 [02:47<12:13,  2.79s/it]2026-09-22 04:54:59,902 INFO [rw_gen_positioning_type|paper_align|Qwen3-0.6B] step=58 epoch=0.5459

                                                

 18%|█▊        | 58/321 [02:48<12:13,  2.79s/it]
 18%|█▊        | 59/321 [02:48<12:55,  2.96s/it]2026-09-22 04:55:00,616 INFO [rw_gen_positioning_type|paper_align|Qwen3-0.6B] step=59 epoch=0.5553

                                                

 18%|█▊        | 59/321 [02:49<12:55,  2.96s/it]2026-09-22 04:55:01,549 INFO [rw_gen_positioning_type|paper_align|Qwen3-0.6B] step=59 epoch=0.5553

                                                

 18%|█▊        | 59/321 [02:50<12:55,  2.96s/it]2026-09-22 04:55:02,361 INFO [rw_gen_positioning_type|paper_align|Qwen3-0.6B] step=59 epoch=0.5553

                                                

 18%|█▊        | 59/321 [02:50<12:55,  2.96s/it]2026-09-22 04:55:02,994 INFO [rw_gen_positioning_type|paper_align|Qwen3-0.6B] step=59 epoch=0.5553

                                                

 18%|█▊        | 59/321 [02:51<12:55,  2.96s/it]
 19%|█▊        | 60/321 [02:51<12:55,  2.97s/it]2026-09-22 04:55:03,369 INFO [rw_gen_positioning_type|paper_align|Qwen3-0.6B] step=60 loss=2.0129 learning_rate=0.0001 epoch=0.5647

                                                

 19%|█▊        | 60/321 [02:51<12:55,  2.97s/it]2026-09-22 04:55:03,607 INFO [rw_gen_positioning_type|paper_align|Qwen3-0.6B] step=60 epoch=0.5647

                                                

 19%|█▊        | 60/321 [02:52<12:55,  2.97s/it]2026-09-22 04:55:04,256 INFO [rw_gen_positioning_type|paper_align|Qwen3-0.6B] step=60 epoch=0.5647

                                                

 19%|█▊        | 60/321 [02:52<12:55,  2.97s/it]2026-09-22 04:55:04,822 INFO [rw_gen_positioning_type|paper_align|Qwen3-0.6B] step=60 epoch=0.5647

                                                

 19%|█▊        | 60/321 [02:53<12:55,  2.97s/it]2026-09-22 04:55:05,562 INFO [rw_gen_positioning_type|paper_align|Qwen3-0.6B] step=60 epoch=0.5647

                                                

 19%|█▊        | 60/321 [02:54<12:55,  2.97s/it]
 19%|█▉        | 61/321 [02:54<12:36,  2.91s/it]2026-09-22 04:55:06,395 INFO [rw_gen_positioning_type|paper_align|Qwen3-0.6B] step=61 epoch=0.5741

                                                

 19%|█▉        | 61/321 [02:54<12:36,  2.91s/it]2026-09-22 04:55:07,142 INFO [rw_gen_positioning_type|paper_align|Qwen3-0.6B] step=61 epoch=0.5741

                                                

 19%|█▉        | 61/321 [02:55<12:36,  2.91s/it]2026-09-22 04:55:07,742 INFO [rw_gen_positioning_type|paper_align|Qwen3-0.6B] step=61 epoch=0.5741

                                                

 19%|█▉        | 61/321 [02:56<12:36,  2.91s/it]2026-09-22 04:55:08,444 INFO [rw_gen_positioning_type|paper_align|Qwen3-0.6B] step=61 epoch=0.5741

                                                

 19%|█▉        | 61/321 [02:56<12:36,  2.91s/it]
 19%|█▉        | 62/321 [02:57<12:21,  2.86s/it]2026-09-22 04:55:09,133 INFO [rw_gen_positioning_type|paper_align|Qwen3-0.6B] step=62 epoch=0.5835

                                                

 19%|█▉        | 62/321 [02:57<12:21,  2.86s/it]2026-09-22 04:55:09,717 INFO [rw_gen_positioning_type|paper_align|Qwen3-0.6B] step=62 epoch=0.5835

                                                

 19%|█▉        | 62/321 [02:58<12:21,  2.86s/it]2026-09-22 04:55:10,330 INFO [rw_gen_positioning_type|paper_align|Qwen3-0.6B] step=62 epoch=0.5835

                                                

 19%|█▉        | 62/321 [02:58<12:21,  2.86s/it]2026-09-22 04:55:11,069 INFO [rw_gen_positioning_type|paper_align|Qwen3-0.6B] step=62 epoch=0.5835

                                                

 19%|█▉        | 62/321 [02:59<12:21,  2.86s/it]
 20%|█▉        | 63/321 [02:59<11:55,  2.77s/it]2026-09-22 04:55:11,710 INFO [rw_gen_positioning_type|paper_align|Qwen3-0.6B] step=63 epoch=0.5929

                                                

 20%|█▉        | 63/321 [03:00<11:55,  2.77s/it]2026-09-22 04:55:12,312 INFO [rw_gen_positioning_type|paper_align|Qwen3-0.6B] step=63 epoch=0.5929

                                                

 20%|█▉        | 63/321 [03:00<11:55,  2.77s/it]2026-09-22 04:55:13,059 INFO [rw_gen_positioning_type|paper_align|Qwen3-0.6B] step=63 epoch=0.5929

                                                

 20%|█▉        | 63/321 [03:01<11:55,  2.77s/it]2026-09-22 04:55:13,919 INFO [rw_gen_positioning_type|paper_align|Qwen3-0.6B] step=63 epoch=0.5929

                                                

 20%|█▉        | 63/321 [03:02<11:55,  2.77s/it]
 20%|█▉        | 64/321 [03:02<11:58,  2.80s/it]2026-09-22 04:55:14,546 INFO [rw_gen_positioning_type|paper_align|Qwen3-0.6B] step=64 epoch=0.6024

                                                

 20%|█▉        | 64/321 [03:03<11:58,  2.80s/it]2026-09-22 04:55:15,527 INFO [rw_gen_positioning_type|paper_align|Qwen3-0.6B] step=64 epoch=0.6024

                                                
{'paper_align_label_loss': '0.0009714', 'paper_align_reason_loss': '0.9406', 'epoch': '0.4047'}
{'paper_align_label_loss': '0.0003012', 'paper_align_reason_loss': '1.031', 'epoch': '0.4047'}
{'paper_align_label_loss': '0.0005358', 'paper_align_reason_loss': '1.007', 'epoch': '0.4047'}
{'paper_align_label_loss': '0.0711', 'paper_align_reason_loss': '0.7623', 'epoch': '0.4047'}
{'paper_align_label_loss': '0.08649', 'paper_align_reason_loss': '1.068', 'epoch': '0.4141'}
{'paper_align_label_loss': '0.000709', 'paper_align_reason_loss': '0.8856', 'epoch': '0.4141'}
{'paper_align_label_loss': '0.001514', 'paper_align_reason_loss': '0.8976', 'epoch': '0.4141'}
{'paper_align_label_loss': '0.002028', 'paper_align_reason_loss': '0.7514', 'epoch': '0.4141'}
{'paper_align_label_loss': '8.16e-05', 'paper_align_reason_loss': '0.9666', 'epoch': '0.4235'}
{'paper_align_label_loss': '0.003682', 'paper_align_reason_loss': '1.003', 'epoch': '0.4235'}
{'paper_align_label_loss': '2.535e-05', 'paper_align_reason_loss': '0.9608', 'epoch': '0.4235'}
{'paper_align_label_loss': '0.06104', 'paper_align_reason_loss': '1.168', 'epoch': '0.4235'}
{'paper_align_label_loss': '0.383', 'paper_align_reason_loss': '1.278', 'epoch': '0.4329'}
{'paper_align_label_loss': '0.4064', 'paper_align_reason_loss': '1.01', 'epoch': '0.4329'}
{'paper_align_label_loss': '0.6958', 'paper_align_reason_loss': '0.8489', 'epoch': '0.4329'}
{'paper_align_label_loss': '5.427e-05', 'paper_align_reason_loss': '0.9637', 'epoch': '0.4329'}
{'paper_align_label_loss': '2.743e-05', 'paper_align_reason_loss': '0.8848', 'epoch': '0.4424'}
{'paper_align_label_loss': '0.004393', 'paper_align_reason_loss': '0.9781', 'epoch': '0.4424'}
{'paper_align_label_loss': '0.3363', 'paper_align_reason_loss': '0.8576', 'epoch': '0.4424'}
{'paper_align_label_loss': '0.03273', 'paper_align_reason_loss': '1.195', 'epoch': '0.4424'}
{'paper_align_label_loss': '0.1194', 'paper_align_reason_loss': '0.8733', 'epoch': '0.4518'}
{'paper_align_label_loss': '0.004995', 'paper_align_reason_loss': '0.9182', 'epoch': '0.4518'}
{'paper_align_label_loss': '0.4946', 'paper_align_reason_loss': '1.002', 'epoch': '0.4518'}
{'paper_align_label_loss': '1.933e-05', 'paper_align_reason_loss': '1.228', 'epoch': '0.4518'}
{'paper_align_label_loss': '0.0002263', 'paper_align_reason_loss': '0.9186', 'epoch': '0.4612'}
{'paper_align_label_loss': '0.1064', 'paper_align_reason_loss': '0.813', 'epoch': '0.4612'}
{'paper_align_label_loss': '7.727e-05', 'paper_align_reason_loss': '0.9494', 'epoch': '0.4612'}
{'paper_align_label_loss': '0.001924', 'paper_align_reason_loss': '1.257', 'epoch': '0.4612'}
{'loss': '2.12', 'grad_norm': '9.509', 'learning_rate': '9.617e-05', 'epoch': '0.4706'}
{'paper_align_label_loss': '0.000568', 'paper_align_reason_loss': '1.004', 'epoch': '0.4706'}
{'paper_align_label_loss': '0.0004576', 'paper_align_reason_loss': '0.6761', 'epoch': '0.4706'}
{'paper_align_label_loss': '0.004794', 'paper_align_reason_loss': '1.082', 'epoch': '0.4706'}
{'paper_align_label_loss': '0.0004551', 'paper_align_reason_loss': '1.084', 'epoch': '0.4706'}
{'paper_align_label_loss': '0.01786', 'paper_align_reason_loss': '0.8847', 'epoch': '0.48'}
{'paper_align_label_loss': '0.03981', 'paper_align_reason_loss': '0.8994', 'epoch': '0.48'}
{'paper_align_label_loss': '0.0001737', 'paper_align_reason_loss': '0.8855', 'epoch': '0.48'}
{'paper_align_label_loss': '0.009773', 'paper_align_reason_loss': '0.9571', 'epoch': '0.48'}
{'paper_align_label_loss': '0.001035', 'paper_align_reason_loss': '0.8818', 'epoch': '0.4894'}
{'paper_align_label_loss': '0.005708', 'paper_align_reason_loss': '0.8042', 'epoch': '0.4894'}
{'paper_align_label_loss': '0.000119', 'paper_align_reason_loss': '0.9296', 'epoch': '0.4894'}
{'paper_align_label_loss': '0.002008', 'paper_align_reason_loss': '1.105', 'epoch': '0.4894'}
{'paper_align_label_loss': '0.00224', 'paper_align_reason_loss': '0.9782', 'epoch': '0.4988'}
{'paper_align_label_loss': '0.003346', 'paper_align_reason_loss': '1.07', 'epoch': '0.4988'}
{'paper_align_label_loss': '0.06024', 'paper_align_reason_loss': '0.8596', 'epoch': '0.4988'}
{'paper_align_label_loss': '0.01971', 'paper_align_reason_loss': '0.9268', 'epoch': '0.4988'}
{'paper_align_label_loss': '0.01286', 'paper_align_reason_loss': '0.8953', 'epoch': '0.5082'}
{'paper_align_label_loss': '0.0007896', 'paper_align_reason_loss': '0.9165', 'epoch': '0.5082'}
{'paper_align_label_loss': '0.0002139', 'paper_align_reason_loss': '0.9461', 'epoch': '0.5082'}
{'paper_align_label_loss': '0.1024', 'paper_align_reason_loss': '1.101', 'epoch': '0.5082'}
{'paper_align_label_loss': '0.3632', 'paper_align_reason_loss': '1.002', 'epoch': '0.5176'}
{'paper_align_label_loss': '0.0001565', 'paper_align_reason_loss': '0.9079', 'epoch': '0.5176'}
{'paper_align_label_loss': '0.003876', 'paper_align_reason_loss': '1.098', 'epoch': '0.5176'}
{'paper_align_label_loss': '0.1103', 'paper_align_reason_loss': '0.9387', 'epoch': '0.5176'}
{'paper_align_label_loss': '0.156', 'paper_align_reason_loss': '0.7536', 'epoch': '0.5271'}
{'paper_align_label_loss': '0.02064', 'paper_align_reason_loss': '1.15', 'epoch': '0.5271'}
{'paper_align_label_loss': '0.0002381', 'paper_align_reason_loss': '0.8394', 'epoch': '0.5271'}
{'paper_align_label_loss': '0.0001133', 'paper_align_reason_loss': '1.025', 'epoch': '0.5271'}
{'paper_align_label_loss': '0.005497', 'paper_align_reason_loss': '1.14', 'epoch': '0.5365'}
{'paper_align_label_loss': '0.0005589', 'paper_align_reason_loss': '1.074', 'epoch': '0.5365'}
{'paper_align_label_loss': '0.003257', 'paper_align_reason_loss': '0.922', 'epoch': '0.5365'}
{'paper_align_label_loss': '0.06643', 'paper_align_reason_loss': '0.8331', 'epoch': '0.5365'}
{'paper_align_label_loss': '0.0002707', 'paper_align_reason_loss': '1.061', 'epoch': '0.5459'}
{'paper_align_label_loss': '0.01085', 'paper_align_reason_loss': '1.33', 'epoch': '0.5459'}
{'paper_align_label_loss': '0.2141', 'paper_align_reason_loss': '1.172', 'epoch': '0.5459'}
{'paper_align_label_loss': '0.01037', 'paper_align_reason_loss': '1.149', 'epoch': '0.5459'}
{'paper_align_label_loss': '0.0002989', 'paper_align_reason_loss': '1.147', 'epoch': '0.5553'}
{'paper_align_label_loss': '0.001983', 'paper_align_reason_loss': '0.8435', 'epoch': '0.5553'}
{'paper_align_label_loss': '0.003759', 'paper_align_reason_loss': '0.652', 'epoch': '0.5553'}
{'paper_align_label_loss': '0.001523', 'paper_align_reason_loss': '1.076', 'epoch': '0.5553'}
{'loss': '2.013', 'grad_norm': '2.857', 'learning_rate': '9.4e-05', 'epoch': '0.5647'}
{'paper_align_label_loss': '0.002631', 'paper_align_reason_loss': '0.8943', 'epoch': '0.5647'}
{'paper_align_label_loss': '3.555e-05', 'paper_align_reason_loss': '1.132', 'epoch': '0.5647'}
{'paper_align_label_loss': '0.005839', 'paper_align_reason_loss': '1.069', 'epoch': '0.5647'}
{'paper_align_label_loss': '0.0004257', 'paper_align_reason_loss': '0.9634', 'epoch': '0.5647'}
{'paper_align_label_loss': '0.01008', 'paper_align_reason_loss': '0.8317', 'epoch': '0.5741'}
{'paper_align_label_loss': '4.733e-05', 'paper_align_reason_loss': '1.141', 'epoch': '0.5741'}
{'paper_align_label_loss': '6.916e-05', 'paper_align_reason_loss': '1.077', 'epoch': '0.5741'}
{'paper_align_label_loss': '0.002668', 'paper_align_reason_loss': '0.8385', 'epoch': '0.5741'}
{'paper_align_label_loss': '3.07e-05', 'paper_align_reason_loss': '1.153', 'epoch': '0.5835'}
{'paper_align_label_loss': '0.1974', 'paper_align_reason_loss': '0.8465', 'epoch': '0.5835'}
{'paper_align_label_loss': '6.86e-05', 'paper_align_reason_loss': '0.9642', 'epoch': '0.5835'}
{'paper_align_label_loss': '0.2206', 'paper_align_reason_loss': '0.9315', 'epoch': '0.5835'}
{'paper_align_label_loss': '0.003087', 'paper_align_reason_loss': '0.9576', 'epoch': '0.5929'}
{'paper_align_label_loss': '0.08215', 'paper_align_reason_loss': '1.128', 'epoch': '0.5929'}
{'paper_align_label_loss': '0.3752', 'paper_align_reason_loss': '0.9697', 'epoch': '0.5929'}
{'paper_align_label_loss': '5.676e-05', 'paper_align_reason_loss': '0.8578', 'epoch': '0.5929'}
{'paper_align_label_loss': '0.003135', 'paper_align_reason_loss': '0.8564', 'epoch': '0.6024'}

 20%|█▉        | 64/321 [03:03<11:58,  2.80s/it]2026-09-22 04:55:16,121 INFO [rw_gen_positioning_type|paper_align|Qwen3-0.6B] step=64 epoch=0.6024

                                                

 20%|█▉        | 64/321 [03:04<11:58,  2.80s/it]2026-09-22 04:55:16,707 INFO [rw_gen_positioning_type|paper_align|Qwen3-0.6B] step=64 epoch=0.6024

                                                

 20%|█▉        | 64/321 [03:05<11:58,  2.80s/it]
 20%|██        | 65/321 [03:05<11:58,  2.81s/it]2026-09-22 04:55:17,379 INFO [rw_gen_positioning_type|paper_align|Qwen3-0.6B] step=65 epoch=0.6118

                                                

 20%|██        | 65/321 [03:05<11:58,  2.81s/it]2026-09-22 04:55:17,957 INFO [rw_gen_positioning_type|paper_align|Qwen3-0.6B] step=65 epoch=0.6118

                                                

 20%|██        | 65/321 [03:06<11:58,  2.81s/it]2026-09-22 04:55:18,595 INFO [rw_gen_positioning_type|paper_align|Qwen3-0.6B] step=65 epoch=0.6118

                                                

 20%|██        | 65/321 [03:07<11:58,  2.81s/it]2026-09-22 04:55:19,296 INFO [rw_gen_positioning_type|paper_align|Qwen3-0.6B] step=65 epoch=0.6118

                                                

 20%|██        | 65/321 [03:07<11:58,  2.81s/it]
 21%|██        | 66/321 [03:08<11:37,  2.73s/it]2026-09-22 04:55:19,966 INFO [rw_gen_positioning_type|paper_align|Qwen3-0.6B] step=66 epoch=0.6212

                                                

 21%|██        | 66/321 [03:08<11:37,  2.73s/it]2026-09-22 04:55:20,694 INFO [rw_gen_positioning_type|paper_align|Qwen3-0.6B] step=66 epoch=0.6212

                                                

 21%|██        | 66/321 [03:09<11:37,  2.73s/it]2026-09-22 04:55:21,542 INFO [rw_gen_positioning_type|paper_align|Qwen3-0.6B] step=66 epoch=0.6212

                                                

 21%|██        | 66/321 [03:10<11:37,  2.73s/it]2026-09-22 04:55:22,392 INFO [rw_gen_positioning_type|paper_align|Qwen3-0.6B] step=66 epoch=0.6212

                                                

 21%|██        | 66/321 [03:10<11:37,  2.73s/it]
 21%|██        | 67/321 [03:11<12:04,  2.85s/it]2026-09-22 04:55:23,077 INFO [rw_gen_positioning_type|paper_align|Qwen3-0.6B] step=67 epoch=0.6306

                                                

 21%|██        | 67/321 [03:11<12:04,  2.85s/it]2026-09-22 04:55:23,787 INFO [rw_gen_positioning_type|paper_align|Qwen3-0.6B] step=67 epoch=0.6306

                                                

 21%|██        | 67/321 [03:12<12:04,  2.85s/it]2026-09-22 04:55:24,479 INFO [rw_gen_positioning_type|paper_align|Qwen3-0.6B] step=67 epoch=0.6306

                                                

 21%|██        | 67/321 [03:12<12:04,  2.85s/it]2026-09-22 04:55:25,152 INFO [rw_gen_positioning_type|paper_align|Qwen3-0.6B] step=67 epoch=0.6306

                                                

 21%|██        | 67/321 [03:13<12:04,  2.85s/it]
 21%|██        | 68/321 [03:14<12:23,  2.94s/it]2026-09-22 04:55:26,205 INFO [rw_gen_positioning_type|paper_align|Qwen3-0.6B] step=68 epoch=0.6400

                                                

 21%|██        | 68/321 [03:14<12:23,  2.94s/it]2026-09-22 04:55:26,800 INFO [rw_gen_positioning_type|paper_align|Qwen3-0.6B] step=68 epoch=0.6400

                                                

 21%|██        | 68/321 [03:15<12:23,  2.94s/it]2026-09-22 04:55:27,529 INFO [rw_gen_positioning_type|paper_align|Qwen3-0.6B] step=68 epoch=0.6400

                                                

 21%|██        | 68/321 [03:16<12:23,  2.94s/it]2026-09-22 04:55:28,110 INFO [rw_gen_positioning_type|paper_align|Qwen3-0.6B] step=68 epoch=0.6400

                                                

 21%|██        | 68/321 [03:16<12:23,  2.94s/it]
 21%|██▏       | 69/321 [03:17<11:56,  2.84s/it]2026-09-22 04:55:28,845 INFO [rw_gen_positioning_type|paper_align|Qwen3-0.6B] step=69 epoch=0.6494

                                                

 21%|██▏       | 69/321 [03:17<11:56,  2.84s/it]2026-09-22 04:55:29,588 INFO [rw_gen_positioning_type|paper_align|Qwen3-0.6B] step=69 epoch=0.6494

                                                

 21%|██▏       | 69/321 [03:18<11:56,  2.84s/it]2026-09-22 04:55:30,556 INFO [rw_gen_positioning_type|paper_align|Qwen3-0.6B] step=69 epoch=0.6494

                                                

 21%|██▏       | 69/321 [03:19<11:56,  2.84s/it]2026-09-22 04:55:31,220 INFO [rw_gen_positioning_type|paper_align|Qwen3-0.6B] step=69 epoch=0.6494

                                                

 21%|██▏       | 69/321 [03:19<11:56,  2.84s/it]
 22%|██▏       | 70/321 [03:20<12:07,  2.90s/it]2026-09-22 04:55:31,621 INFO [rw_gen_positioning_type|paper_align|Qwen3-0.6B] step=70 loss=1.9410 learning_rate=0.0001 epoch=0.6588

                                                

 22%|██▏       | 70/321 [03:20<12:07,  2.90s/it]2026-09-22 04:55:31,885 INFO [rw_gen_positioning_type|paper_align|Qwen3-0.6B] step=70 epoch=0.6588

                                                

 22%|██▏       | 70/321 [03:20<12:07,  2.90s/it]2026-09-22 04:55:32,663 INFO [rw_gen_positioning_type|paper_align|Qwen3-0.6B] step=70 epoch=0.6588

                                                

 22%|██▏       | 70/321 [03:21<12:07,  2.90s/it]2026-09-22 04:55:33,296 INFO [rw_gen_positioning_type|paper_align|Qwen3-0.6B] step=70 epoch=0.6588

                                                

 22%|██▏       | 70/321 [03:21<12:07,  2.90s/it]2026-09-22 04:55:33,987 INFO [rw_gen_positioning_type|paper_align|Qwen3-0.6B] step=70 epoch=0.6588

                                                

 22%|██▏       | 70/321 [03:22<12:07,  2.90s/it]
 22%|██▏       | 71/321 [03:22<11:54,  2.86s/it]2026-09-22 04:55:34,626 INFO [rw_gen_positioning_type|paper_align|Qwen3-0.6B] step=71 epoch=0.6682

                                                

 22%|██▏       | 71/321 [03:23<11:54,  2.86s/it]2026-09-22 04:55:35,218 INFO [rw_gen_positioning_type|paper_align|Qwen3-0.6B] step=71 epoch=0.6682

                                                

 22%|██▏       | 71/321 [03:23<11:54,  2.86s/it]2026-09-22 04:55:35,926 INFO [rw_gen_positioning_type|paper_align|Qwen3-0.6B] step=71 epoch=0.6682

                                                

 22%|██▏       | 71/321 [03:24<11:54,  2.86s/it]2026-09-22 04:55:36,675 INFO [rw_gen_positioning_type|paper_align|Qwen3-0.6B] step=71 epoch=0.6682

                                                

 22%|██▏       | 71/321 [03:25<11:54,  2.86s/it]
 22%|██▏       | 72/321 [03:25<11:54,  2.87s/it]2026-09-22 04:55:37,567 INFO [rw_gen_positioning_type|paper_align|Qwen3-0.6B] step=72 epoch=0.6776

                                                

 22%|██▏       | 72/321 [03:26<11:54,  2.87s/it]2026-09-22 04:55:38,449 INFO [rw_gen_positioning_type|paper_align|Qwen3-0.6B] step=72 epoch=0.6776

                                                

 22%|██▏       | 72/321 [03:26<11:54,  2.87s/it]2026-09-22 04:55:39,193 INFO [rw_gen_positioning_type|paper_align|Qwen3-0.6B] step=72 epoch=0.6776

                                                

 22%|██▏       | 72/321 [03:27<11:54,  2.87s/it]2026-09-22 04:55:39,865 INFO [rw_gen_positioning_type|paper_align|Qwen3-0.6B] step=72 epoch=0.6776

                                                

 22%|██▏       | 72/321 [03:28<11:54,  2.87s/it]
 23%|██▎       | 73/321 [03:28<12:05,  2.92s/it]2026-09-22 04:55:40,578 INFO [rw_gen_positioning_type|paper_align|Qwen3-0.6B] step=73 epoch=0.6871

                                                

 23%|██▎       | 73/321 [03:29<12:05,  2.92s/it]2026-09-22 04:55:41,308 INFO [rw_gen_positioning_type|paper_align|Qwen3-0.6B] step=73 epoch=0.6871

                                                

 23%|██▎       | 73/321 [03:29<12:05,  2.92s/it]2026-09-22 04:55:41,934 INFO [rw_gen_positioning_type|paper_align|Qwen3-0.6B] step=73 epoch=0.6871

                                                

 23%|██▎       | 73/321 [03:30<12:05,  2.92s/it]2026-09-22 04:55:42,616 INFO [rw_gen_positioning_type|paper_align|Qwen3-0.6B] step=73 epoch=0.6871

                                                

 23%|██▎       | 73/321 [03:31<12:05,  2.92s/it]
 23%|██▎       | 74/321 [03:31<11:55,  2.90s/it]2026-09-22 04:55:43,406 INFO [rw_gen_positioning_type|paper_align|Qwen3-0.6B] step=74 epoch=0.6965

                                                

 23%|██▎       | 74/321 [03:31<11:55,  2.90s/it]2026-09-22 04:55:44,359 INFO [rw_gen_positioning_type|paper_align|Qwen3-0.6B] step=74 epoch=0.6965

                                                

 23%|██▎       | 74/321 [03:32<11:55,  2.90s/it]2026-09-22 04:55:45,029 INFO [rw_gen_positioning_type|paper_align|Qwen3-0.6B] step=74 epoch=0.6965

                                                

 23%|██▎       | 74/321 [03:33<11:55,  2.90s/it]2026-09-22 04:55:45,619 INFO [rw_gen_positioning_type|paper_align|Qwen3-0.6B] step=74 epoch=0.6965

                                                

 23%|██▎       | 74/321 [03:34<11:55,  2.90s/it]
 23%|██▎       | 75/321 [03:34<11:53,  2.90s/it]2026-09-22 04:55:46,314 INFO [rw_gen_positioning_type|paper_align|Qwen3-0.6B] step=75 epoch=0.7059

                                                

 23%|██▎       | 75/321 [03:34<11:53,  2.90s/it]2026-09-22 04:55:46,985 INFO [rw_gen_positioning_type|paper_align|Qwen3-0.6B] step=75 epoch=0.7059

                                                

 23%|██▎       | 75/321 [03:35<11:53,  2.90s/it]2026-09-22 04:55:47,857 INFO [rw_gen_positioning_type|paper_align|Qwen3-0.6B] step=75 epoch=0.7059

                                                

 23%|██▎       | 75/321 [03:36<11:53,  2.90s/it]2026-09-22 04:55:48,495 INFO [rw_gen_positioning_type|paper_align|Qwen3-0.6B] step=75 epoch=0.7059

                                                

 23%|██▎       | 75/321 [03:36<11:53,  2.90s/it]
 24%|██▎       | 76/321 [03:37<11:45,  2.88s/it]2026-09-22 04:55:49,140 INFO [rw_gen_positioning_type|paper_align|Qwen3-0.6B] step=76 epoch=0.7153

                                                

 24%|██▎       | 76/321 [03:37<11:45,  2.88s/it]2026-09-22 04:55:49,747 INFO [rw_gen_positioning_type|paper_align|Qwen3-0.6B] step=76 epoch=0.7153

                                                

 24%|██▎       | 76/321 [03:38<11:45,  2.88s/it]2026-09-22 04:55:50,415 INFO [rw_gen_positioning_type|paper_align|Qwen3-0.6B] step=76 epoch=0.7153

                                                

 24%|██▎       | 76/321 [03:38<11:45,  2.88s/it]2026-09-22 04:55:51,055 INFO [rw_gen_positioning_type|paper_align|Qwen3-0.6B] step=76 epoch=0.7153

                                                

 24%|██▎       | 76/321 [03:39<11:45,  2.88s/it]
 24%|██▍       | 77/321 [03:40<11:29,  2.82s/it]2026-09-22 04:55:51,911 INFO [rw_gen_positioning_type|paper_align|Qwen3-0.6B] step=77 epoch=0.7247

                                                

 24%|██▍       | 77/321 [03:40<11:29,  2.82s/it]2026-09-22 04:55:52,868 INFO [rw_gen_positioning_type|paper_align|Qwen3-0.6B] step=77 epoch=0.7247

                                                

 24%|██▍       | 77/321 [03:41<11:29,  2.82s/it]2026-09-22 04:55:53,636 INFO [rw_gen_positioning_type|paper_align|Qwen3-0.6B] step=77 epoch=0.7247

                                                

 24%|██▍       | 77/321 [03:42<11:29,  2.82s/it]2026-09-22 04:55:54,475 INFO [rw_gen_positioning_type|paper_align|Qwen3-0.6B] step=77 epoch=0.7247

                                                

 24%|██▍       | 77/321 [03:42<11:29,  2.82s/it]
 24%|██▍       | 78/321 [03:43<12:07,  2.99s/it]2026-09-22 04:55:55,235 INFO [rw_gen_positioning_type|paper_align|Qwen3-0.6B] step=78 epoch=0.7341

                                                

 24%|██▍       | 78/321 [03:43<12:07,  2.99s/it]2026-09-22 04:55:55,902 INFO [rw_gen_positioning_type|paper_align|Qwen3-0.6B] step=78 epoch=0.7341

                                                

 24%|██▍       | 78/321 [03:44<12:07,  2.99s/it]2026-09-22 04:55:56,680 INFO [rw_gen_positioning_type|paper_align|Qwen3-0.6B] step=78 epoch=0.7341

                                                

 24%|██▍       | 78/321 [03:45<12:07,  2.99s/it]2026-09-22 04:55:57,385 INFO [rw_gen_positioning_type|paper_align|Qwen3-0.6B] step=78 epoch=0.7341

                                                

 24%|██▍       | 78/321 [03:45<12:07,  2.99s/it]
 25%|██▍       | 79/321 [03:46<11:55,  2.96s/it]2026-09-22 04:55:58,094 INFO [rw_gen_positioning_type|paper_align|Qwen3-0.6B] step=79 epoch=0.7435

                                                

 25%|██▍       | 79/321 [03:46<11:55,  2.96s/it]2026-09-22 04:55:59,076 INFO [rw_gen_positioning_type|paper_align|Qwen3-0.6B] step=79 epoch=0.7435

                                                

 25%|██▍       | 79/321 [03:47<11:55,  2.96s/it]2026-09-22 04:55:59,778 INFO [rw_gen_positioning_type|paper_align|Qwen3-0.6B] step=79 epoch=0.7435

                                                

 25%|██▍       | 79/321 [03:48<11:55,  2.96s/it]2026-09-22 04:56:00,441 INFO [rw_gen_positioning_type|paper_align|Qwen3-0.6B] step=79 epoch=0.7435

                                                

 25%|██▍       | 79/321 [03:48<11:55,  2.96s/it]
 25%|██▍       | 80/321 [03:49<11:59,  2.99s/it]2026-09-22 04:56:00,911 INFO [rw_gen_positioning_type|paper_align|Qwen3-0.6B] step=80 loss=1.8856 learning_rate=0.0001 epoch=0.7529

                                                

 25%|██▍       | 80/321 [03:49<11:59,  2.99s/it]2026-09-22 04:56:01,159 INFO [rw_gen_positioning_type|paper_align|Qwen3-0.6B] step=80 epoch=0.7529

                                                

 25%|██▍       | 80/321 [03:49<11:59,  2.99s/it]2026-09-22 04:56:01,796 INFO [rw_gen_positioning_type|paper_align|Qwen3-0.6B] step=80 epoch=0.7529

                                                

 25%|██▍       | 80/321 [03:50<11:59,  2.99s/it]2026-09-22 04:56:02,483 INFO [rw_gen_positioning_type|paper_align|Qwen3-0.6B] step=80 epoch=0.7529

                                                

 25%|██▍       | 80/321 [03:50<11:59,  2.99s/it]2026-09-22 04:56:03,271 INFO [rw_gen_positioning_type|paper_align|Qwen3-0.6B] step=80 epoch=0.7529

                                                

 25%|██▍       | 80/321 [03:51<11:59,  2.99s/it]
 25%|██▌       | 81/321 [03:52<11:51,  2.97s/it]2026-09-22 04:56:04,072 INFO [rw_gen_positioning_type|paper_align|Qwen3-0.6B] step=81 epoch=0.7624

                                                

 25%|██▌       | 81/321 [03:52<11:51,  2.97s/it]2026-09-22 04:56:04,771 INFO [rw_gen_positioning_type|paper_align|Qwen3-0.6B] step=81 epoch=0.7624

                                                

 25%|██▌       | 81/321 [03:53<11:51,  2.97s/it]2026-09-22 04:56:05,402 INFO [rw_gen_positioning_type|paper_align|Qwen3-0.6B] step=81 epoch=0.7624

                                                

 25%|██▌       | 81/321 [03:53<11:51,  2.97s/it]2026-09-22 04:56:06,103 INFO [rw_gen_positioning_type|paper_align|Qwen3-0.6B] step=81 epoch=0.7624

                                                

 25%|██▌       | 81/321 [03:54<11:51,  2.97s/it]
 26%|██▌       | 82/321 [03:55<11:30,  2.89s/it]2026-09-22 04:56:06,779 INFO [rw_gen_positioning_type|paper_align|Qwen3-0.6B] step=82 epoch=0.7718

                                                

 26%|██▌       | 82/321 [03:55<11:30,  2.89s/it]2026-09-22 04:56:07,503 INFO [rw_gen_positioning_type|paper_align|Qwen3-0.6B] step=82 epoch=0.7718

                                                

 26%|██▌       | 82/321 [03:55<11:30,  2.89s/it]2026-09-22 04:56:08,224 INFO [rw_gen_positioning_type|paper_align|Qwen3-0.6B] step=82 epoch=0.7718

                                                

 26%|██▌       | 82/321 [03:56<11:30,  2.89s/it]2026-09-22 04:56:08,869 INFO [rw_gen_positioning_type|paper_align|Qwen3-0.6B] step=82 epoch=0.7718

                                                

 26%|██▌       | 82/321 [03:57<11:30,  2.89s/it]
 26%|██▌       | 83/321 [03:58<11:36,  2.93s/it]2026-09-22 04:56:09,794 INFO [rw_gen_positioning_type|paper_align|Qwen3-0.6B] step=83 epoch=0.7812

                                                

 26%|██▌       | 83/321 [03:58<11:36,  2.93s/it]2026-09-22 04:56:10,461 INFO [rw_gen_positioning_type|paper_align|Qwen3-0.6B] step=83 epoch=0.7812

                                                

 26%|██▌       | 83/321 [03:58<11:36,  2.93s/it]2026-09-22 04:56:11,258 INFO [rw_gen_positioning_type|paper_align|Qwen3-0.6B] step=83 epoch=0.7812

                                                

 26%|██▌       | 83/321 [03:59<11:36,  2.93s/it]2026-09-22 04:56:12,314 INFO [rw_gen_positioning_type|paper_align|Qwen3-0.6B] step=83 epoch=0.7812

                                                

 26%|██▌       | 83/321 [04:00<11:36,  2.93s/it]
 26%|██▌       | 84/321 [04:01<12:09,  3.08s/it]2026-09-22 04:56:13,220 INFO [rw_gen_positioning_type|paper_align|Qwen3-0.6B] step=84 epoch=0.7906

                                                

 26%|██▌       | 84/321 [04:01<12:09,  3.08s/it]2026-09-22 04:56:13,846 INFO [rw_gen_positioning_type|paper_align|Qwen3-0.6B] step=84 epoch=0.7906

                                                

 26%|██▌       | 84/321 [04:02<12:09,  3.08s/it]2026-09-22 04:56:14,733 INFO [rw_gen_positioning_type|paper_align|Qwen3-0.6B] step=84 epoch=0.7906

                                                

 26%|██▌       | 84/321 [04:03<12:09,  3.08s/it]2026-09-22 04:56:15,376 INFO [rw_gen_positioning_type|paper_align|Qwen3-0.6B] step=84 epoch=0.7906

                                                

 26%|██▌       | 84/321 [04:03<12:09,  3.08s/it]
 26%|██▋       | 85/321 [04:04<11:46,  2.99s/it]2026-09-22 04:56:16,010 INFO [rw_gen_positioning_type|paper_align|Qwen3-0.6B] step=85 epoch=0.8000

                                                

 26%|██▋       | 85/321 [04:04<11:46,  2.99s/it]2026-09-22 04:56:16,709 INFO [rw_gen_positioning_type|paper_align|Qwen3-0.6B] step=85 epoch=0.8000

                                                
{'paper_align_label_loss': '0.0007082', 'paper_align_reason_loss': '0.733', 'epoch': '0.6024'}
{'paper_align_label_loss': '5.622e-05', 'paper_align_reason_loss': '0.9013', 'epoch': '0.6024'}
{'paper_align_label_loss': '0.1001', 'paper_align_reason_loss': '0.9516', 'epoch': '0.6024'}
{'paper_align_label_loss': '0.0001433', 'paper_align_reason_loss': '1.172', 'epoch': '0.6118'}
{'paper_align_label_loss': '0.02969', 'paper_align_reason_loss': '0.8085', 'epoch': '0.6118'}
{'paper_align_label_loss': '0.003082', 'paper_align_reason_loss': '0.6104', 'epoch': '0.6118'}
{'paper_align_label_loss': '0.0001757', 'paper_align_reason_loss': '0.8371', 'epoch': '0.6118'}
{'paper_align_label_loss': '0.002762', 'paper_align_reason_loss': '0.636', 'epoch': '0.6212'}
{'paper_align_label_loss': '0.006215', 'paper_align_reason_loss': '0.6252', 'epoch': '0.6212'}
{'paper_align_label_loss': '0.0002229', 'paper_align_reason_loss': '0.936', 'epoch': '0.6212'}
{'paper_align_label_loss': '0.02969', 'paper_align_reason_loss': '1.136', 'epoch': '0.6212'}
{'paper_align_label_loss': '0.002919', 'paper_align_reason_loss': '1.036', 'epoch': '0.6306'}
{'paper_align_label_loss': '0.003199', 'paper_align_reason_loss': '0.9606', 'epoch': '0.6306'}
{'paper_align_label_loss': '0.0002447', 'paper_align_reason_loss': '0.9824', 'epoch': '0.6306'}
{'paper_align_label_loss': '0.0001282', 'paper_align_reason_loss': '1.074', 'epoch': '0.6306'}
{'paper_align_label_loss': '0.0003721', 'paper_align_reason_loss': '0.9134', 'epoch': '0.64'}
{'paper_align_label_loss': '0.003193', 'paper_align_reason_loss': '1.026', 'epoch': '0.64'}
{'paper_align_label_loss': '0.0007037', 'paper_align_reason_loss': '1.209', 'epoch': '0.64'}
{'paper_align_label_loss': '0.0007305', 'paper_align_reason_loss': '0.839', 'epoch': '0.64'}
{'paper_align_label_loss': '0.0008893', 'paper_align_reason_loss': '0.7762', 'epoch': '0.6494'}
{'paper_align_label_loss': '0.002051', 'paper_align_reason_loss': '0.8838', 'epoch': '0.6494'}
{'paper_align_label_loss': '0.0004288', 'paper_align_reason_loss': '0.9791', 'epoch': '0.6494'}
{'paper_align_label_loss': '0.0008408', 'paper_align_reason_loss': '1.09', 'epoch': '0.6494'}
{'loss': '1.941', 'grad_norm': '2.703', 'learning_rate': '9.138e-05', 'epoch': '0.6588'}
{'paper_align_label_loss': '0.09422', 'paper_align_reason_loss': '0.8368', 'epoch': '0.6588'}
{'paper_align_label_loss': '0.007217', 'paper_align_reason_loss': '0.7248', 'epoch': '0.6588'}
{'paper_align_label_loss': '0.05651', 'paper_align_reason_loss': '0.8134', 'epoch': '0.6588'}
{'paper_align_label_loss': '0.001936', 'paper_align_reason_loss': '0.78', 'epoch': '0.6588'}
{'paper_align_label_loss': '0.004014', 'paper_align_reason_loss': '0.95', 'epoch': '0.6682'}
{'paper_align_label_loss': '0.00194', 'paper_align_reason_loss': '1.111', 'epoch': '0.6682'}
{'paper_align_label_loss': '0.005518', 'paper_align_reason_loss': '1.124', 'epoch': '0.6682'}
{'paper_align_label_loss': '0.003154', 'paper_align_reason_loss': '0.649', 'epoch': '0.6682'}
{'paper_align_label_loss': '0.001362', 'paper_align_reason_loss': '1.092', 'epoch': '0.6776'}
{'paper_align_label_loss': '0.008675', 'paper_align_reason_loss': '0.9353', 'epoch': '0.6776'}
{'paper_align_label_loss': '0.0009751', 'paper_align_reason_loss': '0.9983', 'epoch': '0.6776'}
{'paper_align_label_loss': '0.05923', 'paper_align_reason_loss': '0.8927', 'epoch': '0.6776'}
{'paper_align_label_loss': '0.001665', 'paper_align_reason_loss': '0.8336', 'epoch': '0.6871'}
{'paper_align_label_loss': '0.003854', 'paper_align_reason_loss': '0.9666', 'epoch': '0.6871'}
{'paper_align_label_loss': '0.001813', 'paper_align_reason_loss': '0.9985', 'epoch': '0.6871'}
{'paper_align_label_loss': '0.03647', 'paper_align_reason_loss': '1.058', 'epoch': '0.6871'}
{'paper_align_label_loss': '0.001017', 'paper_align_reason_loss': '0.8862', 'epoch': '0.6965'}
{'paper_align_label_loss': '0.00196', 'paper_align_reason_loss': '0.8175', 'epoch': '0.6965'}
{'paper_align_label_loss': '0.00107', 'paper_align_reason_loss': '0.6978', 'epoch': '0.6965'}
{'paper_align_label_loss': '0.002595', 'paper_align_reason_loss': '0.9702', 'epoch': '0.6965'}
{'paper_align_label_loss': '0.07239', 'paper_align_reason_loss': '0.6574', 'epoch': '0.7059'}
{'paper_align_label_loss': '0.0002037', 'paper_align_reason_loss': '1.377', 'epoch': '0.7059'}
{'paper_align_label_loss': '0.002185', 'paper_align_reason_loss': '0.776', 'epoch': '0.7059'}
{'paper_align_label_loss': '0.0006074', 'paper_align_reason_loss': '0.8218', 'epoch': '0.7059'}
{'paper_align_label_loss': '0.000503', 'paper_align_reason_loss': '0.8834', 'epoch': '0.7153'}
{'paper_align_label_loss': '0.0006172', 'paper_align_reason_loss': '1.112', 'epoch': '0.7153'}
{'paper_align_label_loss': '0.001452', 'paper_align_reason_loss': '0.9991', 'epoch': '0.7153'}
{'paper_align_label_loss': '0.0001434', 'paper_align_reason_loss': '0.9704', 'epoch': '0.7153'}
{'paper_align_label_loss': '0.007106', 'paper_align_reason_loss': '1.009', 'epoch': '0.7247'}
{'paper_align_label_loss': '0.003994', 'paper_align_reason_loss': '1.039', 'epoch': '0.7247'}
{'paper_align_label_loss': '0.00395', 'paper_align_reason_loss': '0.8596', 'epoch': '0.7247'}
{'paper_align_label_loss': '0.0001321', 'paper_align_reason_loss': '1.013', 'epoch': '0.7247'}
{'paper_align_label_loss': '0.0009289', 'paper_align_reason_loss': '1.069', 'epoch': '0.7341'}
{'paper_align_label_loss': '0.00194', 'paper_align_reason_loss': '1.072', 'epoch': '0.7341'}
{'paper_align_label_loss': '0.005428', 'paper_align_reason_loss': '0.8967', 'epoch': '0.7341'}
{'paper_align_label_loss': '0.001294', 'paper_align_reason_loss': '0.9984', 'epoch': '0.7341'}
{'paper_align_label_loss': '0.0001668', 'paper_align_reason_loss': '0.8933', 'epoch': '0.7435'}
{'paper_align_label_loss': '0.001393', 'paper_align_reason_loss': '0.6499', 'epoch': '0.7435'}
{'paper_align_label_loss': '0.003088', 'paper_align_reason_loss': '1.11', 'epoch': '0.7435'}
{'paper_align_label_loss': '0.002823', 'paper_align_reason_loss': '0.9643', 'epoch': '0.7435'}
{'loss': '1.886', 'grad_norm': '2.546', 'learning_rate': '8.834e-05', 'epoch': '0.7529'}
{'paper_align_label_loss': '0.0008373', 'paper_align_reason_loss': '0.9155', 'epoch': '0.7529'}
{'paper_align_label_loss': '0.001202', 'paper_align_reason_loss': '0.8905', 'epoch': '0.7529'}
{'paper_align_label_loss': '0.005771', 'paper_align_reason_loss': '0.7678', 'epoch': '0.7529'}
{'paper_align_label_loss': '0.001029', 'paper_align_reason_loss': '1.203', 'epoch': '0.7529'}
{'paper_align_label_loss': '7.114e-05', 'paper_align_reason_loss': '1.004', 'epoch': '0.7624'}
{'paper_align_label_loss': '0.001052', 'paper_align_reason_loss': '1.19', 'epoch': '0.7624'}
{'paper_align_label_loss': '0.0001759', 'paper_align_reason_loss': '0.8781', 'epoch': '0.7624'}
{'paper_align_label_loss': '8.148e-05', 'paper_align_reason_loss': '1.044', 'epoch': '0.7624'}
{'paper_align_label_loss': '0.001884', 'paper_align_reason_loss': '0.8515', 'epoch': '0.7718'}
{'paper_align_label_loss': '0.0008791', 'paper_align_reason_loss': '0.7955', 'epoch': '0.7718'}
{'paper_align_label_loss': '5.668e-05', 'paper_align_reason_loss': '0.9006', 'epoch': '0.7718'}
{'paper_align_label_loss': '0.002364', 'paper_align_reason_loss': '0.8187', 'epoch': '0.7718'}
{'paper_align_label_loss': '3.857e-05', 'paper_align_reason_loss': '1.026', 'epoch': '0.7812'}
{'paper_align_label_loss': '0.001489', 'paper_align_reason_loss': '0.8045', 'epoch': '0.7812'}
{'paper_align_label_loss': '0.0276', 'paper_align_reason_loss': '1.359', 'epoch': '0.7812'}
{'paper_align_label_loss': '0.0004081', 'paper_align_reason_loss': '1.066', 'epoch': '0.7812'}
{'paper_align_label_loss': '9.909e-05', 'paper_align_reason_loss': '0.8612', 'epoch': '0.7906'}
{'paper_align_label_loss': '0.0003112', 'paper_align_reason_loss': '0.8556', 'epoch': '0.7906'}
{'paper_align_label_loss': '0.0001852', 'paper_align_reason_loss': '0.9743', 'epoch': '0.7906'}
{'paper_align_label_loss': '2.704e-05', 'paper_align_reason_loss': '0.6933', 'epoch': '0.7906'}
{'paper_align_label_loss': '0.001342', 'paper_align_reason_loss': '0.8237', 'epoch': '0.8'}

 26%|██▋       | 85/321 [04:05<11:46,  2.99s/it]2026-09-22 04:56:17,399 INFO [rw_gen_positioning_type|paper_align|Qwen3-0.6B] step=85 epoch=0.8000

                                                

 26%|██▋       | 85/321 [04:05<11:46,  2.99s/it]2026-09-22 04:56:17,965 INFO [rw_gen_positioning_type|paper_align|Qwen3-0.6B] step=85 epoch=0.8000

                                                

 26%|██▋       | 85/321 [04:06<11:46,  2.99s/it]
 27%|██▋       | 86/321 [04:06<11:13,  2.87s/it]2026-09-22 04:56:18,581 INFO [rw_gen_positioning_type|paper_align|Qwen3-0.6B] step=86 epoch=0.8094

                                                

 27%|██▋       | 86/321 [04:07<11:13,  2.87s/it]2026-09-22 04:56:19,154 INFO [rw_gen_positioning_type|paper_align|Qwen3-0.6B] step=86 epoch=0.8094

                                                

 27%|██▋       | 86/321 [04:07<11:13,  2.87s/it]2026-09-22 04:56:19,835 INFO [rw_gen_positioning_type|paper_align|Qwen3-0.6B] step=86 epoch=0.8094

                                                

 27%|██▋       | 86/321 [04:08<11:13,  2.87s/it]2026-09-22 04:56:20,657 INFO [rw_gen_positioning_type|paper_align|Qwen3-0.6B] step=86 epoch=0.8094

                                                

 27%|██▋       | 86/321 [04:09<11:13,  2.87s/it]
 27%|██▋       | 87/321 [04:09<11:10,  2.87s/it]2026-09-22 04:56:21,457 INFO [rw_gen_positioning_type|paper_align|Qwen3-0.6B] step=87 epoch=0.8188

                                                

 27%|██▋       | 87/321 [04:09<11:10,  2.87s/it]2026-09-22 04:56:22,111 INFO [rw_gen_positioning_type|paper_align|Qwen3-0.6B] step=87 epoch=0.8188

                                                

 27%|██▋       | 87/321 [04:10<11:10,  2.87s/it]2026-09-22 04:56:22,813 INFO [rw_gen_positioning_type|paper_align|Qwen3-0.6B] step=87 epoch=0.8188

                                                

 27%|██▋       | 87/321 [04:11<11:10,  2.87s/it]2026-09-22 04:56:23,503 INFO [rw_gen_positioning_type|paper_align|Qwen3-0.6B] step=87 epoch=0.8188

                                                

 27%|██▋       | 87/321 [04:11<11:10,  2.87s/it]
 27%|██▋       | 88/321 [04:12<11:10,  2.88s/it]2026-09-22 04:56:24,362 INFO [rw_gen_positioning_type|paper_align|Qwen3-0.6B] step=88 epoch=0.8282

                                                

 27%|██▋       | 88/321 [04:12<11:10,  2.88s/it]2026-09-22 04:56:25,010 INFO [rw_gen_positioning_type|paper_align|Qwen3-0.6B] step=88 epoch=0.8282

                                                

 27%|██▋       | 88/321 [04:13<11:10,  2.88s/it]2026-09-22 04:56:25,683 INFO [rw_gen_positioning_type|paper_align|Qwen3-0.6B] step=88 epoch=0.8282

                                                

 27%|██▋       | 88/321 [04:14<11:10,  2.88s/it]2026-09-22 04:56:26,684 INFO [rw_gen_positioning_type|paper_align|Qwen3-0.6B] step=88 epoch=0.8282

                                                

 27%|██▋       | 88/321 [04:15<11:10,  2.88s/it]
 28%|██▊       | 89/321 [04:15<11:21,  2.94s/it]2026-09-22 04:56:27,431 INFO [rw_gen_positioning_type|paper_align|Qwen3-0.6B] step=89 epoch=0.8376

                                                

 28%|██▊       | 89/321 [04:15<11:21,  2.94s/it]2026-09-22 04:56:28,366 INFO [rw_gen_positioning_type|paper_align|Qwen3-0.6B] step=89 epoch=0.8376

                                                

 28%|██▊       | 89/321 [04:16<11:21,  2.94s/it]2026-09-22 04:56:28,993 INFO [rw_gen_positioning_type|paper_align|Qwen3-0.6B] step=89 epoch=0.8376

                                                

 28%|██▊       | 89/321 [04:17<11:21,  2.94s/it]2026-09-22 04:56:29,617 INFO [rw_gen_positioning_type|paper_align|Qwen3-0.6B] step=89 epoch=0.8376

                                                

 28%|██▊       | 89/321 [04:18<11:21,  2.94s/it]
 28%|██▊       | 90/321 [04:18<11:14,  2.92s/it]2026-09-22 04:56:30,076 INFO [rw_gen_positioning_type|paper_align|Qwen3-0.6B] step=90 loss=1.8302 learning_rate=0.0001 epoch=0.8471

                                                

 28%|██▊       | 90/321 [04:18<11:14,  2.92s/it]2026-09-22 04:56:30,321 INFO [rw_gen_positioning_type|paper_align|Qwen3-0.6B] step=90 epoch=0.8471

                                                

 28%|██▊       | 90/321 [04:18<11:14,  2.92s/it]2026-09-22 04:56:30,975 INFO [rw_gen_positioning_type|paper_align|Qwen3-0.6B] step=90 epoch=0.8471

                                                

 28%|██▊       | 90/321 [04:19<11:14,  2.92s/it]2026-09-22 04:56:31,718 INFO [rw_gen_positioning_type|paper_align|Qwen3-0.6B] step=90 epoch=0.8471

                                                

 28%|██▊       | 90/321 [04:20<11:14,  2.92s/it]2026-09-22 04:56:32,450 INFO [rw_gen_positioning_type|paper_align|Qwen3-0.6B] step=90 epoch=0.8471

                                                

 28%|██▊       | 90/321 [04:20<11:14,  2.92s/it]
 28%|██▊       | 91/321 [04:21<11:09,  2.91s/it]2026-09-22 04:56:33,221 INFO [rw_gen_positioning_type|paper_align|Qwen3-0.6B] step=91 epoch=0.8565

                                                

 28%|██▊       | 91/321 [04:21<11:09,  2.91s/it]2026-09-22 04:56:33,983 INFO [rw_gen_positioning_type|paper_align|Qwen3-0.6B] step=91 epoch=0.8565

                                                

 28%|██▊       | 91/321 [04:22<11:09,  2.91s/it]2026-09-22 04:56:34,605 INFO [rw_gen_positioning_type|paper_align|Qwen3-0.6B] step=91 epoch=0.8565

                                                

 28%|██▊       | 91/321 [04:23<11:09,  2.91s/it]2026-09-22 04:56:35,288 INFO [rw_gen_positioning_type|paper_align|Qwen3-0.6B] step=91 epoch=0.8565

                                                

 28%|██▊       | 91/321 [04:23<11:09,  2.91s/it]
 29%|██▊       | 92/321 [04:24<10:54,  2.86s/it]2026-09-22 04:56:35,945 INFO [rw_gen_positioning_type|paper_align|Qwen3-0.6B] step=92 epoch=0.8659

                                                

 29%|██▊       | 92/321 [04:24<10:54,  2.86s/it]2026-09-22 04:56:36,602 INFO [rw_gen_positioning_type|paper_align|Qwen3-0.6B] step=92 epoch=0.8659

                                                

 29%|██▊       | 92/321 [04:25<10:54,  2.86s/it]2026-09-22 04:56:37,170 INFO [rw_gen_positioning_type|paper_align|Qwen3-0.6B] step=92 epoch=0.8659

                                                

 29%|██▊       | 92/321 [04:25<10:54,  2.86s/it]2026-09-22 04:56:37,834 INFO [rw_gen_positioning_type|paper_align|Qwen3-0.6B] step=92 epoch=0.8659

                                                

 29%|██▊       | 92/321 [04:26<10:54,  2.86s/it]
 29%|██▉       | 93/321 [04:26<10:39,  2.81s/it]2026-09-22 04:56:38,744 INFO [rw_gen_positioning_type|paper_align|Qwen3-0.6B] step=93 epoch=0.8753

                                                

 29%|██▉       | 93/321 [04:27<10:39,  2.81s/it]2026-09-22 04:56:39,788 INFO [rw_gen_positioning_type|paper_align|Qwen3-0.6B] step=93 epoch=0.8753

                                                

 29%|██▉       | 93/321 [04:28<10:39,  2.81s/it]2026-09-22 04:56:40,431 INFO [rw_gen_positioning_type|paper_align|Qwen3-0.6B] step=93 epoch=0.8753

                                                

 29%|██▉       | 93/321 [04:28<10:39,  2.81s/it]2026-09-22 04:56:41,075 INFO [rw_gen_positioning_type|paper_align|Qwen3-0.6B] step=93 epoch=0.8753

                                                

 29%|██▉       | 93/321 [04:29<10:39,  2.81s/it]
 29%|██▉       | 94/321 [04:30<11:06,  2.94s/it]2026-09-22 04:56:41,868 INFO [rw_gen_positioning_type|paper_align|Qwen3-0.6B] step=94 epoch=0.8847

                                                

 29%|██▉       | 94/321 [04:30<11:06,  2.94s/it]2026-09-22 04:56:42,918 INFO [rw_gen_positioning_type|paper_align|Qwen3-0.6B] step=94 epoch=0.8847

                                                

 29%|██▉       | 94/321 [04:31<11:06,  2.94s/it]2026-09-22 04:56:43,677 INFO [rw_gen_positioning_type|paper_align|Qwen3-0.6B] step=94 epoch=0.8847

                                                

 29%|██▉       | 94/321 [04:32<11:06,  2.94s/it]2026-09-22 04:56:44,294 INFO [rw_gen_positioning_type|paper_align|Qwen3-0.6B] step=94 epoch=0.8847

                                                

 29%|██▉       | 94/321 [04:32<11:06,  2.94s/it]
 30%|██▉       | 95/321 [04:33<11:17,  3.00s/it]2026-09-22 04:56:45,001 INFO [rw_gen_positioning_type|paper_align|Qwen3-0.6B] step=95 epoch=0.8941

                                                

 30%|██▉       | 95/321 [04:33<11:17,  3.00s/it]2026-09-22 04:56:45,690 INFO [rw_gen_positioning_type|paper_align|Qwen3-0.6B] step=95 epoch=0.8941

                                                

 30%|██▉       | 95/321 [04:34<11:17,  3.00s/it]2026-09-22 04:56:46,254 INFO [rw_gen_positioning_type|paper_align|Qwen3-0.6B] step=95 epoch=0.8941

                                                

 30%|██▉       | 95/321 [04:34<11:17,  3.00s/it]2026-09-22 04:56:46,821 INFO [rw_gen_positioning_type|paper_align|Qwen3-0.6B] step=95 epoch=0.8941

                                                

 30%|██▉       | 95/321 [04:35<11:17,  3.00s/it]
 30%|██▉       | 96/321 [04:35<10:40,  2.84s/it]2026-09-22 04:56:47,485 INFO [rw_gen_positioning_type|paper_align|Qwen3-0.6B] step=96 epoch=0.9035

                                                

 30%|██▉       | 96/321 [04:35<10:40,  2.84s/it]2026-09-22 04:56:48,136 INFO [rw_gen_positioning_type|paper_align|Qwen3-0.6B] step=96 epoch=0.9035

                                                

 30%|██▉       | 96/321 [04:36<10:40,  2.84s/it]2026-09-22 04:56:48,867 INFO [rw_gen_positioning_type|paper_align|Qwen3-0.6B] step=96 epoch=0.9035

                                                

 30%|██▉       | 96/321 [04:37<10:40,  2.84s/it]2026-09-22 04:56:49,499 INFO [rw_gen_positioning_type|paper_align|Qwen3-0.6B] step=96 epoch=0.9035

                                                

 30%|██▉       | 96/321 [04:37<10:40,  2.84s/it]
 30%|███       | 97/321 [04:38<10:30,  2.82s/it]2026-09-22 04:56:50,241 INFO [rw_gen_positioning_type|paper_align|Qwen3-0.6B] step=97 epoch=0.9129

                                                

 30%|███       | 97/321 [04:38<10:30,  2.82s/it]2026-09-22 04:56:50,902 INFO [rw_gen_positioning_type|paper_align|Qwen3-0.6B] step=97 epoch=0.9129

                                                

 30%|███       | 97/321 [04:39<10:30,  2.82s/it]2026-09-22 04:56:51,723 INFO [rw_gen_positioning_type|paper_align|Qwen3-0.6B] step=97 epoch=0.9129

                                                

 30%|███       | 97/321 [04:40<10:30,  2.82s/it]2026-09-22 04:56:52,603 INFO [rw_gen_positioning_type|paper_align|Qwen3-0.6B] step=97 epoch=0.9129

                                                

 30%|███       | 97/321 [04:41<10:30,  2.82s/it]
 31%|███       | 98/321 [04:41<10:47,  2.90s/it]2026-09-22 04:56:53,341 INFO [rw_gen_positioning_type|paper_align|Qwen3-0.6B] step=98 epoch=0.9224

                                                

 31%|███       | 98/321 [04:41<10:47,  2.90s/it]2026-09-22 04:56:53,981 INFO [rw_gen_positioning_type|paper_align|Qwen3-0.6B] step=98 epoch=0.9224

                                                

 31%|███       | 98/321 [04:42<10:47,  2.90s/it]2026-09-22 04:56:54,551 INFO [rw_gen_positioning_type|paper_align|Qwen3-0.6B] step=98 epoch=0.9224

                                                

 31%|███       | 98/321 [04:43<10:47,  2.90s/it]2026-09-22 04:56:55,221 INFO [rw_gen_positioning_type|paper_align|Qwen3-0.6B] step=98 epoch=0.9224

                                                

 31%|███       | 98/321 [04:43<10:47,  2.90s/it]
 31%|███       | 99/321 [04:44<10:37,  2.87s/it]2026-09-22 04:56:56,144 INFO [rw_gen_positioning_type|paper_align|Qwen3-0.6B] step=99 epoch=0.9318

                                                

 31%|███       | 99/321 [04:44<10:37,  2.87s/it]2026-09-22 04:56:56,786 INFO [rw_gen_positioning_type|paper_align|Qwen3-0.6B] step=99 epoch=0.9318

                                                

 31%|███       | 99/321 [04:45<10:37,  2.87s/it]2026-09-22 04:56:57,733 INFO [rw_gen_positioning_type|paper_align|Qwen3-0.6B] step=99 epoch=0.9318

                                                

 31%|███       | 99/321 [04:46<10:37,  2.87s/it]2026-09-22 04:56:58,327 INFO [rw_gen_positioning_type|paper_align|Qwen3-0.6B] step=99 epoch=0.9318

                                                

 31%|███       | 99/321 [04:46<10:37,  2.87s/it]
 31%|███       | 100/321 [04:47<10:38,  2.89s/it]2026-09-22 04:56:58,827 INFO [rw_gen_positioning_type|paper_align|Qwen3-0.6B] step=100 loss=1.7044 learning_rate=0.0001 epoch=0.9412

                                                 

 31%|███       | 100/321 [04:47<10:38,  2.89s/it]2026-09-22 04:56:59,076 INFO [rw_gen_positioning_type|paper_align|Qwen3-0.6B] step=100 epoch=0.9412

                                                 

 31%|███       | 100/321 [04:47<10:38,  2.89s/it]2026-09-22 04:56:59,770 INFO [rw_gen_positioning_type|paper_align|Qwen3-0.6B] step=100 epoch=0.9412

                                                 

 31%|███       | 100/321 [04:48<10:38,  2.89s/it]2026-09-22 04:57:00,365 INFO [rw_gen_positioning_type|paper_align|Qwen3-0.6B] step=100 epoch=0.9412

                                                 

 31%|███       | 100/321 [04:48<10:38,  2.89s/it]2026-09-22 04:57:01,115 INFO [rw_gen_positioning_type|paper_align|Qwen3-0.6B] step=100 epoch=0.9412

                                                 

 31%|███       | 100/321 [04:49<10:38,  2.89s/it]
 31%|███▏      | 101/321 [04:50<10:25,  2.84s/it]2026-09-22 04:57:01,811 INFO [rw_gen_positioning_type|paper_align|Qwen3-0.6B] step=101 epoch=0.9506

                                                 

 31%|███▏      | 101/321 [04:50<10:25,  2.84s/it]2026-09-22 04:57:02,484 INFO [rw_gen_positioning_type|paper_align|Qwen3-0.6B] step=101 epoch=0.9506

                                                 

 31%|███▏      | 101/321 [04:50<10:25,  2.84s/it]2026-09-22 04:57:03,094 INFO [rw_gen_positioning_type|paper_align|Qwen3-0.6B] step=101 epoch=0.9506

                                                 

 31%|███▏      | 101/321 [04:51<10:25,  2.84s/it]2026-09-22 04:57:03,844 INFO [rw_gen_positioning_type|paper_align|Qwen3-0.6B] step=101 epoch=0.9506

                                                 

 31%|███▏      | 101/321 [04:52<10:25,  2.84s/it]
 32%|███▏      | 102/321 [04:52<10:12,  2.80s/it]2026-09-22 04:57:04,514 INFO [rw_gen_positioning_type|paper_align|Qwen3-0.6B] step=102 epoch=0.9600

                                                 

 32%|███▏      | 102/321 [04:52<10:12,  2.80s/it]2026-09-22 04:57:05,286 INFO [rw_gen_positioning_type|paper_align|Qwen3-0.6B] step=102 epoch=0.9600

                                                 

 32%|███▏      | 102/321 [04:53<10:12,  2.80s/it]2026-09-22 04:57:05,955 INFO [rw_gen_positioning_type|paper_align|Qwen3-0.6B] step=102 epoch=0.9600

                                                 

 32%|███▏      | 102/321 [04:54<10:12,  2.80s/it]2026-09-22 04:57:06,822 INFO [rw_gen_positioning_type|paper_align|Qwen3-0.6B] step=102 epoch=0.9600

                                                 

 32%|███▏      | 102/321 [04:55<10:12,  2.80s/it]
 32%|███▏      | 103/321 [04:55<10:30,  2.89s/it]2026-09-22 04:57:07,624 INFO [rw_gen_positioning_type|paper_align|Qwen3-0.6B] step=103 epoch=0.9694

                                                 

 32%|███▏      | 103/321 [04:56<10:30,  2.89s/it]2026-09-22 04:57:08,380 INFO [rw_gen_positioning_type|paper_align|Qwen3-0.6B] step=103 epoch=0.9694

                                                 

 32%|███▏      | 103/321 [04:56<10:30,  2.89s/it]2026-09-22 04:57:09,016 INFO [rw_gen_positioning_type|paper_align|Qwen3-0.6B] step=103 epoch=0.9694

                                                 

 32%|███▏      | 103/321 [04:57<10:30,  2.89s/it]2026-09-22 04:57:09,569 INFO [rw_gen_positioning_type|paper_align|Qwen3-0.6B] step=103 epoch=0.9694

                                                 

 32%|███▏      | 103/321 [04:58<10:30,  2.89s/it]
 32%|███▏      | 104/321 [04:58<10:08,  2.80s/it]2026-09-22 04:57:10,203 INFO [rw_gen_positioning_type|paper_align|Qwen3-0.6B] step=104 epoch=0.9788

                                                 

 32%|███▏      | 104/321 [04:58<10:08,  2.80s/it]2026-09-22 04:57:11,124 INFO [rw_gen_positioning_type|paper_align|Qwen3-0.6B] step=104 epoch=0.9788

                                                 

 32%|███▏      | 104/321 [04:59<10:08,  2.80s/it]2026-09-22 04:57:11,767 INFO [rw_gen_positioning_type|paper_align|Qwen3-0.6B] step=104 epoch=0.9788

                                                 

 32%|███▏      | 104/321 [05:00<10:08,  2.80s/it]2026-09-22 04:57:12,384 INFO [rw_gen_positioning_type|paper_align|Qwen3-0.6B] step=104 epoch=0.9788

                                                 

 32%|███▏      | 104/321 [05:00<10:08,  2.80s/it]
 33%|███▎      | 105/321 [05:01<10:10,  2.82s/it]2026-09-22 04:57:13,110 INFO [rw_gen_positioning_type|paper_align|Qwen3-0.6B] step=105 epoch=0.9882

                                                 

 33%|███▎      | 105/321 [05:01<10:10,  2.82s/it]2026-09-22 04:57:13,913 INFO [rw_gen_positioning_type|paper_align|Qwen3-0.6B] step=105 epoch=0.9882

                                                 

 33%|███▎      | 105/321 [05:02<10:10,  2.82s/it]2026-09-22 04:57:14,478 INFO [rw_gen_positioning_type|paper_align|Qwen3-0.6B] step=105 epoch=0.9882

                                                 

 33%|███▎      | 105/321 [05:02<10:10,  2.82s/it]2026-09-22 04:57:15,187 INFO [rw_gen_positioning_type|paper_align|Qwen3-0.6B] step=105 epoch=0.9882

                                                 

 33%|███▎      | 105/321 [05:03<10:10,  2.82s/it]
 33%|███▎      | 106/321 [05:04<10:11,  2.84s/it]2026-09-22 04:57:15,938 INFO [rw_gen_positioning_type|paper_align|Qwen3-0.6B] step=106 epoch=0.9976

                                                 
{'paper_align_label_loss': '0.0001884', 'paper_align_reason_loss': '1.193', 'epoch': '0.8'}
{'paper_align_label_loss': '2.69e-05', 'paper_align_reason_loss': '0.6583', 'epoch': '0.8'}
{'paper_align_label_loss': '2.537e-05', 'paper_align_reason_loss': '0.8559', 'epoch': '0.8'}
{'paper_align_label_loss': '2.168e-05', 'paper_align_reason_loss': '0.7351', 'epoch': '0.8094'}
{'paper_align_label_loss': '0.0001242', 'paper_align_reason_loss': '1.038', 'epoch': '0.8094'}
{'paper_align_label_loss': '2.699e-05', 'paper_align_reason_loss': '0.7868', 'epoch': '0.8094'}
{'paper_align_label_loss': '2.881e-05', 'paper_align_reason_loss': '0.9776', 'epoch': '0.8094'}
{'paper_align_label_loss': '4.13e-05', 'paper_align_reason_loss': '0.8203', 'epoch': '0.8188'}
{'paper_align_label_loss': '3.667e-05', 'paper_align_reason_loss': '1.261', 'epoch': '0.8188'}
{'paper_align_label_loss': '7.163e-05', 'paper_align_reason_loss': '0.7793', 'epoch': '0.8188'}
{'paper_align_label_loss': '4.855e-05', 'paper_align_reason_loss': '0.8132', 'epoch': '0.8188'}
{'paper_align_label_loss': '7.839e-05', 'paper_align_reason_loss': '0.9047', 'epoch': '0.8282'}
{'paper_align_label_loss': '9.403e-05', 'paper_align_reason_loss': '0.6701', 'epoch': '0.8282'}
{'paper_align_label_loss': '6.955e-05', 'paper_align_reason_loss': '0.9333', 'epoch': '0.8282'}
{'paper_align_label_loss': '9.737e-05', 'paper_align_reason_loss': '0.9441', 'epoch': '0.8282'}
{'paper_align_label_loss': '4.307e-05', 'paper_align_reason_loss': '0.7929', 'epoch': '0.8376'}
{'paper_align_label_loss': '5.012e-05', 'paper_align_reason_loss': '0.884', 'epoch': '0.8376'}
{'paper_align_label_loss': '5.341e-05', 'paper_align_reason_loss': '0.9043', 'epoch': '0.8376'}
{'paper_align_label_loss': '0.0001247', 'paper_align_reason_loss': '0.8816', 'epoch': '0.8376'}
{'loss': '1.83', 'grad_norm': '2.727', 'learning_rate': '8.491e-05', 'epoch': '0.8471'}
{'paper_align_label_loss': '3.739e-05', 'paper_align_reason_loss': '1.027', 'epoch': '0.8471'}
{'paper_align_label_loss': '3.229e-05', 'paper_align_reason_loss': '0.7306', 'epoch': '0.8471'}
{'paper_align_label_loss': '4.603e-05', 'paper_align_reason_loss': '0.9841', 'epoch': '0.8471'}
{'paper_align_label_loss': '2.523e-05', 'paper_align_reason_loss': '0.5577', 'epoch': '0.8471'}
{'paper_align_label_loss': '0.0001014', 'paper_align_reason_loss': '0.7079', 'epoch': '0.8565'}
{'paper_align_label_loss': '2.582e-05', 'paper_align_reason_loss': '0.7891', 'epoch': '0.8565'}
{'paper_align_label_loss': '5.321e-05', 'paper_align_reason_loss': '0.8237', 'epoch': '0.8565'}
{'paper_align_label_loss': '5.53e-05', 'paper_align_reason_loss': '0.8375', 'epoch': '0.8565'}
{'paper_align_label_loss': '3.008e-05', 'paper_align_reason_loss': '0.8383', 'epoch': '0.8659'}
{'paper_align_label_loss': '2.212e-05', 'paper_align_reason_loss': '0.8114', 'epoch': '0.8659'}
{'paper_align_label_loss': '2.237e-05', 'paper_align_reason_loss': '0.9826', 'epoch': '0.8659'}
{'paper_align_label_loss': '3.081e-05', 'paper_align_reason_loss': '0.6315', 'epoch': '0.8659'}
{'paper_align_label_loss': '2.48e-05', 'paper_align_reason_loss': '0.9935', 'epoch': '0.8753'}
{'paper_align_label_loss': '2.062e-05', 'paper_align_reason_loss': '0.9386', 'epoch': '0.8753'}
{'paper_align_label_loss': '3.146e-05', 'paper_align_reason_loss': '0.7471', 'epoch': '0.8753'}
{'paper_align_label_loss': '5.018e-05', 'paper_align_reason_loss': '0.9779', 'epoch': '0.8753'}
{'paper_align_label_loss': '4.344e-05', 'paper_align_reason_loss': '0.6602', 'epoch': '0.8847'}
{'paper_align_label_loss': '3.131e-05', 'paper_align_reason_loss': '0.7077', 'epoch': '0.8847'}
{'paper_align_label_loss': '9.128e-05', 'paper_align_reason_loss': '0.9048', 'epoch': '0.8847'}
{'paper_align_label_loss': '8.134e-05', 'paper_align_reason_loss': '1.069', 'epoch': '0.8847'}
{'paper_align_label_loss': '3.528e-05', 'paper_align_reason_loss': '1.077', 'epoch': '0.8941'}
{'paper_align_label_loss': '1.526e-05', 'paper_align_reason_loss': '0.798', 'epoch': '0.8941'}
{'paper_align_label_loss': '1.644e-05', 'paper_align_reason_loss': '0.9282', 'epoch': '0.8941'}
{'paper_align_label_loss': '2.024e-05', 'paper_align_reason_loss': '0.6967', 'epoch': '0.8941'}
{'paper_align_label_loss': '2.399e-05', 'paper_align_reason_loss': '0.7877', 'epoch': '0.9035'}
{'paper_align_label_loss': '1.422e-05', 'paper_align_reason_loss': '0.9235', 'epoch': '0.9035'}
{'paper_align_label_loss': '1.912e-05', 'paper_align_reason_loss': '0.9501', 'epoch': '0.9035'}
{'paper_align_label_loss': '4.212e-05', 'paper_align_reason_loss': '0.7274', 'epoch': '0.9035'}
{'paper_align_label_loss': '1.985e-05', 'paper_align_reason_loss': '0.8425', 'epoch': '0.9129'}
{'paper_align_label_loss': '5.949e-05', 'paper_align_reason_loss': '1.085', 'epoch': '0.9129'}
{'paper_align_label_loss': '1.558e-05', 'paper_align_reason_loss': '0.8695', 'epoch': '0.9129'}
{'paper_align_label_loss': '1.457e-05', 'paper_align_reason_loss': '0.8213', 'epoch': '0.9129'}
{'paper_align_label_loss': '2.564e-05', 'paper_align_reason_loss': '0.8069', 'epoch': '0.9224'}
{'paper_align_label_loss': '1.135e-05', 'paper_align_reason_loss': '0.8871', 'epoch': '0.9224'}
{'paper_align_label_loss': '1.058e-05', 'paper_align_reason_loss': '0.9382', 'epoch': '0.9224'}
{'paper_align_label_loss': '3.739e-05', 'paper_align_reason_loss': '0.7062', 'epoch': '0.9224'}
{'paper_align_label_loss': '4.206e-05', 'paper_align_reason_loss': '0.7543', 'epoch': '0.9318'}
{'paper_align_label_loss': '2.026e-05', 'paper_align_reason_loss': '0.8725', 'epoch': '0.9318'}
{'paper_align_label_loss': '6.641e-05', 'paper_align_reason_loss': '1.07', 'epoch': '0.9318'}
{'paper_align_label_loss': '3.065e-05', 'paper_align_reason_loss': '0.8253', 'epoch': '0.9318'}
{'loss': '1.704', 'grad_norm': '2.886', 'learning_rate': '8.112e-05', 'epoch': '0.9412'}
{'paper_align_label_loss': '1.674e-05', 'paper_align_reason_loss': '0.9949', 'epoch': '0.9412'}
{'paper_align_label_loss': '1.461e-05', 'paper_align_reason_loss': '0.9687', 'epoch': '0.9412'}
{'paper_align_label_loss': '0.001025', 'paper_align_reason_loss': '1.174', 'epoch': '0.9412'}
{'paper_align_label_loss': '1.766e-05', 'paper_align_reason_loss': '0.796', 'epoch': '0.9412'}
{'paper_align_label_loss': '7.712e-05', 'paper_align_reason_loss': '0.8103', 'epoch': '0.9506'}
{'paper_align_label_loss': '1.042e-05', 'paper_align_reason_loss': '0.8402', 'epoch': '0.9506'}
{'paper_align_label_loss': '0.0001715', 'paper_align_reason_loss': '0.8225', 'epoch': '0.9506'}
{'paper_align_label_loss': '2.389e-05', 'paper_align_reason_loss': '0.8215', 'epoch': '0.9506'}
{'paper_align_label_loss': '3.907e-05', 'paper_align_reason_loss': '0.8982', 'epoch': '0.96'}
{'paper_align_label_loss': '0.0001527', 'paper_align_reason_loss': '0.8083', 'epoch': '0.96'}
{'paper_align_label_loss': '2.868e-05', 'paper_align_reason_loss': '1', 'epoch': '0.96'}
{'paper_align_label_loss': '3.651e-05', 'paper_align_reason_loss': '1.007', 'epoch': '0.96'}
{'paper_align_label_loss': '1.646e-05', 'paper_align_reason_loss': '0.6772', 'epoch': '0.9694'}
{'paper_align_label_loss': '2.315e-05', 'paper_align_reason_loss': '0.7248', 'epoch': '0.9694'}
{'paper_align_label_loss': '8.792e-06', 'paper_align_reason_loss': '0.9106', 'epoch': '0.9694'}
{'paper_align_label_loss': '1.416e-05', 'paper_align_reason_loss': '0.6471', 'epoch': '0.9694'}
{'paper_align_label_loss': '9.917e-06', 'paper_align_reason_loss': '1.054', 'epoch': '0.9788'}
{'paper_align_label_loss': '8.236e-05', 'paper_align_reason_loss': '0.9511', 'epoch': '0.9788'}
{'paper_align_label_loss': '1.882e-05', 'paper_align_reason_loss': '0.8324', 'epoch': '0.9788'}
{'paper_align_label_loss': '9.492e-06', 'paper_align_reason_loss': '0.9438', 'epoch': '0.9788'}
{'paper_align_label_loss': '1.743e-05', 'paper_align_reason_loss': '0.8129', 'epoch': '0.9882'}
{'paper_align_label_loss': '2.622e-05', 'paper_align_reason_loss': '0.9208', 'epoch': '0.9882'}
{'paper_align_label_loss': '3.26e-05', 'paper_align_reason_loss': '0.9037', 'epoch': '0.9882'}
{'paper_align_label_loss': '2.678e-05', 'paper_align_reason_loss': '0.805', 'epoch': '0.9882'}

 33%|███▎      | 106/321 [05:04<10:11,  2.84s/it]
 33%|███▎      | 107/321 [05:04<07:54,  2.22s/it]{'paper_align_label_loss': '2.838e-05', 'paper_align_reason_loss': '0.8907', 'epoch': '0.9976'}


  0%|          | 0/24 [00:00<?, ?it/s][A

  8%|▊         | 2/24 [00:00<00:01, 15.56it/s][A

 17%|█▋        | 4/24 [00:00<00:02,  7.67it/s][A

 21%|██        | 5/24 [00:00<00:02,  7.66it/s][A

 25%|██▌       | 6/24 [00:00<00:02,  7.24it/s][A

 29%|██▉       | 7/24 [00:00<00:02,  7.23it/s][A

 33%|███▎      | 8/24 [00:01<00:02,  7.32it/s][A

 38%|███▊      | 9/24 [00:01<00:02,  7.21it/s][A

 42%|████▏     | 10/24 [00:01<00:01,  7.35it/s][A

 46%|████▌     | 11/24 [00:01<00:01,  7.05it/s][A

 50%|█████     | 12/24 [00:01<00:01,  7.24it/s][A

 54%|█████▍    | 13/24 [00:01<00:01,  7.60it/s][A

 58%|█████▊    | 14/24 [00:01<00:01,  7.49it/s][A

 62%|██████▎   | 15/24 [00:01<00:01,  7.94it/s][A

 67%|██████▋   | 16/24 [00:02<00:01,  7.89it/s][A

 71%|███████   | 17/24 [00:02<00:00,  7.88it/s][A

 75%|███████▌  | 18/24 [00:02<00:00,  7.40it/s][A

 79%|███████▉  | 19/24 [00:02<00:00,  7.39it/s][A

 83%|████████▎ | 20/24 [00:02<00:00,  7.59it/s][A

 88%|████████▊ | 21/24 [00:02<00:00,  7.81it/s][A

 92%|█████████▏| 22/24 [00:02<00:00,  7.64it/s][A

 96%|█████████▌| 23/24 [00:03<00:00,  7.97it/s][A2026-09-22 04:57:19,737 INFO [rw_gen_positioning_type|paper_align|Qwen3-0.6B] step=107 eval_loss=0.0000 epoch=1.0000

                                                 

                                               
[A
 33%|███▎      | 107/321 [05:08<07:54,  2.22s/it]

100%|██████████| 24/24 [00:03<00:00,  7.97it/s][A

                                               [A2026-09-22 04:57:20,041 INFO Starting generation validation on training device cuda:0: samples=94 batch_size=16
2026-09-22 04:57:21,554 INFO Generation validation progress: 16/94
2026-09-22 04:57:22,837 INFO Generation validation progress: 32/94
2026-09-22 04:57:24,112 INFO Generation validation progress: 48/94
2026-09-22 04:57:25,274 INFO Generation validation progress: 64/94
2026-09-22 04:57:26,521 INFO Generation validation progress: 80/94
2026-09-22 04:57:27,564 INFO Generation validation progress: 94/94
2026-09-22 04:57:27,647 INFO Generation val @ epoch=1.0 step=107: acc=1.0000 macro_f1=1.0000 valid=1.0000 (retaining last checkpoint)
2026-09-22 04:57:27,648 INFO [rw_gen_positioning_type|paper_align|Qwen3-0.6B] step=107 eval_generation_accuracy=1.0000 eval_generation_macro_f1=1.0000 eval_generation_format_valid_rate=1.0000 epoch=1.0000

                                                 

 33%|███▎      | 107/321 [05:16<07:54,  2.22s/it]2026-09-22 04:57:28,214 INFO [rw_gen_positioning_type|paper_align|Qwen3-0.6B] step=107 epoch=1.0000

                                                 

 33%|███▎      | 107/321 [05:16<07:54,  2.22s/it]2026-09-22 04:57:28,949 INFO [rw_gen_positioning_type|paper_align|Qwen3-0.6B] step=107 epoch=1.0000

                                                 

 33%|███▎      | 107/321 [05:17<07:54,  2.22s/it]2026-09-22 04:57:29,581 INFO [rw_gen_positioning_type|paper_align|Qwen3-0.6B] step=107 epoch=1.0000

                                                 

 33%|███▎      | 107/321 [05:18<07:54,  2.22s/it]2026-09-22 04:57:30,286 INFO [rw_gen_positioning_type|paper_align|Qwen3-0.6B] step=107 epoch=1.0000

                                                 

 33%|███▎      | 107/321 [05:18<07:54,  2.22s/it]
 34%|███▎      | 108/321 [05:19<20:55,  5.90s/it]2026-09-22 04:57:31,151 INFO [rw_gen_positioning_type|paper_align|Qwen3-0.6B] step=108 epoch=1.0094

                                                 

 34%|███▎      | 108/321 [05:19<20:55,  5.90s/it]2026-09-22 04:57:31,753 INFO [rw_gen_positioning_type|paper_align|Qwen3-0.6B] step=108 epoch=1.0094

                                                 

 34%|███▎      | 108/321 [05:20<20:55,  5.90s/it]2026-09-22 04:57:32,355 INFO [rw_gen_positioning_type|paper_align|Qwen3-0.6B] step=108 epoch=1.0094

                                                 

 34%|███▎      | 108/321 [05:20<20:55,  5.90s/it]2026-09-22 04:57:32,938 INFO [rw_gen_positioning_type|paper_align|Qwen3-0.6B] step=108 epoch=1.0094

                                                 

 34%|███▎      | 108/321 [05:21<20:55,  5.90s/it]
 34%|███▍      | 109/321 [05:21<17:15,  4.88s/it]2026-09-22 04:57:33,704 INFO [rw_gen_positioning_type|paper_align|Qwen3-0.6B] step=109 epoch=1.0188

                                                 

 34%|███▍      | 109/321 [05:22<17:15,  4.88s/it]2026-09-22 04:57:34,411 INFO [rw_gen_positioning_type|paper_align|Qwen3-0.6B] step=109 epoch=1.0188

                                                 

 34%|███▍      | 109/321 [05:22<17:15,  4.88s/it]2026-09-22 04:57:35,046 INFO [rw_gen_positioning_type|paper_align|Qwen3-0.6B] step=109 epoch=1.0188

                                                 

 34%|███▍      | 109/321 [05:23<17:15,  4.88s/it]2026-09-22 04:57:35,588 INFO [rw_gen_positioning_type|paper_align|Qwen3-0.6B] step=109 epoch=1.0188

                                                 

 34%|███▍      | 109/321 [05:24<17:15,  4.88s/it]
 34%|███▍      | 110/321 [05:24<14:46,  4.20s/it]2026-09-22 04:57:36,088 INFO [rw_gen_positioning_type|paper_align|Qwen3-0.6B] step=110 loss=1.6483 learning_rate=0.0001 epoch=1.0282

                                                 

 34%|███▍      | 110/321 [05:24<14:46,  4.20s/it]2026-09-22 04:57:36,457 INFO [rw_gen_positioning_type|paper_align|Qwen3-0.6B] step=110 epoch=1.0282

                                                 

 34%|███▍      | 110/321 [05:24<14:46,  4.20s/it]2026-09-22 04:57:37,090 INFO [rw_gen_positioning_type|paper_align|Qwen3-0.6B] step=110 epoch=1.0282

                                                 

 34%|███▍      | 110/321 [05:25<14:46,  4.20s/it]2026-09-22 04:57:37,769 INFO [rw_gen_positioning_type|paper_align|Qwen3-0.6B] step=110 epoch=1.0282

                                                 

 34%|███▍      | 110/321 [05:26<14:46,  4.20s/it]2026-09-22 04:57:38,438 INFO [rw_gen_positioning_type|paper_align|Qwen3-0.6B] step=110 epoch=1.0282

                                                 

 34%|███▍      | 110/321 [05:26<14:46,  4.20s/it]
 35%|███▍      | 111/321 [05:27<13:14,  3.78s/it]2026-09-22 04:57:39,128 INFO [rw_gen_positioning_type|paper_align|Qwen3-0.6B] step=111 epoch=1.0376

                                                 

 35%|███▍      | 111/321 [05:27<13:14,  3.78s/it]2026-09-22 04:57:39,820 INFO [rw_gen_positioning_type|paper_align|Qwen3-0.6B] step=111 epoch=1.0376

                                                 

 35%|███▍      | 111/321 [05:28<13:14,  3.78s/it]2026-09-22 04:57:40,462 INFO [rw_gen_positioning_type|paper_align|Qwen3-0.6B] step=111 epoch=1.0376

                                                 

 35%|███▍      | 111/321 [05:28<13:14,  3.78s/it]2026-09-22 04:57:41,185 INFO [rw_gen_positioning_type|paper_align|Qwen3-0.6B] step=111 epoch=1.0376

                                                 

 35%|███▍      | 111/321 [05:29<13:14,  3.78s/it]
 35%|███▍      | 112/321 [05:30<12:08,  3.49s/it]2026-09-22 04:57:41,868 INFO [rw_gen_positioning_type|paper_align|Qwen3-0.6B] step=112 epoch=1.0471

                                                 

 35%|███▍      | 112/321 [05:30<12:08,  3.49s/it]2026-09-22 04:57:42,433 INFO [rw_gen_positioning_type|paper_align|Qwen3-0.6B] step=112 epoch=1.0471

                                                 

 35%|███▍      | 112/321 [05:30<12:08,  3.49s/it]2026-09-22 04:57:43,101 INFO [rw_gen_positioning_type|paper_align|Qwen3-0.6B] step=112 epoch=1.0471

                                                 

 35%|███▍      | 112/321 [05:31<12:08,  3.49s/it]2026-09-22 04:57:43,745 INFO [rw_gen_positioning_type|paper_align|Qwen3-0.6B] step=112 epoch=1.0471

                                                 

 35%|███▍      | 112/321 [05:32<12:08,  3.49s/it]
 35%|███▌      | 113/321 [05:32<11:09,  3.22s/it]2026-09-22 04:57:44,544 INFO [rw_gen_positioning_type|paper_align|Qwen3-0.6B] step=113 epoch=1.0565

                                                 

 35%|███▌      | 113/321 [05:33<11:09,  3.22s/it]2026-09-22 04:57:45,292 INFO [rw_gen_positioning_type|paper_align|Qwen3-0.6B] step=113 epoch=1.0565

                                                 

 35%|███▌      | 113/321 [05:33<11:09,  3.22s/it]2026-09-22 04:57:45,944 INFO [rw_gen_positioning_type|paper_align|Qwen3-0.6B] step=113 epoch=1.0565

                                                 

 35%|███▌      | 113/321 [05:34<11:09,  3.22s/it]2026-09-22 04:57:46,626 INFO [rw_gen_positioning_type|paper_align|Qwen3-0.6B] step=113 epoch=1.0565

                                                 

 35%|███▌      | 113/321 [05:35<11:09,  3.22s/it]
 36%|███▌      | 114/321 [05:35<10:42,  3.10s/it]2026-09-22 04:57:47,330 INFO [rw_gen_positioning_type|paper_align|Qwen3-0.6B] step=114 epoch=1.0659

                                                 

 36%|███▌      | 114/321 [05:35<10:42,  3.10s/it]2026-09-22 04:57:47,917 INFO [rw_gen_positioning_type|paper_align|Qwen3-0.6B] step=114 epoch=1.0659

                                                 

 36%|███▌      | 114/321 [05:36<10:42,  3.10s/it]2026-09-22 04:57:48,437 INFO [rw_gen_positioning_type|paper_align|Qwen3-0.6B] step=114 epoch=1.0659

                                                 

 36%|███▌      | 114/321 [05:36<10:42,  3.10s/it]2026-09-22 04:57:49,079 INFO [rw_gen_positioning_type|paper_align|Qwen3-0.6B] step=114 epoch=1.0659

                                                 

 36%|███▌      | 114/321 [05:37<10:42,  3.10s/it]
 36%|███▌      | 115/321 [05:38<09:59,  2.91s/it]2026-09-22 04:57:49,842 INFO [rw_gen_positioning_type|paper_align|Qwen3-0.6B] step=115 epoch=1.0753

                                                 

 36%|███▌      | 115/321 [05:38<09:59,  2.91s/it]2026-09-22 04:57:50,822 INFO [rw_gen_positioning_type|paper_align|Qwen3-0.6B] step=115 epoch=1.0753

                                                 

 36%|███▌      | 115/321 [05:39<09:59,  2.91s/it]2026-09-22 04:57:51,461 INFO [rw_gen_positioning_type|paper_align|Qwen3-0.6B] step=115 epoch=1.0753

                                                 

 36%|███▌      | 115/321 [05:39<09:59,  2.91s/it]2026-09-22 04:57:52,178 INFO [rw_gen_positioning_type|paper_align|Qwen3-0.6B] step=115 epoch=1.0753

                                                 

 36%|███▌      | 115/321 [05:40<09:59,  2.91s/it]
 36%|███▌      | 116/321 [05:41<10:01,  2.94s/it]2026-09-22 04:57:52,807 INFO [rw_gen_positioning_type|paper_align|Qwen3-0.6B] step=116 epoch=1.0847

                                                 

 36%|███▌      | 116/321 [05:41<10:01,  2.94s/it]2026-09-22 04:57:53,566 INFO [rw_gen_positioning_type|paper_align|Qwen3-0.6B] step=116 epoch=1.0847

                                                 

 36%|███▌      | 116/321 [05:42<10:01,  2.94s/it]2026-09-22 04:57:54,158 INFO [rw_gen_positioning_type|paper_align|Qwen3-0.6B] step=116 epoch=1.0847

                                                 

 36%|███▌      | 116/321 [05:42<10:01,  2.94s/it]2026-09-22 04:57:54,777 INFO [rw_gen_positioning_type|paper_align|Qwen3-0.6B] step=116 epoch=1.0847

                                                 

 36%|███▌      | 116/321 [05:43<10:01,  2.94s/it]
 36%|███▋      | 117/321 [05:43<09:52,  2.90s/it]2026-09-22 04:57:55,656 INFO [rw_gen_positioning_type|paper_align|Qwen3-0.6B] step=117 epoch=1.0941

                                                 

 36%|███▋      | 117/321 [05:44<09:52,  2.90s/it]2026-09-22 04:57:56,312 INFO [rw_gen_positioning_type|paper_align|Qwen3-0.6B] step=117 epoch=1.0941

                                                 

 36%|███▋      | 117/321 [05:44<09:52,  2.90s/it]2026-09-22 04:57:56,950 INFO [rw_gen_positioning_type|paper_align|Qwen3-0.6B] step=117 epoch=1.0941

                                                 

 36%|███▋      | 117/321 [05:45<09:52,  2.90s/it]2026-09-22 04:57:57,668 INFO [rw_gen_positioning_type|paper_align|Qwen3-0.6B] step=117 epoch=1.0941

                                                 

 36%|███▋      | 117/321 [05:46<09:52,  2.90s/it]
 37%|███▋      | 118/321 [05:46<09:38,  2.85s/it]2026-09-22 04:57:58,408 INFO [rw_gen_positioning_type|paper_align|Qwen3-0.6B] step=118 epoch=1.1035

                                                 

 37%|███▋      | 118/321 [05:46<09:38,  2.85s/it]2026-09-22 04:57:59,073 INFO [rw_gen_positioning_type|paper_align|Qwen3-0.6B] step=118 epoch=1.1035

                                                 

 37%|███▋      | 118/321 [05:47<09:38,  2.85s/it]2026-09-22 04:57:59,836 INFO [rw_gen_positioning_type|paper_align|Qwen3-0.6B] step=118 epoch=1.1035

                                                 

 37%|███▋      | 118/321 [05:48<09:38,  2.85s/it]2026-09-22 04:58:00,605 INFO [rw_gen_positioning_type|paper_align|Qwen3-0.6B] step=118 epoch=1.1035

                                                 

 37%|███▋      | 118/321 [05:49<09:38,  2.85s/it]
 37%|███▋      | 119/321 [05:49<09:36,  2.86s/it]2026-09-22 04:58:01,255 INFO [rw_gen_positioning_type|paper_align|Qwen3-0.6B] step=119 epoch=1.1129

                                                 

 37%|███▋      | 119/321 [05:49<09:36,  2.86s/it]2026-09-22 04:58:01,920 INFO [rw_gen_positioning_type|paper_align|Qwen3-0.6B] step=119 epoch=1.1129

                                                 

 37%|███▋      | 119/321 [05:50<09:36,  2.86s/it]2026-09-22 04:58:02,554 INFO [rw_gen_positioning_type|paper_align|Qwen3-0.6B] step=119 epoch=1.1129

                                                 

 37%|███▋      | 119/321 [05:51<09:36,  2.86s/it]2026-09-22 04:58:03,142 INFO [rw_gen_positioning_type|paper_align|Qwen3-0.6B] step=119 epoch=1.1129

                                                 

 37%|███▋      | 119/321 [05:51<09:36,  2.86s/it]
 37%|███▋      | 120/321 [05:52<09:17,  2.78s/it]2026-09-22 04:58:03,586 INFO [rw_gen_positioning_type|paper_align|Qwen3-0.6B] step=120 loss=1.6210 learning_rate=0.0001 epoch=1.1224

                                                 

 37%|███▋      | 120/321 [05:52<09:17,  2.78s/it]2026-09-22 04:58:04,128 INFO [rw_gen_positioning_type|paper_align|Qwen3-0.6B] step=120 epoch=1.1224

                                                 

 37%|███▋      | 120/321 [05:52<09:17,  2.78s/it]2026-09-22 04:58:04,908 INFO [rw_gen_positioning_type|paper_align|Qwen3-0.6B] step=120 epoch=1.1224

                                                 

 37%|███▋      | 120/321 [05:53<09:17,  2.78s/it]2026-09-22 04:58:05,539 INFO [rw_gen_positioning_type|paper_align|Qwen3-0.6B] step=120 epoch=1.1224

                                                 

 37%|███▋      | 120/321 [05:54<09:17,  2.78s/it]2026-09-22 04:58:06,258 INFO [rw_gen_positioning_type|paper_align|Qwen3-0.6B] step=120 epoch=1.1224

                                                 

 37%|███▋      | 120/321 [05:54<09:17,  2.78s/it]
 38%|███▊      | 121/321 [05:55<09:42,  2.91s/it]2026-09-22 04:58:07,075 INFO [rw_gen_positioning_type|paper_align|Qwen3-0.6B] step=121 epoch=1.1318

                                                 

 38%|███▊      | 121/321 [05:55<09:42,  2.91s/it]2026-09-22 04:58:07,738 INFO [rw_gen_positioning_type|paper_align|Qwen3-0.6B] step=121 epoch=1.1318

                                                 

 38%|███▊      | 121/321 [05:56<09:42,  2.91s/it]2026-09-22 04:58:08,444 INFO [rw_gen_positioning_type|paper_align|Qwen3-0.6B] step=121 epoch=1.1318

                                                 

 38%|███▊      | 121/321 [05:56<09:42,  2.91s/it]2026-09-22 04:58:09,106 INFO [rw_gen_positioning_type|paper_align|Qwen3-0.6B] step=121 epoch=1.1318

                                                 

 38%|███▊      | 121/321 [05:57<09:42,  2.91s/it]
 38%|███▊      | 122/321 [05:57<09:25,  2.84s/it]2026-09-22 04:58:09,756 INFO [rw_gen_positioning_type|paper_align|Qwen3-0.6B] step=122 epoch=1.1412

                                                 

 38%|███▊      | 122/321 [05:58<09:25,  2.84s/it]2026-09-22 04:58:10,467 INFO [rw_gen_positioning_type|paper_align|Qwen3-0.6B] step=122 epoch=1.1412

                                                 

 38%|███▊      | 122/321 [05:58<09:25,  2.84s/it]2026-09-22 04:58:11,214 INFO [rw_gen_positioning_type|paper_align|Qwen3-0.6B] step=122 epoch=1.1412

                                                 

 38%|███▊      | 122/321 [05:59<09:25,  2.84s/it]2026-09-22 04:58:11,913 INFO [rw_gen_positioning_type|paper_align|Qwen3-0.6B] step=122 epoch=1.1412

                                                 

 38%|███▊      | 122/321 [06:00<09:25,  2.84s/it]
 38%|███▊      | 123/321 [06:00<09:21,  2.84s/it]2026-09-22 04:58:12,576 INFO [rw_gen_positioning_type|paper_align|Qwen3-0.6B] step=123 epoch=1.1506

                                                 

 38%|███▊      | 123/321 [06:01<09:21,  2.84s/it]2026-09-22 04:58:13,224 INFO [rw_gen_positioning_type|paper_align|Qwen3-0.6B] step=123 epoch=1.1506

                                                 

 38%|███▊      | 123/321 [06:01<09:21,  2.84s/it]2026-09-22 04:58:13,919 INFO [rw_gen_positioning_type|paper_align|Qwen3-0.6B] step=123 epoch=1.1506

                                                 

 38%|███▊      | 123/321 [06:02<09:21,  2.84s/it]2026-09-22 04:58:14,558 INFO [rw_gen_positioning_type|paper_align|Qwen3-0.6B] step=123 epoch=1.1506

                                                 

 38%|███▊      | 123/321 [06:03<09:21,  2.84s/it]
 39%|███▊      | 124/321 [06:03<09:13,  2.81s/it]2026-09-22 04:58:15,326 INFO [rw_gen_positioning_type|paper_align|Qwen3-0.6B] step=124 epoch=1.1600

                                                 

 39%|███▊      | 124/321 [06:03<09:13,  2.81s/it]2026-09-22 04:58:15,934 INFO [rw_gen_positioning_type|paper_align|Qwen3-0.6B] step=124 epoch=1.1600

                                                 

 39%|███▊      | 124/321 [06:04<09:13,  2.81s/it]2026-09-22 04:58:16,697 INFO [rw_gen_positioning_type|paper_align|Qwen3-0.6B] step=124 epoch=1.1600

                                                 

 39%|███▊      | 124/321 [06:05<09:13,  2.81s/it]2026-09-22 04:58:17,478 INFO [rw_gen_positioning_type|paper_align|Qwen3-0.6B] step=124 epoch=1.1600

                                                 

 39%|███▊      | 124/321 [06:05<09:13,  2.81s/it]
 39%|███▉      | 125/321 [06:06<09:11,  2.81s/it]2026-09-22 04:58:18,409 INFO [rw_gen_positioning_type|paper_align|Qwen3-0.6B] step=125 epoch=1.1694

                                                 

 39%|███▉      | 125/321 [06:06<09:11,  2.81s/it]2026-09-22 04:58:19,002 INFO [rw_gen_positioning_type|paper_align|Qwen3-0.6B] step=125 epoch=1.1694

                                                 

 39%|███▉      | 125/321 [06:07<09:11,  2.81s/it]2026-09-22 04:58:19,587 INFO [rw_gen_positioning_type|paper_align|Qwen3-0.6B] step=125 epoch=1.1694

                                                 

 39%|███▉      | 125/321 [06:08<09:11,  2.81s/it]2026-09-22 04:58:20,274 INFO [rw_gen_positioning_type|paper_align|Qwen3-0.6B] step=125 epoch=1.1694

                                                 

 39%|███▉      | 125/321 [06:08<09:11,  2.81s/it]
 39%|███▉      | 126/321 [06:09<09:11,  2.83s/it]2026-09-22 04:58:20,990 INFO [rw_gen_positioning_type|paper_align|Qwen3-0.6B] step=126 epoch=1.1788

                                                 

 39%|███▉      | 126/321 [06:09<09:11,  2.83s/it]2026-09-22 04:58:21,579 INFO [rw_gen_positioning_type|paper_align|Qwen3-0.6B] step=126 epoch=1.1788

                                                 

 39%|███▉      | 126/321 [06:10<09:11,  2.83s/it]2026-09-22 04:58:22,207 INFO [rw_gen_positioning_type|paper_align|Qwen3-0.6B] step=126 epoch=1.1788

                                                 

 39%|███▉      | 126/321 [06:10<09:11,  2.83s/it]2026-09-22 04:58:22,860 INFO [rw_gen_positioning_type|paper_align|Qwen3-0.6B] step=126 epoch=1.1788

                                                 

 39%|███▉      | 126/321 [06:11<09:11,  2.83s/it]
 40%|███▉      | 127/321 [06:11<09:00,  2.79s/it]2026-09-22 04:58:23,692 INFO [rw_gen_positioning_type|paper_align|Qwen3-0.6B] step=127 epoch=1.1882

                                                 
{'eval_loss': '3.93e-05', 'eval_runtime': '3.259', 'eval_samples_per_second': '28.85', 'eval_steps_per_second': '7.365', 'eval_entropy': '0.0003887', 'eval_num_tokens': '0', 'eval_mean_token_accuracy': '1', 'epoch': '1'}
{'eval_generation_accuracy': '1', 'eval_generation_macro_f1': '1', 'eval_generation_format_valid_rate': '1', 'eval_generation_invalid_outputs': 0, 'epoch': '1'}
{'paper_align_label_loss': '2.789e-05', 'paper_align_reason_loss': '0.9659', 'epoch': '1'}
{'paper_align_label_loss': '1.999e-05', 'paper_align_reason_loss': '0.9198', 'epoch': '1'}
{'paper_align_label_loss': '2.186e-05', 'paper_align_reason_loss': '1.108', 'epoch': '1'}
{'paper_align_label_loss': '2.59e-05', 'paper_align_reason_loss': '0.9896', 'epoch': '1'}
{'paper_align_label_loss': '1.136e-05', 'paper_align_reason_loss': '0.6784', 'epoch': '1.009'}
{'paper_align_label_loss': '1.883e-05', 'paper_align_reason_loss': '0.78', 'epoch': '1.009'}
{'paper_align_label_loss': '1.474e-05', 'paper_align_reason_loss': '0.7285', 'epoch': '1.009'}
{'paper_align_label_loss': '2.212e-05', 'paper_align_reason_loss': '0.9752', 'epoch': '1.009'}
{'paper_align_label_loss': '1.887e-05', 'paper_align_reason_loss': '0.8956', 'epoch': '1.019'}
{'paper_align_label_loss': '1.65e-05', 'paper_align_reason_loss': '0.7651', 'epoch': '1.019'}
{'paper_align_label_loss': '1.254e-05', 'paper_align_reason_loss': '0.9541', 'epoch': '1.019'}
{'paper_align_label_loss': '1.276e-05', 'paper_align_reason_loss': '1.188', 'epoch': '1.019'}
{'loss': '1.648', 'grad_norm': '2.911', 'learning_rate': '7.701e-05', 'epoch': '1.028'}
{'paper_align_label_loss': '1.673e-05', 'paper_align_reason_loss': '0.7797', 'epoch': '1.028'}
{'paper_align_label_loss': '3.215e-05', 'paper_align_reason_loss': '0.9933', 'epoch': '1.028'}
{'paper_align_label_loss': '2.766e-05', 'paper_align_reason_loss': '0.6886', 'epoch': '1.028'}
{'paper_align_label_loss': '1.516e-05', 'paper_align_reason_loss': '0.8619', 'epoch': '1.028'}
{'paper_align_label_loss': '2.773e-05', 'paper_align_reason_loss': '0.7723', 'epoch': '1.038'}
{'paper_align_label_loss': '3.65e-05', 'paper_align_reason_loss': '0.7144', 'epoch': '1.038'}
{'paper_align_label_loss': '1.665e-05', 'paper_align_reason_loss': '0.8248', 'epoch': '1.038'}
{'paper_align_label_loss': '1.917e-05', 'paper_align_reason_loss': '0.7935', 'epoch': '1.038'}
{'paper_align_label_loss': '1.676e-05', 'paper_align_reason_loss': '0.8899', 'epoch': '1.047'}
{'paper_align_label_loss': '1.127e-05', 'paper_align_reason_loss': '0.7464', 'epoch': '1.047'}
{'paper_align_label_loss': '1.22e-05', 'paper_align_reason_loss': '0.9365', 'epoch': '1.047'}
{'paper_align_label_loss': '1.182e-05', 'paper_align_reason_loss': '0.8025', 'epoch': '1.047'}
{'paper_align_label_loss': '2.609e-05', 'paper_align_reason_loss': '1.023', 'epoch': '1.056'}
{'paper_align_label_loss': '1.328e-05', 'paper_align_reason_loss': '0.6749', 'epoch': '1.056'}
{'paper_align_label_loss': '2.877e-05', 'paper_align_reason_loss': '0.7118', 'epoch': '1.056'}
{'paper_align_label_loss': '2.23e-05', 'paper_align_reason_loss': '0.8056', 'epoch': '1.056'}
{'paper_align_label_loss': '1.301e-05', 'paper_align_reason_loss': '0.81', 'epoch': '1.066'}
{'paper_align_label_loss': '1.004e-05', 'paper_align_reason_loss': '0.8474', 'epoch': '1.066'}
{'paper_align_label_loss': '8.821e-06', 'paper_align_reason_loss': '0.9543', 'epoch': '1.066'}
{'paper_align_label_loss': '6.956e-05', 'paper_align_reason_loss': '0.6297', 'epoch': '1.066'}
{'paper_align_label_loss': '0.0002667', 'paper_align_reason_loss': '0.6844', 'epoch': '1.075'}
{'paper_align_label_loss': '1.629e-05', 'paper_align_reason_loss': '0.7919', 'epoch': '1.075'}
{'paper_align_label_loss': '6.91e-05', 'paper_align_reason_loss': '1.232', 'epoch': '1.075'}
{'paper_align_label_loss': '2.165e-05', 'paper_align_reason_loss': '0.5859', 'epoch': '1.075'}
{'paper_align_label_loss': '0.0001023', 'paper_align_reason_loss': '0.8747', 'epoch': '1.085'}
{'paper_align_label_loss': '2.278e-05', 'paper_align_reason_loss': '0.7419', 'epoch': '1.085'}
{'paper_align_label_loss': '1.346e-05', 'paper_align_reason_loss': '0.8059', 'epoch': '1.085'}
{'paper_align_label_loss': '3.235e-05', 'paper_align_reason_loss': '0.8388', 'epoch': '1.085'}
{'paper_align_label_loss': '1.422e-05', 'paper_align_reason_loss': '0.7532', 'epoch': '1.094'}
{'paper_align_label_loss': '1.068e-05', 'paper_align_reason_loss': '0.8486', 'epoch': '1.094'}
{'paper_align_label_loss': '1.009e-05', 'paper_align_reason_loss': '0.8009', 'epoch': '1.094'}
{'paper_align_label_loss': '2.549e-05', 'paper_align_reason_loss': '0.9098', 'epoch': '1.094'}
{'paper_align_label_loss': '3.084e-05', 'paper_align_reason_loss': '0.7289', 'epoch': '1.104'}
{'paper_align_label_loss': '9.581e-06', 'paper_align_reason_loss': '0.6199', 'epoch': '1.104'}
{'paper_align_label_loss': '1.421e-05', 'paper_align_reason_loss': '0.6617', 'epoch': '1.104'}
{'paper_align_label_loss': '1.373e-05', 'paper_align_reason_loss': '0.8279', 'epoch': '1.104'}
{'paper_align_label_loss': '1.103e-05', 'paper_align_reason_loss': '0.7629', 'epoch': '1.113'}
{'paper_align_label_loss': '1.965e-05', 'paper_align_reason_loss': '0.9629', 'epoch': '1.113'}
{'paper_align_label_loss': '7.383e-06', 'paper_align_reason_loss': '0.9361', 'epoch': '1.113'}
{'paper_align_label_loss': '1.031e-05', 'paper_align_reason_loss': '0.7911', 'epoch': '1.113'}
{'loss': '1.621', 'grad_norm': '3.166', 'learning_rate': '7.263e-05', 'epoch': '1.122'}
{'paper_align_label_loss': '1.305e-05', 'paper_align_reason_loss': '0.6959', 'epoch': '1.122'}
{'paper_align_label_loss': '2.024e-05', 'paper_align_reason_loss': '1.127', 'epoch': '1.122'}
{'paper_align_label_loss': '2.603e-05', 'paper_align_reason_loss': '1.082', 'epoch': '1.122'}
{'paper_align_label_loss': '2.14e-05', 'paper_align_reason_loss': '0.8295', 'epoch': '1.122'}
{'paper_align_label_loss': '6.236e-05', 'paper_align_reason_loss': '0.8237', 'epoch': '1.132'}
{'paper_align_label_loss': '2.608e-05', 'paper_align_reason_loss': '0.8007', 'epoch': '1.132'}
{'paper_align_label_loss': '3.137e-05', 'paper_align_reason_loss': '0.7999', 'epoch': '1.132'}
{'paper_align_label_loss': '8.27e-06', 'paper_align_reason_loss': '0.7354', 'epoch': '1.132'}
{'paper_align_label_loss': '1.176e-05', 'paper_align_reason_loss': '0.9526', 'epoch': '1.141'}
{'paper_align_label_loss': '2.893e-05', 'paper_align_reason_loss': '0.5949', 'epoch': '1.141'}
{'paper_align_label_loss': '1.375e-05', 'paper_align_reason_loss': '0.628', 'epoch': '1.141'}
{'paper_align_label_loss': '1.967e-05', 'paper_align_reason_loss': '0.734', 'epoch': '1.141'}
{'paper_align_label_loss': '7.309e-06', 'paper_align_reason_loss': '0.8414', 'epoch': '1.151'}
{'paper_align_label_loss': '2.142e-05', 'paper_align_reason_loss': '0.988', 'epoch': '1.151'}
{'paper_align_label_loss': '1.08e-05', 'paper_align_reason_loss': '0.5899', 'epoch': '1.151'}
{'paper_align_label_loss': '1.708e-05', 'paper_align_reason_loss': '1.01', 'epoch': '1.151'}
{'paper_align_label_loss': '2.304e-05', 'paper_align_reason_loss': '0.6436', 'epoch': '1.16'}
{'paper_align_label_loss': '4.567e-05', 'paper_align_reason_loss': '0.5601', 'epoch': '1.16'}
{'paper_align_label_loss': '1.111e-05', 'paper_align_reason_loss': '0.7165', 'epoch': '1.16'}
{'paper_align_label_loss': '8.866e-06', 'paper_align_reason_loss': '0.6557', 'epoch': '1.16'}
{'paper_align_label_loss': '1.01e-05', 'paper_align_reason_loss': '0.7404', 'epoch': '1.169'}
{'paper_align_label_loss': '1.936e-05', 'paper_align_reason_loss': '0.7519', 'epoch': '1.169'}
{'paper_align_label_loss': '6.029e-05', 'paper_align_reason_loss': '0.7651', 'epoch': '1.169'}
{'paper_align_label_loss': '5.38e-05', 'paper_align_reason_loss': '0.7499', 'epoch': '1.169'}
{'paper_align_label_loss': '2.546e-05', 'paper_align_reason_loss': '0.7329', 'epoch': '1.179'}
{'paper_align_label_loss': '2.829e-05', 'paper_align_reason_loss': '0.9808', 'epoch': '1.179'}
{'paper_align_label_loss': '1.024e-05', 'paper_align_reason_loss': '0.74', 'epoch': '1.179'}
{'paper_align_label_loss': '8.352e-06', 'paper_align_reason_loss': '0.7982', 'epoch': '1.179'}

 40%|███▉      | 127/321 [06:12<09:00,  2.79s/it]2026-09-22 04:58:24,358 INFO [rw_gen_positioning_type|paper_align|Qwen3-0.6B] step=127 epoch=1.1882

                                                 

 40%|███▉      | 127/321 [06:12<09:00,  2.79s/it]2026-09-22 04:58:25,140 INFO [rw_gen_positioning_type|paper_align|Qwen3-0.6B] step=127 epoch=1.1882

                                                 

 40%|███▉      | 127/321 [06:13<09:00,  2.79s/it]2026-09-22 04:58:25,885 INFO [rw_gen_positioning_type|paper_align|Qwen3-0.6B] step=127 epoch=1.1882

                                                 

 40%|███▉      | 127/321 [06:14<09:00,  2.79s/it]
 40%|███▉      | 128/321 [06:15<09:17,  2.89s/it]2026-09-22 04:58:26,792 INFO [rw_gen_positioning_type|paper_align|Qwen3-0.6B] step=128 epoch=1.1976

                                                 

 40%|███▉      | 128/321 [06:15<09:17,  2.89s/it]2026-09-22 04:58:27,374 INFO [rw_gen_positioning_type|paper_align|Qwen3-0.6B] step=128 epoch=1.1976

                                                 

 40%|███▉      | 128/321 [06:15<09:17,  2.89s/it]2026-09-22 04:58:28,095 INFO [rw_gen_positioning_type|paper_align|Qwen3-0.6B] step=128 epoch=1.1976

                                                 

 40%|███▉      | 128/321 [06:16<09:17,  2.89s/it]2026-09-22 04:58:28,905 INFO [rw_gen_positioning_type|paper_align|Qwen3-0.6B] step=128 epoch=1.1976

                                                 

 40%|███▉      | 128/321 [06:17<09:17,  2.89s/it]
 40%|████      | 129/321 [06:17<09:07,  2.85s/it]2026-09-22 04:58:29,569 INFO [rw_gen_positioning_type|paper_align|Qwen3-0.6B] step=129 epoch=1.2071

                                                 

 40%|████      | 129/321 [06:18<09:07,  2.85s/it]2026-09-22 04:58:30,160 INFO [rw_gen_positioning_type|paper_align|Qwen3-0.6B] step=129 epoch=1.2071

                                                 

 40%|████      | 129/321 [06:18<09:07,  2.85s/it]2026-09-22 04:58:30,762 INFO [rw_gen_positioning_type|paper_align|Qwen3-0.6B] step=129 epoch=1.2071

                                                 

 40%|████      | 129/321 [06:19<09:07,  2.85s/it]2026-09-22 04:58:31,509 INFO [rw_gen_positioning_type|paper_align|Qwen3-0.6B] step=129 epoch=1.2071

                                                 

 40%|████      | 129/321 [06:19<09:07,  2.85s/it]
 40%|████      | 130/321 [06:20<08:54,  2.80s/it]2026-09-22 04:58:32,008 INFO [rw_gen_positioning_type|paper_align|Qwen3-0.6B] step=130 loss=1.5507 learning_rate=0.0001 epoch=1.2165

                                                 

 40%|████      | 130/321 [06:20<08:54,  2.80s/it]2026-09-22 04:58:32,256 INFO [rw_gen_positioning_type|paper_align|Qwen3-0.6B] step=130 epoch=1.2165

                                                 

 40%|████      | 130/321 [06:20<08:54,  2.80s/it]2026-09-22 04:58:33,244 INFO [rw_gen_positioning_type|paper_align|Qwen3-0.6B] step=130 epoch=1.2165

                                                 

 40%|████      | 130/321 [06:21<08:54,  2.80s/it]2026-09-22 04:58:33,829 INFO [rw_gen_positioning_type|paper_align|Qwen3-0.6B] step=130 epoch=1.2165

                                                 

 40%|████      | 130/321 [06:22<08:54,  2.80s/it]2026-09-22 04:58:34,405 INFO [rw_gen_positioning_type|paper_align|Qwen3-0.6B] step=130 epoch=1.2165

                                                 

 40%|████      | 130/321 [06:22<08:54,  2.80s/it]
 41%|████      | 131/321 [06:23<08:57,  2.83s/it]2026-09-22 04:58:35,150 INFO [rw_gen_positioning_type|paper_align|Qwen3-0.6B] step=131 epoch=1.2259

                                                 

 41%|████      | 131/321 [06:23<08:57,  2.83s/it]2026-09-22 04:58:35,897 INFO [rw_gen_positioning_type|paper_align|Qwen3-0.6B] step=131 epoch=1.2259

                                                 

 41%|████      | 131/321 [06:24<08:57,  2.83s/it]2026-09-22 04:58:36,767 INFO [rw_gen_positioning_type|paper_align|Qwen3-0.6B] step=131 epoch=1.2259

                                                 

 41%|████      | 131/321 [06:25<08:57,  2.83s/it]2026-09-22 04:58:37,498 INFO [rw_gen_positioning_type|paper_align|Qwen3-0.6B] step=131 epoch=1.2259

                                                 

 41%|████      | 131/321 [06:25<08:57,  2.83s/it]
 41%|████      | 132/321 [06:26<09:12,  2.92s/it]2026-09-22 04:58:38,299 INFO [rw_gen_positioning_type|paper_align|Qwen3-0.6B] step=132 epoch=1.2353

                                                 

 41%|████      | 132/321 [06:26<09:12,  2.92s/it]2026-09-22 04:58:39,021 INFO [rw_gen_positioning_type|paper_align|Qwen3-0.6B] step=132 epoch=1.2353

                                                 

 41%|████      | 132/321 [06:27<09:12,  2.92s/it]2026-09-22 04:58:39,639 INFO [rw_gen_positioning_type|paper_align|Qwen3-0.6B] step=132 epoch=1.2353

                                                 

 41%|████      | 132/321 [06:28<09:12,  2.92s/it]2026-09-22 04:58:40,323 INFO [rw_gen_positioning_type|paper_align|Qwen3-0.6B] step=132 epoch=1.2353

                                                 

 41%|████      | 132/321 [06:28<09:12,  2.92s/it]
 41%|████▏     | 133/321 [06:29<08:56,  2.85s/it]2026-09-22 04:58:41,057 INFO [rw_gen_positioning_type|paper_align|Qwen3-0.6B] step=133 epoch=1.2447

                                                 

 41%|████▏     | 133/321 [06:29<08:56,  2.85s/it]2026-09-22 04:58:42,008 INFO [rw_gen_positioning_type|paper_align|Qwen3-0.6B] step=133 epoch=1.2447

                                                 

 41%|████▏     | 133/321 [06:30<08:56,  2.85s/it]2026-09-22 04:58:42,651 INFO [rw_gen_positioning_type|paper_align|Qwen3-0.6B] step=133 epoch=1.2447

                                                 

 41%|████▏     | 133/321 [06:31<08:56,  2.85s/it]2026-09-22 04:58:43,250 INFO [rw_gen_positioning_type|paper_align|Qwen3-0.6B] step=133 epoch=1.2447

                                                 

 41%|████▏     | 133/321 [06:31<08:56,  2.85s/it]
 42%|████▏     | 134/321 [06:32<09:04,  2.91s/it]2026-09-22 04:58:44,025 INFO [rw_gen_positioning_type|paper_align|Qwen3-0.6B] step=134 epoch=1.2541

                                                 

 42%|████▏     | 134/321 [06:32<09:04,  2.91s/it]2026-09-22 04:58:44,685 INFO [rw_gen_positioning_type|paper_align|Qwen3-0.6B] step=134 epoch=1.2541

                                                 

 42%|████▏     | 134/321 [06:33<09:04,  2.91s/it]2026-09-22 04:58:45,379 INFO [rw_gen_positioning_type|paper_align|Qwen3-0.6B] step=134 epoch=1.2541

                                                 

 42%|████▏     | 134/321 [06:33<09:04,  2.91s/it]2026-09-22 04:58:45,981 INFO [rw_gen_positioning_type|paper_align|Qwen3-0.6B] step=134 epoch=1.2541

                                                 

 42%|████▏     | 134/321 [06:34<09:04,  2.91s/it]
 42%|████▏     | 135/321 [06:34<08:43,  2.82s/it]2026-09-22 04:58:46,912 INFO [rw_gen_positioning_type|paper_align|Qwen3-0.6B] step=135 epoch=1.2635

                                                 

 42%|████▏     | 135/321 [06:35<08:43,  2.82s/it]2026-09-22 04:58:47,633 INFO [rw_gen_positioning_type|paper_align|Qwen3-0.6B] step=135 epoch=1.2635

                                                 

 42%|████▏     | 135/321 [06:36<08:43,  2.82s/it]2026-09-22 04:58:48,247 INFO [rw_gen_positioning_type|paper_align|Qwen3-0.6B] step=135 epoch=1.2635

                                                 

 42%|████▏     | 135/321 [06:36<08:43,  2.82s/it]2026-09-22 04:58:48,868 INFO [rw_gen_positioning_type|paper_align|Qwen3-0.6B] step=135 epoch=1.2635

                                                 

 42%|████▏     | 135/321 [06:37<08:43,  2.82s/it]
 42%|████▏     | 136/321 [06:37<08:49,  2.86s/it]2026-09-22 04:58:49,588 INFO [rw_gen_positioning_type|paper_align|Qwen3-0.6B] step=136 epoch=1.2729

                                                 

 42%|████▏     | 136/321 [06:38<08:49,  2.86s/it]2026-09-22 04:58:50,326 INFO [rw_gen_positioning_type|paper_align|Qwen3-0.6B] step=136 epoch=1.2729

                                                 

 42%|████▏     | 136/321 [06:38<08:49,  2.86s/it]2026-09-22 04:58:50,929 INFO [rw_gen_positioning_type|paper_align|Qwen3-0.6B] step=136 epoch=1.2729

                                                 

 42%|████▏     | 136/321 [06:39<08:49,  2.86s/it]2026-09-22 04:58:51,636 INFO [rw_gen_positioning_type|paper_align|Qwen3-0.6B] step=136 epoch=1.2729

                                                 

 42%|████▏     | 136/321 [06:40<08:49,  2.86s/it]
 43%|████▎     | 137/321 [06:40<08:45,  2.85s/it]2026-09-22 04:58:52,419 INFO [rw_gen_positioning_type|paper_align|Qwen3-0.6B] step=137 epoch=1.2824

                                                 

 43%|████▎     | 137/321 [06:40<08:45,  2.85s/it]2026-09-22 04:58:52,998 INFO [rw_gen_positioning_type|paper_align|Qwen3-0.6B] step=137 epoch=1.2824

                                                 

 43%|████▎     | 137/321 [06:41<08:45,  2.85s/it]2026-09-22 04:58:53,568 INFO [rw_gen_positioning_type|paper_align|Qwen3-0.6B] step=137 epoch=1.2824

                                                 

 43%|████▎     | 137/321 [06:42<08:45,  2.85s/it]2026-09-22 04:58:54,144 INFO [rw_gen_positioning_type|paper_align|Qwen3-0.6B] step=137 epoch=1.2824

                                                 

 43%|████▎     | 137/321 [06:42<08:45,  2.85s/it]
 43%|████▎     | 138/321 [06:43<08:22,  2.75s/it]2026-09-22 04:58:54,920 INFO [rw_gen_positioning_type|paper_align|Qwen3-0.6B] step=138 epoch=1.2918

                                                 

 43%|████▎     | 138/321 [06:43<08:22,  2.75s/it]2026-09-22 04:58:55,568 INFO [rw_gen_positioning_type|paper_align|Qwen3-0.6B] step=138 epoch=1.2918

                                                 

 43%|████▎     | 138/321 [06:44<08:22,  2.75s/it]2026-09-22 04:58:56,215 INFO [rw_gen_positioning_type|paper_align|Qwen3-0.6B] step=138 epoch=1.2918

                                                 

 43%|████▎     | 138/321 [06:44<08:22,  2.75s/it]2026-09-22 04:58:56,847 INFO [rw_gen_positioning_type|paper_align|Qwen3-0.6B] step=138 epoch=1.2918

                                                 

 43%|████▎     | 138/321 [06:45<08:22,  2.75s/it]
 43%|████▎     | 139/321 [06:45<08:18,  2.74s/it]2026-09-22 04:58:57,636 INFO [rw_gen_positioning_type|paper_align|Qwen3-0.6B] step=139 epoch=1.3012

                                                 

 43%|████▎     | 139/321 [06:46<08:18,  2.74s/it]2026-09-22 04:58:58,323 INFO [rw_gen_positioning_type|paper_align|Qwen3-0.6B] step=139 epoch=1.3012

                                                 

 43%|████▎     | 139/321 [06:46<08:18,  2.74s/it]2026-09-22 04:58:59,102 INFO [rw_gen_positioning_type|paper_align|Qwen3-0.6B] step=139 epoch=1.3012

                                                 

 43%|████▎     | 139/321 [06:47<08:18,  2.74s/it]2026-09-22 04:58:59,896 INFO [rw_gen_positioning_type|paper_align|Qwen3-0.6B] step=139 epoch=1.3012

                                                 

 43%|████▎     | 139/321 [06:48<08:18,  2.74s/it]
 44%|████▎     | 140/321 [06:49<08:46,  2.91s/it]2026-09-22 04:59:00,704 INFO [rw_gen_positioning_type|paper_align|Qwen3-0.6B] step=140 loss=1.5075 learning_rate=0.0001 epoch=1.3106

                                                 

 44%|████▎     | 140/321 [06:49<08:46,  2.91s/it]2026-09-22 04:59:01,194 INFO [rw_gen_positioning_type|paper_align|Qwen3-0.6B] step=140 epoch=1.3106

                                                 

 44%|████▎     | 140/321 [06:49<08:46,  2.91s/it]2026-09-22 04:59:01,815 INFO [rw_gen_positioning_type|paper_align|Qwen3-0.6B] step=140 epoch=1.3106

                                                 

 44%|████▎     | 140/321 [06:50<08:46,  2.91s/it]2026-09-22 04:59:02,452 INFO [rw_gen_positioning_type|paper_align|Qwen3-0.6B] step=140 epoch=1.3106

                                                 

 44%|████▎     | 140/321 [06:50<08:46,  2.91s/it]2026-09-22 04:59:03,102 INFO [rw_gen_positioning_type|paper_align|Qwen3-0.6B] step=140 epoch=1.3106

                                                 

 44%|████▎     | 140/321 [06:51<08:46,  2.91s/it]
 44%|████▍     | 141/321 [06:51<08:38,  2.88s/it]2026-09-22 04:59:03,764 INFO [rw_gen_positioning_type|paper_align|Qwen3-0.6B] step=141 epoch=1.3200

                                                 

 44%|████▍     | 141/321 [06:52<08:38,  2.88s/it]2026-09-22 04:59:04,504 INFO [rw_gen_positioning_type|paper_align|Qwen3-0.6B] step=141 epoch=1.3200

                                                 

 44%|████▍     | 141/321 [06:52<08:38,  2.88s/it]2026-09-22 04:59:05,154 INFO [rw_gen_positioning_type|paper_align|Qwen3-0.6B] step=141 epoch=1.3200

                                                 

 44%|████▍     | 141/321 [06:53<08:38,  2.88s/it]2026-09-22 04:59:05,888 INFO [rw_gen_positioning_type|paper_align|Qwen3-0.6B] step=141 epoch=1.3200

                                                 

 44%|████▍     | 141/321 [06:54<08:38,  2.88s/it]
 44%|████▍     | 142/321 [06:54<08:33,  2.87s/it]2026-09-22 04:59:06,600 INFO [rw_gen_positioning_type|paper_align|Qwen3-0.6B] step=142 epoch=1.3294

                                                 

 44%|████▍     | 142/321 [06:55<08:33,  2.87s/it]2026-09-22 04:59:07,346 INFO [rw_gen_positioning_type|paper_align|Qwen3-0.6B] step=142 epoch=1.3294

                                                 

 44%|████▍     | 142/321 [06:55<08:33,  2.87s/it]2026-09-22 04:59:08,058 INFO [rw_gen_positioning_type|paper_align|Qwen3-0.6B] step=142 epoch=1.3294

                                                 

 44%|████▍     | 142/321 [06:56<08:33,  2.87s/it]2026-09-22 04:59:08,779 INFO [rw_gen_positioning_type|paper_align|Qwen3-0.6B] step=142 epoch=1.3294

                                                 

 44%|████▍     | 142/321 [06:57<08:33,  2.87s/it]
 45%|████▍     | 143/321 [06:57<08:37,  2.91s/it]2026-09-22 04:59:09,592 INFO [rw_gen_positioning_type|paper_align|Qwen3-0.6B] step=143 epoch=1.3388

                                                 

 45%|████▍     | 143/321 [06:58<08:37,  2.91s/it]2026-09-22 04:59:10,244 INFO [rw_gen_positioning_type|paper_align|Qwen3-0.6B] step=143 epoch=1.3388

                                                 

 45%|████▍     | 143/321 [06:58<08:37,  2.91s/it]2026-09-22 04:59:10,878 INFO [rw_gen_positioning_type|paper_align|Qwen3-0.6B] step=143 epoch=1.3388

                                                 

 45%|████▍     | 143/321 [06:59<08:37,  2.91s/it]2026-09-22 04:59:11,573 INFO [rw_gen_positioning_type|paper_align|Qwen3-0.6B] step=143 epoch=1.3388

                                                 

 45%|████▍     | 143/321 [07:00<08:37,  2.91s/it]
 45%|████▍     | 144/321 [07:00<08:27,  2.87s/it]2026-09-22 04:59:12,377 INFO [rw_gen_positioning_type|paper_align|Qwen3-0.6B] step=144 epoch=1.3482

                                                 

 45%|████▍     | 144/321 [07:00<08:27,  2.87s/it]2026-09-22 04:59:13,070 INFO [rw_gen_positioning_type|paper_align|Qwen3-0.6B] step=144 epoch=1.3482

                                                 

 45%|████▍     | 144/321 [07:01<08:27,  2.87s/it]2026-09-22 04:59:13,724 INFO [rw_gen_positioning_type|paper_align|Qwen3-0.6B] step=144 epoch=1.3482

                                                 

 45%|████▍     | 144/321 [07:02<08:27,  2.87s/it]2026-09-22 04:59:14,348 INFO [rw_gen_positioning_type|paper_align|Qwen3-0.6B] step=144 epoch=1.3482

                                                 

 45%|████▍     | 144/321 [07:02<08:27,  2.87s/it]
 45%|████▌     | 145/321 [07:03<08:12,  2.80s/it]2026-09-22 04:59:15,008 INFO [rw_gen_positioning_type|paper_align|Qwen3-0.6B] step=145 epoch=1.3576

                                                 

 45%|████▌     | 145/321 [07:03<08:12,  2.80s/it]2026-09-22 04:59:15,880 INFO [rw_gen_positioning_type|paper_align|Qwen3-0.6B] step=145 epoch=1.3576

                                                 

 45%|████▌     | 145/321 [07:04<08:12,  2.80s/it]2026-09-22 04:59:16,516 INFO [rw_gen_positioning_type|paper_align|Qwen3-0.6B] step=145 epoch=1.3576

                                                 

 45%|████▌     | 145/321 [07:04<08:12,  2.80s/it]2026-09-22 04:59:17,393 INFO [rw_gen_positioning_type|paper_align|Qwen3-0.6B] step=145 epoch=1.3576

                                                 

 45%|████▌     | 145/321 [07:05<08:12,  2.80s/it]
 45%|████▌     | 146/321 [07:06<08:29,  2.91s/it]2026-09-22 04:59:18,272 INFO [rw_gen_positioning_type|paper_align|Qwen3-0.6B] step=146 epoch=1.3671

                                                 

 45%|████▌     | 146/321 [07:06<08:29,  2.91s/it]2026-09-22 04:59:19,264 INFO [rw_gen_positioning_type|paper_align|Qwen3-0.6B] step=146 epoch=1.3671

                                                 

 45%|████▌     | 146/321 [07:07<08:29,  2.91s/it]2026-09-22 04:59:19,840 INFO [rw_gen_positioning_type|paper_align|Qwen3-0.6B] step=146 epoch=1.3671

                                                 

 45%|████▌     | 146/321 [07:08<08:29,  2.91s/it]2026-09-22 04:59:20,569 INFO [rw_gen_positioning_type|paper_align|Qwen3-0.6B] step=146 epoch=1.3671

                                                 

 45%|████▌     | 146/321 [07:09<08:29,  2.91s/it]
 46%|████▌     | 147/321 [07:09<08:44,  3.01s/it]2026-09-22 04:59:21,442 INFO [rw_gen_positioning_type|paper_align|Qwen3-0.6B] step=147 epoch=1.3765

                                                 

 46%|████▌     | 147/321 [07:09<08:44,  3.01s/it]2026-09-22 04:59:22,180 INFO [rw_gen_positioning_type|paper_align|Qwen3-0.6B] step=147 epoch=1.3765

                                                 

 46%|████▌     | 147/321 [07:10<08:44,  3.01s/it]2026-09-22 04:59:22,906 INFO [rw_gen_positioning_type|paper_align|Qwen3-0.6B] step=147 epoch=1.3765

                                                 

 46%|████▌     | 147/321 [07:11<08:44,  3.01s/it]2026-09-22 04:59:23,622 INFO [rw_gen_positioning_type|paper_align|Qwen3-0.6B] step=147 epoch=1.3765

                                                 

 46%|████▌     | 147/321 [07:12<08:44,  3.01s/it]
 46%|████▌     | 148/321 [07:12<08:54,  3.09s/it]2026-09-22 04:59:24,739 INFO [rw_gen_positioning_type|paper_align|Qwen3-0.6B] step=148 epoch=1.3859

                                                 
{'paper_align_label_loss': '2.383e-05', 'paper_align_reason_loss': '0.8038', 'epoch': '1.188'}
{'paper_align_label_loss': '4.425e-05', 'paper_align_reason_loss': '0.8852', 'epoch': '1.188'}
{'paper_align_label_loss': '1.343e-05', 'paper_align_reason_loss': '0.8361', 'epoch': '1.188'}
{'paper_align_label_loss': '6.267e-05', 'paper_align_reason_loss': '0.8863', 'epoch': '1.188'}
{'paper_align_label_loss': '0.0001271', 'paper_align_reason_loss': '0.5123', 'epoch': '1.198'}
{'paper_align_label_loss': '2.849e-05', 'paper_align_reason_loss': '0.6314', 'epoch': '1.198'}
{'paper_align_label_loss': '8.933e-06', 'paper_align_reason_loss': '0.5455', 'epoch': '1.198'}
{'paper_align_label_loss': '7.629e-06', 'paper_align_reason_loss': '0.6995', 'epoch': '1.198'}
{'paper_align_label_loss': '9.604e-06', 'paper_align_reason_loss': '0.6618', 'epoch': '1.207'}
{'paper_align_label_loss': '8.643e-06', 'paper_align_reason_loss': '0.6847', 'epoch': '1.207'}
{'paper_align_label_loss': '1.36e-05', 'paper_align_reason_loss': '0.8985', 'epoch': '1.207'}
{'paper_align_label_loss': '2.897e-05', 'paper_align_reason_loss': '0.8989', 'epoch': '1.207'}
{'loss': '1.551', 'grad_norm': '2.85', 'learning_rate': '6.802e-05', 'epoch': '1.216'}
{'paper_align_label_loss': '1.024e-05', 'paper_align_reason_loss': '0.8975', 'epoch': '1.216'}
{'paper_align_label_loss': '1.863e-05', 'paper_align_reason_loss': '0.7061', 'epoch': '1.216'}
{'paper_align_label_loss': '7.54e-06', 'paper_align_reason_loss': '0.8781', 'epoch': '1.216'}
{'paper_align_label_loss': '8.486e-06', 'paper_align_reason_loss': '0.7813', 'epoch': '1.216'}
{'paper_align_label_loss': '1.153e-05', 'paper_align_reason_loss': '0.8485', 'epoch': '1.226'}
{'paper_align_label_loss': '1.477e-05', 'paper_align_reason_loss': '0.7376', 'epoch': '1.226'}
{'paper_align_label_loss': '8.017e-06', 'paper_align_reason_loss': '0.9946', 'epoch': '1.226'}
{'paper_align_label_loss': '1.065e-05', 'paper_align_reason_loss': '0.4349', 'epoch': '1.226'}
{'paper_align_label_loss': '1.024e-05', 'paper_align_reason_loss': '0.8681', 'epoch': '1.235'}
{'paper_align_label_loss': '0.0003665', 'paper_align_reason_loss': '0.8627', 'epoch': '1.235'}
{'paper_align_label_loss': '1.57e-05', 'paper_align_reason_loss': '0.6343', 'epoch': '1.235'}
{'paper_align_label_loss': '2.188e-05', 'paper_align_reason_loss': '0.6719', 'epoch': '1.235'}
{'paper_align_label_loss': '3.766e-05', 'paper_align_reason_loss': '0.8075', 'epoch': '1.245'}
{'paper_align_label_loss': '1.457e-05', 'paper_align_reason_loss': '0.6018', 'epoch': '1.245'}
{'paper_align_label_loss': '2.768e-05', 'paper_align_reason_loss': '0.7126', 'epoch': '1.245'}
{'paper_align_label_loss': '2.426e-05', 'paper_align_reason_loss': '0.739', 'epoch': '1.245'}
{'paper_align_label_loss': '0.0001453', 'paper_align_reason_loss': '0.6276', 'epoch': '1.254'}
{'paper_align_label_loss': '9.133e-05', 'paper_align_reason_loss': '0.5777', 'epoch': '1.254'}
{'paper_align_label_loss': '0.0002137', 'paper_align_reason_loss': '0.6226', 'epoch': '1.254'}
{'paper_align_label_loss': '1.399e-05', 'paper_align_reason_loss': '0.6599', 'epoch': '1.254'}
{'paper_align_label_loss': '8.688e-05', 'paper_align_reason_loss': '0.7486', 'epoch': '1.264'}
{'paper_align_label_loss': '2.518e-05', 'paper_align_reason_loss': '0.6866', 'epoch': '1.264'}
{'paper_align_label_loss': '6.613e-05', 'paper_align_reason_loss': '0.7254', 'epoch': '1.264'}
{'paper_align_label_loss': '7.734e-06', 'paper_align_reason_loss': '0.7186', 'epoch': '1.264'}
{'paper_align_label_loss': '1.13e-05', 'paper_align_reason_loss': '0.6496', 'epoch': '1.273'}
{'paper_align_label_loss': '3.387e-05', 'paper_align_reason_loss': '0.9351', 'epoch': '1.273'}
{'paper_align_label_loss': '9.835e-06', 'paper_align_reason_loss': '0.8485', 'epoch': '1.273'}
{'paper_align_label_loss': '9.738e-06', 'paper_align_reason_loss': '0.7066', 'epoch': '1.273'}
{'paper_align_label_loss': '6.594e-06', 'paper_align_reason_loss': '0.7203', 'epoch': '1.282'}
{'paper_align_label_loss': '6.355e-06', 'paper_align_reason_loss': '0.5565', 'epoch': '1.282'}
{'paper_align_label_loss': '1.447e-05', 'paper_align_reason_loss': '0.7119', 'epoch': '1.282'}
{'paper_align_label_loss': '5.762e-05', 'paper_align_reason_loss': '0.9482', 'epoch': '1.282'}
{'paper_align_label_loss': '1.097e-05', 'paper_align_reason_loss': '0.686', 'epoch': '1.292'}
{'paper_align_label_loss': '6.537e-05', 'paper_align_reason_loss': '1.044', 'epoch': '1.292'}
{'paper_align_label_loss': '1.664e-05', 'paper_align_reason_loss': '0.6197', 'epoch': '1.292'}
{'paper_align_label_loss': '1.83e-05', 'paper_align_reason_loss': '0.8606', 'epoch': '1.292'}
{'paper_align_label_loss': '8.479e-06', 'paper_align_reason_loss': '0.6984', 'epoch': '1.301'}
{'paper_align_label_loss': '1.422e-05', 'paper_align_reason_loss': '0.8838', 'epoch': '1.301'}
{'paper_align_label_loss': '9.276e-06', 'paper_align_reason_loss': '0.8783', 'epoch': '1.301'}
{'paper_align_label_loss': '1.625e-05', 'paper_align_reason_loss': '0.8583', 'epoch': '1.301'}
{'loss': '1.508', 'grad_norm': '2.956', 'learning_rate': '6.323e-05', 'epoch': '1.311'}
{'paper_align_label_loss': '1.731e-05', 'paper_align_reason_loss': '0.6874', 'epoch': '1.311'}
{'paper_align_label_loss': '7.138e-06', 'paper_align_reason_loss': '0.834', 'epoch': '1.311'}
{'paper_align_label_loss': '1.882e-05', 'paper_align_reason_loss': '0.6389', 'epoch': '1.311'}
{'paper_align_label_loss': '5.856e-06', 'paper_align_reason_loss': '0.9073', 'epoch': '1.311'}
{'paper_align_label_loss': '1.039e-05', 'paper_align_reason_loss': '0.7891', 'epoch': '1.32'}
{'paper_align_label_loss': '2.926e-05', 'paper_align_reason_loss': '0.7747', 'epoch': '1.32'}
{'paper_align_label_loss': '1.197e-05', 'paper_align_reason_loss': '0.8584', 'epoch': '1.32'}
{'paper_align_label_loss': '1.855e-05', 'paper_align_reason_loss': '0.6734', 'epoch': '1.32'}
{'paper_align_label_loss': '2.295e-05', 'paper_align_reason_loss': '0.7446', 'epoch': '1.329'}
{'paper_align_label_loss': '3.24e-05', 'paper_align_reason_loss': '0.7268', 'epoch': '1.329'}
{'paper_align_label_loss': '2.95e-05', 'paper_align_reason_loss': '0.7813', 'epoch': '1.329'}
{'paper_align_label_loss': '1.667e-05', 'paper_align_reason_loss': '0.6692', 'epoch': '1.329'}
{'paper_align_label_loss': '6.065e-05', 'paper_align_reason_loss': '0.9674', 'epoch': '1.339'}
{'paper_align_label_loss': '6.512e-06', 'paper_align_reason_loss': '0.6953', 'epoch': '1.339'}
{'paper_align_label_loss': '8.151e-06', 'paper_align_reason_loss': '0.8323', 'epoch': '1.339'}
{'paper_align_label_loss': '2.556e-05', 'paper_align_reason_loss': '0.8655', 'epoch': '1.339'}
{'paper_align_label_loss': '8.039e-06', 'paper_align_reason_loss': '0.8332', 'epoch': '1.348'}
{'paper_align_label_loss': '2.233e-05', 'paper_align_reason_loss': '0.7454', 'epoch': '1.348'}
{'paper_align_label_loss': '1.549e-05', 'paper_align_reason_loss': '0.7997', 'epoch': '1.348'}
{'paper_align_label_loss': '8.993e-06', 'paper_align_reason_loss': '0.6238', 'epoch': '1.348'}
{'paper_align_label_loss': '5.296e-05', 'paper_align_reason_loss': '0.8501', 'epoch': '1.358'}
{'paper_align_label_loss': '2.993e-05', 'paper_align_reason_loss': '0.829', 'epoch': '1.358'}
{'paper_align_label_loss': '1.243e-05', 'paper_align_reason_loss': '0.8452', 'epoch': '1.358'}
{'paper_align_label_loss': '1.89e-05', 'paper_align_reason_loss': '0.8484', 'epoch': '1.358'}
{'paper_align_label_loss': '7.525e-06', 'paper_align_reason_loss': '0.8879', 'epoch': '1.367'}
{'paper_align_label_loss': '4.962e-06', 'paper_align_reason_loss': '0.693', 'epoch': '1.367'}
{'paper_align_label_loss': '1.458e-05', 'paper_align_reason_loss': '0.6792', 'epoch': '1.367'}
{'paper_align_label_loss': '1.032e-05', 'paper_align_reason_loss': '0.6838', 'epoch': '1.367'}
{'paper_align_label_loss': '8.814e-06', 'paper_align_reason_loss': '0.6881', 'epoch': '1.376'}
{'paper_align_label_loss': '1.332e-05', 'paper_align_reason_loss': '0.7682', 'epoch': '1.376'}
{'paper_align_label_loss': '1.786e-05', 'paper_align_reason_loss': '0.6699', 'epoch': '1.376'}
{'paper_align_label_loss': '1.179e-05', 'paper_align_reason_loss': '0.8623', 'epoch': '1.376'}

 46%|████▌     | 148/321 [07:13<08:54,  3.09s/it]2026-09-22 04:59:25,464 INFO [rw_gen_positioning_type|paper_align|Qwen3-0.6B] step=148 epoch=1.3859

                                                 

 46%|████▌     | 148/321 [07:13<08:54,  3.09s/it]2026-09-22 04:59:26,143 INFO [rw_gen_positioning_type|paper_align|Qwen3-0.6B] step=148 epoch=1.3859

                                                 

 46%|████▌     | 148/321 [07:14<08:54,  3.09s/it]2026-09-22 04:59:26,771 INFO [rw_gen_positioning_type|paper_align|Qwen3-0.6B] step=148 epoch=1.3859

                                                 

 46%|████▌     | 148/321 [07:15<08:54,  3.09s/it]
 46%|████▋     | 149/321 [07:15<08:38,  3.01s/it]2026-09-22 04:59:27,568 INFO [rw_gen_positioning_type|paper_align|Qwen3-0.6B] step=149 epoch=1.3953

                                                 

 46%|████▋     | 149/321 [07:16<08:38,  3.01s/it]2026-09-22 04:59:28,193 INFO [rw_gen_positioning_type|paper_align|Qwen3-0.6B] step=149 epoch=1.3953

                                                 

 46%|████▋     | 149/321 [07:16<08:38,  3.01s/it]2026-09-22 04:59:28,885 INFO [rw_gen_positioning_type|paper_align|Qwen3-0.6B] step=149 epoch=1.3953

                                                 

 46%|████▋     | 149/321 [07:17<08:38,  3.01s/it]2026-09-22 04:59:29,538 INFO [rw_gen_positioning_type|paper_align|Qwen3-0.6B] step=149 epoch=1.3953

                                                 

 46%|████▋     | 149/321 [07:18<08:38,  3.01s/it]
 47%|████▋     | 150/321 [07:18<08:28,  2.97s/it]2026-09-22 04:59:30,172 INFO [rw_gen_positioning_type|paper_align|Qwen3-0.6B] step=150 loss=1.5319 learning_rate=0.0001 epoch=1.4047

                                                 

 47%|████▋     | 150/321 [07:18<08:28,  2.97s/it]2026-09-22 04:59:30,690 INFO [rw_gen_positioning_type|paper_align|Qwen3-0.6B] step=150 epoch=1.4047

                                                 

 47%|████▋     | 150/321 [07:19<08:28,  2.97s/it]2026-09-22 04:59:31,353 INFO [rw_gen_positioning_type|paper_align|Qwen3-0.6B] step=150 epoch=1.4047

                                                 

 47%|████▋     | 150/321 [07:19<08:28,  2.97s/it]2026-09-22 04:59:32,054 INFO [rw_gen_positioning_type|paper_align|Qwen3-0.6B] step=150 epoch=1.4047

                                                 

 47%|████▋     | 150/321 [07:20<08:28,  2.97s/it]2026-09-22 04:59:32,698 INFO [rw_gen_positioning_type|paper_align|Qwen3-0.6B] step=150 epoch=1.4047

                                                 

 47%|████▋     | 150/321 [07:21<08:28,  2.97s/it]
 47%|████▋     | 151/321 [07:21<08:22,  2.96s/it]2026-09-22 04:59:33,337 INFO [rw_gen_positioning_type|paper_align|Qwen3-0.6B] step=151 epoch=1.4141

                                                 

 47%|████▋     | 151/321 [07:21<08:22,  2.96s/it]2026-09-22 04:59:33,919 INFO [rw_gen_positioning_type|paper_align|Qwen3-0.6B] step=151 epoch=1.4141

                                                 

 47%|████▋     | 151/321 [07:22<08:22,  2.96s/it]2026-09-22 04:59:34,572 INFO [rw_gen_positioning_type|paper_align|Qwen3-0.6B] step=151 epoch=1.4141

                                                 

 47%|████▋     | 151/321 [07:23<08:22,  2.96s/it]2026-09-22 04:59:35,204 INFO [rw_gen_positioning_type|paper_align|Qwen3-0.6B] step=151 epoch=1.4141

                                                 

 47%|████▋     | 151/321 [07:23<08:22,  2.96s/it]
 47%|████▋     | 152/321 [07:24<08:09,  2.90s/it]2026-09-22 04:59:36,113 INFO [rw_gen_positioning_type|paper_align|Qwen3-0.6B] step=152 epoch=1.4235

                                                 

 47%|████▋     | 152/321 [07:24<08:09,  2.90s/it]2026-09-22 04:59:36,932 INFO [rw_gen_positioning_type|paper_align|Qwen3-0.6B] step=152 epoch=1.4235

                                                 

 47%|████▋     | 152/321 [07:25<08:09,  2.90s/it]2026-09-22 04:59:37,624 INFO [rw_gen_positioning_type|paper_align|Qwen3-0.6B] step=152 epoch=1.4235

                                                 

 47%|████▋     | 152/321 [07:26<08:09,  2.90s/it]2026-09-22 04:59:38,252 INFO [rw_gen_positioning_type|paper_align|Qwen3-0.6B] step=152 epoch=1.4235

                                                 

 47%|████▋     | 152/321 [07:26<08:09,  2.90s/it]
 48%|████▊     | 153/321 [07:27<08:01,  2.87s/it]2026-09-22 04:59:38,941 INFO [rw_gen_positioning_type|paper_align|Qwen3-0.6B] step=153 epoch=1.4329

                                                 

 48%|████▊     | 153/321 [07:27<08:01,  2.87s/it]2026-09-22 04:59:39,835 INFO [rw_gen_positioning_type|paper_align|Qwen3-0.6B] step=153 epoch=1.4329

                                                 

 48%|████▊     | 153/321 [07:28<08:01,  2.87s/it]2026-09-22 04:59:40,539 INFO [rw_gen_positioning_type|paper_align|Qwen3-0.6B] step=153 epoch=1.4329

                                                 

 48%|████▊     | 153/321 [07:29<08:01,  2.87s/it]2026-09-22 04:59:41,200 INFO [rw_gen_positioning_type|paper_align|Qwen3-0.6B] step=153 epoch=1.4329

                                                 

 48%|████▊     | 153/321 [07:29<08:01,  2.87s/it]
 48%|████▊     | 154/321 [07:30<08:08,  2.93s/it]2026-09-22 04:59:41,959 INFO [rw_gen_positioning_type|paper_align|Qwen3-0.6B] step=154 epoch=1.4424

                                                 

 48%|████▊     | 154/321 [07:30<08:08,  2.93s/it]2026-09-22 04:59:42,699 INFO [rw_gen_positioning_type|paper_align|Qwen3-0.6B] step=154 epoch=1.4424

                                                 

 48%|████▊     | 154/321 [07:31<08:08,  2.93s/it]2026-09-22 04:59:43,432 INFO [rw_gen_positioning_type|paper_align|Qwen3-0.6B] step=154 epoch=1.4424

                                                 

 48%|████▊     | 154/321 [07:31<08:08,  2.93s/it]2026-09-22 04:59:44,172 INFO [rw_gen_positioning_type|paper_align|Qwen3-0.6B] step=154 epoch=1.4424

                                                 

 48%|████▊     | 154/321 [07:32<08:08,  2.93s/it]
 48%|████▊     | 155/321 [07:33<08:10,  2.96s/it]2026-09-22 04:59:45,288 INFO [rw_gen_positioning_type|paper_align|Qwen3-0.6B] step=155 epoch=1.4518

                                                 

 48%|████▊     | 155/321 [07:33<08:10,  2.96s/it]2026-09-22 04:59:45,922 INFO [rw_gen_positioning_type|paper_align|Qwen3-0.6B] step=155 epoch=1.4518

                                                 

 48%|████▊     | 155/321 [07:34<08:10,  2.96s/it]2026-09-22 04:59:46,694 INFO [rw_gen_positioning_type|paper_align|Qwen3-0.6B] step=155 epoch=1.4518

                                                 

 48%|████▊     | 155/321 [07:35<08:10,  2.96s/it]2026-09-22 04:59:47,433 INFO [rw_gen_positioning_type|paper_align|Qwen3-0.6B] step=155 epoch=1.4518

                                                 

 48%|████▊     | 155/321 [07:35<08:10,  2.96s/it]
 49%|████▊     | 156/321 [07:36<08:22,  3.04s/it]2026-09-22 04:59:48,241 INFO [rw_gen_positioning_type|paper_align|Qwen3-0.6B] step=156 epoch=1.4612

                                                 

 49%|████▊     | 156/321 [07:36<08:22,  3.04s/it]2026-09-22 04:59:49,114 INFO [rw_gen_positioning_type|paper_align|Qwen3-0.6B] step=156 epoch=1.4612

                                                 

 49%|████▊     | 156/321 [07:37<08:22,  3.04s/it]2026-09-22 04:59:50,133 INFO [rw_gen_positioning_type|paper_align|Qwen3-0.6B] step=156 epoch=1.4612

                                                 

 49%|████▊     | 156/321 [07:38<08:22,  3.04s/it]2026-09-22 04:59:50,796 INFO [rw_gen_positioning_type|paper_align|Qwen3-0.6B] step=156 epoch=1.4612

                                                 

 49%|████▊     | 156/321 [07:39<08:22,  3.04s/it]
 49%|████▉     | 157/321 [07:39<08:32,  3.13s/it]2026-09-22 04:59:51,544 INFO [rw_gen_positioning_type|paper_align|Qwen3-0.6B] step=157 epoch=1.4706

                                                 

 49%|████▉     | 157/321 [07:40<08:32,  3.13s/it]2026-09-22 04:59:52,206 INFO [rw_gen_positioning_type|paper_align|Qwen3-0.6B] step=157 epoch=1.4706

                                                 

 49%|████▉     | 157/321 [07:40<08:32,  3.13s/it]2026-09-22 04:59:52,795 INFO [rw_gen_positioning_type|paper_align|Qwen3-0.6B] step=157 epoch=1.4706

                                                 

 49%|████▉     | 157/321 [07:41<08:32,  3.13s/it]2026-09-22 04:59:53,384 INFO [rw_gen_positioning_type|paper_align|Qwen3-0.6B] step=157 epoch=1.4706

                                                 

 49%|████▉     | 157/321 [07:41<08:32,  3.13s/it]
 49%|████▉     | 158/321 [07:42<07:58,  2.93s/it]2026-09-22 04:59:54,064 INFO [rw_gen_positioning_type|paper_align|Qwen3-0.6B] step=158 epoch=1.4800

                                                 

 49%|████▉     | 158/321 [07:42<07:58,  2.93s/it]2026-09-22 04:59:54,760 INFO [rw_gen_positioning_type|paper_align|Qwen3-0.6B] step=158 epoch=1.4800

                                                 

 49%|████▉     | 158/321 [07:43<07:58,  2.93s/it]2026-09-22 04:59:55,349 INFO [rw_gen_positioning_type|paper_align|Qwen3-0.6B] step=158 epoch=1.4800

                                                 

 49%|████▉     | 158/321 [07:43<07:58,  2.93s/it]2026-09-22 04:59:55,997 INFO [rw_gen_positioning_type|paper_align|Qwen3-0.6B] step=158 epoch=1.4800

                                                 

 49%|████▉     | 158/321 [07:44<07:58,  2.93s/it]
 50%|████▉     | 159/321 [07:44<07:42,  2.85s/it]2026-09-22 04:59:56,700 INFO [rw_gen_positioning_type|paper_align|Qwen3-0.6B] step=159 epoch=1.4894

                                                 

 50%|████▉     | 159/321 [07:45<07:42,  2.85s/it]2026-09-22 04:59:57,383 INFO [rw_gen_positioning_type|paper_align|Qwen3-0.6B] step=159 epoch=1.4894

                                                 

 50%|████▉     | 159/321 [07:45<07:42,  2.85s/it]2026-09-22 04:59:58,024 INFO [rw_gen_positioning_type|paper_align|Qwen3-0.6B] step=159 epoch=1.4894

                                                 

 50%|████▉     | 159/321 [07:46<07:42,  2.85s/it]2026-09-22 04:59:58,768 INFO [rw_gen_positioning_type|paper_align|Qwen3-0.6B] step=159 epoch=1.4894

                                                 

 50%|████▉     | 159/321 [07:47<07:42,  2.85s/it]
 50%|████▉     | 160/321 [07:47<07:34,  2.82s/it]2026-09-22 04:59:59,200 INFO [rw_gen_positioning_type|paper_align|Qwen3-0.6B] step=160 loss=1.5835 learning_rate=0.0001 epoch=1.4988

                                                 

 50%|████▉     | 160/321 [07:47<07:34,  2.82s/it]2026-09-22 04:59:59,458 INFO [rw_gen_positioning_type|paper_align|Qwen3-0.6B] step=160 epoch=1.4988

                                                 

 50%|████▉     | 160/321 [07:47<07:34,  2.82s/it]2026-09-22 05:00:00,505 INFO [rw_gen_positioning_type|paper_align|Qwen3-0.6B] step=160 epoch=1.4988

                                                 

 50%|████▉     | 160/321 [07:48<07:34,  2.82s/it]2026-09-22 05:00:01,398 INFO [rw_gen_positioning_type|paper_align|Qwen3-0.6B] step=160 epoch=1.4988

                                                 

 50%|████▉     | 160/321 [07:49<07:34,  2.82s/it]2026-09-22 05:00:02,149 INFO [rw_gen_positioning_type|paper_align|Qwen3-0.6B] step=160 epoch=1.4988

                                                 

 50%|████▉     | 160/321 [07:50<07:34,  2.82s/it]
 50%|█████     | 161/321 [07:51<08:01,  3.01s/it]2026-09-22 05:00:03,000 INFO [rw_gen_positioning_type|paper_align|Qwen3-0.6B] step=161 epoch=1.5082

                                                 

 50%|█████     | 161/321 [07:51<08:01,  3.01s/it]2026-09-22 05:00:04,115 INFO [rw_gen_positioning_type|paper_align|Qwen3-0.6B] step=161 epoch=1.5082

                                                 

 50%|█████     | 161/321 [07:52<08:01,  3.01s/it]2026-09-22 05:00:05,069 INFO [rw_gen_positioning_type|paper_align|Qwen3-0.6B] step=161 epoch=1.5082

                                                 

 50%|█████     | 161/321 [07:53<08:01,  3.01s/it]2026-09-22 05:00:05,720 INFO [rw_gen_positioning_type|paper_align|Qwen3-0.6B] step=161 epoch=1.5082

                                                 

 50%|█████     | 161/321 [07:54<08:01,  3.01s/it]
 50%|█████     | 162/321 [07:54<08:25,  3.18s/it]2026-09-22 05:00:06,473 INFO [rw_gen_positioning_type|paper_align|Qwen3-0.6B] step=162 epoch=1.5176

                                                 

 50%|█████     | 162/321 [07:54<08:25,  3.18s/it]2026-09-22 05:00:07,064 INFO [rw_gen_positioning_type|paper_align|Qwen3-0.6B] step=162 epoch=1.5176

                                                 

 50%|█████     | 162/321 [07:55<08:25,  3.18s/it]2026-09-22 05:00:07,759 INFO [rw_gen_positioning_type|paper_align|Qwen3-0.6B] step=162 epoch=1.5176

                                                 

 50%|█████     | 162/321 [07:56<08:25,  3.18s/it]2026-09-22 05:00:08,463 INFO [rw_gen_positioning_type|paper_align|Qwen3-0.6B] step=162 epoch=1.5176

                                                 

 50%|█████     | 162/321 [07:56<08:25,  3.18s/it]
 51%|█████     | 163/321 [07:57<07:58,  3.03s/it]2026-09-22 05:00:09,192 INFO [rw_gen_positioning_type|paper_align|Qwen3-0.6B] step=163 epoch=1.5271

                                                 

 51%|█████     | 163/321 [07:57<07:58,  3.03s/it]2026-09-22 05:00:10,068 INFO [rw_gen_positioning_type|paper_align|Qwen3-0.6B] step=163 epoch=1.5271

                                                 

 51%|█████     | 163/321 [07:58<07:58,  3.03s/it]2026-09-22 05:00:10,793 INFO [rw_gen_positioning_type|paper_align|Qwen3-0.6B] step=163 epoch=1.5271

                                                 

 51%|█████     | 163/321 [07:59<07:58,  3.03s/it]2026-09-22 05:00:11,418 INFO [rw_gen_positioning_type|paper_align|Qwen3-0.6B] step=163 epoch=1.5271

                                                 

 51%|█████     | 163/321 [07:59<07:58,  3.03s/it]
 51%|█████     | 164/321 [08:00<07:53,  3.02s/it]2026-09-22 05:00:12,134 INFO [rw_gen_positioning_type|paper_align|Qwen3-0.6B] step=164 epoch=1.5365

                                                 

 51%|█████     | 164/321 [08:00<07:53,  3.02s/it]2026-09-22 05:00:12,774 INFO [rw_gen_positioning_type|paper_align|Qwen3-0.6B] step=164 epoch=1.5365

                                                 

 51%|█████     | 164/321 [08:01<07:53,  3.02s/it]2026-09-22 05:00:13,567 INFO [rw_gen_positioning_type|paper_align|Qwen3-0.6B] step=164 epoch=1.5365

                                                 

 51%|█████     | 164/321 [08:02<07:53,  3.02s/it]2026-09-22 05:00:14,308 INFO [rw_gen_positioning_type|paper_align|Qwen3-0.6B] step=164 epoch=1.5365

                                                 

 51%|█████     | 164/321 [08:02<07:53,  3.02s/it]
 51%|█████▏    | 165/321 [08:03<07:42,  2.96s/it]2026-09-22 05:00:15,274 INFO [rw_gen_positioning_type|paper_align|Qwen3-0.6B] step=165 epoch=1.5459

                                                 

 51%|█████▏    | 165/321 [08:03<07:42,  2.96s/it]2026-09-22 05:00:16,145 INFO [rw_gen_positioning_type|paper_align|Qwen3-0.6B] step=165 epoch=1.5459

                                                 

 51%|█████▏    | 165/321 [08:04<07:42,  2.96s/it]2026-09-22 05:00:16,811 INFO [rw_gen_positioning_type|paper_align|Qwen3-0.6B] step=165 epoch=1.5459

                                                 

 51%|█████▏    | 165/321 [08:05<07:42,  2.96s/it]2026-09-22 05:00:17,467 INFO [rw_gen_positioning_type|paper_align|Qwen3-0.6B] step=165 epoch=1.5459

                                                 

 51%|█████▏    | 165/321 [08:05<07:42,  2.96s/it]
 52%|█████▏    | 166/321 [08:06<07:50,  3.04s/it]2026-09-22 05:00:18,191 INFO [rw_gen_positioning_type|paper_align|Qwen3-0.6B] step=166 epoch=1.5553

                                                 

 52%|█████▏    | 166/321 [08:06<07:50,  3.04s/it]2026-09-22 05:00:18,841 INFO [rw_gen_positioning_type|paper_align|Qwen3-0.6B] step=166 epoch=1.5553

                                                 

 52%|█████▏    | 166/321 [08:07<07:50,  3.04s/it]2026-09-22 05:00:19,424 INFO [rw_gen_positioning_type|paper_align|Qwen3-0.6B] step=166 epoch=1.5553

                                                 

 52%|█████▏    | 166/321 [08:07<07:50,  3.04s/it]2026-09-22 05:00:20,001 INFO [rw_gen_positioning_type|paper_align|Qwen3-0.6B] step=166 epoch=1.5553

                                                 

 52%|█████▏    | 166/321 [08:08<07:50,  3.04s/it]
 52%|█████▏    | 167/321 [08:08<07:23,  2.88s/it]2026-09-22 05:00:20,719 INFO [rw_gen_positioning_type|paper_align|Qwen3-0.6B] step=167 epoch=1.5647

                                                 

 52%|█████▏    | 167/321 [08:09<07:23,  2.88s/it]2026-09-22 05:00:21,447 INFO [rw_gen_positioning_type|paper_align|Qwen3-0.6B] step=167 epoch=1.5647

                                                 

 52%|█████▏    | 167/321 [08:09<07:23,  2.88s/it]2026-09-22 05:00:22,262 INFO [rw_gen_positioning_type|paper_align|Qwen3-0.6B] step=167 epoch=1.5647

                                                 

 52%|█████▏    | 167/321 [08:10<07:23,  2.88s/it]2026-09-22 05:00:22,890 INFO [rw_gen_positioning_type|paper_align|Qwen3-0.6B] step=167 epoch=1.5647

                                                 

 52%|█████▏    | 167/321 [08:11<07:23,  2.88s/it]
 52%|█████▏    | 168/321 [08:11<07:21,  2.89s/it]2026-09-22 05:00:23,607 INFO [rw_gen_positioning_type|paper_align|Qwen3-0.6B] step=168 epoch=1.5741

                                                 

 52%|█████▏    | 168/321 [08:12<07:21,  2.89s/it]2026-09-22 05:00:24,222 INFO [rw_gen_positioning_type|paper_align|Qwen3-0.6B] step=168 epoch=1.5741

                                                 

 52%|█████▏    | 168/321 [08:12<07:21,  2.89s/it]2026-09-22 05:00:24,804 INFO [rw_gen_positioning_type|paper_align|Qwen3-0.6B] step=168 epoch=1.5741

                                                 

 52%|█████▏    | 168/321 [08:13<07:21,  2.89s/it]2026-09-22 05:00:25,517 INFO [rw_gen_positioning_type|paper_align|Qwen3-0.6B] step=168 epoch=1.5741

                                                 

 52%|█████▏    | 168/321 [08:13<07:21,  2.89s/it]
 53%|█████▎    | 169/321 [08:14<07:05,  2.80s/it]2026-09-22 05:00:26,197 INFO [rw_gen_positioning_type|paper_align|Qwen3-0.6B] step=169 epoch=1.5835

                                                 
{'paper_align_label_loss': '1.23e-05', 'paper_align_reason_loss': '0.5925', 'epoch': '1.386'}
{'paper_align_label_loss': '1.665e-05', 'paper_align_reason_loss': '0.8469', 'epoch': '1.386'}
{'paper_align_label_loss': '5.327e-06', 'paper_align_reason_loss': '0.7207', 'epoch': '1.386'}
{'paper_align_label_loss': '6.244e-05', 'paper_align_reason_loss': '0.7979', 'epoch': '1.386'}
{'paper_align_label_loss': '1.409e-05', 'paper_align_reason_loss': '0.8141', 'epoch': '1.395'}
{'paper_align_label_loss': '2.396e-05', 'paper_align_reason_loss': '0.7228', 'epoch': '1.395'}
{'paper_align_label_loss': '7.354e-06', 'paper_align_reason_loss': '0.8275', 'epoch': '1.395'}
{'paper_align_label_loss': '9.879e-06', 'paper_align_reason_loss': '0.5614', 'epoch': '1.395'}
{'loss': '1.532', 'grad_norm': '2.448', 'learning_rate': '5.83e-05', 'epoch': '1.405'}
{'paper_align_label_loss': '4.82e-05', 'paper_align_reason_loss': '0.8132', 'epoch': '1.405'}
{'paper_align_label_loss': '5.759e-06', 'paper_align_reason_loss': '0.744', 'epoch': '1.405'}
{'paper_align_label_loss': '1.178e-05', 'paper_align_reason_loss': '0.7748', 'epoch': '1.405'}
{'paper_align_label_loss': '1.01e-05', 'paper_align_reason_loss': '0.6509', 'epoch': '1.405'}
{'paper_align_label_loss': '1.673e-05', 'paper_align_reason_loss': '0.6981', 'epoch': '1.414'}
{'paper_align_label_loss': '6.735e-06', 'paper_align_reason_loss': '0.6157', 'epoch': '1.414'}
{'paper_align_label_loss': '2.211e-05', 'paper_align_reason_loss': '0.9408', 'epoch': '1.414'}
{'paper_align_label_loss': '8.382e-06', 'paper_align_reason_loss': '0.7899', 'epoch': '1.414'}
{'paper_align_label_loss': '7.033e-06', 'paper_align_reason_loss': '0.8013', 'epoch': '1.424'}
{'paper_align_label_loss': '1.129e-05', 'paper_align_reason_loss': '0.8324', 'epoch': '1.424'}
{'paper_align_label_loss': '9.045e-06', 'paper_align_reason_loss': '0.8634', 'epoch': '1.424'}
{'paper_align_label_loss': '5.156e-06', 'paper_align_reason_loss': '0.8635', 'epoch': '1.424'}
{'paper_align_label_loss': '3.192e-05', 'paper_align_reason_loss': '0.8487', 'epoch': '1.433'}
{'paper_align_label_loss': '1.115e-05', 'paper_align_reason_loss': '0.8537', 'epoch': '1.433'}
{'paper_align_label_loss': '2.096e-05', 'paper_align_reason_loss': '0.8542', 'epoch': '1.433'}
{'paper_align_label_loss': '8.047e-06', 'paper_align_reason_loss': '0.8466', 'epoch': '1.433'}
{'paper_align_label_loss': '4.619e-05', 'paper_align_reason_loss': '0.8319', 'epoch': '1.442'}
{'paper_align_label_loss': '1.696e-05', 'paper_align_reason_loss': '0.6544', 'epoch': '1.442'}
{'paper_align_label_loss': '1.203e-05', 'paper_align_reason_loss': '0.927', 'epoch': '1.442'}
{'paper_align_label_loss': '0.0002703', 'paper_align_reason_loss': '0.9592', 'epoch': '1.442'}
{'paper_align_label_loss': '2.969e-05', 'paper_align_reason_loss': '0.6055', 'epoch': '1.452'}
{'paper_align_label_loss': '1.131e-05', 'paper_align_reason_loss': '0.8252', 'epoch': '1.452'}
{'paper_align_label_loss': '1.625e-05', 'paper_align_reason_loss': '0.7131', 'epoch': '1.452'}
{'paper_align_label_loss': '6.691e-06', 'paper_align_reason_loss': '0.7973', 'epoch': '1.452'}
{'paper_align_label_loss': '9.738e-06', 'paper_align_reason_loss': '0.7047', 'epoch': '1.461'}
{'paper_align_label_loss': '1.389e-05', 'paper_align_reason_loss': '1.057', 'epoch': '1.461'}
{'paper_align_label_loss': '7.681e-06', 'paper_align_reason_loss': '0.954', 'epoch': '1.461'}
{'paper_align_label_loss': '5.618e-06', 'paper_align_reason_loss': '0.6596', 'epoch': '1.461'}
{'paper_align_label_loss': '2.181e-05', 'paper_align_reason_loss': '0.8309', 'epoch': '1.471'}
{'paper_align_label_loss': '5.662e-06', 'paper_align_reason_loss': '0.5616', 'epoch': '1.471'}
{'paper_align_label_loss': '7.182e-06', 'paper_align_reason_loss': '0.8132', 'epoch': '1.471'}
{'paper_align_label_loss': '5.901e-06', 'paper_align_reason_loss': '0.6754', 'epoch': '1.471'}
{'paper_align_label_loss': '3.045e-05', 'paper_align_reason_loss': '0.7735', 'epoch': '1.48'}
{'paper_align_label_loss': '4.277e-06', 'paper_align_reason_loss': '0.9522', 'epoch': '1.48'}
{'paper_align_label_loss': '4.224e-06', 'paper_align_reason_loss': '0.6701', 'epoch': '1.48'}
{'paper_align_label_loss': '1.606e-05', 'paper_align_reason_loss': '0.9504', 'epoch': '1.48'}
{'paper_align_label_loss': '5.953e-06', 'paper_align_reason_loss': '0.6042', 'epoch': '1.489'}
{'paper_align_label_loss': '1.068e-05', 'paper_align_reason_loss': '0.9133', 'epoch': '1.489'}
{'paper_align_label_loss': '1.577e-05', 'paper_align_reason_loss': '0.7738', 'epoch': '1.489'}
{'paper_align_label_loss': '1.477e-05', 'paper_align_reason_loss': '0.6693', 'epoch': '1.489'}
{'loss': '1.583', 'grad_norm': '2.95', 'learning_rate': '5.328e-05', 'epoch': '1.499'}
{'paper_align_label_loss': '1.001e-05', 'paper_align_reason_loss': '0.7717', 'epoch': '1.499'}
{'paper_align_label_loss': '3.075e-05', 'paper_align_reason_loss': '0.5718', 'epoch': '1.499'}
{'paper_align_label_loss': '9.312e-05', 'paper_align_reason_loss': '0.7724', 'epoch': '1.499'}
{'paper_align_label_loss': '6.854e-06', 'paper_align_reason_loss': '0.9592', 'epoch': '1.499'}
{'paper_align_label_loss': '8.061e-06', 'paper_align_reason_loss': '0.8321', 'epoch': '1.508'}
{'paper_align_label_loss': '1.159e-05', 'paper_align_reason_loss': '0.8826', 'epoch': '1.508'}
{'paper_align_label_loss': '5.312e-06', 'paper_align_reason_loss': '0.883', 'epoch': '1.508'}
{'paper_align_label_loss': '2.706e-05', 'paper_align_reason_loss': '0.7252', 'epoch': '1.508'}
{'paper_align_label_loss': '6.638e-06', 'paper_align_reason_loss': '0.7907', 'epoch': '1.518'}
{'paper_align_label_loss': '1.58e-05', 'paper_align_reason_loss': '0.7512', 'epoch': '1.518'}
{'paper_align_label_loss': '8.009e-06', 'paper_align_reason_loss': '0.9923', 'epoch': '1.518'}
{'paper_align_label_loss': '6.4e-06', 'paper_align_reason_loss': '0.6561', 'epoch': '1.518'}
{'paper_align_label_loss': '1.252e-05', 'paper_align_reason_loss': '0.852', 'epoch': '1.527'}
{'paper_align_label_loss': '8.888e-06', 'paper_align_reason_loss': '0.8242', 'epoch': '1.527'}
{'paper_align_label_loss': '3.993e-06', 'paper_align_reason_loss': '0.8849', 'epoch': '1.527'}
{'paper_align_label_loss': '6.311e-06', 'paper_align_reason_loss': '0.8623', 'epoch': '1.527'}
{'paper_align_label_loss': '6.519e-06', 'paper_align_reason_loss': '0.576', 'epoch': '1.536'}
{'paper_align_label_loss': '1.573e-05', 'paper_align_reason_loss': '0.8436', 'epoch': '1.536'}
{'paper_align_label_loss': '1.091e-05', 'paper_align_reason_loss': '0.9405', 'epoch': '1.536'}
{'paper_align_label_loss': '4.105e-05', 'paper_align_reason_loss': '0.7613', 'epoch': '1.536'}
{'paper_align_label_loss': '6.452e-06', 'paper_align_reason_loss': '0.7233', 'epoch': '1.546'}
{'paper_align_label_loss': '6.43e-06', 'paper_align_reason_loss': '0.8643', 'epoch': '1.546'}
{'paper_align_label_loss': '6.27e-05', 'paper_align_reason_loss': '0.9691', 'epoch': '1.546'}
{'paper_align_label_loss': '4.984e-06', 'paper_align_reason_loss': '0.6995', 'epoch': '1.546'}
{'paper_align_label_loss': '6.035e-06', 'paper_align_reason_loss': '0.7995', 'epoch': '1.555'}
{'paper_align_label_loss': '5.625e-06', 'paper_align_reason_loss': '0.8072', 'epoch': '1.555'}
{'paper_align_label_loss': '5.007e-06', 'paper_align_reason_loss': '0.7521', 'epoch': '1.555'}
{'paper_align_label_loss': '6.147e-06', 'paper_align_reason_loss': '0.8498', 'epoch': '1.555'}
{'paper_align_label_loss': '1.05e-05', 'paper_align_reason_loss': '0.4561', 'epoch': '1.565'}
{'paper_align_label_loss': '1.068e-05', 'paper_align_reason_loss': '0.6855', 'epoch': '1.565'}
{'paper_align_label_loss': '6.624e-06', 'paper_align_reason_loss': '0.7574', 'epoch': '1.565'}
{'paper_align_label_loss': '2.724e-05', 'paper_align_reason_loss': '0.6678', 'epoch': '1.565'}
{'paper_align_label_loss': '6.996e-06', 'paper_align_reason_loss': '0.9626', 'epoch': '1.574'}
{'paper_align_label_loss': '5.573e-06', 'paper_align_reason_loss': '0.8236', 'epoch': '1.574'}
{'paper_align_label_loss': '1.062e-05', 'paper_align_reason_loss': '0.564', 'epoch': '1.574'}
{'paper_align_label_loss': '6.624e-06', 'paper_align_reason_loss': '0.7054', 'epoch': '1.574'}

 53%|█████▎    | 169/321 [08:14<07:05,  2.80s/it]2026-09-22 05:00:26,789 INFO [rw_gen_positioning_type|paper_align|Qwen3-0.6B] step=169 epoch=1.5835

                                                 

 53%|█████▎    | 169/321 [08:15<07:05,  2.80s/it]2026-09-22 05:00:27,455 INFO [rw_gen_positioning_type|paper_align|Qwen3-0.6B] step=169 epoch=1.5835

                                                 

 53%|█████▎    | 169/321 [08:15<07:05,  2.80s/it]2026-09-22 05:00:28,108 INFO [rw_gen_positioning_type|paper_align|Qwen3-0.6B] step=169 epoch=1.5835

                                                 

 53%|█████▎    | 169/321 [08:16<07:05,  2.80s/it]
 53%|█████▎    | 170/321 [08:17<07:01,  2.79s/it]2026-09-22 05:00:28,730 INFO [rw_gen_positioning_type|paper_align|Qwen3-0.6B] step=170 loss=1.5869 learning_rate=0.0000 epoch=1.5929

                                                 

 53%|█████▎    | 170/321 [08:17<07:01,  2.79s/it]2026-09-22 05:00:29,255 INFO [rw_gen_positioning_type|paper_align|Qwen3-0.6B] step=170 epoch=1.5929

                                                 

 53%|█████▎    | 170/321 [08:17<07:01,  2.79s/it]2026-09-22 05:00:29,995 INFO [rw_gen_positioning_type|paper_align|Qwen3-0.6B] step=170 epoch=1.5929

                                                 

 53%|█████▎    | 170/321 [08:18<07:01,  2.79s/it]2026-09-22 05:00:30,728 INFO [rw_gen_positioning_type|paper_align|Qwen3-0.6B] step=170 epoch=1.5929

                                                 

 53%|█████▎    | 170/321 [08:19<07:01,  2.79s/it]2026-09-22 05:00:31,383 INFO [rw_gen_positioning_type|paper_align|Qwen3-0.6B] step=170 epoch=1.5929

                                                 

 53%|█████▎    | 170/321 [08:19<07:01,  2.79s/it]
 53%|█████▎    | 171/321 [08:20<07:10,  2.87s/it]2026-09-22 05:00:32,025 INFO [rw_gen_positioning_type|paper_align|Qwen3-0.6B] step=171 epoch=1.6024

                                                 

 53%|█████▎    | 171/321 [08:20<07:10,  2.87s/it]2026-09-22 05:00:32,747 INFO [rw_gen_positioning_type|paper_align|Qwen3-0.6B] step=171 epoch=1.6024

                                                 

 53%|█████▎    | 171/321 [08:21<07:10,  2.87s/it]2026-09-22 05:00:33,386 INFO [rw_gen_positioning_type|paper_align|Qwen3-0.6B] step=171 epoch=1.6024

                                                 

 53%|█████▎    | 171/321 [08:21<07:10,  2.87s/it]2026-09-22 05:00:34,275 INFO [rw_gen_positioning_type|paper_align|Qwen3-0.6B] step=171 epoch=1.6024

                                                 

 53%|█████▎    | 171/321 [08:22<07:10,  2.87s/it]
 54%|█████▎    | 172/321 [08:23<07:08,  2.88s/it]2026-09-22 05:00:34,901 INFO [rw_gen_positioning_type|paper_align|Qwen3-0.6B] step=172 epoch=1.6118

                                                 

 54%|█████▎    | 172/321 [08:23<07:08,  2.88s/it]2026-09-22 05:00:35,493 INFO [rw_gen_positioning_type|paper_align|Qwen3-0.6B] step=172 epoch=1.6118

                                                 

 54%|█████▎    | 172/321 [08:23<07:08,  2.88s/it]2026-09-22 05:00:36,225 INFO [rw_gen_positioning_type|paper_align|Qwen3-0.6B] step=172 epoch=1.6118

                                                 

 54%|█████▎    | 172/321 [08:24<07:08,  2.88s/it]2026-09-22 05:00:36,858 INFO [rw_gen_positioning_type|paper_align|Qwen3-0.6B] step=172 epoch=1.6118

                                                 

 54%|█████▎    | 172/321 [08:25<07:08,  2.88s/it]
 54%|█████▍    | 173/321 [08:25<06:54,  2.80s/it]2026-09-22 05:00:37,541 INFO [rw_gen_positioning_type|paper_align|Qwen3-0.6B] step=173 epoch=1.6212

                                                 

 54%|█████▍    | 173/321 [08:26<06:54,  2.80s/it]2026-09-22 05:00:38,126 INFO [rw_gen_positioning_type|paper_align|Qwen3-0.6B] step=173 epoch=1.6212

                                                 

 54%|█████▍    | 173/321 [08:26<06:54,  2.80s/it]2026-09-22 05:00:38,830 INFO [rw_gen_positioning_type|paper_align|Qwen3-0.6B] step=173 epoch=1.6212

                                                 

 54%|█████▍    | 173/321 [08:27<06:54,  2.80s/it]2026-09-22 05:00:39,501 INFO [rw_gen_positioning_type|paper_align|Qwen3-0.6B] step=173 epoch=1.6212

                                                 

 54%|█████▍    | 173/321 [08:27<06:54,  2.80s/it]
 54%|█████▍    | 174/321 [08:28<06:49,  2.79s/it]2026-09-22 05:00:40,321 INFO [rw_gen_positioning_type|paper_align|Qwen3-0.6B] step=174 epoch=1.6306

                                                 

 54%|█████▍    | 174/321 [08:28<06:49,  2.79s/it]2026-09-22 05:00:41,143 INFO [rw_gen_positioning_type|paper_align|Qwen3-0.6B] step=174 epoch=1.6306

                                                 

 54%|█████▍    | 174/321 [08:29<06:49,  2.79s/it]2026-09-22 05:00:41,853 INFO [rw_gen_positioning_type|paper_align|Qwen3-0.6B] step=174 epoch=1.6306

                                                 

 54%|█████▍    | 174/321 [08:30<06:49,  2.79s/it]2026-09-22 05:00:42,564 INFO [rw_gen_positioning_type|paper_align|Qwen3-0.6B] step=174 epoch=1.6306

                                                 

 54%|█████▍    | 174/321 [08:31<06:49,  2.79s/it]
 55%|█████▍    | 175/321 [08:31<06:52,  2.83s/it]2026-09-22 05:00:43,225 INFO [rw_gen_positioning_type|paper_align|Qwen3-0.6B] step=175 epoch=1.6400

                                                 

 55%|█████▍    | 175/321 [08:31<06:52,  2.83s/it]2026-09-22 05:00:44,144 INFO [rw_gen_positioning_type|paper_align|Qwen3-0.6B] step=175 epoch=1.6400

                                                 

 55%|█████▍    | 175/321 [08:32<06:52,  2.83s/it]2026-09-22 05:00:44,781 INFO [rw_gen_positioning_type|paper_align|Qwen3-0.6B] step=175 epoch=1.6400

                                                 

 55%|█████▍    | 175/321 [08:33<06:52,  2.83s/it]2026-09-22 05:00:45,487 INFO [rw_gen_positioning_type|paper_align|Qwen3-0.6B] step=175 epoch=1.6400

                                                 

 55%|█████▍    | 175/321 [08:33<06:52,  2.83s/it]
 55%|█████▍    | 176/321 [08:34<06:58,  2.88s/it]2026-09-22 05:00:46,244 INFO [rw_gen_positioning_type|paper_align|Qwen3-0.6B] step=176 epoch=1.6494

                                                 

 55%|█████▍    | 176/321 [08:34<06:58,  2.88s/it]2026-09-22 05:00:46,980 INFO [rw_gen_positioning_type|paper_align|Qwen3-0.6B] step=176 epoch=1.6494

                                                 

 55%|█████▍    | 176/321 [08:35<06:58,  2.88s/it]2026-09-22 05:00:47,634 INFO [rw_gen_positioning_type|paper_align|Qwen3-0.6B] step=176 epoch=1.6494

                                                 

 55%|█████▍    | 176/321 [08:36<06:58,  2.88s/it]2026-09-22 05:00:48,310 INFO [rw_gen_positioning_type|paper_align|Qwen3-0.6B] step=176 epoch=1.6494

                                                 

 55%|█████▍    | 176/321 [08:36<06:58,  2.88s/it]
 55%|█████▌    | 177/321 [08:37<06:49,  2.84s/it]2026-09-22 05:00:48,974 INFO [rw_gen_positioning_type|paper_align|Qwen3-0.6B] step=177 epoch=1.6588

                                                 

 55%|█████▌    | 177/321 [08:37<06:49,  2.84s/it]2026-09-22 05:00:49,567 INFO [rw_gen_positioning_type|paper_align|Qwen3-0.6B] step=177 epoch=1.6588

                                                 

 55%|█████▌    | 177/321 [08:38<06:49,  2.84s/it]2026-09-22 05:00:50,230 INFO [rw_gen_positioning_type|paper_align|Qwen3-0.6B] step=177 epoch=1.6588

                                                 

 55%|█████▌    | 177/321 [08:38<06:49,  2.84s/it]2026-09-22 05:00:50,823 INFO [rw_gen_positioning_type|paper_align|Qwen3-0.6B] step=177 epoch=1.6588

                                                 

 55%|█████▌    | 177/321 [08:39<06:49,  2.84s/it]
 55%|█████▌    | 178/321 [08:39<06:33,  2.75s/it]2026-09-22 05:00:51,533 INFO [rw_gen_positioning_type|paper_align|Qwen3-0.6B] step=178 epoch=1.6682

                                                 

 55%|█████▌    | 178/321 [08:40<06:33,  2.75s/it]2026-09-22 05:00:52,161 INFO [rw_gen_positioning_type|paper_align|Qwen3-0.6B] step=178 epoch=1.6682

                                                 

 55%|█████▌    | 178/321 [08:40<06:33,  2.75s/it]2026-09-22 05:00:52,888 INFO [rw_gen_positioning_type|paper_align|Qwen3-0.6B] step=178 epoch=1.6682

                                                 

 55%|█████▌    | 178/321 [08:41<06:33,  2.75s/it]2026-09-22 05:00:53,520 INFO [rw_gen_positioning_type|paper_align|Qwen3-0.6B] step=178 epoch=1.6682

                                                 

 55%|█████▌    | 178/321 [08:41<06:33,  2.75s/it]
 56%|█████▌    | 179/321 [08:42<06:28,  2.73s/it]2026-09-22 05:00:54,216 INFO [rw_gen_positioning_type|paper_align|Qwen3-0.6B] step=179 epoch=1.6776

                                                 

 56%|█████▌    | 179/321 [08:42<06:28,  2.73s/it]2026-09-22 05:00:54,891 INFO [rw_gen_positioning_type|paper_align|Qwen3-0.6B] step=179 epoch=1.6776

                                                 

 56%|█████▌    | 179/321 [08:43<06:28,  2.73s/it]2026-09-22 05:00:55,631 INFO [rw_gen_positioning_type|paper_align|Qwen3-0.6B] step=179 epoch=1.6776

                                                 

 56%|█████▌    | 179/321 [08:44<06:28,  2.73s/it]2026-09-22 05:00:56,293 INFO [rw_gen_positioning_type|paper_align|Qwen3-0.6B] step=179 epoch=1.6776

                                                 

 56%|█████▌    | 179/321 [08:44<06:28,  2.73s/it]
 56%|█████▌    | 180/321 [08:45<06:26,  2.74s/it]2026-09-22 05:00:56,731 INFO [rw_gen_positioning_type|paper_align|Qwen3-0.6B] step=180 loss=1.5068 learning_rate=0.0000 epoch=1.6871

                                                 

 56%|█████▌    | 180/321 [08:45<06:26,  2.74s/it]2026-09-22 05:00:57,255 INFO [rw_gen_positioning_type|paper_align|Qwen3-0.6B] step=180 epoch=1.6871

                                                 

 56%|█████▌    | 180/321 [08:45<06:26,  2.74s/it]2026-09-22 05:00:57,962 INFO [rw_gen_positioning_type|paper_align|Qwen3-0.6B] step=180 epoch=1.6871

                                                 

 56%|█████▌    | 180/321 [08:46<06:26,  2.74s/it]2026-09-22 05:00:58,662 INFO [rw_gen_positioning_type|paper_align|Qwen3-0.6B] step=180 epoch=1.6871

                                                 

 56%|█████▌    | 180/321 [08:47<06:26,  2.74s/it]2026-09-22 05:00:59,373 INFO [rw_gen_positioning_type|paper_align|Qwen3-0.6B] step=180 epoch=1.6871

                                                 

 56%|█████▌    | 180/321 [08:47<06:26,  2.74s/it]
 56%|█████▋    | 181/321 [08:48<06:44,  2.89s/it]2026-09-22 05:01:00,206 INFO [rw_gen_positioning_type|paper_align|Qwen3-0.6B] step=181 epoch=1.6965

                                                 

 56%|█████▋    | 181/321 [08:48<06:44,  2.89s/it]2026-09-22 05:01:00,867 INFO [rw_gen_positioning_type|paper_align|Qwen3-0.6B] step=181 epoch=1.6965

                                                 

 56%|█████▋    | 181/321 [08:49<06:44,  2.89s/it]2026-09-22 05:01:01,622 INFO [rw_gen_positioning_type|paper_align|Qwen3-0.6B] step=181 epoch=1.6965

                                                 

 56%|█████▋    | 181/321 [08:50<06:44,  2.89s/it]2026-09-22 05:01:02,370 INFO [rw_gen_positioning_type|paper_align|Qwen3-0.6B] step=181 epoch=1.6965

                                                 

 56%|█████▋    | 181/321 [08:50<06:44,  2.89s/it]
 57%|█████▋    | 182/321 [08:51<06:42,  2.90s/it]2026-09-22 05:01:03,132 INFO [rw_gen_positioning_type|paper_align|Qwen3-0.6B] step=182 epoch=1.7059

                                                 

 57%|█████▋    | 182/321 [08:51<06:42,  2.90s/it]2026-09-22 05:01:03,827 INFO [rw_gen_positioning_type|paper_align|Qwen3-0.6B] step=182 epoch=1.7059

                                                 

 57%|█████▋    | 182/321 [08:52<06:42,  2.90s/it]2026-09-22 05:01:04,488 INFO [rw_gen_positioning_type|paper_align|Qwen3-0.6B] step=182 epoch=1.7059

                                                 

 57%|█████▋    | 182/321 [08:52<06:42,  2.90s/it]2026-09-22 05:01:05,174 INFO [rw_gen_positioning_type|paper_align|Qwen3-0.6B] step=182 epoch=1.7059

                                                 

 57%|█████▋    | 182/321 [08:53<06:42,  2.90s/it]
 57%|█████▋    | 183/321 [08:54<06:33,  2.85s/it]2026-09-22 05:01:05,867 INFO [rw_gen_positioning_type|paper_align|Qwen3-0.6B] step=183 epoch=1.7153

                                                 

 57%|█████▋    | 183/321 [08:54<06:33,  2.85s/it]2026-09-22 05:01:06,587 INFO [rw_gen_positioning_type|paper_align|Qwen3-0.6B] step=183 epoch=1.7153

                                                 

 57%|█████▋    | 183/321 [08:55<06:33,  2.85s/it]2026-09-22 05:01:07,183 INFO [rw_gen_positioning_type|paper_align|Qwen3-0.6B] step=183 epoch=1.7153

                                                 

 57%|█████▋    | 183/321 [08:55<06:33,  2.85s/it]2026-09-22 05:01:07,848 INFO [rw_gen_positioning_type|paper_align|Qwen3-0.6B] step=183 epoch=1.7153

                                                 

 57%|█████▋    | 183/321 [08:56<06:33,  2.85s/it]
 57%|█████▋    | 184/321 [08:56<06:27,  2.83s/it]2026-09-22 05:01:08,642 INFO [rw_gen_positioning_type|paper_align|Qwen3-0.6B] step=184 epoch=1.7247

                                                 

 57%|█████▋    | 184/321 [08:57<06:27,  2.83s/it]2026-09-22 05:01:09,271 INFO [rw_gen_positioning_type|paper_align|Qwen3-0.6B] step=184 epoch=1.7247

                                                 

 57%|█████▋    | 184/321 [08:57<06:27,  2.83s/it]2026-09-22 05:01:09,932 INFO [rw_gen_positioning_type|paper_align|Qwen3-0.6B] step=184 epoch=1.7247

                                                 

 57%|█████▋    | 184/321 [08:58<06:27,  2.83s/it]2026-09-22 05:01:10,803 INFO [rw_gen_positioning_type|paper_align|Qwen3-0.6B] step=184 epoch=1.7247

                                                 

 57%|█████▋    | 184/321 [08:59<06:27,  2.83s/it]
 58%|█████▊    | 185/321 [08:59<06:25,  2.84s/it]2026-09-22 05:01:11,808 INFO [rw_gen_positioning_type|paper_align|Qwen3-0.6B] step=185 epoch=1.7341

                                                 

 58%|█████▊    | 185/321 [09:00<06:25,  2.84s/it]2026-09-22 05:01:12,468 INFO [rw_gen_positioning_type|paper_align|Qwen3-0.6B] step=185 epoch=1.7341

                                                 

 58%|█████▊    | 185/321 [09:00<06:25,  2.84s/it]2026-09-22 05:01:13,121 INFO [rw_gen_positioning_type|paper_align|Qwen3-0.6B] step=185 epoch=1.7341

                                                 

 58%|█████▊    | 185/321 [09:01<06:25,  2.84s/it]2026-09-22 05:01:13,882 INFO [rw_gen_positioning_type|paper_align|Qwen3-0.6B] step=185 epoch=1.7341

                                                 

 58%|█████▊    | 185/321 [09:02<06:25,  2.84s/it]
 58%|█████▊    | 186/321 [09:02<06:40,  2.97s/it]2026-09-22 05:01:14,759 INFO [rw_gen_positioning_type|paper_align|Qwen3-0.6B] step=186 epoch=1.7435

                                                 

 58%|█████▊    | 186/321 [09:03<06:40,  2.97s/it]2026-09-22 05:01:15,403 INFO [rw_gen_positioning_type|paper_align|Qwen3-0.6B] step=186 epoch=1.7435

                                                 

 58%|█████▊    | 186/321 [09:03<06:40,  2.97s/it]2026-09-22 05:01:16,285 INFO [rw_gen_positioning_type|paper_align|Qwen3-0.6B] step=186 epoch=1.7435

                                                 

 58%|█████▊    | 186/321 [09:04<06:40,  2.97s/it]2026-09-22 05:01:16,854 INFO [rw_gen_positioning_type|paper_align|Qwen3-0.6B] step=186 epoch=1.7435

                                                 

 58%|█████▊    | 186/321 [09:05<06:40,  2.97s/it]
 58%|█████▊    | 187/321 [09:05<06:29,  2.91s/it]2026-09-22 05:01:17,536 INFO [rw_gen_positioning_type|paper_align|Qwen3-0.6B] step=187 epoch=1.7529

                                                 

 58%|█████▊    | 187/321 [09:06<06:29,  2.91s/it]2026-09-22 05:01:18,111 INFO [rw_gen_positioning_type|paper_align|Qwen3-0.6B] step=187 epoch=1.7529

                                                 

 58%|█████▊    | 187/321 [09:06<06:29,  2.91s/it]2026-09-22 05:01:18,811 INFO [rw_gen_positioning_type|paper_align|Qwen3-0.6B] step=187 epoch=1.7529

                                                 

 58%|█████▊    | 187/321 [09:07<06:29,  2.91s/it]2026-09-22 05:01:19,506 INFO [rw_gen_positioning_type|paper_align|Qwen3-0.6B] step=187 epoch=1.7529

                                                 

 58%|█████▊    | 187/321 [09:07<06:29,  2.91s/it]
 59%|█████▊    | 188/321 [09:08<06:14,  2.81s/it]2026-09-22 05:01:20,132 INFO [rw_gen_positioning_type|paper_align|Qwen3-0.6B] step=188 epoch=1.7624

                                                 

 59%|█████▊    | 188/321 [09:08<06:14,  2.81s/it]2026-09-22 05:01:20,843 INFO [rw_gen_positioning_type|paper_align|Qwen3-0.6B] step=188 epoch=1.7624

                                                 

 59%|█████▊    | 188/321 [09:09<06:14,  2.81s/it]2026-09-22 05:01:21,482 INFO [rw_gen_positioning_type|paper_align|Qwen3-0.6B] step=188 epoch=1.7624

                                                 

 59%|█████▊    | 188/321 [09:09<06:14,  2.81s/it]2026-09-22 05:01:22,065 INFO [rw_gen_positioning_type|paper_align|Qwen3-0.6B] step=188 epoch=1.7624

                                                 

 59%|█████▊    | 188/321 [09:10<06:14,  2.81s/it]
 59%|█████▉    | 189/321 [09:10<06:03,  2.76s/it]2026-09-22 05:01:22,771 INFO [rw_gen_positioning_type|paper_align|Qwen3-0.6B] step=189 epoch=1.7718

                                                 

 59%|█████▉    | 189/321 [09:11<06:03,  2.76s/it]2026-09-22 05:01:23,372 INFO [rw_gen_positioning_type|paper_align|Qwen3-0.6B] step=189 epoch=1.7718

                                                 

 59%|█████▉    | 189/321 [09:11<06:03,  2.76s/it]2026-09-22 05:01:24,061 INFO [rw_gen_positioning_type|paper_align|Qwen3-0.6B] step=189 epoch=1.7718

                                                 

 59%|█████▉    | 189/321 [09:12<06:03,  2.76s/it]2026-09-22 05:01:24,669 INFO [rw_gen_positioning_type|paper_align|Qwen3-0.6B] step=189 epoch=1.7718

                                                 

 59%|█████▉    | 189/321 [09:13<06:03,  2.76s/it]
 59%|█████▉    | 190/321 [09:13<05:59,  2.74s/it]2026-09-22 05:01:25,221 INFO [rw_gen_positioning_type|paper_align|Qwen3-0.6B] step=190 loss=1.5048 learning_rate=0.0000 epoch=1.7812

                                                 
{'paper_align_label_loss': '1.089e-05', 'paper_align_reason_loss': '0.9091', 'epoch': '1.584'}
{'paper_align_label_loss': '6.691e-06', 'paper_align_reason_loss': '1.027', 'epoch': '1.584'}
{'paper_align_label_loss': '0.0002777', 'paper_align_reason_loss': '0.7338', 'epoch': '1.584'}
{'paper_align_label_loss': '1.96e-05', 'paper_align_reason_loss': '0.8463', 'epoch': '1.584'}
{'loss': '1.587', 'grad_norm': '2.957', 'learning_rate': '4.823e-05', 'epoch': '1.593'}
{'paper_align_label_loss': '1.077e-05', 'paper_align_reason_loss': '0.7688', 'epoch': '1.593'}
{'paper_align_label_loss': '3.43e-05', 'paper_align_reason_loss': '0.8361', 'epoch': '1.593'}
{'paper_align_label_loss': '1.023e-05', 'paper_align_reason_loss': '0.8856', 'epoch': '1.593'}
{'paper_align_label_loss': '3.822e-06', 'paper_align_reason_loss': '0.5914', 'epoch': '1.593'}
{'paper_align_label_loss': '1.618e-05', 'paper_align_reason_loss': '0.6079', 'epoch': '1.602'}
{'paper_align_label_loss': '4.001e-06', 'paper_align_reason_loss': '0.8459', 'epoch': '1.602'}
{'paper_align_label_loss': '0.0001122', 'paper_align_reason_loss': '0.7744', 'epoch': '1.602'}
{'paper_align_label_loss': '5.491e-06', 'paper_align_reason_loss': '0.8275', 'epoch': '1.602'}
{'paper_align_label_loss': '7.763e-05', 'paper_align_reason_loss': '0.7643', 'epoch': '1.612'}
{'paper_align_label_loss': '6.313e-05', 'paper_align_reason_loss': '0.7171', 'epoch': '1.612'}
{'paper_align_label_loss': '6.705e-06', 'paper_align_reason_loss': '0.9189', 'epoch': '1.612'}
{'paper_align_label_loss': '7.793e-06', 'paper_align_reason_loss': '0.8941', 'epoch': '1.612'}
{'paper_align_label_loss': '6.191e-06', 'paper_align_reason_loss': '0.5514', 'epoch': '1.621'}
{'paper_align_label_loss': '7.577e-06', 'paper_align_reason_loss': '0.8135', 'epoch': '1.621'}
{'paper_align_label_loss': '7.763e-06', 'paper_align_reason_loss': '0.8377', 'epoch': '1.621'}
{'paper_align_label_loss': '9.164e-05', 'paper_align_reason_loss': '0.8181', 'epoch': '1.621'}
{'paper_align_label_loss': '7.167e-06', 'paper_align_reason_loss': '0.6184', 'epoch': '1.631'}
{'paper_align_label_loss': '8.069e-06', 'paper_align_reason_loss': '1.002', 'epoch': '1.631'}
{'paper_align_label_loss': '0.0003071', 'paper_align_reason_loss': '0.756', 'epoch': '1.631'}
{'paper_align_label_loss': '1.895e-05', 'paper_align_reason_loss': '0.6059', 'epoch': '1.631'}
{'paper_align_label_loss': '6.475e-06', 'paper_align_reason_loss': '0.8001', 'epoch': '1.64'}
{'paper_align_label_loss': '1.178e-05', 'paper_align_reason_loss': '0.651', 'epoch': '1.64'}
{'paper_align_label_loss': '7.324e-06', 'paper_align_reason_loss': '0.6072', 'epoch': '1.64'}
{'paper_align_label_loss': '8.456e-06', 'paper_align_reason_loss': '0.8543', 'epoch': '1.64'}
{'paper_align_label_loss': '2.889e-05', 'paper_align_reason_loss': '0.8213', 'epoch': '1.649'}
{'paper_align_label_loss': '1.69e-05', 'paper_align_reason_loss': '0.6948', 'epoch': '1.649'}
{'paper_align_label_loss': '1.538e-05', 'paper_align_reason_loss': '0.5501', 'epoch': '1.649'}
{'paper_align_label_loss': '6.586e-05', 'paper_align_reason_loss': '0.5533', 'epoch': '1.649'}
{'paper_align_label_loss': '1.198e-05', 'paper_align_reason_loss': '0.6648', 'epoch': '1.659'}
{'paper_align_label_loss': '2.073e-05', 'paper_align_reason_loss': '0.8655', 'epoch': '1.659'}
{'paper_align_label_loss': '4.642e-06', 'paper_align_reason_loss': '0.7697', 'epoch': '1.659'}
{'paper_align_label_loss': '9.596e-06', 'paper_align_reason_loss': '0.7886', 'epoch': '1.659'}
{'paper_align_label_loss': '7.726e-06', 'paper_align_reason_loss': '0.7424', 'epoch': '1.668'}
{'paper_align_label_loss': '1.595e-05', 'paper_align_reason_loss': '0.7679', 'epoch': '1.668'}
{'paper_align_label_loss': '7.696e-06', 'paper_align_reason_loss': '0.6831', 'epoch': '1.668'}
{'paper_align_label_loss': '3.127e-05', 'paper_align_reason_loss': '0.8396', 'epoch': '1.668'}
{'paper_align_label_loss': '2.195e-05', 'paper_align_reason_loss': '0.6167', 'epoch': '1.678'}
{'paper_align_label_loss': '8.672e-06', 'paper_align_reason_loss': '0.9015', 'epoch': '1.678'}
{'paper_align_label_loss': '1.4e-05', 'paper_align_reason_loss': '0.7379', 'epoch': '1.678'}
{'paper_align_label_loss': '7.324e-05', 'paper_align_reason_loss': '0.7894', 'epoch': '1.678'}
{'loss': '1.507', 'grad_norm': '3.025', 'learning_rate': '4.32e-05', 'epoch': '1.687'}
{'paper_align_label_loss': '1.693e-05', 'paper_align_reason_loss': '0.9177', 'epoch': '1.687'}
{'paper_align_label_loss': '4.47e-06', 'paper_align_reason_loss': '0.9954', 'epoch': '1.687'}
{'paper_align_label_loss': '1.017e-05', 'paper_align_reason_loss': '0.6389', 'epoch': '1.687'}
{'paper_align_label_loss': '2.081e-05', 'paper_align_reason_loss': '0.6075', 'epoch': '1.687'}
{'paper_align_label_loss': '5.343e-05', 'paper_align_reason_loss': '0.8892', 'epoch': '1.696'}
{'paper_align_label_loss': '4.41e-05', 'paper_align_reason_loss': '0.7123', 'epoch': '1.696'}
{'paper_align_label_loss': '0.0002988', 'paper_align_reason_loss': '0.7401', 'epoch': '1.696'}
{'paper_align_label_loss': '0.0001833', 'paper_align_reason_loss': '0.8455', 'epoch': '1.696'}
{'paper_align_label_loss': '1.976e-05', 'paper_align_reason_loss': '0.6882', 'epoch': '1.706'}
{'paper_align_label_loss': '8.702e-06', 'paper_align_reason_loss': '0.5924', 'epoch': '1.706'}
{'paper_align_label_loss': '8.277e-06', 'paper_align_reason_loss': '0.7033', 'epoch': '1.706'}
{'paper_align_label_loss': '4.169e-05', 'paper_align_reason_loss': '0.5917', 'epoch': '1.706'}
{'paper_align_label_loss': '1.478e-05', 'paper_align_reason_loss': '0.7692', 'epoch': '1.715'}
{'paper_align_label_loss': '1.423e-05', 'paper_align_reason_loss': '0.7117', 'epoch': '1.715'}
{'paper_align_label_loss': '1.801e-05', 'paper_align_reason_loss': '0.8004', 'epoch': '1.715'}
{'paper_align_label_loss': '1.354e-05', 'paper_align_reason_loss': '0.8578', 'epoch': '1.715'}
{'paper_align_label_loss': '1.127e-05', 'paper_align_reason_loss': '0.822', 'epoch': '1.725'}
{'paper_align_label_loss': '1.716e-05', 'paper_align_reason_loss': '0.7661', 'epoch': '1.725'}
{'paper_align_label_loss': '1.375e-05', 'paper_align_reason_loss': '0.8186', 'epoch': '1.725'}
{'paper_align_label_loss': '5.536e-06', 'paper_align_reason_loss': '0.6701', 'epoch': '1.725'}
{'paper_align_label_loss': '9.395e-06', 'paper_align_reason_loss': '0.9649', 'epoch': '1.734'}
{'paper_align_label_loss': '1.59e-05', 'paper_align_reason_loss': '0.7288', 'epoch': '1.734'}
{'paper_align_label_loss': '1.105e-05', 'paper_align_reason_loss': '0.8223', 'epoch': '1.734'}
{'paper_align_label_loss': '1.215e-05', 'paper_align_reason_loss': '0.7351', 'epoch': '1.734'}
{'paper_align_label_loss': '4.135e-05', 'paper_align_reason_loss': '0.7407', 'epoch': '1.744'}
{'paper_align_label_loss': '4.575e-05', 'paper_align_reason_loss': '0.9205', 'epoch': '1.744'}
{'paper_align_label_loss': '3.329e-05', 'paper_align_reason_loss': '0.7224', 'epoch': '1.744'}
{'paper_align_label_loss': '6.095e-06', 'paper_align_reason_loss': '0.878', 'epoch': '1.744'}
{'paper_align_label_loss': '2.707e-05', 'paper_align_reason_loss': '0.8519', 'epoch': '1.753'}
{'paper_align_label_loss': '6.802e-06', 'paper_align_reason_loss': '0.9075', 'epoch': '1.753'}
{'paper_align_label_loss': '9.589e-06', 'paper_align_reason_loss': '0.6928', 'epoch': '1.753'}
{'paper_align_label_loss': '2.449e-05', 'paper_align_reason_loss': '0.6047', 'epoch': '1.753'}
{'paper_align_label_loss': '6.847e-06', 'paper_align_reason_loss': '0.6578', 'epoch': '1.762'}
{'paper_align_label_loss': '2.213e-05', 'paper_align_reason_loss': '0.5348', 'epoch': '1.762'}
{'paper_align_label_loss': '8.576e-06', 'paper_align_reason_loss': '0.7497', 'epoch': '1.762'}
{'paper_align_label_loss': '1.859e-05', 'paper_align_reason_loss': '0.6225', 'epoch': '1.762'}
{'paper_align_label_loss': '9.842e-06', 'paper_align_reason_loss': '0.7507', 'epoch': '1.772'}
{'paper_align_label_loss': '0.0001476', 'paper_align_reason_loss': '0.6429', 'epoch': '1.772'}
{'paper_align_label_loss': '8.136e-06', 'paper_align_reason_loss': '0.6228', 'epoch': '1.772'}
{'paper_align_label_loss': '1.74e-05', 'paper_align_reason_loss': '0.8059', 'epoch': '1.772'}

 59%|█████▉    | 190/321 [09:13<05:59,  2.74s/it]2026-09-22 05:01:25,482 INFO [rw_gen_positioning_type|paper_align|Qwen3-0.6B] step=190 epoch=1.7812

                                                 

 59%|█████▉    | 190/321 [09:13<05:59,  2.74s/it]2026-09-22 05:01:26,482 INFO [rw_gen_positioning_type|paper_align|Qwen3-0.6B] step=190 epoch=1.7812

                                                 

 59%|█████▉    | 190/321 [09:14<05:59,  2.74s/it]2026-09-22 05:01:27,219 INFO [rw_gen_positioning_type|paper_align|Qwen3-0.6B] step=190 epoch=1.7812

                                                 

 59%|█████▉    | 190/321 [09:15<05:59,  2.74s/it]2026-09-22 05:01:28,100 INFO [rw_gen_positioning_type|paper_align|Qwen3-0.6B] step=190 epoch=1.7812

                                                 

 59%|█████▉    | 190/321 [09:16<05:59,  2.74s/it]
 60%|█████▉    | 191/321 [09:17<06:24,  2.96s/it]2026-09-22 05:01:28,942 INFO [rw_gen_positioning_type|paper_align|Qwen3-0.6B] step=191 epoch=1.7906

                                                 

 60%|█████▉    | 191/321 [09:17<06:24,  2.96s/it]2026-09-22 05:01:29,648 INFO [rw_gen_positioning_type|paper_align|Qwen3-0.6B] step=191 epoch=1.7906

                                                 

 60%|█████▉    | 191/321 [09:18<06:24,  2.96s/it]2026-09-22 05:01:30,455 INFO [rw_gen_positioning_type|paper_align|Qwen3-0.6B] step=191 epoch=1.7906

                                                 

 60%|█████▉    | 191/321 [09:18<06:24,  2.96s/it]2026-09-22 05:01:31,475 INFO [rw_gen_positioning_type|paper_align|Qwen3-0.6B] step=191 epoch=1.7906

                                                 

 60%|█████▉    | 191/321 [09:19<06:24,  2.96s/it]
 60%|█████▉    | 192/321 [09:20<06:30,  3.03s/it]2026-09-22 05:01:32,117 INFO [rw_gen_positioning_type|paper_align|Qwen3-0.6B] step=192 epoch=1.8000

                                                 

 60%|█████▉    | 192/321 [09:20<06:30,  3.03s/it]2026-09-22 05:01:32,818 INFO [rw_gen_positioning_type|paper_align|Qwen3-0.6B] step=192 epoch=1.8000

                                                 

 60%|█████▉    | 192/321 [09:21<06:30,  3.03s/it]2026-09-22 05:01:33,509 INFO [rw_gen_positioning_type|paper_align|Qwen3-0.6B] step=192 epoch=1.8000

                                                 

 60%|█████▉    | 192/321 [09:21<06:30,  3.03s/it]2026-09-22 05:01:34,131 INFO [rw_gen_positioning_type|paper_align|Qwen3-0.6B] step=192 epoch=1.8000

                                                 

 60%|█████▉    | 192/321 [09:22<06:30,  3.03s/it]
 60%|██████    | 193/321 [09:23<06:19,  2.96s/it]2026-09-22 05:01:34,925 INFO [rw_gen_positioning_type|paper_align|Qwen3-0.6B] step=193 epoch=1.8094

                                                 

 60%|██████    | 193/321 [09:23<06:19,  2.96s/it]2026-09-22 05:01:35,652 INFO [rw_gen_positioning_type|paper_align|Qwen3-0.6B] step=193 epoch=1.8094

                                                 

 60%|██████    | 193/321 [09:24<06:19,  2.96s/it]2026-09-22 05:01:36,374 INFO [rw_gen_positioning_type|paper_align|Qwen3-0.6B] step=193 epoch=1.8094

                                                 

 60%|██████    | 193/321 [09:24<06:19,  2.96s/it]2026-09-22 05:01:36,993 INFO [rw_gen_positioning_type|paper_align|Qwen3-0.6B] step=193 epoch=1.8094

                                                 

 60%|██████    | 193/321 [09:25<06:19,  2.96s/it]
 60%|██████    | 194/321 [09:26<06:17,  2.97s/it]2026-09-22 05:01:37,912 INFO [rw_gen_positioning_type|paper_align|Qwen3-0.6B] step=194 epoch=1.8188

                                                 

 60%|██████    | 194/321 [09:26<06:17,  2.97s/it]2026-09-22 05:01:38,484 INFO [rw_gen_positioning_type|paper_align|Qwen3-0.6B] step=194 epoch=1.8188

                                                 

 60%|██████    | 194/321 [09:26<06:17,  2.97s/it]2026-09-22 05:01:39,102 INFO [rw_gen_positioning_type|paper_align|Qwen3-0.6B] step=194 epoch=1.8188

                                                 

 60%|██████    | 194/321 [09:27<06:17,  2.97s/it]2026-09-22 05:01:39,772 INFO [rw_gen_positioning_type|paper_align|Qwen3-0.6B] step=194 epoch=1.8188

                                                 

 60%|██████    | 194/321 [09:28<06:17,  2.97s/it]
 61%|██████    | 195/321 [09:28<06:01,  2.87s/it]2026-09-22 05:01:40,836 INFO [rw_gen_positioning_type|paper_align|Qwen3-0.6B] step=195 epoch=1.8282

                                                 

 61%|██████    | 195/321 [09:29<06:01,  2.87s/it]2026-09-22 05:01:41,575 INFO [rw_gen_positioning_type|paper_align|Qwen3-0.6B] step=195 epoch=1.8282

                                                 

 61%|██████    | 195/321 [09:30<06:01,  2.87s/it]2026-09-22 05:01:42,173 INFO [rw_gen_positioning_type|paper_align|Qwen3-0.6B] step=195 epoch=1.8282

                                                 

 61%|██████    | 195/321 [09:30<06:01,  2.87s/it]2026-09-22 05:01:42,827 INFO [rw_gen_positioning_type|paper_align|Qwen3-0.6B] step=195 epoch=1.8282

                                                 

 61%|██████    | 195/321 [09:31<06:01,  2.87s/it]
 61%|██████    | 196/321 [09:31<06:03,  2.91s/it]2026-09-22 05:01:43,544 INFO [rw_gen_positioning_type|paper_align|Qwen3-0.6B] step=196 epoch=1.8376

                                                 

 61%|██████    | 196/321 [09:32<06:03,  2.91s/it]2026-09-22 05:01:44,204 INFO [rw_gen_positioning_type|paper_align|Qwen3-0.6B] step=196 epoch=1.8376

                                                 

 61%|██████    | 196/321 [09:32<06:03,  2.91s/it]2026-09-22 05:01:44,797 INFO [rw_gen_positioning_type|paper_align|Qwen3-0.6B] step=196 epoch=1.8376

                                                 

 61%|██████    | 196/321 [09:33<06:03,  2.91s/it]2026-09-22 05:01:45,551 INFO [rw_gen_positioning_type|paper_align|Qwen3-0.6B] step=196 epoch=1.8376

                                                 

 61%|██████    | 196/321 [09:34<06:03,  2.91s/it]
 61%|██████▏   | 197/321 [09:34<05:50,  2.82s/it]2026-09-22 05:01:46,177 INFO [rw_gen_positioning_type|paper_align|Qwen3-0.6B] step=197 epoch=1.8471

                                                 

 61%|██████▏   | 197/321 [09:34<05:50,  2.82s/it]2026-09-22 05:01:46,811 INFO [rw_gen_positioning_type|paper_align|Qwen3-0.6B] step=197 epoch=1.8471

                                                 

 61%|██████▏   | 197/321 [09:35<05:50,  2.82s/it]2026-09-22 05:01:47,401 INFO [rw_gen_positioning_type|paper_align|Qwen3-0.6B] step=197 epoch=1.8471

                                                 

 61%|██████▏   | 197/321 [09:35<05:50,  2.82s/it]2026-09-22 05:01:48,171 INFO [rw_gen_positioning_type|paper_align|Qwen3-0.6B] step=197 epoch=1.8471

                                                 

 61%|██████▏   | 197/321 [09:36<05:50,  2.82s/it]
 62%|██████▏   | 198/321 [09:37<05:45,  2.81s/it]2026-09-22 05:01:48,951 INFO [rw_gen_positioning_type|paper_align|Qwen3-0.6B] step=198 epoch=1.8565

                                                 

 62%|██████▏   | 198/321 [09:37<05:45,  2.81s/it]2026-09-22 05:01:49,588 INFO [rw_gen_positioning_type|paper_align|Qwen3-0.6B] step=198 epoch=1.8565

                                                 

 62%|██████▏   | 198/321 [09:38<05:45,  2.81s/it]2026-09-22 05:01:50,309 INFO [rw_gen_positioning_type|paper_align|Qwen3-0.6B] step=198 epoch=1.8565

                                                 

 62%|██████▏   | 198/321 [09:38<05:45,  2.81s/it]2026-09-22 05:01:50,895 INFO [rw_gen_positioning_type|paper_align|Qwen3-0.6B] step=198 epoch=1.8565

                                                 

 62%|██████▏   | 198/321 [09:39<05:45,  2.81s/it]
 62%|██████▏   | 199/321 [09:39<05:40,  2.79s/it]2026-09-22 05:01:51,690 INFO [rw_gen_positioning_type|paper_align|Qwen3-0.6B] step=199 epoch=1.8659

                                                 

 62%|██████▏   | 199/321 [09:40<05:40,  2.79s/it]2026-09-22 05:01:52,308 INFO [rw_gen_positioning_type|paper_align|Qwen3-0.6B] step=199 epoch=1.8659

                                                 

 62%|██████▏   | 199/321 [09:40<05:40,  2.79s/it]2026-09-22 05:01:52,991 INFO [rw_gen_positioning_type|paper_align|Qwen3-0.6B] step=199 epoch=1.8659

                                                 

 62%|██████▏   | 199/321 [09:41<05:40,  2.79s/it]2026-09-22 05:01:53,602 INFO [rw_gen_positioning_type|paper_align|Qwen3-0.6B] step=199 epoch=1.8659

                                                 

 62%|██████▏   | 199/321 [09:42<05:40,  2.79s/it]
 62%|██████▏   | 200/321 [09:42<05:35,  2.78s/it]2026-09-22 05:01:54,191 INFO [rw_gen_positioning_type|paper_align|Qwen3-0.6B] step=200 loss=1.5488 learning_rate=0.0000 epoch=1.8753

                                                 

 62%|██████▏   | 200/321 [09:42<05:35,  2.78s/it]2026-09-22 05:01:54,712 INFO [rw_gen_positioning_type|paper_align|Qwen3-0.6B] step=200 epoch=1.8753

                                                 

 62%|██████▏   | 200/321 [09:43<05:35,  2.78s/it]2026-09-22 05:01:55,360 INFO [rw_gen_positioning_type|paper_align|Qwen3-0.6B] step=200 epoch=1.8753

                                                 

 62%|██████▏   | 200/321 [09:43<05:35,  2.78s/it]2026-09-22 05:01:56,010 INFO [rw_gen_positioning_type|paper_align|Qwen3-0.6B] step=200 epoch=1.8753

                                                 

 62%|██████▏   | 200/321 [09:44<05:35,  2.78s/it]2026-09-22 05:01:56,813 INFO [rw_gen_positioning_type|paper_align|Qwen3-0.6B] step=200 epoch=1.8753

                                                 

 62%|██████▏   | 200/321 [09:45<05:35,  2.78s/it]
 63%|██████▎   | 201/321 [09:45<05:42,  2.85s/it]2026-09-22 05:01:57,478 INFO [rw_gen_positioning_type|paper_align|Qwen3-0.6B] step=201 epoch=1.8847

                                                 

 63%|██████▎   | 201/321 [09:45<05:42,  2.85s/it]2026-09-22 05:01:58,230 INFO [rw_gen_positioning_type|paper_align|Qwen3-0.6B] step=201 epoch=1.8847

                                                 

 63%|██████▎   | 201/321 [09:46<05:42,  2.85s/it]2026-09-22 05:01:58,804 INFO [rw_gen_positioning_type|paper_align|Qwen3-0.6B] step=201 epoch=1.8847

                                                 

 63%|██████▎   | 201/321 [09:47<05:42,  2.85s/it]2026-09-22 05:01:59,385 INFO [rw_gen_positioning_type|paper_align|Qwen3-0.6B] step=201 epoch=1.8847

                                                 

 63%|██████▎   | 201/321 [09:47<05:42,  2.85s/it]
 63%|██████▎   | 202/321 [09:48<05:29,  2.77s/it]2026-09-22 05:02:00,039 INFO [rw_gen_positioning_type|paper_align|Qwen3-0.6B] step=202 epoch=1.8941

                                                 

 63%|██████▎   | 202/321 [09:48<05:29,  2.77s/it]2026-09-22 05:02:00,692 INFO [rw_gen_positioning_type|paper_align|Qwen3-0.6B] step=202 epoch=1.8941

                                                 

 63%|██████▎   | 202/321 [09:49<05:29,  2.77s/it]2026-09-22 05:02:01,351 INFO [rw_gen_positioning_type|paper_align|Qwen3-0.6B] step=202 epoch=1.8941

                                                 

 63%|██████▎   | 202/321 [09:49<05:29,  2.77s/it]2026-09-22 05:02:02,131 INFO [rw_gen_positioning_type|paper_align|Qwen3-0.6B] step=202 epoch=1.8941

                                                 

 63%|██████▎   | 202/321 [09:50<05:29,  2.77s/it]
 63%|██████▎   | 203/321 [09:51<05:35,  2.84s/it]2026-09-22 05:02:03,035 INFO [rw_gen_positioning_type|paper_align|Qwen3-0.6B] step=203 epoch=1.9035

                                                 

 63%|██████▎   | 203/321 [09:51<05:35,  2.84s/it]2026-09-22 05:02:03,618 INFO [rw_gen_positioning_type|paper_align|Qwen3-0.6B] step=203 epoch=1.9035

                                                 

 63%|██████▎   | 203/321 [09:52<05:35,  2.84s/it]2026-09-22 05:02:04,330 INFO [rw_gen_positioning_type|paper_align|Qwen3-0.6B] step=203 epoch=1.9035

                                                 

 63%|██████▎   | 203/321 [09:52<05:35,  2.84s/it]2026-09-22 05:02:04,973 INFO [rw_gen_positioning_type|paper_align|Qwen3-0.6B] step=203 epoch=1.9035

                                                 

 63%|██████▎   | 203/321 [09:53<05:35,  2.84s/it]
 64%|██████▎   | 204/321 [09:53<05:22,  2.76s/it]2026-09-22 05:02:05,605 INFO [rw_gen_positioning_type|paper_align|Qwen3-0.6B] step=204 epoch=1.9129

                                                 

 64%|██████▎   | 204/321 [09:54<05:22,  2.76s/it]2026-09-22 05:02:06,187 INFO [rw_gen_positioning_type|paper_align|Qwen3-0.6B] step=204 epoch=1.9129

                                                 

 64%|██████▎   | 204/321 [09:54<05:22,  2.76s/it]2026-09-22 05:02:06,805 INFO [rw_gen_positioning_type|paper_align|Qwen3-0.6B] step=204 epoch=1.9129

                                                 

 64%|██████▎   | 204/321 [09:55<05:22,  2.76s/it]2026-09-22 05:02:07,667 INFO [rw_gen_positioning_type|paper_align|Qwen3-0.6B] step=204 epoch=1.9129

                                                 

 64%|██████▎   | 204/321 [09:56<05:22,  2.76s/it]
 64%|██████▍   | 205/321 [09:56<05:17,  2.74s/it]2026-09-22 05:02:08,304 INFO [rw_gen_positioning_type|paper_align|Qwen3-0.6B] step=205 epoch=1.9224

                                                 

 64%|██████▍   | 205/321 [09:56<05:17,  2.74s/it]2026-09-22 05:02:09,200 INFO [rw_gen_positioning_type|paper_align|Qwen3-0.6B] step=205 epoch=1.9224

                                                 

 64%|██████▍   | 205/321 [09:57<05:17,  2.74s/it]2026-09-22 05:02:10,046 INFO [rw_gen_positioning_type|paper_align|Qwen3-0.6B] step=205 epoch=1.9224

                                                 

 64%|██████▍   | 205/321 [09:58<05:17,  2.74s/it]2026-09-22 05:02:10,628 INFO [rw_gen_positioning_type|paper_align|Qwen3-0.6B] step=205 epoch=1.9224

                                                 

 64%|██████▍   | 205/321 [09:59<05:17,  2.74s/it]
 64%|██████▍   | 206/321 [09:59<05:26,  2.84s/it]2026-09-22 05:02:11,373 INFO [rw_gen_positioning_type|paper_align|Qwen3-0.6B] step=206 epoch=1.9318

                                                 

 64%|██████▍   | 206/321 [09:59<05:26,  2.84s/it]2026-09-22 05:02:12,027 INFO [rw_gen_positioning_type|paper_align|Qwen3-0.6B] step=206 epoch=1.9318

                                                 

 64%|██████▍   | 206/321 [10:00<05:26,  2.84s/it]2026-09-22 05:02:12,840 INFO [rw_gen_positioning_type|paper_align|Qwen3-0.6B] step=206 epoch=1.9318

                                                 

 64%|██████▍   | 206/321 [10:01<05:26,  2.84s/it]2026-09-22 05:02:13,571 INFO [rw_gen_positioning_type|paper_align|Qwen3-0.6B] step=206 epoch=1.9318

                                                 

 64%|██████▍   | 206/321 [10:02<05:26,  2.84s/it]
 64%|██████▍   | 207/321 [10:02<05:36,  2.95s/it]2026-09-22 05:02:14,588 INFO [rw_gen_positioning_type|paper_align|Qwen3-0.6B] step=207 epoch=1.9412

                                                 

 64%|██████▍   | 207/321 [10:03<05:36,  2.95s/it]2026-09-22 05:02:15,312 INFO [rw_gen_positioning_type|paper_align|Qwen3-0.6B] step=207 epoch=1.9412

                                                 

 64%|██████▍   | 207/321 [10:03<05:36,  2.95s/it]2026-09-22 05:02:15,926 INFO [rw_gen_positioning_type|paper_align|Qwen3-0.6B] step=207 epoch=1.9412

                                                 

 64%|██████▍   | 207/321 [10:04<05:36,  2.95s/it]2026-09-22 05:02:16,521 INFO [rw_gen_positioning_type|paper_align|Qwen3-0.6B] step=207 epoch=1.9412

                                                 

 64%|██████▍   | 207/321 [10:04<05:36,  2.95s/it]
 65%|██████▍   | 208/321 [10:05<05:24,  2.87s/it]2026-09-22 05:02:17,270 INFO [rw_gen_positioning_type|paper_align|Qwen3-0.6B] step=208 epoch=1.9506

                                                 

 65%|██████▍   | 208/321 [10:05<05:24,  2.87s/it]2026-09-22 05:02:17,946 INFO [rw_gen_positioning_type|paper_align|Qwen3-0.6B] step=208 epoch=1.9506

                                                 

 65%|██████▍   | 208/321 [10:06<05:24,  2.87s/it]2026-09-22 05:02:18,513 INFO [rw_gen_positioning_type|paper_align|Qwen3-0.6B] step=208 epoch=1.9506

                                                 

 65%|██████▍   | 208/321 [10:06<05:24,  2.87s/it]2026-09-22 05:02:19,149 INFO [rw_gen_positioning_type|paper_align|Qwen3-0.6B] step=208 epoch=1.9506

                                                 

 65%|██████▍   | 208/321 [10:07<05:24,  2.87s/it]
 65%|██████▌   | 209/321 [10:08<05:11,  2.78s/it]2026-09-22 05:02:19,884 INFO [rw_gen_positioning_type|paper_align|Qwen3-0.6B] step=209 epoch=1.9600

                                                 

 65%|██████▌   | 209/321 [10:08<05:11,  2.78s/it]2026-09-22 05:02:20,738 INFO [rw_gen_positioning_type|paper_align|Qwen3-0.6B] step=209 epoch=1.9600

                                                 

 65%|██████▌   | 209/321 [10:09<05:11,  2.78s/it]2026-09-22 05:02:21,505 INFO [rw_gen_positioning_type|paper_align|Qwen3-0.6B] step=209 epoch=1.9600

                                                 

 65%|██████▌   | 209/321 [10:09<05:11,  2.78s/it]2026-09-22 05:02:22,156 INFO [rw_gen_positioning_type|paper_align|Qwen3-0.6B] step=209 epoch=1.9600

                                                 

 65%|██████▌   | 209/321 [10:10<05:11,  2.78s/it]
 65%|██████▌   | 210/321 [10:11<05:18,  2.86s/it]2026-09-22 05:02:22,661 INFO [rw_gen_positioning_type|paper_align|Qwen3-0.6B] step=210 loss=1.4963 learning_rate=0.0000 epoch=1.9694

                                                 

 65%|██████▌   | 210/321 [10:11<05:18,  2.86s/it]2026-09-22 05:02:23,189 INFO [rw_gen_positioning_type|paper_align|Qwen3-0.6B] step=210 epoch=1.9694

                                                 

 65%|██████▌   | 210/321 [10:11<05:18,  2.86s/it]2026-09-22 05:02:23,853 INFO [rw_gen_positioning_type|paper_align|Qwen3-0.6B] step=210 epoch=1.9694

                                                 

 65%|██████▌   | 210/321 [10:12<05:18,  2.86s/it]2026-09-22 05:02:24,590 INFO [rw_gen_positioning_type|paper_align|Qwen3-0.6B] step=210 epoch=1.9694

                                                 

 65%|██████▌   | 210/321 [10:13<05:18,  2.86s/it]2026-09-22 05:02:25,284 INFO [rw_gen_positioning_type|paper_align|Qwen3-0.6B] step=210 epoch=1.9694

                                                 
{'loss': '1.505', 'grad_norm': '2.695', 'learning_rate': '3.824e-05', 'epoch': '1.781'}
{'paper_align_label_loss': '1.329e-05', 'paper_align_reason_loss': '0.7594', 'epoch': '1.781'}
{'paper_align_label_loss': '1.259e-05', 'paper_align_reason_loss': '0.948', 'epoch': '1.781'}
{'paper_align_label_loss': '1.404e-05', 'paper_align_reason_loss': '0.8335', 'epoch': '1.781'}
{'paper_align_label_loss': '8.516e-06', 'paper_align_reason_loss': '0.6609', 'epoch': '1.781'}
{'paper_align_label_loss': '9.343e-06', 'paper_align_reason_loss': '0.8617', 'epoch': '1.791'}
{'paper_align_label_loss': '9.201e-06', 'paper_align_reason_loss': '0.5078', 'epoch': '1.791'}
{'paper_align_label_loss': '2.169e-05', 'paper_align_reason_loss': '1.015', 'epoch': '1.791'}
{'paper_align_label_loss': '9.887e-06', 'paper_align_reason_loss': '0.9097', 'epoch': '1.791'}
{'paper_align_label_loss': '1.506e-05', 'paper_align_reason_loss': '0.8815', 'epoch': '1.8'}
{'paper_align_label_loss': '9.797e-06', 'paper_align_reason_loss': '0.8643', 'epoch': '1.8'}
{'paper_align_label_loss': '4.152e-05', 'paper_align_reason_loss': '0.7661', 'epoch': '1.8'}
{'paper_align_label_loss': '1.41e-05', 'paper_align_reason_loss': '0.6222', 'epoch': '1.8'}
{'paper_align_label_loss': '1.051e-05', 'paper_align_reason_loss': '0.6597', 'epoch': '1.809'}
{'paper_align_label_loss': '2.453e-05', 'paper_align_reason_loss': '0.6989', 'epoch': '1.809'}
{'paper_align_label_loss': '0.005566', 'paper_align_reason_loss': '0.8255', 'epoch': '1.809'}
{'paper_align_label_loss': '1.656e-05', 'paper_align_reason_loss': '0.8187', 'epoch': '1.809'}
{'paper_align_label_loss': '1.055e-05', 'paper_align_reason_loss': '0.887', 'epoch': '1.819'}
{'paper_align_label_loss': '9.268e-06', 'paper_align_reason_loss': '0.7919', 'epoch': '1.819'}
{'paper_align_label_loss': '6.02e-06', 'paper_align_reason_loss': '0.5973', 'epoch': '1.819'}
{'paper_align_label_loss': '1.573e-05', 'paper_align_reason_loss': '0.6743', 'epoch': '1.819'}
{'paper_align_label_loss': '7.167e-06', 'paper_align_reason_loss': '0.7763', 'epoch': '1.828'}
{'paper_align_label_loss': '8.501e-06', 'paper_align_reason_loss': '0.7431', 'epoch': '1.828'}
{'paper_align_label_loss': '9.522e-06', 'paper_align_reason_loss': '0.6397', 'epoch': '1.828'}
{'paper_align_label_loss': '4.701e-06', 'paper_align_reason_loss': '0.6825', 'epoch': '1.828'}
{'paper_align_label_loss': '3.627e-05', 'paper_align_reason_loss': '0.6675', 'epoch': '1.838'}
{'paper_align_label_loss': '4.418e-06', 'paper_align_reason_loss': '0.8755', 'epoch': '1.838'}
{'paper_align_label_loss': '9.872e-06', 'paper_align_reason_loss': '0.9706', 'epoch': '1.838'}
{'paper_align_label_loss': '1.022e-05', 'paper_align_reason_loss': '0.8063', 'epoch': '1.838'}
{'paper_align_label_loss': '2.564e-05', 'paper_align_reason_loss': '0.6745', 'epoch': '1.847'}
{'paper_align_label_loss': '5.014e-06', 'paper_align_reason_loss': '0.7817', 'epoch': '1.847'}
{'paper_align_label_loss': '7.175e-06', 'paper_align_reason_loss': '0.8748', 'epoch': '1.847'}
{'paper_align_label_loss': '9.805e-06', 'paper_align_reason_loss': '0.6264', 'epoch': '1.847'}
{'paper_align_label_loss': '1.14e-05', 'paper_align_reason_loss': '0.9392', 'epoch': '1.856'}
{'paper_align_label_loss': '9.03e-06', 'paper_align_reason_loss': '0.8501', 'epoch': '1.856'}
{'paper_align_label_loss': '6.586e-06', 'paper_align_reason_loss': '0.7227', 'epoch': '1.856'}
{'paper_align_label_loss': '1.099e-05', 'paper_align_reason_loss': '0.977', 'epoch': '1.856'}
{'paper_align_label_loss': '8.628e-06', 'paper_align_reason_loss': '0.6292', 'epoch': '1.866'}
{'paper_align_label_loss': '1.171e-05', 'paper_align_reason_loss': '0.9575', 'epoch': '1.866'}
{'paper_align_label_loss': '9.783e-06', 'paper_align_reason_loss': '0.6434', 'epoch': '1.866'}
{'paper_align_label_loss': '2.511e-05', 'paper_align_reason_loss': '0.5495', 'epoch': '1.866'}
{'loss': '1.549', 'grad_norm': '2.77', 'learning_rate': '3.34e-05', 'epoch': '1.875'}
{'paper_align_label_loss': '2.887e-05', 'paper_align_reason_loss': '0.6198', 'epoch': '1.875'}
{'paper_align_label_loss': '5.916e-06', 'paper_align_reason_loss': '0.6382', 'epoch': '1.875'}
{'paper_align_label_loss': '1.386e-05', 'paper_align_reason_loss': '0.7473', 'epoch': '1.875'}
{'paper_align_label_loss': '2.788e-05', 'paper_align_reason_loss': '0.5253', 'epoch': '1.875'}
{'paper_align_label_loss': '6.825e-06', 'paper_align_reason_loss': '0.6788', 'epoch': '1.885'}
{'paper_align_label_loss': '3.919e-06', 'paper_align_reason_loss': '0.6525', 'epoch': '1.885'}
{'paper_align_label_loss': '3.941e-06', 'paper_align_reason_loss': '0.8273', 'epoch': '1.885'}
{'paper_align_label_loss': '1.188e-05', 'paper_align_reason_loss': '0.6399', 'epoch': '1.885'}
{'paper_align_label_loss': '1.367e-05', 'paper_align_reason_loss': '0.7978', 'epoch': '1.894'}
{'paper_align_label_loss': '0.0002036', 'paper_align_reason_loss': '0.8655', 'epoch': '1.894'}
{'paper_align_label_loss': '6.81e-06', 'paper_align_reason_loss': '0.7927', 'epoch': '1.894'}
{'paper_align_label_loss': '2.715e-05', 'paper_align_reason_loss': '1.117', 'epoch': '1.894'}
{'paper_align_label_loss': '4.157e-06', 'paper_align_reason_loss': '0.74', 'epoch': '1.904'}
{'paper_align_label_loss': '4.791e-06', 'paper_align_reason_loss': '0.9026', 'epoch': '1.904'}
{'paper_align_label_loss': '7.898e-06', 'paper_align_reason_loss': '0.5269', 'epoch': '1.904'}
{'paper_align_label_loss': '7.115e-06', 'paper_align_reason_loss': '0.7176', 'epoch': '1.904'}
{'paper_align_label_loss': '7.078e-06', 'paper_align_reason_loss': '0.6233', 'epoch': '1.913'}
{'paper_align_label_loss': '6.184e-06', 'paper_align_reason_loss': '0.778', 'epoch': '1.913'}
{'paper_align_label_loss': '5.573e-06', 'paper_align_reason_loss': '0.8321', 'epoch': '1.913'}
{'paper_align_label_loss': '4.798e-06', 'paper_align_reason_loss': '0.9076', 'epoch': '1.913'}
{'paper_align_label_loss': '0.0006159', 'paper_align_reason_loss': '0.6248', 'epoch': '1.922'}
{'paper_align_label_loss': '2.774e-05', 'paper_align_reason_loss': '0.8553', 'epoch': '1.922'}
{'paper_align_label_loss': '0.001141', 'paper_align_reason_loss': '0.5649', 'epoch': '1.922'}
{'paper_align_label_loss': '8.836e-06', 'paper_align_reason_loss': '0.7427', 'epoch': '1.922'}
{'paper_align_label_loss': '9.127e-06', 'paper_align_reason_loss': '0.7079', 'epoch': '1.932'}
{'paper_align_label_loss': '1.205e-05', 'paper_align_reason_loss': '0.6551', 'epoch': '1.932'}
{'paper_align_label_loss': '7.398e-06', 'paper_align_reason_loss': '0.6744', 'epoch': '1.932'}
{'paper_align_label_loss': '8.479e-06', 'paper_align_reason_loss': '1.062', 'epoch': '1.932'}
{'paper_align_label_loss': '2.307e-05', 'paper_align_reason_loss': '0.9706', 'epoch': '1.941'}
{'paper_align_label_loss': '1.684e-05', 'paper_align_reason_loss': '0.6889', 'epoch': '1.941'}
{'paper_align_label_loss': '1.065e-05', 'paper_align_reason_loss': '0.7589', 'epoch': '1.941'}
{'paper_align_label_loss': '4.465e-05', 'paper_align_reason_loss': '0.9168', 'epoch': '1.941'}
{'paper_align_label_loss': '5.893e-06', 'paper_align_reason_loss': '0.7133', 'epoch': '1.951'}
{'paper_align_label_loss': '4.604e-06', 'paper_align_reason_loss': '0.8438', 'epoch': '1.951'}
{'paper_align_label_loss': '1.79e-05', 'paper_align_reason_loss': '0.6917', 'epoch': '1.951'}
{'paper_align_label_loss': '1.16e-05', 'paper_align_reason_loss': '0.7867', 'epoch': '1.951'}
{'paper_align_label_loss': '1.107e-05', 'paper_align_reason_loss': '0.7317', 'epoch': '1.96'}
{'paper_align_label_loss': '8.918e-06', 'paper_align_reason_loss': '0.7021', 'epoch': '1.96'}
{'paper_align_label_loss': '4.411e-06', 'paper_align_reason_loss': '0.6489', 'epoch': '1.96'}
{'paper_align_label_loss': '2.25e-05', 'paper_align_reason_loss': '0.6534', 'epoch': '1.96'}
{'loss': '1.496', 'grad_norm': '2.983', 'learning_rate': '2.873e-05', 'epoch': '1.969'}
{'paper_align_label_loss': '1.587e-05', 'paper_align_reason_loss': '0.9368', 'epoch': '1.969'}
{'paper_align_label_loss': '5.96e-06', 'paper_align_reason_loss': '0.8289', 'epoch': '1.969'}
{'paper_align_label_loss': '6.571e-06', 'paper_align_reason_loss': '0.9799', 'epoch': '1.969'}

 65%|██████▌   | 210/321 [10:13<05:18,  2.86s/it]
 66%|██████▌   | 211/321 [10:14<05:22,  2.93s/it]2026-09-22 05:02:25,997 INFO [rw_gen_positioning_type|paper_align|Qwen3-0.6B] step=211 epoch=1.9788

                                                 

 66%|██████▌   | 211/321 [10:14<05:22,  2.93s/it]2026-09-22 05:02:26,750 INFO [rw_gen_positioning_type|paper_align|Qwen3-0.6B] step=211 epoch=1.9788

                                                 

 66%|██████▌   | 211/321 [10:15<05:22,  2.93s/it]2026-09-22 05:02:27,354 INFO [rw_gen_positioning_type|paper_align|Qwen3-0.6B] step=211 epoch=1.9788

                                                 

 66%|██████▌   | 211/321 [10:15<05:22,  2.93s/it]2026-09-22 05:02:28,117 INFO [rw_gen_positioning_type|paper_align|Qwen3-0.6B] step=211 epoch=1.9788

                                                 

 66%|██████▌   | 211/321 [10:16<05:22,  2.93s/it]
 66%|██████▌   | 212/321 [10:17<05:18,  2.92s/it]2026-09-22 05:02:28,868 INFO [rw_gen_positioning_type|paper_align|Qwen3-0.6B] step=212 epoch=1.9882

                                                 

 66%|██████▌   | 212/321 [10:17<05:18,  2.92s/it]2026-09-22 05:02:29,473 INFO [rw_gen_positioning_type|paper_align|Qwen3-0.6B] step=212 epoch=1.9882

                                                 

 66%|██████▌   | 212/321 [10:17<05:18,  2.92s/it]2026-09-22 05:02:30,120 INFO [rw_gen_positioning_type|paper_align|Qwen3-0.6B] step=212 epoch=1.9882

                                                 

 66%|██████▌   | 212/321 [10:18<05:18,  2.92s/it]2026-09-22 05:02:30,748 INFO [rw_gen_positioning_type|paper_align|Qwen3-0.6B] step=212 epoch=1.9882

                                                 

 66%|██████▌   | 212/321 [10:19<05:18,  2.92s/it]
 66%|██████▋   | 213/321 [10:19<05:01,  2.80s/it]2026-09-22 05:02:31,350 INFO [rw_gen_positioning_type|paper_align|Qwen3-0.6B] step=213 epoch=1.9976

                                                 

 66%|██████▋   | 213/321 [10:19<05:01,  2.80s/it]
 67%|██████▋   | 214/321 [10:20<03:49,  2.15s/it]{'paper_align_label_loss': '1.528e-05', 'paper_align_reason_loss': '0.6202', 'epoch': '1.969'}
{'paper_align_label_loss': '1.889e-05', 'paper_align_reason_loss': '0.543', 'epoch': '1.979'}
{'paper_align_label_loss': '5.484e-06', 'paper_align_reason_loss': '0.7772', 'epoch': '1.979'}
{'paper_align_label_loss': '1.071e-05', 'paper_align_reason_loss': '0.8182', 'epoch': '1.979'}
{'paper_align_label_loss': '5.878e-06', 'paper_align_reason_loss': '0.9206', 'epoch': '1.979'}
{'paper_align_label_loss': '2.434e-05', 'paper_align_reason_loss': '0.9125', 'epoch': '1.988'}
{'paper_align_label_loss': '8.203e-06', 'paper_align_reason_loss': '0.9583', 'epoch': '1.988'}
{'paper_align_label_loss': '6.08e-06', 'paper_align_reason_loss': '0.5348', 'epoch': '1.988'}
{'paper_align_label_loss': '1.112e-05', 'paper_align_reason_loss': '0.571', 'epoch': '1.988'}
{'paper_align_label_loss': '2.17e-05', 'paper_align_reason_loss': '0.9426', 'epoch': '1.998'}


  0%|          | 0/24 [00:00<?, ?it/s][A

  8%|▊         | 2/24 [00:00<00:01, 15.57it/s][A

 17%|█▋        | 4/24 [00:00<00:02,  7.83it/s][A

 21%|██        | 5/24 [00:00<00:02,  7.78it/s][A

 25%|██▌       | 6/24 [00:00<00:02,  7.32it/s][A

 29%|██▉       | 7/24 [00:00<00:02,  7.32it/s][A

 33%|███▎      | 8/24 [00:01<00:02,  7.39it/s][A

 38%|███▊      | 9/24 [00:01<00:02,  7.27it/s][A

 42%|████▏     | 10/24 [00:01<00:01,  7.39it/s][A

 46%|████▌     | 11/24 [00:01<00:01,  7.08it/s][A

 50%|█████     | 12/24 [00:01<00:01,  7.26it/s][A

 54%|█████▍    | 13/24 [00:01<00:01,  7.64it/s][A

 58%|█████▊    | 14/24 [00:01<00:01,  7.53it/s][A

 62%|██████▎   | 15/24 [00:01<00:01,  7.99it/s][A

 67%|██████▋   | 16/24 [00:02<00:01,  7.92it/s][A

 71%|███████   | 17/24 [00:02<00:00,  7.89it/s][A

 75%|███████▌  | 18/24 [00:02<00:00,  7.39it/s][A

 79%|███████▉  | 19/24 [00:02<00:00,  7.37it/s][A

 83%|████████▎ | 20/24 [00:02<00:00,  7.57it/s][A

 88%|████████▊ | 21/24 [00:02<00:00,  7.79it/s][A

 92%|█████████▏| 22/24 [00:02<00:00,  7.62it/s][A

 96%|█████████▌| 23/24 [00:02<00:00,  7.94it/s][A2026-09-22 05:02:34,977 INFO [rw_gen_positioning_type|paper_align|Qwen3-0.6B] step=214 eval_loss=0.0000 epoch=2.0000

                                                 

                                               
[A
 67%|██████▋   | 214/321 [10:23<03:49,  2.15s/it]

100%|██████████| 24/24 [00:03<00:00,  7.94it/s][A

                                               [A2026-09-22 05:02:35,308 INFO Starting generation validation on training device cuda:0: samples=94 batch_size=16
2026-09-22 05:02:36,797 INFO Generation validation progress: 16/94
2026-09-22 05:02:38,071 INFO Generation validation progress: 32/94
2026-09-22 05:02:39,358 INFO Generation validation progress: 48/94
2026-09-22 05:02:40,523 INFO Generation validation progress: 64/94
2026-09-22 05:02:41,785 INFO Generation validation progress: 80/94
2026-09-22 05:02:42,840 INFO Generation validation progress: 94/94
2026-09-22 05:02:42,927 INFO Generation val @ epoch=2.0 step=214: acc=1.0000 macro_f1=1.0000 valid=1.0000 (retaining last checkpoint)
2026-09-22 05:02:42,929 INFO [rw_gen_positioning_type|paper_align|Qwen3-0.6B] step=214 eval_generation_accuracy=1.0000 eval_generation_macro_f1=1.0000 eval_generation_format_valid_rate=1.0000 epoch=2.0000

                                                 

 67%|██████▋   | 214/321 [10:31<03:49,  2.15s/it]2026-09-22 05:02:43,468 INFO [rw_gen_positioning_type|paper_align|Qwen3-0.6B] step=214 epoch=2.0000

                                                 

 67%|██████▋   | 214/321 [10:31<03:49,  2.15s/it]2026-09-22 05:02:44,107 INFO [rw_gen_positioning_type|paper_align|Qwen3-0.6B] step=214 epoch=2.0000

                                                 

 67%|██████▋   | 214/321 [10:32<03:49,  2.15s/it]2026-09-22 05:02:44,844 INFO [rw_gen_positioning_type|paper_align|Qwen3-0.6B] step=214 epoch=2.0000

                                                 

 67%|██████▋   | 214/321 [10:33<03:49,  2.15s/it]2026-09-22 05:02:45,461 INFO [rw_gen_positioning_type|paper_align|Qwen3-0.6B] step=214 epoch=2.0000

                                                 

 67%|██████▋   | 214/321 [10:33<03:49,  2.15s/it]
 67%|██████▋   | 215/321 [10:34<10:08,  5.74s/it]2026-09-22 05:02:46,118 INFO [rw_gen_positioning_type|paper_align|Qwen3-0.6B] step=215 epoch=2.0094

                                                 

 67%|██████▋   | 215/321 [10:34<10:08,  5.74s/it]2026-09-22 05:02:46,777 INFO [rw_gen_positioning_type|paper_align|Qwen3-0.6B] step=215 epoch=2.0094

                                                 

 67%|██████▋   | 215/321 [10:35<10:08,  5.74s/it]2026-09-22 05:02:47,380 INFO [rw_gen_positioning_type|paper_align|Qwen3-0.6B] step=215 epoch=2.0094

                                                 

 67%|██████▋   | 215/321 [10:35<10:08,  5.74s/it]2026-09-22 05:02:48,073 INFO [rw_gen_positioning_type|paper_align|Qwen3-0.6B] step=215 epoch=2.0094

                                                 

 67%|██████▋   | 215/321 [10:36<10:08,  5.74s/it]
 67%|██████▋   | 216/321 [10:36<08:22,  4.79s/it]2026-09-22 05:02:48,706 INFO [rw_gen_positioning_type|paper_align|Qwen3-0.6B] step=216 epoch=2.0188

                                                 

 67%|██████▋   | 216/321 [10:37<08:22,  4.79s/it]2026-09-22 05:02:49,572 INFO [rw_gen_positioning_type|paper_align|Qwen3-0.6B] step=216 epoch=2.0188

                                                 

 67%|██████▋   | 216/321 [10:38<08:22,  4.79s/it]2026-09-22 05:02:50,235 INFO [rw_gen_positioning_type|paper_align|Qwen3-0.6B] step=216 epoch=2.0188

                                                 

 67%|██████▋   | 216/321 [10:38<08:22,  4.79s/it]2026-09-22 05:02:50,923 INFO [rw_gen_positioning_type|paper_align|Qwen3-0.6B] step=216 epoch=2.0188

                                                 

 67%|██████▋   | 216/321 [10:39<08:22,  4.79s/it]
 68%|██████▊   | 217/321 [10:39<07:17,  4.21s/it]2026-09-22 05:02:51,576 INFO [rw_gen_positioning_type|paper_align|Qwen3-0.6B] step=217 epoch=2.0282

                                                 

 68%|██████▊   | 217/321 [10:40<07:17,  4.21s/it]2026-09-22 05:02:52,190 INFO [rw_gen_positioning_type|paper_align|Qwen3-0.6B] step=217 epoch=2.0282

                                                 

 68%|██████▊   | 217/321 [10:40<07:17,  4.21s/it]2026-09-22 05:02:52,866 INFO [rw_gen_positioning_type|paper_align|Qwen3-0.6B] step=217 epoch=2.0282

                                                 

 68%|██████▊   | 217/321 [10:41<07:17,  4.21s/it]2026-09-22 05:02:53,631 INFO [rw_gen_positioning_type|paper_align|Qwen3-0.6B] step=217 epoch=2.0282

                                                 

 68%|██████▊   | 217/321 [10:42<07:17,  4.21s/it]
 68%|██████▊   | 218/321 [10:42<06:27,  3.76s/it]2026-09-22 05:02:54,292 INFO [rw_gen_positioning_type|paper_align|Qwen3-0.6B] step=218 epoch=2.0376

                                                 

 68%|██████▊   | 218/321 [10:42<06:27,  3.76s/it]2026-09-22 05:02:54,977 INFO [rw_gen_positioning_type|paper_align|Qwen3-0.6B] step=218 epoch=2.0376

                                                 

 68%|██████▊   | 218/321 [10:43<06:27,  3.76s/it]2026-09-22 05:02:55,630 INFO [rw_gen_positioning_type|paper_align|Qwen3-0.6B] step=218 epoch=2.0376

                                                 

 68%|██████▊   | 218/321 [10:44<06:27,  3.76s/it]2026-09-22 05:02:56,297 INFO [rw_gen_positioning_type|paper_align|Qwen3-0.6B] step=218 epoch=2.0376

                                                 

 68%|██████▊   | 218/321 [10:44<06:27,  3.76s/it]
 68%|██████▊   | 219/321 [10:45<05:57,  3.51s/it]2026-09-22 05:02:57,202 INFO [rw_gen_positioning_type|paper_align|Qwen3-0.6B] step=219 epoch=2.0471

                                                 

 68%|██████▊   | 219/321 [10:45<05:57,  3.51s/it]2026-09-22 05:02:57,789 INFO [rw_gen_positioning_type|paper_align|Qwen3-0.6B] step=219 epoch=2.0471

                                                 

 68%|██████▊   | 219/321 [10:46<05:57,  3.51s/it]2026-09-22 05:02:58,395 INFO [rw_gen_positioning_type|paper_align|Qwen3-0.6B] step=219 epoch=2.0471

                                                 

 68%|██████▊   | 219/321 [10:46<05:57,  3.51s/it]2026-09-22 05:02:59,011 INFO [rw_gen_positioning_type|paper_align|Qwen3-0.6B] step=219 epoch=2.0471

                                                 

 68%|██████▊   | 219/321 [10:47<05:57,  3.51s/it]
 69%|██████▊   | 220/321 [10:47<05:22,  3.19s/it]2026-09-22 05:02:59,409 INFO [rw_gen_positioning_type|paper_align|Qwen3-0.6B] step=220 loss=1.3145 learning_rate=0.0000 epoch=2.0565

                                                 

 69%|██████▊   | 220/321 [10:47<05:22,  3.19s/it]2026-09-22 05:02:59,662 INFO [rw_gen_positioning_type|paper_align|Qwen3-0.6B] step=220 epoch=2.0565

                                                 

 69%|██████▊   | 220/321 [10:48<05:22,  3.19s/it]2026-09-22 05:03:00,348 INFO [rw_gen_positioning_type|paper_align|Qwen3-0.6B] step=220 epoch=2.0565

                                                 

 69%|██████▊   | 220/321 [10:48<05:22,  3.19s/it]2026-09-22 05:03:01,138 INFO [rw_gen_positioning_type|paper_align|Qwen3-0.6B] step=220 epoch=2.0565

                                                 

 69%|██████▊   | 220/321 [10:49<05:22,  3.19s/it]2026-09-22 05:03:01,871 INFO [rw_gen_positioning_type|paper_align|Qwen3-0.6B] step=220 epoch=2.0565

                                                 

 69%|██████▊   | 220/321 [10:50<05:22,  3.19s/it]
 69%|██████▉   | 221/321 [10:50<05:10,  3.11s/it]2026-09-22 05:03:02,897 INFO [rw_gen_positioning_type|paper_align|Qwen3-0.6B] step=221 epoch=2.0659

                                                 

 69%|██████▉   | 221/321 [10:51<05:10,  3.11s/it]2026-09-22 05:03:03,648 INFO [rw_gen_positioning_type|paper_align|Qwen3-0.6B] step=221 epoch=2.0659

                                                 

 69%|██████▉   | 221/321 [10:52<05:10,  3.11s/it]2026-09-22 05:03:04,303 INFO [rw_gen_positioning_type|paper_align|Qwen3-0.6B] step=221 epoch=2.0659

                                                 

 69%|██████▉   | 221/321 [10:52<05:10,  3.11s/it]2026-09-22 05:03:04,957 INFO [rw_gen_positioning_type|paper_align|Qwen3-0.6B] step=221 epoch=2.0659

                                                 

 69%|██████▉   | 221/321 [10:53<05:10,  3.11s/it]
 69%|██████▉   | 222/321 [10:53<05:06,  3.09s/it]2026-09-22 05:03:05,643 INFO [rw_gen_positioning_type|paper_align|Qwen3-0.6B] step=222 epoch=2.0753

                                                 

 69%|██████▉   | 222/321 [10:54<05:06,  3.09s/it]2026-09-22 05:03:06,343 INFO [rw_gen_positioning_type|paper_align|Qwen3-0.6B] step=222 epoch=2.0753

                                                 

 69%|██████▉   | 222/321 [10:54<05:06,  3.09s/it]2026-09-22 05:03:07,180 INFO [rw_gen_positioning_type|paper_align|Qwen3-0.6B] step=222 epoch=2.0753

                                                 

 69%|██████▉   | 222/321 [10:55<05:06,  3.09s/it]2026-09-22 05:03:07,925 INFO [rw_gen_positioning_type|paper_align|Qwen3-0.6B] step=222 epoch=2.0753

                                                 

 69%|██████▉   | 222/321 [10:56<05:06,  3.09s/it]
 69%|██████▉   | 223/321 [10:56<05:01,  3.08s/it]2026-09-22 05:03:08,685 INFO [rw_gen_positioning_type|paper_align|Qwen3-0.6B] step=223 epoch=2.0847

                                                 

 69%|██████▉   | 223/321 [10:57<05:01,  3.08s/it]2026-09-22 05:03:09,279 INFO [rw_gen_positioning_type|paper_align|Qwen3-0.6B] step=223 epoch=2.0847

                                                 

 69%|██████▉   | 223/321 [10:57<05:01,  3.08s/it]2026-09-22 05:03:09,937 INFO [rw_gen_positioning_type|paper_align|Qwen3-0.6B] step=223 epoch=2.0847

                                                 

 69%|██████▉   | 223/321 [10:58<05:01,  3.08s/it]2026-09-22 05:03:10,686 INFO [rw_gen_positioning_type|paper_align|Qwen3-0.6B] step=223 epoch=2.0847

                                                 

 69%|██████▉   | 223/321 [10:59<05:01,  3.08s/it]
 70%|██████▉   | 224/321 [10:59<04:48,  2.97s/it]2026-09-22 05:03:11,391 INFO [rw_gen_positioning_type|paper_align|Qwen3-0.6B] step=224 epoch=2.0941

                                                 

 70%|██████▉   | 224/321 [10:59<04:48,  2.97s/it]2026-09-22 05:03:11,969 INFO [rw_gen_positioning_type|paper_align|Qwen3-0.6B] step=224 epoch=2.0941

                                                 

 70%|██████▉   | 224/321 [11:00<04:48,  2.97s/it]2026-09-22 05:03:12,566 INFO [rw_gen_positioning_type|paper_align|Qwen3-0.6B] step=224 epoch=2.0941

                                                 

 70%|██████▉   | 224/321 [11:01<04:48,  2.97s/it]2026-09-22 05:03:13,343 INFO [rw_gen_positioning_type|paper_align|Qwen3-0.6B] step=224 epoch=2.0941

                                                 

 70%|██████▉   | 224/321 [11:01<04:48,  2.97s/it]
 70%|███████   | 225/321 [11:02<04:34,  2.86s/it]2026-09-22 05:03:14,005 INFO [rw_gen_positioning_type|paper_align|Qwen3-0.6B] step=225 epoch=2.1035

                                                 

 70%|███████   | 225/321 [11:02<04:34,  2.86s/it]2026-09-22 05:03:14,670 INFO [rw_gen_positioning_type|paper_align|Qwen3-0.6B] step=225 epoch=2.1035

                                                 

 70%|███████   | 225/321 [11:03<04:34,  2.86s/it]2026-09-22 05:03:15,413 INFO [rw_gen_positioning_type|paper_align|Qwen3-0.6B] step=225 epoch=2.1035

                                                 

 70%|███████   | 225/321 [11:03<04:34,  2.86s/it]2026-09-22 05:03:16,088 INFO [rw_gen_positioning_type|paper_align|Qwen3-0.6B] step=225 epoch=2.1035

                                                 

 70%|███████   | 225/321 [11:04<04:34,  2.86s/it]
 70%|███████   | 226/321 [11:05<04:31,  2.86s/it]2026-09-22 05:03:17,180 INFO [rw_gen_positioning_type|paper_align|Qwen3-0.6B] step=226 epoch=2.1129

                                                 

 70%|███████   | 226/321 [11:05<04:31,  2.86s/it]2026-09-22 05:03:18,104 INFO [rw_gen_positioning_type|paper_align|Qwen3-0.6B] step=226 epoch=2.1129

                                                 

 70%|███████   | 226/321 [11:06<04:31,  2.86s/it]2026-09-22 05:03:18,709 INFO [rw_gen_positioning_type|paper_align|Qwen3-0.6B] step=226 epoch=2.1129

                                                 

 70%|███████   | 226/321 [11:07<04:31,  2.86s/it]2026-09-22 05:03:19,354 INFO [rw_gen_positioning_type|paper_align|Qwen3-0.6B] step=226 epoch=2.1129

                                                 

 70%|███████   | 226/321 [11:07<04:31,  2.86s/it]
 71%|███████   | 227/321 [11:08<04:39,  2.98s/it]2026-09-22 05:03:20,113 INFO [rw_gen_positioning_type|paper_align|Qwen3-0.6B] step=227 epoch=2.1224

                                                 

 71%|███████   | 227/321 [11:08<04:39,  2.98s/it]2026-09-22 05:03:20,777 INFO [rw_gen_positioning_type|paper_align|Qwen3-0.6B] step=227 epoch=2.1224

                                                 

 71%|███████   | 227/321 [11:09<04:39,  2.98s/it]2026-09-22 05:03:21,468 INFO [rw_gen_positioning_type|paper_align|Qwen3-0.6B] step=227 epoch=2.1224

                                                 

 71%|███████   | 227/321 [11:09<04:39,  2.98s/it]2026-09-22 05:03:22,142 INFO [rw_gen_positioning_type|paper_align|Qwen3-0.6B] step=227 epoch=2.1224

                                                 

 71%|███████   | 227/321 [11:10<04:39,  2.98s/it]
 71%|███████   | 228/321 [11:11<04:33,  2.94s/it]2026-09-22 05:03:22,985 INFO [rw_gen_positioning_type|paper_align|Qwen3-0.6B] step=228 epoch=2.1318

                                                 

 71%|███████   | 228/321 [11:11<04:33,  2.94s/it]2026-09-22 05:03:23,753 INFO [rw_gen_positioning_type|paper_align|Qwen3-0.6B] step=228 epoch=2.1318

                                                 

 71%|███████   | 228/321 [11:12<04:33,  2.94s/it]2026-09-22 05:03:24,667 INFO [rw_gen_positioning_type|paper_align|Qwen3-0.6B] step=228 epoch=2.1318

                                                 

 71%|███████   | 228/321 [11:13<04:33,  2.94s/it]2026-09-22 05:03:25,449 INFO [rw_gen_positioning_type|paper_align|Qwen3-0.6B] step=228 epoch=2.1318

                                                 

 71%|███████   | 228/321 [11:13<04:33,  2.94s/it]
 71%|███████▏  | 229/321 [11:14<04:37,  3.01s/it]2026-09-22 05:03:26,138 INFO [rw_gen_positioning_type|paper_align|Qwen3-0.6B] step=229 epoch=2.1412

                                                 

 71%|███████▏  | 229/321 [11:14<04:37,  3.01s/it]2026-09-22 05:03:26,740 INFO [rw_gen_positioning_type|paper_align|Qwen3-0.6B] step=229 epoch=2.1412

                                                 

 71%|███████▏  | 229/321 [11:15<04:37,  3.01s/it]2026-09-22 05:03:27,375 INFO [rw_gen_positioning_type|paper_align|Qwen3-0.6B] step=229 epoch=2.1412

                                                 

 71%|███████▏  | 229/321 [11:15<04:37,  3.01s/it]2026-09-22 05:03:28,052 INFO [rw_gen_positioning_type|paper_align|Qwen3-0.6B] step=229 epoch=2.1412

                                                 

 71%|███████▏  | 229/321 [11:16<04:37,  3.01s/it]
 72%|███████▏  | 230/321 [11:17<04:25,  2.92s/it]2026-09-22 05:03:28,593 INFO [rw_gen_positioning_type|paper_align|Qwen3-0.6B] step=230 loss=1.3689 learning_rate=0.0000 epoch=2.1506

                                                 

 72%|███████▏  | 230/321 [11:17<04:25,  2.92s/it]2026-09-22 05:03:28,844 INFO [rw_gen_positioning_type|paper_align|Qwen3-0.6B] step=230 epoch=2.1506

                                                 

 72%|███████▏  | 230/321 [11:17<04:25,  2.92s/it]2026-09-22 05:03:29,556 INFO [rw_gen_positioning_type|paper_align|Qwen3-0.6B] step=230 epoch=2.1506

                                                 

 72%|███████▏  | 230/321 [11:18<04:25,  2.92s/it]2026-09-22 05:03:30,288 INFO [rw_gen_positioning_type|paper_align|Qwen3-0.6B] step=230 epoch=2.1506

                                                 

 72%|███████▏  | 230/321 [11:18<04:25,  2.92s/it]2026-09-22 05:03:30,993 INFO [rw_gen_positioning_type|paper_align|Qwen3-0.6B] step=230 epoch=2.1506

                                                 

 72%|███████▏  | 230/321 [11:19<04:25,  2.92s/it]
 72%|███████▏  | 231/321 [11:19<04:22,  2.91s/it]2026-09-22 05:03:31,744 INFO [rw_gen_positioning_type|paper_align|Qwen3-0.6B] step=231 epoch=2.1600

                                                 

 72%|███████▏  | 231/321 [11:20<04:22,  2.91s/it]2026-09-22 05:03:32,610 INFO [rw_gen_positioning_type|paper_align|Qwen3-0.6B] step=231 epoch=2.1600

                                                 

 72%|███████▏  | 231/321 [11:21<04:22,  2.91s/it]2026-09-22 05:03:33,291 INFO [rw_gen_positioning_type|paper_align|Qwen3-0.6B] step=231 epoch=2.1600

                                                 

 72%|███████▏  | 231/321 [11:21<04:22,  2.91s/it]2026-09-22 05:03:34,103 INFO [rw_gen_positioning_type|paper_align|Qwen3-0.6B] step=231 epoch=2.1600

                                                 

 72%|███████▏  | 231/321 [11:22<04:22,  2.91s/it]
 72%|███████▏  | 232/321 [11:23<04:29,  3.02s/it]2026-09-22 05:03:35,026 INFO [rw_gen_positioning_type|paper_align|Qwen3-0.6B] step=232 epoch=2.1694

                                                 

 72%|███████▏  | 232/321 [11:23<04:29,  3.02s/it]2026-09-22 05:03:35,654 INFO [rw_gen_positioning_type|paper_align|Qwen3-0.6B] step=232 epoch=2.1694

                                                 

 72%|███████▏  | 232/321 [11:24<04:29,  3.02s/it]2026-09-22 05:03:36,301 INFO [rw_gen_positioning_type|paper_align|Qwen3-0.6B] step=232 epoch=2.1694

                                                 

 72%|███████▏  | 232/321 [11:24<04:29,  3.02s/it]2026-09-22 05:03:36,928 INFO [rw_gen_positioning_type|paper_align|Qwen3-0.6B] step=232 epoch=2.1694

                                                 

 72%|███████▏  | 232/321 [11:25<04:29,  3.02s/it]
 73%|███████▎  | 233/321 [11:25<04:17,  2.92s/it]2026-09-22 05:03:37,715 INFO [rw_gen_positioning_type|paper_align|Qwen3-0.6B] step=233 epoch=2.1788

                                                 

 73%|███████▎  | 233/321 [11:26<04:17,  2.92s/it]2026-09-22 05:03:38,368 INFO [rw_gen_positioning_type|paper_align|Qwen3-0.6B] step=233 epoch=2.1788

                                                 

 73%|███████▎  | 233/321 [11:26<04:17,  2.92s/it]2026-09-22 05:03:39,064 INFO [rw_gen_positioning_type|paper_align|Qwen3-0.6B] step=233 epoch=2.1788

                                                 

 73%|███████▎  | 233/321 [11:27<04:17,  2.92s/it]2026-09-22 05:03:39,652 INFO [rw_gen_positioning_type|paper_align|Qwen3-0.6B] step=233 epoch=2.1788

                                                 

 73%|███████▎  | 233/321 [11:28<04:17,  2.92s/it]
 73%|███████▎  | 234/321 [11:28<04:08,  2.85s/it]2026-09-22 05:03:40,411 INFO [rw_gen_positioning_type|paper_align|Qwen3-0.6B] step=234 epoch=2.1882

                                                 
{'eval_loss': '1.435e-05', 'eval_runtime': '3.197', 'eval_samples_per_second': '29.4', 'eval_steps_per_second': '7.507', 'eval_entropy': '0.0001581', 'eval_num_tokens': '0', 'eval_mean_token_accuracy': '1', 'epoch': '2'}
{'eval_generation_accuracy': '1', 'eval_generation_macro_f1': '1', 'eval_generation_format_valid_rate': '1', 'eval_generation_invalid_outputs': 0, 'epoch': '2'}
{'paper_align_label_loss': '4.388e-06', 'paper_align_reason_loss': '0.7265', 'epoch': '2'}
{'paper_align_label_loss': '7.674e-06', 'paper_align_reason_loss': '0.8646', 'epoch': '2'}
{'paper_align_label_loss': '6.244e-06', 'paper_align_reason_loss': '0.7241', 'epoch': '2'}
{'paper_align_label_loss': '1.416e-05', 'paper_align_reason_loss': '0.6439', 'epoch': '2'}
{'paper_align_label_loss': '6.944e-05', 'paper_align_reason_loss': '0.5134', 'epoch': '2.009'}
{'paper_align_label_loss': '8.948e-06', 'paper_align_reason_loss': '0.6188', 'epoch': '2.009'}
{'paper_align_label_loss': '9.753e-06', 'paper_align_reason_loss': '0.7814', 'epoch': '2.009'}
{'paper_align_label_loss': '5.394e-06', 'paper_align_reason_loss': '0.4908', 'epoch': '2.009'}
{'paper_align_label_loss': '4.344e-06', 'paper_align_reason_loss': '0.6098', 'epoch': '2.019'}
{'paper_align_label_loss': '1.132e-05', 'paper_align_reason_loss': '0.598', 'epoch': '2.019'}
{'paper_align_label_loss': '5.074e-06', 'paper_align_reason_loss': '0.6524', 'epoch': '2.019'}
{'paper_align_label_loss': '7.093e-06', 'paper_align_reason_loss': '0.5708', 'epoch': '2.019'}
{'paper_align_label_loss': '1.129e-05', 'paper_align_reason_loss': '0.7241', 'epoch': '2.028'}
{'paper_align_label_loss': '1.495e-05', 'paper_align_reason_loss': '0.6781', 'epoch': '2.028'}
{'paper_align_label_loss': '1.524e-05', 'paper_align_reason_loss': '0.7402', 'epoch': '2.028'}
{'paper_align_label_loss': '1.13e-05', 'paper_align_reason_loss': '0.5948', 'epoch': '2.028'}
{'paper_align_label_loss': '1.065e-05', 'paper_align_reason_loss': '0.7759', 'epoch': '2.038'}
{'paper_align_label_loss': '4.798e-06', 'paper_align_reason_loss': '0.7454', 'epoch': '2.038'}
{'paper_align_label_loss': '1.104e-05', 'paper_align_reason_loss': '0.6823', 'epoch': '2.038'}
{'paper_align_label_loss': '4.066e-05', 'paper_align_reason_loss': '0.5975', 'epoch': '2.038'}
{'paper_align_label_loss': '6.311e-06', 'paper_align_reason_loss': '0.5493', 'epoch': '2.047'}
{'paper_align_label_loss': '4.485e-06', 'paper_align_reason_loss': '0.6584', 'epoch': '2.047'}
{'paper_align_label_loss': '3.718e-06', 'paper_align_reason_loss': '0.7927', 'epoch': '2.047'}
{'paper_align_label_loss': '3.852e-06', 'paper_align_reason_loss': '0.6121', 'epoch': '2.047'}
{'loss': '1.314', 'grad_norm': '2.627', 'learning_rate': '2.427e-05', 'epoch': '2.056'}
{'paper_align_label_loss': '1.416e-05', 'paper_align_reason_loss': '0.7488', 'epoch': '2.056'}
{'paper_align_label_loss': '1.308e-05', 'paper_align_reason_loss': '0.7812', 'epoch': '2.056'}
{'paper_align_label_loss': '1.458e-05', 'paper_align_reason_loss': '0.7587', 'epoch': '2.056'}
{'paper_align_label_loss': '3.381e-05', 'paper_align_reason_loss': '0.6601', 'epoch': '2.056'}
{'paper_align_label_loss': '1.03e-05', 'paper_align_reason_loss': '0.8364', 'epoch': '2.066'}
{'paper_align_label_loss': '6.415e-06', 'paper_align_reason_loss': '0.6879', 'epoch': '2.066'}
{'paper_align_label_loss': '4.15e-06', 'paper_align_reason_loss': '0.7272', 'epoch': '2.066'}
{'paper_align_label_loss': '5.901e-06', 'paper_align_reason_loss': '0.6124', 'epoch': '2.066'}
{'paper_align_label_loss': '6.445e-06', 'paper_align_reason_loss': '0.6519', 'epoch': '2.075'}
{'paper_align_label_loss': '1.161e-05', 'paper_align_reason_loss': '0.6122', 'epoch': '2.075'}
{'paper_align_label_loss': '7.205e-06', 'paper_align_reason_loss': '0.6548', 'epoch': '2.075'}
{'paper_align_label_loss': '9.976e-06', 'paper_align_reason_loss': '0.7217', 'epoch': '2.075'}
{'paper_align_label_loss': '7.6e-06', 'paper_align_reason_loss': '0.4975', 'epoch': '2.085'}
{'paper_align_label_loss': '1.604e-05', 'paper_align_reason_loss': '0.7112', 'epoch': '2.085'}
{'paper_align_label_loss': '6.154e-06', 'paper_align_reason_loss': '0.7046', 'epoch': '2.085'}
{'paper_align_label_loss': '1.543e-05', 'paper_align_reason_loss': '0.5942', 'epoch': '2.085'}
{'paper_align_label_loss': '4.478e-06', 'paper_align_reason_loss': '0.7191', 'epoch': '2.094'}
{'paper_align_label_loss': '4.888e-06', 'paper_align_reason_loss': '0.6844', 'epoch': '2.094'}
{'paper_align_label_loss': '1.527e-05', 'paper_align_reason_loss': '0.8167', 'epoch': '2.094'}
{'paper_align_label_loss': '1.389e-05', 'paper_align_reason_loss': '0.5688', 'epoch': '2.094'}
{'paper_align_label_loss': '6.109e-06', 'paper_align_reason_loss': '0.4913', 'epoch': '2.104'}
{'paper_align_label_loss': '6.817e-06', 'paper_align_reason_loss': '0.5777', 'epoch': '2.104'}
{'paper_align_label_loss': '1.41e-05', 'paper_align_reason_loss': '0.5253', 'epoch': '2.104'}
{'paper_align_label_loss': '7.443e-06', 'paper_align_reason_loss': '0.7114', 'epoch': '2.104'}
{'paper_align_label_loss': '0.0003776', 'paper_align_reason_loss': '0.7124', 'epoch': '2.113'}
{'paper_align_label_loss': '4.977e-06', 'paper_align_reason_loss': '0.4888', 'epoch': '2.113'}
{'paper_align_label_loss': '8.814e-06', 'paper_align_reason_loss': '0.6273', 'epoch': '2.113'}
{'paper_align_label_loss': '5.618e-06', 'paper_align_reason_loss': '0.6875', 'epoch': '2.113'}
{'paper_align_label_loss': '1.458e-05', 'paper_align_reason_loss': '0.7906', 'epoch': '2.122'}
{'paper_align_label_loss': '4.753e-06', 'paper_align_reason_loss': '0.7299', 'epoch': '2.122'}
{'paper_align_label_loss': '1.281e-05', 'paper_align_reason_loss': '0.6368', 'epoch': '2.122'}
{'paper_align_label_loss': '1.86e-05', 'paper_align_reason_loss': '0.6659', 'epoch': '2.122'}
{'paper_align_label_loss': '5.506e-06', 'paper_align_reason_loss': '0.7314', 'epoch': '2.132'}
{'paper_align_label_loss': '4.955e-06', 'paper_align_reason_loss': '0.7293', 'epoch': '2.132'}
{'paper_align_label_loss': '9.596e-06', 'paper_align_reason_loss': '0.8522', 'epoch': '2.132'}
{'paper_align_label_loss': '4.53e-06', 'paper_align_reason_loss': '0.8629', 'epoch': '2.132'}
{'paper_align_label_loss': '3.912e-06', 'paper_align_reason_loss': '0.7299', 'epoch': '2.141'}
{'paper_align_label_loss': '6.497e-06', 'paper_align_reason_loss': '0.5871', 'epoch': '2.141'}
{'paper_align_label_loss': '6.892e-06', 'paper_align_reason_loss': '0.7576', 'epoch': '2.141'}
{'paper_align_label_loss': '1.827e-05', 'paper_align_reason_loss': '0.7327', 'epoch': '2.141'}
{'loss': '1.369', 'grad_norm': '2.956', 'learning_rate': '2.008e-05', 'epoch': '2.151'}
{'paper_align_label_loss': '9.768e-06', 'paper_align_reason_loss': '0.4757', 'epoch': '2.151'}
{'paper_align_label_loss': '5.491e-06', 'paper_align_reason_loss': '0.6754', 'epoch': '2.151'}
{'paper_align_label_loss': '6.027e-06', 'paper_align_reason_loss': '0.4889', 'epoch': '2.151'}
{'paper_align_label_loss': '5.178e-06', 'paper_align_reason_loss': '0.6242', 'epoch': '2.151'}
{'paper_align_label_loss': '3.465e-06', 'paper_align_reason_loss': '0.4939', 'epoch': '2.16'}
{'paper_align_label_loss': '4.224e-06', 'paper_align_reason_loss': '0.6051', 'epoch': '2.16'}
{'paper_align_label_loss': '7.428e-06', 'paper_align_reason_loss': '0.6087', 'epoch': '2.16'}
{'paper_align_label_loss': '9.619e-06', 'paper_align_reason_loss': '0.5535', 'epoch': '2.16'}
{'paper_align_label_loss': '6.877e-06', 'paper_align_reason_loss': '0.5212', 'epoch': '2.169'}
{'paper_align_label_loss': '7.287e-06', 'paper_align_reason_loss': '0.6706', 'epoch': '2.169'}
{'paper_align_label_loss': '0.001293', 'paper_align_reason_loss': '0.6878', 'epoch': '2.169'}
{'paper_align_label_loss': '7.257e-06', 'paper_align_reason_loss': '0.8427', 'epoch': '2.169'}
{'paper_align_label_loss': '6.683e-06', 'paper_align_reason_loss': '0.7801', 'epoch': '2.179'}
{'paper_align_label_loss': '9.872e-06', 'paper_align_reason_loss': '0.7829', 'epoch': '2.179'}
{'paper_align_label_loss': '3.777e-06', 'paper_align_reason_loss': '0.736', 'epoch': '2.179'}
{'paper_align_label_loss': '1.126e-05', 'paper_align_reason_loss': '0.7784', 'epoch': '2.179'}

 73%|███████▎  | 234/321 [11:28<04:08,  2.85s/it]2026-09-22 05:03:41,140 INFO [rw_gen_positioning_type|paper_align|Qwen3-0.6B] step=234 epoch=2.1882

                                                 

 73%|███████▎  | 234/321 [11:29<04:08,  2.85s/it]2026-09-22 05:03:41,760 INFO [rw_gen_positioning_type|paper_align|Qwen3-0.6B] step=234 epoch=2.1882

                                                 

 73%|███████▎  | 234/321 [11:30<04:08,  2.85s/it]2026-09-22 05:03:42,386 INFO [rw_gen_positioning_type|paper_align|Qwen3-0.6B] step=234 epoch=2.1882

                                                 

 73%|███████▎  | 234/321 [11:30<04:08,  2.85s/it]
 73%|███████▎  | 235/321 [11:31<04:03,  2.83s/it]2026-09-22 05:03:43,161 INFO [rw_gen_positioning_type|paper_align|Qwen3-0.6B] step=235 epoch=2.1976

                                                 

 73%|███████▎  | 235/321 [11:31<04:03,  2.83s/it]2026-09-22 05:03:43,741 INFO [rw_gen_positioning_type|paper_align|Qwen3-0.6B] step=235 epoch=2.1976

                                                 

 73%|███████▎  | 235/321 [11:32<04:03,  2.83s/it]2026-09-22 05:03:44,474 INFO [rw_gen_positioning_type|paper_align|Qwen3-0.6B] step=235 epoch=2.1976

                                                 

 73%|███████▎  | 235/321 [11:32<04:03,  2.83s/it]2026-09-22 05:03:45,182 INFO [rw_gen_positioning_type|paper_align|Qwen3-0.6B] step=235 epoch=2.1976

                                                 

 73%|███████▎  | 235/321 [11:33<04:03,  2.83s/it]
 74%|███████▎  | 236/321 [11:34<03:58,  2.81s/it]2026-09-22 05:03:46,201 INFO [rw_gen_positioning_type|paper_align|Qwen3-0.6B] step=236 epoch=2.2071

                                                 

 74%|███████▎  | 236/321 [11:34<03:58,  2.81s/it]2026-09-22 05:03:46,859 INFO [rw_gen_positioning_type|paper_align|Qwen3-0.6B] step=236 epoch=2.2071

                                                 

 74%|███████▎  | 236/321 [11:35<03:58,  2.81s/it]2026-09-22 05:03:47,556 INFO [rw_gen_positioning_type|paper_align|Qwen3-0.6B] step=236 epoch=2.2071

                                                 

 74%|███████▎  | 236/321 [11:36<03:58,  2.81s/it]2026-09-22 05:03:48,152 INFO [rw_gen_positioning_type|paper_align|Qwen3-0.6B] step=236 epoch=2.2071

                                                 

 74%|███████▎  | 236/321 [11:36<03:58,  2.81s/it]
 74%|███████▍  | 237/321 [11:37<03:58,  2.84s/it]2026-09-22 05:03:48,866 INFO [rw_gen_positioning_type|paper_align|Qwen3-0.6B] step=237 epoch=2.2165

                                                 

 74%|███████▍  | 237/321 [11:37<03:58,  2.84s/it]2026-09-22 05:03:49,691 INFO [rw_gen_positioning_type|paper_align|Qwen3-0.6B] step=237 epoch=2.2165

                                                 

 74%|███████▍  | 237/321 [11:38<03:58,  2.84s/it]2026-09-22 05:03:50,410 INFO [rw_gen_positioning_type|paper_align|Qwen3-0.6B] step=237 epoch=2.2165

                                                 

 74%|███████▍  | 237/321 [11:38<03:58,  2.84s/it]2026-09-22 05:03:51,161 INFO [rw_gen_positioning_type|paper_align|Qwen3-0.6B] step=237 epoch=2.2165

                                                 

 74%|███████▍  | 237/321 [11:39<03:58,  2.84s/it]
 74%|███████▍  | 238/321 [11:40<04:00,  2.90s/it]2026-09-22 05:03:51,919 INFO [rw_gen_positioning_type|paper_align|Qwen3-0.6B] step=238 epoch=2.2259

                                                 

 74%|███████▍  | 238/321 [11:40<04:00,  2.90s/it]2026-09-22 05:03:52,801 INFO [rw_gen_positioning_type|paper_align|Qwen3-0.6B] step=238 epoch=2.2259

                                                 

 74%|███████▍  | 238/321 [11:41<04:00,  2.90s/it]2026-09-22 05:03:53,761 INFO [rw_gen_positioning_type|paper_align|Qwen3-0.6B] step=238 epoch=2.2259

                                                 

 74%|███████▍  | 238/321 [11:42<04:00,  2.90s/it]2026-09-22 05:03:54,555 INFO [rw_gen_positioning_type|paper_align|Qwen3-0.6B] step=238 epoch=2.2259

                                                 

 74%|███████▍  | 238/321 [11:43<04:00,  2.90s/it]
 74%|███████▍  | 239/321 [11:43<04:12,  3.08s/it]2026-09-22 05:03:55,388 INFO [rw_gen_positioning_type|paper_align|Qwen3-0.6B] step=239 epoch=2.2353

                                                 

 74%|███████▍  | 239/321 [11:43<04:12,  3.08s/it]2026-09-22 05:03:56,149 INFO [rw_gen_positioning_type|paper_align|Qwen3-0.6B] step=239 epoch=2.2353

                                                 

 74%|███████▍  | 239/321 [11:44<04:12,  3.08s/it]2026-09-22 05:03:57,043 INFO [rw_gen_positioning_type|paper_align|Qwen3-0.6B] step=239 epoch=2.2353

                                                 

 74%|███████▍  | 239/321 [11:45<04:12,  3.08s/it]2026-09-22 05:03:57,712 INFO [rw_gen_positioning_type|paper_align|Qwen3-0.6B] step=239 epoch=2.2353

                                                 

 74%|███████▍  | 239/321 [11:46<04:12,  3.08s/it]
 75%|███████▍  | 240/321 [11:46<04:09,  3.08s/it]2026-09-22 05:03:58,223 INFO [rw_gen_positioning_type|paper_align|Qwen3-0.6B] step=240 loss=1.3794 learning_rate=0.0000 epoch=2.2447

                                                 

 75%|███████▍  | 240/321 [11:46<04:09,  3.08s/it]2026-09-22 05:03:58,475 INFO [rw_gen_positioning_type|paper_align|Qwen3-0.6B] step=240 epoch=2.2447

                                                 

 75%|███████▍  | 240/321 [11:46<04:09,  3.08s/it]2026-09-22 05:03:59,224 INFO [rw_gen_positioning_type|paper_align|Qwen3-0.6B] step=240 epoch=2.2447

                                                 

 75%|███████▍  | 240/321 [11:47<04:09,  3.08s/it]2026-09-22 05:03:59,896 INFO [rw_gen_positioning_type|paper_align|Qwen3-0.6B] step=240 epoch=2.2447

                                                 

 75%|███████▍  | 240/321 [11:48<04:09,  3.08s/it]2026-09-22 05:04:00,545 INFO [rw_gen_positioning_type|paper_align|Qwen3-0.6B] step=240 epoch=2.2447

                                                 

 75%|███████▍  | 240/321 [11:49<04:09,  3.08s/it]
 75%|███████▌  | 241/321 [11:49<03:57,  2.97s/it]2026-09-22 05:04:01,431 INFO [rw_gen_positioning_type|paper_align|Qwen3-0.6B] step=241 epoch=2.2541

                                                 

 75%|███████▌  | 241/321 [11:49<03:57,  2.97s/it]2026-09-22 05:04:02,014 INFO [rw_gen_positioning_type|paper_align|Qwen3-0.6B] step=241 epoch=2.2541

                                                 

 75%|███████▌  | 241/321 [11:50<03:57,  2.97s/it]2026-09-22 05:04:02,756 INFO [rw_gen_positioning_type|paper_align|Qwen3-0.6B] step=241 epoch=2.2541

                                                 

 75%|███████▌  | 241/321 [11:51<03:57,  2.97s/it]2026-09-22 05:04:03,494 INFO [rw_gen_positioning_type|paper_align|Qwen3-0.6B] step=241 epoch=2.2541

                                                 

 75%|███████▌  | 241/321 [11:51<03:57,  2.97s/it]
 75%|███████▌  | 242/321 [11:52<03:57,  3.01s/it]2026-09-22 05:04:04,276 INFO [rw_gen_positioning_type|paper_align|Qwen3-0.6B] step=242 epoch=2.2635

                                                 

 75%|███████▌  | 242/321 [11:52<03:57,  3.01s/it]2026-09-22 05:04:04,912 INFO [rw_gen_positioning_type|paper_align|Qwen3-0.6B] step=242 epoch=2.2635

                                                 

 75%|███████▌  | 242/321 [11:53<03:57,  3.01s/it]2026-09-22 05:04:05,541 INFO [rw_gen_positioning_type|paper_align|Qwen3-0.6B] step=242 epoch=2.2635

                                                 

 75%|███████▌  | 242/321 [11:54<03:57,  3.01s/it]2026-09-22 05:04:06,136 INFO [rw_gen_positioning_type|paper_align|Qwen3-0.6B] step=242 epoch=2.2635

                                                 

 75%|███████▌  | 242/321 [11:54<03:57,  3.01s/it]
 76%|███████▌  | 243/321 [11:55<03:44,  2.88s/it]2026-09-22 05:04:06,843 INFO [rw_gen_positioning_type|paper_align|Qwen3-0.6B] step=243 epoch=2.2729

                                                 

 76%|███████▌  | 243/321 [11:55<03:44,  2.88s/it]2026-09-22 05:04:07,571 INFO [rw_gen_positioning_type|paper_align|Qwen3-0.6B] step=243 epoch=2.2729

                                                 

 76%|███████▌  | 243/321 [11:56<03:44,  2.88s/it]2026-09-22 05:04:08,189 INFO [rw_gen_positioning_type|paper_align|Qwen3-0.6B] step=243 epoch=2.2729

                                                 

 76%|███████▌  | 243/321 [11:56<03:44,  2.88s/it]2026-09-22 05:04:08,845 INFO [rw_gen_positioning_type|paper_align|Qwen3-0.6B] step=243 epoch=2.2729

                                                 

 76%|███████▌  | 243/321 [11:57<03:44,  2.88s/it]
 76%|███████▌  | 244/321 [11:57<03:36,  2.82s/it]2026-09-22 05:04:09,513 INFO [rw_gen_positioning_type|paper_align|Qwen3-0.6B] step=244 epoch=2.2824

                                                 

 76%|███████▌  | 244/321 [11:57<03:36,  2.82s/it]2026-09-22 05:04:10,139 INFO [rw_gen_positioning_type|paper_align|Qwen3-0.6B] step=244 epoch=2.2824

                                                 

 76%|███████▌  | 244/321 [11:58<03:36,  2.82s/it]2026-09-22 05:04:10,867 INFO [rw_gen_positioning_type|paper_align|Qwen3-0.6B] step=244 epoch=2.2824

                                                 

 76%|███████▌  | 244/321 [11:59<03:36,  2.82s/it]2026-09-22 05:04:11,548 INFO [rw_gen_positioning_type|paper_align|Qwen3-0.6B] step=244 epoch=2.2824

                                                 

 76%|███████▌  | 244/321 [12:00<03:36,  2.82s/it]
 76%|███████▋  | 245/321 [12:00<03:30,  2.77s/it]2026-09-22 05:04:12,180 INFO [rw_gen_positioning_type|paper_align|Qwen3-0.6B] step=245 epoch=2.2918

                                                 

 76%|███████▋  | 245/321 [12:00<03:30,  2.77s/it]2026-09-22 05:04:12,768 INFO [rw_gen_positioning_type|paper_align|Qwen3-0.6B] step=245 epoch=2.2918

                                                 

 76%|███████▋  | 245/321 [12:01<03:30,  2.77s/it]2026-09-22 05:04:13,443 INFO [rw_gen_positioning_type|paper_align|Qwen3-0.6B] step=245 epoch=2.2918

                                                 

 76%|███████▋  | 245/321 [12:01<03:30,  2.77s/it]2026-09-22 05:04:14,265 INFO [rw_gen_positioning_type|paper_align|Qwen3-0.6B] step=245 epoch=2.2918

                                                 

 76%|███████▋  | 245/321 [12:02<03:30,  2.77s/it]
 77%|███████▋  | 246/321 [12:03<03:29,  2.80s/it]2026-09-22 05:04:15,084 INFO [rw_gen_positioning_type|paper_align|Qwen3-0.6B] step=246 epoch=2.3012

                                                 

 77%|███████▋  | 246/321 [12:03<03:29,  2.80s/it]2026-09-22 05:04:16,142 INFO [rw_gen_positioning_type|paper_align|Qwen3-0.6B] step=246 epoch=2.3012

                                                 

 77%|███████▋  | 246/321 [12:04<03:29,  2.80s/it]2026-09-22 05:04:16,766 INFO [rw_gen_positioning_type|paper_align|Qwen3-0.6B] step=246 epoch=2.3012

                                                 

 77%|███████▋  | 246/321 [12:05<03:29,  2.80s/it]2026-09-22 05:04:17,419 INFO [rw_gen_positioning_type|paper_align|Qwen3-0.6B] step=246 epoch=2.3012

                                                 

 77%|███████▋  | 246/321 [12:05<03:29,  2.80s/it]
 77%|███████▋  | 247/321 [12:06<03:32,  2.87s/it]2026-09-22 05:04:18,087 INFO [rw_gen_positioning_type|paper_align|Qwen3-0.6B] step=247 epoch=2.3106

                                                 

 77%|███████▋  | 247/321 [12:06<03:32,  2.87s/it]2026-09-22 05:04:18,726 INFO [rw_gen_positioning_type|paper_align|Qwen3-0.6B] step=247 epoch=2.3106

                                                 

 77%|███████▋  | 247/321 [12:07<03:32,  2.87s/it]2026-09-22 05:04:19,471 INFO [rw_gen_positioning_type|paper_align|Qwen3-0.6B] step=247 epoch=2.3106

                                                 

 77%|███████▋  | 247/321 [12:07<03:32,  2.87s/it]2026-09-22 05:04:20,137 INFO [rw_gen_positioning_type|paper_align|Qwen3-0.6B] step=247 epoch=2.3106

                                                 

 77%|███████▋  | 247/321 [12:08<03:32,  2.87s/it]
 77%|███████▋  | 248/321 [12:09<03:26,  2.84s/it]2026-09-22 05:04:20,915 INFO [rw_gen_positioning_type|paper_align|Qwen3-0.6B] step=248 epoch=2.3200

                                                 

 77%|███████▋  | 248/321 [12:09<03:26,  2.84s/it]2026-09-22 05:04:21,861 INFO [rw_gen_positioning_type|paper_align|Qwen3-0.6B] step=248 epoch=2.3200

                                                 

 77%|███████▋  | 248/321 [12:10<03:26,  2.84s/it]2026-09-22 05:04:22,501 INFO [rw_gen_positioning_type|paper_align|Qwen3-0.6B] step=248 epoch=2.3200

                                                 

 77%|███████▋  | 248/321 [12:10<03:26,  2.84s/it]2026-09-22 05:04:23,076 INFO [rw_gen_positioning_type|paper_align|Qwen3-0.6B] step=248 epoch=2.3200

                                                 

 77%|███████▋  | 248/321 [12:11<03:26,  2.84s/it]
 78%|███████▊  | 249/321 [12:11<03:25,  2.86s/it]2026-09-22 05:04:23,747 INFO [rw_gen_positioning_type|paper_align|Qwen3-0.6B] step=249 epoch=2.3294

                                                 

 78%|███████▊  | 249/321 [12:12<03:25,  2.86s/it]2026-09-22 05:04:24,474 INFO [rw_gen_positioning_type|paper_align|Qwen3-0.6B] step=249 epoch=2.3294

                                                 

 78%|███████▊  | 249/321 [12:12<03:25,  2.86s/it]2026-09-22 05:04:25,184 INFO [rw_gen_positioning_type|paper_align|Qwen3-0.6B] step=249 epoch=2.3294

                                                 

 78%|███████▊  | 249/321 [12:13<03:25,  2.86s/it]2026-09-22 05:04:25,917 INFO [rw_gen_positioning_type|paper_align|Qwen3-0.6B] step=249 epoch=2.3294

                                                 

 78%|███████▊  | 249/321 [12:14<03:25,  2.86s/it]
 78%|███████▊  | 250/321 [12:14<03:23,  2.87s/it]2026-09-22 05:04:26,413 INFO [rw_gen_positioning_type|paper_align|Qwen3-0.6B] step=250 loss=1.4116 learning_rate=0.0000 epoch=2.3388

                                                 

 78%|███████▊  | 250/321 [12:14<03:23,  2.87s/it]2026-09-22 05:04:26,673 INFO [rw_gen_positioning_type|paper_align|Qwen3-0.6B] step=250 epoch=2.3388

                                                 

 78%|███████▊  | 250/321 [12:15<03:23,  2.87s/it]2026-09-22 05:04:27,363 INFO [rw_gen_positioning_type|paper_align|Qwen3-0.6B] step=250 epoch=2.3388

                                                 

 78%|███████▊  | 250/321 [12:15<03:23,  2.87s/it]2026-09-22 05:04:28,071 INFO [rw_gen_positioning_type|paper_align|Qwen3-0.6B] step=250 epoch=2.3388

                                                 

 78%|███████▊  | 250/321 [12:16<03:23,  2.87s/it]2026-09-22 05:04:28,930 INFO [rw_gen_positioning_type|paper_align|Qwen3-0.6B] step=250 epoch=2.3388

                                                 

 78%|███████▊  | 250/321 [12:17<03:23,  2.87s/it]
 78%|███████▊  | 251/321 [12:17<03:24,  2.92s/it]2026-09-22 05:04:30,003 INFO [rw_gen_positioning_type|paper_align|Qwen3-0.6B] step=251 epoch=2.3482

                                                 

 78%|███████▊  | 251/321 [12:18<03:24,  2.92s/it]2026-09-22 05:04:30,577 INFO [rw_gen_positioning_type|paper_align|Qwen3-0.6B] step=251 epoch=2.3482

                                                 

 78%|███████▊  | 251/321 [12:19<03:24,  2.92s/it]2026-09-22 05:04:31,370 INFO [rw_gen_positioning_type|paper_align|Qwen3-0.6B] step=251 epoch=2.3482

                                                 

 78%|███████▊  | 251/321 [12:19<03:24,  2.92s/it]2026-09-22 05:04:31,972 INFO [rw_gen_positioning_type|paper_align|Qwen3-0.6B] step=251 epoch=2.3482

                                                 

 78%|███████▊  | 251/321 [12:20<03:24,  2.92s/it]
 79%|███████▊  | 252/321 [12:20<03:24,  2.97s/it]2026-09-22 05:04:32,766 INFO [rw_gen_positioning_type|paper_align|Qwen3-0.6B] step=252 epoch=2.3576

                                                 

 79%|███████▊  | 252/321 [12:21<03:24,  2.97s/it]2026-09-22 05:04:33,511 INFO [rw_gen_positioning_type|paper_align|Qwen3-0.6B] step=252 epoch=2.3576

                                                 

 79%|███████▊  | 252/321 [12:21<03:24,  2.97s/it]2026-09-22 05:04:34,276 INFO [rw_gen_positioning_type|paper_align|Qwen3-0.6B] step=252 epoch=2.3576

                                                 

 79%|███████▊  | 252/321 [12:22<03:24,  2.97s/it]2026-09-22 05:04:34,937 INFO [rw_gen_positioning_type|paper_align|Qwen3-0.6B] step=252 epoch=2.3576

                                                 

 79%|███████▊  | 252/321 [12:23<03:24,  2.97s/it]
 79%|███████▉  | 253/321 [12:23<03:20,  2.95s/it]2026-09-22 05:04:35,657 INFO [rw_gen_positioning_type|paper_align|Qwen3-0.6B] step=253 epoch=2.3671

                                                 

 79%|███████▉  | 253/321 [12:24<03:20,  2.95s/it]2026-09-22 05:04:36,377 INFO [rw_gen_positioning_type|paper_align|Qwen3-0.6B] step=253 epoch=2.3671

                                                 

 79%|███████▉  | 253/321 [12:24<03:20,  2.95s/it]2026-09-22 05:04:37,486 INFO [rw_gen_positioning_type|paper_align|Qwen3-0.6B] step=253 epoch=2.3671

                                                 

 79%|███████▉  | 253/321 [12:25<03:20,  2.95s/it]2026-09-22 05:04:38,444 INFO [rw_gen_positioning_type|paper_align|Qwen3-0.6B] step=253 epoch=2.3671

                                                 

 79%|███████▉  | 253/321 [12:26<03:20,  2.95s/it]
 79%|███████▉  | 254/321 [12:27<03:29,  3.13s/it]2026-09-22 05:04:39,201 INFO [rw_gen_positioning_type|paper_align|Qwen3-0.6B] step=254 epoch=2.3765

                                                 

 79%|███████▉  | 254/321 [12:27<03:29,  3.13s/it]2026-09-22 05:04:39,907 INFO [rw_gen_positioning_type|paper_align|Qwen3-0.6B] step=254 epoch=2.3765

                                                 

 79%|███████▉  | 254/321 [12:28<03:29,  3.13s/it]2026-09-22 05:04:40,563 INFO [rw_gen_positioning_type|paper_align|Qwen3-0.6B] step=254 epoch=2.3765

                                                 

 79%|███████▉  | 254/321 [12:29<03:29,  3.13s/it]2026-09-22 05:04:41,196 INFO [rw_gen_positioning_type|paper_align|Qwen3-0.6B] step=254 epoch=2.3765

                                                 

 79%|███████▉  | 254/321 [12:29<03:29,  3.13s/it]
 79%|███████▉  | 255/321 [12:30<03:18,  3.01s/it]2026-09-22 05:04:41,942 INFO [rw_gen_positioning_type|paper_align|Qwen3-0.6B] step=255 epoch=2.3859

                                                 
{'paper_align_label_loss': '5.245e-06', 'paper_align_reason_loss': '0.7266', 'epoch': '2.188'}
{'paper_align_label_loss': '1.281e-05', 'paper_align_reason_loss': '0.9251', 'epoch': '2.188'}
{'paper_align_label_loss': '6.884e-06', 'paper_align_reason_loss': '0.768', 'epoch': '2.188'}
{'paper_align_label_loss': '7.361e-06', 'paper_align_reason_loss': '0.804', 'epoch': '2.188'}
{'paper_align_label_loss': '3.844e-06', 'paper_align_reason_loss': '0.6562', 'epoch': '2.198'}
{'paper_align_label_loss': '4.962e-06', 'paper_align_reason_loss': '0.7407', 'epoch': '2.198'}
{'paper_align_label_loss': '3.338e-06', 'paper_align_reason_loss': '0.4601', 'epoch': '2.198'}
{'paper_align_label_loss': '4.299e-06', 'paper_align_reason_loss': '0.6794', 'epoch': '2.198'}
{'paper_align_label_loss': '8.963e-06', 'paper_align_reason_loss': '0.664', 'epoch': '2.207'}
{'paper_align_label_loss': '4.016e-06', 'paper_align_reason_loss': '0.7467', 'epoch': '2.207'}
{'paper_align_label_loss': '4.031e-06', 'paper_align_reason_loss': '0.4742', 'epoch': '2.207'}
{'paper_align_label_loss': '5.543e-06', 'paper_align_reason_loss': '0.6442', 'epoch': '2.207'}
{'paper_align_label_loss': '4.463e-06', 'paper_align_reason_loss': '0.4996', 'epoch': '2.216'}
{'paper_align_label_loss': '5.066e-06', 'paper_align_reason_loss': '0.7993', 'epoch': '2.216'}
{'paper_align_label_loss': '7.793e-06', 'paper_align_reason_loss': '0.6942', 'epoch': '2.216'}
{'paper_align_label_loss': '3.912e-06', 'paper_align_reason_loss': '0.9365', 'epoch': '2.216'}
{'paper_align_label_loss': '1.092e-05', 'paper_align_reason_loss': '0.7206', 'epoch': '2.226'}
{'paper_align_label_loss': '5.864e-06', 'paper_align_reason_loss': '0.9691', 'epoch': '2.226'}
{'paper_align_label_loss': '1.556e-05', 'paper_align_reason_loss': '0.5366', 'epoch': '2.226'}
{'paper_align_label_loss': '9.738e-06', 'paper_align_reason_loss': '0.8219', 'epoch': '2.226'}
{'paper_align_label_loss': '8.725e-06', 'paper_align_reason_loss': '0.6457', 'epoch': '2.235'}
{'paper_align_label_loss': '5.114e-05', 'paper_align_reason_loss': '0.8597', 'epoch': '2.235'}
{'paper_align_label_loss': '5.022e-06', 'paper_align_reason_loss': '0.6175', 'epoch': '2.235'}
{'paper_align_label_loss': '7.011e-06', 'paper_align_reason_loss': '0.8719', 'epoch': '2.235'}
{'loss': '1.379', 'grad_norm': '3.026', 'learning_rate': '1.619e-05', 'epoch': '2.245'}
{'paper_align_label_loss': '8.3e-06', 'paper_align_reason_loss': '0.6199', 'epoch': '2.245'}
{'paper_align_label_loss': '6.728e-06', 'paper_align_reason_loss': '0.6056', 'epoch': '2.245'}
{'paper_align_label_loss': '1.325e-05', 'paper_align_reason_loss': '0.751', 'epoch': '2.245'}
{'paper_align_label_loss': '5.789e-06', 'paper_align_reason_loss': '0.6632', 'epoch': '2.245'}
{'paper_align_label_loss': '3.159e-06', 'paper_align_reason_loss': '0.7828', 'epoch': '2.254'}
{'paper_align_label_loss': '3.837e-06', 'paper_align_reason_loss': '0.7752', 'epoch': '2.254'}
{'paper_align_label_loss': '5.282e-06', 'paper_align_reason_loss': '0.4991', 'epoch': '2.254'}
{'paper_align_label_loss': '1.111e-05', 'paper_align_reason_loss': '0.6561', 'epoch': '2.254'}
{'paper_align_label_loss': '7.875e-06', 'paper_align_reason_loss': '0.6406', 'epoch': '2.264'}
{'paper_align_label_loss': '4.455e-06', 'paper_align_reason_loss': '0.7166', 'epoch': '2.264'}
{'paper_align_label_loss': '7.421e-06', 'paper_align_reason_loss': '0.9388', 'epoch': '2.264'}
{'paper_align_label_loss': '1.897e-05', 'paper_align_reason_loss': '0.5769', 'epoch': '2.264'}
{'paper_align_label_loss': '4.18e-06', 'paper_align_reason_loss': '0.6016', 'epoch': '2.273'}
{'paper_align_label_loss': '9.097e-06', 'paper_align_reason_loss': '0.6376', 'epoch': '2.273'}
{'paper_align_label_loss': '6.966e-06', 'paper_align_reason_loss': '0.7245', 'epoch': '2.273'}
{'paper_align_label_loss': '3.993e-06', 'paper_align_reason_loss': '0.6013', 'epoch': '2.273'}
{'paper_align_label_loss': '3.912e-06', 'paper_align_reason_loss': '0.8349', 'epoch': '2.282'}
{'paper_align_label_loss': '4.545e-06', 'paper_align_reason_loss': '0.7108', 'epoch': '2.282'}
{'paper_align_label_loss': '4.545e-06', 'paper_align_reason_loss': '0.6578', 'epoch': '2.282'}
{'paper_align_label_loss': '3.345e-06', 'paper_align_reason_loss': '0.7593', 'epoch': '2.282'}
{'paper_align_label_loss': '3.681e-06', 'paper_align_reason_loss': '0.6654', 'epoch': '2.292'}
{'paper_align_label_loss': '5.446e-06', 'paper_align_reason_loss': '0.6969', 'epoch': '2.292'}
{'paper_align_label_loss': '5.521e-06', 'paper_align_reason_loss': '0.8559', 'epoch': '2.292'}
{'paper_align_label_loss': '6.057e-06', 'paper_align_reason_loss': '0.6995', 'epoch': '2.292'}
{'paper_align_label_loss': '2.96e-05', 'paper_align_reason_loss': '0.5206', 'epoch': '2.301'}
{'paper_align_label_loss': '3.487e-06', 'paper_align_reason_loss': '0.5624', 'epoch': '2.301'}
{'paper_align_label_loss': '7.115e-06', 'paper_align_reason_loss': '0.896', 'epoch': '2.301'}
{'paper_align_label_loss': '4.329e-06', 'paper_align_reason_loss': '0.6987', 'epoch': '2.301'}
{'paper_align_label_loss': '1.652e-05', 'paper_align_reason_loss': '0.5313', 'epoch': '2.311'}
{'paper_align_label_loss': '4.038e-06', 'paper_align_reason_loss': '0.788', 'epoch': '2.311'}
{'paper_align_label_loss': '3.688e-06', 'paper_align_reason_loss': '0.6191', 'epoch': '2.311'}
{'paper_align_label_loss': '1.981e-05', 'paper_align_reason_loss': '0.8044', 'epoch': '2.311'}
{'paper_align_label_loss': '6.378e-06', 'paper_align_reason_loss': '0.8882', 'epoch': '2.32'}
{'paper_align_label_loss': '0.001287', 'paper_align_reason_loss': '0.8127', 'epoch': '2.32'}
{'paper_align_label_loss': '4.5e-06', 'paper_align_reason_loss': '0.7981', 'epoch': '2.32'}
{'paper_align_label_loss': '9.596e-06', 'paper_align_reason_loss': '0.6379', 'epoch': '2.32'}
{'paper_align_label_loss': '5.58e-06', 'paper_align_reason_loss': '0.8795', 'epoch': '2.329'}
{'paper_align_label_loss': '7.264e-06', 'paper_align_reason_loss': '0.7909', 'epoch': '2.329'}
{'paper_align_label_loss': '5.856e-06', 'paper_align_reason_loss': '0.7849', 'epoch': '2.329'}
{'paper_align_label_loss': '5.804e-06', 'paper_align_reason_loss': '0.5462', 'epoch': '2.329'}
{'loss': '1.412', 'grad_norm': '3.143', 'learning_rate': '1.265e-05', 'epoch': '2.339'}
{'paper_align_label_loss': '6.244e-06', 'paper_align_reason_loss': '0.5744', 'epoch': '2.339'}
{'paper_align_label_loss': '3.897e-06', 'paper_align_reason_loss': '0.6031', 'epoch': '2.339'}
{'paper_align_label_loss': '6.467e-06', 'paper_align_reason_loss': '0.8701', 'epoch': '2.339'}
{'paper_align_label_loss': '8.158e-06', 'paper_align_reason_loss': '0.4533', 'epoch': '2.339'}
{'paper_align_label_loss': '3.874e-06', 'paper_align_reason_loss': '0.5666', 'epoch': '2.348'}
{'paper_align_label_loss': '1.235e-05', 'paper_align_reason_loss': '0.6837', 'epoch': '2.348'}
{'paper_align_label_loss': '8.732e-06', 'paper_align_reason_loss': '0.6572', 'epoch': '2.348'}
{'paper_align_label_loss': '8.069e-06', 'paper_align_reason_loss': '0.703', 'epoch': '2.348'}
{'paper_align_label_loss': '6.601e-06', 'paper_align_reason_loss': '0.741', 'epoch': '2.358'}
{'paper_align_label_loss': '7.197e-06', 'paper_align_reason_loss': '0.7765', 'epoch': '2.358'}
{'paper_align_label_loss': '4.053e-06', 'paper_align_reason_loss': '0.6086', 'epoch': '2.358'}
{'paper_align_label_loss': '5.007e-06', 'paper_align_reason_loss': '0.7877', 'epoch': '2.358'}
{'paper_align_label_loss': '7.063e-06', 'paper_align_reason_loss': '0.7163', 'epoch': '2.367'}
{'paper_align_label_loss': '4.977e-06', 'paper_align_reason_loss': '1.018', 'epoch': '2.367'}
{'paper_align_label_loss': '1.218e-05', 'paper_align_reason_loss': '0.9635', 'epoch': '2.367'}
{'paper_align_label_loss': '8.553e-06', 'paper_align_reason_loss': '0.558', 'epoch': '2.367'}
{'paper_align_label_loss': '4.388e-06', 'paper_align_reason_loss': '0.5887', 'epoch': '2.376'}
{'paper_align_label_loss': '5.834e-06', 'paper_align_reason_loss': '0.7008', 'epoch': '2.376'}
{'paper_align_label_loss': '3.383e-06', 'paper_align_reason_loss': '0.7318', 'epoch': '2.376'}
{'paper_align_label_loss': '7.071e-06', 'paper_align_reason_loss': '0.8255', 'epoch': '2.376'}

 79%|███████▉  | 255/321 [12:30<03:18,  3.01s/it]2026-09-22 05:04:42,549 INFO [rw_gen_positioning_type|paper_align|Qwen3-0.6B] step=255 epoch=2.3859

                                                 

 79%|███████▉  | 255/321 [12:31<03:18,  3.01s/it]2026-09-22 05:04:43,329 INFO [rw_gen_positioning_type|paper_align|Qwen3-0.6B] step=255 epoch=2.3859

                                                 

 79%|███████▉  | 255/321 [12:31<03:18,  3.01s/it]2026-09-22 05:04:44,029 INFO [rw_gen_positioning_type|paper_align|Qwen3-0.6B] step=255 epoch=2.3859

                                                 

 79%|███████▉  | 255/321 [12:32<03:18,  3.01s/it]
 80%|███████▉  | 256/321 [12:33<03:12,  2.96s/it]2026-09-22 05:04:45,040 INFO [rw_gen_positioning_type|paper_align|Qwen3-0.6B] step=256 epoch=2.3953

                                                 

 80%|███████▉  | 256/321 [12:33<03:12,  2.96s/it]2026-09-22 05:04:45,607 INFO [rw_gen_positioning_type|paper_align|Qwen3-0.6B] step=256 epoch=2.3953

                                                 

 80%|███████▉  | 256/321 [12:34<03:12,  2.96s/it]2026-09-22 05:04:46,196 INFO [rw_gen_positioning_type|paper_align|Qwen3-0.6B] step=256 epoch=2.3953

                                                 

 80%|███████▉  | 256/321 [12:34<03:12,  2.96s/it]2026-09-22 05:04:46,899 INFO [rw_gen_positioning_type|paper_align|Qwen3-0.6B] step=256 epoch=2.3953

                                                 

 80%|███████▉  | 256/321 [12:35<03:12,  2.96s/it]
 80%|████████  | 257/321 [12:35<03:07,  2.93s/it]2026-09-22 05:04:47,645 INFO [rw_gen_positioning_type|paper_align|Qwen3-0.6B] step=257 epoch=2.4047

                                                 

 80%|████████  | 257/321 [12:36<03:07,  2.93s/it]2026-09-22 05:04:48,301 INFO [rw_gen_positioning_type|paper_align|Qwen3-0.6B] step=257 epoch=2.4047

                                                 

 80%|████████  | 257/321 [12:36<03:07,  2.93s/it]2026-09-22 05:04:48,917 INFO [rw_gen_positioning_type|paper_align|Qwen3-0.6B] step=257 epoch=2.4047

                                                 

 80%|████████  | 257/321 [12:37<03:07,  2.93s/it]2026-09-22 05:04:49,532 INFO [rw_gen_positioning_type|paper_align|Qwen3-0.6B] step=257 epoch=2.4047

                                                 

 80%|████████  | 257/321 [12:38<03:07,  2.93s/it]
 80%|████████  | 258/321 [12:38<02:58,  2.83s/it]2026-09-22 05:04:50,232 INFO [rw_gen_positioning_type|paper_align|Qwen3-0.6B] step=258 epoch=2.4141

                                                 

 80%|████████  | 258/321 [12:38<02:58,  2.83s/it]2026-09-22 05:04:50,815 INFO [rw_gen_positioning_type|paper_align|Qwen3-0.6B] step=258 epoch=2.4141

                                                 

 80%|████████  | 258/321 [12:39<02:58,  2.83s/it]2026-09-22 05:04:51,470 INFO [rw_gen_positioning_type|paper_align|Qwen3-0.6B] step=258 epoch=2.4141

                                                 

 80%|████████  | 258/321 [12:39<02:58,  2.83s/it]2026-09-22 05:04:52,048 INFO [rw_gen_positioning_type|paper_align|Qwen3-0.6B] step=258 epoch=2.4141

                                                 

 80%|████████  | 258/321 [12:40<02:58,  2.83s/it]
 81%|████████  | 259/321 [12:41<02:50,  2.74s/it]2026-09-22 05:04:52,785 INFO [rw_gen_positioning_type|paper_align|Qwen3-0.6B] step=259 epoch=2.4235

                                                 

 81%|████████  | 259/321 [12:41<02:50,  2.74s/it]2026-09-22 05:04:53,506 INFO [rw_gen_positioning_type|paper_align|Qwen3-0.6B] step=259 epoch=2.4235

                                                 

 81%|████████  | 259/321 [12:41<02:50,  2.74s/it]2026-09-22 05:04:54,235 INFO [rw_gen_positioning_type|paper_align|Qwen3-0.6B] step=259 epoch=2.4235

                                                 

 81%|████████  | 259/321 [12:42<02:50,  2.74s/it]2026-09-22 05:04:54,845 INFO [rw_gen_positioning_type|paper_align|Qwen3-0.6B] step=259 epoch=2.4235

                                                 

 81%|████████  | 259/321 [12:43<02:50,  2.74s/it]
 81%|████████  | 260/321 [12:43<02:49,  2.77s/it]2026-09-22 05:04:55,384 INFO [rw_gen_positioning_type|paper_align|Qwen3-0.6B] step=260 loss=1.4147 learning_rate=0.0000 epoch=2.4329

                                                 

 81%|████████  | 260/321 [12:43<02:49,  2.77s/it]2026-09-22 05:04:55,630 INFO [rw_gen_positioning_type|paper_align|Qwen3-0.6B] step=260 epoch=2.4329

                                                 

 81%|████████  | 260/321 [12:44<02:49,  2.77s/it]2026-09-22 05:04:56,282 INFO [rw_gen_positioning_type|paper_align|Qwen3-0.6B] step=260 epoch=2.4329

                                                 

 81%|████████  | 260/321 [12:44<02:49,  2.77s/it]2026-09-22 05:04:56,938 INFO [rw_gen_positioning_type|paper_align|Qwen3-0.6B] step=260 epoch=2.4329

                                                 

 81%|████████  | 260/321 [12:45<02:49,  2.77s/it]2026-09-22 05:04:57,524 INFO [rw_gen_positioning_type|paper_align|Qwen3-0.6B] step=260 epoch=2.4329

                                                 

 81%|████████  | 260/321 [12:45<02:49,  2.77s/it]
 81%|████████▏ | 261/321 [12:46<02:42,  2.71s/it]2026-09-22 05:04:58,176 INFO [rw_gen_positioning_type|paper_align|Qwen3-0.6B] step=261 epoch=2.4424

                                                 

 81%|████████▏ | 261/321 [12:46<02:42,  2.71s/it]2026-09-22 05:04:59,090 INFO [rw_gen_positioning_type|paper_align|Qwen3-0.6B] step=261 epoch=2.4424

                                                 

 81%|████████▏ | 261/321 [12:47<02:42,  2.71s/it]2026-09-22 05:04:59,779 INFO [rw_gen_positioning_type|paper_align|Qwen3-0.6B] step=261 epoch=2.4424

                                                 

 81%|████████▏ | 261/321 [12:48<02:42,  2.71s/it]2026-09-22 05:05:00,410 INFO [rw_gen_positioning_type|paper_align|Qwen3-0.6B] step=261 epoch=2.4424

                                                 

 81%|████████▏ | 261/321 [12:48<02:42,  2.71s/it]
 82%|████████▏ | 262/321 [12:49<02:42,  2.75s/it]2026-09-22 05:05:01,040 INFO [rw_gen_positioning_type|paper_align|Qwen3-0.6B] step=262 epoch=2.4518

                                                 

 82%|████████▏ | 262/321 [12:49<02:42,  2.75s/it]2026-09-22 05:05:01,669 INFO [rw_gen_positioning_type|paper_align|Qwen3-0.6B] step=262 epoch=2.4518

                                                 

 82%|████████▏ | 262/321 [12:50<02:42,  2.75s/it]2026-09-22 05:05:02,299 INFO [rw_gen_positioning_type|paper_align|Qwen3-0.6B] step=262 epoch=2.4518

                                                 

 82%|████████▏ | 262/321 [12:50<02:42,  2.75s/it]2026-09-22 05:05:02,992 INFO [rw_gen_positioning_type|paper_align|Qwen3-0.6B] step=262 epoch=2.4518

                                                 

 82%|████████▏ | 262/321 [12:51<02:42,  2.75s/it]
 82%|████████▏ | 263/321 [12:51<02:37,  2.71s/it]2026-09-22 05:05:03,645 INFO [rw_gen_positioning_type|paper_align|Qwen3-0.6B] step=263 epoch=2.4612

                                                 

 82%|████████▏ | 263/321 [12:52<02:37,  2.71s/it]2026-09-22 05:05:04,274 INFO [rw_gen_positioning_type|paper_align|Qwen3-0.6B] step=263 epoch=2.4612

                                                 

 82%|████████▏ | 263/321 [12:52<02:37,  2.71s/it]2026-09-22 05:05:04,960 INFO [rw_gen_positioning_type|paper_align|Qwen3-0.6B] step=263 epoch=2.4612

                                                 

 82%|████████▏ | 263/321 [12:53<02:37,  2.71s/it]2026-09-22 05:05:05,626 INFO [rw_gen_positioning_type|paper_align|Qwen3-0.6B] step=263 epoch=2.4612

                                                 

 82%|████████▏ | 263/321 [12:54<02:37,  2.71s/it]
 82%|████████▏ | 264/321 [12:54<02:34,  2.71s/it]2026-09-22 05:05:06,369 INFO [rw_gen_positioning_type|paper_align|Qwen3-0.6B] step=264 epoch=2.4706

                                                 

 82%|████████▏ | 264/321 [12:54<02:34,  2.71s/it]2026-09-22 05:05:07,058 INFO [rw_gen_positioning_type|paper_align|Qwen3-0.6B] step=264 epoch=2.4706

                                                 

 82%|████████▏ | 264/321 [12:55<02:34,  2.71s/it]2026-09-22 05:05:07,752 INFO [rw_gen_positioning_type|paper_align|Qwen3-0.6B] step=264 epoch=2.4706

                                                 

 82%|████████▏ | 264/321 [12:56<02:34,  2.71s/it]2026-09-22 05:05:08,353 INFO [rw_gen_positioning_type|paper_align|Qwen3-0.6B] step=264 epoch=2.4706

                                                 

 82%|████████▏ | 264/321 [12:56<02:34,  2.71s/it]
 83%|████████▎ | 265/321 [12:57<02:31,  2.70s/it]2026-09-22 05:05:09,067 INFO [rw_gen_positioning_type|paper_align|Qwen3-0.6B] step=265 epoch=2.4800

                                                 

 83%|████████▎ | 265/321 [12:57<02:31,  2.70s/it]2026-09-22 05:05:09,828 INFO [rw_gen_positioning_type|paper_align|Qwen3-0.6B] step=265 epoch=2.4800

                                                 

 83%|████████▎ | 265/321 [12:58<02:31,  2.70s/it]2026-09-22 05:05:10,490 INFO [rw_gen_positioning_type|paper_align|Qwen3-0.6B] step=265 epoch=2.4800

                                                 

 83%|████████▎ | 265/321 [12:58<02:31,  2.70s/it]2026-09-22 05:05:11,111 INFO [rw_gen_positioning_type|paper_align|Qwen3-0.6B] step=265 epoch=2.4800

                                                 

 83%|████████▎ | 265/321 [12:59<02:31,  2.70s/it]
 83%|████████▎ | 266/321 [12:59<02:28,  2.71s/it]2026-09-22 05:05:12,038 INFO [rw_gen_positioning_type|paper_align|Qwen3-0.6B] step=266 epoch=2.4894

                                                 

 83%|████████▎ | 266/321 [13:00<02:28,  2.71s/it]2026-09-22 05:05:12,707 INFO [rw_gen_positioning_type|paper_align|Qwen3-0.6B] step=266 epoch=2.4894

                                                 

 83%|████████▎ | 266/321 [13:01<02:28,  2.71s/it]2026-09-22 05:05:13,393 INFO [rw_gen_positioning_type|paper_align|Qwen3-0.6B] step=266 epoch=2.4894

                                                 

 83%|████████▎ | 266/321 [13:01<02:28,  2.71s/it]2026-09-22 05:05:14,024 INFO [rw_gen_positioning_type|paper_align|Qwen3-0.6B] step=266 epoch=2.4894

                                                 

 83%|████████▎ | 266/321 [13:02<02:28,  2.71s/it]
 83%|████████▎ | 267/321 [13:02<02:29,  2.77s/it]2026-09-22 05:05:14,699 INFO [rw_gen_positioning_type|paper_align|Qwen3-0.6B] step=267 epoch=2.4988

                                                 

 83%|████████▎ | 267/321 [13:03<02:29,  2.77s/it]2026-09-22 05:05:15,348 INFO [rw_gen_positioning_type|paper_align|Qwen3-0.6B] step=267 epoch=2.4988

                                                 

 83%|████████▎ | 267/321 [13:03<02:29,  2.77s/it]2026-09-22 05:05:15,952 INFO [rw_gen_positioning_type|paper_align|Qwen3-0.6B] step=267 epoch=2.4988

                                                 

 83%|████████▎ | 267/321 [13:04<02:29,  2.77s/it]2026-09-22 05:05:16,654 INFO [rw_gen_positioning_type|paper_align|Qwen3-0.6B] step=267 epoch=2.4988

                                                 

 83%|████████▎ | 267/321 [13:05<02:29,  2.77s/it]
 83%|████████▎ | 268/321 [13:05<02:25,  2.74s/it]2026-09-22 05:05:17,389 INFO [rw_gen_positioning_type|paper_align|Qwen3-0.6B] step=268 epoch=2.5082

                                                 

 83%|████████▎ | 268/321 [13:05<02:25,  2.74s/it]2026-09-22 05:05:18,155 INFO [rw_gen_positioning_type|paper_align|Qwen3-0.6B] step=268 epoch=2.5082

                                                 

 83%|████████▎ | 268/321 [13:06<02:25,  2.74s/it]2026-09-22 05:05:18,817 INFO [rw_gen_positioning_type|paper_align|Qwen3-0.6B] step=268 epoch=2.5082

                                                 

 83%|████████▎ | 268/321 [13:07<02:25,  2.74s/it]2026-09-22 05:05:19,563 INFO [rw_gen_positioning_type|paper_align|Qwen3-0.6B] step=268 epoch=2.5082

                                                 

 83%|████████▎ | 268/321 [13:08<02:25,  2.74s/it]
 84%|████████▍ | 269/321 [13:08<02:25,  2.80s/it]2026-09-22 05:05:20,323 INFO [rw_gen_positioning_type|paper_align|Qwen3-0.6B] step=269 epoch=2.5176

                                                 

 84%|████████▍ | 269/321 [13:08<02:25,  2.80s/it]2026-09-22 05:05:21,085 INFO [rw_gen_positioning_type|paper_align|Qwen3-0.6B] step=269 epoch=2.5176

                                                 

 84%|████████▍ | 269/321 [13:09<02:25,  2.80s/it]2026-09-22 05:05:21,681 INFO [rw_gen_positioning_type|paper_align|Qwen3-0.6B] step=269 epoch=2.5176

                                                 

 84%|████████▍ | 269/321 [13:10<02:25,  2.80s/it]2026-09-22 05:05:22,276 INFO [rw_gen_positioning_type|paper_align|Qwen3-0.6B] step=269 epoch=2.5176

                                                 

 84%|████████▍ | 269/321 [13:10<02:25,  2.80s/it]
 84%|████████▍ | 270/321 [13:11<02:20,  2.75s/it]2026-09-22 05:05:22,681 INFO [rw_gen_positioning_type|paper_align|Qwen3-0.6B] step=270 loss=1.4051 learning_rate=0.0000 epoch=2.5271

                                                 

 84%|████████▍ | 270/321 [13:11<02:20,  2.75s/it]2026-09-22 05:05:22,920 INFO [rw_gen_positioning_type|paper_align|Qwen3-0.6B] step=270 epoch=2.5271

                                                 

 84%|████████▍ | 270/321 [13:11<02:20,  2.75s/it]2026-09-22 05:05:23,508 INFO [rw_gen_positioning_type|paper_align|Qwen3-0.6B] step=270 epoch=2.5271

                                                 

 84%|████████▍ | 270/321 [13:11<02:20,  2.75s/it]2026-09-22 05:05:24,148 INFO [rw_gen_positioning_type|paper_align|Qwen3-0.6B] step=270 epoch=2.5271

                                                 

 84%|████████▍ | 270/321 [13:12<02:20,  2.75s/it]2026-09-22 05:05:24,884 INFO [rw_gen_positioning_type|paper_align|Qwen3-0.6B] step=270 epoch=2.5271

                                                 

 84%|████████▍ | 270/321 [13:13<02:20,  2.75s/it]
 84%|████████▍ | 271/321 [13:13<02:15,  2.72s/it]2026-09-22 05:05:25,866 INFO [rw_gen_positioning_type|paper_align|Qwen3-0.6B] step=271 epoch=2.5365

                                                 

 84%|████████▍ | 271/321 [13:14<02:15,  2.72s/it]2026-09-22 05:05:26,637 INFO [rw_gen_positioning_type|paper_align|Qwen3-0.6B] step=271 epoch=2.5365

                                                 

 84%|████████▍ | 271/321 [13:15<02:15,  2.72s/it]2026-09-22 05:05:27,291 INFO [rw_gen_positioning_type|paper_align|Qwen3-0.6B] step=271 epoch=2.5365

                                                 

 84%|████████▍ | 271/321 [13:15<02:15,  2.72s/it]2026-09-22 05:05:28,018 INFO [rw_gen_positioning_type|paper_align|Qwen3-0.6B] step=271 epoch=2.5365

                                                 

 84%|████████▍ | 271/321 [13:16<02:15,  2.72s/it]
 85%|████████▍ | 272/321 [13:17<02:21,  2.90s/it]2026-09-22 05:05:28,895 INFO [rw_gen_positioning_type|paper_align|Qwen3-0.6B] step=272 epoch=2.5459

                                                 

 85%|████████▍ | 272/321 [13:17<02:21,  2.90s/it]2026-09-22 05:05:29,615 INFO [rw_gen_positioning_type|paper_align|Qwen3-0.6B] step=272 epoch=2.5459

                                                 

 85%|████████▍ | 272/321 [13:18<02:21,  2.90s/it]2026-09-22 05:05:30,209 INFO [rw_gen_positioning_type|paper_align|Qwen3-0.6B] step=272 epoch=2.5459

                                                 

 85%|████████▍ | 272/321 [13:18<02:21,  2.90s/it]2026-09-22 05:05:30,958 INFO [rw_gen_positioning_type|paper_align|Qwen3-0.6B] step=272 epoch=2.5459

                                                 

 85%|████████▍ | 272/321 [13:19<02:21,  2.90s/it]
 85%|████████▌ | 273/321 [13:19<02:17,  2.87s/it]2026-09-22 05:05:31,692 INFO [rw_gen_positioning_type|paper_align|Qwen3-0.6B] step=273 epoch=2.5553

                                                 

 85%|████████▌ | 273/321 [13:20<02:17,  2.87s/it]2026-09-22 05:05:32,266 INFO [rw_gen_positioning_type|paper_align|Qwen3-0.6B] step=273 epoch=2.5553

                                                 

 85%|████████▌ | 273/321 [13:20<02:17,  2.87s/it]2026-09-22 05:05:32,865 INFO [rw_gen_positioning_type|paper_align|Qwen3-0.6B] step=273 epoch=2.5553

                                                 

 85%|████████▌ | 273/321 [13:21<02:17,  2.87s/it]2026-09-22 05:05:33,523 INFO [rw_gen_positioning_type|paper_align|Qwen3-0.6B] step=273 epoch=2.5553

                                                 

 85%|████████▌ | 273/321 [13:21<02:17,  2.87s/it]
 85%|████████▌ | 274/321 [13:22<02:09,  2.76s/it]2026-09-22 05:05:34,208 INFO [rw_gen_positioning_type|paper_align|Qwen3-0.6B] step=274 epoch=2.5647

                                                 

 85%|████████▌ | 274/321 [13:22<02:09,  2.76s/it]2026-09-22 05:05:34,902 INFO [rw_gen_positioning_type|paper_align|Qwen3-0.6B] step=274 epoch=2.5647

                                                 

 85%|████████▌ | 274/321 [13:23<02:09,  2.76s/it]2026-09-22 05:05:35,500 INFO [rw_gen_positioning_type|paper_align|Qwen3-0.6B] step=274 epoch=2.5647

                                                 

 85%|████████▌ | 274/321 [13:23<02:09,  2.76s/it]2026-09-22 05:05:36,288 INFO [rw_gen_positioning_type|paper_align|Qwen3-0.6B] step=274 epoch=2.5647

                                                 

 85%|████████▌ | 274/321 [13:24<02:09,  2.76s/it]
 86%|████████▌ | 275/321 [13:25<02:09,  2.81s/it]2026-09-22 05:05:37,112 INFO [rw_gen_positioning_type|paper_align|Qwen3-0.6B] step=275 epoch=2.5741

                                                 

 86%|████████▌ | 275/321 [13:25<02:09,  2.81s/it]2026-09-22 05:05:37,691 INFO [rw_gen_positioning_type|paper_align|Qwen3-0.6B] step=275 epoch=2.5741

                                                 

 86%|████████▌ | 275/321 [13:26<02:09,  2.81s/it]2026-09-22 05:05:38,421 INFO [rw_gen_positioning_type|paper_align|Qwen3-0.6B] step=275 epoch=2.5741

                                                 

 86%|████████▌ | 275/321 [13:26<02:09,  2.81s/it]2026-09-22 05:05:39,087 INFO [rw_gen_positioning_type|paper_align|Qwen3-0.6B] step=275 epoch=2.5741

                                                 

 86%|████████▌ | 275/321 [13:27<02:09,  2.81s/it]
 86%|████████▌ | 276/321 [13:27<02:04,  2.76s/it]2026-09-22 05:05:39,780 INFO [rw_gen_positioning_type|paper_align|Qwen3-0.6B] step=276 epoch=2.5835

                                                 
{'paper_align_label_loss': '3.465e-06', 'paper_align_reason_loss': '0.6491', 'epoch': '2.386'}
{'paper_align_label_loss': '5.089e-06', 'paper_align_reason_loss': '0.7638', 'epoch': '2.386'}
{'paper_align_label_loss': '3.844e-06', 'paper_align_reason_loss': '0.9132', 'epoch': '2.386'}
{'paper_align_label_loss': '4.716e-06', 'paper_align_reason_loss': '0.5118', 'epoch': '2.386'}
{'paper_align_label_loss': '4.552e-06', 'paper_align_reason_loss': '0.7388', 'epoch': '2.395'}
{'paper_align_label_loss': '3.442e-06', 'paper_align_reason_loss': '0.5939', 'epoch': '2.395'}
{'paper_align_label_loss': '1.055e-05', 'paper_align_reason_loss': '0.8516', 'epoch': '2.395'}
{'paper_align_label_loss': '6.646e-06', 'paper_align_reason_loss': '0.7778', 'epoch': '2.395'}
{'paper_align_label_loss': '5.625e-06', 'paper_align_reason_loss': '0.6356', 'epoch': '2.405'}
{'paper_align_label_loss': '8.181e-06', 'paper_align_reason_loss': '0.71', 'epoch': '2.405'}
{'paper_align_label_loss': '4.031e-06', 'paper_align_reason_loss': '0.6339', 'epoch': '2.405'}
{'paper_align_label_loss': '6.586e-06', 'paper_align_reason_loss': '0.6303', 'epoch': '2.405'}
{'paper_align_label_loss': '3.546e-06', 'paper_align_reason_loss': '1.002', 'epoch': '2.414'}
{'paper_align_label_loss': '4.902e-06', 'paper_align_reason_loss': '0.5113', 'epoch': '2.414'}
{'paper_align_label_loss': '3.703e-06', 'paper_align_reason_loss': '0.7627', 'epoch': '2.414'}
{'paper_align_label_loss': '4.843e-06', 'paper_align_reason_loss': '0.9275', 'epoch': '2.414'}
{'paper_align_label_loss': '7.331e-06', 'paper_align_reason_loss': '0.6576', 'epoch': '2.424'}
{'paper_align_label_loss': '5.312e-06', 'paper_align_reason_loss': '0.5384', 'epoch': '2.424'}
{'paper_align_label_loss': '1.009e-05', 'paper_align_reason_loss': '0.605', 'epoch': '2.424'}
{'paper_align_label_loss': '5.685e-06', 'paper_align_reason_loss': '0.7521', 'epoch': '2.424'}
{'loss': '1.415', 'grad_norm': '3.098', 'learning_rate': '9.49e-06', 'epoch': '2.433'}
{'paper_align_label_loss': '3.189e-06', 'paper_align_reason_loss': '0.6659', 'epoch': '2.433'}
{'paper_align_label_loss': '9.447e-06', 'paper_align_reason_loss': '0.6799', 'epoch': '2.433'}
{'paper_align_label_loss': '3.472e-06', 'paper_align_reason_loss': '0.7208', 'epoch': '2.433'}
{'paper_align_label_loss': '3.219e-06', 'paper_align_reason_loss': '0.6438', 'epoch': '2.433'}
{'paper_align_label_loss': '7.737e-05', 'paper_align_reason_loss': '0.7742', 'epoch': '2.442'}
{'paper_align_label_loss': '5.126e-06', 'paper_align_reason_loss': '0.6201', 'epoch': '2.442'}
{'paper_align_label_loss': '4.783e-06', 'paper_align_reason_loss': '0.7369', 'epoch': '2.442'}
{'paper_align_label_loss': '4.597e-06', 'paper_align_reason_loss': '0.7862', 'epoch': '2.442'}
{'paper_align_label_loss': '5.685e-06', 'paper_align_reason_loss': '0.8285', 'epoch': '2.452'}
{'paper_align_label_loss': '4.649e-06', 'paper_align_reason_loss': '0.6528', 'epoch': '2.452'}
{'paper_align_label_loss': '5.692e-06', 'paper_align_reason_loss': '0.9151', 'epoch': '2.452'}
{'paper_align_label_loss': '6.279e-05', 'paper_align_reason_loss': '0.4009', 'epoch': '2.452'}
{'paper_align_label_loss': '7.719e-06', 'paper_align_reason_loss': '0.7091', 'epoch': '2.461'}
{'paper_align_label_loss': '5.26e-06', 'paper_align_reason_loss': '0.6478', 'epoch': '2.461'}
{'paper_align_label_loss': '2.268e-05', 'paper_align_reason_loss': '0.5935', 'epoch': '2.461'}
{'paper_align_label_loss': '3.777e-06', 'paper_align_reason_loss': '0.7304', 'epoch': '2.461'}
{'paper_align_label_loss': '1.14e-05', 'paper_align_reason_loss': '0.5988', 'epoch': '2.471'}
{'paper_align_label_loss': '4.292e-06', 'paper_align_reason_loss': '0.8108', 'epoch': '2.471'}
{'paper_align_label_loss': '4.582e-06', 'paper_align_reason_loss': '0.6936', 'epoch': '2.471'}
{'paper_align_label_loss': '7.808e-06', 'paper_align_reason_loss': '0.6889', 'epoch': '2.471'}
{'paper_align_label_loss': '6.251e-06', 'paper_align_reason_loss': '0.8087', 'epoch': '2.48'}
{'paper_align_label_loss': '1.031e-05', 'paper_align_reason_loss': '0.7501', 'epoch': '2.48'}
{'paper_align_label_loss': '4.187e-06', 'paper_align_reason_loss': '0.7137', 'epoch': '2.48'}
{'paper_align_label_loss': '5.387e-06', 'paper_align_reason_loss': '0.5768', 'epoch': '2.48'}
{'paper_align_label_loss': '7.205e-06', 'paper_align_reason_loss': '0.6131', 'epoch': '2.489'}
{'paper_align_label_loss': '6.832e-06', 'paper_align_reason_loss': '0.7634', 'epoch': '2.489'}
{'paper_align_label_loss': '1.037e-05', 'paper_align_reason_loss': '0.6906', 'epoch': '2.489'}
{'paper_align_label_loss': '1.39e-05', 'paper_align_reason_loss': '0.7274', 'epoch': '2.489'}
{'paper_align_label_loss': '5.811e-06', 'paper_align_reason_loss': '0.6864', 'epoch': '2.499'}
{'paper_align_label_loss': '3.971e-06', 'paper_align_reason_loss': '0.7498', 'epoch': '2.499'}
{'paper_align_label_loss': '4.001e-06', 'paper_align_reason_loss': '0.7853', 'epoch': '2.499'}
{'paper_align_label_loss': '4.18e-06', 'paper_align_reason_loss': '0.9334', 'epoch': '2.499'}
{'paper_align_label_loss': '4.143e-06', 'paper_align_reason_loss': '0.6648', 'epoch': '2.508'}
{'paper_align_label_loss': '6.08e-06', 'paper_align_reason_loss': '0.6004', 'epoch': '2.508'}
{'paper_align_label_loss': '3.949e-06', 'paper_align_reason_loss': '0.7951', 'epoch': '2.508'}
{'paper_align_label_loss': '5.633e-06', 'paper_align_reason_loss': '0.8211', 'epoch': '2.508'}
{'paper_align_label_loss': '6.691e-06', 'paper_align_reason_loss': '0.6555', 'epoch': '2.518'}
{'paper_align_label_loss': '1.397e-05', 'paper_align_reason_loss': '0.6744', 'epoch': '2.518'}
{'paper_align_label_loss': '3.397e-06', 'paper_align_reason_loss': '0.5816', 'epoch': '2.518'}
{'paper_align_label_loss': '3.085e-06', 'paper_align_reason_loss': '0.6117', 'epoch': '2.518'}
{'loss': '1.405', 'grad_norm': '2.776', 'learning_rate': '6.741e-06', 'epoch': '2.527'}
{'paper_align_label_loss': '3.271e-06', 'paper_align_reason_loss': '0.6787', 'epoch': '2.527'}
{'paper_align_label_loss': '6.326e-06', 'paper_align_reason_loss': '0.4961', 'epoch': '2.527'}
{'paper_align_label_loss': '4.247e-06', 'paper_align_reason_loss': '0.6937', 'epoch': '2.527'}
{'paper_align_label_loss': '1.23e-05', 'paper_align_reason_loss': '0.5191', 'epoch': '2.527'}
{'paper_align_label_loss': '1.753e-05', 'paper_align_reason_loss': '0.6382', 'epoch': '2.536'}
{'paper_align_label_loss': '5.692e-06', 'paper_align_reason_loss': '0.5997', 'epoch': '2.536'}
{'paper_align_label_loss': '1.164e-05', 'paper_align_reason_loss': '0.7059', 'epoch': '2.536'}
{'paper_align_label_loss': '6.206e-06', 'paper_align_reason_loss': '0.5734', 'epoch': '2.536'}
{'paper_align_label_loss': '3.479e-06', 'paper_align_reason_loss': '0.8799', 'epoch': '2.546'}
{'paper_align_label_loss': '6.81e-06', 'paper_align_reason_loss': '0.8299', 'epoch': '2.546'}
{'paper_align_label_loss': '4.731e-06', 'paper_align_reason_loss': '1.037', 'epoch': '2.546'}
{'paper_align_label_loss': '7.227e-06', 'paper_align_reason_loss': '0.7537', 'epoch': '2.546'}
{'paper_align_label_loss': '4.761e-06', 'paper_align_reason_loss': '0.7439', 'epoch': '2.555'}
{'paper_align_label_loss': '4.776e-06', 'paper_align_reason_loss': '0.614', 'epoch': '2.555'}
{'paper_align_label_loss': '3.926e-06', 'paper_align_reason_loss': '0.5805', 'epoch': '2.555'}
{'paper_align_label_loss': '5.737e-06', 'paper_align_reason_loss': '0.5594', 'epoch': '2.555'}
{'paper_align_label_loss': '5.305e-06', 'paper_align_reason_loss': '0.8502', 'epoch': '2.565'}
{'paper_align_label_loss': '2.913e-06', 'paper_align_reason_loss': '0.5662', 'epoch': '2.565'}
{'paper_align_label_loss': '7.376e-06', 'paper_align_reason_loss': '0.637', 'epoch': '2.565'}
{'paper_align_label_loss': '0.0002614', 'paper_align_reason_loss': '0.5446', 'epoch': '2.565'}
{'paper_align_label_loss': '3.241e-06', 'paper_align_reason_loss': '0.8128', 'epoch': '2.574'}
{'paper_align_label_loss': '5.513e-06', 'paper_align_reason_loss': '0.6812', 'epoch': '2.574'}
{'paper_align_label_loss': '1.311e-05', 'paper_align_reason_loss': '0.7883', 'epoch': '2.574'}
{'paper_align_label_loss': '7.056e-06', 'paper_align_reason_loss': '0.6201', 'epoch': '2.574'}

 86%|████████▌ | 276/321 [13:28<02:04,  2.76s/it]2026-09-22 05:05:40,767 INFO [rw_gen_positioning_type|paper_align|Qwen3-0.6B] step=276 epoch=2.5835

                                                 

 86%|████████▌ | 276/321 [13:29<02:04,  2.76s/it]2026-09-22 05:05:41,421 INFO [rw_gen_positioning_type|paper_align|Qwen3-0.6B] step=276 epoch=2.5835

                                                 

 86%|████████▌ | 276/321 [13:29<02:04,  2.76s/it]2026-09-22 05:05:42,109 INFO [rw_gen_positioning_type|paper_align|Qwen3-0.6B] step=276 epoch=2.5835

                                                 

 86%|████████▌ | 276/321 [13:30<02:04,  2.76s/it]
 86%|████████▋ | 277/321 [13:31<02:07,  2.91s/it]2026-09-22 05:05:43,021 INFO [rw_gen_positioning_type|paper_align|Qwen3-0.6B] step=277 epoch=2.5929

                                                 

 86%|████████▋ | 277/321 [13:31<02:07,  2.91s/it]2026-09-22 05:05:43,649 INFO [rw_gen_positioning_type|paper_align|Qwen3-0.6B] step=277 epoch=2.5929

                                                 

 86%|████████▋ | 277/321 [13:32<02:07,  2.91s/it]2026-09-22 05:05:44,403 INFO [rw_gen_positioning_type|paper_align|Qwen3-0.6B] step=277 epoch=2.5929

                                                 

 86%|████████▋ | 277/321 [13:32<02:07,  2.91s/it]2026-09-22 05:05:45,141 INFO [rw_gen_positioning_type|paper_align|Qwen3-0.6B] step=277 epoch=2.5929

                                                 

 86%|████████▋ | 277/321 [13:33<02:07,  2.91s/it]
 87%|████████▋ | 278/321 [13:34<02:03,  2.88s/it]2026-09-22 05:05:45,825 INFO [rw_gen_positioning_type|paper_align|Qwen3-0.6B] step=278 epoch=2.6024

                                                 

 87%|████████▋ | 278/321 [13:34<02:03,  2.88s/it]2026-09-22 05:05:46,444 INFO [rw_gen_positioning_type|paper_align|Qwen3-0.6B] step=278 epoch=2.6024

                                                 

 87%|████████▋ | 278/321 [13:34<02:03,  2.88s/it]2026-09-22 05:05:47,110 INFO [rw_gen_positioning_type|paper_align|Qwen3-0.6B] step=278 epoch=2.6024

                                                 

 87%|████████▋ | 278/321 [13:35<02:03,  2.88s/it]2026-09-22 05:05:47,736 INFO [rw_gen_positioning_type|paper_align|Qwen3-0.6B] step=278 epoch=2.6024

                                                 

 87%|████████▋ | 278/321 [13:36<02:03,  2.88s/it]
 87%|████████▋ | 279/321 [13:36<01:57,  2.80s/it]2026-09-22 05:05:48,458 INFO [rw_gen_positioning_type|paper_align|Qwen3-0.6B] step=279 epoch=2.6118

                                                 

 87%|████████▋ | 279/321 [13:36<01:57,  2.80s/it]2026-09-22 05:05:49,190 INFO [rw_gen_positioning_type|paper_align|Qwen3-0.6B] step=279 epoch=2.6118

                                                 

 87%|████████▋ | 279/321 [13:37<01:57,  2.80s/it]2026-09-22 05:05:49,776 INFO [rw_gen_positioning_type|paper_align|Qwen3-0.6B] step=279 epoch=2.6118

                                                 

 87%|████████▋ | 279/321 [13:38<01:57,  2.80s/it]2026-09-22 05:05:50,513 INFO [rw_gen_positioning_type|paper_align|Qwen3-0.6B] step=279 epoch=2.6118

                                                 

 87%|████████▋ | 279/321 [13:38<01:57,  2.80s/it]
 87%|████████▋ | 280/321 [13:39<01:55,  2.81s/it]2026-09-22 05:05:51,052 INFO [rw_gen_positioning_type|paper_align|Qwen3-0.6B] step=280 loss=1.3795 learning_rate=0.0000 epoch=2.6212

                                                 

 87%|████████▋ | 280/321 [13:39<01:55,  2.81s/it]2026-09-22 05:05:51,298 INFO [rw_gen_positioning_type|paper_align|Qwen3-0.6B] step=280 epoch=2.6212

                                                 

 87%|████████▋ | 280/321 [13:39<01:55,  2.81s/it]2026-09-22 05:05:51,946 INFO [rw_gen_positioning_type|paper_align|Qwen3-0.6B] step=280 epoch=2.6212

                                                 

 87%|████████▋ | 280/321 [13:40<01:55,  2.81s/it]2026-09-22 05:05:52,640 INFO [rw_gen_positioning_type|paper_align|Qwen3-0.6B] step=280 epoch=2.6212

                                                 

 87%|████████▋ | 280/321 [13:41<01:55,  2.81s/it]2026-09-22 05:05:53,501 INFO [rw_gen_positioning_type|paper_align|Qwen3-0.6B] step=280 epoch=2.6212

                                                 

 87%|████████▋ | 280/321 [13:41<01:55,  2.81s/it]
 88%|████████▊ | 281/321 [13:42<01:53,  2.84s/it]2026-09-22 05:05:54,450 INFO [rw_gen_positioning_type|paper_align|Qwen3-0.6B] step=281 epoch=2.6306

                                                 

 88%|████████▊ | 281/321 [13:42<01:53,  2.84s/it]2026-09-22 05:05:55,083 INFO [rw_gen_positioning_type|paper_align|Qwen3-0.6B] step=281 epoch=2.6306

                                                 

 88%|████████▊ | 281/321 [13:43<01:53,  2.84s/it]2026-09-22 05:05:55,758 INFO [rw_gen_positioning_type|paper_align|Qwen3-0.6B] step=281 epoch=2.6306

                                                 

 88%|████████▊ | 281/321 [13:44<01:53,  2.84s/it]2026-09-22 05:05:56,544 INFO [rw_gen_positioning_type|paper_align|Qwen3-0.6B] step=281 epoch=2.6306

                                                 

 88%|████████▊ | 281/321 [13:45<01:53,  2.84s/it]
 88%|████████▊ | 282/321 [13:45<01:53,  2.92s/it]2026-09-22 05:05:57,324 INFO [rw_gen_positioning_type|paper_align|Qwen3-0.6B] step=282 epoch=2.6400

                                                 

 88%|████████▊ | 282/321 [13:45<01:53,  2.92s/it]2026-09-22 05:05:57,934 INFO [rw_gen_positioning_type|paper_align|Qwen3-0.6B] step=282 epoch=2.6400

                                                 

 88%|████████▊ | 282/321 [13:46<01:53,  2.92s/it]2026-09-22 05:05:58,587 INFO [rw_gen_positioning_type|paper_align|Qwen3-0.6B] step=282 epoch=2.6400

                                                 

 88%|████████▊ | 282/321 [13:47<01:53,  2.92s/it]2026-09-22 05:05:59,173 INFO [rw_gen_positioning_type|paper_align|Qwen3-0.6B] step=282 epoch=2.6400

                                                 

 88%|████████▊ | 282/321 [13:47<01:53,  2.92s/it]
 88%|████████▊ | 283/321 [13:48<01:47,  2.82s/it]2026-09-22 05:05:59,904 INFO [rw_gen_positioning_type|paper_align|Qwen3-0.6B] step=283 epoch=2.6494

                                                 

 88%|████████▊ | 283/321 [13:48<01:47,  2.82s/it]2026-09-22 05:06:00,633 INFO [rw_gen_positioning_type|paper_align|Qwen3-0.6B] step=283 epoch=2.6494

                                                 

 88%|████████▊ | 283/321 [13:49<01:47,  2.82s/it]2026-09-22 05:06:01,432 INFO [rw_gen_positioning_type|paper_align|Qwen3-0.6B] step=283 epoch=2.6494

                                                 

 88%|████████▊ | 283/321 [13:49<01:47,  2.82s/it]2026-09-22 05:06:01,994 INFO [rw_gen_positioning_type|paper_align|Qwen3-0.6B] step=283 epoch=2.6494

                                                 

 88%|████████▊ | 283/321 [13:50<01:47,  2.82s/it]
 88%|████████▊ | 284/321 [13:50<01:43,  2.80s/it]2026-09-22 05:06:02,642 INFO [rw_gen_positioning_type|paper_align|Qwen3-0.6B] step=284 epoch=2.6588

                                                 

 88%|████████▊ | 284/321 [13:51<01:43,  2.80s/it]2026-09-22 05:06:03,305 INFO [rw_gen_positioning_type|paper_align|Qwen3-0.6B] step=284 epoch=2.6588

                                                 

 88%|████████▊ | 284/321 [13:51<01:43,  2.80s/it]2026-09-22 05:06:03,985 INFO [rw_gen_positioning_type|paper_align|Qwen3-0.6B] step=284 epoch=2.6588

                                                 

 88%|████████▊ | 284/321 [13:52<01:43,  2.80s/it]2026-09-22 05:06:04,796 INFO [rw_gen_positioning_type|paper_align|Qwen3-0.6B] step=284 epoch=2.6588

                                                 

 88%|████████▊ | 284/321 [13:53<01:43,  2.80s/it]
 89%|████████▉ | 285/321 [13:53<01:42,  2.83s/it]2026-09-22 05:06:05,553 INFO [rw_gen_positioning_type|paper_align|Qwen3-0.6B] step=285 epoch=2.6682

                                                 

 89%|████████▉ | 285/321 [13:54<01:42,  2.83s/it]2026-09-22 05:06:06,226 INFO [rw_gen_positioning_type|paper_align|Qwen3-0.6B] step=285 epoch=2.6682

                                                 

 89%|████████▉ | 285/321 [13:54<01:42,  2.83s/it]2026-09-22 05:06:06,961 INFO [rw_gen_positioning_type|paper_align|Qwen3-0.6B] step=285 epoch=2.6682

                                                 

 89%|████████▉ | 285/321 [13:55<01:42,  2.83s/it]2026-09-22 05:06:07,600 INFO [rw_gen_positioning_type|paper_align|Qwen3-0.6B] step=285 epoch=2.6682

                                                 

 89%|████████▉ | 285/321 [13:56<01:42,  2.83s/it]
 89%|████████▉ | 286/321 [13:56<01:38,  2.80s/it]2026-09-22 05:06:08,611 INFO [rw_gen_positioning_type|paper_align|Qwen3-0.6B] step=286 epoch=2.6776

                                                 

 89%|████████▉ | 286/321 [13:57<01:38,  2.80s/it]2026-09-22 05:06:09,435 INFO [rw_gen_positioning_type|paper_align|Qwen3-0.6B] step=286 epoch=2.6776

                                                 

 89%|████████▉ | 286/321 [13:57<01:38,  2.80s/it]2026-09-22 05:06:10,163 INFO [rw_gen_positioning_type|paper_align|Qwen3-0.6B] step=286 epoch=2.6776

                                                 

 89%|████████▉ | 286/321 [13:58<01:38,  2.80s/it]2026-09-22 05:06:10,744 INFO [rw_gen_positioning_type|paper_align|Qwen3-0.6B] step=286 epoch=2.6776

                                                 

 89%|████████▉ | 286/321 [13:59<01:38,  2.80s/it]
 89%|████████▉ | 287/321 [13:59<01:38,  2.90s/it]2026-09-22 05:06:11,411 INFO [rw_gen_positioning_type|paper_align|Qwen3-0.6B] step=287 epoch=2.6871

                                                 

 89%|████████▉ | 287/321 [13:59<01:38,  2.90s/it]2026-09-22 05:06:11,997 INFO [rw_gen_positioning_type|paper_align|Qwen3-0.6B] step=287 epoch=2.6871

                                                 

 89%|████████▉ | 287/321 [14:00<01:38,  2.90s/it]2026-09-22 05:06:12,703 INFO [rw_gen_positioning_type|paper_align|Qwen3-0.6B] step=287 epoch=2.6871

                                                 

 89%|████████▉ | 287/321 [14:01<01:38,  2.90s/it]2026-09-22 05:06:13,430 INFO [rw_gen_positioning_type|paper_align|Qwen3-0.6B] step=287 epoch=2.6871

                                                 

 89%|████████▉ | 287/321 [14:01<01:38,  2.90s/it]
 90%|████████▉ | 288/321 [14:02<01:33,  2.83s/it]2026-09-22 05:06:14,074 INFO [rw_gen_positioning_type|paper_align|Qwen3-0.6B] step=288 epoch=2.6965

                                                 

 90%|████████▉ | 288/321 [14:02<01:33,  2.83s/it]2026-09-22 05:06:14,794 INFO [rw_gen_positioning_type|paper_align|Qwen3-0.6B] step=288 epoch=2.6965

                                                 

 90%|████████▉ | 288/321 [14:03<01:33,  2.83s/it]2026-09-22 05:06:15,376 INFO [rw_gen_positioning_type|paper_align|Qwen3-0.6B] step=288 epoch=2.6965

                                                 

 90%|████████▉ | 288/321 [14:03<01:33,  2.83s/it]2026-09-22 05:06:16,112 INFO [rw_gen_positioning_type|paper_align|Qwen3-0.6B] step=288 epoch=2.6965

                                                 

 90%|████████▉ | 288/321 [14:04<01:33,  2.83s/it]
 90%|█████████ | 289/321 [14:05<01:30,  2.83s/it]2026-09-22 05:06:16,914 INFO [rw_gen_positioning_type|paper_align|Qwen3-0.6B] step=289 epoch=2.7059

                                                 

 90%|█████████ | 289/321 [14:05<01:30,  2.83s/it]2026-09-22 05:06:17,699 INFO [rw_gen_positioning_type|paper_align|Qwen3-0.6B] step=289 epoch=2.7059

                                                 

 90%|█████████ | 289/321 [14:06<01:30,  2.83s/it]2026-09-22 05:06:18,363 INFO [rw_gen_positioning_type|paper_align|Qwen3-0.6B] step=289 epoch=2.7059

                                                 

 90%|█████████ | 289/321 [14:06<01:30,  2.83s/it]2026-09-22 05:06:19,090 INFO [rw_gen_positioning_type|paper_align|Qwen3-0.6B] step=289 epoch=2.7059

                                                 

 90%|█████████ | 289/321 [14:07<01:30,  2.83s/it]
 90%|█████████ | 290/321 [14:08<01:28,  2.85s/it]2026-09-22 05:06:19,568 INFO [rw_gen_positioning_type|paper_align|Qwen3-0.6B] step=290 loss=1.3655 learning_rate=0.0000 epoch=2.7153

                                                 

 90%|█████████ | 290/321 [14:08<01:28,  2.85s/it]2026-09-22 05:06:19,822 INFO [rw_gen_positioning_type|paper_align|Qwen3-0.6B] step=290 epoch=2.7153

                                                 

 90%|█████████ | 290/321 [14:08<01:28,  2.85s/it]2026-09-22 05:06:20,540 INFO [rw_gen_positioning_type|paper_align|Qwen3-0.6B] step=290 epoch=2.7153

                                                 

 90%|█████████ | 290/321 [14:09<01:28,  2.85s/it]2026-09-22 05:06:21,288 INFO [rw_gen_positioning_type|paper_align|Qwen3-0.6B] step=290 epoch=2.7153

                                                 

 90%|█████████ | 290/321 [14:09<01:28,  2.85s/it]2026-09-22 05:06:22,140 INFO [rw_gen_positioning_type|paper_align|Qwen3-0.6B] step=290 epoch=2.7153

                                                 

 90%|█████████ | 290/321 [14:10<01:28,  2.85s/it]
 91%|█████████ | 291/321 [14:11<01:30,  3.03s/it]2026-09-22 05:06:23,257 INFO [rw_gen_positioning_type|paper_align|Qwen3-0.6B] step=291 epoch=2.7247

                                                 

 91%|█████████ | 291/321 [14:11<01:30,  3.03s/it]2026-09-22 05:06:24,145 INFO [rw_gen_positioning_type|paper_align|Qwen3-0.6B] step=291 epoch=2.7247

                                                 

 91%|█████████ | 291/321 [14:12<01:30,  3.03s/it]2026-09-22 05:06:24,873 INFO [rw_gen_positioning_type|paper_align|Qwen3-0.6B] step=291 epoch=2.7247

                                                 

 91%|█████████ | 291/321 [14:13<01:30,  3.03s/it]2026-09-22 05:06:25,883 INFO [rw_gen_positioning_type|paper_align|Qwen3-0.6B] step=291 epoch=2.7247

                                                 

 91%|█████████ | 291/321 [14:14<01:30,  3.03s/it]
 91%|█████████ | 292/321 [14:14<01:31,  3.14s/it]2026-09-22 05:06:26,685 INFO [rw_gen_positioning_type|paper_align|Qwen3-0.6B] step=292 epoch=2.7341

                                                 

 91%|█████████ | 292/321 [14:15<01:31,  3.14s/it]2026-09-22 05:06:27,548 INFO [rw_gen_positioning_type|paper_align|Qwen3-0.6B] step=292 epoch=2.7341

                                                 

 91%|█████████ | 292/321 [14:16<01:31,  3.14s/it]2026-09-22 05:06:28,283 INFO [rw_gen_positioning_type|paper_align|Qwen3-0.6B] step=292 epoch=2.7341

                                                 

 91%|█████████ | 292/321 [14:16<01:31,  3.14s/it]2026-09-22 05:06:28,978 INFO [rw_gen_positioning_type|paper_align|Qwen3-0.6B] step=292 epoch=2.7341

                                                 

 91%|█████████ | 292/321 [14:17<01:31,  3.14s/it]
 91%|█████████▏| 293/321 [14:17<01:27,  3.11s/it]2026-09-22 05:06:29,679 INFO [rw_gen_positioning_type|paper_align|Qwen3-0.6B] step=293 epoch=2.7435

                                                 

 91%|█████████▏| 293/321 [14:18<01:27,  3.11s/it]2026-09-22 05:06:30,318 INFO [rw_gen_positioning_type|paper_align|Qwen3-0.6B] step=293 epoch=2.7435

                                                 

 91%|█████████▏| 293/321 [14:18<01:27,  3.11s/it]2026-09-22 05:06:30,992 INFO [rw_gen_positioning_type|paper_align|Qwen3-0.6B] step=293 epoch=2.7435

                                                 

 91%|█████████▏| 293/321 [14:19<01:27,  3.11s/it]2026-09-22 05:06:31,994 INFO [rw_gen_positioning_type|paper_align|Qwen3-0.6B] step=293 epoch=2.7435

                                                 

 91%|█████████▏| 293/321 [14:20<01:27,  3.11s/it]
 92%|█████████▏| 294/321 [14:20<01:23,  3.10s/it]2026-09-22 05:06:32,747 INFO [rw_gen_positioning_type|paper_align|Qwen3-0.6B] step=294 epoch=2.7529

                                                 

 92%|█████████▏| 294/321 [14:21<01:23,  3.10s/it]2026-09-22 05:06:33,341 INFO [rw_gen_positioning_type|paper_align|Qwen3-0.6B] step=294 epoch=2.7529

                                                 

 92%|█████████▏| 294/321 [14:21<01:23,  3.10s/it]2026-09-22 05:06:34,029 INFO [rw_gen_positioning_type|paper_align|Qwen3-0.6B] step=294 epoch=2.7529

                                                 

 92%|█████████▏| 294/321 [14:22<01:23,  3.10s/it]2026-09-22 05:06:34,609 INFO [rw_gen_positioning_type|paper_align|Qwen3-0.6B] step=294 epoch=2.7529

                                                 

 92%|█████████▏| 294/321 [14:23<01:23,  3.10s/it]
 92%|█████████▏| 295/321 [14:23<01:15,  2.92s/it]2026-09-22 05:06:35,248 INFO [rw_gen_positioning_type|paper_align|Qwen3-0.6B] step=295 epoch=2.7624

                                                 

 92%|█████████▏| 295/321 [14:23<01:15,  2.92s/it]2026-09-22 05:06:35,895 INFO [rw_gen_positioning_type|paper_align|Qwen3-0.6B] step=295 epoch=2.7624

                                                 

 92%|█████████▏| 295/321 [14:24<01:15,  2.92s/it]2026-09-22 05:06:36,631 INFO [rw_gen_positioning_type|paper_align|Qwen3-0.6B] step=295 epoch=2.7624

                                                 

 92%|█████████▏| 295/321 [14:25<01:15,  2.92s/it]2026-09-22 05:06:37,646 INFO [rw_gen_positioning_type|paper_align|Qwen3-0.6B] step=295 epoch=2.7624

                                                 

 92%|█████████▏| 295/321 [14:26<01:15,  2.92s/it]
 92%|█████████▏| 296/321 [14:26<01:14,  2.99s/it]2026-09-22 05:06:38,694 INFO [rw_gen_positioning_type|paper_align|Qwen3-0.6B] step=296 epoch=2.7718

                                                 

 92%|█████████▏| 296/321 [14:27<01:14,  2.99s/it]2026-09-22 05:06:39,345 INFO [rw_gen_positioning_type|paper_align|Qwen3-0.6B] step=296 epoch=2.7718

                                                 

 92%|█████████▏| 296/321 [14:27<01:14,  2.99s/it]2026-09-22 05:06:39,920 INFO [rw_gen_positioning_type|paper_align|Qwen3-0.6B] step=296 epoch=2.7718

                                                 

 92%|█████████▏| 296/321 [14:28<01:14,  2.99s/it]2026-09-22 05:06:40,495 INFO [rw_gen_positioning_type|paper_align|Qwen3-0.6B] step=296 epoch=2.7718

                                                 

 92%|█████████▏| 296/321 [14:28<01:14,  2.99s/it]
 93%|█████████▎| 297/321 [14:29<01:10,  2.94s/it]2026-09-22 05:06:41,264 INFO [rw_gen_positioning_type|paper_align|Qwen3-0.6B] step=297 epoch=2.7812

                                                 
{'paper_align_label_loss': '7.123e-06', 'paper_align_reason_loss': '0.8903', 'epoch': '2.584'}
{'paper_align_label_loss': '1.349e-05', 'paper_align_reason_loss': '0.7133', 'epoch': '2.584'}
{'paper_align_label_loss': '4.739e-06', 'paper_align_reason_loss': '0.5659', 'epoch': '2.584'}
{'paper_align_label_loss': '9.849e-06', 'paper_align_reason_loss': '0.7954', 'epoch': '2.584'}
{'paper_align_label_loss': '4.999e-06', 'paper_align_reason_loss': '0.9095', 'epoch': '2.593'}
{'paper_align_label_loss': '7.801e-06', 'paper_align_reason_loss': '0.8273', 'epoch': '2.593'}
{'paper_align_label_loss': '7.369e-06', 'paper_align_reason_loss': '0.6874', 'epoch': '2.593'}
{'paper_align_label_loss': '5.811e-06', 'paper_align_reason_loss': '0.6719', 'epoch': '2.593'}
{'paper_align_label_loss': '3.442e-06', 'paper_align_reason_loss': '0.5276', 'epoch': '2.602'}
{'paper_align_label_loss': '7.555e-06', 'paper_align_reason_loss': '0.7352', 'epoch': '2.602'}
{'paper_align_label_loss': '6.087e-06', 'paper_align_reason_loss': '0.6325', 'epoch': '2.602'}
{'paper_align_label_loss': '3.591e-06', 'paper_align_reason_loss': '0.8264', 'epoch': '2.602'}
{'paper_align_label_loss': '5.461e-06', 'paper_align_reason_loss': '0.403', 'epoch': '2.612'}
{'paper_align_label_loss': '2.095e-05', 'paper_align_reason_loss': '0.6338', 'epoch': '2.612'}
{'paper_align_label_loss': '4.247e-06', 'paper_align_reason_loss': '0.7556', 'epoch': '2.612'}
{'paper_align_label_loss': '1.286e-05', 'paper_align_reason_loss': '0.6103', 'epoch': '2.612'}
{'loss': '1.379', 'grad_norm': '2.73', 'learning_rate': '4.433e-06', 'epoch': '2.621'}
{'paper_align_label_loss': '4.56e-06', 'paper_align_reason_loss': '0.6382', 'epoch': '2.621'}
{'paper_align_label_loss': '3.763e-06', 'paper_align_reason_loss': '0.7695', 'epoch': '2.621'}
{'paper_align_label_loss': '4.381e-06', 'paper_align_reason_loss': '0.7342', 'epoch': '2.621'}
{'paper_align_label_loss': '4.992e-06', 'paper_align_reason_loss': '0.7035', 'epoch': '2.621'}
{'paper_align_label_loss': '4.731e-06', 'paper_align_reason_loss': '0.6298', 'epoch': '2.631'}
{'paper_align_label_loss': '4.344e-06', 'paper_align_reason_loss': '0.7644', 'epoch': '2.631'}
{'paper_align_label_loss': '1.267e-05', 'paper_align_reason_loss': '0.6983', 'epoch': '2.631'}
{'paper_align_label_loss': '3.934e-06', 'paper_align_reason_loss': '0.7081', 'epoch': '2.631'}
{'paper_align_label_loss': '3.636e-06', 'paper_align_reason_loss': '0.7957', 'epoch': '2.64'}
{'paper_align_label_loss': '4.776e-06', 'paper_align_reason_loss': '0.5032', 'epoch': '2.64'}
{'paper_align_label_loss': '7.987e-06', 'paper_align_reason_loss': '0.6429', 'epoch': '2.64'}
{'paper_align_label_loss': '3.837e-06', 'paper_align_reason_loss': '0.6247', 'epoch': '2.64'}
{'paper_align_label_loss': '1.132e-05', 'paper_align_reason_loss': '0.5832', 'epoch': '2.649'}
{'paper_align_label_loss': '9.06e-06', 'paper_align_reason_loss': '0.8369', 'epoch': '2.649'}
{'paper_align_label_loss': '3.114e-06', 'paper_align_reason_loss': '0.7834', 'epoch': '2.649'}
{'paper_align_label_loss': '3.666e-06', 'paper_align_reason_loss': '0.5002', 'epoch': '2.649'}
{'paper_align_label_loss': '5.26e-06', 'paper_align_reason_loss': '0.7381', 'epoch': '2.659'}
{'paper_align_label_loss': '1.777e-05', 'paper_align_reason_loss': '0.5909', 'epoch': '2.659'}
{'paper_align_label_loss': '8.449e-06', 'paper_align_reason_loss': '0.72', 'epoch': '2.659'}
{'paper_align_label_loss': '5.156e-06', 'paper_align_reason_loss': '0.738', 'epoch': '2.659'}
{'paper_align_label_loss': '8.68e-06', 'paper_align_reason_loss': '0.6623', 'epoch': '2.668'}
{'paper_align_label_loss': '6.713e-06', 'paper_align_reason_loss': '0.5894', 'epoch': '2.668'}
{'paper_align_label_loss': '3.889e-06', 'paper_align_reason_loss': '0.7002', 'epoch': '2.668'}
{'paper_align_label_loss': '5.953e-06', 'paper_align_reason_loss': '0.6723', 'epoch': '2.668'}
{'paper_align_label_loss': '1.061e-05', 'paper_align_reason_loss': '0.5565', 'epoch': '2.678'}
{'paper_align_label_loss': '4.791e-06', 'paper_align_reason_loss': '0.6237', 'epoch': '2.678'}
{'paper_align_label_loss': '4.165e-06', 'paper_align_reason_loss': '0.7059', 'epoch': '2.678'}
{'paper_align_label_loss': '4.657e-06', 'paper_align_reason_loss': '0.6848', 'epoch': '2.678'}
{'paper_align_label_loss': '3.636e-06', 'paper_align_reason_loss': '0.6573', 'epoch': '2.687'}
{'paper_align_label_loss': '3.412e-06', 'paper_align_reason_loss': '0.6209', 'epoch': '2.687'}
{'paper_align_label_loss': '5.282e-06', 'paper_align_reason_loss': '0.846', 'epoch': '2.687'}
{'paper_align_label_loss': '1.412e-05', 'paper_align_reason_loss': '0.775', 'epoch': '2.687'}
{'paper_align_label_loss': '7.912e-06', 'paper_align_reason_loss': '0.5823', 'epoch': '2.696'}
{'paper_align_label_loss': '2.816e-06', 'paper_align_reason_loss': '0.8231', 'epoch': '2.696'}
{'paper_align_label_loss': '4.284e-06', 'paper_align_reason_loss': '0.6824', 'epoch': '2.696'}
{'paper_align_label_loss': '1.256e-05', 'paper_align_reason_loss': '0.7325', 'epoch': '2.696'}
{'paper_align_label_loss': '4.992e-06', 'paper_align_reason_loss': '0.6202', 'epoch': '2.706'}
{'paper_align_label_loss': '7.257e-06', 'paper_align_reason_loss': '0.7224', 'epoch': '2.706'}
{'paper_align_label_loss': '4.761e-06', 'paper_align_reason_loss': '0.4926', 'epoch': '2.706'}
{'paper_align_label_loss': '4.396e-06', 'paper_align_reason_loss': '0.8567', 'epoch': '2.706'}
{'loss': '1.365', 'grad_norm': '3.231', 'learning_rate': '2.59e-06', 'epoch': '2.715'}
{'paper_align_label_loss': '8.002e-06', 'paper_align_reason_loss': '0.6703', 'epoch': '2.715'}
{'paper_align_label_loss': '3.569e-06', 'paper_align_reason_loss': '0.7711', 'epoch': '2.715'}
{'paper_align_label_loss': '4.202e-06', 'paper_align_reason_loss': '0.737', 'epoch': '2.715'}
{'paper_align_label_loss': '6.728e-06', 'paper_align_reason_loss': '0.6935', 'epoch': '2.715'}
{'paper_align_label_loss': '8.792e-06', 'paper_align_reason_loss': '0.4804', 'epoch': '2.725'}
{'paper_align_label_loss': '4.813e-06', 'paper_align_reason_loss': '0.5239', 'epoch': '2.725'}
{'paper_align_label_loss': '3.844e-06', 'paper_align_reason_loss': '0.9415', 'epoch': '2.725'}
{'paper_align_label_loss': '6.72e-06', 'paper_align_reason_loss': '0.7388', 'epoch': '2.725'}
{'paper_align_label_loss': '4.999e-06', 'paper_align_reason_loss': '1.009', 'epoch': '2.734'}
{'paper_align_label_loss': '2.492e-05', 'paper_align_reason_loss': '0.7848', 'epoch': '2.734'}
{'paper_align_label_loss': '6.638e-06', 'paper_align_reason_loss': '0.4395', 'epoch': '2.734'}
{'paper_align_label_loss': '4.858e-06', 'paper_align_reason_loss': '0.585', 'epoch': '2.734'}
{'paper_align_label_loss': '6.333e-06', 'paper_align_reason_loss': '0.85', 'epoch': '2.744'}
{'paper_align_label_loss': '3.315e-06', 'paper_align_reason_loss': '0.6873', 'epoch': '2.744'}
{'paper_align_label_loss': '1.156e-05', 'paper_align_reason_loss': '0.6944', 'epoch': '2.744'}
{'paper_align_label_loss': '6.966e-06', 'paper_align_reason_loss': '0.5036', 'epoch': '2.744'}
{'paper_align_label_loss': '8.315e-06', 'paper_align_reason_loss': '0.654', 'epoch': '2.753'}
{'paper_align_label_loss': '1.021e-05', 'paper_align_reason_loss': '0.628', 'epoch': '2.753'}
{'paper_align_label_loss': '3.71e-06', 'paper_align_reason_loss': '0.7952', 'epoch': '2.753'}
{'paper_align_label_loss': '6.705e-06', 'paper_align_reason_loss': '0.7236', 'epoch': '2.753'}
{'paper_align_label_loss': '3.36e-06', 'paper_align_reason_loss': '0.6484', 'epoch': '2.762'}
{'paper_align_label_loss': '4.312e-05', 'paper_align_reason_loss': '0.6485', 'epoch': '2.762'}
{'paper_align_label_loss': '4.306e-06', 'paper_align_reason_loss': '0.9055', 'epoch': '2.762'}
{'paper_align_label_loss': '5.528e-06', 'paper_align_reason_loss': '0.6661', 'epoch': '2.762'}
{'paper_align_label_loss': '1.226e-05', 'paper_align_reason_loss': '0.5722', 'epoch': '2.772'}
{'paper_align_label_loss': '5.752e-06', 'paper_align_reason_loss': '0.6275', 'epoch': '2.772'}
{'paper_align_label_loss': '3.83e-06', 'paper_align_reason_loss': '0.6143', 'epoch': '2.772'}
{'paper_align_label_loss': '4.97e-06', 'paper_align_reason_loss': '0.7643', 'epoch': '2.772'}

 93%|█████████▎| 297/321 [14:29<01:10,  2.94s/it]2026-09-22 05:06:42,093 INFO [rw_gen_positioning_type|paper_align|Qwen3-0.6B] step=297 epoch=2.7812

                                                 

 93%|█████████▎| 297/321 [14:30<01:10,  2.94s/it]2026-09-22 05:06:43,009 INFO [rw_gen_positioning_type|paper_align|Qwen3-0.6B] step=297 epoch=2.7812

                                                 

 93%|█████████▎| 297/321 [14:31<01:10,  2.94s/it]2026-09-22 05:06:43,907 INFO [rw_gen_positioning_type|paper_align|Qwen3-0.6B] step=297 epoch=2.7812

                                                 

 93%|█████████▎| 297/321 [14:32<01:10,  2.94s/it]
 93%|█████████▎| 298/321 [14:32<01:11,  3.10s/it]2026-09-22 05:06:44,710 INFO [rw_gen_positioning_type|paper_align|Qwen3-0.6B] step=298 epoch=2.7906

                                                 

 93%|█████████▎| 298/321 [14:33<01:11,  3.10s/it]2026-09-22 05:06:45,347 INFO [rw_gen_positioning_type|paper_align|Qwen3-0.6B] step=298 epoch=2.7906

                                                 

 93%|█████████▎| 298/321 [14:33<01:11,  3.10s/it]2026-09-22 05:06:46,074 INFO [rw_gen_positioning_type|paper_align|Qwen3-0.6B] step=298 epoch=2.7906

                                                 

 93%|█████████▎| 298/321 [14:34<01:11,  3.10s/it]2026-09-22 05:06:46,712 INFO [rw_gen_positioning_type|paper_align|Qwen3-0.6B] step=298 epoch=2.7906

                                                 

 93%|█████████▎| 298/321 [14:35<01:11,  3.10s/it]
 93%|█████████▎| 299/321 [14:35<01:05,  2.99s/it]2026-09-22 05:06:47,424 INFO [rw_gen_positioning_type|paper_align|Qwen3-0.6B] step=299 epoch=2.8000

                                                 

 93%|█████████▎| 299/321 [14:35<01:05,  2.99s/it]2026-09-22 05:06:48,006 INFO [rw_gen_positioning_type|paper_align|Qwen3-0.6B] step=299 epoch=2.8000

                                                 

 93%|█████████▎| 299/321 [14:36<01:05,  2.99s/it]2026-09-22 05:06:48,582 INFO [rw_gen_positioning_type|paper_align|Qwen3-0.6B] step=299 epoch=2.8000

                                                 

 93%|█████████▎| 299/321 [14:37<01:05,  2.99s/it]2026-09-22 05:06:49,221 INFO [rw_gen_positioning_type|paper_align|Qwen3-0.6B] step=299 epoch=2.8000

                                                 

 93%|█████████▎| 299/321 [14:37<01:05,  2.99s/it]
 93%|█████████▎| 300/321 [14:38<01:00,  2.88s/it]2026-09-22 05:06:49,806 INFO [rw_gen_positioning_type|paper_align|Qwen3-0.6B] step=300 loss=1.3917 learning_rate=0.0000 epoch=2.8094

                                                 

 93%|█████████▎| 300/321 [14:38<01:00,  2.88s/it]2026-09-22 05:06:50,053 INFO [rw_gen_positioning_type|paper_align|Qwen3-0.6B] step=300 epoch=2.8094

                                                 

 93%|█████████▎| 300/321 [14:38<01:00,  2.88s/it]2026-09-22 05:06:50,711 INFO [rw_gen_positioning_type|paper_align|Qwen3-0.6B] step=300 epoch=2.8094

                                                 

 93%|█████████▎| 300/321 [14:39<01:00,  2.88s/it]2026-09-22 05:06:51,423 INFO [rw_gen_positioning_type|paper_align|Qwen3-0.6B] step=300 epoch=2.8094

                                                 

 93%|█████████▎| 300/321 [14:39<01:00,  2.88s/it]2026-09-22 05:06:52,104 INFO [rw_gen_positioning_type|paper_align|Qwen3-0.6B] step=300 epoch=2.8094

                                                 

 93%|█████████▎| 300/321 [14:40<01:00,  2.88s/it]
 94%|█████████▍| 301/321 [14:41<00:56,  2.84s/it]2026-09-22 05:06:53,149 INFO [rw_gen_positioning_type|paper_align|Qwen3-0.6B] step=301 epoch=2.8188

                                                 

 94%|█████████▍| 301/321 [14:41<00:56,  2.84s/it]2026-09-22 05:06:54,148 INFO [rw_gen_positioning_type|paper_align|Qwen3-0.6B] step=301 epoch=2.8188

                                                 

 94%|█████████▍| 301/321 [14:42<00:56,  2.84s/it]2026-09-22 05:06:54,730 INFO [rw_gen_positioning_type|paper_align|Qwen3-0.6B] step=301 epoch=2.8188

                                                 

 94%|█████████▍| 301/321 [14:43<00:56,  2.84s/it]2026-09-22 05:06:55,428 INFO [rw_gen_positioning_type|paper_align|Qwen3-0.6B] step=301 epoch=2.8188

                                                 

 94%|█████████▍| 301/321 [14:43<00:56,  2.84s/it]
 94%|█████████▍| 302/321 [14:44<00:56,  2.99s/it]2026-09-22 05:06:56,133 INFO [rw_gen_positioning_type|paper_align|Qwen3-0.6B] step=302 epoch=2.8282

                                                 

 94%|█████████▍| 302/321 [14:44<00:56,  2.99s/it]2026-09-22 05:06:56,734 INFO [rw_gen_positioning_type|paper_align|Qwen3-0.6B] step=302 epoch=2.8282

                                                 

 94%|█████████▍| 302/321 [14:45<00:56,  2.99s/it]2026-09-22 05:06:57,312 INFO [rw_gen_positioning_type|paper_align|Qwen3-0.6B] step=302 epoch=2.8282

                                                 

 94%|█████████▍| 302/321 [14:45<00:56,  2.99s/it]2026-09-22 05:06:57,884 INFO [rw_gen_positioning_type|paper_align|Qwen3-0.6B] step=302 epoch=2.8282

                                                 

 94%|█████████▍| 302/321 [14:46<00:56,  2.99s/it]
 94%|█████████▍| 303/321 [14:46<00:50,  2.82s/it]2026-09-22 05:06:58,567 INFO [rw_gen_positioning_type|paper_align|Qwen3-0.6B] step=303 epoch=2.8376

                                                 

 94%|█████████▍| 303/321 [14:47<00:50,  2.82s/it]2026-09-22 05:06:59,209 INFO [rw_gen_positioning_type|paper_align|Qwen3-0.6B] step=303 epoch=2.8376

                                                 

 94%|█████████▍| 303/321 [14:47<00:50,  2.82s/it]2026-09-22 05:06:59,922 INFO [rw_gen_positioning_type|paper_align|Qwen3-0.6B] step=303 epoch=2.8376

                                                 

 94%|█████████▍| 303/321 [14:48<00:50,  2.82s/it]2026-09-22 05:07:00,663 INFO [rw_gen_positioning_type|paper_align|Qwen3-0.6B] step=303 epoch=2.8376

                                                 

 94%|█████████▍| 303/321 [14:49<00:50,  2.82s/it]
 95%|█████████▍| 304/321 [14:49<00:47,  2.82s/it]2026-09-22 05:07:01,376 INFO [rw_gen_positioning_type|paper_align|Qwen3-0.6B] step=304 epoch=2.8471

                                                 

 95%|█████████▍| 304/321 [14:49<00:47,  2.82s/it]2026-09-22 05:07:01,959 INFO [rw_gen_positioning_type|paper_align|Qwen3-0.6B] step=304 epoch=2.8471

                                                 

 95%|█████████▍| 304/321 [14:50<00:47,  2.82s/it]2026-09-22 05:07:02,675 INFO [rw_gen_positioning_type|paper_align|Qwen3-0.6B] step=304 epoch=2.8471

                                                 

 95%|█████████▍| 304/321 [14:51<00:47,  2.82s/it]2026-09-22 05:07:03,314 INFO [rw_gen_positioning_type|paper_align|Qwen3-0.6B] step=304 epoch=2.8471

                                                 

 95%|█████████▍| 304/321 [14:51<00:47,  2.82s/it]
 95%|█████████▌| 305/321 [14:52<00:44,  2.76s/it]2026-09-22 05:07:03,998 INFO [rw_gen_positioning_type|paper_align|Qwen3-0.6B] step=305 epoch=2.8565

                                                 

 95%|█████████▌| 305/321 [14:52<00:44,  2.76s/it]2026-09-22 05:07:04,588 INFO [rw_gen_positioning_type|paper_align|Qwen3-0.6B] step=305 epoch=2.8565

                                                 

 95%|█████████▌| 305/321 [14:53<00:44,  2.76s/it]2026-09-22 05:07:05,297 INFO [rw_gen_positioning_type|paper_align|Qwen3-0.6B] step=305 epoch=2.8565

                                                 

 95%|█████████▌| 305/321 [14:53<00:44,  2.76s/it]2026-09-22 05:07:05,891 INFO [rw_gen_positioning_type|paper_align|Qwen3-0.6B] step=305 epoch=2.8565

                                                 

 95%|█████████▌| 305/321 [14:54<00:44,  2.76s/it]
 95%|█████████▌| 306/321 [14:54<00:41,  2.73s/it]2026-09-22 05:07:06,699 INFO [rw_gen_positioning_type|paper_align|Qwen3-0.6B] step=306 epoch=2.8659

                                                 

 95%|█████████▌| 306/321 [14:55<00:41,  2.73s/it]2026-09-22 05:07:07,624 INFO [rw_gen_positioning_type|paper_align|Qwen3-0.6B] step=306 epoch=2.8659

                                                 

 95%|█████████▌| 306/321 [14:56<00:41,  2.73s/it]2026-09-22 05:07:08,221 INFO [rw_gen_positioning_type|paper_align|Qwen3-0.6B] step=306 epoch=2.8659

                                                 

 95%|█████████▌| 306/321 [14:56<00:41,  2.73s/it]2026-09-22 05:07:08,857 INFO [rw_gen_positioning_type|paper_align|Qwen3-0.6B] step=306 epoch=2.8659

                                                 

 95%|█████████▌| 306/321 [14:57<00:41,  2.73s/it]
 96%|█████████▌| 307/321 [14:57<00:39,  2.79s/it]2026-09-22 05:07:09,602 INFO [rw_gen_positioning_type|paper_align|Qwen3-0.6B] step=307 epoch=2.8753

                                                 

 96%|█████████▌| 307/321 [14:58<00:39,  2.79s/it]2026-09-22 05:07:10,303 INFO [rw_gen_positioning_type|paper_align|Qwen3-0.6B] step=307 epoch=2.8753

                                                 

 96%|█████████▌| 307/321 [14:58<00:39,  2.79s/it]2026-09-22 05:07:11,191 INFO [rw_gen_positioning_type|paper_align|Qwen3-0.6B] step=307 epoch=2.8753

                                                 

 96%|█████████▌| 307/321 [14:59<00:39,  2.79s/it]2026-09-22 05:07:11,913 INFO [rw_gen_positioning_type|paper_align|Qwen3-0.6B] step=307 epoch=2.8753

                                                 

 96%|█████████▌| 307/321 [15:00<00:39,  2.79s/it]
 96%|█████████▌| 308/321 [15:00<00:36,  2.84s/it]2026-09-22 05:07:12,544 INFO [rw_gen_positioning_type|paper_align|Qwen3-0.6B] step=308 epoch=2.8847

                                                 

 96%|█████████▌| 308/321 [15:01<00:36,  2.84s/it]2026-09-22 05:07:13,241 INFO [rw_gen_positioning_type|paper_align|Qwen3-0.6B] step=308 epoch=2.8847

                                                 

 96%|█████████▌| 308/321 [15:01<00:36,  2.84s/it]2026-09-22 05:07:13,888 INFO [rw_gen_positioning_type|paper_align|Qwen3-0.6B] step=308 epoch=2.8847

                                                 

 96%|█████████▌| 308/321 [15:02<00:36,  2.84s/it]2026-09-22 05:07:14,627 INFO [rw_gen_positioning_type|paper_align|Qwen3-0.6B] step=308 epoch=2.8847

                                                 

 96%|█████████▌| 308/321 [15:03<00:36,  2.84s/it]
 96%|█████████▋| 309/321 [15:03<00:33,  2.83s/it]2026-09-22 05:07:15,339 INFO [rw_gen_positioning_type|paper_align|Qwen3-0.6B] step=309 epoch=2.8941

                                                 

 96%|█████████▋| 309/321 [15:03<00:33,  2.83s/it]2026-09-22 05:07:15,979 INFO [rw_gen_positioning_type|paper_align|Qwen3-0.6B] step=309 epoch=2.8941

                                                 

 96%|█████████▋| 309/321 [15:04<00:33,  2.83s/it]2026-09-22 05:07:16,578 INFO [rw_gen_positioning_type|paper_align|Qwen3-0.6B] step=309 epoch=2.8941

                                                 

 96%|█████████▋| 309/321 [15:05<00:33,  2.83s/it]2026-09-22 05:07:17,286 INFO [rw_gen_positioning_type|paper_align|Qwen3-0.6B] step=309 epoch=2.8941

                                                 

 96%|█████████▋| 309/321 [15:05<00:33,  2.83s/it]
 97%|█████████▋| 310/321 [15:06<00:30,  2.77s/it]2026-09-22 05:07:17,743 INFO [rw_gen_positioning_type|paper_align|Qwen3-0.6B] step=310 loss=1.3734 learning_rate=0.0000 epoch=2.9035

                                                 

 97%|█████████▋| 310/321 [15:06<00:30,  2.77s/it]2026-09-22 05:07:17,993 INFO [rw_gen_positioning_type|paper_align|Qwen3-0.6B] step=310 epoch=2.9035

                                                 

 97%|█████████▋| 310/321 [15:06<00:30,  2.77s/it]2026-09-22 05:07:18,722 INFO [rw_gen_positioning_type|paper_align|Qwen3-0.6B] step=310 epoch=2.9035

                                                 

 97%|█████████▋| 310/321 [15:07<00:30,  2.77s/it]2026-09-22 05:07:19,589 INFO [rw_gen_positioning_type|paper_align|Qwen3-0.6B] step=310 epoch=2.9035

                                                 

 97%|█████████▋| 310/321 [15:08<00:30,  2.77s/it]2026-09-22 05:07:20,226 INFO [rw_gen_positioning_type|paper_align|Qwen3-0.6B] step=310 epoch=2.9035

                                                 

 97%|█████████▋| 310/321 [15:08<00:30,  2.77s/it]
 97%|█████████▋| 311/321 [15:09<00:28,  2.83s/it]2026-09-22 05:07:21,239 INFO [rw_gen_positioning_type|paper_align|Qwen3-0.6B] step=311 epoch=2.9129

                                                 

 97%|█████████▋| 311/321 [15:09<00:28,  2.83s/it]2026-09-22 05:07:21,980 INFO [rw_gen_positioning_type|paper_align|Qwen3-0.6B] step=311 epoch=2.9129

                                                 

 97%|█████████▋| 311/321 [15:10<00:28,  2.83s/it]2026-09-22 05:07:22,728 INFO [rw_gen_positioning_type|paper_align|Qwen3-0.6B] step=311 epoch=2.9129

                                                 

 97%|█████████▋| 311/321 [15:11<00:28,  2.83s/it]2026-09-22 05:07:23,625 INFO [rw_gen_positioning_type|paper_align|Qwen3-0.6B] step=311 epoch=2.9129

                                                 

 97%|█████████▋| 311/321 [15:12<00:28,  2.83s/it]
 97%|█████████▋| 312/321 [15:12<00:27,  3.02s/it]2026-09-22 05:07:24,428 INFO [rw_gen_positioning_type|paper_align|Qwen3-0.6B] step=312 epoch=2.9224

                                                 

 97%|█████████▋| 312/321 [15:12<00:27,  3.02s/it]2026-09-22 05:07:25,102 INFO [rw_gen_positioning_type|paper_align|Qwen3-0.6B] step=312 epoch=2.9224

                                                 

 97%|█████████▋| 312/321 [15:13<00:27,  3.02s/it]2026-09-22 05:07:25,977 INFO [rw_gen_positioning_type|paper_align|Qwen3-0.6B] step=312 epoch=2.9224

                                                 

 97%|█████████▋| 312/321 [15:14<00:27,  3.02s/it]2026-09-22 05:07:26,570 INFO [rw_gen_positioning_type|paper_align|Qwen3-0.6B] step=312 epoch=2.9224

                                                 

 97%|█████████▋| 312/321 [15:15<00:27,  3.02s/it]
 98%|█████████▊| 313/321 [15:15<00:23,  2.96s/it]2026-09-22 05:07:27,270 INFO [rw_gen_positioning_type|paper_align|Qwen3-0.6B] step=313 epoch=2.9318

                                                 

 98%|█████████▊| 313/321 [15:15<00:23,  2.96s/it]2026-09-22 05:07:28,008 INFO [rw_gen_positioning_type|paper_align|Qwen3-0.6B] step=313 epoch=2.9318

                                                 

 98%|█████████▊| 313/321 [15:16<00:23,  2.96s/it]2026-09-22 05:07:28,651 INFO [rw_gen_positioning_type|paper_align|Qwen3-0.6B] step=313 epoch=2.9318

                                                 

 98%|█████████▊| 313/321 [15:17<00:23,  2.96s/it]2026-09-22 05:07:29,384 INFO [rw_gen_positioning_type|paper_align|Qwen3-0.6B] step=313 epoch=2.9318

                                                 

 98%|█████████▊| 313/321 [15:17<00:23,  2.96s/it]
 98%|█████████▊| 314/321 [15:18<00:20,  2.91s/it]2026-09-22 05:07:30,062 INFO [rw_gen_positioning_type|paper_align|Qwen3-0.6B] step=314 epoch=2.9412

                                                 

 98%|█████████▊| 314/321 [15:18<00:20,  2.91s/it]2026-09-22 05:07:30,882 INFO [rw_gen_positioning_type|paper_align|Qwen3-0.6B] step=314 epoch=2.9412

                                                 

 98%|█████████▊| 314/321 [15:19<00:20,  2.91s/it]2026-09-22 05:07:31,523 INFO [rw_gen_positioning_type|paper_align|Qwen3-0.6B] step=314 epoch=2.9412

                                                 

 98%|█████████▊| 314/321 [15:19<00:20,  2.91s/it]2026-09-22 05:07:32,098 INFO [rw_gen_positioning_type|paper_align|Qwen3-0.6B] step=314 epoch=2.9412

                                                 

 98%|█████████▊| 314/321 [15:20<00:20,  2.91s/it]
 98%|█████████▊| 315/321 [15:21<00:17,  2.88s/it]2026-09-22 05:07:32,867 INFO [rw_gen_positioning_type|paper_align|Qwen3-0.6B] step=315 epoch=2.9506

                                                 

 98%|█████████▊| 315/321 [15:21<00:17,  2.88s/it]2026-09-22 05:07:33,628 INFO [rw_gen_positioning_type|paper_align|Qwen3-0.6B] step=315 epoch=2.9506

                                                 

 98%|█████████▊| 315/321 [15:22<00:17,  2.88s/it]2026-09-22 05:07:34,397 INFO [rw_gen_positioning_type|paper_align|Qwen3-0.6B] step=315 epoch=2.9506

                                                 

 98%|█████████▊| 315/321 [15:22<00:17,  2.88s/it]2026-09-22 05:07:35,090 INFO [rw_gen_positioning_type|paper_align|Qwen3-0.6B] step=315 epoch=2.9506

                                                 

 98%|█████████▊| 315/321 [15:23<00:17,  2.88s/it]
 98%|█████████▊| 316/321 [15:24<00:14,  2.91s/it]2026-09-22 05:07:36,105 INFO [rw_gen_positioning_type|paper_align|Qwen3-0.6B] step=316 epoch=2.9600

                                                 

 98%|█████████▊| 316/321 [15:24<00:14,  2.91s/it]2026-09-22 05:07:36,932 INFO [rw_gen_positioning_type|paper_align|Qwen3-0.6B] step=316 epoch=2.9600

                                                 

 98%|█████████▊| 316/321 [15:25<00:14,  2.91s/it]2026-09-22 05:07:37,668 INFO [rw_gen_positioning_type|paper_align|Qwen3-0.6B] step=316 epoch=2.9600

                                                 

 98%|█████████▊| 316/321 [15:26<00:14,  2.91s/it]2026-09-22 05:07:38,310 INFO [rw_gen_positioning_type|paper_align|Qwen3-0.6B] step=316 epoch=2.9600

                                                 

 98%|█████████▊| 316/321 [15:26<00:14,  2.91s/it]
 99%|█████████▉| 317/321 [15:27<00:12,  3.02s/it]2026-09-22 05:07:39,101 INFO [rw_gen_positioning_type|paper_align|Qwen3-0.6B] step=317 epoch=2.9694

                                                 

 99%|█████████▉| 317/321 [15:27<00:12,  3.02s/it]2026-09-22 05:07:39,672 INFO [rw_gen_positioning_type|paper_align|Qwen3-0.6B] step=317 epoch=2.9694

                                                 

 99%|█████████▉| 317/321 [15:28<00:12,  3.02s/it]2026-09-22 05:07:40,281 INFO [rw_gen_positioning_type|paper_align|Qwen3-0.6B] step=317 epoch=2.9694

                                                 

 99%|█████████▉| 317/321 [15:28<00:12,  3.02s/it]2026-09-22 05:07:41,037 INFO [rw_gen_positioning_type|paper_align|Qwen3-0.6B] step=317 epoch=2.9694

                                                 

 99%|█████████▉| 317/321 [15:29<00:12,  3.02s/it]
 99%|█████████▉| 318/321 [15:30<00:08,  2.94s/it]2026-09-22 05:07:41,905 INFO [rw_gen_positioning_type|paper_align|Qwen3-0.6B] step=318 epoch=2.9788

                                                 
{'paper_align_label_loss': '5.342e-06', 'paper_align_reason_loss': '0.6151', 'epoch': '2.781'}
{'paper_align_label_loss': '4.999e-06', 'paper_align_reason_loss': '0.7498', 'epoch': '2.781'}
{'paper_align_label_loss': '3.904e-06', 'paper_align_reason_loss': '0.6087', 'epoch': '2.781'}
{'paper_align_label_loss': '3.591e-06', 'paper_align_reason_loss': '0.7679', 'epoch': '2.781'}
{'paper_align_label_loss': '4.47e-06', 'paper_align_reason_loss': '0.7787', 'epoch': '2.791'}
{'paper_align_label_loss': '5.707e-06', 'paper_align_reason_loss': '0.717', 'epoch': '2.791'}
{'paper_align_label_loss': '3.263e-06', 'paper_align_reason_loss': '0.7359', 'epoch': '2.791'}
{'paper_align_label_loss': '3.874e-06', 'paper_align_reason_loss': '0.835', 'epoch': '2.791'}
{'paper_align_label_loss': '1.386e-05', 'paper_align_reason_loss': '0.7062', 'epoch': '2.8'}
{'paper_align_label_loss': '3.643e-06', 'paper_align_reason_loss': '0.6453', 'epoch': '2.8'}
{'paper_align_label_loss': '6.497e-06', 'paper_align_reason_loss': '0.6186', 'epoch': '2.8'}
{'paper_align_label_loss': '3.964e-06', 'paper_align_reason_loss': '0.6979', 'epoch': '2.8'}
{'loss': '1.392', 'grad_norm': '3.014', 'learning_rate': '1.23e-06', 'epoch': '2.809'}
{'paper_align_label_loss': '6.728e-06', 'paper_align_reason_loss': '0.5321', 'epoch': '2.809'}
{'paper_align_label_loss': '7.421e-06', 'paper_align_reason_loss': '0.9035', 'epoch': '2.809'}
{'paper_align_label_loss': '4.463e-06', 'paper_align_reason_loss': '0.6524', 'epoch': '2.809'}
{'paper_align_label_loss': '4.269e-06', 'paper_align_reason_loss': '0.8166', 'epoch': '2.809'}
{'paper_align_label_loss': '4.172e-06', 'paper_align_reason_loss': '0.7529', 'epoch': '2.819'}
{'paper_align_label_loss': '3.83e-06', 'paper_align_reason_loss': '0.6785', 'epoch': '2.819'}
{'paper_align_label_loss': '5.171e-06', 'paper_align_reason_loss': '0.6584', 'epoch': '2.819'}
{'paper_align_label_loss': '6.556e-06', 'paper_align_reason_loss': '0.6206', 'epoch': '2.819'}
{'paper_align_label_loss': '6.497e-06', 'paper_align_reason_loss': '0.5842', 'epoch': '2.828'}
{'paper_align_label_loss': '1.707e-05', 'paper_align_reason_loss': '0.6528', 'epoch': '2.828'}
{'paper_align_label_loss': '3.278e-06', 'paper_align_reason_loss': '0.6724', 'epoch': '2.828'}
{'paper_align_label_loss': '1.512e-05', 'paper_align_reason_loss': '0.5334', 'epoch': '2.828'}
{'paper_align_label_loss': '9.216e-06', 'paper_align_reason_loss': '0.8922', 'epoch': '2.838'}
{'paper_align_label_loss': '4.806e-06', 'paper_align_reason_loss': '0.635', 'epoch': '2.838'}
{'paper_align_label_loss': '1.331e-05', 'paper_align_reason_loss': '0.627', 'epoch': '2.838'}
{'paper_align_label_loss': '6.795e-06', 'paper_align_reason_loss': '0.9284', 'epoch': '2.838'}
{'paper_align_label_loss': '1.279e-05', 'paper_align_reason_loss': '0.5865', 'epoch': '2.847'}
{'paper_align_label_loss': '8.911e-06', 'paper_align_reason_loss': '0.6094', 'epoch': '2.847'}
{'paper_align_label_loss': '4.88e-06', 'paper_align_reason_loss': '0.6404', 'epoch': '2.847'}
{'paper_align_label_loss': '4.105e-06', 'paper_align_reason_loss': '0.7478', 'epoch': '2.847'}
{'paper_align_label_loss': '4.12e-06', 'paper_align_reason_loss': '0.7972', 'epoch': '2.856'}
{'paper_align_label_loss': '7.905e-06', 'paper_align_reason_loss': '0.5686', 'epoch': '2.856'}
{'paper_align_label_loss': '3.017e-06', 'paper_align_reason_loss': '0.7347', 'epoch': '2.856'}
{'paper_align_label_loss': '1.182e-05', 'paper_align_reason_loss': '0.5977', 'epoch': '2.856'}
{'paper_align_label_loss': '7.719e-06', 'paper_align_reason_loss': '0.6928', 'epoch': '2.866'}
{'paper_align_label_loss': '1.633e-05', 'paper_align_reason_loss': '0.888', 'epoch': '2.866'}
{'paper_align_label_loss': '4.18e-06', 'paper_align_reason_loss': '0.6367', 'epoch': '2.866'}
{'paper_align_label_loss': '6.668e-06', 'paper_align_reason_loss': '0.5529', 'epoch': '2.866'}
{'paper_align_label_loss': '7.875e-06', 'paper_align_reason_loss': '0.6329', 'epoch': '2.875'}
{'paper_align_label_loss': '3.867e-06', 'paper_align_reason_loss': '0.755', 'epoch': '2.875'}
{'paper_align_label_loss': '5.469e-06', 'paper_align_reason_loss': '0.6936', 'epoch': '2.875'}
{'paper_align_label_loss': '4.679e-06', 'paper_align_reason_loss': '0.5854', 'epoch': '2.875'}
{'paper_align_label_loss': '4.448e-06', 'paper_align_reason_loss': '0.6768', 'epoch': '2.885'}
{'paper_align_label_loss': '4.582e-06', 'paper_align_reason_loss': '0.7682', 'epoch': '2.885'}
{'paper_align_label_loss': '7.018e-06', 'paper_align_reason_loss': '0.7176', 'epoch': '2.885'}
{'paper_align_label_loss': '4.932e-06', 'paper_align_reason_loss': '0.5751', 'epoch': '2.885'}
{'paper_align_label_loss': '5.2e-06', 'paper_align_reason_loss': '0.6411', 'epoch': '2.894'}
{'paper_align_label_loss': '2.973e-06', 'paper_align_reason_loss': '0.7032', 'epoch': '2.894'}
{'paper_align_label_loss': '7.585e-06', 'paper_align_reason_loss': '1.058', 'epoch': '2.894'}
{'paper_align_label_loss': '5.424e-06', 'paper_align_reason_loss': '0.4673', 'epoch': '2.894'}
{'loss': '1.373', 'grad_norm': '3.026', 'learning_rate': '3.669e-07', 'epoch': '2.904'}
{'paper_align_label_loss': '4.373e-06', 'paper_align_reason_loss': '0.5843', 'epoch': '2.904'}
{'paper_align_label_loss': '9.268e-06', 'paper_align_reason_loss': '0.9329', 'epoch': '2.904'}
{'paper_align_label_loss': '6.34e-06', 'paper_align_reason_loss': '0.5248', 'epoch': '2.904'}
{'paper_align_label_loss': '6.616e-06', 'paper_align_reason_loss': '0.5918', 'epoch': '2.904'}
{'paper_align_label_loss': '1.44e-05', 'paper_align_reason_loss': '0.5287', 'epoch': '2.913'}
{'paper_align_label_loss': '4.731e-06', 'paper_align_reason_loss': '0.6237', 'epoch': '2.913'}
{'paper_align_label_loss': '1.593e-05', 'paper_align_reason_loss': '0.4944', 'epoch': '2.913'}
{'paper_align_label_loss': '4.91e-06', 'paper_align_reason_loss': '0.6127', 'epoch': '2.913'}
{'paper_align_label_loss': '8.479e-06', 'paper_align_reason_loss': '0.4928', 'epoch': '2.922'}
{'paper_align_label_loss': '4.172e-06', 'paper_align_reason_loss': '0.9061', 'epoch': '2.922'}
{'paper_align_label_loss': '4.083e-06', 'paper_align_reason_loss': '0.7071', 'epoch': '2.922'}
{'paper_align_label_loss': '2.074e-05', 'paper_align_reason_loss': '0.4056', 'epoch': '2.922'}
{'paper_align_label_loss': '7.071e-06', 'paper_align_reason_loss': '0.6688', 'epoch': '2.932'}
{'paper_align_label_loss': '6.646e-06', 'paper_align_reason_loss': '0.4045', 'epoch': '2.932'}
{'paper_align_label_loss': '0.0001207', 'paper_align_reason_loss': '0.7312', 'epoch': '2.932'}
{'paper_align_label_loss': '3.904e-06', 'paper_align_reason_loss': '0.689', 'epoch': '2.932'}
{'paper_align_label_loss': '7.294e-06', 'paper_align_reason_loss': '0.7156', 'epoch': '2.941'}
{'paper_align_label_loss': '3.986e-06', 'paper_align_reason_loss': '0.6305', 'epoch': '2.941'}
{'paper_align_label_loss': '3.338e-06', 'paper_align_reason_loss': '0.6647', 'epoch': '2.941'}
{'paper_align_label_loss': '8.099e-06', 'paper_align_reason_loss': '0.5833', 'epoch': '2.941'}
{'paper_align_label_loss': '1.256e-05', 'paper_align_reason_loss': '0.5593', 'epoch': '2.951'}
{'paper_align_label_loss': '4.314e-06', 'paper_align_reason_loss': '0.6234', 'epoch': '2.951'}
{'paper_align_label_loss': '4.671e-06', 'paper_align_reason_loss': '0.6832', 'epoch': '2.951'}
{'paper_align_label_loss': '4.77e-05', 'paper_align_reason_loss': '0.822', 'epoch': '2.951'}
{'paper_align_label_loss': '4.865e-06', 'paper_align_reason_loss': '0.5217', 'epoch': '2.96'}
{'paper_align_label_loss': '4.433e-06', 'paper_align_reason_loss': '0.7391', 'epoch': '2.96'}
{'paper_align_label_loss': '9.246e-06', 'paper_align_reason_loss': '0.6971', 'epoch': '2.96'}
{'paper_align_label_loss': '3.979e-06', 'paper_align_reason_loss': '0.7204', 'epoch': '2.96'}
{'paper_align_label_loss': '7.093e-06', 'paper_align_reason_loss': '0.6533', 'epoch': '2.969'}
{'paper_align_label_loss': '7.182e-06', 'paper_align_reason_loss': '0.9244', 'epoch': '2.969'}
{'paper_align_label_loss': '4.94e-06', 'paper_align_reason_loss': '0.9038', 'epoch': '2.969'}
{'paper_align_label_loss': '3.755e-06', 'paper_align_reason_loss': '0.6418', 'epoch': '2.969'}

 99%|█████████▉| 318/321 [15:30<00:08,  2.94s/it]2026-09-22 05:07:42,802 INFO [rw_gen_positioning_type|paper_align|Qwen3-0.6B] step=318 epoch=2.9788

                                                 

 99%|█████████▉| 318/321 [15:31<00:08,  2.94s/it]2026-09-22 05:07:43,762 INFO [rw_gen_positioning_type|paper_align|Qwen3-0.6B] step=318 epoch=2.9788

                                                 

 99%|█████████▉| 318/321 [15:32<00:08,  2.94s/it]2026-09-22 05:07:44,358 INFO [rw_gen_positioning_type|paper_align|Qwen3-0.6B] step=318 epoch=2.9788

                                                 

 99%|█████████▉| 318/321 [15:32<00:08,  2.94s/it]
 99%|█████████▉| 319/321 [15:33<00:06,  3.03s/it]2026-09-22 05:07:45,106 INFO [rw_gen_positioning_type|paper_align|Qwen3-0.6B] step=319 epoch=2.9882

                                                 

 99%|█████████▉| 319/321 [15:33<00:06,  3.03s/it]2026-09-22 05:07:45,929 INFO [rw_gen_positioning_type|paper_align|Qwen3-0.6B] step=319 epoch=2.9882

                                                 

 99%|█████████▉| 319/321 [15:34<00:06,  3.03s/it]2026-09-22 05:07:46,532 INFO [rw_gen_positioning_type|paper_align|Qwen3-0.6B] step=319 epoch=2.9882

                                                 

 99%|█████████▉| 319/321 [15:35<00:06,  3.03s/it]2026-09-22 05:07:47,236 INFO [rw_gen_positioning_type|paper_align|Qwen3-0.6B] step=319 epoch=2.9882

                                                 

 99%|█████████▉| 319/321 [15:35<00:06,  3.03s/it]
100%|█████████▉| 320/321 [15:36<00:02,  2.98s/it]2026-09-22 05:07:47,702 INFO [rw_gen_positioning_type|paper_align|Qwen3-0.6B] step=320 loss=1.3275 learning_rate=0.0000 epoch=2.9976

                                                 

100%|█████████▉| 320/321 [15:36<00:02,  2.98s/it]2026-09-22 05:07:47,920 INFO [rw_gen_positioning_type|paper_align|Qwen3-0.6B] step=320 epoch=2.9976

                                                 

100%|█████████▉| 320/321 [15:36<00:02,  2.98s/it]
100%|██████████| 321/321 [15:36<00:00,  2.30s/it]{'paper_align_label_loss': '4.038e-06', 'paper_align_reason_loss': '0.7397', 'epoch': '2.979'}
{'paper_align_label_loss': '1.086e-05', 'paper_align_reason_loss': '0.6616', 'epoch': '2.979'}
{'paper_align_label_loss': '1.04e-05', 'paper_align_reason_loss': '0.7963', 'epoch': '2.979'}
{'paper_align_label_loss': '5.871e-06', 'paper_align_reason_loss': '0.8476', 'epoch': '2.979'}
{'paper_align_label_loss': '8.136e-06', 'paper_align_reason_loss': '0.588', 'epoch': '2.988'}
{'paper_align_label_loss': '4.731e-06', 'paper_align_reason_loss': '0.477', 'epoch': '2.988'}
{'paper_align_label_loss': '1.089e-05', 'paper_align_reason_loss': '0.7641', 'epoch': '2.988'}
{'paper_align_label_loss': '1.055e-05', 'paper_align_reason_loss': '0.6935', 'epoch': '2.988'}
{'loss': '1.328', 'grad_norm': '3.127', 'learning_rate': '1.02e-08', 'epoch': '2.998'}
{'paper_align_label_loss': '4.128e-06', 'paper_align_reason_loss': '0.7739', 'epoch': '2.998'}


  0%|          | 0/24 [00:00<?, ?it/s][A

  8%|▊         | 2/24 [00:00<00:01, 15.59it/s][A

 17%|█▋        | 4/24 [00:00<00:02,  7.82it/s][A

 21%|██        | 5/24 [00:00<00:02,  7.68it/s][A

 25%|██▌       | 6/24 [00:00<00:02,  7.25it/s][A

 29%|██▉       | 7/24 [00:00<00:02,  7.27it/s][A

 33%|███▎      | 8/24 [00:01<00:02,  7.35it/s][A

 38%|███▊      | 9/24 [00:01<00:02,  7.23it/s][A

 42%|████▏     | 10/24 [00:01<00:02,  6.93it/s][A

 46%|████▌     | 11/24 [00:01<00:01,  6.60it/s][A

 50%|█████     | 12/24 [00:01<00:01,  6.88it/s][A

 54%|█████▍    | 13/24 [00:01<00:01,  7.32it/s][A

 58%|█████▊    | 14/24 [00:01<00:01,  7.28it/s][A

 62%|██████▎   | 15/24 [00:02<00:01,  7.64it/s][A

 67%|██████▋   | 16/24 [00:02<00:01,  7.67it/s][A

 71%|███████   | 17/24 [00:02<00:00,  7.69it/s][A

 75%|███████▌  | 18/24 [00:02<00:00,  7.26it/s][A

 79%|███████▉  | 19/24 [00:02<00:00,  7.27it/s][A

 83%|████████▎ | 20/24 [00:02<00:00,  7.49it/s][A

 88%|████████▊ | 21/24 [00:02<00:00,  7.71it/s][A

 92%|█████████▏| 22/24 [00:02<00:00,  7.54it/s][A

 96%|█████████▌| 23/24 [00:03<00:00,  7.83it/s][A

100%|██████████| 24/24 [00:03<00:00,  8.30it/s][A2026-09-22 05:07:51,729 INFO [rw_gen_positioning_type|paper_align|Qwen3-0.6B] step=321 eval_loss=0.0000 epoch=3.0000

                                                 

                                               
[A
100%|██████████| 321/321 [15:40<00:00,  2.30s/it]

100%|██████████| 24/24 [00:03<00:00,  8.30it/s][A

                                               [A2026-09-22 05:07:52,052 INFO Starting generation validation on training device cuda:0: samples=94 batch_size=16
2026-09-22 05:07:53,660 INFO Generation validation progress: 16/94
2026-09-22 05:07:54,944 INFO Generation validation progress: 32/94
2026-09-22 05:07:56,228 INFO Generation validation progress: 48/94
2026-09-22 05:07:57,397 INFO Generation validation progress: 64/94
2026-09-22 05:07:58,680 INFO Generation validation progress: 80/94
2026-09-22 05:07:59,740 INFO Generation validation progress: 94/94
2026-09-22 05:07:59,823 INFO Generation val @ epoch=3.0 step=321: acc=1.0000 macro_f1=1.0000 valid=1.0000 (retaining last checkpoint)
2026-09-22 05:07:59,825 INFO [rw_gen_positioning_type|paper_align|Qwen3-0.6B] step=321 eval_generation_accuracy=1.0000 eval_generation_macro_f1=1.0000 eval_generation_format_valid_rate=1.0000 epoch=3.0000

                                                 

100%|██████████| 321/321 [15:48<00:00,  2.30s/it]2026-09-22 05:08:00,163 INFO [rw_gen_positioning_type|paper_align|Qwen3-0.6B] step=321 epoch=3.0000

                                                 

100%|██████████| 321/321 [15:48<00:00,  2.30s/it]
100%|██████████| 321/321 [15:48<00:00,  2.96s/it]
{'eval_loss': '9.837e-06', 'eval_runtime': '3.31', 'eval_samples_per_second': '28.39', 'eval_steps_per_second': '7.25', 'eval_entropy': '0.0001168', 'eval_num_tokens': '0', 'eval_mean_token_accuracy': '1', 'epoch': '3'}
{'eval_generation_accuracy': '1', 'eval_generation_macro_f1': '1', 'eval_generation_format_valid_rate': '1', 'eval_generation_invalid_outputs': 0, 'epoch': '3'}
{'train_runtime': '948.6', 'train_samples_per_second': '2.688', 'train_steps_per_second': '0.338', 'train_loss': '1.696', 'epoch': '3'}

  0%|          | 0/24 [00:00<?, ?it/s]
  8%|▊         | 2/24 [00:00<00:01, 16.24it/s]
 17%|█▋        | 4/24 [00:00<00:02,  8.05it/s]
 25%|██▌       | 6/24 [00:00<00:02,  7.64it/s]
 29%|██▉       | 7/24 [00:00<00:02,  7.62it/s]
 33%|███▎      | 8/24 [00:00<00:02,  7.67it/s]
 38%|███▊      | 9/24 [00:01<00:01,  7.54it/s]
 42%|████▏     | 10/24 [00:01<00:01,  7.63it/s]
 46%|████▌     | 11/24 [00:01<00:01,  7.30it/s]
 50%|█████     | 12/24 [00:01<00:01,  7.49it/s]
 54%|█████▍    | 13/24 [00:01<00:01,  7.88it/s]
 58%|█████▊    | 14/24 [00:01<00:01,  7.75it/s]
 62%|██████▎   | 15/24 [00:01<00:01,  8.28it/s]
 67%|██████▋   | 16/24 [00:02<00:00,  8.20it/s]
 71%|███████   | 17/24 [00:02<00:00,  8.16it/s]
 75%|███████▌  | 18/24 [00:02<00:00,  7.63it/s]
 79%|███████▉  | 19/24 [00:02<00:00,  7.62it/s]
 83%|████████▎ | 20/24 [00:02<00:00,  7.83it/s]
 88%|████████▊ | 21/24 [00:02<00:00,  8.08it/s]
 92%|█████████▏| 22/24 [00:02<00:00,  7.88it/s]
 96%|█████████▌| 23/24 [00:02<00:00,  8.16it/s]2026-09-22 05:08:03,274 INFO [rw_gen_positioning_type|paper_align|Qwen3-0.6B] step=321 eval_loss=0.0000 epoch=3.0000

100%|██████████| 24/24 [00:02<00:00,  8.08it/s]
2026-09-22 05:08:03,302 INFO Starting generation validation on training device cuda:0: samples=94 batch_size=16
2026-09-22 05:08:04,801 INFO Generation validation progress: 16/94
2026-09-22 05:08:06,089 INFO Generation validation progress: 32/94
2026-09-22 05:08:07,387 INFO Generation validation progress: 48/94
2026-09-22 05:08:08,563 INFO Generation validation progress: 64/94
2026-09-22 05:08:09,833 INFO Generation validation progress: 80/94
2026-09-22 05:08:10,889 INFO Generation validation progress: 94/94
2026-09-22 05:08:10,975 INFO Generation val @ epoch=3.0 step=321: acc=1.0000 macro_f1=1.0000 valid=1.0000 (retaining last checkpoint)
2026-09-22 05:08:10,976 INFO [rw_gen_positioning_type|paper_align|Qwen3-0.6B] step=321 eval_generation_accuracy=1.0000 eval_generation_macro_f1=1.0000 eval_generation_format_valid_rate=1.0000 epoch=3.0000
2026-09-22 05:08:11,238 INFO [rw_gen_positioning_type|paper_align|Qwen3-0.6B] Completed run rw_gen_positioning_type#qwen3_0.6b#paper_align__seed44__2026-09-22_04-52-05 | final_epoch=3.0 final_acc=1.0
2026-09-22 05:08:11,238 INFO [rw_gen_positioning_type|paper_align|Qwen3-0.6B] Validation metrics: {'samples': 94, 'score_sets': [0, 1], 'accuracy': 1.0, 'macro_f1': 1.0, 'format_valid_rate': 1.0, 'invalid_outputs': 0, 'confusion_matrix': {'0': {'0': 63, '1': 0, 'invalid': 0}, '1': {'0': 0, '1': 31, 'invalid': 0}}, 'per_class': {'0': {'precision': 1.0, 'recall': 1.0, 'f1': 1.0, 'support': 63}, '1': {'precision': 1.0, 'recall': 1.0, 'f1': 1.0, 'support': 31}}, 'tokens': {'samples': 94, 'avg_output_tokens': 7.0, 'avg_reasoning_tokens': 0.0, 'total_output_tokens': 658, 'total_reasoning_tokens': 0}}
