{
  "exp_name": "rw_gen_coherence_glm-5.2_lora_ckpt408",
  "backend": "vllm-merged",
  "model_name": "/data01/public/yangxin/small-paper/model/Qwen3-4B",
  "adapter": "/data01/public/yangxin/small-paper/train_outputs/rw_gen_coherence/rw_gen_coherence#qwen3_4b#distill_glm-5.2__seed42__20260720T131544Z/checkpoints/checkpoint-408",
  "merged_model": "/data01/public/yangxin/small-paper/eval_data/.merged_models/37c3358107b60e53",
  "dataset_file": "/data01/public/yangxin/small-paper/test_data/prompted_rw_gen_coherence_data.json",
  "seed": 42,
  "rollout": 1,
  "temp": 0.0,
  "top_p": 1.0,
  "max_model_len": 8192,
  "max_tokens": 512,
  "batch_size": 64,
  "gpu_memory_utilization": 0.9,
  "enable_thinking": false,
  "finished_at_utc": "2026-07-21T09:01:13.719514+00:00",
  "aggregate": {
    "samples": 1048,
    "accuracy": 0.6354961832061069,
    "macro_f1": 0.6458305102609272,
    "format_valid_rate": 0.9675572519083969,
    "per_class": {
      "0": {
        "precision": 0.6545801526717557,
        "recall": 0.6545801526717557,
        "f1": 0.6545801526717557,
        "support": 524
      },
      "1": {
        "precision": 0.6591836734693878,
        "recall": 0.6164122137404581,
        "f1": 0.6370808678500987,
        "support": 524
      }
    }
  },
  "rollouts": [
    {
      "samples": 1048,
      "accuracy": 0.6354961832061069,
      "macro_f1": 0.6458305102609272,
      "format_valid_rate": 0.9675572519083969,
      "per_class": {
        "0": {
          "precision": 0.6545801526717557,
          "recall": 0.6545801526717557,
          "f1": 0.6545801526717557,
          "support": 524
        },
        "1": {
          "precision": 0.6591836734693878,
          "recall": 0.6164122137404581,
          "f1": 0.6370808678500987,
          "support": 524
        }
      },
      "elapsed_sec": 230.349,
      "samples_per_sec": 4.55
    }
  ]
}
